admission_id,patient_id,hospital_id,doctor_id,department_id,admission_date,discharge_date,length_of_stay,admission_type,room_number,discharge_disposition
ADM_00001,P_03276,HOSP_003,DOC_006,DEPT_018,2025-01-16,2025-01-22,6,Emergency,217,Home
ADM_00002,P_00570,HOSP_001,DOC_023,DEPT_007,2024-09-09,2024-09-13,4,emergency,421,Home
ADM_00003,P_01868,HOSP_001,DOC_004,DEPT_005,2024-12-26,2024-12-30,4,Emergency,123,Home
ADM_00004,P_02644,HOSP_002,DOC_030,DEPT_014,04/12/2025,2025-04-16,4,Urgent,415,Home
ADM_00005,P_02021,HOSP_004,DOC_009,DEPT_030,2024-05-10,2024-05-20,10,Urgent,580,Home
ADM_00006,P_00501,HOSP_003,DOC_010,DEPT_021,2024-11-08,2024/11/15 00:00:00,7,Emergency,195,Home
ADM_00007,P_02938,HOSP_005,DOC_003,DEPT_036,2024-06-18,2024-06-21,3,Elective,573,Home
ADM_00008,P_03289,HOSP_005,DOC_002,DEPT_035,2024-12-27,2025-01-02,6,Urgent,585,Rehabilitation
ADM_00009,P_02114,HOSP_003,DOC_026,DEPT_020,2024-01-09,2024-01-14,5,Urgent,382,Home
ADM_00010,P_00118,HOSP_002,DOC_012,DEPT_014,2025-02-09,2025-02-10,1,Urgent,106,Home
ADM_00011,P_01715,HOSP_001,DOC_023,DEPT_007,2025-03-09,2025-03-11,2,Emergency,330,Home
ADM_00012,P_03296,HOSP_003,DOC_026,DEPT_020,2024-12-20,2024-12-25,5,Urgent,121,Hospice
ADM_00013,P_02941,HOSP_004,DOC_038,DEPT_031,2024-01-12,2024-01-21,9,Emergency,357,Home
ADM_00014,P_02985,HOSP_004,DOC_038,DEPT_031,2024-09-15,2024-09-19,4,Emergency,452,Home
ADM_00015,P_01064,HOSP_002,DOC_014,DEPT_009,2024-01-19,01/22/2024,3,Emergency,421,Home
ADM_00016,P_03445,HOSP_001,DOC_023,DEPT_007,2024-08-08,2024-08-13,5,Urgent,386,Home
ADM_00017,P_02016,HOSP_001,DOC_034,DEPT_005,2024-09-17,2024-09-20,3,Urgent,550,Home
ADM_00018,P_01561,HOSP_001,DOC_023,DEPT_007,2024-08-05,2024-08-09,4,Elective,414,Rehabilitation
ADM_00019,P_01561,HOSP_001,DOC_023,DEPT_007,2024-08-19,2024-08-25,6,Emergency,137,Home
ADM_00020,P_00844,HOSP_004,DOC_025,DEPT_032,2024-12-03,2024-12-05,2,URGENT,165,Home
ADM_00021,P_00566,HOSP_004,DOC_038,DEPT_031,2024-01-12,2024-01-19,7,Urgent,509,Deceased
ADM_00022,P_02978,HOSP_004,DOC_013,DEPT_026,2024-10-11,2024-10-13,2,Emergency,346,Rehabilitation
ADM_00023,P_03403,HOSP_004,DOC_038,DEPT_031,21-05-2024,2024-05-23,2,Elective,551,home
ADM_00024,P_03403,HOSP_004,DOC_038,DEPT_031,2024-06-13,2024-06-20,7,Emergency,415,Home
ADM_00025,P_00064,HOSP_002,DOC_014,DEPT_009,2024-09-17,2024/09/24 00:00:00,7,Emergency,489,Home
ADM_00026,P_02954,HOSP_001,DOC_017,DEPT_008,2025-03-14,2025/03/19 00:00:00,5,Urgent,491,  Home  
ADM_00027,P_01322,HOSP_002,DOC_016,DEPT_009,2024-10-13,2024-10-17,4,Emergency,248,Home
ADM_00028,P_01322,HOSP_002,DOC_016,DEPT_009,2024-11-07,2024-11-12,5,Emergency,464,Home
ADM_00029,P_03087,HOSP_001,DOC_008,DEPT_005,2024-05-12,2024-05-15,3,Elective,124,Home
ADM_00030,P_00956,HOSP_001,DOC_020,DEPT_008,2024-08-13,2024-08-21,8,Emergency,,HOME
ADM_00031,P_00381,HOSP_005,DOC_027,DEPT_037,2024-08-30,2024-09-04,5,Emergency,388,Home
ADM_00032,P_00381,HOSP_005,DOC_027,DEPT_037,2024-09-14,2024-09-19,5,Emergency,164,Home
ADM_00033,P_02694,HOSP_003,DOC_026,DEPT_020,2024-09-09,2024-09-12,3,Emergency,542,Home
ADM_00034,P_02092,HOSP_001,DOC_034,DEPT_005,2024-07-25,2024-07-31,6,Urgent,494,Home
ADM_00035,P_02092,HOSP_001,DOC_034,DEPT_005,2024-08-28,09/07/2024,10,Emergency,269,Home
ADM_00036,P_01557,HOSP_003,DOC_010,DEPT_021,2024-10-30,2024-11-06,7,Urgent,439,Home
ADM_00037,P_02714,HOSP_001,DOC_035,DEPT_003,2024-12-05,2024-12-08,3,Emergency,369,Rehabilitation
ADM_00038,P_00675,HOSP_001,DOC_035,DEPT_003,2025-04-06,2025-04-10,4,Emergency,369,Transferred
ADM_00039,P_00895,HOSP_003,DOC_010,DEPT_021,2024-05-05,2024-05-08,3,Emergency,559,Home
ADM_00040,P_02089,HOSP_001,DOC_033,DEPT_002,2024-06-24,2024-06-28,4,Emergency,448,Home
ADM_00041,P_03408,HOSP_001,DOC_028,DEPT_005,2024-09-05,2024-09-12,7,Urgent,357,Home
ADM_00042,P_00076,HOSP_004,DOC_040,DEPT_027,2025-04-30,2025-05-09,9,Emergency,382,Home
ADM_00043,P_00897,HOSP_003,DOC_031,DEPT_024,2025-05-13,2025-05-18,5,Emergency,266,Home
ADM_00044,P_03404,HOSP_005,DOC_037,DEPT_035,2024-08-31,2024/09/03 00:00:00,3,  Emergency  ,,Home
ADM_00045,P_02606,HOSP_004,DOC_013,DEPT_026,2024-02-11,2024-02-15,4,Urgent,276,HOME
ADM_00046,P_02801,HOSP_001,DOC_022,DEPT_001,2024/11/03 00:00:00,2024-11-13,10,Elective,458,Rehabilitation
ADM_00047,P_02551,HOSP_002,DOC_032,DEPT_016,2024-05-20,2024-05-25,5,Elective,241,Home
ADM_00048,P_02551,HOSP_002,DOC_032,DEPT_016,2024-06-18,2024-06-23,5,Emergency,132,Home
ADM_00049,P_02891,HOSP_005,DOC_019,DEPT_039,2025-05-12,2025-05-16,4,Elective,575,Home
ADM_00050,P_02891,HOSP_005,DOC_019,DEPT_039,2025-06-02,2025-06-09,7,Emergency,265,Home
ADM_00051,P_03116,HOSP_001,DOC_008,DEPT_005,2025-03-05,03/08/2025,3,Elective,415,Home
ADM_00052,P_03116,HOSP_001,DOC_008,DEPT_005,2025-03-24,2025-03-29,5,Emergency,231,home
ADM_00053,P_01371,HOSP_005,DOC_015,DEPT_038,05/17/2024,2024-05-24,7,Elective,262,HOME
ADM_00054,P_00295,HOSP_001,DOC_023,DEPT_007,2025-02-02,2025-02-07,5,  Elective  ,157,home
ADM_00055,P_00295,HOSP_001,DOC_023,DEPT_007,2025-02-24,2025-03-03,7,Emergency,371,Home
ADM_00056,P_02453,HOSP_001,DOC_028,DEPT_005,2024-05-01,2024-05-08,7,Urgent,514,HOME
ADM_00057,P_00205,HOSP_005,DOC_037,DEPT_035,2025-05-04,2025-05-07,3,Emergency,518,Home
ADM_00058,P_00753,HOSP_001,DOC_004,DEPT_005,2025-03-03,2025-03-07,4,Emergency,528,Transferred
ADM_00059,P_00753,HOSP_001,DOC_004,DEPT_005,2025-04-03,2025-04-10,7,Emergency,477,  Home  
ADM_00060,P_01341,HOSP_005,DOC_037,DEPT_035,2024-08-31,2024-09-05,5,Elective,572,Home
ADM_00061,P_01341,HOSP_005,DOC_037,DEPT_035,2024-09-12,2024-09-15,3,Emergency,368,Home
ADM_00062,P_01151,HOSP_001,DOC_035,DEPT_003,09-02-2025,2025-02-13,4,ELECTIVE,439,Home
ADM_00063,P_02459,HOSP_003,DOC_011,DEPT_021,2024-09-02,2024-09-06,4,Emergency,390,Home
ADM_00064,P_02575,HOSP_001,DOC_034,DEPT_005,2025-01-27,2025-02-02,6,Emergency,125,Home
ADM_00065,P_00340,HOSP_001,DOC_033,DEPT_002,2025-05-12,2025-05-17,5,Emergency,,Home
ADM_00066,P_00806,HOSP_001,DOC_020,DEPT_008,10-10-2024,2024-10-14,4,EMERGENCY,270,Transferred
ADM_00067,P_01797,HOSP_002,DOC_016,DEPT_009,2024-07-10,2024-07-11,1,Elective,304,Home
ADM_00068,P_03060,HOSP_002,DOC_032,DEPT_016,2024-02-23,2024-02-27,4,Urgent,239,Home
ADM_00069,P_01708,HOSP_005,DOC_002,DEPT_035,2024-06-25,2024-06-30,5,Emergency,301,Home
ADM_00070,P_01708,HOSP_005,DOC_002,DEPT_035,2024-07-16,2024-08-03,18,Emergency,348,Home
ADM_00071,P_01095,HOSP_003,DOC_026,DEPT_020,2024-11-20,2024-11-24,4,Elective,124,Home
ADM_00072,P_02577,HOSP_001,DOC_022,DEPT_001,2025-01-18,2025/01/23 00:00:00,5,Emergency,536,Rehabilitation
ADM_00073,P_03250,HOSP_001,DOC_020,DEPT_008,2024-11-15,2024-11-23,8,Elective,453,Home
ADM_00074,P_00628,HOSP_001,DOC_034,DEPT_005,2025-02-24,2025-03-03,7,Urgent,478,Home
ADM_00075,P_02567,HOSP_003,DOC_010,DEPT_021,2025-02-15,2025-02-24,9,Elective,187,Home
ADM_00076,P_00351,HOSP_001,DOC_023,DEPT_007,2025-05-11,2025-05-13,2,Emergency,501,Rehabilitation
ADM_00077,P_02659,HOSP_002,DOC_014,DEPT_009,2024-10-12,2024-10-15,3,Emergency,354,Home
ADM_00078,P_01860,HOSP_001,DOC_022,DEPT_001,2025-03-23,2025-03-26,3,Emergency,568,Home
ADM_00079,P_00651,HOSP_004,DOC_025,DEPT_032,2024-04-03,2024-04-05,2,Emergency,410,Home
ADM_00080,P_01519,HOSP_003,DOC_026,DEPT_020,2024-09-01,2024-09-06,5,Elective,,Home
ADM_00081,P_01519,HOSP_003,DOC_026,DEPT_020,2024-09-23,2024/09/27 00:00:00,4,Emergency,387,Home
ADM_00082,P_02497,HOSP_005,DOC_002,DEPT_035,2025-03-01,2025-03-11,10,Elective,441,Home
ADM_00083,P_03201,HOSP_005,DOC_037,DEPT_035,2024-12-22,2024-12-25,3,Elective,358,Home
ADM_00084,P_00265,HOSP_002,DOC_030,DEPT_014,2024-09-04,2024-09-08,4,Emergency,393,Home
ADM_00085,P_02776,HOSP_005,DOC_018,DEPT_039,2024-06-02,2024-06-09,7,Emergency,499,Home
ADM_00086,P_00677,HOSP_001,DOC_022,DEPT_001,2024-04-15,2024-04-17,2,Elective,241,Home
ADM_00087,P_02540,HOSP_001,DOC_035,DEPT_003,2024-04-01,2024-04-03,2,Elective,225,Home
ADM_00088,P_02540,HOSP_001,DOC_035,DEPT_003,2024-04-26,2024-05-03,7,EMERGENCY,272,Home
ADM_00089,P_02716,HOSP_005,DOC_037,DEPT_035,2024-08-31,2024-09-05,5,Emergency,279,Home
ADM_00090,P_01554,HOSP_003,DOC_021,DEPT_019,2024-10-25,2024-11-01,-7,Urgent,285,Home
ADM_00091,P_01336,HOSP_001,DOC_020,DEPT_008,2025-01-06,2025-01-12,6,Elective,,home
ADM_00092,P_00862,HOSP_001,DOC_020,DEPT_008,2024-04-23,2024-04-28,5,Urgent,341,Home
ADM_00093,P_02693,HOSP_002,DOC_032,DEPT_016,2024-02-22,2024-02-25,3,Emergency,388,Home
ADM_00094,P_00716,HOSP_003,DOC_010,DEPT_021,2025-01-06,2025-01-11,5,Emergency,493,Home
ADM_00095,P_00716,HOSP_003,DOC_010,DEPT_021,2025-01-15,2025-01-22,7,Emergency,349,Home
ADM_00096,P_01659,HOSP_002,DOC_016,DEPT_009,2024-06-01,2024-06-04,3,Urgent,284,Home
ADM_00097,P_01659,HOSP_002,DOC_016,DEPT_009,2024/06/21 00:00:00,2024-07-06,15,Emergency,163,Home
ADM_00098,P_00209,HOSP_001,DOC_004,DEPT_005,2024-02-26,2024-03-03,6,Emergency,229,Home
ADM_00099,P_01894,HOSP_002,DOC_030,DEPT_014,2025-03-15,03/18/2025,3,Emergency,592,Home
ADM_00100,P_01077,HOSP_002,DOC_016,DEPT_009,2024-12-05,2024-12-12,7,Emergency,234,Rehabilitation
ADM_00101,P_02844,HOSP_001,DOC_035,DEPT_003,2024-09-04,2024-09-11,7,Emergency,287,Home
ADM_00102,P_02844,HOSP_001,DOC_035,DEPT_003,2024-09-30,2024-10-08,8,Emergency,272,Home
ADM_00103,P_01644,HOSP_001,DOC_017,DEPT_008,2024-02-23,2024-02-27,4,Emergency,594,UNKNOWN_VAL
ADM_00104,P_02996,HOSP_002,DOC_032,DEPT_016,2024-06-07,2024/06/10 00:00:00,3,Emergency,,Home
ADM_00105,P_02658,HOSP_003,DOC_024,DEPT_024,2024-08-27,2024-08-31,4,Emergency,177,Home
ADM_00106,P_00974,HOSP_003,DOC_010,DEPT_021,2024-10-01,2024-10-06,5,Emergency,382,Home
ADM_00107,P_00073,HOSP_004,DOC_038,DEPT_031,2025-02-06,2025-02-11,5,Urgent,482,Home
ADM_00108,P_02449,HOSP_001,DOC_020,DEPT_008,2025-03-02,2025-03-11,9,  Elective  ,150,Rehabilitation
ADM_00109,P_01649,HOSP_005,DOC_003,DEPT_036,2024-03-20,2024-03-26,6,Elective,495,Rehabilitation
ADM_00110,P_01076,HOSP_001,DOC_008,DEPT_005,2025-02-01,2025-02-04,3,Emergency,209,Home
ADM_00111,P_02684,HOSP_001,DOC_020,DEPT_008,2024-08-15,2024-08-17,2,Emergency,152,Home
ADM_00112,P_01031,HOSP_003,DOC_026,DEPT_020,2025-02-17,2025-02-23,6,Elective,424,hospice
ADM_00113,P_02935,HOSP_003,DOC_007,DEPT_024,2024-05-10,2024-05-14,4,Elective,402,Home
ADM_00114,P_02004,HOSP_002,DOC_016,DEPT_009,2025-05-13,2025-05-20,7,Emergency,465,Home
ADM_00115,P_01309,HOSP_005,DOC_037,DEPT_035,2024-06-23,2024-06-29,6,Urgent,210,Home
ADM_00116,P_02046,HOSP_005,DOC_019,DEPT_039,2024-07-09,2024-07-13,4,Elective,,Home
ADM_00117,P_01891,HOSP_005,DOC_002,DEPT_035,2024-04-07,2024-04-10,3,Elective,109,Home
ADM_00118,P_01891,HOSP_005,DOC_002,DEPT_035,2024-04-24,2024-04-27,3,Emergency,415,Home
ADM_00119,P_02777,HOSP_005,DOC_002,DEPT_035,2024-12-03,2024-12-08,5,URGENT,324,Transferred
ADM_00120,P_03071,HOSP_005,DOC_003,DEPT_036,2025-04-26,2025-04-28,2,Emergency,430,Home
ADM_00121,P_01105,HOSP_005,DOC_037,DEPT_035,2024-01-18,01/21/2024,3,Elective,405,Home
ADM_00122,P_00730,HOSP_001,DOC_034,DEPT_005,2024-06-09,2024-06-14,5,Emergency,562,Home
ADM_00123,P_02883,HOSP_003,DOC_010,DEPT_021,2024-02-26,2024-03-02,5,Elective,514,HOME
ADM_00124,P_03198,HOSP_002,DOC_016,DEPT_009,2024-12-06,2024-12-08,2,Elective,399,Transferred
ADM_00125,P_03198,HOSP_002,DOC_016,DEPT_009,2024-12-23,2025-01-02,10,Emergency,446,Home
ADM_00126,P_01024,HOSP_001,DOC_023,DEPT_007,2024-04-11,2024-04-19,8,Elective,222,Home
ADM_00127,P_01508,HOSP_001,DOC_023,DEPT_007,2024-12-26,2025-01-01,6,Elective,350,Home
ADM_00128,P_01508,HOSP_001,DOC_023,DEPT_007,2025/01/08 00:00:00,2025-01-16,8,Emergency,168,Home
ADM_00129,P_02188,HOSP_001,DOC_035,DEPT_003,2024-04-19,2024-04-25,6,Emergency,209,UNKNOWN_VAL
ADM_00130,P_00945,HOSP_001,DOC_023,DEPT_007,2025-02-23,2025-03-02,7,Emergency,103,  Home  
ADM_00131,P_00945,HOSP_001,DOC_023,DEPT_007,2025-03-11,2025-03-20,9,Emergency,124,Home
ADM_00132,P_02473,HOSP_002,DOC_030,DEPT_014,2025-04-11,2025-04-14,3,Urgent,425,Home
ADM_00133,P_01269,HOSP_004,DOC_040,DEPT_027,2024-04-26,2024-04-30,4,Emergency,572,Transferred
ADM_00134,P_00922,HOSP_003,DOC_021,DEPT_019,2024-09-02,2024-09-15,13,Elective,311,Home
ADM_00135,P_01809,HOSP_001,DOC_005,DEPT_006,2025-05-01,2025-05-02,1,Elective,111,Home
ADM_00136,P_00803,HOSP_003,DOC_001,DEPT_023,2024-12-06,2024-12-09,3,  Emergency  ,469,Home
ADM_00137,P_00803,HOSP_003,DOC_001,DEPT_023,2024-12-23,2025-01-02,10,Emergency,496,Home
ADM_00138,P_02576,HOSP_001,DOC_028,DEPT_005,2025-03-07,2025-03-10,3,Emergency,299,Transferred
ADM_00139,P_02104,HOSP_002,DOC_012,DEPT_014,2025-05-13,2025-05-19,6,Urgent,442,Home
ADM_00140,P_01701,HOSP_002,DOC_016,DEPT_009,2025-04-04,2025-04-09,5,Elective,584,Transferred
ADM_00141,P_01084,HOSP_001,DOC_005,DEPT_006,2024-03-13,2024-03-16,3,Urgent,367,Transferred
ADM_00142,P_01599,HOSP_001,DOC_028,DEPT_005,2025-04-25,2025-04-26,1,Elective,164,Home
ADM_00143,P_02754,HOSP_004,DOC_009,DEPT_030,2025-05-04,2025-05-09,5,Emergency,138,Transferred
ADM_00144,P_02754,HOSP_004,DOC_009,DEPT_030,2025-06-02,2025-06-06,4,emergency,185,Home
ADM_00145,P_01321,HOSP_003,DOC_011,DEPT_021,2025-02-16,02/20/2025,4,Emergency,399,Rehabilitation
ADM_00146,P_02004,HOSP_001,DOC_035,DEPT_003,2024-10-17,10/23/2024,6,Urgent,270,Home
ADM_00147,P_03318,HOSP_004,DOC_040,DEPT_027,2025-03-18,2025-03-25,7,Emergency,488,Hospice
ADM_00148,P_01305,HOSP_005,DOC_029,DEPT_036,2025-05-08,2025-05-11,3,Emergency,293,Home
ADM_00149,P_01525,HOSP_002,DOC_014,DEPT_009,2024-04-02,2024/04/05 00:00:00,3,Emergency,243,Transferred
ADM_00150,P_01174,HOSP_001,DOC_005,DEPT_006,2024-02-26,2024-02-28,2,Elective,452,Transferred
ADM_00151,P_02181,HOSP_001,DOC_022,DEPT_001,2024-02-13,2024-02-20,7,Emergency,196,Rehabilitation
ADM_00152,P_02094,HOSP_005,DOC_002,DEPT_035,2024-12-17,2024-12-29,12,Emergency,382,Home
ADM_00153,P_02636,HOSP_001,DOC_035,DEPT_003,02/21/2024,2024-02-29,8,ELECTIVE,528,Home
ADM_00154,P_01757,HOSP_001,DOC_033,DEPT_002,2024-06-03,2024-06-11,8,Elective,559,Home
ADM_00155,P_01145,HOSP_002,DOC_032,DEPT_016,2025-04-25,2025-04-28,3,Emergency,168,Home
ADM_00156,P_00680,HOSP_005,DOC_002,DEPT_035,2025-04-29,2025-05-05,6,Emergency,224,Home
ADM_00157,P_00813,HOSP_002,DOC_016,DEPT_009,2024-06-14,2024-06-21,7,Emergency,149,Home
ADM_00158,P_00456,HOSP_002,DOC_012,DEPT_014,2024-08-14,2024-08-15,1,Emergency,299,Home
ADM_00159,P_00047,HOSP_004,DOC_013,DEPT_026,2024-01-01,2024-01-03,2,Elective,302,rehabilitation
ADM_00160,P_01193,HOSP_002,DOC_030,DEPT_014,09-04-2025,2025-04-19,10,Elective,105,Home
ADM_00161,P_01728,HOSP_003,DOC_031,DEPT_024,2024-08-10,2024-08-12,2,Emergency,497,Home
ADM_00162,P_01728,HOSP_003,DOC_031,DEPT_024,2024/08/19 00:00:00,2024-08-31,12,Emergency,479,Home
ADM_00163,P_02473,HOSP_003,DOC_024,DEPT_024,2024-01-02,2024-01-04,2,Elective,452,Home
ADM_00164,P_03434,HOSP_001,DOC_005,DEPT_006,2024-11-21,2024-11-24,3,Emergency,355,Hospice
ADM_00165,P_00604,HOSP_005,DOC_003,DEPT_036,2024-05-24,2024-05-30,6,Elective,302,Transferred
ADM_00166,P_00604,HOSP_005,DOC_003,DEPT_036,2024-06-23,2024-06-29,6,Emergency,253,Home
ADM_00167,P_00422,HOSP_001,DOC_033,DEPT_002,2024-07-18,2024/07/22 00:00:00,4,Urgent,215,Home
ADM_00168,P_02750,HOSP_003,DOC_011,DEPT_021,2024-07-17,2024-07-27,10,Urgent,507,Home
ADM_00169,P_02750,HOSP_003,DOC_011,DEPT_021,2024-08-18,2024-08-21,3,Emergency,319,Home
ADM_00170,P_01914,HOSP_001,DOC_020,DEPT_008,2024-02-25,2024-02-29,4,Elective,118,Home
ADM_00171,P_01914,HOSP_001,DOC_020,DEPT_008,2024-03-24,2024-04-01,8,Emergency,485,Home
ADM_00172,P_00945,HOSP_001,DOC_039,DEPT_007,2024-12-15,2024-12-20,5,Emergency,228,Transferred
ADM_00173,P_02332,HOSP_005,DOC_003,DEPT_036,2025-05-09,2025-05-12,3,Elective,349,Home
ADM_00174,P_02332,HOSP_005,DOC_003,DEPT_036,2025-05-22,2025-05-27,-5,Emergency,252,HOME
ADM_00175,P_00536,HOSP_001,DOC_022,DEPT_001,2025-02-20,2025-02-27,7,Elective,592,Home
ADM_00176,P_02442,HOSP_005,DOC_029,DEPT_036,2024-12-15,2024-12-22,7,Emergency,477,Home
ADM_00177,P_01531,HOSP_002,DOC_036,DEPT_016,2024-10-20,2024-10-25,5,Emergency,378,Home
ADM_00178,P_00583,HOSP_004,DOC_038,DEPT_031,2024-07-19,2024-07-22,3,Elective,241,Home
ADM_00179,P_00718,HOSP_001,DOC_008,DEPT_005,2025-05-06,2025-05-09,3,Emergency,406,Home
ADM_00180,P_01020,HOSP_003,DOC_026,DEPT_020,08-01-2025,2025-01-12,4,  Emergency  ,587,Rehabilitation
ADM_00181,P_00704,HOSP_003,DOC_026,DEPT_020,2025/02/11 00:00:00,2025-02-16,5,Emergency,316,Home
ADM_00182,P_02341,HOSP_005,DOC_002,DEPT_035,2024-10-08,2024-10-14,6,Elective,505,Home
ADM_00183,P_01132,HOSP_001,DOC_033,DEPT_002,2024-01-06,2024-01-10,4,Emergency,408,Transferred
ADM_00184,P_01132,HOSP_001,DOC_033,DEPT_002,2024-02-06,2024-02-15,9,Emergency,288,Home
ADM_00185,P_02234,HOSP_005,DOC_015,DEPT_038,2025-01-22,2025-01-29,7,  Elective  ,449,Home
ADM_00186,P_03438,HOSP_004,DOC_040,DEPT_027,2024-11-23,2024-12-02,9,Emergency,329,Home
ADM_00187,P_00981,HOSP_003,DOC_021,DEPT_019,2025-03-11,2025-03-16,5,emergency,,Home
ADM_00188,P_00981,HOSP_003,DOC_021,DEPT_019,2025-04-06,2025-04-13,7,Emergency,211,Home
ADM_00189,P_03161,HOSP_001,DOC_023,DEPT_007,2024-03-03,2024-03-07,4,Emergency,141,Home
ADM_00190,P_03161,HOSP_001,DOC_023,DEPT_007,2024-04-04,2024-04-08,4,Emergency,491,Home
ADM_00191,P_00363,HOSP_003,DOC_010,DEPT_021,2025-04-11,2025-04-23,12,Elective,392,Home
ADM_00192,P_01354,HOSP_003,DOC_024,DEPT_024,2024-09-19,2024/09/27 00:00:00,8,Urgent,346,Home
ADM_00193,P_01354,HOSP_003,DOC_024,DEPT_024,2024-09-30,2024-10-09,9,Emergency,577,Home
ADM_00194,P_00904,HOSP_001,DOC_022,DEPT_001,2025-02-17,2025-02-21,4,Elective,151,Home
ADM_00195,P_02019,HOSP_002,DOC_032,DEPT_016,2024-02-11,2024-02-14,3,Urgent,198,Home
ADM_00196,P_00134,HOSP_001,DOC_023,DEPT_007,2024-07-29,2024-08-05,7,Elective,557,Rehabilitation
ADM_00197,P_02348,HOSP_001,DOC_020,DEPT_008,2024-02-07,2024-02-11,4,Emergency,457,Rehabilitation
ADM_00198,P_01565,HOSP_003,DOC_001,DEPT_023,2024-06-17,2024-06-23,6,Emergency,376,Home
ADM_00199,P_03315,HOSP_005,DOC_015,DEPT_038,2025-01-24,2025-01-27,3,Elective,264,Home
ADM_00200,P_00856,HOSP_002,DOC_016,DEPT_009,2024-08-17,2024-08-22,5,Emergency,487,Home
ADM_00201,P_02283,HOSP_002,DOC_030,DEPT_014,2025-01-26,2025-01-29,3,Urgent,543,Home
ADM_00202,P_02733,HOSP_001,DOC_028,DEPT_005,2025-03-15,2025-03-18,3,Emergency,214,Home
ADM_00203,P_01271,HOSP_003,DOC_021,DEPT_019,2025-04-27,2025-05-02,5,Urgent,576,TRANSFERRED
ADM_00204,P_01271,HOSP_003,DOC_021,DEPT_019,2025-05-27,2025-05-30,3,Emergency,332,Home
ADM_00205,P_02771,HOSP_005,DOC_015,DEPT_038,2025-03-07,2025-03-09,2,Emergency,489,Transferred
ADM_00206,P_00969,HOSP_005,DOC_003,DEPT_036,2024-04-26,2024-04-29,3,Emergency,505,Home
ADM_00207,P_01722,HOSP_005,DOC_029,DEPT_036,06/19/2024,2024-06-23,4,urgent,558,Deceased
ADM_00208,P_01082,HOSP_001,DOC_022,DEPT_001,2024-02-29,2024-03-07,7,Elective,243,HOME
ADM_00209,P_02185,HOSP_005,DOC_003,DEPT_036,2024-10-27,2024-10-31,4,Emergency,324,Rehabilitation
ADM_00210,P_02972,HOSP_002,DOC_014,DEPT_009,2025/03/07 00:00:00,2025-03-11,4,Emergency,276,Home
ADM_00211,P_01586,HOSP_005,DOC_002,DEPT_035,2025-03-14,2025-03-18,4,Emergency,347,Home
ADM_00212,P_00211,HOSP_002,DOC_030,DEPT_014,2024-10-31,2024-11-05,5,Elective,580,Home
ADM_00213,P_00211,HOSP_002,DOC_030,DEPT_014,2024-11-26,2024-11-30,4,Emergency,467,Home
ADM_00214,P_01225,HOSP_003,DOC_031,DEPT_024,30-07-2024,2024-08-03,4,Urgent,126,Home
ADM_00215,P_01983,HOSP_005,DOC_037,DEPT_035,2024-08-30,2024-09-05,6,Emergency,285,Rehabilitation
ADM_00216,P_01188,HOSP_001,DOC_023,DEPT_007,2024-08-02,08/07/2024,5,Emergency,389,Home
ADM_00217,P_03237,HOSP_002,DOC_030,DEPT_014,2024-03-18,2024-03-23,5,Emergency,207,Home
ADM_00218,P_03237,HOSP_002,DOC_030,DEPT_014,2024-04-05,2024-04-11,6,Emergency,237,Home
ADM_00219,P_02787,HOSP_005,DOC_002,DEPT_035,2025-01-23,2025-01-29,6,Emergency,359,Home
ADM_00220,P_02787,HOSP_005,DOC_002,DEPT_035,2025-02-22,2025-03-10,16,Emergency,294,Home
ADM_00221,P_02165,HOSP_001,DOC_023,DEPT_007,2025-01-14,2025-01-17,3,Emergency,294,Transferred
ADM_00222,P_02964,HOSP_004,DOC_038,DEPT_031,2025-01-08,2025-01-21,13,Elective,588,Rehabilitation
ADM_00223,P_02663,HOSP_005,DOC_027,DEPT_037,2024-02-04,2024-02-07,3,Emergency,309,  Home  
ADM_00224,P_01952,HOSP_005,DOC_003,DEPT_036,2024-11-15,2024-11-16,1,Elective,325,Home
ADM_00225,P_01869,HOSP_005,DOC_029,DEPT_036,2024-11-01,2024-11-04,3,  Emergency  ,434,Home
ADM_00226,P_00841,HOSP_005,DOC_037,DEPT_035,2024-10-16,2024-10-21,5,Urgent,292,Home
ADM_00227,P_00913,HOSP_002,DOC_032,DEPT_016,2024-08-27,2024-09-07,11,Elective,513,Rehabilitation
ADM_00228,P_03109,HOSP_005,DOC_029,DEPT_036,2024-02-05,08-02-2024,3,elective,584,Home
ADM_00229,P_03109,HOSP_005,DOC_029,DEPT_036,2024-02-18,2024-02-26,8,Emergency,283,Home
ADM_00230,P_00505,HOSP_004,DOC_009,DEPT_030,2024-10-10,2024-10-12,2,Elective,438,Home
ADM_00231,P_03249,HOSP_005,DOC_003,DEPT_036,2024-07-27,2024-08-07,11,Elective,569,Rehabilitation
ADM_00232,P_03249,HOSP_005,DOC_003,DEPT_036,2024-08-16,2024-08-27,11,Emergency,183,Home
ADM_00233,P_00950,HOSP_004,DOC_013,DEPT_026,2024-12-16,2024-12-19,3,Urgent,503,Home
ADM_00234,P_00950,HOSP_004,DOC_013,DEPT_026,2025-01-10,2025-01-22,12,Emergency,401,Home
ADM_00235,P_00942,HOSP_001,DOC_017,DEPT_008,2024-05-23,2024-05-27,4,Emergency,516,Transferred
ADM_00236,P_02902,HOSP_005,DOC_002,DEPT_035,2025-03-03,2025-03-11,8,Urgent,389,Rehabilitation
ADM_00237,P_01060,HOSP_005,DOC_015,DEPT_038,2024-12-14,2024-12-19,5,Urgent,276,  Home  
ADM_00238,P_00782,HOSP_001,DOC_022,DEPT_001,2024-08-12,2024-08-17,5,Elective,498,Home
ADM_00239,P_00576,HOSP_001,DOC_039,DEPT_007,2024-06-05,2024-06-08,3,Emergency,224,Home
ADM_00240,P_01976,HOSP_001,DOC_004,DEPT_005,2024/01/17 00:00:00,2024-01-23,6,Elective,235,Transferred
ADM_00241,P_01040,HOSP_001,DOC_034,DEPT_005,2025-03-29,2025-04-03,5,Urgent,372,  Home  
ADM_00242,P_01040,HOSP_001,DOC_034,DEPT_005,2025-04-16,2025-04-24,8,Emergency,225,Home
ADM_00243,P_00437,HOSP_001,DOC_008,DEPT_005,2025-05-07,2025-05-09,2,Elective,509,Transferred
ADM_00244,P_00437,HOSP_001,DOC_008,DEPT_005,2025-05-12,2025-05-23,11,Emergency,231,Home
ADM_00245,P_00683,HOSP_003,DOC_024,DEPT_024,2024-06-28,2024-07-08,10,Urgent,371,Rehabilitation
ADM_00246,P_03286,HOSP_003,DOC_001,DEPT_023,2024-06-14,2024-06-19,5,Emergency,489,Home
ADM_00247,P_01240,HOSP_004,DOC_009,DEPT_030,2024-07-05,2024-07-17,12,Emergency,385,Home
ADM_00248,P_01738,HOSP_002,DOC_036,DEPT_016,2024-09-28,2024-10-09,11,elective,,HOME
ADM_00249,P_00113,HOSP_002,DOC_012,DEPT_014,2024-01-22,2024-01-28,6,Emergency,166,Home
ADM_00250,P_00113,HOSP_002,DOC_012,DEPT_014,2024-02-07,2024-02-19,12,Emergency,554,Home
ADM_00251,P_00308,HOSP_003,DOC_031,DEPT_024,2024-01-18,2024-01-26,8,Urgent,596,Home
ADM_00252,P_02938,HOSP_003,DOC_021,DEPT_019,2024-10-13,2024-10-15,2,emergency,206,Home
ADM_00253,P_02425,HOSP_005,DOC_037,DEPT_035,2024-12-04,2024-12-08,4,Emergency,389,Transferred
ADM_00254,P_02425,HOSP_005,DOC_037,DEPT_035,2024-12-26,2025-01-04,9,EMERGENCY,181,Home
ADM_00255,P_02128,HOSP_002,DOC_032,DEPT_016,2024-04-13,2024-04-23,10,Urgent,228,Home
ADM_00256,P_03283,HOSP_003,DOC_011,DEPT_021,2025-02-16,2025-02-18,2,Emergency,309,Home
ADM_00257,P_03283,HOSP_003,DOC_011,DEPT_021,2025-03-19,2025-03-21,2,Emergency,157,Home
ADM_00258,P_01942,HOSP_005,DOC_037,DEPT_035,2024-07-19,2024-07-23,4,Emergency,104,Home
ADM_00259,P_00961,HOSP_004,DOC_013,DEPT_026,2025-01-24,2025-01-25,1,Emergency,103,Home
ADM_00260,P_01930,HOSP_003,DOC_001,DEPT_023,2024-01-10,01/14/2024,4,Emergency,191,Home
ADM_00261,P_01930,HOSP_003,DOC_001,DEPT_023,2024-01-26,2024-02-02,7,Emergency,273,Home
ADM_00262,P_02805,HOSP_003,DOC_006,DEPT_018,2024-03-17,2024-03-20,3,Urgent,181,Home
ADM_00263,P_02993,HOSP_003,DOC_001,DEPT_023,2024-02-12,2024-02-16,4,Elective,252,Home
ADM_00264,P_01502,HOSP_005,DOC_018,DEPT_039,2024-02-04,2024-02-11,7,Emergency,417,Home
ADM_00265,P_01502,HOSP_005,DOC_018,DEPT_039,2024-03-07,2024-03-12,5,Emergency,134,home
ADM_00266,P_00228,HOSP_005,DOC_018,DEPT_039,2024-07-26,2024-07-29,3,Emergency,263,Rehabilitation
ADM_00267,P_00074,HOSP_003,DOC_007,DEPT_024,2024-07-01,2024-07-05,4,Emergency,392,Home
ADM_00268,P_01833,HOSP_001,DOC_017,DEPT_008,2024-05-21,2024-05-23,2,Emergency,544,Home
ADM_00269,P_02955,HOSP_003,DOC_026,DEPT_020,2024-01-29,2024-02-10,12,Elective,274,Rehabilitation
ADM_00270,P_01198,HOSP_001,DOC_035,DEPT_003,2025-04-22,2025-04-27,5,Urgent,106,Home
ADM_00271,P_02347,HOSP_003,DOC_024,DEPT_024,2024-09-16,2024-09-19,3,Urgent,221,Home
ADM_00272,P_00886,HOSP_003,DOC_026,DEPT_020,2024-09-30,2024-10-05,5,Elective,125,Home
ADM_00273,P_01064,HOSP_001,DOC_022,DEPT_001,2024-08-16,2024-08-20,4,Urgent,168,Home
ADM_00274,P_01644,HOSP_002,DOC_032,DEPT_016,2024-02-08,2024-02-12,4,EMERGENCY,275,Home
ADM_00275,P_02049,HOSP_003,DOC_007,DEPT_024,2024-11-13,2024-11-16,3,Elective,286,Home
ADM_00276,P_00182,HOSP_003,DOC_007,DEPT_024,2024-10-16,2024-10-19,3,Emergency,533,Home
ADM_00277,P_01980,HOSP_004,DOC_009,DEPT_030,2024-01-15,2024-01-17,2,Elective,392,Home
ADM_00278,P_00536,HOSP_005,DOC_003,DEPT_036,2024-03-02,2024-03-11,9,Urgent,470,Home
ADM_00279,P_02953,HOSP_001,DOC_023,DEPT_007,2024-03-05,2024-03-11,6,Emergency,596,Home
ADM_00280,P_02315,HOSP_005,DOC_029,DEPT_036,2025-03-06,2025-03-11,5,Emergency,431,Home
ADM_00281,P_03486,HOSP_004,DOC_013,DEPT_026,2025-01-21,25-01-2025,4,Elective,182,Home
ADM_00282,P_02431,HOSP_003,DOC_007,DEPT_024,2024-06-24,2024-06-27,3,ELECTIVE,565,REHABILITATION
ADM_00283,P_01524,HOSP_003,DOC_021,DEPT_019,2025-02-19,2025-02-22,3,  Emergency  ,208,Home
ADM_00284,P_03286,HOSP_001,DOC_039,DEPT_007,2024-11-26,2024-11-28,2,Emergency,184,Home
ADM_00285,P_00080,HOSP_002,DOC_030,DEPT_014,2024-06-20,23-06-2024,3,Urgent,456,Home
ADM_00286,P_00454,HOSP_001,DOC_020,DEPT_008,2025-04-13,2025-04-15,2,Emergency,339,Home
ADM_00287,P_02388,HOSP_005,DOC_027,DEPT_037,2024-03-22,2024-04-01,10,Emergency,140,Home
ADM_00288,P_02119,HOSP_001,DOC_035,DEPT_003,2024-05-01,2024-05-08,7,Elective,434,Home
ADM_00289,P_02119,HOSP_001,DOC_035,DEPT_003,2024-06-05,2024-06-11,6,Emergency,568,Home
ADM_00290,P_01925,HOSP_005,DOC_029,DEPT_036,2024-04-30,2024-05-03,3,Elective,462,Home
ADM_00291,P_03234,HOSP_002,DOC_030,DEPT_014,2024-09-02,2024-09-04,2,Emergency,252,Transferred
ADM_00292,P_00784,HOSP_001,DOC_020,DEPT_008,2024-04-11,2024-04-15,4,Elective,255,Home
ADM_00293,P_00784,HOSP_001,DOC_020,DEPT_008,2024-05-02,2024-05-12,10,Emergency,365,Home
ADM_00294,P_02030,HOSP_003,DOC_011,DEPT_021,2024-11-05,2024-11-07,2,Urgent,343,Home
ADM_00295,P_00452,HOSP_001,DOC_022,DEPT_001,2025-04-07,2025-04-13,6,Emergency,257,Home
ADM_00296,P_00913,HOSP_001,DOC_034,DEPT_005,2025-03-19,2025-03-22,3,Elective,180,Home
ADM_00297,P_02513,HOSP_005,DOC_037,DEPT_035,2024-01-25,2024-01-28,3,Elective,575,Home
ADM_00298,P_02188,HOSP_005,DOC_002,DEPT_035,2024-11-24,2024-11-29,5,Emergency,397,HOME
ADM_00299,P_01716,HOSP_001,DOC_004,DEPT_005,2024-11-16,2024-11-19,3,Emergency,246,Home
ADM_00300,P_01716,HOSP_001,DOC_004,DEPT_005,2024-11-24,2024-11-29,5,Emergency,314,Home
ADM_00301,P_02864,HOSP_001,DOC_023,DEPT_007,2024-09-04,2024-09-07,3,Emergency,247,Home
ADM_00302,P_00688,HOSP_003,DOC_026,DEPT_020,2024-07-14,2024-07-17,3,Elective,526,Hospice
ADM_00303,P_00688,HOSP_003,DOC_026,DEPT_020,2024-07-31,2024-08-09,9,Emergency,233,Home
ADM_00304,P_02433,HOSP_003,DOC_010,DEPT_021,2025-04-17,2025-04-22,5,Emergency,406,Home
ADM_00305,P_00946,HOSP_001,DOC_004,DEPT_005,2024-10-31,2024-11-07,7,Elective,237,Home
ADM_00306,P_03401,HOSP_001,DOC_004,DEPT_005,12-04-2025,2025-04-15,3,Emergency,338,Home
ADM_00307,P_03401,HOSP_001,DOC_004,DEPT_005,2025-05-10,2025-05-18,8,Emergency,158,Home
ADM_00308,P_03081,HOSP_002,DOC_030,DEPT_014,2024-04-04,2024-04-06,2,Urgent,566,Home
ADM_00309,P_00270,HOSP_001,DOC_017,DEPT_008,2024-09-08,2024-09-13,5,Urgent,392,HOME
ADM_00310,P_03228,HOSP_003,DOC_001,DEPT_023,2025-03-25,2025-03-31,6,Emergency,236,HOME
ADM_00311,P_00516,HOSP_004,DOC_040,DEPT_027,2025-02-12,2025-02-14,2,Emergency,412,Hospice
ADM_00312,P_00516,HOSP_004,DOC_040,DEPT_027,2025-03-12,2025-03-16,4,Emergency,239,Home
ADM_00313,P_01837,HOSP_001,DOC_020,DEPT_008,2024-03-24,2024-03-29,5,Emergency,224,Home
ADM_00314,P_03417,HOSP_003,DOC_021,DEPT_019,2024-11-11,2024-11-19,8,Emergency,455,Home
ADM_00315,P_01972,HOSP_003,DOC_031,DEPT_024,2025-02-12,2025-02-15,3,Urgent,227,Deceased
ADM_00316,P_02438,HOSP_005,DOC_002,DEPT_035,2025-02-08,2025-02-14,6,Emergency,567,Home
ADM_00317,P_02438,HOSP_005,DOC_002,DEPT_035,2025-02-26,2025-03-10,12,Emergency,338,Home
ADM_00318,P_02985,HOSP_002,DOC_016,DEPT_009,2024-07-25,2024-07-31,6,Emergency,203,Home
ADM_00319,P_00587,HOSP_001,DOC_039,DEPT_007,2024-10-15,2024-10-19,4,Emergency,597,Home
ADM_00320,P_02606,HOSP_001,DOC_004,DEPT_005,2024-08-09,2024-08-14,5,Emergency,134,Home
ADM_00321,P_03444,HOSP_001,DOC_020,DEPT_008,2024/06/03 00:00:00,2024-06-06,3,EMERGENCY,227,Home
ADM_00322,P_03449,HOSP_003,DOC_021,DEPT_019,2024-06-11,2024-06-16,5,Emergency,465,Rehabilitation
ADM_00323,P_01164,HOSP_002,DOC_012,DEPT_014,2024-11-24,2024-11-28,4,Emergency,352,Home
ADM_00324,P_01164,HOSP_002,DOC_012,DEPT_014,2024-12-24,2024-12-31,7,Emergency,461,Home
ADM_00325,P_03072,HOSP_001,DOC_004,DEPT_005,2025-01-11,2025-01-15,4,Emergency,515,Hospice
ADM_00326,P_01097,HOSP_005,DOC_037,DEPT_035,2024-04-25,2024-05-01,6,Elective,218,Home
ADM_00327,P_02802,HOSP_005,DOC_037,DEPT_035,2024-07-23,2024-07-27,4,Elective,537,Home
ADM_00328,P_00869,HOSP_004,DOC_038,DEPT_031,2025-03-18,2025-03-25,7,Emergency,277,Deceased
ADM_00329,P_00715,HOSP_001,DOC_033,DEPT_002,2024-08-28,2024-09-01,4,elective,333,Home
ADM_00330,P_00812,HOSP_002,DOC_016,DEPT_009,2025-02-27,2025-02-28,1,Elective,556,Home
ADM_00331,P_00907,HOSP_002,DOC_016,DEPT_009,2024-01-11,2024-01-14,3,Urgent,274,Home
ADM_00332,P_01019,HOSP_002,DOC_014,DEPT_009,2024-01-26,2024-01-31,5,Emergency,258,Home
ADM_00333,P_01019,HOSP_002,DOC_014,DEPT_009,2024-02-08,2024-02-21,13,Emergency,178,Home
ADM_00334,P_01201,HOSP_003,DOC_031,DEPT_024,2025-04-22,2025-04-29,7,Emergency,375,Home
ADM_00335,P_01534,HOSP_004,DOC_013,DEPT_026,2024-12-31,2025-01-01,1,Urgent,223,Home
ADM_00336,P_01534,HOSP_004,DOC_013,DEPT_026,2025-01-05,2025-01-08,3,Emergency,265,Home
ADM_00337,P_00298,HOSP_003,DOC_026,DEPT_020,2024-01-25,2024-02-02,8,Emergency,267,Transferred
ADM_00338,P_00393,HOSP_005,DOC_002,DEPT_035,2024-09-06,2024-09-12,6,Elective,282,Home
ADM_00339,P_00393,HOSP_005,DOC_002,DEPT_035,2024-09-30,2024-10-17,17,Emergency,127,Home
ADM_00340,P_03294,HOSP_004,DOC_038,DEPT_031,2025-05-04,2025-05-07,3,Urgent,457,Home
ADM_00341,P_00215,HOSP_005,DOC_018,DEPT_039,2024-03-18,2024-03-21,3,Emergency,451,Home
ADM_00342,P_02766,HOSP_001,DOC_020,DEPT_008,2025-04-29,2025-05-04,5,Emergency,140,Home
ADM_00343,P_02766,HOSP_001,DOC_020,DEPT_008,2025-05-12,2025-05-17,5,Emergency,290,Home
ADM_00344,P_03331,HOSP_003,DOC_024,DEPT_024,2025-03-14,2025-03-22,8,Emergency,361,Home
ADM_00345,P_03281,HOSP_005,DOC_003,DEPT_036,2025-04-26,2025-04-29,3,Elective,400,Home
ADM_00346,P_00374,HOSP_002,DOC_016,DEPT_009,2025-02-25,2025-03-01,4,Urgent,276,Hospice
ADM_00347,P_00088,HOSP_001,DOC_023,DEPT_007,2025-01-01,2025-01-04,3,Elective,258,Home
ADM_00348,P_02504,HOSP_001,DOC_017,DEPT_008,2025-04-21,2025-04-28,7,Elective,465,Home
ADM_00349,P_00451,HOSP_001,DOC_022,DEPT_001,2024-12-20,2024-12-23,3,Elective,283,Transferred
ADM_00350,P_02033,HOSP_001,DOC_008,DEPT_005,2025-04-02,2025-04-08,6,Urgent,218,Home
ADM_00351,P_00712,HOSP_001,DOC_033,DEPT_002,2024-11-19,2024-11-30,11,Elective,309,Deceased
ADM_00352,P_01008,HOSP_005,DOC_002,DEPT_035,2025-03-06,2025-03-08,2,Elective,310,Home
ADM_00353,P_01008,HOSP_005,DOC_002,DEPT_035,2025-03-13,2025-03-25,12,Emergency,443,Home
ADM_00354,P_02743,HOSP_001,DOC_035,DEPT_003,2024-12-02,2024-12-07,5,Emergency,321,Rehabilitation
ADM_00355,P_00973,HOSP_003,DOC_021,DEPT_019,2024-03-08,2024-03-10,2,Emergency,334,Transferred
ADM_00356,P_00973,HOSP_003,DOC_021,DEPT_019,2024-03-15,2024-03-22,7,Emergency,260,Home
ADM_00357,P_00171,HOSP_005,DOC_019,DEPT_039,2024-03-19,2024-03-26,7,Emergency,437,Home
ADM_00358,P_01579,HOSP_001,DOC_033,DEPT_002,2025-02-18,2025-02-21,3,Emergency,404,Home
ADM_00359,P_01579,HOSP_001,DOC_033,DEPT_002,2025-02-26,2025-03-06,8,Emergency,256,Home
ADM_00360,P_00778,HOSP_002,DOC_014,DEPT_009,2024-12-20,2024-12-30,10,Urgent,577,Home
ADM_00361,P_00778,HOSP_002,DOC_014,DEPT_009,2025-01-25,2025-01-30,5,Emergency,491,Home
ADM_00362,P_02429,HOSP_005,DOC_003,DEPT_036,2024-02-25,2024-02-28,3,Emergency,491,Rehabilitation
ADM_00363,P_03090,HOSP_005,DOC_027,DEPT_037,2025-01-10,2025-01-14,4,Emergency,210,Home
ADM_00364,P_02458,HOSP_003,DOC_010,DEPT_021,2024-09-05,2024-09-10,5,URGENT,385,Home
ADM_00365,P_02458,HOSP_003,DOC_010,DEPT_021,2024-10-02,2024-10-12,10,Emergency,206,UNKNOWN_VAL
ADM_00366,P_00157,HOSP_005,DOC_018,DEPT_039,2025-02-13,2025-02-17,4,Urgent,158,Home
ADM_00367,P_01581,HOSP_002,DOC_016,DEPT_009,2024-10-11,2024-10-15,4,ELECTIVE,360,Home
ADM_00368,P_01938,HOSP_001,DOC_035,DEPT_003,2025-01-10,2025-01-12,2,Emergency,450,Home
ADM_00369,P_01447,HOSP_005,DOC_027,DEPT_037,2025-04-21,2025-04-23,2,Elective,421,Deceased
ADM_00370,P_00145,HOSP_004,DOC_038,DEPT_031,2024-07-14,2024-07-16,2,Emergency,385,Home
ADM_00371,P_02197,HOSP_003,DOC_011,DEPT_021,2024-07-13,2024-07-15,2,ELECTIVE,106,Home
ADM_00372,P_01963,HOSP_003,DOC_010,DEPT_021,2024-12-31,2025-01-04,4,Elective,470,Transferred
ADM_00373,P_01963,HOSP_003,DOC_010,DEPT_021,2025-01-24,2025-01-27,3,Emergency,157,Home
ADM_00374,P_02758,HOSP_005,DOC_019,DEPT_039,2024-08-17,2024-08-21,4,Emergency,207,Home
ADM_00375,P_01441,HOSP_005,DOC_027,DEPT_037,2024-05-24,2024-06-04,11,Emergency,472,Home
ADM_00376,P_02968,HOSP_005,DOC_002,DEPT_035,2025-05-06,2025-05-14,8,Elective,304,Home
ADM_00377,P_02473,HOSP_005,DOC_029,DEPT_036,2025-05-02,2025-05-06,4,Urgent,,Transferred
ADM_00378,P_02576,HOSP_005,DOC_037,DEPT_035,2024-07-09,2024-07-24,15,Emergency,245,Home
ADM_00379,P_02576,HOSP_005,DOC_037,DEPT_035,2024-08-02,2024-08-08,6,Emergency,310,Home
ADM_00380,P_01891,HOSP_003,DOC_006,DEPT_018,2024-05-13,18-05-2024,5,Emergency,118,Home
ADM_00381,P_01553,HOSP_001,DOC_034,DEPT_005,2024-09-20,2024-09-24,4,elective,135,Home
ADM_00382,P_02299,HOSP_001,DOC_022,DEPT_001,2025-01-25,2025-01-29,4,Elective,317,Home
ADM_00383,P_01247,HOSP_001,DOC_023,DEPT_007,2024-08-08,2024-08-11,3,Emergency,507,Home
ADM_00384,P_01497,HOSP_003,DOC_026,DEPT_020,2024-04-16,2024-04-20,4,Urgent,484,Home
ADM_00385,P_01497,HOSP_003,DOC_026,DEPT_020,2024/04/24 00:00:00,2024-05-07,13,emergency,569,Home
ADM_00386,P_02564,HOSP_005,DOC_029,DEPT_036,2024-04-17,2024-04-25,8,Elective,468,Home
ADM_00387,P_00133,HOSP_004,DOC_009,DEPT_030,2024-06-27,2024-06-28,1,Elective,319,Hospice
ADM_00388,P_00133,HOSP_004,DOC_009,DEPT_030,2024-07-26,2024-07-29,3,Emergency,209,Home
ADM_00389,P_00984,HOSP_003,DOC_031,DEPT_024,26-12-2024,2024-12-29,3,Elective,109,Transferred
ADM_00390,P_00408,HOSP_004,DOC_025,DEPT_032,2024-09-10,2024-09-17,7,Elective,403,home
ADM_00391,P_03207,HOSP_003,DOC_011,DEPT_021,2025-03-05,2025-03-13,8,Emergency,380,Home
ADM_00392,P_01969,HOSP_003,DOC_010,DEPT_021,2024-01-07,2024-01-14,7,Urgent,440,Home
ADM_00393,P_00236,HOSP_004,DOC_009,DEPT_030,2025-05-03,2025-05-05,2,Emergency,272,Transferred
ADM_00394,P_01316,HOSP_005,DOC_002,DEPT_035,2024-12-02,2024-12-05,3,Emergency,402,Home
ADM_00395,P_00129,HOSP_001,DOC_033,DEPT_002,2025-01-16,2025-01-22,6,Elective,400,  Home  
ADM_00396,P_02256,HOSP_002,DOC_014,DEPT_009,2024-10-17,2024-10-21,4,Urgent,334,  Home  
ADM_00397,P_00971,HOSP_001,DOC_034,DEPT_005,2024-09-18,2024-09-22,4,Elective,149,Home
ADM_00398,P_01605,HOSP_002,DOC_014,DEPT_009,2024-01-07,2024-01-11,4,Emergency,244,Transferred
ADM_00399,P_01019,HOSP_001,DOC_034,DEPT_005,2024-04-22,2024-04-30,-8,Elective,115,Home
ADM_00400,P_01019,HOSP_001,DOC_034,DEPT_005,2024-05-12,2024-05-20,8,Emergency,214,Home
ADM_00401,P_01282,HOSP_003,DOC_011,DEPT_021,2024-11-10,2024-11-14,4,  Emergency  ,,rehabilitation
ADM_00402,P_01282,HOSP_003,DOC_011,DEPT_021,2024-12-09,2024-12-16,7,Emergency,242,Home
ADM_00403,P_00436,HOSP_005,DOC_029,DEPT_036,2024-10-17,2024-10-19,2,Elective,260,Home
ADM_00404,P_01112,HOSP_005,DOC_027,DEPT_037,2025-01-21,2025-01-24,3,Emergency,354,Home
ADM_00405,P_02840,HOSP_004,DOC_013,DEPT_026,2024-07-02,2024-07-10,8,Emergency,293,Home
ADM_00406,P_00643,HOSP_003,DOC_010,DEPT_021,2024-06-21,23-06-2024,2,Emergency,423,Transferred
ADM_00407,P_01656,HOSP_001,DOC_004,DEPT_005,2024-01-03,2024-01-09,6,Emergency,166,home
ADM_00408,P_01656,HOSP_001,DOC_004,DEPT_005,2024-01-21,2024-01-23,2,Emergency,,Home
ADM_00409,P_01525,HOSP_004,DOC_025,DEPT_032,2025-01-15,01/25/2025,10,Elective,599,Transferred
ADM_00410,P_00419,HOSP_002,DOC_012,DEPT_014,2024-07-03,2024-07-06,3,Emergency,388,Home
ADM_00411,P_03018,HOSP_005,DOC_003,DEPT_036,2025-02-26,2025-03-04,6,Emergency,535,Rehabilitation
ADM_00412,P_02577,HOSP_003,DOC_011,DEPT_021,2025-01-30,2025-02-04,5,Urgent,106,Rehabilitation
ADM_00413,P_01380,HOSP_001,DOC_005,DEPT_006,2024-07-30,2024-08-04,5,Emergency,377,Home
ADM_00414,P_03481,HOSP_002,DOC_012,DEPT_014,2024-04-21,26-04-2024,5,Elective,383,Home
ADM_00415,P_01204,HOSP_005,DOC_018,DEPT_039,2024-09-05,2024-09-07,2,Elective,385,Home
ADM_00416,P_01564,HOSP_004,DOC_013,DEPT_026,2024-08-01,2024-08-06,5,Emergency,300,Home
ADM_00417,P_01564,HOSP_004,DOC_013,DEPT_026,2024-09-04,2024-09-10,6,Emergency,382,Home
ADM_00418,P_03320,HOSP_005,DOC_019,DEPT_039,2024-06-04,2024-06-07,3,Emergency,181,Home
ADM_00419,P_03274,HOSP_001,DOC_017,DEPT_008,2024-12-21,2024-12-24,3,Elective,378,Home
ADM_00420,P_03426,HOSP_003,DOC_026,DEPT_020,2024-04-07,2024-04-12,5,Elective,,Home
ADM_00421,P_00962,HOSP_002,DOC_030,DEPT_014,2024-02-09,2024-02-12,3,Emergency,582,HOME
ADM_00422,P_00302,HOSP_001,DOC_008,DEPT_005,2025-04-12,20-04-2025,8,Elective,294,Home
ADM_00423,P_02782,HOSP_004,DOC_025,DEPT_032,2024-11-19,2024-11-25,6,Elective,234,HOME
ADM_00424,P_03228,HOSP_001,DOC_008,DEPT_005,2024-11-05,2024-11-10,5,Elective,309,Home
ADM_00425,P_00027,HOSP_004,DOC_025,DEPT_032,2024-02-13,2024-02-20,7,Emergency,500,Home
ADM_00426,P_03228,HOSP_003,DOC_006,DEPT_018,2025-03-23,2025-03-24,1,Elective,163,TRANSFERRED
ADM_00427,P_03404,HOSP_003,DOC_007,DEPT_024,2025-02-21,2025-02-23,2,Elective,164,Transferred
ADM_00428,P_03005,HOSP_003,DOC_021,DEPT_019,2025-03-09,2025-03-15,6,Urgent,446,Hospice
ADM_00429,P_02455,HOSP_003,DOC_010,DEPT_021,2025-03-30,2025-04-02,3,Emergency,386,Home
ADM_00430,P_02262,HOSP_002,DOC_014,DEPT_009,2024-05-28,2024-05-31,3,EMERGENCY,234,Home
ADM_00431,P_00322,HOSP_005,DOC_018,DEPT_039,2024-02-17,2024-02-19,2,EMERGENCY,153,Home
ADM_00432,P_00322,HOSP_005,DOC_018,DEPT_039,2024-03-10,2024-03-14,4,Emergency,424,Home
ADM_00433,P_00425,HOSP_001,DOC_020,DEPT_008,2024-01-05,2024-01-13,8,Urgent,143,Home
ADM_00434,P_02857,HOSP_005,DOC_015,DEPT_038,21-03-2024,2024-03-27,6,Emergency,547,Home
ADM_00435,P_02406,HOSP_003,DOC_001,DEPT_023,2024-06-07,2024-06-12,5,Emergency,284,Home
ADM_00436,P_01697,HOSP_003,DOC_001,DEPT_023,2024-10-20,2024-10-23,3,Elective,,Transferred
ADM_00437,P_01583,HOSP_002,DOC_030,DEPT_014,2024-02-21,2024-02-26,5,Emergency,334,Transferred
ADM_00438,P_02157,HOSP_002,DOC_014,DEPT_009,2024-02-05,2024-02-13,8,Emergency,514,Home
ADM_00439,P_03125,HOSP_004,DOC_025,DEPT_032,2024-05-19,22-05-2024,3,Emergency,491,Home
ADM_00440,P_00625,HOSP_002,DOC_030,DEPT_014,2024-06-16,2024-06-20,4,Elective,237,Home
ADM_00441,P_03239,HOSP_001,DOC_004,DEPT_005,2024-08-20,2024-08-31,11,Elective,209,Home
ADM_00442,P_01843,HOSP_001,DOC_017,DEPT_008,2024-05-12,2024-05-18,6,Elective,571,Home
ADM_00443,P_01843,HOSP_003,DOC_001,DEPT_023,2024-11-05,2024-11-08,3,Urgent,154,Home
ADM_00444,P_01611,HOSP_004,DOC_040,DEPT_027,2024-05-27,2024-06-02,6,Emergency,307,Transferred
ADM_00445,P_01231,HOSP_001,DOC_005,DEPT_006,2024-01-03,2024-01-05,2,Urgent,185,home
ADM_00446,P_01748,HOSP_005,DOC_029,DEPT_036,2024-06-28,2024-07-02,4,Emergency,430,home
ADM_00447,P_02280,HOSP_005,DOC_003,DEPT_036,06/27/2024,2024-07-03,6,Elective,223,Rehabilitation
ADM_00448,P_00359,HOSP_005,DOC_003,DEPT_036,2024-02-11,2024-02-17,6,Emergency,307,Home
ADM_00449,P_02638,HOSP_001,DOC_022,DEPT_001,2024-05-31,2024-06-06,6,Emergency,264,Home
ADM_00450,P_00926,HOSP_003,DOC_026,DEPT_020,01/20/2024,2024-01-27,7,Emergency,131,Home
ADM_00451,P_00926,HOSP_003,DOC_026,DEPT_020,2024-02-08,2024-02-16,8,Emergency,586,Home
ADM_00452,P_02135,HOSP_003,DOC_026,DEPT_020,2024-08-25,2024-08-31,6,Elective,293,Rehabilitation
ADM_00453,P_03174,HOSP_004,DOC_038,DEPT_031,02/21/2025,2025-02-26,5,Elective,229,Home
ADM_00454,P_02117,HOSP_001,DOC_005,DEPT_006,2024-08-27,2024-08-29,2,Emergency,307,Home
ADM_00455,P_03311,HOSP_003,DOC_007,DEPT_024,2024-01-13,2024-01-21,8,Urgent,333,Rehabilitation
ADM_00456,P_03269,HOSP_002,DOC_030,DEPT_014,01/03/2024,2024-01-07,4,Elective,586,Home
ADM_00457,P_03135,HOSP_005,DOC_015,DEPT_038,2024-11-30,2024-12-06,6,Elective,258,Home
ADM_00458,P_02440,HOSP_004,DOC_013,DEPT_026,2025-02-18,2025-02-25,7,Emergency,118,Deceased
ADM_00459,P_01820,HOSP_001,DOC_034,DEPT_005,2024-02-22,2024-02-25,3,Emergency,326,Rehabilitation
ADM_00460,P_00437,HOSP_005,DOC_037,DEPT_035,2024-12-26,2024-12-30,4,Elective,118,TRANSFERRED
ADM_00461,P_00437,HOSP_005,DOC_037,DEPT_035,2025-01-02,2025-01-07,5,Emergency,187,Home
ADM_00462,P_00381,HOSP_005,DOC_018,DEPT_039,2024-05-26,2024-06-03,8,Emergency,514,Rehabilitation
ADM_00463,P_00381,HOSP_005,DOC_018,DEPT_039,2024-06-24,2024-06-28,4,Emergency,316,Home
ADM_00464,P_01834,HOSP_005,DOC_018,DEPT_039,2024-04-26,2024-05-05,9,Emergency,365,Home
ADM_00465,P_01242,HOSP_005,DOC_037,DEPT_035,2025-01-08,2025-01-13,5,Emergency,275,Home
ADM_00466,P_01242,HOSP_005,DOC_037,DEPT_035,2025-01-21,2025-01-28,7,Emergency,217,Home
ADM_00467,P_02325,HOSP_003,DOC_007,DEPT_024,2024-09-02,2024-09-09,7,ELECTIVE,208,Home
ADM_00468,P_02978,HOSP_005,DOC_015,DEPT_038,2024-07-03,2024-07-08,5,Emergency,579,Home
ADM_00469,P_03102,HOSP_001,DOC_004,DEPT_005,2024-06-08,2024-06-16,8,Elective,398,Transferred
ADM_00470,P_00738,HOSP_004,DOC_025,DEPT_032,2024-11-16,2024-11-19,3,Emergency,468,HOME
ADM_00471,P_01581,HOSP_001,DOC_008,DEPT_005,2025-05-05,2025-05-14,9,Elective,525,Home
ADM_00472,P_01870,HOSP_002,DOC_016,DEPT_009,2024-02-23,2024-02-27,4,Urgent,390,Home
ADM_00473,P_01243,HOSP_001,DOC_028,DEPT_005,2024-12-21,2024-12-30,9,Urgent,,Home
ADM_00474,P_02940,HOSP_003,DOC_010,DEPT_021,2025-04-20,2025-04-24,4,Urgent,515,Transferred
ADM_00475,P_02940,HOSP_003,DOC_010,DEPT_021,2025-05-08,2025-05-13,5,Emergency,,Home
ADM_00476,P_02155,HOSP_004,DOC_025,DEPT_032,2025-03-15,2025-03-18,3,Emergency,527,Home
ADM_00477,P_02547,HOSP_003,DOC_010,DEPT_021,2025-03-19,2025-03-22,3,Elective,383,Transferred
ADM_00478,P_01857,HOSP_003,DOC_006,DEPT_018,2024-05-13,2024-05-17,4,Elective,590,Deceased
ADM_00479,P_00989,HOSP_005,DOC_018,DEPT_039,2024-10-22,2024-10-27,5,Emergency,491,Home
ADM_00480,P_01973,HOSP_001,DOC_039,DEPT_007,2024-07-18,2024-07-25,7,Emergency,,Home
ADM_00481,P_01497,HOSP_003,DOC_024,DEPT_024,2024-10-13,2024-10-17,4,Elective,217,Home
ADM_00482,P_01895,HOSP_001,DOC_039,DEPT_007,2024-03-05,2024-03-07,2,Emergency,,Home
ADM_00483,P_00559,HOSP_001,DOC_022,DEPT_001,2024-01-13,2024-01-19,6,Emergency,385,Transferred
ADM_00484,P_00559,HOSP_001,DOC_022,DEPT_001,2024-02-02,2024-02-09,7,Emergency,484,home
ADM_00485,P_01078,HOSP_003,DOC_026,DEPT_020,2024-06-03,2024-06-09,6,Emergency,373,  Transferred  
ADM_00486,P_02843,HOSP_001,DOC_039,DEPT_007,2024-08-17,2024/08/20 00:00:00,3,Emergency,439,Rehabilitation
ADM_00487,P_02574,HOSP_003,DOC_021,DEPT_019,2024-07-03,06-07-2024,3,Elective,218,Transferred
ADM_00488,P_02455,HOSP_002,DOC_016,DEPT_009,2024-05-08,2024-05-11,3,Elective,,Home
ADM_00489,P_00406,HOSP_001,DOC_035,DEPT_003,2024-07-21,2024-07-29,8,Emergency,594,Home
ADM_00490,P_00619,HOSP_003,DOC_024,DEPT_024,2024-06-13,22-06-2024,9,Emergency,432,Transferred
ADM_00491,P_00225,HOSP_001,DOC_022,DEPT_001,2024-01-13,2024-01-16,3,Elective,127,home
ADM_00492,P_00225,HOSP_001,DOC_022,DEPT_001,2024-02-09,02/14/2024,5,Emergency,141,Home
ADM_00493,P_03211,HOSP_001,DOC_008,DEPT_005,2024-12-07,2024-12-13,6,ELECTIVE,518,Home
ADM_00494,P_01339,HOSP_001,DOC_028,DEPT_005,2024-02-07,2024-02-17,10,Emergency,335,Transferred
ADM_00495,P_01339,HOSP_001,DOC_028,DEPT_005,2024-02-28,2024-03-13,14,Emergency,503,Home
ADM_00496,P_01034,HOSP_004,DOC_040,DEPT_027,2024-11-16,2024-11-19,3,Elective,144,Home
ADM_00497,P_00947,HOSP_003,DOC_001,DEPT_023,2024-01-25,2024-01-29,4,Elective,171,Home
ADM_00498,P_02684,HOSP_004,DOC_013,DEPT_026,2024-09-28,2024-10-03,5,Urgent,292,Home
ADM_00499,P_03409,HOSP_005,DOC_037,DEPT_035,2024-11-15,2024-11-20,5,Emergency,586,Home
ADM_00500,P_02904,HOSP_002,DOC_036,DEPT_016,2025-03-12,2025-03-16,4,Emergency,445,Home
ADM_00501,P_00894,HOSP_001,DOC_005,DEPT_006,2024-02-01,2024-02-04,3,Emergency,163,  Home  
ADM_00502,P_02023,HOSP_002,DOC_030,DEPT_014,2025-04-30,2025-05-04,4,Elective,311,Home
ADM_00503,P_01487,HOSP_003,DOC_021,DEPT_019,2025-01-06,2025-01-17,11,Emergency,164,Home
ADM_00504,P_00295,HOSP_001,DOC_034,DEPT_005,2024-10-07,2024-10-10,3,Emergency,310,Home
ADM_00505,P_00295,HOSP_001,DOC_034,DEPT_005,2024-10-15,2024-10-22,7,Emergency,369,Home
ADM_00506,P_02979,HOSP_003,DOC_026,DEPT_020,2025-02-24,2025-03-10,14,Emergency,132,Home
ADM_00507,P_02614,HOSP_005,DOC_015,DEPT_038,2025-02-28,2025-03-03,3,emergency,234,Home
ADM_00508,P_02828,HOSP_001,DOC_028,DEPT_005,2024-11-07,2024-11-13,6,Emergency,262,Home
ADM_00509,P_02563,HOSP_004,DOC_040,DEPT_027,2024-10-29,2024-11-09,11,Emergency,322,Transferred
ADM_00510,P_01122,HOSP_003,DOC_001,DEPT_023,2025-03-04,2025-03-10,6,EMERGENCY,395,Home
ADM_00511,P_02730,HOSP_001,DOC_005,DEPT_006,2024-12-31,2025-01-08,8,Elective,191,Home
ADM_00512,P_01407,HOSP_004,DOC_009,DEPT_030,2025-02-07,2025-02-14,7,Urgent,554,Home
ADM_00513,P_01407,HOSP_004,DOC_009,DEPT_030,2025-03-01,2025-03-09,8,emergency,512,Home
ADM_00514,P_01861,HOSP_003,DOC_007,DEPT_024,2024-03-30,2024-04-08,9,Emergency,336,Home
ADM_00515,P_02389,HOSP_001,DOC_017,DEPT_008,2024-11-05,2024-11-11,6,Urgent,532,Home
ADM_00516,P_00764,HOSP_003,DOC_021,DEPT_019,2024-04-04,2024-04-08,4,Urgent,231,Home
ADM_00517,P_01058,HOSP_001,DOC_020,DEPT_008,2024-12-16,2024-12-21,5,Elective,227,Transferred
ADM_00518,P_03060,HOSP_001,DOC_028,DEPT_005,2025-01-27,2025-02-01,5,Elective,359,Home
ADM_00519,P_00463,HOSP_001,DOC_008,DEPT_005,2024-02-08,2024-02-12,4,Emergency,213,Hospice
ADM_00520,P_00190,HOSP_001,DOC_028,DEPT_005,2024-05-11,2024-05-16,5,Emergency,112,Home
ADM_00521,P_01313,HOSP_002,DOC_036,DEPT_016,2024-09-12,2024-09-17,5,Elective,262,Transferred
ADM_00522,P_02878,HOSP_001,DOC_023,DEPT_007,2024-10-31,2024-11-06,6,Elective,128,Transferred
ADM_00523,P_03158,HOSP_004,DOC_025,DEPT_032,2024-12-23,2025-01-04,12,Urgent,371,Transferred
ADM_00524,P_01962,HOSP_004,DOC_040,DEPT_027,2024-01-27,2024-02-01,5,Emergency,150,Home
ADM_00525,P_02819,HOSP_003,DOC_010,DEPT_021,2024-01-09,2024-01-19,10,Elective,299,Home
ADM_00526,P_00965,HOSP_002,DOC_030,DEPT_014,2024-03-27,04/02/2024,-6,Emergency,470,Home
ADM_00527,P_01626,HOSP_003,DOC_026,DEPT_020,06-01-2025,2025-01-11,5,Emergency,265,  Home  
ADM_00528,P_02084,HOSP_001,DOC_020,DEPT_008,2024-02-07,2024-02-11,4,Elective,,  Home  
ADM_00529,P_02084,HOSP_001,DOC_020,DEPT_008,2024-03-06,2024-03-13,7,Emergency,417,Home
ADM_00530,P_02415,HOSP_005,DOC_037,DEPT_035,2025-05-02,2025-05-07,5,Elective,469,Transferred
ADM_00531,P_01866,HOSP_005,DOC_037,DEPT_035,2024-04-10,2024-04-13,3,Elective,350,Home
ADM_00532,P_01294,HOSP_001,DOC_023,DEPT_007,2024-02-04,2024-02-07,3,Elective,174,Home
ADM_00533,P_01044,HOSP_005,DOC_029,DEPT_036,2024-05-17,2024-05-22,5,Elective,345,Home
ADM_00534,P_02767,HOSP_002,DOC_014,DEPT_009,2024-07-19,29-07-2024,10,Urgent,211,Home
ADM_00535,P_02911,HOSP_001,DOC_034,DEPT_005,2024-08-05,2024-08-09,4,Emergency,590,Home
ADM_00536,P_02675,HOSP_002,DOC_030,DEPT_014,03/17/2025,2025-03-19,2,Emergency,286,  Home  
ADM_00537,P_02276,HOSP_005,DOC_019,DEPT_039,01/08/2025,2025-01-09,1,Urgent,115,Home
ADM_00538,P_03263,HOSP_003,DOC_001,DEPT_023,2024-10-05,2024-10-07,2,Emergency,227,Home
ADM_00539,P_00132,HOSP_001,DOC_033,DEPT_002,2024-12-24,2024-12-30,6,  Emergency  ,421,  Hospice  
ADM_00540,P_01036,HOSP_002,DOC_036,DEPT_016,2024-03-12,2024-03-14,2,Elective,565,Home
ADM_00541,P_03435,HOSP_003,DOC_011,DEPT_021,2025-02-13,2025-02-20,7,Emergency,449,  Rehabilitation  
ADM_00542,P_02934,HOSP_001,DOC_034,DEPT_005,2024-09-25,2024-10-01,6,Emergency,,Home
ADM_00543,P_00941,HOSP_001,DOC_028,DEPT_005,2024-06-29,2024-07-03,4,Elective,278,HOME
ADM_00544,P_00612,HOSP_002,DOC_012,DEPT_014,2024-01-02,2024-01-05,3,Elective,415,Home
ADM_00545,P_01840,HOSP_005,DOC_002,DEPT_035,2024-10-08,12-10-2024,4,Emergency,229,Home
ADM_00546,P_03399,HOSP_001,DOC_005,DEPT_006,2024-08-11,2024-08-16,5,Elective,413,HOME
ADM_00547,P_02860,HOSP_001,DOC_028,DEPT_005,2025-01-25,2025-01-27,2,urgent,267,Home
ADM_00548,P_00272,HOSP_003,DOC_011,DEPT_021,2024-11-15,2024-11-24,9,Elective,269,Home
ADM_00549,P_00375,HOSP_005,DOC_002,DEPT_035,2024-01-10,2024-01-15,5,Urgent,116,Rehabilitation
ADM_00550,P_02103,HOSP_001,DOC_008,DEPT_005,2024-11-12,18-11-2024,6,Emergency,231,Home
ADM_00551,P_02909,HOSP_004,DOC_009,DEPT_030,2024-03-06,2024-03-12,6,Emergency,453,Home
ADM_00552,P_00196,HOSP_003,DOC_001,DEPT_023,2024-04-17,2024-04-26,9,Emergency,168,Deceased
ADM_00553,P_00529,HOSP_002,DOC_016,DEPT_009,2024-06-13,2024-06-18,5,Emergency,370,Home
ADM_00554,P_00946,HOSP_003,DOC_001,DEPT_023,2024-12-27,2025-01-03,7,Urgent,449,Home
ADM_00555,P_00584,HOSP_005,DOC_018,DEPT_039,2024-04-11,2024-04-14,3,Urgent,204,Home
ADM_00556,P_02353,HOSP_001,DOC_008,DEPT_005,2024-08-10,2024-08-21,11,Elective,589,Home
ADM_00557,P_02353,HOSP_001,DOC_008,DEPT_005,09/12/2024,2024-09-19,7,Emergency,157,Home
ADM_00558,P_01703,HOSP_003,DOC_026,DEPT_020,2024-04-23,2024-04-26,3,  Emergency  ,501,Transferred
ADM_00559,P_01747,HOSP_004,DOC_040,DEPT_027,2024-07-16,2024-07-20,4,Urgent,446,Home
ADM_00560,P_01747,HOSP_004,DOC_040,DEPT_027,2024-07-30,2024-08-01,2,Emergency,205,Home
ADM_00561,P_00006,HOSP_001,DOC_017,DEPT_008,2024-07-10,2024-07-13,3,Emergency,582,Home
ADM_00562,P_00078,HOSP_004,DOC_025,DEPT_032,2024-02-20,2024-02-21,1,Emergency,337,Home
ADM_00563,P_00078,HOSP_004,DOC_025,DEPT_032,2024-03-16,2024-03-25,9,Emergency,379,Home
ADM_00564,P_01178,HOSP_005,DOC_019,DEPT_039,2025-02-07,2025-02-13,6,Elective,151,home
ADM_00565,P_01178,HOSP_005,DOC_019,DEPT_039,2025-03-08,2025-03-12,4,Emergency,148,Home
ADM_00566,P_02007,HOSP_005,DOC_027,DEPT_037,2024-06-02,2024-06-06,4,Emergency,525,Rehabilitation
ADM_00567,P_02840,HOSP_003,DOC_011,DEPT_021,2024-09-21,2024-09-25,4,Emergency,149,Home
ADM_00568,P_00488,HOSP_001,DOC_023,DEPT_007,2024-01-04,2024-01-06,2,Emergency,412,Home
ADM_00569,P_01671,HOSP_004,DOC_040,DEPT_027,2024-10-20,2024-10-24,4,urgent,474,Home
ADM_00570,P_02945,HOSP_004,DOC_013,DEPT_026,2024-03-03,2024-03-08,5,Emergency,269,Home
ADM_00571,P_01526,HOSP_003,DOC_011,DEPT_021,2024-12-23,2024-12-27,4,Emergency,438,Home
ADM_00572,P_03249,HOSP_002,DOC_036,DEPT_016,2025-04-23,2025-04-26,3,Emergency,380,home
ADM_00573,P_03249,HOSP_002,DOC_036,DEPT_016,2025-05-13,2025-05-17,4,Emergency,431,Home
ADM_00574,P_01823,HOSP_001,DOC_020,DEPT_008,2024-04-30,2024-05-04,4,Emergency,129,Home
ADM_00575,P_02865,HOSP_001,DOC_020,DEPT_008,2024/09/11 00:00:00,2024-09-14,3,Urgent,274,Home
ADM_00576,P_03057,HOSP_004,DOC_013,DEPT_026,2024-11-01,2024-11-07,6,Emergency,144,Transferred
ADM_00577,P_00475,HOSP_001,DOC_022,DEPT_001,2025-02-01,2025-02-10,9,Emergency,359,Home
ADM_00578,P_02810,HOSP_001,DOC_028,DEPT_005,2025-03-03,2025-03-10,7,Emergency,378,Home
ADM_00579,P_02262,HOSP_001,DOC_035,DEPT_003,2024-03-31,2024-04-05,5,Emergency,327,Home
ADM_00580,P_01132,HOSP_001,DOC_035,DEPT_003,2024-10-27,2024-10-30,3,Emergency,230,Home
ADM_00581,P_01470,HOSP_001,DOC_035,DEPT_003,01-04-2025,2025-04-08,7,Elective,488,Home
ADM_00582,P_02429,HOSP_003,DOC_031,DEPT_024,2024-03-01,2024-03-07,6,Urgent,509,Home
ADM_00583,P_03480,HOSP_001,DOC_020,DEPT_008,2025-02-27,2025-03-08,9,Urgent,557,Home
ADM_00584,P_03480,HOSP_001,DOC_020,DEPT_008,2025-04-02,2025-04-09,7,Emergency,268,Home
ADM_00585,P_02835,HOSP_005,DOC_019,DEPT_039,2024-12-04,2024-12-14,10,Elective,192,Home
ADM_00586,P_00186,HOSP_003,DOC_021,DEPT_019,2025-01-12,2025-01-17,5,Elective,326,Home
ADM_00587,P_01316,HOSP_005,DOC_029,DEPT_036,2024-09-10,2024-09-13,3,Elective,145,Deceased
ADM_00588,P_00439,HOSP_004,DOC_013,DEPT_026,2025-02-06,2025-02-09,3,Emergency,380,Home
ADM_00589,P_00916,HOSP_005,DOC_002,DEPT_035,2024-12-28,2025-01-03,6,Emergency,310,Home
ADM_00590,P_01812,HOSP_001,DOC_017,DEPT_008,2024-06-15,2024-06-18,3,Elective,144,Home
ADM_00591,P_01594,HOSP_003,DOC_001,DEPT_023,2024-10-08,2024-10-18,10,Elective,282,Rehabilitation
ADM_00592,P_02174,HOSP_005,DOC_037,DEPT_035,2024-08-25,2024-08-31,6,URGENT,487,Home
ADM_00593,P_00447,HOSP_001,DOC_023,DEPT_007,2024-12-03,2024-12-08,5,Urgent,159,Home
ADM_00594,P_03181,HOSP_002,DOC_014,DEPT_009,2024-04-13,2024-04-18,5,EMERGENCY,497,Home
ADM_00595,P_01540,HOSP_001,DOC_004,DEPT_005,2024-01-04,2024-01-08,4,Urgent,334,Home
ADM_00596,P_01773,HOSP_001,DOC_005,DEPT_006,2024-03-07,2024-03-09,2,Elective,554,Home
ADM_00597,P_01773,HOSP_001,DOC_005,DEPT_006,2024-03-31,2024-04-05,5,Emergency,469,Home
ADM_00598,P_00931,HOSP_003,DOC_001,DEPT_023,2024-12-17,2024-12-27,10,Urgent,299,Home
ADM_00599,P_00434,HOSP_001,DOC_008,DEPT_005,2025-01-17,2025-01-22,5,Emergency,409,Transferred
ADM_00600,P_03093,HOSP_003,DOC_031,DEPT_024,2024-10-22,2024-10-30,8,Urgent,164,Transferred
ADM_00601,P_01911,HOSP_003,DOC_007,DEPT_024,2024-11-20,2024-11-28,8,Urgent,301,Home
ADM_00602,P_03208,HOSP_005,DOC_015,DEPT_038,2024-04-18,22-04-2024,4,Elective,376,Home
ADM_00603,P_02127,HOSP_001,DOC_023,DEPT_007,2025-03-27,2025-04-02,6,Urgent,,Home
ADM_00604,P_02633,HOSP_002,DOC_036,DEPT_016,2025-03-16,2025-03-18,2,Elective,433,Home
ADM_00605,P_02633,HOSP_002,DOC_036,DEPT_016,2025-04-14,04/26/2025,12,Emergency,492,Home
ADM_00606,P_01058,HOSP_002,DOC_016,DEPT_009,2025-05-11,2025-05-20,9,Elective,224,Home
ADM_00607,P_01058,HOSP_002,DOC_016,DEPT_009,2025-06-10,2025-06-18,8,Emergency,104,Home
ADM_00608,P_02643,HOSP_003,DOC_001,DEPT_023,2024-08-28,02-09-2024,5,Emergency,415,Home
ADM_00609,P_02643,HOSP_003,DOC_001,DEPT_023,2024-09-24,2024-09-30,6,Emergency,535,Home
ADM_00610,P_03207,HOSP_001,DOC_020,DEPT_008,2025-02-04,2025-02-12,8,Emergency,561,Home
ADM_00611,P_02632,HOSP_001,DOC_017,DEPT_008,2025-03-21,2025-03-28,7,Elective,535,Home
ADM_00612,P_01851,HOSP_003,DOC_026,DEPT_020,2024-10-24,2024-10-25,1,Urgent,318,home
ADM_00613,P_00555,HOSP_004,DOC_025,DEPT_032,2024-11-23,2024-11-27,4,Elective,434,Home
ADM_00614,P_00952,HOSP_001,DOC_020,DEPT_008,2025-01-28,2025-01-30,2,Elective,390,Home
ADM_00615,P_00447,HOSP_003,DOC_026,DEPT_020,2024-01-16,2024-01-18,2,Urgent,227,Home
ADM_00616,P_01397,HOSP_004,DOC_038,DEPT_031,2024-11-29,2024-12-07,8,Urgent,412,Home
ADM_00617,P_02113,HOSP_001,DOC_022,DEPT_001,2025-05-03,2025-05-07,4,Elective,390,Home
ADM_00618,P_03035,HOSP_001,DOC_004,DEPT_005,2024-08-24,2024-08-30,6,Urgent,393,Home
ADM_00619,P_01491,HOSP_001,DOC_033,DEPT_002,2025-03-13,2025-03-18,5,Emergency,214,Home
ADM_00620,P_02753,HOSP_002,DOC_032,DEPT_016,2024-06-17,2024-06-19,2,Emergency,382,Deceased
ADM_00621,P_00296,HOSP_004,DOC_025,DEPT_032,09/01/2024,2024-09-03,2,Elective,211,Deceased
ADM_00622,P_01256,HOSP_005,DOC_003,DEPT_036,2024-09-07,2024-09-11,4,Urgent,129,Home
ADM_00623,P_02672,HOSP_003,DOC_007,DEPT_024,2025-02-16,2025-02-20,4,Elective,590,Home
ADM_00624,P_01589,HOSP_003,DOC_007,DEPT_024,2025-03-26,2025-03-30,4,Urgent,198,Home
ADM_00625,P_01296,HOSP_005,DOC_002,DEPT_035,2024-11-24,2024-11-28,4,Elective,373,Home
ADM_00626,P_00893,HOSP_004,DOC_025,DEPT_032,2024-10-25,2024-11-06,12,Emergency,466,Home
ADM_00627,P_02915,HOSP_001,DOC_033,DEPT_002,2024-06-13,2024-06-21,8,Emergency,196,Home
ADM_00628,P_01675,HOSP_004,DOC_038,DEPT_031,2024-10-27,2024-11-01,5,Elective,383,Home
ADM_00629,P_01365,HOSP_005,DOC_003,DEPT_036,2025-01-07,2025-01-11,4,Emergency,592,Home
ADM_00630,P_00567,HOSP_003,DOC_026,DEPT_020,2024-06-10,2024-06-14,4,Emergency,260,Home
ADM_00631,P_02912,HOSP_001,DOC_022,DEPT_001,2025-02-18,2025-02-25,7,Emergency,179,Home
ADM_00632,P_02912,HOSP_001,DOC_022,DEPT_001,2025-03-22,2025-03-28,6,Emergency,127,home
ADM_00633,P_00772,HOSP_004,DOC_009,DEPT_030,2025-05-10,2025-05-17,7,Emergency,349,Home
ADM_00634,P_00307,HOSP_005,DOC_019,DEPT_039,2024-08-05,2024-08-10,5,Elective,117,Home
ADM_00635,P_02397,HOSP_002,DOC_016,DEPT_009,2024-12-29,2025-01-10,12,Emergency,455,Home
ADM_00636,P_01850,HOSP_005,DOC_003,DEPT_036,2025-04-12,2025-04-16,4,Urgent,310,Home
ADM_00637,P_00466,HOSP_003,DOC_031,DEPT_024,2024-05-08,2024-05-16,8,Emergency,258,Home
ADM_00638,P_01088,HOSP_003,DOC_024,DEPT_024,2024-10-15,2024-10-17,2,Emergency,300,Home
ADM_00639,P_00456,HOSP_003,DOC_011,DEPT_021,2024-02-25,2024-02-28,3,ELECTIVE,439,Home
ADM_00640,P_02446,HOSP_003,DOC_006,DEPT_018,2025-05-04,2025-05-15,11,Elective,474,Home
ADM_00641,P_03096,HOSP_003,DOC_001,DEPT_023,2025-03-07,2025-03-14,7,Emergency,476,Home
ADM_00642,P_01660,HOSP_003,DOC_007,DEPT_024,2025-04-08,2025-04-14,6,Emergency,564,Transferred
ADM_00643,P_02217,HOSP_002,DOC_016,DEPT_009,2024-12-01,2024-12-15,14,Elective,297,Home
ADM_00644,P_01213,HOSP_005,DOC_019,DEPT_039,2024-08-02,2024-08-06,4,Elective,443,Home
ADM_00645,P_00018,HOSP_001,DOC_017,DEPT_008,2024-07-08,2024-07-16,8,Emergency,274,Transferred
ADM_00646,P_02379,HOSP_001,DOC_022,DEPT_001,2024-01-27,2024-02-04,8,Emergency,461,Home
ADM_00647,P_01364,HOSP_001,DOC_028,DEPT_005,2024-01-04,2024-01-14,10,Elective,375,Home
ADM_00648,P_02482,HOSP_001,DOC_020,DEPT_008,2025-04-17,2025-04-19,2,  Elective  ,170,Home
ADM_00649,P_02000,HOSP_005,DOC_027,DEPT_037,2025-03-15,2025-03-19,4,Urgent,407,Home
ADM_00650,P_00253,HOSP_001,DOC_017,DEPT_008,2024-12-13,2024/12/18 00:00:00,5,Urgent,366,Home
ADM_00651,P_00729,HOSP_002,DOC_016,DEPT_009,2024-07-23,2024-08-02,10,Elective,519,Home
ADM_00652,P_01738,HOSP_005,DOC_037,DEPT_035,2024-01-09,2024-01-15,6,Emergency,176,Home
ADM_00653,P_00255,HOSP_005,DOC_037,DEPT_035,2024-08-15,2024-08-23,8,Emergency,111,Home
ADM_00654,P_01641,HOSP_003,DOC_007,DEPT_024,2024-08-22,2024-08-24,2,Elective,429,Home
ADM_00655,P_01894,HOSP_005,DOC_002,DEPT_035,2025-04-14,2025-04-18,4,Elective,447,Hospice
ADM_00656,P_00442,HOSP_002,DOC_012,DEPT_014,2024-01-20,2024-01-29,9,Emergency,206,Home
ADM_00657,P_01036,HOSP_001,DOC_020,DEPT_008,2024-11-09,2024-11-13,4,Emergency,343,Home
ADM_00658,P_00671,HOSP_001,DOC_008,DEPT_005,14-07-2024,2024-07-19,5,Emergency,432,Home
ADM_00659,P_00794,HOSP_002,DOC_016,DEPT_009,2025-01-21,31-01-2025,10,Elective,476,Home
ADM_00660,P_02602,HOSP_001,DOC_005,DEPT_006,2025-01-14,2025-01-17,3,Elective,293,Home
ADM_00661,P_03208,HOSP_004,DOC_040,DEPT_027,2024-03-16,2024-03-19,3,Emergency,214,Transferred
ADM_00662,P_00102,HOSP_003,DOC_031,DEPT_024,2024-02-13,15-02-2024,2,EMERGENCY,121,Rehabilitation
ADM_00663,P_00228,HOSP_002,DOC_036,DEPT_016,2024-03-05,2024-03-15,10,Urgent,,home
ADM_00664,P_00228,HOSP_002,DOC_036,DEPT_016,2024-04-10,2024-04-20,10,Emergency,243,Home
ADM_00665,P_00745,HOSP_002,DOC_030,DEPT_014,2025-02-03,2025-02-10,7,Emergency,386,home
ADM_00666,P_01328,HOSP_002,DOC_032,DEPT_016,2025-01-11,2025-01-15,4,Elective,504,Rehabilitation
ADM_00667,P_01328,HOSP_002,DOC_032,DEPT_016,2025-02-04,2025-02-07,3,Emergency,,HOME
ADM_00668,P_00596,HOSP_001,DOC_004,DEPT_005,2024-07-23,2024-07-25,2,Emergency,438,Home
ADM_00669,P_02124,HOSP_005,DOC_002,DEPT_035,2025-05-06,2025-05-15,9,Emergency,315,Deceased
ADM_00670,P_02364,HOSP_002,DOC_036,DEPT_016,2024-01-28,2024-02-03,6,URGENT,460,Home
ADM_00671,P_01717,HOSP_003,DOC_024,DEPT_024,2024-09-14,2024-09-21,7,Elective,551,Home
ADM_00672,P_01109,HOSP_002,DOC_032,DEPT_016,2024-07-28,2024-08-02,5,Emergency,519,Home
ADM_00673,P_02837,HOSP_005,DOC_002,DEPT_035,2024-11-27,2024-11-30,3,Emergency,235,Transferred
ADM_00674,P_01803,HOSP_003,DOC_010,DEPT_021,2024-12-21,2024-12-25,4,elective,275,Rehabilitation
ADM_00675,P_00725,HOSP_003,DOC_024,DEPT_024,2024-08-24,2024-08-27,3,Emergency,455,Home
ADM_00676,P_01027,HOSP_003,DOC_031,DEPT_024,2024-09-10,2024-09-12,2,ELECTIVE,107,Home
ADM_00677,P_01809,HOSP_003,DOC_001,DEPT_023,2025-02-18,2025-02-25,7,Elective,313,Home
ADM_00678,P_01303,HOSP_003,DOC_031,DEPT_024,2024-08-27,2024-08-29,2,ELECTIVE,322,Transferred
ADM_00679,P_00354,HOSP_003,DOC_010,DEPT_021,2025/04/08 00:00:00,2025-04-11,3,Elective,332,Home
ADM_00680,P_00628,HOSP_001,DOC_035,DEPT_003,2024-06-05,09-06-2024,4,Emergency,507,Home
ADM_00681,P_02453,HOSP_004,DOC_009,DEPT_030,2024-09-19,2024-09-24,5,Elective,305,Home
ADM_00682,P_02815,HOSP_001,DOC_005,DEPT_006,2024-12-28,2024-12-30,2,Elective,161,Home
ADM_00683,P_01793,HOSP_005,DOC_002,DEPT_035,2024-01-01,2024-01-03,2,  Emergency  ,138,Transferred
ADM_00684,P_02644,HOSP_001,DOC_034,DEPT_005,2025-04-27,05/03/2025,6,emergency,473,Home
ADM_00685,P_02938,HOSP_003,DOC_026,DEPT_020,2024-10-04,2024-10-09,5,Elective,138,Transferred
ADM_00686,P_02827,HOSP_003,DOC_026,DEPT_020,2024-07-12,2024-07-21,9,Emergency,545,Home
ADM_00687,P_02365,HOSP_003,DOC_024,DEPT_024,2024-11-21,2024-11-26,5,Emergency,368,Home
ADM_00688,P_02365,HOSP_003,DOC_024,DEPT_024,2024-12-02,2024-12-10,8,Emergency,550,Home
ADM_00689,P_00714,HOSP_001,DOC_017,DEPT_008,2024-03-09,2024-03-12,3,Elective,291,Home
ADM_00690,P_02754,HOSP_005,DOC_018,DEPT_039,2024-02-12,2024-02-15,3,Urgent,143,Transferred
ADM_00691,P_02754,HOSP_005,DOC_018,DEPT_039,2024-02-20,2024-02-23,3,Emergency,415,Home
ADM_00692,P_02279,HOSP_001,DOC_017,DEPT_008,2024-10-11,2024-10-14,3,Emergency,576,Home
ADM_00693,P_02878,HOSP_001,DOC_008,DEPT_005,2024-08-29,2024-09-02,4,Emergency,470,Home
ADM_00694,P_02807,HOSP_003,DOC_026,DEPT_020,2024-09-05,2024-09-13,8,Urgent,187,Home
ADM_00695,P_00162,HOSP_003,DOC_031,DEPT_024,2024-08-27,2024-08-30,3,Elective,128,Home
ADM_00696,P_01931,HOSP_005,DOC_019,DEPT_039,2024-01-30,2024-02-11,12,Emergency,599,Home
ADM_00697,P_02245,HOSP_004,DOC_038,DEPT_031,2024/07/09 00:00:00,2024-07-15,6,Elective,331,Home
ADM_00698,P_02865,HOSP_003,DOC_010,DEPT_021,2024-11-27,2024-12-03,6,Urgent,442,Home
ADM_00699,P_00220,HOSP_003,DOC_021,DEPT_019,2025-05-13,2025-05-18,5,Emergency,524,Home
ADM_00700,P_02338,HOSP_003,DOC_001,DEPT_023,2024-01-27,2024-01-31,4,elective,154,Home
ADM_00701,P_02338,HOSP_003,DOC_001,DEPT_023,26-02-2024,2024-03-02,5,Emergency,285,Home
ADM_00702,P_00116,HOSP_002,DOC_012,DEPT_014,2024-01-07,2024-01-09,2,Emergency,440,Home
ADM_00703,P_01184,HOSP_005,DOC_037,DEPT_035,2024-08-30,2024-09-02,3,Emergency,420,Transferred
ADM_00704,P_00941,HOSP_004,DOC_040,DEPT_027,2024-03-30,2024-04-09,10,Emergency,445,Home
ADM_00705,P_00706,HOSP_004,DOC_040,DEPT_027,2025-04-06,2025-04-12,6,Urgent,419,Home
ADM_00706,P_03239,HOSP_001,DOC_039,DEPT_007,2024-08-30,2024-09-09,10,Emergency,454,Home
ADM_00707,P_02679,HOSP_001,DOC_022,DEPT_001,2024-11-23,2024-11-26,3,Emergency,264,Home
ADM_00708,P_02438,HOSP_005,DOC_029,DEPT_036,2025-01-18,2025-01-20,2,Emergency,185,Transferred
ADM_00709,P_02438,HOSP_005,DOC_029,DEPT_036,2025-02-04,2025-02-10,6,EMERGENCY,439,  Home  
ADM_00710,P_02778,HOSP_004,DOC_040,DEPT_027,2025-01-25,2025-01-28,3,Elective,184,Home
ADM_00711,P_00231,HOSP_005,DOC_019,DEPT_039,2024-02-12,2024-02-17,5,Emergency,498,Home
ADM_00712,P_02945,HOSP_002,DOC_014,DEPT_009,2024-08-13,2024-08-15,2,Emergency,502,Rehabilitation
ADM_00713,P_02786,HOSP_003,DOC_024,DEPT_024,2024-02-17,2024-02-18,1,Urgent,222,Deceased
ADM_00714,P_01879,HOSP_004,DOC_040,DEPT_027,2025-01-27,2025-02-01,5,Emergency,316,Home
ADM_00715,P_03262,HOSP_003,DOC_026,DEPT_020,2025-01-14,2025-01-24,10,Elective,411,Transferred
ADM_00716,P_01833,HOSP_004,DOC_025,DEPT_032,2024/09/30 00:00:00,2024-10-06,6,Emergency,292,Home
ADM_00717,P_03143,HOSP_003,DOC_001,DEPT_023,2025-03-04,03/10/2025,6,Elective,492,Home
ADM_00718,P_00363,HOSP_002,DOC_030,DEPT_014,06/03/2024,2024-06-08,5,Elective,285,Home
ADM_00719,P_02134,HOSP_001,DOC_020,DEPT_008,2024-11-11,2024-11-16,5,Elective,140,Home
ADM_00720,P_01127,HOSP_005,DOC_018,DEPT_039,2024-10-28,2024-10-30,2,Elective,208,Home
ADM_00721,P_03357,HOSP_001,DOC_022,DEPT_001,2024-09-14,2024-09-17,3,Emergency,123,Home
ADM_00722,P_02761,HOSP_001,DOC_023,DEPT_007,2024-08-15,2024-08-23,8,Emergency,389,Home
ADM_00723,P_02529,HOSP_005,DOC_037,DEPT_035,2024-10-12,2024-10-14,2,Emergency,291,Home
ADM_00724,P_03133,HOSP_002,DOC_016,DEPT_009,2024-06-11,2024-06-15,4,Emergency,402,Home
ADM_00725,P_03133,HOSP_002,DOC_016,DEPT_009,2024-06-21,2024-07-02,11,Emergency,146,home
ADM_00726,P_02833,HOSP_001,DOC_004,DEPT_005,2025-04-11,2025-04-16,5,Elective,454,Home
ADM_00727,P_00291,HOSP_001,DOC_035,DEPT_003,2024-05-08,2024-05-13,5,Emergency,361,  Home  
ADM_00728,P_02498,HOSP_002,DOC_036,DEPT_016,08-12-2024,2024-12-12,4,Urgent,213,Home
ADM_00729,P_03353,HOSP_003,DOC_011,DEPT_021,2024-02-09,2024-02-15,6,Emergency,310,transferred
ADM_00730,P_00483,HOSP_001,DOC_033,DEPT_002,2024-12-06,2024-12-13,7,Emergency,332,Transferred
ADM_00731,P_02963,HOSP_004,DOC_013,DEPT_026,2024-11-29,2024-12-02,3,Emergency,372,Rehabilitation
ADM_00732,P_02963,HOSP_004,DOC_013,DEPT_026,2024-12-29,2025-01-01,3,Emergency,120,Home
ADM_00733,P_00640,HOSP_003,DOC_010,DEPT_021,12/02/2024,2024-12-03,1,Urgent,277,Home
ADM_00734,P_02524,HOSP_002,DOC_032,DEPT_016,2024-12-05,2024-12-11,6,Urgent,535,Home
ADM_00735,P_01360,HOSP_005,DOC_019,DEPT_039,2024-10-06,2024-10-12,6,Urgent,364,Transferred
ADM_00736,P_01984,HOSP_002,DOC_036,DEPT_016,2025-03-18,2025-04-01,14,EMERGENCY,595,Home
ADM_00737,P_00264,HOSP_005,DOC_019,DEPT_039,2024-08-28,2024-09-02,5,Urgent,473,Home
ADM_00738,P_02212,HOSP_005,DOC_018,DEPT_039,2024-08-16,2024-08-20,4,Emergency,189,Home
ADM_00739,P_02392,HOSP_002,DOC_016,DEPT_009,2025-04-23,2025-04-28,5,Elective,469,Home
ADM_00740,P_02244,HOSP_001,DOC_017,DEPT_008,2024-12-15,2024-12-20,5,Elective,192,Transferred
ADM_00741,P_02244,HOSP_001,DOC_017,DEPT_008,2025-01-05,2025-01-11,6,Emergency,140,Home
ADM_00742,P_01877,HOSP_002,DOC_012,DEPT_014,2024-09-12,2024-09-15,3,Emergency,238,Home
ADM_00743,P_01410,HOSP_003,DOC_010,DEPT_021,2024-11-14,2024-11-19,5,Urgent,328,Home
ADM_00744,P_03437,HOSP_001,DOC_028,DEPT_005,2024-11-13,2024-11-17,4,Urgent,416,Home
ADM_00745,P_01864,HOSP_004,DOC_038,DEPT_031,2024-10-04,2024-10-08,4,Elective,269,Rehabilitation
ADM_00746,P_01201,HOSP_005,DOC_018,DEPT_039,2024-06-17,2024-06-24,7,Elective,,Rehabilitation
ADM_00747,P_01208,HOSP_001,DOC_005,DEPT_006,2024-04-30,2024-05-05,5,Emergency,412,Home
ADM_00748,P_00558,HOSP_004,DOC_038,DEPT_031,2024-12-20,2024-12-22,2,Urgent,555,Home
ADM_00749,P_00014,HOSP_001,DOC_022,DEPT_001,2025-05-07,2025-05-10,3,ELECTIVE,332,Home
ADM_00750,P_01364,HOSP_001,DOC_005,DEPT_006,2024-12-23,2024-12-27,4,Elective,558,Home
ADM_00751,P_01021,HOSP_001,DOC_034,DEPT_005,2024-11-04,2024-11-09,5,Emergency,242,Home
ADM_00752,P_02163,HOSP_005,DOC_019,DEPT_039,02/07/2025,2025-02-13,6,Emergency,316,Home
ADM_00753,P_02945,HOSP_001,DOC_023,DEPT_007,2024-07-27,2024-08-01,5,Emergency,284,Rehabilitation
ADM_00754,P_01678,HOSP_002,DOC_036,DEPT_016,2025-02-15,2025-02-16,1,Emergency,459,Home
ADM_00755,P_00984,HOSP_001,DOC_004,DEPT_005,2025-05-09,2025-05-11,2,Urgent,436,Home
ADM_00756,P_00984,HOSP_001,DOC_004,DEPT_005,2025-06-02,2025-06-10,8,Emergency,229,Home
ADM_00757,P_02124,HOSP_005,DOC_002,DEPT_035,2025-03-19,2025-03-23,4,Emergency,293,Home
ADM_00758,P_00144,HOSP_004,DOC_009,DEPT_030,2024-12-27,2025-01-01,5,Emergency,253,Home
ADM_00759,P_00989,HOSP_002,DOC_016,DEPT_009,2024-01-28,2024-02-01,4,Emergency,445,Home
ADM_00760,P_00722,HOSP_002,DOC_032,DEPT_016,2024-02-04,2024-02-07,3,Elective,182,HOME
ADM_00761,P_01165,HOSP_001,DOC_020,DEPT_008,2024-08-21,2024-08-25,4,Urgent,196,Home
ADM_00762,P_03276,HOSP_003,DOC_007,DEPT_024,2024-03-07,2024-03-12,5,Elective,457,Home
ADM_00763,P_00059,HOSP_002,DOC_032,DEPT_016,2024/10/05 00:00:00,2024-10-10,5,URGENT,349,Home
ADM_00764,P_02211,HOSP_001,DOC_004,DEPT_005,2025-04-08,2025-04-15,7,Emergency,456,Home
ADM_00765,P_01224,HOSP_001,DOC_023,DEPT_007,2024-11-14,2024-11-16,2,urgent,,Home
ADM_00766,P_01543,HOSP_005,DOC_015,DEPT_038,2024-06-30,2024-07-02,2,Emergency,251,Home
ADM_00767,P_00328,HOSP_001,DOC_034,DEPT_005,2025-04-21,2025-04-25,4,Emergency,382,Home
ADM_00768,P_02788,HOSP_001,DOC_034,DEPT_005,03/31/2024,2024-04-06,6,Emergency,187,Home
ADM_00769,P_02144,HOSP_001,DOC_035,DEPT_003,2024-07-14,2024-07-21,7,Emergency,573,Home
ADM_00770,P_01295,HOSP_004,DOC_040,DEPT_027,2024-05-19,2024-05-22,3,Emergency,410,  Rehabilitation  
ADM_00771,P_02155,HOSP_001,DOC_020,DEPT_008,2024-03-30,2024-03-31,1,Elective,454,Rehabilitation
ADM_00772,P_03444,HOSP_001,DOC_035,DEPT_003,2024-05-26,2024-05-29,3,Emergency,178,Home
ADM_00773,P_00183,HOSP_002,DOC_016,DEPT_009,2024-02-10,2024-02-16,6,Elective,185,Transferred
ADM_00774,P_03337,HOSP_004,DOC_040,DEPT_027,2024-10-03,2024-10-07,4,Elective,146,Rehabilitation
ADM_00775,P_03247,HOSP_003,DOC_011,DEPT_021,04/17/2024,2024-04-23,6,Elective,206,Rehabilitation
ADM_00776,P_01564,HOSP_001,DOC_034,DEPT_005,2024-08-11,2024-08-19,8,Urgent,326,Home
ADM_00777,P_03068,HOSP_003,DOC_031,DEPT_024,2024-10-06,2024-10-10,4,Emergency,377,Home
ADM_00778,P_02878,HOSP_001,DOC_022,DEPT_001,2024-04-05,2024-04-09,4,Elective,478,Home
ADM_00779,P_01552,HOSP_005,DOC_002,DEPT_035,2025-01-04,2025-01-07,3,Emergency,567,Home
ADM_00780,P_01979,HOSP_005,DOC_029,DEPT_036,2024-10-14,2024-10-16,2,Emergency,596,Home
ADM_00781,P_00328,HOSP_003,DOC_001,DEPT_023,2024-07-27,2024-07-29,2,Emergency,521,Home
ADM_00782,P_00909,HOSP_005,DOC_018,DEPT_039,2024-11-22,2024-11-25,3,elective,486,Transferred
ADM_00783,P_03100,HOSP_003,DOC_024,DEPT_024,2024-09-02,2024-09-10,8,Emergency,188,Rehabilitation
ADM_00784,P_00791,HOSP_004,DOC_009,DEPT_030,2025-03-15,2025-03-21,6,Urgent,,Transferred
ADM_00785,P_02640,HOSP_005,DOC_003,DEPT_036,2024-01-29,01-02-2024,3,  Emergency  ,371,Home
ADM_00786,P_01461,HOSP_004,DOC_038,DEPT_031,2024-08-28,2024-09-09,12,Emergency,497,Rehabilitation
ADM_00787,P_01894,HOSP_005,DOC_015,DEPT_038,2025-01-16,01/19/2025,3,  Elective  ,187,Transferred
ADM_00788,P_02256,HOSP_001,DOC_023,DEPT_007,02/21/2025,2025-03-02,9,Urgent,,Home
ADM_00789,P_00093,HOSP_001,DOC_020,DEPT_008,2024-12-29,2025-01-08,10,Emergency,490,Home
ADM_00790,P_00625,HOSP_001,DOC_022,DEPT_001,2024-06-24,2024-06-30,6,Emergency,,Rehabilitation
ADM_00791,P_02473,HOSP_005,DOC_015,DEPT_038,2024-10-23,2024-10-26,3,Elective,334,Rehabilitation
ADM_00792,P_02660,HOSP_005,DOC_003,DEPT_036,05/30/2024,2024-06-03,4,Emergency,597,Home
ADM_00793,P_02286,HOSP_001,DOC_035,DEPT_003,2025-03-13,18-03-2025,5,Urgent,398,Home
ADM_00794,P_01726,HOSP_005,DOC_019,DEPT_039,2024-07-23,25-07-2024,2,Urgent,370,Home
ADM_00795,P_01726,HOSP_005,DOC_019,DEPT_039,2024-08-22,2024-08-26,4,Emergency,547,Home
ADM_00796,P_01407,HOSP_004,DOC_025,DEPT_032,2024-11-07,2024-11-09,2,Emergency,242,  Hospice  
ADM_00797,P_01407,HOSP_004,DOC_025,DEPT_032,2024-11-20,2024-11-28,8,Emergency,482,Home
ADM_00798,P_02749,HOSP_001,DOC_028,DEPT_005,2024-09-12,2024-09-20,8,Elective,464,Home
ADM_00799,P_02749,HOSP_001,DOC_028,DEPT_005,2024-09-25,2024-10-04,9,Emergency,593,Home
ADM_00800,P_02826,HOSP_003,DOC_011,DEPT_021,2024-05-25,2024-06-01,7,Elective,373,Home
ADM_00801,P_01906,HOSP_005,DOC_029,DEPT_036,2024-01-15,2024-01-18,3,Emergency,556,Transferred
ADM_00802,P_00663,HOSP_002,DOC_016,DEPT_009,2024-12-12,2024-12-16,4,Elective,398,Rehabilitation
ADM_00803,P_03442,HOSP_004,DOC_038,DEPT_031,2024-12-12,2024-12-16,4,Urgent,315,Hospice
ADM_00804,P_03442,HOSP_004,DOC_038,DEPT_031,2025-01-03,2025-01-11,8,Emergency,311,Home
ADM_00805,P_00099,HOSP_002,DOC_036,DEPT_016,2024-10-31,2024-11-03,3,Emergency,165,Home
ADM_00806,P_02943,HOSP_001,DOC_004,DEPT_005,2024-04-25,2024-05-02,7,Urgent,,Home
ADM_00807,P_00119,HOSP_001,DOC_008,DEPT_005,2024-05-03,2024-05-13,10,Elective,146,UNKNOWN_VAL
ADM_00808,P_01540,HOSP_003,DOC_010,DEPT_021,2024-10-05,2024-10-11,6,  Emergency  ,381,Home
ADM_00809,P_02559,HOSP_001,DOC_004,DEPT_005,2024-06-13,2024-06-17,4,Urgent,138,Home
ADM_00810,P_00157,HOSP_001,DOC_035,DEPT_003,2024-12-10,2024-12-13,3,Emergency,519,Home
ADM_00811,P_00895,HOSP_002,DOC_014,DEPT_009,2024-08-22,2024-08-24,2,Emergency,266,Transferred
ADM_00812,P_01654,HOSP_002,DOC_030,DEPT_014,2024-01-11,2024-01-12,1,Emergency,351,Home
ADM_00813,P_00679,HOSP_001,DOC_033,DEPT_002,2025-01-27,2025-01-31,4,Elective,574,Deceased
ADM_00814,P_01561,HOSP_003,DOC_024,DEPT_024,2024-11-07,2024-11-11,4,Emergency,336,Home
ADM_00815,P_02382,HOSP_005,DOC_019,DEPT_039,2024-06-29,2024-07-06,7,Urgent,275,Home
ADM_00816,P_02506,HOSP_005,DOC_037,DEPT_035,2024-07-08,2024-07-11,3,Urgent,275,Home
ADM_00817,P_01328,HOSP_002,DOC_016,DEPT_009,2024-12-18,2024-12-22,4,ELECTIVE,463,Home
ADM_00818,P_01328,HOSP_002,DOC_016,DEPT_009,2025-01-08,2025-01-15,7,Emergency,158,Home
ADM_00819,P_01231,HOSP_001,DOC_033,DEPT_002,2024-07-05,2024-07-11,6,Urgent,246,Hospice
ADM_00820,P_00305,HOSP_002,DOC_036,DEPT_016,2024-04-24,2024-05-01,7,Elective,,Rehabilitation
ADM_00821,P_01282,HOSP_004,DOC_009,DEPT_030,2025-01-13,2025-01-18,5,Urgent,,Rehabilitation
ADM_00822,P_00253,HOSP_002,DOC_030,DEPT_014,2025-04-02,2025-04-04,2,Elective,599,Home
ADM_00823,P_02051,HOSP_003,DOC_011,DEPT_021,2025-01-31,2025-02-06,6,Elective,260,Home
ADM_00824,P_00395,HOSP_001,DOC_005,DEPT_006,2024-11-08,2024-11-11,3,Elective,253,Home
ADM_00825,P_03409,HOSP_003,DOC_024,DEPT_024,2024-09-08,2024-09-16,8,Emergency,176,Home
ADM_00826,P_00246,HOSP_002,DOC_014,DEPT_009,2024-01-21,2024-01-26,5,ELECTIVE,342,Home
ADM_00827,P_00246,HOSP_002,DOC_014,DEPT_009,2024-02-22,2024-02-29,7,Emergency,418,Home
ADM_00828,P_01074,HOSP_002,DOC_030,DEPT_014,2024-04-13,2024-04-28,15,Emergency,380,UNKNOWN_VAL
ADM_00829,P_00580,HOSP_001,DOC_020,DEPT_008,2025-05-01,2025-05-08,7,Emergency,285,Transferred
ADM_00830,P_00992,HOSP_002,DOC_012,DEPT_014,2025-01-05,2025-01-11,6,Urgent,477,Transferred
ADM_00831,P_01171,HOSP_003,DOC_001,DEPT_023,2025-01-12,2025-01-16,4,Elective,495,Home
ADM_00832,P_01171,HOSP_003,DOC_001,DEPT_023,28-01-2025,2025-01-31,3,EMERGENCY,429,Home
ADM_00833,P_03423,HOSP_005,DOC_002,DEPT_035,2024-10-21,2024-10-25,4,Emergency,466,Home
ADM_00834,P_00363,HOSP_002,DOC_036,DEPT_016,2025-04-06,2025-04-09,3,Emergency,,Home
ADM_00835,P_00675,HOSP_001,DOC_023,DEPT_007,2024-09-01,2024-09-11,10,Elective,131,  Home  
ADM_00836,P_02898,HOSP_005,DOC_002,DEPT_035,2024-05-24,2024-05-30,6,  Urgent  ,,Home
ADM_00837,P_02898,HOSP_005,DOC_002,DEPT_035,2024-06-06,2024-06-17,11,Emergency,509,Home
ADM_00838,P_02685,HOSP_002,DOC_016,DEPT_009,2025-04-07,2025-04-10,3,EMERGENCY,104,Home
ADM_00839,P_00354,HOSP_002,DOC_036,DEPT_016,2025-04-05,2025-04-08,3,Elective,500,Hospice
ADM_00840,P_00467,HOSP_002,DOC_014,DEPT_009,2025-02-13,2025-02-19,6,Emergency,219,Hospice
ADM_00841,P_01074,HOSP_001,DOC_033,DEPT_002,2024-12-29,2025-01-01,3,Emergency,209,Home
ADM_00842,P_02461,HOSP_004,DOC_040,DEPT_027,2024-08-09,2024-08-13,4,Elective,318,Rehabilitation
ADM_00843,P_02240,HOSP_005,DOC_027,DEPT_037,2024-02-14,2024-02-24,10,Emergency,519,Home
ADM_00844,P_00527,HOSP_001,DOC_008,DEPT_005,2025-01-28,2025-02-01,4,Emergency,184,Home
ADM_00845,P_02537,HOSP_003,DOC_006,DEPT_018,2025-03-28,2025-03-30,2,Elective,142,Home
ADM_00846,P_00917,HOSP_005,DOC_003,DEPT_036,2024-02-17,2024-02-19,2,emergency,386,Transferred
ADM_00847,P_00141,HOSP_003,DOC_011,DEPT_021,2024-11-12,2024-11-14,2,Elective,384,Home
ADM_00848,P_02233,HOSP_001,DOC_034,DEPT_005,2024-12-30,2025-01-07,8,Emergency,311,Home
ADM_00849,P_01238,HOSP_003,DOC_024,DEPT_024,2024-03-21,2024-03-24,3,EMERGENCY,155,Transferred
ADM_00850,P_02770,HOSP_005,DOC_037,DEPT_035,2025-03-20,04-04-2025,15,Elective,135,home
ADM_00851,P_02748,HOSP_002,DOC_014,DEPT_009,2024-04-08,2024-04-18,10,Emergency,472,Hospice
ADM_00852,P_00848,HOSP_003,DOC_007,DEPT_024,14-08-2024,2024-08-26,12,Urgent,320,Home
ADM_00853,P_02565,HOSP_003,DOC_026,DEPT_020,2024-09-07,2024-09-15,8,Emergency,573,Home
ADM_00854,P_02915,HOSP_001,DOC_005,DEPT_006,2025-04-11,2025-04-17,6,Elective,435,Home
ADM_00855,P_00892,HOSP_002,DOC_036,DEPT_016,2025-04-06,2025-04-09,3,Elective,554,Home
ADM_00856,P_02074,HOSP_003,DOC_031,DEPT_024,2024-05-28,2024-06-01,4,Emergency,115,Transferred
ADM_00857,P_02074,HOSP_003,DOC_031,DEPT_024,2024-06-27,2024-07-06,9,Emergency,205,Home
ADM_00858,P_03202,HOSP_003,DOC_011,DEPT_021,2024-01-12,2024-01-19,7,ELECTIVE,239,Deceased
ADM_00859,P_03273,HOSP_001,DOC_017,DEPT_008,2024-10-30,2024-11-01,2,Emergency,352,Home
ADM_00860,P_00314,HOSP_001,DOC_017,DEPT_008,2025-04-02,2025-04-06,4,Elective,,Transferred
ADM_00861,P_00314,HOSP_001,DOC_017,DEPT_008,2025-05-01,2025-05-07,6,Emergency,353,Home
ADM_00862,P_01859,HOSP_001,DOC_023,DEPT_007,2025-01-19,2025-01-23,4,Elective,540,Home
ADM_00863,P_00623,HOSP_005,DOC_015,DEPT_038,2024-02-08,2024-02-10,2,URGENT,206,Transferred
ADM_00864,P_00623,HOSP_005,DOC_015,DEPT_038,2024-02-13,2024-02-27,14,Emergency,527,Home
ADM_00865,P_00803,HOSP_002,DOC_032,DEPT_016,2025-05-06,2025-05-10,4,Elective,147,Home
ADM_00866,P_03493,HOSP_001,DOC_004,DEPT_005,2024-06-10,2024-06-13,3,Elective,325,Home
ADM_00867,P_03469,HOSP_005,DOC_002,DEPT_035,2025-05-03,2025-05-14,11,Emergency,413,Transferred
ADM_00868,P_03469,HOSP_005,DOC_002,DEPT_035,2025-06-10,2025-06-23,13,Emergency,,  Home  
ADM_00869,P_00248,HOSP_001,DOC_028,DEPT_005,2024-07-23,2024-07-28,5,Urgent,276,  Home  
ADM_00870,P_02433,HOSP_001,DOC_039,DEPT_007,2024-05-23,2024-05-25,2,Emergency,528,Home
ADM_00871,P_01626,HOSP_003,DOC_026,DEPT_020,2024-12-17,2024-12-20,3,Elective,170,Transferred
ADM_00872,P_03137,HOSP_002,DOC_016,DEPT_009,2024-04-21,2024-04-23,2,Elective,352,Home
ADM_00873,P_03137,HOSP_002,DOC_016,DEPT_009,2024-05-17,2024-05-25,8,Emergency,262,Home
ADM_00874,P_02142,HOSP_003,DOC_001,DEPT_023,2025-02-04,2025-02-07,3,Emergency,567,Home
ADM_00875,P_00270,HOSP_005,DOC_018,DEPT_039,2024-12-01,2024-12-05,4,Emergency,227,Home
ADM_00876,P_00748,HOSP_002,DOC_014,DEPT_009,2024-06-01,2024-06-12,11,Emergency,485,Home
ADM_00877,P_01664,HOSP_001,DOC_022,DEPT_001,2025-03-31,2025-04-03,3,Elective,246,Home
ADM_00878,P_02851,HOSP_001,DOC_035,DEPT_003,2024-12-21,2024-12-27,6,Elective,548,Home
ADM_00879,P_00997,HOSP_002,DOC_030,DEPT_014,2024-06-20,2024-06-27,7,Elective,395,Home
ADM_00880,P_02019,HOSP_002,DOC_012,DEPT_014,2024-03-13,2024-03-21,8,Elective,567,Rehabilitation
ADM_00881,P_02219,HOSP_003,DOC_010,DEPT_021,2024-12-17,2024-12-21,4,emergency,480,UNKNOWN_VAL
ADM_00882,P_01124,HOSP_001,DOC_023,DEPT_007,2024-06-10,2024-06-14,4,Urgent,,Home
ADM_00883,P_03152,HOSP_001,DOC_008,DEPT_005,2025-04-02,2025-04-06,4,Elective,112,Home
ADM_00884,P_00880,HOSP_001,DOC_020,DEPT_008,2024-09-22,2024-09-27,5,Urgent,220,Transferred
ADM_00885,P_01755,HOSP_002,DOC_032,DEPT_016,2024-10-04,2024-10-13,9,Elective,463,Home
ADM_00886,P_02004,HOSP_004,DOC_013,DEPT_026,2024-07-21,2024-07-25,4,Urgent,,Transferred
ADM_00887,P_00596,HOSP_002,DOC_016,DEPT_009,2024-09-29,2024-09-30,1,Emergency,220,Home
ADM_00888,P_01685,HOSP_001,DOC_017,DEPT_008,2024-08-12,2024-08-19,7,Emergency,315,Home
ADM_00889,P_01121,HOSP_001,DOC_034,DEPT_005,2024-08-08,2024-08-13,5,Elective,236,Rehabilitation
ADM_00890,P_00403,HOSP_003,DOC_026,DEPT_020,2024-04-28,2024-05-04,6,  Elective  ,119,Home
ADM_00891,P_00403,HOSP_003,DOC_026,DEPT_020,2024-05-10,2024-05-13,3,Emergency,334,Home
ADM_00892,P_01364,HOSP_001,DOC_023,DEPT_007,2025-03-31,2025-04-03,3,Emergency,304,home
ADM_00893,P_00153,HOSP_001,DOC_008,DEPT_005,2024-05-13,2024-05-20,7,Emergency,362,Home
ADM_00894,P_00153,HOSP_001,DOC_008,DEPT_005,2024-06-15,2024-06-18,3,Emergency,497,Home
ADM_00895,P_01104,HOSP_001,DOC_017,DEPT_008,2025-02-13,2025-02-19,6,Emergency,378,Home
ADM_00896,P_00462,HOSP_001,DOC_020,DEPT_008,2024-12-30,2025-01-03,4,Emergency,135,Home
ADM_00897,P_00298,HOSP_005,DOC_027,DEPT_037,2024-10-02,2024-10-05,3,  Emergency  ,297,Home
ADM_00898,P_00128,HOSP_004,DOC_013,DEPT_026,2025-03-25,2025-03-28,3,Emergency,411,Home
ADM_00899,P_00682,HOSP_003,DOC_026,DEPT_020,2025-01-18,2025-01-20,2,Elective,274,Transferred
ADM_00900,P_00682,HOSP_003,DOC_026,DEPT_020,2025-02-12,2025-02-18,6,Emergency,238,Home
ADM_00901,P_01553,HOSP_001,DOC_023,DEPT_007,2025-04-10,2025-04-15,5,Emergency,356,Home
ADM_00902,P_01011,HOSP_004,DOC_025,DEPT_032,2024-09-16,2024-09-20,4,Elective,582,Rehabilitation
ADM_00903,P_03191,HOSP_005,DOC_015,DEPT_038,2024-09-12,2024-09-14,2,Elective,513,Deceased
ADM_00904,P_00112,HOSP_004,DOC_013,DEPT_026,2024-05-28,2024-06-03,6,Urgent,423,Home
ADM_00905,P_02810,HOSP_003,DOC_021,DEPT_019,2024-05-23,2024-05-30,7,Urgent,281,Transferred
ADM_00906,P_02764,HOSP_005,DOC_027,DEPT_037,2025-02-07,2025-02-13,6,Emergency,103,Home
ADM_00907,P_03487,HOSP_003,DOC_006,DEPT_018,2024-02-17,2024-02-29,12,Elective,170,HOME
ADM_00908,P_00624,HOSP_002,DOC_032,DEPT_016,2025-02-01,2025-02-05,4,Emergency,367,Home
ADM_00909,P_01542,HOSP_004,DOC_038,DEPT_031,2024-08-29,2024-09-07,9,  Urgent  ,,Home
ADM_00910,P_01542,HOSP_004,DOC_038,DEPT_031,2024-10-03,2024-10-07,4,Emergency,594,Home
ADM_00911,P_03138,HOSP_005,DOC_029,DEPT_036,2025-01-15,2025-01-18,3,Urgent,508,Home
ADM_00912,P_02173,HOSP_005,DOC_015,DEPT_038,2024-09-30,2024-10-05,5,Emergency,128,Transferred
ADM_00913,P_02380,HOSP_003,DOC_021,DEPT_019,2025-03-04,2025-03-14,10,Elective,504,Home
ADM_00914,P_02399,HOSP_004,DOC_013,DEPT_026,2024-05-12,2024-05-16,4,  Emergency  ,393,Home
ADM_00915,P_00349,HOSP_005,DOC_027,DEPT_037,2024-12-15,2024-12-17,2,URGENT,378,Home
ADM_00916,P_00349,HOSP_005,DOC_027,DEPT_037,2024-12-26,01/05/2025,10,Emergency,310,home
ADM_00917,P_03292,HOSP_001,DOC_017,DEPT_008,2025-03-14,2025-03-18,-4,Urgent,109,Transferred
ADM_00918,P_03292,HOSP_001,DOC_017,DEPT_008,2025-04-16,2025-04-23,7,Emergency,370,Home
ADM_00919,P_02574,HOSP_001,DOC_017,DEPT_008,2024-10-14,2024-10-17,3,Emergency,592,Rehabilitation
ADM_00920,P_01941,HOSP_002,DOC_030,DEPT_014,2024-01-18,2024-01-23,5,Emergency,,Home
ADM_00921,P_01995,HOSP_005,DOC_037,DEPT_035,2024-06-18,2024-06-20,2,Elective,548,Home
ADM_00922,P_01249,HOSP_002,DOC_012,DEPT_014,2024-10-31,2024-11-11,11,  Urgent  ,413,Home
ADM_00923,P_03068,HOSP_004,DOC_025,DEPT_032,2024-08-07,2024-08-15,8,Elective,527,Home
ADM_00924,P_00347,HOSP_003,DOC_031,DEPT_024,2025-03-07,2025-03-12,5,Elective,532,Hospice
ADM_00925,P_00347,HOSP_003,DOC_031,DEPT_024,2025-03-30,2025-04-08,9,Emergency,275,Home
ADM_00926,P_00691,HOSP_001,DOC_033,DEPT_002,2024-01-04,2024-01-07,3,Urgent,595,Home
ADM_00927,P_03042,HOSP_001,DOC_005,DEPT_006,2024-11-27,2024-12-05,8,Urgent,256,Home
ADM_00928,P_03042,HOSP_001,DOC_005,DEPT_006,2024-12-29,2025-01-03,5,Emergency,500,Home
ADM_00929,P_01166,HOSP_003,DOC_021,DEPT_019,2024-10-26,2024-10-30,4,Emergency,160,Home
ADM_00930,P_03343,HOSP_005,DOC_027,DEPT_037,2024-12-30,2025-01-02,3,Emergency,183,Home
ADM_00931,P_01731,HOSP_005,DOC_018,DEPT_039,2025-04-10,2025-04-16,6,ELECTIVE,467,Home
ADM_00932,P_01731,HOSP_005,DOC_018,DEPT_039,2025-05-10,2025-05-16,6,Emergency,536,Home
ADM_00933,P_00190,HOSP_001,DOC_004,DEPT_005,2024-02-16,2024-02-25,9,Emergency,594,Home
ADM_00934,P_00424,HOSP_004,DOC_009,DEPT_030,2024-12-15,2024-12-17,2,Elective,435,Home
ADM_00935,P_01384,HOSP_005,DOC_029,DEPT_036,2024-07-26,2024/08/01 00:00:00,6,Urgent,222,Home
ADM_00936,P_00168,HOSP_005,DOC_018,DEPT_039,2025-03-23,2025-03-31,8,Urgent,389,Rehabilitation
ADM_00937,P_01236,HOSP_002,DOC_036,DEPT_016,2024-05-24,2024-06-08,15,Emergency,247,Rehabilitation
ADM_00938,P_00712,HOSP_002,DOC_016,DEPT_009,2024-06-09,2024-06-14,5,Elective,503,Transferred
ADM_00939,P_03333,HOSP_001,DOC_035,DEPT_003,2024-04-13,2024-04-17,4,Elective,445,Home
ADM_00940,P_03333,HOSP_001,DOC_035,DEPT_003,2024-05-05,2024-05-12,7,  Emergency  ,465,Home
ADM_00941,P_01472,HOSP_003,DOC_026,DEPT_020,2024-12-03,2024-12-12,9,Elective,163,Deceased
ADM_00942,P_02702,HOSP_002,DOC_014,DEPT_009,2024-01-25,2024-02-03,9,Urgent,266,Home
ADM_00943,P_01550,HOSP_005,DOC_018,DEPT_039,2024-11-22,2024-11-26,4,Elective,149,Home
ADM_00944,P_03392,HOSP_003,DOC_006,DEPT_018,2024-06-23,2024-07-02,9,Elective,473,Home
ADM_00945,P_00266,HOSP_001,DOC_034,DEPT_005,2025-03-19,2025-03-23,4,Urgent,119,Home
ADM_00946,P_02766,HOSP_001,DOC_034,DEPT_005,2025-02-08,2025-02-15,7,Elective,469,Home
ADM_00947,P_01998,HOSP_005,DOC_037,DEPT_035,2024-03-02,2024-03-08,6,Emergency,138,Home
ADM_00948,P_01232,HOSP_003,DOC_026,DEPT_020,2024-05-11,2024-05-15,4,Emergency,141,Home
ADM_00949,P_02387,HOSP_001,DOC_033,DEPT_002,2024-05-03,2024-05-06,3,Emergency,285,Home
ADM_00950,P_03278,HOSP_001,DOC_020,DEPT_008,2024-03-29,2024-04-06,8,Elective,570,Home
ADM_00951,P_02005,HOSP_002,DOC_014,DEPT_009,2025-05-06,2025-05-16,10,Elective,364,Transferred
ADM_00952,P_02239,HOSP_001,DOC_022,DEPT_001,2025-05-11,2025-05-17,6,Elective,,Home
ADM_00953,P_02741,HOSP_003,DOC_031,DEPT_024,2025-05-11,2025-05-15,4,Emergency,597,Home
ADM_00954,P_02982,HOSP_002,DOC_032,DEPT_016,2024-08-22,2024-08-24,2,Emergency,386,Home
ADM_00955,P_02591,HOSP_003,DOC_010,DEPT_021,2024-06-23,01-07-2024,8,EMERGENCY,148,Home
ADM_00956,P_00643,HOSP_003,DOC_006,DEPT_018,2025-01-19,2025-01-24,5,Elective,524,Transferred
ADM_00957,P_00127,HOSP_002,DOC_036,DEPT_016,2025-05-11,2025-05-15,4,Emergency,347,Home
ADM_00958,P_02342,HOSP_004,DOC_038,DEPT_031,2024-01-31,2024-02-07,7,Elective,310,Home
ADM_00959,P_02982,HOSP_005,DOC_002,DEPT_035,03/16/2024,2024-03-18,2,Elective,468,Home
ADM_00960,P_02250,HOSP_002,DOC_014,DEPT_009,2025-02-28,2025-03-03,3,Elective,335,Deceased
ADM_00961,P_00259,HOSP_005,DOC_027,DEPT_037,2024-06-06,2024-06-09,3,Emergency,371,Transferred
ADM_00962,P_00548,HOSP_003,DOC_007,DEPT_024,2025-01-28,2025-02-03,6,Elective,196,Transferred
ADM_00963,P_03052,HOSP_003,DOC_031,DEPT_024,2024-01-05,2024-01-10,5,Urgent,531,Home
ADM_00964,P_00087,HOSP_005,DOC_029,DEPT_036,2024-01-24,2024-01-30,6,Urgent,497,Home
ADM_00965,P_00249,HOSP_001,DOC_034,DEPT_005,2024-11-19,2024-11-27,8,Elective,570,Home
ADM_00966,P_02923,HOSP_001,DOC_028,DEPT_005,2025-01-19,2025-01-25,6,Urgent,184,Home
ADM_00967,P_00150,HOSP_002,DOC_032,DEPT_016,2025-02-13,2025-02-24,11,  Urgent  ,117,Transferred
ADM_00968,P_02338,HOSP_001,DOC_033,DEPT_002,2024-04-30,2024-05-08,8,Emergency,179,Home
ADM_00969,P_02833,HOSP_001,DOC_028,DEPT_005,2024-09-08,2024-09-12,4,Elective,542,Home
ADM_00970,P_01677,HOSP_002,DOC_012,DEPT_014,2024-11-11,2024-11-14,3,Emergency,343,HOME
ADM_00971,P_03271,HOSP_005,DOC_019,DEPT_039,2024-12-10,2024-12-14,4,Urgent,302,Transferred
ADM_00972,P_03271,HOSP_005,DOC_019,DEPT_039,2024-12-21,2024-12-30,9,Emergency,318,Home
ADM_00973,P_01929,HOSP_003,DOC_026,DEPT_020,2024-07-03,2024-07-07,4,Elective,406,Home
ADM_00974,P_02089,HOSP_003,DOC_011,DEPT_021,2024-09-14,2024-09-21,7,Emergency,238,Deceased
ADM_00975,P_02042,HOSP_003,DOC_031,DEPT_024,2024-10-22,2024-10-28,6,Emergency,512,Transferred
ADM_00976,P_00166,HOSP_004,DOC_013,DEPT_026,2024-06-06,2024-06-09,3,Emergency,176,Home
ADM_00977,P_00250,HOSP_002,DOC_012,DEPT_014,2024-08-11,2024-08-19,8,Urgent,215,Home
ADM_00978,P_00239,HOSP_002,DOC_014,DEPT_009,2024-03-05,2024/03/10 00:00:00,5,Urgent,587,Home
ADM_00979,P_01415,HOSP_003,DOC_011,DEPT_021,2025-05-02,2025-05-13,11,Urgent,214,Hospice
ADM_00980,P_00990,HOSP_003,DOC_001,DEPT_023,2024-11-09,2024-11-13,4,Urgent,336,Transferred
ADM_00981,P_03087,HOSP_001,DOC_017,DEPT_008,2025-02-01,2025-02-05,4,Elective,216,Home
ADM_00982,P_03087,HOSP_001,DOC_017,DEPT_008,2025-02-21,2025-02-24,3,Emergency,363,Home
ADM_00983,P_01405,HOSP_003,DOC_010,DEPT_021,2024-11-27,2024-11-29,2,Emergency,481,Home
ADM_00984,P_01961,HOSP_003,DOC_024,DEPT_024,2024-03-03,2024-03-10,7,Emergency,202,Home
ADM_00985,P_01976,HOSP_005,DOC_037,DEPT_035,2024-10-30,2024-11-09,10,Urgent,508,Home
ADM_00986,P_01468,HOSP_002,DOC_014,DEPT_009,2024-07-23,2024-07-27,4,Elective,407,Transferred
ADM_00987,P_00856,HOSP_004,DOC_013,DEPT_026,2024-03-10,2024-03-14,4,Elective,232,Home
ADM_00988,P_00531,HOSP_003,DOC_010,DEPT_021,2024-09-29,2024-10-04,5,Urgent,181,Home
ADM_00989,P_03168,HOSP_001,DOC_034,DEPT_005,2024-04-28,2024-05-06,8,Elective,526,Rehabilitation
ADM_00990,P_03333,HOSP_005,DOC_015,DEPT_038,2024/09/11 00:00:00,2024-09-14,3,Elective,484,Home
ADM_00991,P_03333,HOSP_005,DOC_015,DEPT_038,2024-09-20,2024-09-27,7,Emergency,118,Home
ADM_00992,P_00955,HOSP_005,DOC_015,DEPT_038,2025-01-02,2025-01-09,7,Elective,457,Transferred
ADM_00993,P_02927,HOSP_001,DOC_004,DEPT_005,2024-01-04,2024-01-10,6,Elective,172,Home
ADM_00994,P_02683,HOSP_002,DOC_014,DEPT_009,2024-05-08,2024-05-09,1,Urgent,480,Home
ADM_00995,P_01826,HOSP_003,DOC_001,DEPT_023,2024-05-16,2024-05-22,6,EMERGENCY,489,Home
ADM_00996,P_01826,HOSP_003,DOC_001,DEPT_023,2024-05-28,2024-06-05,8,Emergency,423,Home
ADM_00997,P_02568,HOSP_001,DOC_035,DEPT_003,2025-03-30,2025-04-08,9,Urgent,243,Home
ADM_00998,P_01504,HOSP_003,DOC_026,DEPT_020,2024-11-20,2024-11-30,10,Elective,284,Home
ADM_00999,P_02645,HOSP_002,DOC_032,DEPT_016,2025-04-01,2025-04-10,9,Elective,237,Rehabilitation
ADM_01000,P_02645,HOSP_002,DOC_032,DEPT_016,2025/04/27 00:00:00,2025-05-03,6,Emergency,151,Home
ADM_01001,P_02427,HOSP_001,DOC_034,DEPT_005,2025-02-14,2025-02-16,2,Elective,485,Home
ADM_01002,P_02815,HOSP_001,DOC_008,DEPT_005,2024-09-01,2024-09-05,4,Urgent,297,Home
ADM_01003,P_02214,HOSP_005,DOC_002,DEPT_035,2025-04-02,2025-04-07,5,Urgent,251,Home
ADM_01004,P_01514,HOSP_001,DOC_023,DEPT_007,2024-06-06,2024-06-16,10,Emergency,173,Transferred
ADM_01005,P_00393,HOSP_003,DOC_024,DEPT_024,2024-09-07,2024-09-10,3,Elective,213,Home
ADM_01006,P_00393,HOSP_003,DOC_024,DEPT_024,2024-10-04,2024-10-07,3,Emergency,180,Home
ADM_01007,P_01783,HOSP_005,DOC_019,DEPT_039,2024-01-16,2024-01-20,4,Emergency,422,home
ADM_01008,P_03375,HOSP_005,DOC_029,DEPT_036,2024-04-11,2024-04-14,3,Elective,408,Deceased
ADM_01009,P_01756,HOSP_001,DOC_034,DEPT_005,2024-09-28,2024-09-30,2,Emergency,471,Home
ADM_01010,P_00544,HOSP_001,DOC_034,DEPT_005,2024-10-11,2024-10-15,4,Emergency,119,Transferred
ADM_01011,P_00906,HOSP_001,DOC_039,DEPT_007,2024-08-21,2024-08-26,5,Elective,567,Home
ADM_01012,P_02773,HOSP_001,DOC_034,DEPT_005,2025-03-17,2025-03-19,2,Emergency,455,Home
ADM_01013,P_02773,HOSP_001,DOC_034,DEPT_005,2025-03-29,2025-04-03,5,Emergency,184,Home
ADM_01014,P_00388,HOSP_001,DOC_039,DEPT_007,2024-09-18,2024-09-21,3,Emergency,445,Home
ADM_01015,P_01723,HOSP_001,DOC_023,DEPT_007,2025-02-12,2025-02-13,1,Emergency,450,Home
ADM_01016,P_02980,HOSP_005,DOC_002,DEPT_035,2024-03-06,2024-03-11,5,Emergency,322,Home
ADM_01017,P_03017,HOSP_001,DOC_034,DEPT_005,2024-07-26,2024-07-31,5,Elective,306,Transferred
ADM_01018,P_02647,HOSP_002,DOC_030,DEPT_014,2024-04-24,2024-04-27,3,Urgent,341,Home
ADM_01019,P_00384,HOSP_001,DOC_020,DEPT_008,2025-02-28,2025-03-08,8,Elective,319,Home
ADM_01020,P_01011,HOSP_003,DOC_010,DEPT_021,2024-10-13,2024-10-18,5,Elective,145,Home
ADM_01021,P_02994,HOSP_003,DOC_001,DEPT_023,2024-04-28,2024-05-01,3,Elective,175,Home
ADM_01022,P_01924,HOSP_004,DOC_025,DEPT_032,2024-03-27,2024-03-29,2,Emergency,389,Home
ADM_01023,P_03111,HOSP_003,DOC_026,DEPT_020,2024-05-03,2024-05-08,5,Urgent,205,Home
ADM_01024,P_03111,HOSP_003,DOC_026,DEPT_020,05/24/2024,2024-06-01,8,Emergency,216,home
ADM_01025,P_02444,HOSP_001,DOC_039,DEPT_007,2024-05-11,2024-05-14,3,Elective,247,REHABILITATION
ADM_01026,P_00030,HOSP_004,DOC_013,DEPT_026,2024-10-11,2024-10-16,5,Elective,480,HOME
ADM_01027,P_01172,HOSP_005,DOC_027,DEPT_037,2024-07-04,2024-07-14,10,Emergency,288,Home
ADM_01028,P_00813,HOSP_001,DOC_005,DEPT_006,2024/08/28 00:00:00,2024-09-04,7,Emergency,116,Home
ADM_01029,P_00220,HOSP_003,DOC_010,DEPT_021,2025-01-13,2025-01-14,1,URGENT,174,Home
ADM_01030,P_03016,HOSP_002,DOC_030,DEPT_014,2025-04-26,2025-04-29,3,Emergency,213,Home
ADM_01031,P_02798,HOSP_003,DOC_011,DEPT_021,2024-06-28,2024-07-02,4,Elective,336,Home
ADM_01032,P_02798,HOSP_003,DOC_011,DEPT_021,2024-07-27,2024-08-02,6,Emergency,523,Home
ADM_01033,P_00762,HOSP_003,DOC_011,DEPT_021,2025-04-29,2025-05-04,5,Elective,358,Home
ADM_01034,P_00762,HOSP_003,DOC_011,DEPT_021,2025-05-25,2025-06-02,8,Emergency,209,Home
ADM_01035,P_02452,HOSP_001,DOC_005,DEPT_006,2024-08-06,2024-08-10,4,Elective,149,Home
ADM_01036,P_02377,HOSP_001,DOC_008,DEPT_005,2024-01-18,2024-01-23,5,Elective,365,Home
ADM_01037,P_01765,HOSP_003,DOC_026,DEPT_020,2025-01-03,2025-01-10,7,Urgent,326,Home
ADM_01038,P_00852,HOSP_003,DOC_010,DEPT_021,2024-07-30,2024-08-04,5,emergency,329,Rehabilitation
ADM_01039,P_02285,HOSP_005,DOC_037,DEPT_035,2024-11-17,2024-11-19,2,Elective,363,Home
ADM_01040,P_01464,HOSP_004,DOC_040,DEPT_027,2024-07-04,2024-07-09,5,Elective,347,Home
ADM_01041,P_03257,HOSP_001,DOC_004,DEPT_005,2025-02-06,2025-02-10,4,Urgent,406,Home
ADM_01042,P_00811,HOSP_002,DOC_032,DEPT_016,2024/02/19 00:00:00,2024-02-20,1,Urgent,580,Home
ADM_01043,P_03159,HOSP_003,DOC_024,DEPT_024,2024-11-22,2024-11-27,5,Urgent,246,Home
ADM_01044,P_03159,HOSP_003,DOC_024,DEPT_024,2024-12-15,2024-12-19,4,emergency,517,Home
ADM_01045,P_01012,HOSP_005,DOC_018,DEPT_039,2024-08-02,2024-08-09,7,Emergency,253,Home
ADM_01046,P_01045,HOSP_002,DOC_032,DEPT_016,2025-02-09,2025-02-15,6,Emergency,219,Hospice
ADM_01047,P_02211,HOSP_005,DOC_029,DEPT_036,2025-01-28,2025-01-30,2,Elective,494,Home
ADM_01048,P_03222,HOSP_003,DOC_021,DEPT_019,2024-03-07,2024-03-14,7,Elective,437,Home
ADM_01049,P_01359,HOSP_004,DOC_025,DEPT_032,2024-08-11,2024-08-20,9,Emergency,383,Deceased
ADM_01050,P_00784,HOSP_005,DOC_029,DEPT_036,2024-10-04,2024-10-08,4,Elective,330,Home
ADM_01051,P_00784,HOSP_005,DOC_029,DEPT_036,2024-10-29,2024-11-04,6,  Emergency  ,370,Home
ADM_01052,P_03087,HOSP_001,DOC_035,DEPT_003,2024-09-14,2024-09-21,7,Emergency,225,Home
ADM_01053,P_01454,HOSP_005,DOC_003,DEPT_036,2024-11-06,2024-11-15,9,Urgent,416,Home
ADM_01054,P_00878,HOSP_001,DOC_033,DEPT_002,2024-01-21,2024-01-23,2,Emergency,129,Home
ADM_01055,P_00614,HOSP_002,DOC_016,DEPT_009,2024-01-24,2024-01-26,2,Elective,402,Home
ADM_01056,P_03395,HOSP_004,DOC_025,DEPT_032,2024-05-23,2024-05-27,4,Emergency,427,Home
ADM_01057,P_00678,HOSP_001,DOC_017,DEPT_008,2025-04-21,2025-04-25,4,Emergency,218,TRANSFERRED
ADM_01058,P_01468,HOSP_001,DOC_017,DEPT_008,2024/09/27 00:00:00,2024-10-04,7,Emergency,157,Home
ADM_01059,P_00765,HOSP_003,DOC_007,DEPT_024,2024-12-17,2024-12-26,9,Emergency,220,Home
ADM_01060,P_02067,HOSP_005,DOC_029,DEPT_036,2024-02-02,2024-02-11,9,Emergency,207,Home
ADM_01061,P_02067,HOSP_005,DOC_029,DEPT_036,2024-02-23,2024-02-25,2,Emergency,314,home
ADM_01062,P_02548,HOSP_005,DOC_019,DEPT_039,2024-07-14,2024-07-17,3,Emergency,400,Rehabilitation
ADM_01063,P_00869,HOSP_003,DOC_031,DEPT_024,2024-07-25,2024-07-27,2,Emergency,,Home
ADM_01064,P_03010,HOSP_004,DOC_038,DEPT_031,2024-03-03,2024-03-06,3,Elective,318,Rehabilitation
ADM_01065,P_03010,HOSP_004,DOC_038,DEPT_031,2024-03-14,2024-03-18,4,Emergency,159,Home
ADM_01066,P_03328,HOSP_001,DOC_022,DEPT_001,2024-01-23,2024-01-29,6,Urgent,394,Home
ADM_01067,P_03343,HOSP_003,DOC_026,DEPT_020,2024-12-23,2024-12-29,6,emergency,503,Home
ADM_01068,P_01675,HOSP_001,DOC_033,DEPT_002,2024-12-30,2025-01-04,5,Urgent,388,Home
ADM_01069,P_02617,HOSP_005,DOC_003,DEPT_036,2024-01-22,2024-01-26,4,Elective,260,Home
ADM_01070,P_02135,HOSP_001,DOC_039,DEPT_007,2024-04-23,2024-04-27,4,Emergency,532,Home
ADM_01071,P_02228,HOSP_005,DOC_027,DEPT_037,2024-12-31,2025/01/04 00:00:00,4,Elective,151,Home
ADM_01072,P_03338,HOSP_005,DOC_015,DEPT_038,2024-09-20,2024-09-30,10,Emergency,492,Home
ADM_01073,P_00107,HOSP_003,DOC_011,DEPT_021,2024-10-27,2024-11-02,6,Emergency,198,Transferred
ADM_01074,P_03236,HOSP_001,DOC_034,DEPT_005,2024-01-06,2024-01-10,4,Emergency,115,Rehabilitation
ADM_01075,P_00281,HOSP_002,DOC_012,DEPT_014,2025-03-14,2025-03-18,4,Emergency,,  Home  
ADM_01076,P_00388,HOSP_001,DOC_035,DEPT_003,2024-02-17,2024-02-23,6,Urgent,297,Home
ADM_01077,P_03063,HOSP_003,DOC_006,DEPT_018,2024-11-02,2024-11-04,2,Emergency,396,Home
ADM_01078,P_00475,HOSP_004,DOC_013,DEPT_026,2025-04-12,2025-04-17,5,Emergency,291,Transferred
ADM_01079,P_00149,HOSP_001,DOC_023,DEPT_007,2024/06/21 00:00:00,2024-06-27,6,Emergency,516,Home
ADM_01080,P_03030,HOSP_004,DOC_038,DEPT_031,2024-04-23,2024-04-29,6,Urgent,372,Home
ADM_01081,P_03030,HOSP_004,DOC_038,DEPT_031,2024-05-18,2024-05-22,4,Emergency,321,Home
ADM_01082,P_03257,HOSP_002,DOC_032,DEPT_016,2024-02-09,2024-02-12,3,Elective,428,  Home  
ADM_01083,P_01275,HOSP_004,DOC_040,DEPT_027,2025-04-30,2025-05-01,1,Emergency,462,Transferred
ADM_01084,P_01275,HOSP_004,DOC_040,DEPT_027,2025-05-30,2025-06-08,9,Emergency,585,  Home  
ADM_01085,P_03481,HOSP_002,DOC_036,DEPT_016,2025-04-09,2025-04-21,12,Elective,579,Transferred
ADM_01086,P_01498,HOSP_005,DOC_002,DEPT_035,2024-09-08,2024-09-11,3,Urgent,407,Home
ADM_01087,P_01731,HOSP_003,DOC_006,DEPT_018,2024-03-19,2024-03-27,8,Urgent,516,Home
ADM_01088,P_01731,HOSP_003,DOC_006,DEPT_018,2024-04-23,2024-05-08,15,Emergency,199,Home
ADM_01089,P_01145,HOSP_005,DOC_037,DEPT_035,2024-06-29,2024-07-02,3,Emergency,,Home
ADM_01090,P_03161,HOSP_001,DOC_017,DEPT_008,2024-01-22,2024-01-26,4,elective,523,Rehabilitation
ADM_01091,P_03161,HOSP_001,DOC_017,DEPT_008,2024-02-19,2024-02-26,7,Emergency,137,Home
ADM_01092,P_01930,HOSP_002,DOC_032,DEPT_016,2024-07-04,2024-07-10,6,Elective,179,Home
ADM_01093,P_01045,HOSP_001,DOC_035,DEPT_003,01/04/2024,2024-01-09,5,Emergency,453,Home
ADM_01094,P_00743,HOSP_005,DOC_027,DEPT_037,2025-02-07,2025-02-11,4,Urgent,116,Home
ADM_01095,P_02662,HOSP_005,DOC_015,DEPT_038,2025-04-14,2025-04-20,6,EMERGENCY,525,Home
ADM_01096,P_01518,HOSP_001,DOC_005,DEPT_006,2024-08-07,2024-08-11,4,Emergency,186,Home
ADM_01097,P_00452,HOSP_001,DOC_008,DEPT_005,2024-10-10,2024-10-15,5,Emergency,132,Transferred
ADM_01098,P_02221,HOSP_003,DOC_006,DEPT_018,2025-04-05,2025-04-09,4,emergency,542,Home
ADM_01099,P_02737,HOSP_005,DOC_015,DEPT_038,2025-03-23,03/25/2025,2,Elective,574,Transferred
ADM_01100,P_00908,HOSP_004,DOC_013,DEPT_026,2024-01-31,2024-02-08,8,Emergency,547,Home
ADM_01101,P_03054,HOSP_001,DOC_033,DEPT_002,2025-01-28,2025-01-31,3,Elective,169,Home
ADM_01102,P_00244,HOSP_001,DOC_028,DEPT_005,2025-02-07,02/16/2025,9,Emergency,245,Home
ADM_01103,P_01397,HOSP_001,DOC_039,DEPT_007,2024-08-08,2024-08-16,8,Elective,,Home
ADM_01104,P_02480,HOSP_003,DOC_007,DEPT_024,2025-03-09,2025-03-14,5,  Emergency  ,298,Home
ADM_01105,P_02480,HOSP_003,DOC_007,DEPT_024,2025-04-04,2025-04-12,8,Emergency,490,Home
ADM_01106,P_01658,HOSP_002,DOC_036,DEPT_016,2024-01-25,2024-01-31,6,Urgent,276,Home
ADM_01107,P_00669,HOSP_003,DOC_006,DEPT_018,2024-02-03,2024-02-07,4,Emergency,211,Home
ADM_01108,P_00025,HOSP_001,DOC_034,DEPT_005,2024-03-03,2024-03-07,4,Emergency,152,Home
ADM_01109,P_02823,HOSP_002,DOC_036,DEPT_016,2025-01-28,2025-02-03,6,Emergency,507,Home
ADM_01110,P_03307,HOSP_005,DOC_027,DEPT_037,2025-03-05,2025-03-09,4,EMERGENCY,138,Home
ADM_01111,P_02047,HOSP_003,DOC_007,DEPT_024,2024-05-11,2024-05-15,4,  Emergency  ,530,Transferred
ADM_01112,P_00968,HOSP_005,DOC_018,DEPT_039,2024-08-05,2024-08-08,3,Elective,389,Home
ADM_01113,P_01444,HOSP_005,DOC_002,DEPT_035,2025-02-23,2025-03-01,6,Emergency,515,Home
ADM_01114,P_03481,HOSP_001,DOC_022,DEPT_001,2025-02-28,03-03-2025,3,Urgent,311,Home
ADM_01115,P_03391,HOSP_004,DOC_009,DEPT_030,2024-12-20,2024-12-27,7,Urgent,303,Home
ADM_01116,P_01771,HOSP_001,DOC_039,DEPT_007,2024-10-12,2024-10-19,7,Emergency,379,Home
ADM_01117,P_01427,HOSP_005,DOC_037,DEPT_035,2024-11-30,2024-12-06,6,Emergency,411,Home
ADM_01118,P_01124,HOSP_003,DOC_006,DEPT_018,2024-06-05,2024-06-12,7,Emergency,108,Home
ADM_01119,P_01190,HOSP_004,DOC_040,DEPT_027,2024-07-02,2024-07-08,6,Elective,433,Transferred
ADM_01120,P_01190,HOSP_004,DOC_040,DEPT_027,2024-07-24,2024-08-02,9,Emergency,191,Home
ADM_01121,P_01296,HOSP_004,DOC_013,DEPT_026,2024-12-11,2024-12-18,7,Elective,,Home
ADM_01122,P_01664,HOSP_004,DOC_025,DEPT_032,2024-11-05,2024-11-10,5,Emergency,276,Home
ADM_01123,P_00800,HOSP_005,DOC_003,DEPT_036,2024-02-19,2024-02-27,8,Emergency,246,Transferred
ADM_01124,P_02030,HOSP_004,DOC_009,DEPT_030,2024-09-25,2024-09-29,4,Urgent,340,Home
ADM_01125,P_01203,HOSP_004,DOC_025,DEPT_032,2025-03-31,2025-04-03,3,Elective,107,Home
ADM_01126,P_00552,HOSP_004,DOC_025,DEPT_032,2024-03-07,2024-03-10,3,Elective,298,Home
ADM_01127,P_00348,HOSP_001,DOC_008,DEPT_005,2025-01-23,2025-01-27,4,Emergency,468,Home
ADM_01128,P_02213,HOSP_003,DOC_026,DEPT_020,2024-08-10,2024-08-11,1,Emergency,405,Home
ADM_01129,P_02139,HOSP_004,DOC_009,DEPT_030,2024-05-18,2024-05-23,5,Urgent,380,Home
ADM_01130,P_02436,HOSP_005,DOC_027,DEPT_037,2024-09-04,2024-09-10,6,Elective,289,Home
ADM_01131,P_01551,HOSP_003,DOC_011,DEPT_021,03/05/2025,2025-03-12,7,Elective,450,Home
ADM_01132,P_01551,HOSP_003,DOC_011,DEPT_021,2025-03-20,2025-03-22,2,Emergency,132,UNKNOWN_VAL
ADM_01133,P_01491,HOSP_002,DOC_032,DEPT_016,2025-05-02,2025-05-05,3,Emergency,580,Home
ADM_01134,P_00605,HOSP_003,DOC_021,DEPT_019,2024-03-16,2024-03-23,7,Emergency,274,Hospice
ADM_01135,P_00621,HOSP_001,DOC_022,DEPT_001,2025-02-27,2025-03-03,4,Elective,100,Transferred
ADM_01136,P_02135,HOSP_003,DOC_021,DEPT_019,2025-01-16,2025-01-22,6,Urgent,258,Transferred
ADM_01137,P_02459,HOSP_004,DOC_025,DEPT_032,2025-03-25,2025-03-27,2,Emergency,285,Home
ADM_01138,P_03479,HOSP_001,DOC_004,DEPT_005,2024-06-22,2024-07-01,9,  Elective  ,284,Home
ADM_01139,P_00933,HOSP_001,DOC_022,DEPT_001,2024-04-11,2024-04-13,2,Elective,160,home
ADM_01140,P_02110,HOSP_005,DOC_018,DEPT_039,2024-07-09,2024-07-14,5,Urgent,413,Home
ADM_01141,P_02555,HOSP_005,DOC_015,DEPT_038,2024/05/27 00:00:00,2024-06-01,5,Elective,164,Home
ADM_01142,P_02973,HOSP_001,DOC_008,DEPT_005,2024-01-04,01/07/2024,3,Elective,571,Rehabilitation
ADM_01143,P_02371,HOSP_005,DOC_018,DEPT_039,2025-04-14,2025-04-20,6,Emergency,,Home
ADM_01144,P_00447,HOSP_005,DOC_018,DEPT_039,2025-04-10,2025-04-16,6,Elective,243,Transferred
ADM_01145,P_00127,HOSP_001,DOC_035,DEPT_003,2025-04-19,04/25/2025,6,Elective,235,Home
ADM_01146,P_02846,HOSP_004,DOC_013,DEPT_026,2024-12-14,2024-12-17,3,Urgent,527,Home
ADM_01147,P_01974,HOSP_004,DOC_038,DEPT_031,2025-01-25,2025-01-28,3,Elective,255,Home
ADM_01148,P_00185,HOSP_003,DOC_010,DEPT_021,2024-02-19,2024-02-23,4,Urgent,371,Home
ADM_01149,P_00604,HOSP_005,DOC_015,DEPT_038,2024-02-17,2024-02-20,3,Emergency,389,Home
ADM_01150,P_03055,HOSP_001,DOC_034,DEPT_005,2024-02-11,2024-02-19,8,Elective,591,Home
ADM_01151,P_00175,HOSP_005,DOC_037,DEPT_035,2024-07-15,2024-07-19,4,Emergency,598,Home
ADM_01152,P_01673,HOSP_001,DOC_023,DEPT_007,2024-08-25,2024-08-30,5,Elective,512,Home
ADM_01153,P_01673,HOSP_001,DOC_023,DEPT_007,2024-09-08,2024-09-17,9,Emergency,447,  Home  
ADM_01154,P_01362,HOSP_003,DOC_024,DEPT_024,2024-09-15,2024-09-18,3,Elective,497,Hospice
ADM_01155,P_01421,HOSP_004,DOC_009,DEPT_030,2024-08-01,2024-08-03,2,Emergency,357,Home
ADM_01156,P_02141,HOSP_001,DOC_035,DEPT_003,2024-03-14,2024-03-17,3,Emergency,352,Transferred
ADM_01157,P_00611,HOSP_003,DOC_021,DEPT_019,08-06-2024,2024-06-13,5,Emergency,427,Home
ADM_01158,P_01319,HOSP_004,DOC_013,DEPT_026,2024-06-16,06/21/2024,5,Emergency,596,Rehabilitation
ADM_01159,P_02157,HOSP_002,DOC_036,DEPT_016,2025-01-22,2025-01-28,6,Emergency,123,Home
ADM_01160,P_01032,HOSP_001,DOC_022,DEPT_001,2024-07-06,2024-07-10,4,Emergency,195,Home
ADM_01161,P_02093,HOSP_003,DOC_031,DEPT_024,2024-03-22,2024-03-23,1,Emergency,303,Home
ADM_01162,P_01937,HOSP_001,DOC_028,DEPT_005,2024-07-13,2024-07-17,4,Urgent,372,Home
ADM_01163,P_00527,HOSP_001,DOC_035,DEPT_003,2024-10-06,2024-10-13,7,Urgent,461,Home
ADM_01164,P_02853,HOSP_001,DOC_033,DEPT_002,2024-08-16,2024-08-24,8,Emergency,128,Home
ADM_01165,P_02564,HOSP_003,DOC_031,DEPT_024,2024-06-09,2024-06-14,5,Emergency,520,Home
ADM_01166,P_00882,HOSP_004,DOC_025,DEPT_032,2024-10-11,2024-10-16,5,Emergency,290,Home
ADM_01167,P_02906,HOSP_004,DOC_009,DEPT_030,2024-07-21,2024-07-27,6,EMERGENCY,117,Home
ADM_01168,P_01970,HOSP_005,DOC_019,DEPT_039,2024-12-30,2025-01-07,8,Urgent,504,Home
ADM_01169,P_00901,HOSP_003,DOC_001,DEPT_023,2024-11-21,2024-11-26,5,Urgent,298,Home
ADM_01170,P_00901,HOSP_003,DOC_001,DEPT_023,2024-12-08,2024-12-16,8,Emergency,282,Home
ADM_01171,P_00584,HOSP_004,DOC_038,DEPT_031,2025-02-07,2025-02-10,3,Urgent,256,Home
ADM_01172,P_01444,HOSP_002,DOC_030,DEPT_014,2024-06-08,2024-06-10,2,Emergency,135,Home
ADM_01173,P_02438,HOSP_004,DOC_040,DEPT_027,2025-03-11,2025-03-14,3,Elective,,Transferred
ADM_01174,P_00929,HOSP_005,DOC_015,DEPT_038,2025-02-23,2025-03-04,9,Emergency,397,Home
ADM_01175,P_01847,HOSP_003,DOC_011,DEPT_021,2024-11-14,2024-11-20,6,Emergency,114,Home
ADM_01176,P_00378,HOSP_005,DOC_002,DEPT_035,2025-01-19,2025-01-21,2,Emergency,424,Home
ADM_01177,P_01240,HOSP_005,DOC_015,DEPT_038,2024-05-30,2024-06-05,6,Emergency,286,Home
ADM_01178,P_03027,HOSP_001,DOC_035,DEPT_003,2024-12-24,2024-12-26,2,Emergency,311,Home
ADM_01179,P_03027,HOSP_001,DOC_035,DEPT_003,2025/01/21 00:00:00,2025-01-28,7,Emergency,371,Home
ADM_01180,P_02145,HOSP_001,DOC_033,DEPT_002,2024-02-17,2024-02-20,3,Urgent,306,Home
ADM_01181,P_02145,HOSP_001,DOC_033,DEPT_002,2024/03/16 00:00:00,2024-03-19,3,Emergency,576,HOME
ADM_01182,P_03314,HOSP_004,DOC_009,DEPT_030,2024-02-29,2024-03-10,10,Emergency,355,Home
ADM_01183,P_02487,HOSP_001,DOC_017,DEPT_008,2024-04-21,2024-04-25,4,Elective,212,Hospice
ADM_01184,P_02110,HOSP_004,DOC_009,DEPT_030,2024-09-08,2024-09-14,6,Urgent,123,  Home  
ADM_01185,P_00863,HOSP_002,DOC_014,DEPT_009,2024-03-01,2024-03-06,5,Emergency,545,Home
ADM_01186,P_02467,HOSP_003,DOC_021,DEPT_019,2024-05-15,2024-05-18,3,Elective,324,rehabilitation
ADM_01187,P_00057,HOSP_005,DOC_019,DEPT_039,2024-08-18,2024-08-22,4,Emergency,259,Home
ADM_01188,P_02998,HOSP_001,DOC_034,DEPT_005,2024-04-21,2024-04-24,3,Elective,258,Home
ADM_01189,P_01884,HOSP_003,DOC_031,DEPT_024,2025-01-05,2025-01-19,14,Urgent,335,Home
ADM_01190,P_00074,HOSP_005,DOC_015,DEPT_038,2024-07-25,2024-08-01,7,emergency,,Transferred
ADM_01191,P_01447,HOSP_003,DOC_026,DEPT_020,2024-01-07,2024-01-12,5,Emergency,293,Hospice
ADM_01192,P_02938,HOSP_004,DOC_009,DEPT_030,2024-03-23,2024-03-29,6,Urgent,179,Home
ADM_01193,P_00493,HOSP_002,DOC_012,DEPT_014,2025-02-07,2025-02-14,7,Elective,161,Home
ADM_01194,P_02380,HOSP_002,DOC_014,DEPT_009,2025-03-15,2025-03-22,7,Urgent,590,Home
ADM_01195,P_02201,HOSP_003,DOC_011,DEPT_021,2024-09-03,2024-09-09,6,Elective,325,Home
ADM_01196,P_02201,HOSP_003,DOC_011,DEPT_021,2024-09-20,2024-09-28,8,Emergency,462,Home
ADM_01197,P_03238,HOSP_002,DOC_014,DEPT_009,2024-11-02,2024-11-07,5,Emergency,,Transferred
ADM_01198,P_01227,HOSP_003,DOC_024,DEPT_024,2024-11-25,2024-12-05,10,Elective,391,Transferred
ADM_01199,P_00681,HOSP_005,DOC_003,DEPT_036,2025-04-05,2025-04-10,5,Emergency,303,Home
ADM_01200,P_00133,HOSP_005,DOC_018,DEPT_039,05-10-2024,2024-10-10,5,Emergency,193,Home
ADM_01201,P_00133,HOSP_005,DOC_018,DEPT_039,2024-11-02,2024-11-09,7,  Emergency  ,568,Home
ADM_01202,P_01084,HOSP_002,DOC_014,DEPT_009,2024-06-23,2024-06-28,5,Elective,396,Home
ADM_01203,P_02304,HOSP_003,DOC_006,DEPT_018,2024-02-27,02/29/2024,2,Urgent,540,Home
ADM_01204,P_03270,HOSP_001,DOC_028,DEPT_005,2024-06-28,2024-07-01,3,Emergency,192,Hospice
ADM_01205,P_03270,HOSP_001,DOC_028,DEPT_005,2024-07-16,2024-07-22,6,Emergency,483,HOME
ADM_01206,P_00963,HOSP_002,DOC_030,DEPT_014,2024-10-12,2024-10-14,2,Elective,462,Home
ADM_01207,P_00078,HOSP_001,DOC_020,DEPT_008,2024-10-13,2024-10-18,5,Elective,504,Rehabilitation
ADM_01208,P_00078,HOSP_001,DOC_020,DEPT_008,2024-11-10,2024-11-17,7,Emergency,586,Home
ADM_01209,P_02167,HOSP_003,DOC_007,DEPT_024,2024-02-12,2024-02-14,2,Elective,396,Home
ADM_01210,P_01433,HOSP_003,DOC_024,DEPT_024,2025-01-12,2025-01-15,3,Urgent,420,Home
ADM_01211,P_02908,HOSP_003,DOC_024,DEPT_024,2024-10-20,2024-10-29,9,Urgent,418,Home
ADM_01212,P_01011,HOSP_002,DOC_032,DEPT_016,2024-10-20,2024-10-26,6,Elective,206,Rehabilitation
ADM_01213,P_03126,HOSP_005,DOC_027,DEPT_037,2024-04-09,2024-04-15,6,Urgent,395,Home
ADM_01214,P_02034,HOSP_002,DOC_012,DEPT_014,2024-09-07,2024-09-15,8,Emergency,352,Home
ADM_01215,P_02034,HOSP_002,DOC_012,DEPT_014,2024-09-29,2024-10-03,4,Emergency,390,Home
ADM_01216,P_00859,HOSP_003,DOC_024,DEPT_024,2025-02-07,2025-02-09,2,Elective,526,home
ADM_01217,P_00366,HOSP_002,DOC_032,DEPT_016,2024-05-11,2024-05-18,7,Urgent,277,home
ADM_01218,P_00902,HOSP_002,DOC_036,DEPT_016,2024-01-13,2024-01-17,4,Urgent,509,Home
ADM_01219,P_01220,HOSP_002,DOC_012,DEPT_014,2024-08-09,2024-08-12,3,Elective,198,Transferred
ADM_01220,P_00822,HOSP_001,DOC_039,DEPT_007,2024-11-06,2024-11-08,2,Emergency,,Transferred
ADM_01221,P_01664,HOSP_001,DOC_008,DEPT_005,2024-07-05,2024-07-10,5,Urgent,138,Home
ADM_01222,P_00336,HOSP_005,DOC_015,DEPT_038,2024-11-08,2024-11-12,4,Emergency,595,Home
ADM_01223,P_00001,HOSP_001,DOC_020,DEPT_008,2024-05-24,2024-05-28,4,Emergency,597,Home
ADM_01224,P_00001,HOSP_001,DOC_020,DEPT_008,2024-06-19,2024-06-21,2,Emergency,180,Home
ADM_01225,P_03106,HOSP_001,DOC_005,DEPT_006,2024-05-13,2024-05-23,10,Urgent,144,Home
ADM_01226,P_00011,HOSP_001,DOC_034,DEPT_005,2025-05-01,05/03/2025,2,Emergency,296,Transferred
ADM_01227,P_03373,HOSP_001,DOC_017,DEPT_008,2025-02-26,2025-03-02,4,Elective,259,UNKNOWN_VAL
ADM_01228,P_03438,HOSP_001,DOC_039,DEPT_007,2024-10-19,2024-10-23,4,Urgent,563,Home
ADM_01229,P_01972,HOSP_005,DOC_015,DEPT_038,2024-09-28,2024-10-04,6,Elective,332,Home
ADM_01230,P_02512,HOSP_005,DOC_037,DEPT_035,2024-07-14,2024-07-16,2,Elective,331,Home
ADM_01231,P_02512,HOSP_005,DOC_037,DEPT_035,2024-07-20,2024-07-28,8,Emergency,399,Home
ADM_01232,P_02768,HOSP_003,DOC_026,DEPT_020,2024-03-01,2024-03-06,5,  Emergency  ,199,Home
ADM_01233,P_01877,HOSP_002,DOC_012,DEPT_014,2024-08-09,2024-08-12,3,Emergency,129,Home
ADM_01234,P_01491,HOSP_001,DOC_033,DEPT_002,2025-02-12,2025-02-18,6,Emergency,181,Home
ADM_01235,P_01094,HOSP_003,DOC_024,DEPT_024,2024-11-13,2024-11-18,5,  Urgent  ,532,Home
ADM_01236,P_01492,HOSP_003,DOC_024,DEPT_024,2025-04-13,2025-04-24,11,Elective,180,HOME
ADM_01237,P_03147,HOSP_002,DOC_032,DEPT_016,2024-08-27,2024-08-31,4,Emergency,271,Home
ADM_01238,P_01263,HOSP_004,DOC_040,DEPT_027,2024-02-19,2024-02-22,3,Urgent,355,HOME
ADM_01239,P_01263,HOSP_004,DOC_040,DEPT_027,2024-03-21,2024-03-29,8,Emergency,193,Home
ADM_01240,P_02991,HOSP_005,DOC_027,DEPT_037,2024-01-03,2024-01-07,4,URGENT,360,Home
ADM_01241,P_01394,HOSP_005,DOC_027,DEPT_037,17-09-2024,2024-09-21,4,Elective,428,home
ADM_01242,P_01721,HOSP_001,DOC_005,DEPT_006,2024-01-18,2024-01-20,2,Urgent,444,Home
ADM_01243,P_02478,HOSP_003,DOC_031,DEPT_024,2024-04-12,2024-04-18,6,Urgent,595,Home
ADM_01244,P_01962,HOSP_004,DOC_038,DEPT_031,2024-05-30,2024-06-02,3,Urgent,568,Rehabilitation
ADM_01245,P_00797,HOSP_005,DOC_027,DEPT_037,2024-05-20,2024-05-25,5,Emergency,186,Home
ADM_01246,P_01568,HOSP_004,DOC_013,DEPT_026,2024-03-17,2024-03-29,12,Elective,436,Transferred
ADM_01247,P_01738,HOSP_001,DOC_023,DEPT_007,2024-10-31,2024-11-04,4,Emergency,235,Rehabilitation
ADM_01248,P_03013,HOSP_001,DOC_022,DEPT_001,2024-09-22,2024-09-29,7,Emergency,297,Home
ADM_01249,P_03013,HOSP_001,DOC_022,DEPT_001,2024-10-28,2024-11-03,6,Emergency,398,home
ADM_01250,P_02593,HOSP_001,DOC_017,DEPT_008,2025-05-12,2025-05-15,3,Emergency,281,Home
ADM_01251,P_03315,HOSP_002,DOC_016,DEPT_009,2024-05-20,2024-05-29,9,Urgent,542,Rehabilitation
ADM_01252,P_01310,HOSP_005,DOC_003,DEPT_036,2025-01-02,2025-01-03,1,Elective,496,Home
ADM_01253,P_01310,HOSP_005,DOC_003,DEPT_036,2025-01-20,2025-01-30,10,Emergency,353,Home
ADM_01254,P_00695,HOSP_001,DOC_039,DEPT_007,2024-11-27,2024-11-28,1,Emergency,447,Home
ADM_01255,P_03407,HOSP_001,DOC_034,DEPT_005,2024-11-08,2024-11-15,7,Emergency,428,Rehabilitation
ADM_01256,P_02555,HOSP_001,DOC_017,DEPT_008,2024-06-19,2024-06-24,5,Urgent,512,Home
ADM_01257,P_03338,HOSP_001,DOC_023,DEPT_007,2024-05-23,2024-05-26,3,Elective,495,REHABILITATION
ADM_01258,P_01975,HOSP_001,DOC_034,DEPT_005,2024-01-04,2024-01-08,4,Emergency,,Home
ADM_01259,P_02988,HOSP_001,DOC_035,DEPT_003,2024-07-09,2024-07-15,6,Urgent,195,Home
ADM_01260,P_02956,HOSP_001,DOC_039,DEPT_007,2024-03-02,2024-03-14,12,Emergency,255,Home
ADM_01261,P_02150,HOSP_005,DOC_003,DEPT_036,2024-12-22,2024-12-24,2,Urgent,114,Transferred
ADM_01262,P_01945,HOSP_005,DOC_015,DEPT_038,2024-08-22,2024-08-25,3,Emergency,548,Hospice
ADM_01263,P_01945,HOSP_005,DOC_015,DEPT_038,2024-09-08,2024-09-11,3,Emergency,100,Home
ADM_01264,P_02957,HOSP_004,DOC_025,DEPT_032,2024-04-21,2024-04-25,4,Emergency,231,Deceased
ADM_01265,P_03435,HOSP_005,DOC_002,DEPT_035,2024-06-09,2024/06/16 00:00:00,7,Emergency,550,Transferred
ADM_01266,P_00579,HOSP_005,DOC_027,DEPT_037,2024-07-03,2024-07-05,2,Elective,331,Transferred
ADM_01267,P_00579,HOSP_005,DOC_027,DEPT_037,2024-07-21,2024-07-27,6,EMERGENCY,205,Home
ADM_01268,P_00828,HOSP_005,DOC_019,DEPT_039,2025-04-18,2025-04-25,7,Emergency,318,Home
ADM_01269,P_01092,HOSP_003,DOC_026,DEPT_020,2025-03-18,2025-03-22,4,Emergency,211,Home
ADM_01270,P_03485,HOSP_004,DOC_009,DEPT_030,2025-04-07,2025-04-12,5,  Elective  ,392,transferred
ADM_01271,P_02537,HOSP_003,DOC_031,DEPT_024,2024-05-15,2024-05-23,8,Emergency,500,Home
ADM_01272,P_00220,HOSP_005,DOC_037,DEPT_035,2024-05-25,2024/05/27 00:00:00,2,Urgent,549,Home
ADM_01273,P_00364,HOSP_005,DOC_002,DEPT_035,2024/04/01 00:00:00,2024-04-03,2,Elective,347,Home
ADM_01274,P_00452,HOSP_001,DOC_039,DEPT_007,2024-06-16,2024-06-21,5,Emergency,365,Home
ADM_01275,P_01075,HOSP_004,DOC_038,DEPT_031,2025-03-27,2025-04-01,5,Elective,,Home
ADM_01276,P_00829,HOSP_001,DOC_034,DEPT_005,2024-04-10,2024-04-13,3,Urgent,111,Transferred
ADM_01277,P_01750,HOSP_003,DOC_006,DEPT_018,2024-05-14,2024-05-17,3,Emergency,328,Rehabilitation
ADM_01278,P_02685,HOSP_003,DOC_024,DEPT_024,2024-05-18,2024-05-23,5,Elective,402,Home
ADM_01279,P_00862,HOSP_001,DOC_022,DEPT_001,2024-01-12,2024-01-14,2,Urgent,442,Rehabilitation
ADM_01280,P_03103,HOSP_002,DOC_012,DEPT_014,2024-07-28,2024-07-30,2,Emergency,114,Transferred
ADM_01281,P_02975,HOSP_003,DOC_026,DEPT_020,2025-03-16,2025/03/22 00:00:00,6,Elective,487,Home
ADM_01282,P_01927,HOSP_001,DOC_004,DEPT_005,2024-09-03,2024-09-05,2,Emergency,,Transferred
ADM_01283,P_01927,HOSP_001,DOC_004,DEPT_005,2024-09-11,2024-09-13,2,Emergency,582,Home
ADM_01284,P_00656,HOSP_001,DOC_039,DEPT_007,2024-04-03,2024-04-06,3,Emergency,572,Home
ADM_01285,P_00656,HOSP_001,DOC_039,DEPT_007,2024-04-15,2024-04-20,5,Emergency,391,  Home  
ADM_01286,P_00450,HOSP_004,DOC_009,DEPT_030,2024-04-06,2024/04/12 00:00:00,6,Elective,406,Home
ADM_01287,P_02641,HOSP_004,DOC_038,DEPT_031,2024-09-23,2024-09-26,3,Urgent,152,Hospice
ADM_01288,P_02867,HOSP_002,DOC_014,DEPT_009,2025-04-10,2025-04-19,9,Urgent,578,Home
ADM_01289,P_02051,HOSP_005,DOC_029,DEPT_036,2024-01-05,2024-01-10,5,Emergency,498,UNKNOWN_VAL
ADM_01290,P_00048,HOSP_002,DOC_032,DEPT_016,2024-10-23,2024/10/26 00:00:00,3,Emergency,510,Home
ADM_01291,P_03088,HOSP_003,DOC_026,DEPT_020,2025-03-08,2025-03-14,6,Elective,115,Home
ADM_01292,P_03354,HOSP_001,DOC_028,DEPT_005,2024-05-16,2024-05-25,-9,emergency,332,Home
ADM_01293,P_02162,HOSP_002,DOC_014,DEPT_009,2025/01/24 00:00:00,2025-01-30,6,Elective,325,Home
ADM_01294,P_02175,HOSP_005,DOC_018,DEPT_039,2024-09-19,2024-09-21,2,Urgent,216,Transferred
ADM_01295,P_01042,HOSP_001,DOC_034,DEPT_005,2025-03-06,2025-03-10,4,Elective,,Home
ADM_01296,P_01346,HOSP_005,DOC_019,DEPT_039,2024-12-19,2024-12-24,5,Elective,549,Transferred
ADM_01297,P_01075,HOSP_004,DOC_040,DEPT_027,2024-03-07,2024-03-13,6,Elective,414,Home
ADM_01298,P_00041,HOSP_004,DOC_013,DEPT_026,2024/03/01 00:00:00,2024/03/05 00:00:00,4,Urgent,519,  Home  
ADM_01299,P_02073,HOSP_002,DOC_016,DEPT_009,2025-02-09,2025-02-13,4,Elective,231,Home
ADM_01300,P_01007,HOSP_003,DOC_006,DEPT_018,2024-08-07,2024-08-18,11,ELECTIVE,482,Home
ADM_01301,P_02557,HOSP_001,DOC_033,DEPT_002,2025-02-28,2025-03-06,6,Emergency,236,Home
ADM_01302,P_00171,HOSP_002,DOC_036,DEPT_016,2024-10-14,2024-10-20,6,Elective,480,Rehabilitation
ADM_01303,P_02407,HOSP_002,DOC_014,DEPT_009,2024-01-13,2024-01-16,3,Emergency,420,Home
ADM_01304,P_02407,HOSP_002,DOC_014,DEPT_009,2024-02-08,2024-02-11,3,Emergency,554,Home
ADM_01305,P_01523,HOSP_001,DOC_028,DEPT_005,2024-01-03,2024-01-09,6,Urgent,179,Transferred
ADM_01306,P_01734,HOSP_004,DOC_040,DEPT_027,2024-11-15,2024-11-22,7,Elective,285,Home
ADM_01307,P_00652,HOSP_002,DOC_014,DEPT_009,2025-03-02,2025-03-06,4,Urgent,166,Home
ADM_01308,P_02487,HOSP_001,DOC_039,DEPT_007,2024-12-03,2024-12-09,6,Elective,212,home
ADM_01309,P_00088,HOSP_001,DOC_039,DEPT_007,2025-02-25,2025-03-03,6,Urgent,283,Rehabilitation
ADM_01310,P_03481,HOSP_003,DOC_026,DEPT_020,2024-06-29,2024-07-06,7,Emergency,225,Home
ADM_01311,P_00121,HOSP_005,DOC_029,DEPT_036,2024-11-01,2024-11-03,2,Elective,280,Home
ADM_01312,P_01128,HOSP_001,DOC_004,DEPT_005,2025-02-15,2025-02-19,4,Emergency,573,Home
ADM_01313,P_00670,HOSP_005,DOC_002,DEPT_035,2024-03-01,2024-03-07,6,Emergency,411,Hospice
ADM_01314,P_01464,HOSP_002,DOC_014,DEPT_009,2024-02-17,2024-02-22,5,Elective,,Rehabilitation
ADM_01315,P_01464,HOSP_002,DOC_014,DEPT_009,2024-02-29,2024-03-09,9,Emergency,202,Home
ADM_01316,P_00322,HOSP_001,DOC_035,DEPT_003,2024-03-12,2024-03-18,6,Elective,454,Transferred
ADM_01317,P_02119,HOSP_004,DOC_009,DEPT_030,2025-02-17,2025-02-18,1,Urgent,547,Home
ADM_01318,P_02119,HOSP_004,DOC_009,DEPT_030,2025-03-15,2025-03-25,10,Emergency,116,HOME
ADM_01319,P_02321,HOSP_002,DOC_016,DEPT_009,2025-04-10,2025-04-13,3,Urgent,277,Rehabilitation
ADM_01320,P_01218,HOSP_001,DOC_034,DEPT_005,27-05-2024,2024-05-30,3,Elective,364,Home
ADM_01321,P_01471,HOSP_005,DOC_029,DEPT_036,2025-01-22,2025-01-30,8,Urgent,553,Home
ADM_01322,P_00838,HOSP_004,DOC_038,DEPT_031,2025-02-19,2025-02-25,6,Elective,238,Home
ADM_01323,P_01350,HOSP_003,DOC_021,DEPT_019,2024-05-01,2024-05-09,8,Elective,539,Home
ADM_01324,P_00347,HOSP_001,DOC_035,DEPT_003,2024-03-21,2024-03-26,5,Elective,196,Transferred
ADM_01325,P_00566,HOSP_001,DOC_028,DEPT_005,2025-04-22,2025-04-26,4,Emergency,281,Home
ADM_01326,P_00404,HOSP_001,DOC_033,DEPT_002,2024-06-24,2024-06-29,5,Emergency,431,Home
ADM_01327,P_01913,HOSP_005,DOC_027,DEPT_037,2025-01-31,2025-02-02,2,Elective,,Home
ADM_01328,P_00325,HOSP_001,DOC_022,DEPT_001,2025-04-08,2025-04-10,2,Emergency,127,HOME
ADM_01329,P_02103,HOSP_001,DOC_008,DEPT_005,2024-10-21,2024-10-24,3,Emergency,525,Home
ADM_01330,P_02542,HOSP_001,DOC_022,DEPT_001,2025-03-08,2025-03-18,10,  Emergency  ,332,Home
ADM_01331,P_01588,HOSP_003,DOC_007,DEPT_024,2024-12-11,2024-12-14,3,Elective,462,Home
ADM_01332,P_03122,HOSP_005,DOC_019,DEPT_039,2024-09-19,2024-09-21,2,Elective,158,Home
ADM_01333,P_03463,HOSP_003,DOC_021,DEPT_019,2025-01-12,2025-01-16,4,Emergency,435,Home
ADM_01334,P_01046,HOSP_005,DOC_019,DEPT_039,2024-07-27,2024-07-30,3,Elective,569,Home
ADM_01335,P_01362,HOSP_005,DOC_002,DEPT_035,2024-08-15,2024-08-23,8,Urgent,576,Home
ADM_01336,P_01362,HOSP_005,DOC_002,DEPT_035,2024-09-20,2024-10-02,12,Emergency,280,Home
ADM_01337,P_02464,HOSP_002,DOC_014,DEPT_009,2024-07-07,2024-07-11,4,Urgent,139,UNKNOWN_VAL
ADM_01338,P_00254,HOSP_001,DOC_033,DEPT_002,2025-01-22,2025-01-27,5,Elective,328,Home
ADM_01339,P_01797,HOSP_001,DOC_022,DEPT_001,2024-06-02,2024-06-07,5,Emergency,421,Transferred
ADM_01340,P_02035,HOSP_002,DOC_032,DEPT_016,2024-05-19,2024-05-23,4,Emergency,289,Rehabilitation
ADM_01341,P_01163,HOSP_001,DOC_008,DEPT_005,2024-03-05,2024-03-09,4,Emergency,535,Home
ADM_01342,P_01182,HOSP_004,DOC_038,DEPT_031,2025-02-19,2025-02-22,3,Urgent,340,  Home  
ADM_01343,P_02522,HOSP_005,DOC_003,DEPT_036,2024-01-09,2024-01-10,1,Elective,547,Home
ADM_01344,P_01356,HOSP_003,DOC_024,DEPT_024,2024-11-03,2024-11-06,3,urgent,258,Home
ADM_01345,P_02332,HOSP_005,DOC_027,DEPT_037,2024-08-24,2024-08-28,4,Urgent,532,Rehabilitation
ADM_01346,P_01788,HOSP_001,DOC_028,DEPT_005,2024-03-08,2024-03-10,2,Emergency,503,Home
ADM_01347,P_01728,HOSP_002,DOC_032,DEPT_016,2024-03-01,2024-03-06,5,Emergency,213,Home
ADM_01348,P_01728,HOSP_002,DOC_032,DEPT_016,2024-03-09,2024-03-15,6,Emergency,576,  Home  
ADM_01349,P_00692,HOSP_005,DOC_029,DEPT_036,2024-08-08,2024-08-11,3,Emergency,505,Home
ADM_01350,P_00086,HOSP_004,DOC_025,DEPT_032,2024-06-03,2024-06-07,4,Emergency,497,Home
ADM_01351,P_02011,HOSP_003,DOC_010,DEPT_021,2024-12-13,2024-12-15,2,Elective,512,Home
ADM_01352,P_00258,HOSP_005,DOC_019,DEPT_039,2025-02-22,2025-03-01,7,Emergency,421,Home
ADM_01353,P_00258,HOSP_005,DOC_019,DEPT_039,2025-03-07,2025-03-16,9,Emergency,354,Home
ADM_01354,P_02610,HOSP_001,DOC_004,DEPT_005,2024-01-29,2024-01-31,2,Emergency,272,Hospice
ADM_01355,P_02277,HOSP_002,DOC_016,DEPT_009,2025-02-08,2025-02-10,2,Emergency,,Home
ADM_01356,P_01378,HOSP_003,DOC_024,DEPT_024,2025-04-17,2025-04-20,3,Emergency,162,Home
ADM_01357,P_01737,HOSP_002,DOC_036,DEPT_016,2025-05-04,2025-05-10,6,Urgent,290,Home
ADM_01358,P_03254,HOSP_003,DOC_031,DEPT_024,2024-12-24,2024-12-29,5,Urgent,312,Transferred
ADM_01359,P_02085,HOSP_001,DOC_004,DEPT_005,2024-10-13,2024-10-21,8,  Urgent  ,488,Home
ADM_01360,P_00032,HOSP_001,DOC_020,DEPT_008,2025-02-15,2025-02-23,8,Elective,357,Home
ADM_01361,P_01710,HOSP_001,DOC_004,DEPT_005,2024-05-30,2024-06-01,2,Emergency,289,Home
ADM_01362,P_02788,HOSP_003,DOC_031,DEPT_024,2024-10-13,10/19/2024,6,EMERGENCY,420,Home
ADM_01363,P_01872,HOSP_004,DOC_038,DEPT_031,2024-04-28,2024-05-06,8,Emergency,554,Home
ADM_01364,P_01872,HOSP_004,DOC_038,DEPT_031,2024-05-28,2024-06-02,5,EMERGENCY,449,Home
ADM_01365,P_00994,HOSP_001,DOC_005,DEPT_006,2024-12-08,2024-12-12,4,Elective,394,Home
ADM_01366,P_02121,HOSP_001,DOC_033,DEPT_002,10/06/2024,2024-10-10,4,Emergency,145,Home
ADM_01367,P_00137,HOSP_003,DOC_024,DEPT_024,2024-07-09,2024-07-13,4,Elective,405,Home
ADM_01368,P_00137,HOSP_003,DOC_024,DEPT_024,2024-07-19,2024-07-28,9,Emergency,289,Home
ADM_01369,P_03446,HOSP_002,DOC_014,DEPT_009,2024-03-29,2024-04-08,10,Emergency,124,Home
ADM_01370,P_00136,HOSP_004,DOC_040,DEPT_027,2024-12-28,2025-01-06,9,Emergency,221,Home
ADM_01371,P_02899,HOSP_002,DOC_014,DEPT_009,2025-04-26,2025-04-29,3,Elective,400,Home
ADM_01372,P_02899,HOSP_002,DOC_014,DEPT_009,2025-05-02,2025-05-09,7,Emergency,440,Home
ADM_01373,P_02741,HOSP_002,DOC_016,DEPT_009,2024-10-05,2024-10-08,3,Elective,186,Home
ADM_01374,P_02683,HOSP_001,DOC_005,DEPT_006,2024-10-13,2024-10-16,3,Elective,252,home
ADM_01375,P_01161,HOSP_005,DOC_029,DEPT_036,2024-09-23,2024-09-27,4,Emergency,495,Transferred
ADM_01376,P_01161,HOSP_005,DOC_029,DEPT_036,2024-10-12,2024-10-16,4,Emergency,227,Home
ADM_01377,P_03063,HOSP_005,DOC_018,DEPT_039,2025-03-26,2025-03-29,3,Urgent,104,Home
ADM_01378,P_02227,HOSP_005,DOC_015,DEPT_038,2024-06-02,2024-06-07,5,Elective,250,Home
ADM_01379,P_00764,HOSP_003,DOC_026,DEPT_020,2024-08-10,2024-08-16,6,Emergency,472,Home
ADM_01380,P_03344,HOSP_005,DOC_027,DEPT_037,2024-06-06,2024-06-12,6,Emergency,337,  Home  
ADM_01381,P_02656,HOSP_002,DOC_036,DEPT_016,2024-04-09,2024-04-15,6,  Elective  ,489,Transferred
ADM_01382,P_02028,HOSP_001,DOC_039,DEPT_007,2025-02-24,2025-02-26,2,Emergency,404,Home
ADM_01383,P_03215,HOSP_003,DOC_021,DEPT_019,2024-09-22,2024-09-25,3,Emergency,342,Home
ADM_01384,P_01818,HOSP_001,DOC_020,DEPT_008,2024-05-19,2024-05-24,5,Elective,,Home
ADM_01385,P_02157,HOSP_005,DOC_029,DEPT_036,2024-12-05,2024-12-13,8,  Emergency  ,231,Rehabilitation
ADM_01386,P_02157,HOSP_005,DOC_029,DEPT_036,2025-01-04,22-01-2025,18,Emergency,211,Home
ADM_01387,P_03249,HOSP_005,DOC_037,DEPT_035,2024-11-11,2024-11-16,5,Elective,514,Home
ADM_01388,P_03249,HOSP_005,DOC_037,DEPT_035,2024-12-14,2024-12-23,9,Emergency,323,Home
ADM_01389,P_01653,HOSP_001,DOC_020,DEPT_008,2024-11-30,2024-12-02,2,Emergency,105,Home
ADM_01390,P_00626,HOSP_004,DOC_025,DEPT_032,2025-02-09,2025-02-15,6,Elective,533,Transferred
ADM_01391,P_00626,HOSP_004,DOC_025,DEPT_032,2025-03-08,2025-03-23,15,Emergency,512,Home
ADM_01392,P_01537,HOSP_005,DOC_018,DEPT_039,2025-01-27,2025-01-30,3,Urgent,314,Home
ADM_01393,P_03309,HOSP_001,DOC_034,DEPT_005,2024-02-02,2024-02-05,3,Urgent,375,Home
ADM_01394,P_00746,HOSP_004,DOC_009,DEPT_030,2024-10-22,2024-10-29,7,Elective,440,Home
ADM_01395,P_03163,HOSP_004,DOC_009,DEPT_030,2024-05-16,2024-05-21,5,Emergency,195,Home
ADM_01396,P_00215,HOSP_005,DOC_015,DEPT_038,2024-08-27,2024-08-28,1,Emergency,385,Home
ADM_01397,P_03169,HOSP_005,DOC_018,DEPT_039,2024-01-28,2024-01-31,3,Urgent,132,Home
ADM_01398,P_00835,HOSP_001,DOC_033,DEPT_002,2024-07-30,2024-08-08,9,Elective,552,Home
ADM_01399,P_01339,HOSP_002,DOC_032,DEPT_016,2024-09-13,2024-09-17,4,Emergency,503,Rehabilitation
ADM_01400,P_01339,HOSP_002,DOC_032,DEPT_016,2024-10-08,2024-10-13,5,Emergency,297,Home
ADM_01401,P_02812,HOSP_003,DOC_021,DEPT_019,2024-12-11,2024-12-18,7,Elective,433,Home
ADM_01402,P_03357,HOSP_003,DOC_024,DEPT_024,2025-02-26,2025-03-03,5,Urgent,387,Home
ADM_01403,P_02773,HOSP_003,DOC_001,DEPT_023,2024-01-28,2024-02-01,4,  Urgent  ,535,Home
ADM_01404,P_01621,HOSP_003,DOC_031,DEPT_024,2024-11-29,2024-12-02,3,Emergency,581,Home
ADM_01405,P_02465,HOSP_001,DOC_017,DEPT_008,2024-04-19,2024-05-06,17,Urgent,184,Rehabilitation
ADM_01406,P_01913,HOSP_005,DOC_003,DEPT_036,2024-07-07,2024-07-15,8,Emergency,322,Home
ADM_01407,P_01455,HOSP_004,DOC_013,DEPT_026,2025-03-27,2025-04-02,6,Emergency,121,Home
ADM_01408,P_00252,HOSP_005,DOC_019,DEPT_039,2024-03-18,2024-03-24,6,Emergency,320,Home
ADM_01409,P_01815,HOSP_001,DOC_017,DEPT_008,2024-08-21,2024-08-25,4,Elective,170,Transferred
ADM_01410,P_00208,HOSP_002,DOC_016,DEPT_009,2024-06-15,2024-06-20,5,Emergency,,Home
ADM_01411,P_02162,HOSP_001,DOC_023,DEPT_007,12/09/2024,2024-12-13,4,Urgent,274,Home
ADM_01412,P_01675,HOSP_003,DOC_024,DEPT_024,2024-11-17,2024-11-20,3,Emergency,550,Home
ADM_01413,P_03491,HOSP_002,DOC_036,DEPT_016,2024-06-12,2024-06-17,5,Emergency,234,Home
ADM_01414,P_00769,HOSP_002,DOC_012,DEPT_014,2025-03-02,2025-03-06,4,Emergency,544,Home
ADM_01415,P_01949,HOSP_001,DOC_028,DEPT_005,2024-07-29,2024-08-04,6,Elective,537,Home
ADM_01416,P_02007,HOSP_004,DOC_038,DEPT_031,2024-12-20,2024-12-26,6,Elective,165,transferred
ADM_01417,P_00849,HOSP_002,DOC_014,DEPT_009,2024-10-07,2024-10-13,6,Emergency,571,Home
ADM_01418,P_03048,HOSP_001,DOC_033,DEPT_002,2024-11-11,2024-11-14,3,Urgent,351,Home
ADM_01419,P_00178,HOSP_005,DOC_003,DEPT_036,2024-07-05,2024-07-09,4,Emergency,370,Home
ADM_01420,P_01095,HOSP_001,DOC_023,DEPT_007,2024-08-23,2024-08-27,4,Urgent,526,  Home  
ADM_01421,P_01211,HOSP_004,DOC_038,DEPT_031,2025-03-01,2025-03-08,7,Elective,406,Home
ADM_01422,P_00086,HOSP_001,DOC_022,DEPT_001,2025-03-09,2025-03-16,7,Emergency,192,Home
ADM_01423,P_00086,HOSP_001,DOC_022,DEPT_001,2025-04-07,2025-04-11,4,Emergency,319,Home
ADM_01424,P_00392,HOSP_001,DOC_008,DEPT_005,2025-02-14,2025-02-16,2,Emergency,357,Home
ADM_01425,P_00184,HOSP_001,DOC_020,DEPT_008,2025-04-27,2025-05-11,14,Urgent,345,Home
ADM_01426,P_03040,HOSP_003,DOC_024,DEPT_024,2024-03-04,2024-03-10,6,Emergency,105,Home
ADM_01427,P_02439,HOSP_003,DOC_010,DEPT_021,2025-04-04,2025-04-06,2,Urgent,305,Home
ADM_01428,P_02252,HOSP_004,DOC_038,DEPT_031,2024-08-21,2024-08-24,3,Emergency,202,TRANSFERRED
ADM_01429,P_03372,HOSP_002,DOC_030,DEPT_014,2024-02-26,2024-03-05,8,Emergency,594,Home
ADM_01430,P_03418,HOSP_003,DOC_010,DEPT_021,2024-01-23,2024-02-04,12,Emergency,164,Home
ADM_01431,P_01817,HOSP_005,DOC_019,DEPT_039,2024-05-07,2024-05-18,11,Elective,317,Home
ADM_01432,P_01685,HOSP_001,DOC_023,DEPT_007,2024-07-22,2024-07-28,6,Urgent,203,Home
ADM_01433,P_01685,HOSP_001,DOC_023,DEPT_007,2024-08-13,2024-08-19,6,Emergency,595,Home
ADM_01434,P_01458,HOSP_001,DOC_022,DEPT_001,2024-09-18,2024-09-20,2,Emergency,228,Transferred
ADM_01435,P_01458,HOSP_001,DOC_022,DEPT_001,2024-10-03,2024-10-09,6,Emergency,273,Home
ADM_01436,P_00614,HOSP_005,DOC_027,DEPT_037,2024-08-21,2024-08-24,3,Urgent,445,  Rehabilitation  
ADM_01437,P_00992,HOSP_003,DOC_026,DEPT_020,2024-11-18,2024-11-22,4,Urgent,173,Home
ADM_01438,P_00992,HOSP_003,DOC_026,DEPT_020,2024-12-05,2024-12-14,9,emergency,157,Home
ADM_01439,P_00032,HOSP_003,DOC_001,DEPT_023,2025-03-31,2025-04-04,4,Urgent,532,Rehabilitation
ADM_01440,P_03449,HOSP_001,DOC_028,DEPT_005,2024-10-08,2024-10-12,4,Elective,101,Home
ADM_01441,P_01308,HOSP_002,DOC_030,DEPT_014,2025-05-04,2025-05-08,4,Emergency,191,Home
ADM_01442,P_00341,HOSP_001,DOC_034,DEPT_005,2024-02-16,2024-03-02,15,Urgent,452,Home
ADM_01443,P_02453,HOSP_004,DOC_013,DEPT_026,2025-02-18,2025-02-20,2,Emergency,,Home
ADM_01444,P_03260,HOSP_004,DOC_013,DEPT_026,2024-10-21,2024-10-26,5,Urgent,570,Transferred
ADM_01445,P_03260,HOSP_004,DOC_013,DEPT_026,2024-11-18,2024-12-02,14,Emergency,542,Home
ADM_01446,P_01518,HOSP_005,DOC_018,DEPT_039,2024-09-28,2024-10-02,4,Emergency,263,Home
ADM_01447,P_00336,HOSP_005,DOC_027,DEPT_037,2024-06-18,2024-06-26,8,Elective,326,Home
ADM_01448,P_02383,HOSP_005,DOC_019,DEPT_039,2024-04-06,08-04-2024,2,Emergency,370,Home
ADM_01449,P_00931,HOSP_005,DOC_003,DEPT_036,2024-03-16,2024-03-20,4,Emergency,235,Home
ADM_01450,P_01689,HOSP_001,DOC_034,DEPT_005,2025-02-05,2025-02-08,3,Emergency,269,Rehabilitation
ADM_01451,P_03028,HOSP_001,DOC_008,DEPT_005,2024-10-20,2024-10-24,4,Emergency,255,Home
ADM_01452,P_00282,HOSP_001,DOC_005,DEPT_006,2024-06-14,18-06-2024,4,Elective,116,Home
ADM_01453,P_03192,HOSP_003,DOC_021,DEPT_019,2024-02-20,2024-02-25,5,Emergency,245,Home
ADM_01454,P_01603,HOSP_003,DOC_024,DEPT_024,2025-01-05,2025-01-12,7,Emergency,203,Deceased
ADM_01455,P_03130,HOSP_002,DOC_016,DEPT_009,2024-01-04,2024-01-05,1,Emergency,288,Home
ADM_01456,P_00793,HOSP_002,DOC_030,DEPT_014,2024-12-24,2024-12-27,3,Urgent,519,Home
ADM_01457,P_00793,HOSP_002,DOC_030,DEPT_014,2025-01-08,2025-01-15,7,Emergency,161,Home
ADM_01458,P_01662,HOSP_001,DOC_017,DEPT_008,04/29/2024,2024-04-30,1,Elective,427,Home
ADM_01459,P_02650,HOSP_003,DOC_010,DEPT_021,2024-02-19,2024-02-25,6,Elective,594,Home
ADM_01460,P_01806,HOSP_001,DOC_004,DEPT_005,2024-02-26,2024-02-29,3,Urgent,458,Home
ADM_01461,P_02550,HOSP_003,DOC_011,DEPT_021,2024-10-09,2024-10-13,4,Urgent,214,Transferred
ADM_01462,P_00870,HOSP_005,DOC_037,DEPT_035,2025-01-16,2025-01-23,7,Elective,530,Home
ADM_01463,P_01533,HOSP_004,DOC_025,DEPT_032,2024-09-27,2024-10-06,9,Emergency,327,Home
ADM_01464,P_01536,HOSP_005,DOC_003,DEPT_036,2024-06-30,2024-07-06,6,Elective,478,Home
ADM_01465,P_01536,HOSP_005,DOC_003,DEPT_036,2024-07-31,2024-08-03,3,Emergency,496,Home
ADM_01466,P_02306,HOSP_002,DOC_016,DEPT_009,2024-01-16,2024-01-22,6,Elective,129,Home
ADM_01467,P_02954,HOSP_003,DOC_024,DEPT_024,2025-04-01,2025-04-07,6,Urgent,293,Home
ADM_01468,P_02485,HOSP_002,DOC_036,DEPT_016,2024-04-06,2024-04-12,6,Emergency,349,Home
ADM_01469,P_02412,HOSP_002,DOC_014,DEPT_009,2025-03-31,2025-04-09,9,Emergency,114,Home
ADM_01470,P_02412,HOSP_002,DOC_014,DEPT_009,2025-05-04,2025-05-10,6,Emergency,518,Home
ADM_01471,P_01056,HOSP_001,DOC_020,DEPT_008,2024-01-23,2024/02/01 00:00:00,9,Emergency,510,Home
ADM_01472,P_02579,HOSP_005,DOC_019,DEPT_039,2025-04-20,2025-04-29,9,Urgent,176,Home
ADM_01473,P_03032,HOSP_001,DOC_022,DEPT_001,2024-10-19,2024-10-25,6,Emergency,339,Transferred
ADM_01474,P_00088,HOSP_002,DOC_032,DEPT_016,2025-03-12,2025-03-17,5,Urgent,288,Home
ADM_01475,P_00028,HOSP_005,DOC_037,DEPT_035,2024-05-13,2024-05-19,6,Emergency,340,Transferred
ADM_01476,P_02204,HOSP_003,DOC_021,DEPT_019,2024-08-05,2024-08-15,10,Emergency,193,Rehabilitation
ADM_01477,P_02204,HOSP_003,DOC_021,DEPT_019,2024-09-05,2024-09-15,10,Emergency,438,Home
ADM_01478,P_03354,HOSP_003,DOC_011,DEPT_021,2024-07-29,2024-07-31,2,Emergency,577,Home
ADM_01479,P_03401,HOSP_004,DOC_025,DEPT_032,2025-02-07,2025-02-13,6,Elective,162,Hospice
ADM_01480,P_03401,HOSP_004,DOC_025,DEPT_032,2025-03-04,2025-03-08,4,Emergency,540,Home
ADM_01481,P_00082,HOSP_001,DOC_008,DEPT_005,2024-01-14,2024-01-17,3,Urgent,503,Rehabilitation
ADM_01482,P_00082,HOSP_001,DOC_008,DEPT_005,2024-02-15,2024-02-20,5,Emergency,101,Home
ADM_01483,P_02407,HOSP_001,DOC_005,DEPT_006,2024-10-28,2024-10-30,2,Emergency,517,Home
ADM_01484,P_02407,HOSP_001,DOC_005,DEPT_006,2024-11-22,2024-11-26,4,Emergency,339,Home
ADM_01485,P_00201,HOSP_001,DOC_004,DEPT_005,2025-03-22,2025-03-31,9,Emergency,453,  Home  
ADM_01486,P_01664,HOSP_003,DOC_011,DEPT_021,2024-09-27,2024-09-30,3,Emergency,510,Rehabilitation
ADM_01487,P_02738,HOSP_001,DOC_034,DEPT_005,2024-08-24,2024-08-31,7,Elective,353,Home
ADM_01488,P_03215,HOSP_001,DOC_004,DEPT_005,2024-02-13,2024-02-18,5,Emergency,168,Home
ADM_01489,P_02858,HOSP_004,DOC_025,DEPT_032,16-09-2024,2024-09-22,6,Emergency,153,Hospice
ADM_01490,P_02307,HOSP_001,DOC_022,DEPT_001,2024-08-06,2024-08-12,6,Elective,407,Transferred
ADM_01491,P_01644,HOSP_001,DOC_020,DEPT_008,2024-08-10,2024-08-13,3,Emergency,203,Home
ADM_01492,P_02604,HOSP_003,DOC_021,DEPT_019,2025-05-07,2025-05-14,7,Elective,,home
ADM_01493,P_02306,HOSP_001,DOC_008,DEPT_005,2024-10-30,2024-11-01,2,Urgent,281,  Home  
ADM_01494,P_03459,HOSP_001,DOC_008,DEPT_005,2025-05-12,2025-05-15,3,Emergency,538,HOME
ADM_01495,P_02988,HOSP_005,DOC_037,DEPT_035,2025-04-23,2025-04-29,6,Elective,244,Home
ADM_01496,P_02993,HOSP_001,DOC_034,DEPT_005,2025-02-04,2025-02-07,3,Elective,122,Home
ADM_01497,P_00200,HOSP_002,DOC_032,DEPT_016,2024-07-01,07/02/2024,1,Emergency,236,Home
ADM_01498,P_02960,HOSP_001,DOC_034,DEPT_005,2024-08-01,2024-08-06,5,Elective,377,Home
ADM_01499,P_00495,HOSP_002,DOC_036,DEPT_016,03/07/2024,2024-03-09,2,  Elective  ,354,Home
ADM_01500,P_01074,HOSP_001,DOC_033,DEPT_002,2024-08-18,2024-08-24,6,Urgent,330,  Home  
ADM_01501,P_02488,HOSP_002,DOC_016,DEPT_009,2024-07-10,2024-07-14,4,Urgent,418,Home
ADM_01502,P_02731,HOSP_001,DOC_022,DEPT_001,2024-12-01,2024-12-06,5,Elective,220,HOME
ADM_01503,P_01528,HOSP_004,DOC_025,DEPT_032,2024-11-05,2024-11-10,5,Elective,163,Home
ADM_01504,P_01528,HOSP_004,DOC_025,DEPT_032,2024/11/17 00:00:00,2024-11-26,9,Emergency,495,Home
ADM_01505,P_00148,HOSP_003,DOC_006,DEPT_018,09-11-2024,2024-11-15,6,  Emergency  ,556,Home
ADM_01506,P_01042,HOSP_001,DOC_028,DEPT_005,2024-11-23,2024-11-25,2,Elective,514,Home
ADM_01507,P_02011,HOSP_001,DOC_008,DEPT_005,2024-10-22,2024-10-26,4,Emergency,399,Home
ADM_01508,P_02357,HOSP_004,DOC_013,DEPT_026,2024-04-17,2024-04-22,5,Emergency,208,Home
ADM_01509,P_02569,HOSP_001,DOC_005,DEPT_006,2024-05-05,2024-05-14,9,Elective,210,Home
ADM_01510,P_00163,HOSP_003,DOC_021,DEPT_019,2024-11-24,2024-11-30,6,emergency,508,Home
ADM_01511,P_03024,HOSP_003,DOC_031,DEPT_024,2024-07-10,2024-07-19,9,emergency,269,Home
ADM_01512,P_03024,HOSP_003,DOC_031,DEPT_024,2024-08-13,2024-08-21,8,Emergency,187,HOME
ADM_01513,P_00219,HOSP_004,DOC_009,DEPT_030,02-11-2024,2024-11-10,8,Elective,589,Transferred
ADM_01514,P_02011,HOSP_001,DOC_017,DEPT_008,2024/09/02 00:00:00,2024-09-07,5,Elective,385,Home
ADM_01515,P_00646,HOSP_003,DOC_026,DEPT_020,2024-10-29,2024-11-06,8,URGENT,248,Home
ADM_01516,P_03056,HOSP_003,DOC_024,DEPT_024,2024-03-03,2024-03-07,4,  Elective  ,184,  Home  
ADM_01517,P_03280,HOSP_004,DOC_009,DEPT_030,2024-03-11,2024-03-21,10,Elective,430,Home
ADM_01518,P_01885,HOSP_001,DOC_033,DEPT_002,2024-08-08,2024-08-14,6,Emergency,506,Rehabilitation
ADM_01519,P_01001,HOSP_005,DOC_037,DEPT_035,2024-11-29,2024-12-01,2,Emergency,532,Home
ADM_01520,P_01001,HOSP_005,DOC_037,DEPT_035,2024-12-30,2025-01-06,7,Emergency,488,Home
ADM_01521,P_02639,HOSP_001,DOC_004,DEPT_005,2024-06-10,2024-06-16,6,Emergency,438,Home
ADM_01522,P_02028,HOSP_003,DOC_031,DEPT_024,2025-02-03,2025-02-10,7,Urgent,253,Home
ADM_01523,P_00835,HOSP_001,DOC_005,DEPT_006,2025-04-13,24-04-2025,11,Emergency,254,Home
ADM_01524,P_00835,HOSP_001,DOC_005,DEPT_006,2025-05-03,05/08/2025,5,Emergency,279,Home
ADM_01525,P_01015,HOSP_001,DOC_033,DEPT_002,2025-04-18,2025-04-29,11,Elective,269,Home
ADM_01526,P_02028,HOSP_001,DOC_023,DEPT_007,2024-01-17,2024-01-22,5,Urgent,595,Home
ADM_01527,P_01882,HOSP_003,DOC_011,DEPT_021,2024-01-26,2024-01-29,3,Elective,475,Home
ADM_01528,P_03225,HOSP_004,DOC_013,DEPT_026,2024-07-13,2024-07-16,3,Elective,330,Transferred
ADM_01529,P_02637,HOSP_001,DOC_023,DEPT_007,2024-08-01,2024-08-07,6,Emergency,200,Home
ADM_01530,P_00818,HOSP_005,DOC_037,DEPT_035,02/21/2024,2024-02-24,3,Emergency,523,Home
ADM_01531,P_03240,HOSP_002,DOC_030,DEPT_014,2025-05-14,2025-05-18,4,Emergency,261,Home
ADM_01532,P_03240,HOSP_002,DOC_030,DEPT_014,2025-06-02,2025-06-09,7,Emergency,393,Home
ADM_01533,P_03109,HOSP_005,DOC_018,DEPT_039,2024-04-26,2024-05-06,10,Elective,568,Home
ADM_01534,P_03109,HOSP_005,DOC_018,DEPT_039,2024-06-03,2024-06-12,9,Emergency,154,home
ADM_01535,P_00248,HOSP_001,DOC_005,DEPT_006,2024/01/09 00:00:00,2024-01-14,5,Emergency,499,  Transferred  
ADM_01536,P_03067,HOSP_004,DOC_038,DEPT_031,2024-08-30,2024-09-05,6,Emergency,242,Home
ADM_01537,P_00616,HOSP_001,DOC_008,DEPT_005,2025/04/16 00:00:00,2025/04/21 00:00:00,5,Urgent,368,Home
ADM_01538,P_02069,HOSP_001,DOC_035,DEPT_003,2025-03-25,2025-03-27,2,elective,557,HOME
ADM_01539,P_02550,HOSP_001,DOC_008,DEPT_005,04/19/2024,2024-04-30,11,Urgent,541,Transferred
ADM_01540,P_02571,HOSP_004,DOC_038,DEPT_031,2024-05-05,2024-05-15,10,emergency,264,Hospice
ADM_01541,P_00861,HOSP_001,DOC_034,DEPT_005,2024-06-06,2024-06-10,4,Elective,139,Rehabilitation
ADM_01542,P_00861,HOSP_001,DOC_034,DEPT_005,2024-06-23,2024-06-28,5,Emergency,466,Home
ADM_01543,P_02046,HOSP_005,DOC_003,DEPT_036,2025-03-13,2025/03/15 00:00:00,2,Emergency,302,Home
ADM_01544,P_00218,HOSP_003,DOC_006,DEPT_018,2025/03/21 00:00:00,2025-03-27,6,Urgent,530,Home
ADM_01545,P_02815,HOSP_003,DOC_011,DEPT_021,2024/07/15 00:00:00,2024-07-21,6,EMERGENCY,271,Transferred
ADM_01546,P_01325,HOSP_005,DOC_019,DEPT_039,2024-08-01,2024-08-04,3,Urgent,191,Home
ADM_01547,P_00506,HOSP_005,DOC_015,DEPT_038,2024-06-23,2024-06-28,5,Elective,418,Transferred
ADM_01548,P_00695,HOSP_003,DOC_010,DEPT_021,2024-12-05,2024-12-12,7,Emergency,350,Home
ADM_01549,P_03427,HOSP_003,DOC_006,DEPT_018,2025-01-19,2025-01-22,3,Emergency,217,Home
ADM_01550,P_01132,HOSP_004,DOC_025,DEPT_032,2024-07-15,2024-07-19,4,Urgent,510,Rehabilitation
ADM_01551,P_01132,HOSP_004,DOC_025,DEPT_032,08/01/2024,2024-08-07,6,Emergency,526,Home
ADM_01552,P_01062,HOSP_003,DOC_031,DEPT_024,2024-12-16,19-12-2024,3,Emergency,313,Home
ADM_01553,P_01062,HOSP_003,DOC_031,DEPT_024,2025-01-16,2025-01-22,6,Emergency,227,Home
ADM_01554,P_02338,HOSP_001,DOC_034,DEPT_005,2025-03-12,2025-03-14,2,Urgent,395,home
ADM_01555,P_01465,HOSP_003,DOC_007,DEPT_024,2024-07-19,2024-07-23,4,Emergency,,home
ADM_01556,P_02591,HOSP_003,DOC_006,DEPT_018,13-01-2025,2025-01-17,4,Emergency,184,Rehabilitation
ADM_01557,P_01193,HOSP_003,DOC_007,DEPT_024,2024-09-06,2024-09-10,4,Emergency,363,Home
ADM_01558,P_00171,HOSP_001,DOC_039,DEPT_007,2024-06-21,2024-06-27,6,Emergency,143,Home
ADM_01559,P_02166,HOSP_001,DOC_022,DEPT_001,2024-05-18,2024-05-20,2,Emergency,200,Home
ADM_01560,P_01781,HOSP_003,DOC_026,DEPT_020,2024-07-03,2024-07-05,2,Elective,365,HOME
ADM_01561,P_01781,HOSP_003,DOC_026,DEPT_020,2024-07-27,2024-07-31,4,  Emergency  ,509,Home
ADM_01562,P_00276,HOSP_001,DOC_022,DEPT_001,2025-04-08,2025-04-10,2,Emergency,263,Transferred
ADM_01563,P_00276,HOSP_001,DOC_022,DEPT_001,2025-04-27,2025-05-05,8,Emergency,431,Home
ADM_01564,P_02510,HOSP_003,DOC_007,DEPT_024,2024-12-07,2024-12-10,3,Emergency,187,Home
ADM_01565,P_02318,HOSP_001,DOC_004,DEPT_005,2024-12-26,2024-12-30,4,Emergency,255,Home
ADM_01566,P_02428,HOSP_002,DOC_012,DEPT_014,2024-03-28,2024-03-31,3,Emergency,159,Home
ADM_01567,P_02635,HOSP_003,DOC_007,DEPT_024,2024-11-29,2024-12-03,4,Emergency,566,Home
ADM_01568,P_02489,HOSP_005,DOC_018,DEPT_039,2024-09-14,2024-09-19,5,Emergency,103,Home
ADM_01569,P_03077,HOSP_003,DOC_006,DEPT_018,2024-04-20,2024-04-25,5,Urgent,455,Hospice
ADM_01570,P_02881,HOSP_003,DOC_026,DEPT_020,2025-04-06,2025-04-09,3,Elective,161,Home
ADM_01571,P_02881,HOSP_003,DOC_026,DEPT_020,2025-04-17,04/23/2025,6,EMERGENCY,311,Home
ADM_01572,P_01317,HOSP_003,DOC_010,DEPT_021,2024-01-03,2024-01-06,3,Urgent,520,Transferred
ADM_01573,P_02911,HOSP_005,DOC_002,DEPT_035,2024-02-25,2024-02-29,4,Elective,177,Rehabilitation
ADM_01574,P_00212,HOSP_004,DOC_040,DEPT_027,2025-04-06,2025-04-09,3,Elective,257,Home
ADM_01575,P_00212,HOSP_004,DOC_040,DEPT_027,2025-04-28,2025-05-12,14,Emergency,362,Home
ADM_01576,P_02133,HOSP_003,DOC_026,DEPT_020,2024-07-25,2024-08-01,7,EMERGENCY,137,Home
ADM_01577,P_02831,HOSP_001,DOC_035,DEPT_003,2024-03-16,2024-03-22,6,elective,407,Rehabilitation
ADM_01578,P_00511,HOSP_002,DOC_016,DEPT_009,2024-12-04,2024-12-08,4,Emergency,267,Rehabilitation
ADM_01579,P_00417,HOSP_005,DOC_027,DEPT_037,2024-06-08,2024-06-15,7,Urgent,395,Home
ADM_01580,P_00417,HOSP_005,DOC_027,DEPT_037,2024-06-28,07/04/2024,6,Emergency,197,Home
ADM_01581,P_03260,HOSP_003,DOC_010,DEPT_021,2025-01-03,2025-01-13,10,  Emergency  ,556,Home
ADM_01582,P_03260,HOSP_003,DOC_010,DEPT_021,2025-01-22,2025-02-01,10,Emergency,131,Home
ADM_01583,P_02120,HOSP_003,DOC_021,DEPT_019,2025-03-27,2025-03-31,4,Emergency,306,Home
ADM_01584,P_02186,HOSP_003,DOC_011,DEPT_021,2025-03-30,2025-04-09,10,Urgent,378,Home
ADM_01585,P_01027,HOSP_003,DOC_001,DEPT_023,2025-01-07,2025-01-11,4,Emergency,548,Rehabilitation
ADM_01586,P_03010,HOSP_001,DOC_017,DEPT_008,2024-07-21,2024-08-01,11,Emergency,526,Home
ADM_01587,P_03010,HOSP_001,DOC_017,DEPT_008,2024-08-11,24-08-2024,13,Emergency,499,Home
ADM_01588,P_00648,HOSP_003,DOC_001,DEPT_023,2024-03-12,2024-03-17,5,Emergency,595,Rehabilitation
ADM_01589,P_03104,HOSP_001,DOC_017,DEPT_008,2024-03-22,2024-03-24,2,Emergency,509,Home
ADM_01590,P_00162,HOSP_005,DOC_029,DEPT_036,2024-08-30,2024-09-04,5,Emergency,168,Home
ADM_01591,P_02536,HOSP_004,DOC_013,DEPT_026,2024-11-29,2024-12-01,2,Urgent,438,Rehabilitation
ADM_01592,P_02417,HOSP_001,DOC_035,DEPT_003,2024-09-09,2024-09-12,3,Elective,318,Rehabilitation
ADM_01593,P_02902,HOSP_003,DOC_026,DEPT_020,2025-04-10,2025-04-13,3,Elective,376,Home
ADM_01594,P_02871,HOSP_002,DOC_032,DEPT_016,2024-09-06,2024-09-08,2,Urgent,329,Home
ADM_01595,P_00732,HOSP_005,DOC_019,DEPT_039,2025-03-07,2025-03-12,5,Elective,526,Home
ADM_01596,P_00896,HOSP_005,DOC_003,DEPT_036,2025-03-27,2025-03-30,3,Elective,109,Transferred
ADM_01597,P_02818,HOSP_001,DOC_039,DEPT_007,2024-12-31,2025-01-04,4,Urgent,174,Hospice
ADM_01598,P_01162,HOSP_002,DOC_030,DEPT_014,2025-02-15,2025-02-18,3,Urgent,193,Home
ADM_01599,P_01771,HOSP_001,DOC_023,DEPT_007,28-05-2024,2024-06-03,6,Urgent,,Home
ADM_01600,P_02179,HOSP_004,DOC_038,DEPT_031,2024-12-09,2024-12-15,6,Emergency,532,Home
ADM_01601,P_02179,HOSP_004,DOC_038,DEPT_031,2025-01-10,2025-01-15,5,Emergency,588,Home
ADM_01602,P_03087,HOSP_005,DOC_015,DEPT_038,2024-10-24,2024-10-30,6,elective,212,Home
ADM_01603,P_03087,HOSP_005,DOC_015,DEPT_038,2024-11-05,2024-11-16,11,Emergency,512,Home
ADM_01604,P_02259,HOSP_003,DOC_011,DEPT_021,2025-02-11,2025-02-12,1,Urgent,564,Home
ADM_01605,P_01562,HOSP_004,DOC_013,DEPT_026,2025-05-11,2025-05-14,3,Elective,527,Home
ADM_01606,P_01562,HOSP_004,DOC_013,DEPT_026,2025-06-06,2025-06-10,4,Emergency,318,Home
ADM_01607,P_02114,HOSP_005,DOC_002,DEPT_035,2024-09-01,2024-09-04,3,Urgent,120,Home
ADM_01608,P_01124,HOSP_002,DOC_012,DEPT_014,2024-11-29,2024-11-30,1,Urgent,568,Home
ADM_01609,P_01871,HOSP_005,DOC_015,DEPT_038,2024-02-10,2024-02-11,1,Elective,396,Home
ADM_01610,P_01871,HOSP_005,DOC_015,DEPT_038,2024-03-11,2024-03-12,1,Emergency,141,Home
ADM_01611,P_02972,HOSP_001,DOC_028,DEPT_005,2024-12-15,2024-12-18,3,Elective,141,Home
ADM_01612,P_02666,HOSP_004,DOC_013,DEPT_026,2024-06-12,2024-06-15,3,Emergency,468,Home
ADM_01613,P_00234,HOSP_001,DOC_023,DEPT_007,2024-01-04,2024-01-13,9,Urgent,435,Deceased
ADM_01614,P_00014,HOSP_002,DOC_032,DEPT_016,2024-09-02,2024-09-07,5,Emergency,382,HOME
ADM_01615,P_03172,HOSP_001,DOC_020,DEPT_008,2024-10-16,2024-10-22,6,Emergency,413,Home
ADM_01616,P_03246,HOSP_003,DOC_026,DEPT_020,2024-04-11,2024-05-05,24,Elective,358,HOME
ADM_01617,P_01705,HOSP_005,DOC_027,DEPT_037,2024-03-05,2024-03-06,1,Elective,578,HOME
ADM_01618,P_00048,HOSP_003,DOC_021,DEPT_019,2025-04-11,2025-04-21,10,Elective,499,Home
ADM_01619,P_03372,HOSP_001,DOC_017,DEPT_008,2024-10-09,2024-10-13,4,Emergency,483,UNKNOWN_VAL
ADM_01620,P_00702,HOSP_003,DOC_011,DEPT_021,2025-04-05,2025-04-09,4,emergency,151,Home
ADM_01621,P_00804,HOSP_004,DOC_013,DEPT_026,2024-12-28,2024-12-31,3,Emergency,134,Home
ADM_01622,P_00804,HOSP_004,DOC_013,DEPT_026,2025-01-06,2025-01-13,7,Emergency,397,Home
ADM_01623,P_01694,HOSP_002,DOC_014,DEPT_009,2024-12-03,2024-12-07,4,  Elective  ,482,Home
ADM_01624,P_00408,HOSP_005,DOC_002,DEPT_035,2024-11-01,2024-11-03,2,Emergency,154,Home
ADM_01625,P_02755,HOSP_005,DOC_015,DEPT_038,2025-05-15,2025-05-18,3,Urgent,217,Rehabilitation
ADM_01626,P_01647,HOSP_001,DOC_023,DEPT_007,2025-01-10,2025-01-15,5,elective,271,Rehabilitation
ADM_01627,P_01032,HOSP_001,DOC_005,DEPT_006,2024-09-08,2024-09-14,6,Emergency,563,Rehabilitation
ADM_01628,P_00584,HOSP_003,DOC_010,DEPT_021,2024-05-01,2024-05-12,11,Emergency,459,Home
ADM_01629,P_01995,HOSP_001,DOC_033,DEPT_002,2025-02-06,2025-02-11,5,Urgent,590,Transferred
ADM_01630,P_01995,HOSP_001,DOC_033,DEPT_002,2025-03-08,2025-03-19,11,Emergency,201,Home
ADM_01631,P_03384,HOSP_002,DOC_012,DEPT_014,2024-04-20,24-04-2024,4,Elective,171,Home
ADM_01632,P_02114,HOSP_003,DOC_006,DEPT_018,2024-08-13,2024-08-17,4,Emergency,369,Transferred
ADM_01633,P_03343,HOSP_004,DOC_040,DEPT_027,2024-11-30,2024-12-04,4,Elective,280,Transferred
ADM_01634,P_01259,HOSP_005,DOC_029,DEPT_036,2025-01-14,2025-01-19,5,Elective,549,Home
ADM_01635,P_01259,HOSP_005,DOC_029,DEPT_036,2025-02-17,2025-02-26,9,Emergency,161,Home
ADM_01636,P_00290,HOSP_003,DOC_011,DEPT_021,2024-08-13,2024-08-16,3,Elective,316,Rehabilitation
ADM_01637,P_01001,HOSP_002,DOC_032,DEPT_016,2025-04-01,2025-04-04,3,Urgent,256,  Home  
ADM_01638,P_01001,HOSP_002,DOC_032,DEPT_016,2025-04-13,2025-04-23,10,Emergency,222,Home
ADM_01639,P_00431,HOSP_005,DOC_002,DEPT_035,2024-09-30,2024-10-07,7,Elective,223,Home
ADM_01640,P_00221,HOSP_001,DOC_028,DEPT_005,2025-01-09,2025-01-18,9,Elective,397,Transferred
ADM_01641,P_01063,HOSP_005,DOC_002,DEPT_035,2024-01-14,2024-01-17,3,Emergency,148,Rehabilitation
ADM_01642,P_02087,HOSP_005,DOC_002,DEPT_035,2024-05-04,2024-05-08,4,Elective,587,Home
ADM_01643,P_02087,HOSP_005,DOC_002,DEPT_035,2024-05-13,2024-05-23,10,Emergency,446,Home
ADM_01644,P_00154,HOSP_005,DOC_003,DEPT_036,2024-03-07,2024/03/10 00:00:00,3,Emergency,138,Home
ADM_01645,P_02894,HOSP_001,DOC_017,DEPT_008,2024-01-13,2024-01-19,6,Elective,168,Home
ADM_01646,P_02121,HOSP_001,DOC_017,DEPT_008,2025-05-12,2025-05-16,4,EMERGENCY,381,Home
ADM_01647,P_01928,HOSP_001,DOC_035,DEPT_003,2024-08-16,2024-08-21,5,Elective,194,Home
ADM_01648,P_03111,HOSP_001,DOC_005,DEPT_006,2024-05-24,2024-05-26,2,Elective,541,Home
ADM_01649,P_00045,HOSP_002,DOC_014,DEPT_009,2024-12-06,2024-12-11,5,Emergency,196,Home
ADM_01650,P_02639,HOSP_001,DOC_020,DEPT_008,2024-12-06,2024-12-07,1,Elective,204,Home
ADM_01651,P_01257,HOSP_001,DOC_020,DEPT_008,2024-03-07,2024-03-15,8,Emergency,133,Home
ADM_01652,P_03297,HOSP_005,DOC_002,DEPT_035,2024-05-30,2024-06-06,7,Urgent,106,Home
ADM_01653,P_02577,HOSP_005,DOC_019,DEPT_039,2024-02-26,2024-02-29,3,Emergency,287,Home
ADM_01654,P_01368,HOSP_002,DOC_030,DEPT_014,2024-10-19,2024-10-29,10,Emergency,341,Home
ADM_01655,P_03113,HOSP_003,DOC_010,DEPT_021,2024-12-16,2024-12-24,8,Elective,405,Home
ADM_01656,P_01464,HOSP_001,DOC_028,DEPT_005,2025-01-21,2025-01-23,2,Urgent,166,Home
ADM_01657,P_02004,HOSP_004,DOC_025,DEPT_032,2025-02-10,2025-02-13,3,Elective,509,Home
ADM_01658,P_03131,HOSP_001,DOC_039,DEPT_007,2025-04-01,2025-04-03,2,Elective,383,Rehabilitation
ADM_01659,P_02035,HOSP_002,DOC_036,DEPT_016,2025-04-08,2025-04-13,5,Urgent,316,home
ADM_01660,P_01951,HOSP_005,DOC_029,DEPT_036,2025-04-14,2025-04-17,3,Emergency,356,  Home  
ADM_01661,P_01951,HOSP_005,DOC_029,DEPT_036,2025-05-11,2025-05-13,2,Emergency,139,HOME
ADM_01662,P_00528,HOSP_002,DOC_014,DEPT_009,2024-11-06,2024-11-10,4,Elective,393,Home
ADM_01663,P_00915,HOSP_004,DOC_040,DEPT_027,2024-08-21,2024-08-28,7,Elective,121,Transferred
ADM_01664,P_01138,HOSP_001,DOC_033,DEPT_002,2024-08-31,2024-09-05,5,Emergency,159,Home
ADM_01665,P_01138,HOSP_001,DOC_033,DEPT_002,2024-09-18,2024-09-26,8,Emergency,274,Home
ADM_01666,P_03029,HOSP_001,DOC_033,DEPT_002,2024/07/28 00:00:00,2024-08-02,5,Urgent,143,Transferred
ADM_01667,P_02643,HOSP_002,DOC_030,DEPT_014,2025-02-28,2025-03-07,7,Elective,375,Home
ADM_01668,P_02643,HOSP_002,DOC_030,DEPT_014,2025-03-31,2025-04-07,7,Emergency,115,Home
ADM_01669,P_02043,HOSP_004,DOC_038,DEPT_031,2024-12-02,2024-12-06,4,EMERGENCY,446,Home
ADM_01670,P_00165,HOSP_002,DOC_016,DEPT_009,2024-11-16,2024-11-21,5,Elective,548,home
ADM_01671,P_01985,HOSP_003,DOC_021,DEPT_019,2024-09-18,27-09-2024,9,Emergency,391,Home
ADM_01672,P_01985,HOSP_003,DOC_021,DEPT_019,2024-10-17,10/25/2024,8,Emergency,426,Home
ADM_01673,P_01333,HOSP_002,DOC_016,DEPT_009,2024-12-04,2024-12-07,3,Emergency,285,Home
ADM_01674,P_01143,HOSP_001,DOC_020,DEPT_008,2024-11-03,2024-11-08,5,Emergency,193,Home
ADM_01675,P_01836,HOSP_003,DOC_006,DEPT_018,2024-12-11,2024-12-16,5,Elective,582,Home
ADM_01676,P_01836,HOSP_003,DOC_006,DEPT_018,2025-01-04,2025-01-10,6,Emergency,260,Home
ADM_01677,P_03472,HOSP_005,DOC_027,DEPT_037,2025-04-03,2025-04-04,1,Elective,127,Home
ADM_01678,P_03027,HOSP_002,DOC_030,DEPT_014,2025-05-08,2025-05-11,3,Elective,200,Transferred
ADM_01679,P_03027,HOSP_002,DOC_030,DEPT_014,2025-06-04,2025-06-09,5,Emergency,242,Home
ADM_01680,P_00762,HOSP_001,DOC_004,DEPT_005,2024-12-17,2024-12-28,11,Urgent,432,Home
ADM_01681,P_00762,HOSP_001,DOC_004,DEPT_005,2025-01-10,2025-01-18,8,Emergency,486,Home
ADM_01682,P_00898,HOSP_003,DOC_021,DEPT_019,2024-05-16,2024-05-18,2,Emergency,118,  Transferred  
ADM_01683,P_01844,HOSP_001,DOC_034,DEPT_005,2024-12-28,2025-01-01,4,Elective,339,Home
ADM_01684,P_02062,HOSP_001,DOC_034,DEPT_005,2024-10-02,2024-10-11,9,Urgent,548,Home
ADM_01685,P_00675,HOSP_004,DOC_009,DEPT_030,2025-05-14,2025-05-17,3,Urgent,573,Home
ADM_01686,P_00129,HOSP_005,DOC_003,DEPT_036,21-08-2024,2024-08-29,8,Elective,104,Home
ADM_01687,P_01136,HOSP_005,DOC_002,DEPT_035,2025-01-28,2025-01-30,2,Elective,489,Home
ADM_01688,P_00279,HOSP_001,DOC_008,DEPT_005,2025-02-04,2025-02-05,1,Emergency,452,Home
ADM_01689,P_01817,HOSP_003,DOC_024,DEPT_024,2024-12-08,2024-12-16,8,Elective,556,Home
ADM_01690,P_01145,HOSP_003,DOC_007,DEPT_024,2025-04-27,2025-04-30,3,Urgent,259,Hospice
ADM_01691,P_02261,HOSP_001,DOC_028,DEPT_005,2024-07-28,2024-07-29,1,Elective,231,Home
ADM_01692,P_00611,HOSP_001,DOC_028,DEPT_005,2024-03-05,2024-03-09,4,Elective,584,Home
ADM_01693,P_02039,HOSP_001,DOC_004,DEPT_005,2024-12-22,2024-12-27,5,Emergency,340,Home
ADM_01694,P_00337,HOSP_001,DOC_008,DEPT_005,2025-02-16,2025-02-22,6,Emergency,337,Home
ADM_01695,P_00337,HOSP_001,DOC_008,DEPT_005,2025-02-25,2025-02-26,1,Emergency,218,Home
ADM_01696,P_00993,HOSP_003,DOC_011,DEPT_021,2024-06-16,2024-06-19,3,Elective,246,Home
ADM_01697,P_02702,HOSP_005,DOC_019,DEPT_039,2024-04-24,2024-04-29,5,Elective,225,Home
ADM_01698,P_00552,HOSP_001,DOC_020,DEPT_008,2025-03-06,2025-03-12,6,Emergency,371,Home
ADM_01699,P_02320,HOSP_004,DOC_040,DEPT_027,2025-03-23,2025-03-26,3,Elective,407,Rehabilitation
ADM_01700,P_03324,HOSP_001,DOC_004,DEPT_005,2025-01-21,2025-01-25,4,Emergency,233,Transferred
ADM_01701,P_00933,HOSP_001,DOC_033,DEPT_002,2024-02-21,2024-02-24,3,Urgent,404,Home
ADM_01702,P_03034,HOSP_001,DOC_033,DEPT_002,2025-04-22,2025-04-27,5,Elective,306,Home
ADM_01703,P_00659,HOSP_005,DOC_019,DEPT_039,2024-08-27,2024-09-04,8,Emergency,162,transferred
ADM_01704,P_00432,HOSP_004,DOC_013,DEPT_026,2024-01-31,2024-02-04,4,Emergency,247,Home
ADM_01705,P_01004,HOSP_004,DOC_009,DEPT_030,2024-05-06,2024-05-08,2,Emergency,282,Home
ADM_01706,P_03341,HOSP_003,DOC_024,DEPT_024,2024-02-19,2024-02-22,3,Elective,337,Home
ADM_01707,P_01505,HOSP_001,DOC_039,DEPT_007,2024-02-11,2024-02-21,10,Urgent,111,Home
ADM_01708,P_01007,HOSP_005,DOC_018,DEPT_039,2024-05-03,2024-05-06,3,urgent,201,Home
ADM_01709,P_02986,HOSP_003,DOC_010,DEPT_021,2024-06-30,2024-07-02,2,Urgent,340,Transferred
ADM_01710,P_01213,HOSP_005,DOC_002,DEPT_035,2025-05-12,2025-05-16,4,Urgent,452,Hospice
ADM_01711,P_01355,HOSP_002,DOC_014,DEPT_009,2024-07-13,2024-07-17,4,Emergency,432,Home
ADM_01712,P_02752,HOSP_003,DOC_010,DEPT_021,2024-04-15,2024-04-18,3,Emergency,232,Transferred
ADM_01713,P_00448,HOSP_001,DOC_005,DEPT_006,2024-02-28,2024-03-01,2,Elective,113,Rehabilitation
ADM_01714,P_02622,HOSP_004,DOC_009,DEPT_030,2024-01-15,2024-01-20,5,Emergency,226,Home
ADM_01715,P_03019,HOSP_003,DOC_026,DEPT_020,2024-11-28,2024-12-03,5,  Elective  ,116,Home
ADM_01716,P_01477,HOSP_004,DOC_009,DEPT_030,2024-03-31,2024-04-06,6,EMERGENCY,235,Home
ADM_01717,P_01477,HOSP_004,DOC_009,DEPT_030,2024-04-22,2024-04-29,7,Emergency,501,Home
ADM_01718,P_01793,HOSP_002,DOC_016,DEPT_009,2025-01-18,2025-01-28,10,Elective,386,Transferred
ADM_01719,P_01088,HOSP_004,DOC_009,DEPT_030,2024-06-10,2024-06-17,7,Elective,526,HOME
ADM_01720,P_01677,HOSP_003,DOC_007,DEPT_024,2025-05-08,05/14/2025,6,Elective,418,Home
ADM_01721,P_02339,HOSP_004,DOC_040,DEPT_027,2024-06-08,2024-06-16,8,Emergency,505,Home
ADM_01722,P_02188,HOSP_005,DOC_018,DEPT_039,2025-03-11,2025-03-16,5,Urgent,324,Home
ADM_01723,P_03127,HOSP_003,DOC_021,DEPT_019,2024-10-01,2024-10-05,4,Urgent,165,Home
ADM_01724,P_02949,HOSP_004,DOC_040,DEPT_027,2024-07-07,2024-07-12,5,  Emergency  ,535,Home
ADM_01725,P_02507,HOSP_004,DOC_038,DEPT_031,2025/02/22 00:00:00,2025-02-23,1,Urgent,116,Home
ADM_01726,P_00750,HOSP_004,DOC_013,DEPT_026,2024-03-09,2024-03-14,5,Emergency,403,Home
ADM_01727,P_00943,HOSP_001,DOC_023,DEPT_007,2024-09-18,2024-09-22,4,Emergency,442,Home
ADM_01728,P_02575,HOSP_001,DOC_022,DEPT_001,2025-03-24,2025-03-30,6,Elective,115,HOME
ADM_01729,P_01377,HOSP_005,DOC_002,DEPT_035,2025-04-19,2025-04-27,8,Urgent,546,Home
ADM_01730,P_02037,HOSP_001,DOC_033,DEPT_002,2024-02-15,2024-02-21,6,Elective,422,Rehabilitation
ADM_01731,P_03364,HOSP_005,DOC_029,DEPT_036,2025-02-17,2025-02-20,3,emergency,504,Home
ADM_01732,P_00539,HOSP_001,DOC_023,DEPT_007,2024-04-02,2024-04-09,7,Emergency,352,Home
ADM_01733,P_02002,HOSP_003,DOC_031,DEPT_024,2024-05-09,2024-05-19,10,Emergency,389,Rehabilitation
ADM_01734,P_01600,HOSP_001,DOC_017,DEPT_008,2025-02-10,2025-02-18,8,elective,318,Home
ADM_01735,P_01157,HOSP_001,DOC_004,DEPT_005,2024-01-25,2024-01-27,2,Emergency,372,Home
ADM_01736,P_02094,HOSP_004,DOC_009,DEPT_030,2024-07-18,2024-07-24,6,Emergency,591,Home
ADM_01737,P_01874,HOSP_003,DOC_024,DEPT_024,2025-02-16,2025-02-18,2,Emergency,336,Home
ADM_01738,P_02432,HOSP_005,DOC_015,DEPT_038,2025-02-06,2025-02-10,4,Urgent,280,Deceased
ADM_01739,P_02669,HOSP_005,DOC_019,DEPT_039,2024-11-30,2024-12-06,6,Urgent,151,Home
ADM_01740,P_00573,HOSP_001,DOC_008,DEPT_005,2024-01-12,2024-01-17,5,Urgent,339,Home
ADM_01741,P_00644,HOSP_003,DOC_024,DEPT_024,2024-05-09,2024-05-17,8,Urgent,201,Home
ADM_01742,P_00644,HOSP_003,DOC_024,DEPT_024,2024-05-21,2024-06-03,13,Emergency,147,Home
ADM_01743,P_03096,HOSP_001,DOC_028,DEPT_005,2024-01-31,2024-02-06,6,Elective,537,Deceased
ADM_01744,P_03336,HOSP_005,DOC_015,DEPT_038,2024-03-13,2024-03-17,4,Urgent,339,Home
ADM_01745,P_03336,HOSP_005,DOC_015,DEPT_038,2024-04-07,2024-04-09,2,Emergency,173,HOME
ADM_01746,P_01627,HOSP_004,DOC_009,DEPT_030,2024-07-03,2024-07-12,9,Elective,153,Rehabilitation
ADM_01747,P_02895,HOSP_003,DOC_031,DEPT_024,2024-05-31,2024-06-04,4,Emergency,496,Home
ADM_01748,P_00233,HOSP_002,DOC_014,DEPT_009,2024-03-08,2024-03-12,4,Emergency,218,Home
ADM_01749,P_03071,HOSP_004,DOC_038,DEPT_031,2024-06-01,2024-06-06,5,Emergency,360,Home
ADM_01750,P_02176,HOSP_001,DOC_017,DEPT_008,2025-04-30,2025-05-06,6,Emergency,385,Home
ADM_01751,P_02348,HOSP_001,DOC_023,DEPT_007,2024-03-20,2024-03-26,6,Elective,146,Home
ADM_01752,P_03221,HOSP_002,DOC_032,DEPT_016,2024-10-29,2024-11-02,4,Urgent,471,Home
ADM_01753,P_01076,HOSP_001,DOC_022,DEPT_001,2025-04-19,2025-04-23,4,Elective,483,Home
ADM_01754,P_02914,HOSP_004,DOC_040,DEPT_027,2024-06-30,2024-07-03,3,urgent,548,Home
ADM_01755,P_00476,HOSP_002,DOC_012,DEPT_014,2024-08-17,2024-08-20,3,Elective,352,Home
ADM_01756,P_02907,HOSP_005,DOC_019,DEPT_039,2024-12-14,2024-12-17,3,Elective,173,Home
ADM_01757,P_01800,HOSP_003,DOC_007,DEPT_024,2024-09-27,2024-10-01,4,EMERGENCY,577,Transferred
ADM_01758,P_00097,HOSP_003,DOC_011,DEPT_021,2024-04-19,2024-04-22,3,Elective,541,Home
ADM_01759,P_02727,HOSP_004,DOC_009,DEPT_030,2024-08-31,2024-09-01,1,Emergency,570,Home
ADM_01760,P_02911,HOSP_005,DOC_002,DEPT_035,2025-01-27,2025-01-31,4,Elective,242,Hospice
ADM_01761,P_02984,HOSP_004,DOC_025,DEPT_032,2024-06-21,2024-06-23,2,Elective,183,Home
ADM_01762,P_02263,HOSP_004,DOC_025,DEPT_032,2024-04-28,2024-05-03,5,Elective,593,Hospice
ADM_01763,P_00066,HOSP_001,DOC_023,DEPT_007,2024-01-04,2024-01-07,3,Urgent,511,Home
ADM_01764,P_00538,HOSP_001,DOC_035,DEPT_003,2025-01-02,2025-01-08,6,Elective,496,Home
ADM_01765,P_02662,HOSP_005,DOC_019,DEPT_039,2024-12-13,2024-12-15,2,Elective,186,Home
ADM_01766,P_03249,HOSP_001,DOC_034,DEPT_005,2025-05-15,2025-05-17,2,Elective,499,Home
ADM_01767,P_01721,HOSP_002,DOC_032,DEPT_016,2024-09-03,2024-09-07,4,Elective,419,Home
ADM_01768,P_00861,HOSP_003,DOC_021,DEPT_019,2024-12-23,2024-12-27,4,Emergency,217,Rehabilitation
ADM_01769,P_01872,HOSP_004,DOC_013,DEPT_026,2025-01-09,2025-01-11,2,ELECTIVE,366,Home
ADM_01770,P_02491,HOSP_005,DOC_027,DEPT_037,2025-01-29,2025-02-05,7,Elective,522,Home
ADM_01771,P_01412,HOSP_001,DOC_008,DEPT_005,2024-01-22,2024-01-25,3,Emergency,350,Home
ADM_01772,P_01807,HOSP_003,DOC_011,DEPT_021,2024-02-04,2024-02-07,3,Emergency,420,Rehabilitation
ADM_01773,P_01807,HOSP_003,DOC_011,DEPT_021,2024-03-03,2024-03-13,10,Emergency,367,UNKNOWN_VAL
ADM_01774,P_01579,HOSP_005,DOC_037,DEPT_035,2024-12-07,2024-12-13,6,Elective,574,Hospice
ADM_01775,P_00888,HOSP_002,DOC_032,DEPT_016,2024-02-04,2024-02-06,2,Emergency,227,Home
ADM_01776,P_00457,HOSP_005,DOC_002,DEPT_035,2024-07-01,2024-07-05,4,Emergency,386,Home
ADM_01777,P_00797,HOSP_001,DOC_005,DEPT_006,2024-10-11,2024-10-13,2,Elective,514,Home
ADM_01778,P_02328,HOSP_003,DOC_024,DEPT_024,2024-01-27,2024-02-03,7,Elective,219,Home
ADM_01779,P_01914,HOSP_005,DOC_029,DEPT_036,2025-03-11,2025-03-18,7,Urgent,166,Home
ADM_01780,P_01914,HOSP_005,DOC_029,DEPT_036,2025-03-27,2025-04-10,14,  Emergency  ,555,Home
ADM_01781,P_01128,HOSP_003,DOC_006,DEPT_018,2025-01-14,2025-01-27,13,Emergency,557,  Home  
ADM_01782,P_03143,HOSP_003,DOC_011,DEPT_021,2024-12-16,2024-12-19,3,Elective,291,Home
ADM_01783,P_02485,HOSP_005,DOC_002,DEPT_035,2024-09-26,2024-10-03,7,Emergency,109,Home
ADM_01784,P_00002,HOSP_001,DOC_039,DEPT_007,2024-01-31,2024-02-01,1,Elective,387,Home
ADM_01785,P_02684,HOSP_003,DOC_031,DEPT_024,2024-02-13,2024-02-18,5,Urgent,162,Rehabilitation
ADM_01786,P_02140,HOSP_004,DOC_038,DEPT_031,2025-03-08,2025-03-14,6,Elective,192,Home
ADM_01787,P_01005,HOSP_001,DOC_039,DEPT_007,25-11-2024,2024-11-28,3,Elective,495,Home
ADM_01788,P_00155,HOSP_004,DOC_009,DEPT_030,2024-04-30,2024-05-03,-3,Emergency,515,Transferred
ADM_01789,P_00155,HOSP_004,DOC_009,DEPT_030,05/30/2024,2024-06-09,10,Emergency,557,Home
ADM_01790,P_02556,HOSP_001,DOC_034,DEPT_005,2025-01-04,2025-01-10,6,Elective,335,Home
ADM_01791,P_01478,HOSP_005,DOC_029,DEPT_036,2025-02-08,2025-02-18,10,Elective,200,Home
ADM_01792,P_00057,HOSP_002,DOC_036,DEPT_016,2024-09-26,2024-10-06,10,Elective,542,Transferred
ADM_01793,P_00013,HOSP_001,DOC_039,DEPT_007,2024-05-24,2024-05-26,2,Urgent,106,UNKNOWN_VAL
ADM_01794,P_00694,HOSP_005,DOC_018,DEPT_039,2024-03-03,2024-03-06,3,Urgent,124,Rehabilitation
ADM_01795,P_01818,HOSP_001,DOC_033,DEPT_002,2024-11-16,2024-11-18,2,Elective,278,Home
ADM_01796,P_02113,HOSP_002,DOC_032,DEPT_016,2024-06-15,2024-06-22,7,Emergency,586,Home
ADM_01797,P_00021,HOSP_004,DOC_038,DEPT_031,2024-06-22,2024-06-27,5,Elective,271,Home
ADM_01798,P_00177,HOSP_005,DOC_019,DEPT_039,2024-11-12,2024-11-15,3,Urgent,561,Home
ADM_01799,P_01017,HOSP_003,DOC_026,DEPT_020,2024-07-30,2024-08-02,3,Elective,165,Home
ADM_01800,P_01825,HOSP_002,DOC_012,DEPT_014,2024-09-13,2024-09-21,8,Emergency,376,Home
ADM_01801,P_00512,HOSP_005,DOC_019,DEPT_039,2025-01-27,2025-01-31,4,Elective,506,Home
ADM_01802,P_00926,HOSP_002,DOC_036,DEPT_016,2024-05-18,2024-05-19,1,Elective,123,Home
ADM_01803,P_02822,HOSP_001,DOC_017,DEPT_008,09-04-2025,2025-04-11,2,Emergency,548,Home
ADM_01804,P_01582,HOSP_001,DOC_017,DEPT_008,2024-12-05,2024-12-16,11,Emergency,545,Home
ADM_01805,P_00825,HOSP_005,DOC_037,DEPT_035,07-04-2025,2025-04-15,8,Emergency,549,Home
ADM_01806,P_02929,HOSP_004,DOC_025,DEPT_032,2024-08-17,2024-08-19,2,  Emergency  ,384,Home
ADM_01807,P_02781,HOSP_002,DOC_036,DEPT_016,2024-12-10,2024-12-15,5,  Urgent  ,361,  Home  
ADM_01808,P_03014,HOSP_003,DOC_024,DEPT_024,2024-09-29,2024-10-06,7,Emergency,138,Home
ADM_01809,P_03078,HOSP_003,DOC_006,DEPT_018,2024-01-28,2024-01-30,2,Emergency,323,Transferred
ADM_01810,P_01875,HOSP_003,DOC_010,DEPT_021,2025-05-15,2025-05-23,8,Emergency,358,Rehabilitation
ADM_01811,P_01875,HOSP_003,DOC_010,DEPT_021,2025-06-02,2025-06-10,8,Emergency,,Home
ADM_01812,P_02372,HOSP_005,DOC_029,DEPT_036,2024-10-02,2024-10-05,3,Elective,332,Home
ADM_01813,P_01937,HOSP_001,DOC_004,DEPT_005,2024-02-07,2024-02-13,-6,Urgent,208,Home
ADM_01814,P_03456,HOSP_001,DOC_008,DEPT_005,2024-08-08,2024-08-13,5,Elective,443,Home
ADM_01815,P_02448,HOSP_001,DOC_034,DEPT_005,2024-03-16,2024-03-21,5,Urgent,226,UNKNOWN_VAL
ADM_01816,P_01797,HOSP_001,DOC_035,DEPT_003,2024-01-08,2024-01-13,5,  Emergency  ,120,Home
ADM_01817,P_01977,HOSP_004,DOC_038,DEPT_031,2024-04-12,2024/04/15 00:00:00,3,Emergency,360,Home
ADM_01818,P_03433,HOSP_005,DOC_029,DEPT_036,2024-07-10,2024-07-13,3,Emergency,321,Home
ADM_01819,P_02856,HOSP_004,DOC_038,DEPT_031,2024-03-12,2024-03-16,4,Elective,496,TRANSFERRED
ADM_01820,P_03185,HOSP_005,DOC_015,DEPT_038,2024-12-08,2024-12-13,5,Urgent,340,Home
ADM_01821,P_00854,HOSP_001,DOC_022,DEPT_001,2025-02-01,2025-02-07,6,Elective,299,Home
ADM_01822,P_00757,HOSP_001,DOC_005,DEPT_006,2024-03-20,2024-03-31,11,Urgent,382,Home
ADM_01823,P_03197,HOSP_001,DOC_022,DEPT_001,2024-08-22,2024-08-27,5,Elective,278,TRANSFERRED
ADM_01824,P_00472,HOSP_003,DOC_024,DEPT_024,2024-04-29,2024-05-05,6,Emergency,274,Home
ADM_01825,P_03177,HOSP_004,DOC_025,DEPT_032,2024-07-13,2024-07-20,7,Emergency,501,Home
ADM_01826,P_00004,HOSP_001,DOC_022,DEPT_001,2025-04-14,2025-04-21,7,Elective,308,HOME
ADM_01827,P_02677,HOSP_001,DOC_039,DEPT_007,2024-01-24,2024-01-27,3,Elective,203,Home
ADM_01828,P_01101,HOSP_001,DOC_005,DEPT_006,2025-02-24,2025-03-05,9,Urgent,426,Home
ADM_01829,P_01662,HOSP_001,DOC_022,DEPT_001,2024-11-30,2024-12-08,8,Emergency,265,Home
ADM_01830,P_01777,HOSP_001,DOC_035,DEPT_003,2024-05-16,2024-05-21,5,Elective,539,Home
ADM_01831,P_01777,HOSP_001,DOC_035,DEPT_003,2024-06-16,2024-06-20,4,Emergency,510,Home
ADM_01832,P_01808,HOSP_005,DOC_002,DEPT_035,2025-01-12,2025-01-17,5,Elective,122,Home
ADM_01833,P_00102,HOSP_002,DOC_032,DEPT_016,2024-05-19,2024-05-21,2,Urgent,242,Home
ADM_01834,P_03225,HOSP_002,DOC_016,DEPT_009,2024-05-06,2024-05-15,9,Urgent,126,Home
ADM_01835,P_03211,HOSP_005,DOC_018,DEPT_039,2025-01-10,2025-01-13,3,elective,438,Home
ADM_01836,P_02000,HOSP_001,DOC_020,DEPT_008,2025-04-01,2025-04-05,4,Urgent,386,Home
ADM_01837,P_01793,HOSP_003,DOC_006,DEPT_018,2024-12-04,2024-12-13,9,Elective,562,Transferred
ADM_01838,P_01563,HOSP_002,DOC_016,DEPT_009,2024-09-14,2024-09-23,9,Urgent,195,Home
ADM_01839,P_01466,HOSP_003,DOC_031,DEPT_024,2024-12-28,2025-01-02,5,Elective,103,Home
ADM_01840,P_03028,HOSP_003,DOC_021,DEPT_019,2024-05-10,2024-05-20,10,Urgent,323,Transferred
ADM_01841,P_01758,HOSP_001,DOC_008,DEPT_005,2024-09-25,2024-09-28,3,Emergency,470,Transferred
ADM_01842,P_02046,HOSP_001,DOC_020,DEPT_008,2024-02-04,2024-02-09,5,Emergency,285,Home
ADM_01843,P_00958,HOSP_001,DOC_005,DEPT_006,2024-05-08,2024-05-11,3,Emergency,357,Home
ADM_01844,P_00958,HOSP_001,DOC_005,DEPT_006,2024-05-19,2024/05/30 00:00:00,11,Emergency,314,Home
ADM_01845,P_00849,HOSP_001,DOC_017,DEPT_008,2024-12-17,2024-12-25,8,Elective,182,Home
ADM_01846,P_00559,HOSP_002,DOC_014,DEPT_009,2024-12-31,2025-01-11,11,Emergency,527,  Transferred  
ADM_01847,P_03444,HOSP_003,DOC_011,DEPT_021,2024-03-03,2024-03-07,4,Emergency,107,Transferred
ADM_01848,P_01889,HOSP_001,DOC_008,DEPT_005,2024-04-18,2024-04-30,12,Urgent,456,Home
ADM_01849,P_01889,HOSP_001,DOC_008,DEPT_005,2024-05-25,2024-05-29,4,Emergency,,Home
ADM_01850,P_02095,HOSP_001,DOC_017,DEPT_008,2025-04-17,2025-04-21,4,Elective,572,Home
ADM_01851,P_03257,HOSP_003,DOC_031,DEPT_024,2024-02-06,2024-02-09,3,Emergency,236,Transferred
ADM_01852,P_00453,HOSP_002,DOC_030,DEPT_014,2024-11-28,2024-12-03,5,Elective,251,Home
ADM_01853,P_01293,HOSP_005,DOC_027,DEPT_037,2024-10-07,2024-10-10,3,Elective,143,Home
ADM_01854,P_01647,HOSP_001,DOC_020,DEPT_008,2024-07-08,2024-07-16,8,Emergency,,Home
ADM_01855,P_02734,HOSP_005,DOC_029,DEPT_036,2025-01-19,2025-01-25,6,Urgent,518,Rehabilitation
ADM_01856,P_01941,HOSP_001,DOC_028,DEPT_005,2024-07-16,2024-07-18,2,  Emergency  ,598,Home
ADM_01857,P_01615,HOSP_005,DOC_003,DEPT_036,2024-10-14,2024-10-21,7,Emergency,443,Home
ADM_01858,P_03021,HOSP_001,DOC_022,DEPT_001,2025-03-11,2025-03-21,10,Elective,259,Home
ADM_01859,P_01350,HOSP_003,DOC_021,DEPT_019,2025-04-19,2025-04-25,6,Emergency,131,Home
ADM_01860,P_01178,HOSP_005,DOC_037,DEPT_035,2024-11-15,2024-11-17,2,Elective,168,Home
ADM_01861,P_01178,HOSP_005,DOC_037,DEPT_035,2024-12-06,2024-12-12,6,Emergency,349,Home
ADM_01862,P_00589,HOSP_002,DOC_030,DEPT_014,2024-07-03,2024-07-09,6,Emergency,185,Home
ADM_01863,P_00021,HOSP_001,DOC_028,DEPT_005,2024-02-09,2024-02-13,4,Elective,454,Home
ADM_01864,P_00167,HOSP_005,DOC_027,DEPT_037,2025-03-31,2025-04-02,2,Elective,374,Home
ADM_01865,P_01915,HOSP_005,DOC_015,DEPT_038,2024-11-26,2024-12-04,8,Elective,241,Transferred
ADM_01866,P_00143,HOSP_001,DOC_004,DEPT_005,2024-07-13,2024-07-17,4,Urgent,312,HOME
ADM_01867,P_01769,HOSP_004,DOC_013,DEPT_026,2024-10-26,2024-11-05,10,  Emergency  ,543,Home
ADM_01868,P_00360,HOSP_001,DOC_017,DEPT_008,2024-05-06,2024-05-09,3,Emergency,456,Home
ADM_01869,P_00778,HOSP_005,DOC_037,DEPT_035,2025-02-24,2025-02-28,4,Urgent,110,Home
ADM_01870,P_00445,HOSP_001,DOC_008,DEPT_005,2025-02-14,2025-02-17,3,Urgent,110,Home
ADM_01871,P_01641,HOSP_001,DOC_023,DEPT_007,2024-05-08,2024-05-12,4,Elective,367,Home
ADM_01872,P_02041,HOSP_003,DOC_021,DEPT_019,2024-07-09,2024-07-15,6,Emergency,178,Home
ADM_01873,P_02333,HOSP_003,DOC_026,DEPT_020,2024-02-23,2024-02-26,3,Emergency,310,Home
ADM_01874,P_02493,HOSP_002,DOC_030,DEPT_014,2025-04-24,2025-04-26,2,Emergency,588,Home
ADM_01875,P_02144,HOSP_002,DOC_014,DEPT_009,2024/06/11 00:00:00,2024-06-13,2,Emergency,392,Home
ADM_01876,P_02238,HOSP_004,DOC_013,DEPT_026,2024-11-28,2024-11-30,2,ELECTIVE,145,Home
ADM_01877,P_02690,HOSP_002,DOC_016,DEPT_009,2024-06-17,2024-06-19,2,emergency,317,HOME
ADM_01878,P_02530,HOSP_001,DOC_028,DEPT_005,2025-05-13,2025-05-16,3,Urgent,204,Home
ADM_01879,P_03310,HOSP_001,DOC_035,DEPT_003,2024-12-30,2025-01-04,5,Urgent,553,Home
ADM_01880,P_01792,HOSP_001,DOC_017,DEPT_008,2024-02-04,2024-02-10,6,Elective,172,Home
ADM_01881,P_01340,HOSP_004,DOC_025,DEPT_032,2025-04-07,2025-04-12,5,Emergency,414,Home
ADM_01882,P_03072,HOSP_004,DOC_038,DEPT_031,2024-02-26,2024-03-06,9,Elective,321,Rehabilitation
ADM_01883,P_00529,HOSP_001,DOC_017,DEPT_008,2025-03-16,2025-03-27,11,Emergency,,Home
ADM_01884,P_01928,HOSP_005,DOC_027,DEPT_037,2024-12-26,2024-12-30,4,Urgent,301,Home
ADM_01885,P_03284,HOSP_001,DOC_035,DEPT_003,2024-05-25,2024-05-28,3,Emergency,285,Home
ADM_01886,P_03427,HOSP_001,DOC_008,DEPT_005,2024-09-05,2024-09-17,12,Urgent,322,Home
ADM_01887,P_01972,HOSP_005,DOC_037,DEPT_035,2025-01-07,2025-01-15,8,Urgent,124,Rehabilitation
ADM_01888,P_00371,HOSP_003,DOC_001,DEPT_023,2024-03-08,2024-03-16,8,Elective,,Rehabilitation
ADM_01889,P_02026,HOSP_001,DOC_005,DEPT_006,11/06/2024,2024-11-09,3,Elective,417,Home
ADM_01890,P_01282,HOSP_004,DOC_009,DEPT_030,04-03-2025,2025-03-11,7,Emergency,,Home
ADM_01891,P_01282,HOSP_004,DOC_009,DEPT_030,2025-03-17,2025-03-24,7,Emergency,568,Home
ADM_01892,P_00527,HOSP_001,DOC_008,DEPT_005,2025-02-01,2025-02-05,4,Urgent,138,Home
ADM_01893,P_02344,HOSP_005,DOC_003,DEPT_036,2024-11-20,2024-11-24,4,EMERGENCY,507,Home
ADM_01894,P_01568,HOSP_003,DOC_011,DEPT_021,2025-02-27,2025-03-05,6,Emergency,238,Deceased
ADM_01895,P_01709,HOSP_002,DOC_012,DEPT_014,2024-03-18,2024-03-27,9,Emergency,317,Home
ADM_01896,P_01672,HOSP_002,DOC_014,DEPT_009,2024-11-19,2024-12-02,13,Elective,447,Home
ADM_01897,P_01446,HOSP_005,DOC_003,DEPT_036,2024-09-24,2024-09-28,4,Emergency,167,Home
ADM_01898,P_01570,HOSP_004,DOC_009,DEPT_030,2024-06-14,2024/06/19 00:00:00,5,Emergency,588,Home
ADM_01899,P_01133,HOSP_003,DOC_001,DEPT_023,2024-04-30,2024-05-04,4,Emergency,260,Home
ADM_01900,P_02439,HOSP_001,DOC_034,DEPT_005,2025-03-05,2025-03-11,6,Emergency,557,Home
ADM_01901,P_00654,HOSP_001,DOC_004,DEPT_005,2024-03-13,2024-03-17,4,  Urgent  ,197,Home
ADM_01902,P_03085,HOSP_001,DOC_023,DEPT_007,2024-01-26,2024-02-07,12,ELECTIVE,489,Home
ADM_01903,P_03055,HOSP_001,DOC_039,DEPT_007,2024-04-18,2024-04-21,3,Elective,194,Home
ADM_01904,P_02112,HOSP_001,DOC_004,DEPT_005,2025-03-13,2025-03-17,4,  Elective  ,389,Rehabilitation
ADM_01905,P_02491,HOSP_002,DOC_030,DEPT_014,2024-01-13,2024-01-16,3,Emergency,254,Home
ADM_01906,P_03227,HOSP_004,DOC_013,DEPT_026,2024-02-14,2024-02-18,4,Emergency,339,Home
ADM_01907,P_01984,HOSP_003,DOC_007,DEPT_024,2024-12-08,2024-12-10,2,Elective,268,home
ADM_01908,P_02878,HOSP_002,DOC_016,DEPT_009,2025-04-25,2025-04-28,3,Urgent,350,Transferred
ADM_01909,P_01945,HOSP_005,DOC_015,DEPT_038,2024-09-07,2024-09-13,6,Emergency,325,Home
ADM_01910,P_01945,HOSP_005,DOC_015,DEPT_038,2024-09-30,2024-10-08,8,Emergency,165,Home
ADM_01911,P_01818,HOSP_001,DOC_023,DEPT_007,2024-08-31,2024-09-05,5,Urgent,258,Home
ADM_01912,P_02284,HOSP_003,DOC_007,DEPT_024,2024-05-27,2024-06-05,9,Elective,565,Home
ADM_01913,P_02284,HOSP_003,DOC_007,DEPT_024,2024-06-21,2024-06-29,8,Emergency,154,Home
ADM_01914,P_01391,HOSP_002,DOC_016,DEPT_009,2024-10-24,2024-11-02,9,EMERGENCY,481,Transferred
ADM_01915,P_02488,HOSP_005,DOC_018,DEPT_039,2024-04-01,2024-04-14,13,Elective,171,Home
ADM_01916,P_00283,HOSP_001,DOC_023,DEPT_007,2024-01-31,2024-02-07,7,Urgent,552,Home
ADM_01917,P_01044,HOSP_005,DOC_015,DEPT_038,2024-11-21,2024-11-23,2,Emergency,180,Home
ADM_01918,P_01936,HOSP_004,DOC_040,DEPT_027,2025-03-13,2025-03-18,5,Elective,429,Hospice
ADM_01919,P_02066,HOSP_002,DOC_012,DEPT_014,2025-04-01,2025-04-06,5,Emergency,196,Home
ADM_01920,P_00882,HOSP_005,DOC_037,DEPT_035,02/05/2024,2024-02-15,10,Urgent,409,  Home  
ADM_01921,P_00906,HOSP_005,DOC_029,DEPT_036,2025-04-15,2025-04-19,4,Emergency,175,Home
ADM_01922,P_01809,HOSP_001,DOC_023,DEPT_007,2024-11-02,2024-11-05,3,Emergency,285,Home
ADM_01923,P_01291,HOSP_002,DOC_030,DEPT_014,2024-12-07,2024-12-10,3,Urgent,510,Rehabilitation
ADM_01924,P_00741,HOSP_003,DOC_006,DEPT_018,2025-02-08,2025-02-10,2,Elective,444,Home
ADM_01925,P_00741,HOSP_003,DOC_006,DEPT_018,2025-02-18,2025-02-19,1,Emergency,117,Home
ADM_01926,P_03413,HOSP_003,DOC_026,DEPT_020,2025-03-14,2025-03-26,12,Elective,406,Home
ADM_01927,P_00364,HOSP_005,DOC_003,DEPT_036,2024-01-02,2024-01-07,5,Elective,197,Transferred
ADM_01928,P_00364,HOSP_005,DOC_003,DEPT_036,2024/01/16 00:00:00,2024-01-19,3,Emergency,300,Home
ADM_01929,P_01094,HOSP_005,DOC_019,DEPT_039,2024-05-08,2024-05-18,10,Emergency,498,Home
ADM_01930,P_01094,HOSP_005,DOC_019,DEPT_039,2024-06-15,2024-06-30,15,Emergency,314,HOME
ADM_01931,P_02410,HOSP_003,DOC_006,DEPT_018,2024-05-09,2024-05-14,5,Emergency,572,Home
ADM_01932,P_02587,HOSP_001,DOC_004,DEPT_005,2024-08-25,2024-08-27,2,Elective,555,Home
ADM_01933,P_01631,HOSP_001,DOC_033,DEPT_002,2024-05-02,05-05-2024,3,Emergency,124,Home
ADM_01934,P_03471,HOSP_001,DOC_033,DEPT_002,2025-04-07,2025-04-11,4,Urgent,379,Home
ADM_01935,P_01310,HOSP_003,DOC_031,DEPT_024,02/24/2024,2024-02-29,5,Emergency,196,Rehabilitation
ADM_01936,P_01310,HOSP_003,DOC_031,DEPT_024,2024-03-14,2024-03-17,3,Emergency,211,Home
ADM_01937,P_00162,HOSP_003,DOC_001,DEPT_023,2024-01-23,2024-01-30,7,elective,440,Rehabilitation
ADM_01938,P_01733,HOSP_002,DOC_014,DEPT_009,2024-11-20,11/21/2024,1,Urgent,474,  Home  
ADM_01939,P_01738,HOSP_003,DOC_031,DEPT_024,2025-04-22,2025-04-30,8,Emergency,306,Home
ADM_01940,P_01515,HOSP_002,DOC_036,DEPT_016,2024-07-30,2024-08-08,9,Emergency,436,Home
ADM_01941,P_01266,HOSP_002,DOC_030,DEPT_014,2024-11-30,2024-12-04,4,Emergency,511,Home
ADM_01942,P_01726,HOSP_002,DOC_014,DEPT_009,2024-04-22,2024-04-26,4,Emergency,,Home
ADM_01943,P_01726,HOSP_002,DOC_014,DEPT_009,2024-05-24,2024-06-06,13,Emergency,597,Home
ADM_01944,P_03116,HOSP_005,DOC_027,DEPT_037,2025-03-14,2025-03-20,6,Urgent,521,Home
ADM_01945,P_01369,HOSP_005,DOC_019,DEPT_039,2025-01-18,2025-01-22,4,Emergency,,Home
ADM_01946,P_01907,HOSP_003,DOC_021,DEPT_019,2024-09-10,2024-09-14,4,Emergency,487,Hospice
ADM_01947,P_00279,HOSP_001,DOC_033,DEPT_002,2024-07-06,2024-07-12,6,Emergency,355,Home
ADM_01948,P_01622,HOSP_005,DOC_037,DEPT_035,2024/12/11 00:00:00,2024-12-22,11,Emergency,389,Home
ADM_01949,P_01479,HOSP_004,DOC_038,DEPT_031,2024-07-28,2024-08-01,4,Emergency,121,Home
ADM_01950,P_02624,HOSP_005,DOC_015,DEPT_038,2024-12-27,2024-12-31,4,Emergency,178,Home
ADM_01951,P_00747,HOSP_005,DOC_037,DEPT_035,2025-03-07,2025-03-12,5,Emergency,231,  Home  
ADM_01952,P_02611,HOSP_004,DOC_009,DEPT_030,2024-02-15,2024-02-20,5,Emergency,597,Home
ADM_01953,P_00524,HOSP_003,DOC_021,DEPT_019,2024-02-17,2024-02-22,5,  Elective  ,345,Home
ADM_01954,P_02408,HOSP_003,DOC_024,DEPT_024,2025-03-05,2025-03-09,4,Elective,166,Home
ADM_01955,P_02408,HOSP_003,DOC_024,DEPT_024,2025-03-24,04-04-2025,11,Emergency,311,Home
ADM_01956,P_00185,HOSP_005,DOC_018,DEPT_039,2024-02-05,2024-02-08,3,Emergency,257,Rehabilitation
ADM_01957,P_00877,HOSP_001,DOC_004,DEPT_005,2024-04-04,2024-04-10,6,Elective,379,Home
ADM_01958,P_00318,HOSP_005,DOC_015,DEPT_038,2025-02-08,2025-02-14,6,Elective,,Home
ADM_01959,P_00585,HOSP_001,DOC_008,DEPT_005,2024-01-09,2024/01/12 00:00:00,3,Elective,426,Home
ADM_01960,P_03102,HOSP_003,DOC_010,DEPT_021,2024-06-08,2024-06-14,6,Urgent,410,Home
ADM_01961,P_00626,HOSP_003,DOC_011,DEPT_021,2024-11-06,2024-11-12,6,Elective,466,Home
ADM_01962,P_02733,HOSP_001,DOC_020,DEPT_008,2024-10-17,2024-10-18,1,EMERGENCY,233,  Home  
ADM_01963,P_00105,HOSP_002,DOC_030,DEPT_014,2025-02-16,2025-02-19,3,  Emergency  ,402,Home
ADM_01964,P_03318,HOSP_001,DOC_022,DEPT_001,2024-04-11,2024-04-21,10,Elective,339,Rehabilitation
ADM_01965,P_02206,HOSP_002,DOC_014,DEPT_009,2024-12-03,2024-12-06,3,Urgent,355,Home
ADM_01966,P_01651,HOSP_002,DOC_030,DEPT_014,2024-12-17,2024-12-19,2,Elective,324,Home
ADM_01967,P_01651,HOSP_002,DOC_030,DEPT_014,2024-12-31,2025-01-02,2,Emergency,255,Home
ADM_01968,P_01636,HOSP_001,DOC_028,DEPT_005,2024-07-19,2024-07-21,2,Emergency,387,Home
ADM_01969,P_00910,HOSP_001,DOC_028,DEPT_005,2025-04-20,2025-04-24,4,Elective,595,home
ADM_01970,P_02315,HOSP_001,DOC_020,DEPT_008,2024-04-17,2024-04-19,2,elective,549,Home
ADM_01971,P_02795,HOSP_001,DOC_023,DEPT_007,2025-04-08,2025-04-14,6,Elective,271,Home
ADM_01972,P_02373,HOSP_002,DOC_012,DEPT_014,2024-06-20,2024-06-23,3,Elective,,Home
ADM_01973,P_01953,HOSP_002,DOC_012,DEPT_014,2024-07-12,2024-07-17,5,Emergency,,Transferred
ADM_01974,P_01953,HOSP_002,DOC_012,DEPT_014,2024-08-13,2024-08-25,12,Emergency,173,Home
ADM_01975,P_01342,HOSP_005,DOC_029,DEPT_036,2025-01-11,2025-01-20,9,Urgent,423,Home
ADM_01976,P_02941,HOSP_005,DOC_027,DEPT_037,2025-04-16,2025-04-21,5,Elective,464,Home
ADM_01977,P_00679,HOSP_003,DOC_031,DEPT_024,2025-05-07,2025-05-09,2,Emergency,339,Home
ADM_01978,P_00725,HOSP_004,DOC_013,DEPT_026,2025/02/03 00:00:00,2025-02-07,4,Elective,426,Home
ADM_01979,P_01030,HOSP_001,DOC_028,DEPT_005,2024-08-01,2024-08-06,5,emergency,151,Home
ADM_01980,P_01222,HOSP_001,DOC_039,DEPT_007,2025-01-08,2025-01-22,14,Elective,124,UNKNOWN_VAL
ADM_01981,P_01551,HOSP_001,DOC_033,DEPT_002,2024-07-21,2024-07-22,1,Emergency,297,Transferred
ADM_01982,P_03057,HOSP_001,DOC_034,DEPT_005,2024-12-22,2024-12-26,4,Elective,415,Home
ADM_01983,P_00694,HOSP_005,DOC_018,DEPT_039,2025-05-12,2025-05-18,6,Emergency,230,Rehabilitation
ADM_01984,P_00078,HOSP_002,DOC_016,DEPT_009,2024-12-14,2024-12-19,5,Urgent,446,Transferred
ADM_01985,P_01476,HOSP_003,DOC_006,DEPT_018,2024-09-23,2024-09-28,5,Urgent,265,Home
ADM_01986,P_01709,HOSP_003,DOC_006,DEPT_018,2024-04-27,30-04-2024,3,Elective,535,Home
ADM_01987,P_02300,HOSP_001,DOC_035,DEPT_003,2024-04-26,2024-05-03,7,Elective,151,Home
ADM_01988,P_02231,HOSP_002,DOC_016,DEPT_009,2024-10-05,2024-10-10,5,Emergency,479,Home
ADM_01989,P_00781,HOSP_005,DOC_018,DEPT_039,2024-08-28,2024-09-02,5,Emergency,169,Home
ADM_01990,P_02644,HOSP_002,DOC_014,DEPT_009,2024-09-09,2024-09-17,8,Urgent,501,Home
ADM_01991,P_01015,HOSP_004,DOC_040,DEPT_027,2024-10-09,2024-10-13,4,Urgent,444,Home
ADM_01992,P_00647,HOSP_003,DOC_011,DEPT_021,2025-04-21,2025-04-30,9,Elective,210,Home
ADM_01993,P_00393,HOSP_001,DOC_033,DEPT_002,2025-01-26,2025-01-28,2,Emergency,421,Home
ADM_01994,P_00393,HOSP_001,DOC_033,DEPT_002,2025-02-18,2025-02-25,7,Emergency,150,Home
ADM_01995,P_01491,HOSP_003,DOC_010,DEPT_021,2024-04-20,2024-04-23,3,Emergency,516,Home
ADM_01996,P_03384,HOSP_003,DOC_026,DEPT_020,2024-11-22,2024/11/24 00:00:00,2,Elective,134,  Home  
ADM_01997,P_01193,HOSP_003,DOC_001,DEPT_023,2024-10-30,2024-11-10,11,elective,348,Home
ADM_01998,P_00187,HOSP_002,DOC_012,DEPT_014,2024-05-05,2024-05-07,2,Emergency,318,Home
ADM_01999,P_00187,HOSP_002,DOC_012,DEPT_014,2024-05-11,2024-05-17,6,Emergency,526,Home
ADM_02000,P_00461,HOSP_002,DOC_012,DEPT_014,2024-11-14,2024-11-16,2,Emergency,534,Home
ADM_02001,P_01004,HOSP_003,DOC_007,DEPT_024,2024-12-05,2024-12-13,8,Elective,263,Home
ADM_02002,P_01004,HOSP_003,DOC_007,DEPT_024,2025-01-03,2025-01-08,5,Emergency,457,Home
ADM_02003,P_02824,HOSP_003,DOC_001,DEPT_023,2024-01-04,2024-01-12,8,Elective,435,Home
ADM_02004,P_02824,HOSP_003,DOC_001,DEPT_023,2024-02-08,2024-02-16,8,Emergency,483,Home
ADM_02005,P_00325,HOSP_002,DOC_030,DEPT_014,2024-07-11,2024-07-24,13,Urgent,552,Transferred
ADM_02006,P_00871,HOSP_002,DOC_012,DEPT_014,2025-04-25,2025-04-27,2,Emergency,,Home
ADM_02007,P_01054,HOSP_002,DOC_014,DEPT_009,2025-02-05,2025-02-08,3,Urgent,346,Rehabilitation
ADM_02008,P_00466,HOSP_003,DOC_024,DEPT_024,2025-04-12,2025-04-20,8,Emergency,352,Home
ADM_02009,P_01248,HOSP_001,DOC_028,DEPT_005,2024-11-12,2024-11-17,5,Emergency,420,Home
ADM_02010,P_00240,HOSP_002,DOC_036,DEPT_016,2024-08-19,2024-08-23,4,Emergency,372,Home
ADM_02011,P_00764,HOSP_005,DOC_003,DEPT_036,2025-03-08,2025-03-20,12,Emergency,221,Home
ADM_02012,P_02691,HOSP_001,DOC_034,DEPT_005,2024-01-05,2024-01-10,5,Urgent,472,Home
ADM_02013,P_00828,HOSP_005,DOC_019,DEPT_039,11/17/2024,2024-11-20,3,Elective,191,Home
ADM_02014,P_03430,HOSP_002,DOC_014,DEPT_009,2024-03-26,2024-04-03,8,Emergency,106,Home
ADM_02015,P_00103,HOSP_003,DOC_024,DEPT_024,2025-03-16,2025-03-21,5,Elective,191,Home
ADM_02016,P_00103,HOSP_003,DOC_024,DEPT_024,2025-03-26,2025-04-02,7,Emergency,379,Home
ADM_02017,P_00957,HOSP_004,DOC_009,DEPT_030,2024-12-15,2024-12-21,6,Elective,464,Home
ADM_02018,P_01847,HOSP_004,DOC_025,DEPT_032,2024-03-23,2024-03-30,7,Emergency,121,Home
ADM_02019,P_00672,HOSP_003,DOC_006,DEPT_018,2024-04-22,2024-04-25,3,Emergency,388,Home
ADM_02020,P_01419,HOSP_005,DOC_019,DEPT_039,2024-03-25,2024-03-29,4,Elective,210,Rehabilitation
ADM_02021,P_00686,HOSP_004,DOC_025,DEPT_032,2024-09-09,2024-09-11,2,Elective,487,Home
ADM_02022,P_00342,HOSP_003,DOC_026,DEPT_020,2024-08-16,2024-08-21,5,elective,321,Home
ADM_02023,P_01919,HOSP_001,DOC_035,DEPT_003,2024-07-29,2024-08-09,11,Elective,103,Hospice
ADM_02024,P_00736,HOSP_003,DOC_021,DEPT_019,2024-02-19,2024-02-22,3,Emergency,547,Home
ADM_02025,P_01051,HOSP_003,DOC_011,DEPT_021,2024-08-09,2024-08-11,2,Emergency,187,Transferred
ADM_02026,P_00701,HOSP_005,DOC_003,DEPT_036,2024-11-10,2024-11-13,3,Elective,451,  Home  
ADM_02027,P_03306,HOSP_001,DOC_022,DEPT_001,2024/04/16 00:00:00,2024-04-20,4,Elective,584,Home
ADM_02028,P_01479,HOSP_004,DOC_013,DEPT_026,2024-02-09,2024-02-16,7,Elective,138,Home
ADM_02029,P_01479,HOSP_004,DOC_013,DEPT_026,2024-02-29,2024-03-05,5,Emergency,114,Home
ADM_02030,P_01833,HOSP_003,DOC_021,DEPT_019,2025-02-11,2025-02-16,5,Emergency,356,HOME
ADM_02031,P_01311,HOSP_003,DOC_011,DEPT_021,2024-10-07,2024-10-10,3,Emergency,328,Rehabilitation
ADM_02032,P_00256,HOSP_005,DOC_015,DEPT_038,2025-02-04,2025-02-08,4,Elective,331,Home
ADM_02033,P_02499,HOSP_002,DOC_032,DEPT_016,2024-01-26,2024-01-29,3,Elective,471,Home
ADM_02034,P_00931,HOSP_005,DOC_002,DEPT_035,2024-11-29,2024-12-01,2,Emergency,250,Home
ADM_02035,P_03403,HOSP_005,DOC_003,DEPT_036,2024-06-22,2024-06-29,7,Urgent,267,  Home  
ADM_02036,P_00032,HOSP_003,DOC_006,DEPT_018,2024-09-11,2024-09-15,4,Urgent,332,Home
ADM_02037,P_02627,HOSP_001,DOC_039,DEPT_007,2024-08-14,2024-08-20,6,Emergency,,Home
ADM_02038,P_02627,HOSP_001,DOC_039,DEPT_007,2024-08-23,2024-08-27,4,Emergency,160,Home
ADM_02039,P_03469,HOSP_002,DOC_036,DEPT_016,2025-04-09,2025-04-14,5,Emergency,155,Home
ADM_02040,P_03469,HOSP_002,DOC_036,DEPT_016,2025-04-22,24-04-2025,2,Emergency,132,Home
ADM_02041,P_03386,HOSP_004,DOC_013,DEPT_026,2024-05-10,2024-05-14,4,Emergency,535,Rehabilitation
ADM_02042,P_01571,HOSP_001,DOC_035,DEPT_003,16-01-2024,2024-01-19,3,Emergency,120,Home
ADM_02043,P_01571,HOSP_001,DOC_035,DEPT_003,2024-01-27,2024-02-07,11,Emergency,255,Home
ADM_02044,P_00170,HOSP_003,DOC_026,DEPT_020,2024-06-10,2024-06-12,2,Emergency,426,Home
ADM_02045,P_02922,HOSP_005,DOC_018,DEPT_039,2025-03-14,2025-03-18,4,Urgent,468,Transferred
ADM_02046,P_00364,HOSP_002,DOC_030,DEPT_014,2024-01-26,2024-01-31,5,Elective,280,Home
ADM_02047,P_01802,HOSP_005,DOC_037,DEPT_035,2024-08-11,2024-08-19,8,Urgent,587,Home
ADM_02048,P_01802,HOSP_005,DOC_037,DEPT_035,2024-09-12,2024-09-21,9,Emergency,145,Home
ADM_02049,P_00670,HOSP_001,DOC_017,DEPT_008,2025-02-28,2025-03-04,4,EMERGENCY,409,Home
ADM_02050,P_00104,HOSP_001,DOC_020,DEPT_008,2024-11-20,2024-11-25,5,Emergency,581,Home
ADM_02051,P_01010,HOSP_001,DOC_035,DEPT_003,2024-12-02,2024-12-10,8,Elective,567,Home
ADM_02052,P_00510,HOSP_003,DOC_007,DEPT_024,2025-01-20,2025-01-24,4,Urgent,565,Home
ADM_02053,P_00510,HOSP_003,DOC_007,DEPT_024,2025-02-09,2025-02-16,7,Emergency,355,Home
ADM_02054,P_03260,HOSP_003,DOC_026,DEPT_020,2024-08-25,2024-09-02,8,Emergency,399,Rehabilitation
ADM_02055,P_00530,HOSP_005,DOC_018,DEPT_039,2024-10-16,2024-10-30,14,EMERGENCY,347,Home
ADM_02056,P_00160,HOSP_005,DOC_037,DEPT_035,2024-03-19,2024-03-24,5,Elective,256,Home
ADM_02057,P_00160,HOSP_005,DOC_037,DEPT_035,2024-04-11,2024-04-19,8,Emergency,545,Home
ADM_02058,P_01912,HOSP_005,DOC_003,DEPT_036,2024-03-07,2024-03-14,7,Urgent,384,Home
ADM_02059,P_00018,HOSP_001,DOC_017,DEPT_008,2024-12-26,2025-01-03,8,Urgent,256,Hospice
ADM_02060,P_01852,HOSP_001,DOC_033,DEPT_002,2025-03-23,2025-03-31,8,Emergency,169,Home
ADM_02061,P_01322,HOSP_004,DOC_013,DEPT_026,2025-01-08,2025-01-11,3,Emergency,280,Home
ADM_02062,P_01322,HOSP_004,DOC_013,DEPT_026,2025-02-03,2025-02-10,7,Emergency,453,Home
ADM_02063,P_00748,HOSP_001,DOC_035,DEPT_003,2024-05-17,2024-05-25,8,Elective,501,Home
ADM_02064,P_00966,HOSP_003,DOC_024,DEPT_024,2024-12-28,2025-01-06,9,Elective,334,Home
ADM_02065,P_00703,HOSP_004,DOC_040,DEPT_027,2024-11-07,2024-11-11,4,Urgent,421,Home
ADM_02066,P_02969,HOSP_001,DOC_022,DEPT_001,12/24/2024,2024-12-29,5,Elective,108,Home
ADM_02067,P_00670,HOSP_001,DOC_017,DEPT_008,2024-01-16,2024-01-22,6,Urgent,,Home
ADM_02068,P_02061,HOSP_003,DOC_026,DEPT_020,2024-12-06,2024-12-11,5,Emergency,509,Home
ADM_02069,P_02165,HOSP_001,DOC_020,DEPT_008,2025-01-27,2025-02-01,5,EMERGENCY,236,Home
ADM_02070,P_00555,HOSP_002,DOC_030,DEPT_014,2024-05-07,2024-05-08,1,Elective,470,Home
ADM_02071,P_03109,HOSP_003,DOC_026,DEPT_020,2025-02-11,2025-03-02,19,Elective,222,Home
ADM_02072,P_03109,HOSP_003,DOC_026,DEPT_020,2025-03-22,2025-03-28,6,EMERGENCY,475,Home
ADM_02073,P_02265,HOSP_005,DOC_027,DEPT_037,2024-12-04,2024-12-08,4,Elective,597,Home
ADM_02074,P_00638,HOSP_003,DOC_031,DEPT_024,2024-05-07,2024-05-09,2,Emergency,215,Deceased
ADM_02075,P_03402,HOSP_002,DOC_016,DEPT_009,2025-03-14,2025-03-16,2,Emergency,299,Home
ADM_02076,P_02584,HOSP_003,DOC_011,DEPT_021,2024-01-29,2024-02-04,6,Urgent,,Home
ADM_02077,P_01007,HOSP_005,DOC_018,DEPT_039,2025-02-03,2025-02-11,8,Emergency,549,Home
ADM_02078,P_00546,HOSP_003,DOC_006,DEPT_018,2024-07-10,2024-07-17,7,Emergency,551,Home
ADM_02079,P_01407,HOSP_002,DOC_012,DEPT_014,2025-05-12,2025/05/15 00:00:00,3,Urgent,187,Home
ADM_02080,P_02164,HOSP_002,DOC_036,DEPT_016,2024-08-02,2024-08-09,7,Emergency,286,Home
ADM_02081,P_01882,HOSP_005,DOC_003,DEPT_036,2024-05-25,2024-05-29,4,EMERGENCY,509,Home
ADM_02082,P_02936,HOSP_001,DOC_008,DEPT_005,2025-01-13,2025-01-17,4,urgent,256,Home
ADM_02083,P_00834,HOSP_005,DOC_018,DEPT_039,2025-03-22,2025-03-24,2,Emergency,139,Home
ADM_02084,P_00834,HOSP_005,DOC_018,DEPT_039,2025-04-06,2025-04-10,4,Emergency,235,Home
ADM_02085,P_02359,HOSP_001,DOC_017,DEPT_008,2024-05-30,2024-06-05,6,Urgent,428,Home
ADM_02086,P_01184,HOSP_003,DOC_011,DEPT_021,2025-01-26,31-01-2025,5,Urgent,372,Home
ADM_02087,P_02944,HOSP_001,DOC_020,DEPT_008,2024-04-01,2024-04-06,5,Urgent,293,Transferred
ADM_02088,P_02944,HOSP_001,DOC_020,DEPT_008,2024-04-12,2024-04-14,2,Emergency,560,Home
ADM_02089,P_01504,HOSP_001,DOC_005,DEPT_006,2024-03-23,2024/03/28 00:00:00,5,Elective,565,Home
ADM_02090,P_01671,HOSP_005,DOC_018,DEPT_039,2025-01-20,2025-01-23,3,Elective,561,Home
ADM_02091,P_01031,HOSP_004,DOC_025,DEPT_032,2024-05-27,2024-06-01,5,Emergency,,Home
ADM_02092,P_01812,HOSP_002,DOC_012,DEPT_014,2024-05-09,2024-05-17,8,Emergency,209,Home
ADM_02093,P_02670,HOSP_004,DOC_040,DEPT_027,2024-11-12,2024/11/15 00:00:00,3,Elective,491,Home
ADM_02094,P_02670,HOSP_004,DOC_040,DEPT_027,2024-12-13,2024-12-20,7,Emergency,160,Home
ADM_02095,P_01476,HOSP_002,DOC_016,DEPT_009,2025-03-13,2025-03-25,12,Emergency,514,Home
ADM_02096,P_00489,HOSP_001,DOC_017,DEPT_008,2024-07-07,2024-07-12,5,Urgent,,Home
ADM_02097,P_02167,HOSP_005,DOC_015,DEPT_038,2025-03-14,2025-03-18,4,Emergency,190,Rehabilitation
ADM_02098,P_02816,HOSP_002,DOC_016,DEPT_009,2024-01-25,2024-01-28,3,Emergency,554,  Home  
ADM_02099,P_02285,HOSP_003,DOC_011,DEPT_021,2024-05-13,2024-05-20,7,Emergency,139,Home
ADM_02100,P_00106,HOSP_001,DOC_033,DEPT_002,2024-02-16,2024-02-19,3,Emergency,253,Home
ADM_02101,P_00978,HOSP_003,DOC_031,DEPT_024,2024-09-30,2024-10-09,9,Elective,296,Transferred
ADM_02102,P_00689,HOSP_001,DOC_020,DEPT_008,2024-04-15,2024-04-21,6,Elective,425,Deceased
ADM_02103,P_00291,HOSP_005,DOC_018,DEPT_039,2024-11-19,2024-11-22,3,Emergency,477,Home
ADM_02104,P_03046,HOSP_004,DOC_038,DEPT_031,2024-07-18,2024-07-21,3,Emergency,514,Home
ADM_02105,P_02437,HOSP_005,DOC_027,DEPT_037,2024-05-04,2024-05-07,3,ELECTIVE,410,Rehabilitation
ADM_02106,P_00420,HOSP_003,DOC_010,DEPT_021,2025-02-13,2025-02-15,2,Urgent,,Home
ADM_02107,P_00420,HOSP_003,DOC_010,DEPT_021,2025/03/12 00:00:00,2025-03-20,8,Emergency,421,Home
ADM_02108,P_00152,HOSP_004,DOC_025,DEPT_032,2024-06-22,2024-06-23,1,emergency,495,Home
ADM_02109,P_01091,HOSP_005,DOC_029,DEPT_036,2024-02-12,2024-02-16,4,Emergency,155,Home
ADM_02110,P_00675,HOSP_003,DOC_021,DEPT_019,2024-01-02,2024-01-06,4,Emergency,141,Deceased
ADM_02111,P_01702,HOSP_005,DOC_003,DEPT_036,2024-01-01,2024-01-05,4,Urgent,195,Transferred
ADM_02112,P_01969,HOSP_003,DOC_011,DEPT_021,2024-10-12,2024-10-18,6,Urgent,312,Home
ADM_02113,P_03233,HOSP_001,DOC_033,DEPT_002,2025-05-07,2025-05-10,3,Emergency,573,Home
ADM_02114,P_00708,HOSP_001,DOC_004,DEPT_005,2024-10-10,2024-10-15,5,Emergency,482,Home
ADM_02115,P_02876,HOSP_004,DOC_040,DEPT_027,2024-10-07,2024-10-16,9,Emergency,535,Home
ADM_02116,P_01893,HOSP_004,DOC_040,DEPT_027,2024-07-21,2024-07-27,6,Elective,516,Home
ADM_02117,P_02608,HOSP_005,DOC_029,DEPT_036,2024/09/15 00:00:00,2024-09-19,4,Urgent,576,Home
ADM_02118,P_00253,HOSP_001,DOC_005,DEPT_006,2024-05-26,2024-05-31,5,Emergency,169,Transferred
ADM_02119,P_01055,HOSP_003,DOC_026,DEPT_020,2024-01-08,2024-01-12,4,Elective,350,Home
ADM_02120,P_01055,HOSP_003,DOC_026,DEPT_020,2024-02-06,2024-02-12,6,Emergency,532,Home
ADM_02121,P_02185,HOSP_001,DOC_028,DEPT_005,2024-02-04,2024-02-09,5,Elective,288,Home
ADM_02122,P_00695,HOSP_001,DOC_034,DEPT_005,2024-12-26,2024-12-28,2,Urgent,406,Home
ADM_02123,P_02903,HOSP_001,DOC_039,DEPT_007,2024-05-19,2024-05-21,2,Elective,340,Home
ADM_02124,P_02858,HOSP_001,DOC_028,DEPT_005,2024-04-19,2024-04-22,3,Urgent,459,Rehabilitation
ADM_02125,P_03133,HOSP_001,DOC_039,DEPT_007,2024-09-14,2024-09-20,6,Emergency,274,Home
ADM_02126,P_03133,HOSP_001,DOC_039,DEPT_007,2024-10-08,2024-10-17,9,Emergency,394,Home
ADM_02127,P_01922,HOSP_001,DOC_039,DEPT_007,2024-11-24,2024-12-01,7,Elective,299,Transferred
ADM_02128,P_01817,HOSP_001,DOC_028,DEPT_005,2024-01-09,2024-01-12,3,Elective,151,Home
ADM_02129,P_00166,HOSP_003,DOC_024,DEPT_024,2024-10-27,2024-11-01,5,Emergency,444,Home
ADM_02130,P_02194,HOSP_003,DOC_007,DEPT_024,2024-06-11,2024-06-15,4,Emergency,533,Home
ADM_02131,P_02194,HOSP_003,DOC_007,DEPT_024,2024-06-19,2024-06-25,6,Emergency,599,Home
ADM_02132,P_00969,HOSP_001,DOC_022,DEPT_001,2025-05-13,2025-05-17,4,Urgent,547,Home
ADM_02133,P_00547,HOSP_001,DOC_034,DEPT_005,2024-07-01,2024-07-06,5,  Elective  ,416,Home
ADM_02134,P_02592,HOSP_004,DOC_025,DEPT_032,2024-08-05,2024-08-08,3,Elective,314,Transferred
ADM_02135,P_00867,HOSP_001,DOC_023,DEPT_007,2024-06-06,2024-06-14,8,ELECTIVE,301,Rehabilitation
ADM_02136,P_00071,HOSP_002,DOC_032,DEPT_016,2024-06-16,2024-06-24,8,Urgent,144,Transferred
ADM_02137,P_00071,HOSP_002,DOC_032,DEPT_016,2024-07-13,2024-07-21,8,Emergency,,Home
ADM_02138,P_00531,HOSP_004,DOC_025,DEPT_032,2024-03-25,2024-04-02,8,Elective,529,Home
ADM_02139,P_02685,HOSP_005,DOC_019,DEPT_039,2025-04-13,2025-04-15,2,  Emergency  ,501,Home
ADM_02140,P_00536,HOSP_005,DOC_018,DEPT_039,2024-06-25,2024-07-03,8,  Elective  ,278,Home
ADM_02141,P_03221,HOSP_001,DOC_039,DEPT_007,2024-11-20,2024-11-26,6,Emergency,223,Home
ADM_02142,P_01378,HOSP_003,DOC_011,DEPT_021,14-02-2025,2025-02-17,3,Emergency,495,Home
ADM_02143,P_01857,HOSP_004,DOC_038,DEPT_031,2024-06-18,2024-06-21,3,Emergency,557,Home
ADM_02144,P_01710,HOSP_003,DOC_024,DEPT_024,2025-01-31,2025-02-10,10,Elective,214,Home
ADM_02145,P_01710,HOSP_003,DOC_024,DEPT_024,2025-02-21,2025-03-02,9,Emergency,386,Home
ADM_02146,P_03328,HOSP_001,DOC_023,DEPT_007,07-01-2025,2025-01-11,4,Urgent,138,Home
ADM_02147,P_00699,HOSP_003,DOC_011,DEPT_021,2025-04-27,2025-04-29,2,  Emergency  ,382,Transferred
ADM_02148,P_01718,HOSP_002,DOC_030,DEPT_014,2025-02-10,2025-02-19,9,Elective,,Home
ADM_02149,P_03300,HOSP_003,DOC_021,DEPT_019,2025-01-30,2025-02-01,2,Emergency,345,Home
ADM_02150,P_02413,HOSP_002,DOC_012,DEPT_014,2024-11-14,2024-11-18,4,Emergency,533,Home
ADM_02151,P_01343,HOSP_003,DOC_011,DEPT_021,2024-04-17,2024-04-21,4,Elective,230,Home
ADM_02152,P_02396,HOSP_005,DOC_037,DEPT_035,2024-11-11,2024-11-14,3,Emergency,214,Home
ADM_02153,P_01391,HOSP_005,DOC_018,DEPT_039,2024-01-20,2024-01-24,4,Emergency,234,Home
ADM_02154,P_01403,HOSP_005,DOC_037,DEPT_035,2024-12-31,2025-01-04,4,Emergency,173,Home
ADM_02155,P_01700,HOSP_005,DOC_037,DEPT_035,2025-01-13,2025-01-17,4,  Emergency  ,213,Rehabilitation
ADM_02156,P_02226,HOSP_001,DOC_022,DEPT_001,2024-02-05,2024-02-10,5,Elective,582,Home
ADM_02157,P_02492,HOSP_003,DOC_031,DEPT_024,2024-07-11,2024-07-21,10,Elective,414,Home
ADM_02158,P_02492,HOSP_003,DOC_031,DEPT_024,2024-07-26,2024-07-29,3,Emergency,259,Home
ADM_02159,P_00536,HOSP_001,DOC_028,DEPT_005,2025-01-17,01/22/2025,5,Emergency,361,Home
ADM_02160,P_01451,HOSP_003,DOC_010,DEPT_021,2024-01-12,2024-01-14,2,Emergency,234,Home
ADM_02161,P_00313,HOSP_001,DOC_005,DEPT_006,2024-09-26,2024-09-28,2,Elective,196,Home
ADM_02162,P_00313,HOSP_001,DOC_005,DEPT_006,2024-10-17,2024-10-27,10,Emergency,191,home
ADM_02163,P_02666,HOSP_004,DOC_025,DEPT_032,2025-04-06,04/11/2025,5,  Emergency  ,525,Home
ADM_02164,P_00773,HOSP_002,DOC_014,DEPT_009,2024-12-20,2024-12-22,2,Elective,464,Home
ADM_02165,P_02511,HOSP_001,DOC_005,DEPT_006,2024-09-03,2024-09-07,4,EMERGENCY,296,Rehabilitation
ADM_02166,P_00198,HOSP_002,DOC_016,DEPT_009,2024-04-13,2024-04-16,3,Urgent,446,Home
ADM_02167,P_00948,HOSP_001,DOC_004,DEPT_005,2024/09/15 00:00:00,2024-09-19,4,Urgent,144,Home
ADM_02168,P_02168,HOSP_001,DOC_020,DEPT_008,2024-05-07,2024-05-13,6,Emergency,320,Transferred
ADM_02169,P_02168,HOSP_001,DOC_020,DEPT_008,2024-05-21,2024-05-29,8,Emergency,446,Home
ADM_02170,P_00066,HOSP_001,DOC_039,DEPT_007,2025-04-15,2025-04-19,4,Emergency,566,Home
ADM_02171,P_02267,HOSP_001,DOC_035,DEPT_003,2024-01-25,2024-02-01,7,Elective,134,Home
ADM_02172,P_00129,HOSP_004,DOC_038,DEPT_031,2024-05-03,2024-05-12,9,Urgent,599,Home
ADM_02173,P_02963,HOSP_005,DOC_027,DEPT_037,09/12/2024,2024-09-19,7,Urgent,332,Transferred
ADM_02174,P_02963,HOSP_005,DOC_027,DEPT_037,2024-10-05,2024-10-10,5,Emergency,275,Home
ADM_02175,P_03135,HOSP_002,DOC_030,DEPT_014,2024-07-12,2024/07/16 00:00:00,4,Emergency,269,Home
ADM_02176,P_02530,HOSP_001,DOC_004,DEPT_005,2024-04-16,2024/04/26 00:00:00,10,EMERGENCY,156,Hospice
ADM_02177,P_02513,HOSP_001,DOC_022,DEPT_001,2025-02-16,2025-02-20,4,Urgent,283,Home
ADM_02178,P_03161,HOSP_001,DOC_008,DEPT_005,2024-02-25,2024-03-02,6,Urgent,419,Home
ADM_02179,P_03161,HOSP_001,DOC_008,DEPT_005,2024-03-15,2024-03-19,4,Emergency,290,Home
ADM_02180,P_00842,HOSP_002,DOC_016,DEPT_009,2025-02-25,2025-03-05,8,Emergency,484,Home
ADM_02181,P_00842,HOSP_002,DOC_016,DEPT_009,2025-03-30,2025-04-03,4,Emergency,227,Home
ADM_02182,P_00773,HOSP_003,DOC_006,DEPT_018,2024-04-15,2024-04-19,4,Emergency,135,Home
ADM_02183,P_01276,HOSP_001,DOC_034,DEPT_005,2024-06-10,2024-06-16,6,Emergency,337,Transferred
ADM_02184,P_00094,HOSP_003,DOC_010,DEPT_021,2024-07-11,2024-07-22,11,Emergency,509,Home
ADM_02185,P_00059,HOSP_004,DOC_025,DEPT_032,2024-08-13,2024-08-18,5,Emergency,423,Home
ADM_02186,P_00506,HOSP_001,DOC_020,DEPT_008,2024-06-05,2024-06-09,4,Urgent,,Home
ADM_02187,P_00506,HOSP_001,DOC_020,DEPT_008,2024-06-25,2024-06-30,-5,Emergency,591,Home
ADM_02188,P_01171,HOSP_002,DOC_036,DEPT_016,2024-05-05,2024-05-12,7,Elective,169,Home
ADM_02189,P_01171,HOSP_002,DOC_036,DEPT_016,2024-06-10,2024-06-18,8,Emergency,556,Home
ADM_02190,P_02372,HOSP_002,DOC_030,DEPT_014,2024-05-07,13-05-2024,6,Emergency,127,Home
ADM_02191,P_01790,HOSP_005,DOC_037,DEPT_035,06/16/2024,2024-06-26,10,Urgent,276,Rehabilitation
ADM_02192,P_00688,HOSP_005,DOC_003,DEPT_036,2024-03-21,2024-03-26,5,Emergency,590,Transferred
ADM_02193,P_00688,HOSP_005,DOC_003,DEPT_036,2024-04-17,2024-04-25,8,  Emergency  ,205,Home
ADM_02194,P_01860,HOSP_002,DOC_030,DEPT_014,2025-01-28,2025-02-01,4,Emergency,192,Home
ADM_02195,P_02200,HOSP_001,DOC_017,DEPT_008,2024-09-28,2024-10-01,3,Urgent,557,Home
ADM_02196,P_02200,HOSP_001,DOC_017,DEPT_008,2024-10-25,2024-10-29,4,Emergency,555,Home
ADM_02197,P_03389,HOSP_004,DOC_038,DEPT_031,2025-05-03,2025-05-04,1,Urgent,283,Transferred
ADM_02198,P_01574,HOSP_001,DOC_022,DEPT_001,2024-11-15,2024-11-21,6,Elective,458,Home
ADM_02199,P_02392,HOSP_005,DOC_018,DEPT_039,2024-06-09,2024-06-15,6,Urgent,250,Home
ADM_02200,P_01223,HOSP_001,DOC_028,DEPT_005,2024-05-08,2024-05-14,6,Elective,522,Home
ADM_02201,P_02393,HOSP_003,DOC_001,DEPT_023,2024-01-16,2024-01-19,3,Emergency,186,Hospice
ADM_02202,P_01242,HOSP_003,DOC_010,DEPT_021,2025-05-15,2025-05-18,3,Urgent,369,transferred
ADM_02203,P_01242,HOSP_003,DOC_010,DEPT_021,2025-06-07,2025-06-11,4,Emergency,287,Home
ADM_02204,P_01353,HOSP_001,DOC_017,DEPT_008,2024-09-09,2024-09-17,8,Urgent,357,Transferred
ADM_02205,P_01353,HOSP_001,DOC_017,DEPT_008,2024-10-14,21-10-2024,7,Emergency,349,Home
ADM_02206,P_02454,HOSP_001,DOC_023,DEPT_007,2025-01-26,2025-01-31,5,Emergency,254,Rehabilitation
ADM_02207,P_01540,HOSP_005,DOC_029,DEPT_036,2025-04-25,2025-05-02,7,Emergency,447,Rehabilitation
ADM_02208,P_03087,HOSP_005,DOC_015,DEPT_038,2024-08-04,2024-08-07,3,Elective,587,Transferred
ADM_02209,P_03087,HOSP_005,DOC_015,DEPT_038,2024-08-11,2024-08-18,7,Emergency,480,Home
ADM_02210,P_00526,HOSP_001,DOC_033,DEPT_002,2024-12-23,2025-01-04,12,Emergency,,Transferred
ADM_02211,P_01891,HOSP_003,DOC_031,DEPT_024,2025-04-05,2025-04-14,9,Elective,353,transferred
ADM_02212,P_01891,HOSP_003,DOC_031,DEPT_024,05/09/2025,2025-05-16,7,Emergency,535,Home
ADM_02213,P_01735,HOSP_005,DOC_003,DEPT_036,12/10/2024,2024-12-15,5,Emergency,213,Home
ADM_02214,P_00052,HOSP_002,DOC_032,DEPT_016,2024-10-27,2024-11-02,6,Elective,481,Transferred
ADM_02215,P_00360,HOSP_004,DOC_025,DEPT_032,2025-03-29,2025-04-07,9,Emergency,531,Home
ADM_02216,P_00727,HOSP_002,DOC_032,DEPT_016,2024-06-25,2024-07-04,9,Emergency,357,Home
ADM_02217,P_02915,HOSP_004,DOC_013,DEPT_026,2025-03-21,2025-03-31,10,Emergency,304,Home
ADM_02218,P_02007,HOSP_001,DOC_033,DEPT_002,2024-06-22,2024-06-27,5,Urgent,448,Hospice
ADM_02219,P_00214,HOSP_001,DOC_028,DEPT_005,2025-04-09,2025-04-10,1,Urgent,360,Home
ADM_02220,P_00214,HOSP_001,DOC_028,DEPT_005,2025-04-24,05/09/2025,15,Emergency,480,Home
ADM_02221,P_01918,HOSP_001,DOC_008,DEPT_005,2024-12-20,2024-12-23,3,Emergency,446,Transferred
ADM_02222,P_01706,HOSP_003,DOC_006,DEPT_018,2025-03-16,2025-03-23,7,Emergency,398,Home
ADM_02223,P_01236,HOSP_005,DOC_003,DEPT_036,10/16/2024,2024-10-17,1,Emergency,222,Rehabilitation
ADM_02224,P_01590,HOSP_001,DOC_017,DEPT_008,2024-07-27,2024-08-01,5,Elective,551,Home
ADM_02225,P_01590,HOSP_001,DOC_017,DEPT_008,2024-08-07,2024-08-09,2,Emergency,456,Home
ADM_02226,P_01693,HOSP_001,DOC_008,DEPT_005,2025-03-18,2025-03-22,4,Urgent,400,Home
ADM_02227,P_01369,HOSP_005,DOC_027,DEPT_037,2024-04-06,2024-04-16,10,Emergency,290,Home
ADM_02228,P_00306,HOSP_001,DOC_033,DEPT_002,2024-03-17,2024-03-22,5,Emergency,134,UNKNOWN_VAL
ADM_02229,P_02431,HOSP_004,DOC_009,DEPT_030,2024-02-11,2024-02-16,5,Urgent,319,Home
ADM_02230,P_02325,HOSP_005,DOC_029,DEPT_036,2025-03-08,2025-03-14,6,Elective,529,Home
ADM_02231,P_03113,HOSP_004,DOC_025,DEPT_032,2024-10-23,2024-10-24,1,Elective,346,Home
ADM_02232,P_02340,HOSP_001,DOC_033,DEPT_002,2024-11-17,2024-11-20,3,Elective,201,UNKNOWN_VAL
ADM_02233,P_00350,HOSP_005,DOC_037,DEPT_035,2024-08-05,2024-08-08,3,  Urgent  ,182,home
ADM_02234,P_02027,HOSP_001,DOC_004,DEPT_005,2024-05-13,2024-05-19,6,Elective,548,Home
ADM_02235,P_03403,HOSP_002,DOC_012,DEPT_014,2024-04-02,2024-04-05,3,Elective,474,Transferred
ADM_02236,P_03403,HOSP_002,DOC_012,DEPT_014,2024-04-16,2024-04-23,7,Emergency,168,Home
ADM_02237,P_00963,HOSP_003,DOC_001,DEPT_023,2025-04-26,2025-04-30,4,Emergency,307,Home
ADM_02238,P_02402,HOSP_003,DOC_001,DEPT_023,2024-02-26,2024-02-29,3,Elective,155,Home
ADM_02239,P_03085,HOSP_001,DOC_039,DEPT_007,02/16/2024,2024-02-19,3,Elective,317,Home
ADM_02240,P_00999,HOSP_002,DOC_030,DEPT_014,2024-12-15,2024-12-19,4,Elective,285,Transferred
ADM_02241,P_02734,HOSP_001,DOC_023,DEPT_007,2024-04-25,2024-04-26,1,Urgent,503,Home
ADM_02242,P_00615,HOSP_002,DOC_012,DEPT_014,2024-04-08,2024-04-15,7,Emergency,313,Home
ADM_02243,P_00615,HOSP_002,DOC_012,DEPT_014,2024-05-08,2024-05-12,4,emergency,477,Home
ADM_02244,P_01446,HOSP_002,DOC_032,DEPT_016,2024-08-20,2024-08-24,4,Emergency,248,Home
ADM_02245,P_00681,HOSP_001,DOC_039,DEPT_007,2024-09-23,2024-10-03,10,Emergency,509,Home
ADM_02246,P_01221,HOSP_003,DOC_001,DEPT_023,2025-03-05,2025-03-12,7,Urgent,537,Home
ADM_02247,P_01921,HOSP_002,DOC_014,DEPT_009,2024-01-10,2024-01-12,2,emergency,492,Home
ADM_02248,P_02146,HOSP_002,DOC_012,DEPT_014,2024-12-29,2024-12-30,1,Emergency,295,Transferred
ADM_02249,P_00848,HOSP_003,DOC_021,DEPT_019,2024-03-06,2024-03-12,6,Elective,274,HOME
ADM_02250,P_03437,HOSP_005,DOC_027,DEPT_037,2024-02-11,2024-02-15,4,Emergency,485,HOME
ADM_02251,P_00620,HOSP_003,DOC_001,DEPT_023,2025-05-09,2025-05-14,5,Emergency,101,Hospice
ADM_02252,P_02813,HOSP_001,DOC_028,DEPT_005,2025-03-14,2025-03-21,7,Urgent,398,Home
ADM_02253,P_02813,HOSP_001,DOC_028,DEPT_005,2025-04-14,2025-04-24,10,Emergency,311,Home
ADM_02254,P_00569,HOSP_001,DOC_005,DEPT_006,2024-10-14,2024-10-18,4,Emergency,595,Rehabilitation
ADM_02255,P_02723,HOSP_001,DOC_005,DEPT_006,2024-12-29,2025-01-02,4,Emergency,183,Home
ADM_02256,P_02059,HOSP_003,DOC_006,DEPT_018,2024-08-26,2024-09-01,6,Elective,514,Home
ADM_02257,P_00857,HOSP_003,DOC_026,DEPT_020,2024-08-05,2024-08-11,6,Emergency,433,Home
ADM_02258,P_02950,HOSP_004,DOC_040,DEPT_027,2024-06-04,2024-06-09,5,Elective,432,Home
ADM_02259,P_02950,HOSP_004,DOC_040,DEPT_027,2024-06-25,2024-07-07,12,Emergency,587,Home
ADM_02260,P_03478,HOSP_003,DOC_021,DEPT_019,2024-10-24,30-10-2024,6,Elective,198,Home
ADM_02261,P_03478,HOSP_003,DOC_021,DEPT_019,2024-11-23,2024-12-02,9,Emergency,351,Home
ADM_02262,P_02504,HOSP_001,DOC_004,DEPT_005,2025-01-02,2025-01-07,5,Emergency,242,Home
ADM_02263,P_00127,HOSP_005,DOC_015,DEPT_038,2024-09-08,2024-09-11,3,Emergency,452,Home
ADM_02264,P_00811,HOSP_003,DOC_007,DEPT_024,2024-12-03,2024-12-06,3,Emergency,478,Home
ADM_02265,P_01405,HOSP_004,DOC_009,DEPT_030,2025-03-08,2025-03-10,2,Elective,268,Hospice
ADM_02266,P_01699,HOSP_005,DOC_029,DEPT_036,2025-03-01,2025-03-09,8,Emergency,124,Home
ADM_02267,P_03332,HOSP_002,DOC_016,DEPT_009,2024-01-28,2024-01-30,2,Emergency,384,Home
ADM_02268,P_00253,HOSP_002,DOC_030,DEPT_014,2025-02-08,2025-02-12,4,Emergency,495,Home
ADM_02269,P_01631,HOSP_001,DOC_022,DEPT_001,2024-03-18,2024-03-22,4,Emergency,249,Transferred
ADM_02270,P_03259,HOSP_001,DOC_035,DEPT_003,2024-11-05,2024-11-09,4,Emergency,509,Home
ADM_02271,P_02963,HOSP_001,DOC_039,DEPT_007,2025-05-04,2025-05-08,4,Elective,560,Home
ADM_02272,P_02963,HOSP_001,DOC_039,DEPT_007,2025-05-11,2025-05-24,13,Emergency,564,Home
ADM_02273,P_02921,HOSP_001,DOC_005,DEPT_006,2024-06-16,2024-06-17,1,Emergency,326,Home
ADM_02274,P_02035,HOSP_005,DOC_027,DEPT_037,2024-05-17,2024-05-26,9,Elective,471,Home
ADM_02275,P_00348,HOSP_005,DOC_027,DEPT_037,2025-03-14,2025-03-18,4,emergency,277,Home
ADM_02276,P_00564,HOSP_001,DOC_033,DEPT_002,2025-04-06,2025-04-13,7,Urgent,,Hospice
ADM_02277,P_03298,HOSP_004,DOC_025,DEPT_032,2024-02-25,2024-03-01,5,Urgent,436,Home
ADM_02278,P_01102,HOSP_005,DOC_037,DEPT_035,2024-12-07,2024-12-09,2,Urgent,589,Rehabilitation
ADM_02279,P_01102,HOSP_005,DOC_037,DEPT_035,2024-12-21,2025-01-02,12,Emergency,387,Home
ADM_02280,P_01080,HOSP_004,DOC_038,DEPT_031,2025-02-02,2025-02-10,8,emergency,481,Home
ADM_02281,P_03336,HOSP_001,DOC_017,DEPT_008,2025-01-14,2025-01-16,2,  Urgent  ,,Home
ADM_02282,P_01677,HOSP_003,DOC_026,DEPT_020,2024-02-09,2024-02-15,6,Elective,377,Home
ADM_02283,P_02196,HOSP_001,DOC_028,DEPT_005,2024-06-24,2024-06-27,3,Elective,477,Home
ADM_02284,P_00140,HOSP_004,DOC_038,DEPT_031,2025-03-11,2025-03-13,2,Emergency,277,HOME
ADM_02285,P_02951,HOSP_003,DOC_026,DEPT_020,2025-01-16,2025-01-19,3,EMERGENCY,584,Home
ADM_02286,P_00854,HOSP_005,DOC_037,DEPT_035,2024-12-22,2024-12-31,9,elective,491,Home
ADM_02287,P_00854,HOSP_005,DOC_037,DEPT_035,2025/01/27 00:00:00,2025-02-06,10,Emergency,402,Home
ADM_02288,P_03100,HOSP_004,DOC_013,DEPT_026,2024-07-15,2024-07-19,4,Urgent,396,Rehabilitation
ADM_02289,P_03196,HOSP_005,DOC_019,DEPT_039,2024-02-14,2024-02-23,9,Emergency,312,Home
ADM_02290,P_01569,HOSP_003,DOC_007,DEPT_024,2024-10-14,2024-10-22,8,Elective,309,Home
ADM_02291,P_00141,HOSP_001,DOC_034,DEPT_005,2024-09-09,2024-09-12,3,Elective,324,Deceased
ADM_02292,P_00557,HOSP_003,DOC_001,DEPT_023,2024-12-08,2024-12-18,10,Emergency,,Rehabilitation
ADM_02293,P_00557,HOSP_003,DOC_001,DEPT_023,2025-01-10,2025-01-15,5,Emergency,464,Home
ADM_02294,P_00880,HOSP_002,DOC_036,DEPT_016,2025-04-26,2025-04-30,4,Elective,180,Rehabilitation
ADM_02295,P_00047,HOSP_005,DOC_037,DEPT_035,2024-11-12,11/13/2024,1,Emergency,319,Transferred
ADM_02296,P_00901,HOSP_005,DOC_029,DEPT_036,03/24/2024,2024-03-27,3,Urgent,327,Home
ADM_02297,P_00901,HOSP_005,DOC_029,DEPT_036,2024-04-23,2024-04-29,6,Emergency,228,Home
ADM_02298,P_02062,HOSP_005,DOC_015,DEPT_038,2025-04-03,2025-04-08,5,Emergency,100,Home
ADM_02299,P_01885,HOSP_003,DOC_007,DEPT_024,2024-10-23,2024-10-25,2,Elective,307,Home
ADM_02300,P_02701,HOSP_003,DOC_021,DEPT_019,2024-09-08,2024-09-11,3,Urgent,533,Transferred
ADM_02301,P_00794,HOSP_004,DOC_038,DEPT_031,2024-07-27,2024-08-06,10,Elective,233,Home
ADM_02302,P_01602,HOSP_005,DOC_029,DEPT_036,2024-04-13,2024-04-21,8,Elective,228,Home
ADM_02303,P_02973,HOSP_001,DOC_039,DEPT_007,2024-01-03,2024-01-11,8,Elective,274,Home
ADM_02304,P_01109,HOSP_001,DOC_028,DEPT_005,02-04-2025,2025-04-06,4,Elective,482,Home
ADM_02305,P_00988,HOSP_001,DOC_004,DEPT_005,2025-01-21,2025-01-26,5,Emergency,,Hospice
ADM_02306,P_02187,HOSP_001,DOC_008,DEPT_005,2024-01-30,2024-02-05,6,Urgent,148,Home
ADM_02307,P_00560,HOSP_004,DOC_038,DEPT_031,2025-02-14,2025-02-24,10,Emergency,314,Transferred
ADM_02308,P_00524,HOSP_003,DOC_021,DEPT_019,05/19/2024,2024-05-21,2,Urgent,558,Transferred
ADM_02309,P_00200,HOSP_005,DOC_003,DEPT_036,2024/10/15 00:00:00,2024-10-18,3,Emergency,107,Home
ADM_02310,P_03194,HOSP_005,DOC_019,DEPT_039,2024-07-16,2024-07-21,5,Emergency,503,Home
ADM_02311,P_01913,HOSP_003,DOC_001,DEPT_023,2024-01-21,2024-01-26,5,Emergency,443,Rehabilitation
ADM_02312,P_00228,HOSP_005,DOC_003,DEPT_036,2024-08-18,2024-08-21,3,Emergency,263,Home
ADM_02313,P_00228,HOSP_005,DOC_003,DEPT_036,2024-09-07,2024-09-15,8,Emergency,569,Home
ADM_02314,P_03106,HOSP_005,DOC_015,DEPT_038,2024-11-18,2024-11-21,3,Emergency,224,Home
ADM_02315,P_03460,HOSP_003,DOC_026,DEPT_020,2025-01-20,2025-01-25,5,Elective,425,Transferred
ADM_02316,P_00133,HOSP_002,DOC_036,DEPT_016,2024-11-05,2024-11-11,6,Emergency,394,Home
ADM_02317,P_00133,HOSP_002,DOC_036,DEPT_016,2024-12-02,2024-12-07,5,Emergency,,Home
ADM_02318,P_02040,HOSP_001,DOC_005,DEPT_006,2024-09-25,2024-10-02,7,Emergency,591,Home
ADM_02319,P_00055,HOSP_001,DOC_023,DEPT_007,2024-05-30,2024-06-06,7,Emergency,426,Home
ADM_02320,P_01037,HOSP_002,DOC_012,DEPT_014,2024-07-02,2024-07-05,3,Elective,594,Home
ADM_02321,P_02388,HOSP_005,DOC_003,DEPT_036,2024/04/10 00:00:00,2024-04-13,3,Elective,540,Home
ADM_02322,P_03064,HOSP_003,DOC_001,DEPT_023,2024-10-22,2024-10-25,3,Emergency,244,Home
ADM_02323,P_00259,HOSP_002,DOC_012,DEPT_014,2024-06-09,2024-06-13,4,Elective,478,Home
ADM_02324,P_03361,HOSP_004,DOC_038,DEPT_031,2024-01-19,2024/01/24 00:00:00,5,Elective,495,Home
ADM_02325,P_00572,HOSP_002,DOC_016,DEPT_009,2024-10-12,2024/10/16 00:00:00,4,Elective,314,Home
ADM_02326,P_01918,HOSP_004,DOC_025,DEPT_032,2025-03-12,2025-03-17,5,Emergency,298,Deceased
ADM_02327,P_03406,HOSP_003,DOC_011,DEPT_021,2025-03-06,2025-03-09,3,Elective,263,Home
ADM_02328,P_03431,HOSP_001,DOC_005,DEPT_006,2025-04-02,2025-04-05,3,Emergency,258,Rehabilitation
ADM_02329,P_00069,HOSP_002,DOC_014,DEPT_009,2024-10-15,2024-10-20,5,Elective,381,  Hospice  
ADM_02330,P_00069,HOSP_002,DOC_014,DEPT_009,2024-11-06,2024-11-11,5,Emergency,246,Home
ADM_02331,P_01189,HOSP_004,DOC_013,DEPT_026,2024-01-11,2024-01-15,4,Elective,308,  Home  
ADM_02332,P_00979,HOSP_003,DOC_011,DEPT_021,2024-12-19,2024-12-25,6,Elective,424,Home
ADM_02333,P_02554,HOSP_005,DOC_029,DEPT_036,2024-12-27,2025-01-01,5,Emergency,295,Home
ADM_02334,P_00993,HOSP_001,DOC_033,DEPT_002,2024-03-26,2024-03-29,3,Urgent,278,home
ADM_02335,P_01266,HOSP_002,DOC_036,DEPT_016,2024-02-10,2024-02-18,8,  Elective  ,214,Home
ADM_02336,P_03379,HOSP_003,DOC_007,DEPT_024,2024-02-09,2024-02-11,2,Urgent,128,Home
ADM_02337,P_01398,HOSP_005,DOC_029,DEPT_036,2025-02-28,2025-03-01,1,Emergency,352,Transferred
ADM_02338,P_01398,HOSP_005,DOC_029,DEPT_036,2025-03-08,2025-03-16,8,Emergency,460,Home
ADM_02339,P_03205,HOSP_002,DOC_036,DEPT_016,2024-10-09,2024-10-14,5,Elective,547,Transferred
ADM_02340,P_03205,HOSP_002,DOC_036,DEPT_016,2024-10-21,2024-10-24,3,  Emergency  ,371,Home
ADM_02341,P_01819,HOSP_003,DOC_021,DEPT_019,2025-02-15,2025-02-20,5,Emergency,357,home
ADM_02342,P_02557,HOSP_002,DOC_012,DEPT_014,2024-05-01,05/04/2024,3,Elective,313,Home
ADM_02343,P_00054,HOSP_004,DOC_025,DEPT_032,2024-08-12,2024-08-18,6,Elective,404,Home
ADM_02344,P_02636,HOSP_003,DOC_011,DEPT_021,2024-05-16,2024-05-17,1,Elective,575,Home
ADM_02345,P_02636,HOSP_003,DOC_011,DEPT_021,2024-05-30,2024-06-04,5,Emergency,,Home
ADM_02346,P_03075,HOSP_002,DOC_030,DEPT_014,2024-02-02,2024-02-05,3,Emergency,395,Home
ADM_02347,P_03447,HOSP_005,DOC_027,DEPT_037,2024-09-01,08-09-2024,7,Urgent,148,Home
ADM_02348,P_01267,HOSP_003,DOC_021,DEPT_019,2024-04-27,2024-04-28,1,Elective,281,Transferred
ADM_02349,P_01817,HOSP_001,DOC_020,DEPT_008,2025-05-12,2025-05-17,5,Urgent,585,Home
ADM_02350,P_03374,HOSP_001,DOC_034,DEPT_005,2024-09-29,2024-10-05,6,Emergency,171,Transferred
ADM_02351,P_02951,HOSP_005,DOC_027,DEPT_037,2024-12-01,2024-12-12,11,Urgent,595,Home
ADM_02352,P_00199,HOSP_001,DOC_008,DEPT_005,2025-02-21,2025-02-24,3,Elective,490,Rehabilitation
ADM_02353,P_00422,HOSP_001,DOC_008,DEPT_005,2024-06-10,2024-06-15,5,Elective,227,Home
ADM_02354,P_02226,HOSP_001,DOC_023,DEPT_007,2024-02-08,2024-02-10,2,Emergency,476,Home
ADM_02355,P_01723,HOSP_002,DOC_032,DEPT_016,2024-01-19,2024-01-23,4,Elective,311,Home
ADM_02356,P_03076,HOSP_001,DOC_035,DEPT_003,2024-01-05,2024-01-13,8,Urgent,358,Home
ADM_02357,P_03012,HOSP_002,DOC_014,DEPT_009,2024-02-04,2024-02-15,11,Urgent,322,Home
ADM_02358,P_01326,HOSP_001,DOC_004,DEPT_005,2024-03-31,2024-04-06,6,Elective,587,Home
ADM_02359,P_01326,HOSP_001,DOC_004,DEPT_005,2024-04-16,2024-04-19,3,Emergency,571,Home
ADM_02360,P_02563,HOSP_001,DOC_020,DEPT_008,2025-01-17,2025-01-26,9,Elective,203,Home
ADM_02361,P_02819,HOSP_002,DOC_016,DEPT_009,2025-03-13,2025-03-15,2,Emergency,177,Home
ADM_02362,P_01001,HOSP_001,DOC_020,DEPT_008,2024-11-15,2024-11-17,2,Urgent,242,Home
ADM_02363,P_01852,HOSP_001,DOC_004,DEPT_005,2024-06-22,2024-07-01,9,Emergency,547,Transferred
ADM_02364,P_01382,HOSP_003,DOC_031,DEPT_024,2025-03-12,2025-03-16,4,Elective,168,Hospice
ADM_02365,P_01649,HOSP_004,DOC_013,DEPT_026,2024-10-01,2024-10-04,3,Elective,203,Transferred
ADM_02366,P_03294,HOSP_003,DOC_011,DEPT_021,2025-05-07,2025-05-13,6,Emergency,547,home
ADM_02367,P_00596,HOSP_002,DOC_030,DEPT_014,2024-02-15,2024-02-20,5,Emergency,482,Home
ADM_02368,P_02752,HOSP_004,DOC_025,DEPT_032,2025-01-30,2025-02-07,8,Emergency,361,Rehabilitation
ADM_02369,P_02589,HOSP_004,DOC_025,DEPT_032,2024-10-23,2024-10-28,5,Urgent,228,Hospice
ADM_02370,P_01972,HOSP_005,DOC_027,DEPT_037,2025-01-05,2025-01-10,5,Urgent,210,Hospice
ADM_02371,P_02592,HOSP_003,DOC_031,DEPT_024,2024-01-13,2024-01-21,8,Emergency,433,Home
ADM_02372,P_01144,HOSP_003,DOC_031,DEPT_024,2024-10-13,2024-10-17,4,Elective,455,Transferred
ADM_02373,P_00760,HOSP_005,DOC_027,DEPT_037,2024-09-26,2024-09-29,3,Emergency,196,Deceased
ADM_02374,P_00504,HOSP_004,DOC_040,DEPT_027,2024-03-20,2024-03-27,7,Emergency,243,Home
ADM_02375,P_00370,HOSP_002,DOC_012,DEPT_014,2025-04-22,2025-04-26,4,Urgent,361,Home
ADM_02376,P_00004,HOSP_003,DOC_026,DEPT_020,2024-04-04,2024-04-09,5,Emergency,228,Home
ADM_02377,P_03000,HOSP_003,DOC_007,DEPT_024,2025-04-11,2025-04-12,1,Elective,288,Home
ADM_02378,P_03000,HOSP_003,DOC_007,DEPT_024,2025-05-11,2025-05-17,6,Emergency,376,Home
ADM_02379,P_02511,HOSP_003,DOC_011,DEPT_021,2024-06-11,2024-06-14,3,Elective,572,Home
ADM_02380,P_00980,HOSP_003,DOC_006,DEPT_018,2024-05-13,2024-05-14,1,Elective,218,Home
ADM_02381,P_01422,HOSP_003,DOC_026,DEPT_020,25-04-2024,2024-04-29,4,EMERGENCY,181,Rehabilitation
ADM_02382,P_01422,HOSP_003,DOC_026,DEPT_020,2024-05-15,2024-05-21,6,Emergency,343,Home
ADM_02383,P_00782,HOSP_003,DOC_021,DEPT_019,2024-12-07,2024-12-12,5,Emergency,257,Home
ADM_02384,P_01830,HOSP_004,DOC_038,DEPT_031,2025-02-20,2025-02-28,8,  Elective  ,284,Hospice
ADM_02385,P_01815,HOSP_003,DOC_007,DEPT_024,2024-08-06,2024-08-13,7,Urgent,465,Home
ADM_02386,P_01789,HOSP_004,DOC_009,DEPT_030,2024-02-17,2024-02-20,3,  Emergency  ,506,Transferred
ADM_02387,P_01502,HOSP_001,DOC_004,DEPT_005,2024-09-25,2024-09-30,5,Emergency,308,Transferred
ADM_02388,P_01286,HOSP_004,DOC_025,DEPT_032,2024-05-29,2024-06-04,6,Urgent,324,Home
ADM_02389,P_01584,HOSP_001,DOC_004,DEPT_005,2024-12-16,2024-12-20,4,Elective,582,Transferred
ADM_02390,P_02205,HOSP_002,DOC_012,DEPT_014,2024-04-17,2024-04-19,2,Emergency,285,Home
ADM_02391,P_02205,HOSP_002,DOC_012,DEPT_014,27-04-2024,2024-05-03,6,emergency,366,Home
ADM_02392,P_02450,HOSP_005,DOC_019,DEPT_039,2024-07-21,2024-07-29,8,Elective,209,Rehabilitation
ADM_02393,P_02450,HOSP_005,DOC_019,DEPT_039,2024-08-03,2024/08/06 00:00:00,3,Emergency,303,Home
ADM_02394,P_00829,HOSP_002,DOC_016,DEPT_009,2024/01/09 00:00:00,2024-01-12,3,Urgent,121,Home
ADM_02395,P_00423,HOSP_003,DOC_031,DEPT_024,2024-03-21,2024-03-24,3,Elective,177,Hospice
ADM_02396,P_00423,HOSP_003,DOC_031,DEPT_024,2024-03-27,2024-03-31,4,Emergency,220,Home
ADM_02397,P_00850,HOSP_003,DOC_026,DEPT_020,2024-06-08,2024-06-14,6,Elective,514,Home
ADM_02398,P_00850,HOSP_003,DOC_026,DEPT_020,2024-07-08,2024-07-12,4,Emergency,355,Home
ADM_02399,P_01153,HOSP_005,DOC_037,DEPT_035,2024-02-11,2024-02-18,7,Elective,222,Home
ADM_02400,P_01153,HOSP_005,DOC_037,DEPT_035,2024-03-12,2024-03-18,6,Emergency,462,Home
ADM_02401,P_00912,HOSP_005,DOC_003,DEPT_036,2024-04-27,04/29/2024,2,Urgent,586,Home
ADM_02402,P_02825,HOSP_003,DOC_007,DEPT_024,2024-07-17,2024-07-21,4,Emergency,320,Transferred
ADM_02403,P_00733,HOSP_003,DOC_010,DEPT_021,2024-09-25,2024-10-03,8,Emergency,256,Transferred
ADM_02404,P_00297,HOSP_005,DOC_019,DEPT_039,2025-01-19,2025-01-24,5,Emergency,332,Home
ADM_02405,P_02521,HOSP_004,DOC_025,DEPT_032,2024-03-18,2024/03/22 00:00:00,4,Emergency,138,Home
ADM_02406,P_03129,HOSP_003,DOC_007,DEPT_024,2024-11-20,2024-11-28,-8,Emergency,318,Home
ADM_02407,P_00327,HOSP_005,DOC_003,DEPT_036,2024-07-14,2024-07-16,2,Elective,482,Transferred
ADM_02408,P_00180,HOSP_001,DOC_004,DEPT_005,2024-04-03,2024-04-06,3,Urgent,251,Rehabilitation
ADM_02409,P_01716,HOSP_004,DOC_038,DEPT_031,2024-01-10,2024-01-17,7,Elective,413,Home
ADM_02410,P_00817,HOSP_001,DOC_033,DEPT_002,2025-02-28,2025-03-06,6,Elective,521,Home
ADM_02411,P_02946,HOSP_004,DOC_025,DEPT_032,2025-04-01,2025-04-03,2,Urgent,242,Rehabilitation
ADM_02412,P_00298,HOSP_005,DOC_002,DEPT_035,01-08-2024,2024-08-07,6,Emergency,378,Home
ADM_02413,P_01180,HOSP_003,DOC_021,DEPT_019,2024-08-28,2024-08-31,3,Urgent,523,Home
ADM_02414,P_01180,HOSP_003,DOC_021,DEPT_019,2024-09-05,2024-09-07,2,Emergency,320,Home
ADM_02415,P_01431,HOSP_001,DOC_004,DEPT_005,2025-03-23,2025-03-27,4,Emergency,178,Home
ADM_02416,P_03172,HOSP_001,DOC_034,DEPT_005,2024-10-19,2024-10-30,11,EMERGENCY,230,Home
ADM_02417,P_03470,HOSP_003,DOC_001,DEPT_023,2024-08-23,2024-08-31,8,Emergency,573,Home
ADM_02418,P_03470,HOSP_003,DOC_001,DEPT_023,2024-09-17,2024-09-23,6,Emergency,487,  Home  
ADM_02419,P_00703,HOSP_004,DOC_040,DEPT_027,2024-09-21,2024-09-23,2,Emergency,438,Home
ADM_02420,P_02699,HOSP_005,DOC_002,DEPT_035,2024-06-26,2024-06-27,1,Elective,530,Home
ADM_02421,P_02699,HOSP_005,DOC_002,DEPT_035,2024-07-14,2024-07-20,6,Emergency,148,Home
ADM_02422,P_01035,HOSP_001,DOC_035,DEPT_003,2024-06-22,2024-06-28,6,Emergency,201,HOME
ADM_02423,P_03180,HOSP_001,DOC_008,DEPT_005,12-09-2024,2024-09-19,7,Elective,,HOME
ADM_02424,P_01462,HOSP_001,DOC_017,DEPT_008,2025-01-11,2025-01-17,6,Urgent,570,Home
ADM_02425,P_03276,HOSP_002,DOC_036,DEPT_016,2024-12-21,2024-12-27,6,Emergency,396,Transferred
ADM_02426,P_00729,HOSP_003,DOC_011,DEPT_021,2024-01-03,2024-01-08,5,Urgent,590,Home
ADM_02427,P_02249,HOSP_001,DOC_005,DEPT_006,2024-07-01,2024-07-09,8,Elective,360,Home
ADM_02428,P_02249,HOSP_001,DOC_005,DEPT_006,2024-08-02,2024-08-07,5,Emergency,281,Home
ADM_02429,P_00569,HOSP_001,DOC_008,DEPT_005,2025-03-08,2025-03-13,5,Emergency,101,Home
ADM_02430,P_00493,HOSP_003,DOC_011,DEPT_021,2024-08-01,2024-08-03,2,Elective,594,Home
ADM_02431,P_00187,HOSP_003,DOC_021,DEPT_019,23-01-2025,2025-01-26,3,Emergency,464,home
ADM_02432,P_00187,HOSP_003,DOC_021,DEPT_019,2025-02-21,2025-03-03,10,Emergency,570,  Home  
ADM_02433,P_02459,HOSP_001,DOC_005,DEPT_006,2024-04-28,2024-05-04,6,Urgent,127,Home
ADM_02434,P_01012,HOSP_003,DOC_011,DEPT_021,2024-07-06,2024-07-07,1,Emergency,349,Transferred
ADM_02435,P_01027,HOSP_001,DOC_039,DEPT_007,2024-07-22,2024-08-03,12,Urgent,222,Transferred
ADM_02436,P_02299,HOSP_005,DOC_015,DEPT_038,2024-09-15,2024-09-20,5,Urgent,488,Home
ADM_02437,P_02782,HOSP_005,DOC_015,DEPT_038,2024-09-03,2024-09-08,5,Elective,207,Home
ADM_02438,P_02442,HOSP_004,DOC_038,DEPT_031,2024-10-30,2024-11-02,3,Emergency,387,Transferred
ADM_02439,P_03103,HOSP_001,DOC_023,DEPT_007,2025-01-12,2025-01-16,4,Elective,113,Home
ADM_02440,P_02142,HOSP_005,DOC_027,DEPT_037,2024-11-23,2024-11-28,5,EMERGENCY,384,  Home  
ADM_02441,P_01686,HOSP_002,DOC_016,DEPT_009,2025-02-28,2025-03-06,6,Emergency,363,Home
ADM_02442,P_01686,HOSP_002,DOC_016,DEPT_009,2025-03-09,2025-03-16,7,Emergency,270,Home
ADM_02443,P_00235,HOSP_005,DOC_018,DEPT_039,2025-04-24,2025-04-27,3,ELECTIVE,438,Transferred
ADM_02444,P_00434,HOSP_001,DOC_022,DEPT_001,2024-10-26,2024-10-29,3,Emergency,385,home
ADM_02445,P_00514,HOSP_002,DOC_014,DEPT_009,2024-08-26,2024-08-29,3,Elective,414,Home
ADM_02446,P_00213,HOSP_003,DOC_031,DEPT_024,2024-05-09,2024-05-17,8,Emergency,453,Home
ADM_02447,P_00213,HOSP_003,DOC_031,DEPT_024,2024-05-23,2024-06-02,10,Emergency,454,Home
ADM_02448,P_00294,HOSP_003,DOC_031,DEPT_024,2024-03-04,2024-03-10,6,Elective,465,Home
ADM_02449,P_00041,HOSP_005,DOC_002,DEPT_035,2024-04-12,2024/04/20 00:00:00,8,Elective,,Home
ADM_02450,P_02784,HOSP_001,DOC_033,DEPT_002,2024-12-18,2024-12-22,4,Emergency,302,Rehabilitation
ADM_02451,P_02784,HOSP_001,DOC_033,DEPT_002,2025-01-09,2025/01/18 00:00:00,9,Emergency,486,Home
ADM_02452,P_00853,HOSP_003,DOC_031,DEPT_024,2024-05-30,2024-06-05,6,Elective,307,Home
ADM_02453,P_01545,HOSP_003,DOC_001,DEPT_023,2024-08-14,2024-08-21,7,Emergency,473,Home
ADM_02454,P_00238,HOSP_005,DOC_019,DEPT_039,2025-03-11,2025-03-13,2,Urgent,153,Home
ADM_02455,P_00238,HOSP_005,DOC_019,DEPT_039,2025-04-02,2025-04-03,1,Emergency,154,Home
ADM_02456,P_02226,HOSP_003,DOC_001,DEPT_023,2024-04-08,2024-04-13,5,Emergency,356,Home
ADM_02457,P_02620,HOSP_003,DOC_010,DEPT_021,2024-07-01,2024-07-05,4,Urgent,373,Home
ADM_02458,P_02779,HOSP_004,DOC_038,DEPT_031,2024-11-16,17-11-2024,1,Emergency,397,Home
ADM_02459,P_01012,HOSP_003,DOC_024,DEPT_024,2024-02-29,2024-03-08,8,Emergency,411,Home
ADM_02460,P_03171,HOSP_001,DOC_022,DEPT_001,2024-09-04,2024-09-11,7,Urgent,453,Home
ADM_02461,P_01764,HOSP_005,DOC_027,DEPT_037,2024-10-14,2024-10-19,5,Emergency,126,Home
ADM_02462,P_00889,HOSP_003,DOC_007,DEPT_024,2024-08-06,09-08-2024,3,  Emergency  ,135,Home
ADM_02463,P_01884,HOSP_003,DOC_021,DEPT_019,2024-03-17,2024-03-19,2,Emergency,134,Home
ADM_02464,P_01018,HOSP_001,DOC_022,DEPT_001,2024-05-04,2024-05-05,1,Elective,180,Rehabilitation
ADM_02465,P_02498,HOSP_001,DOC_033,DEPT_002,2024-04-27,2024-04-30,3,Elective,207,Home
ADM_02466,P_02557,HOSP_001,DOC_023,DEPT_007,2024-05-03,2024-05-09,6,elective,457,Home
ADM_02467,P_03479,HOSP_003,DOC_026,DEPT_020,2024-01-22,2024-01-26,4,Elective,277,Home
ADM_02468,P_03479,HOSP_003,DOC_026,DEPT_020,2024-02-17,2024-02-25,8,Emergency,512,  Home  
ADM_02469,P_02290,HOSP_002,DOC_030,DEPT_014,2025-03-26,2025-04-01,6,Emergency,115,home
ADM_02470,P_00381,HOSP_003,DOC_006,DEPT_018,2024-05-10,2024-05-16,6,elective,527,Home
ADM_02471,P_01865,HOSP_001,DOC_022,DEPT_001,2024-05-19,2024-05-20,1,Elective,545,Home
ADM_02472,P_01898,HOSP_005,DOC_003,DEPT_036,2024-05-21,2024-05-24,3,Elective,120,Hospice
ADM_02473,P_01898,HOSP_005,DOC_003,DEPT_036,2024-06-09,2024-06-17,8,Emergency,334,Home
ADM_02474,P_02188,HOSP_001,DOC_005,DEPT_006,2024-11-04,2024-11-13,9,Emergency,299,Transferred
ADM_02475,P_01378,HOSP_005,DOC_037,DEPT_035,2024-09-02,2024-09-10,8,Urgent,297,Home
ADM_02476,P_00386,HOSP_005,DOC_003,DEPT_036,2024-12-05,2024-12-10,5,Emergency,110,Home
ADM_02477,P_01406,HOSP_003,DOC_031,DEPT_024,2024-04-15,2024-04-23,8,urgent,562,Home
ADM_02478,P_02378,HOSP_003,DOC_007,DEPT_024,2025-04-17,2025-04-22,5,Emergency,110,Transferred
ADM_02479,P_01202,HOSP_001,DOC_008,DEPT_005,2024-12-27,2024-12-29,2,Elective,260,Hospice
ADM_02480,P_01759,HOSP_004,DOC_040,DEPT_027,2024-11-23,2024-11-29,6,Emergency,342,Home
ADM_02481,P_02923,HOSP_003,DOC_011,DEPT_021,2025-02-16,2025-02-24,8,Emergency,438,Home
ADM_02482,P_03249,HOSP_001,DOC_033,DEPT_002,2024-08-21,2024-09-01,11,Elective,446,transferred
ADM_02483,P_02361,HOSP_004,DOC_038,DEPT_031,2024-02-21,2024-02-24,-3,Emergency,192,Home
ADM_02484,P_00949,HOSP_005,DOC_027,DEPT_037,2024-05-06,2024-05-08,2,EMERGENCY,116,HOME
ADM_02485,P_00949,HOSP_005,DOC_027,DEPT_037,2024-05-21,2024-05-30,9,Emergency,325,Home
ADM_02486,P_02278,HOSP_005,DOC_027,DEPT_037,2024-08-18,2024-08-24,6,Urgent,174,Home
ADM_02487,P_01578,HOSP_003,DOC_021,DEPT_019,2025-02-18,2025-02-23,5,Elective,525,Home
ADM_02488,P_01578,HOSP_003,DOC_021,DEPT_019,2025-03-02,2025-03-13,11,  Emergency  ,530,Home
ADM_02489,P_03155,HOSP_004,DOC_038,DEPT_031,2025-03-06,2025-03-13,7,Emergency,488,Transferred
ADM_02490,P_02303,HOSP_004,DOC_040,DEPT_027,2024-11-24,2024-11-30,6,Urgent,566,HOME
ADM_02491,P_02303,HOSP_004,DOC_040,DEPT_027,2024-12-11,2024-12-16,5,Emergency,395,Home
ADM_02492,P_02760,HOSP_004,DOC_038,DEPT_031,2024-02-02,02/09/2024,7,Elective,426,Home
ADM_02493,P_02171,HOSP_005,DOC_019,DEPT_039,2024-02-21,2024-02-23,2,Elective,386,Home
ADM_02494,P_03189,HOSP_001,DOC_022,DEPT_001,2025-03-24,2025-03-29,5,Emergency,216,Home
ADM_02495,P_00253,HOSP_005,DOC_018,DEPT_039,2024-04-19,2024-04-23,4,Elective,163,Home
ADM_02496,P_02170,HOSP_003,DOC_021,DEPT_019,2024-07-07,2024-07-09,2,  Elective  ,111,Hospice
ADM_02497,P_02020,HOSP_001,DOC_008,DEPT_005,2024-08-10,2024-08-16,6,Elective,230,Transferred
ADM_02498,P_02243,HOSP_003,DOC_007,DEPT_024,2024-05-18,05/21/2024,3,  Elective  ,130,Home
ADM_02499,P_01114,HOSP_005,DOC_003,DEPT_036,2025-02-05,2025-02-11,6,Emergency,176,Home
ADM_02500,P_00977,HOSP_001,DOC_008,DEPT_005,2024-01-27,2024-01-30,3,ELECTIVE,497,Home
ADM_02501,P_00166,HOSP_005,DOC_029,DEPT_036,2025-01-28,2025-02-04,7,Urgent,399,Home
ADM_02502,P_01684,HOSP_001,DOC_034,DEPT_005,2025-01-14,2025-01-24,10,Emergency,357,Home
ADM_02503,P_02711,HOSP_001,DOC_022,DEPT_001,2025-01-18,2025-01-20,2,Elective,573,Home
ADM_02504,P_00845,HOSP_005,DOC_018,DEPT_039,2024-05-12,2024-05-15,3,Urgent,394,Home
ADM_02505,P_03371,HOSP_001,DOC_039,DEPT_007,2024-03-17,2024-03-19,2,Urgent,508,Home
ADM_02506,P_03493,HOSP_001,DOC_039,DEPT_007,2024-09-02,2024-09-06,4,Elective,308,Transferred
ADM_02507,P_02585,HOSP_003,DOC_021,DEPT_019,05/21/2024,2024-05-27,6,Emergency,360,Rehabilitation
ADM_02508,P_01891,HOSP_002,DOC_036,DEPT_016,2024-12-25,2024-12-31,6,Urgent,472,Home
ADM_02509,P_01891,HOSP_002,DOC_036,DEPT_016,2025/01/24 00:00:00,2025-01-31,7,Emergency,347,Home
ADM_02510,P_00275,HOSP_001,DOC_004,DEPT_005,2025-03-05,2025-03-11,6,Elective,400,Home
ADM_02511,P_00586,HOSP_001,DOC_023,DEPT_007,2024-11-27,2024-12-01,4,Elective,320,HOME
ADM_02512,P_02840,HOSP_002,DOC_032,DEPT_016,2024-08-23,2024-08-26,3,Emergency,465,Home
ADM_02513,P_01644,HOSP_003,DOC_001,DEPT_023,2025-01-28,2025-01-31,3,Elective,575,Home
ADM_02514,P_00920,HOSP_005,DOC_002,DEPT_035,2024-05-11,2024-05-15,4,Emergency,279,Rehabilitation
ADM_02515,P_01545,HOSP_001,DOC_004,DEPT_005,2024-01-24,2024-01-27,3,Emergency,150,home
ADM_02516,P_01676,HOSP_003,DOC_026,DEPT_020,2025-03-09,14-03-2025,5,Elective,345,Home
ADM_02517,P_00003,HOSP_005,DOC_029,DEPT_036,2024-02-26,2024-02-29,3,Urgent,394,Rehabilitation
ADM_02518,P_02895,HOSP_002,DOC_030,DEPT_014,2024-02-22,2024-02-25,3,Emergency,590,Home
ADM_02519,P_01335,HOSP_003,DOC_001,DEPT_023,2024-07-29,2024-08-06,8,Urgent,191,Transferred
ADM_02520,P_01879,HOSP_003,DOC_011,DEPT_021,2024-10-18,2024-10-26,8,Elective,452,Rehabilitation
ADM_02521,P_01205,HOSP_002,DOC_014,DEPT_009,2024-09-19,2024-09-27,8,Elective,565,Home
ADM_02522,P_01892,HOSP_003,DOC_026,DEPT_020,2024-03-10,2024-03-14,4,Urgent,552,Home
ADM_02523,P_01796,HOSP_005,DOC_003,DEPT_036,2024-03-14,2024-03-17,3,Elective,586,Home
ADM_02524,P_00295,HOSP_003,DOC_026,DEPT_020,2024-11-23,2024-11-29,6,URGENT,134,Home
ADM_02525,P_00295,HOSP_003,DOC_026,DEPT_020,2024-12-11,2024-12-15,4,Emergency,315,Home
ADM_02526,P_01118,HOSP_003,DOC_031,DEPT_024,2024-03-05,03/12/2024,7,Emergency,244,Home
ADM_02527,P_01573,HOSP_002,DOC_030,DEPT_014,2025-04-01,2025-04-04,3,Elective,122,Deceased
ADM_02528,P_02794,HOSP_002,DOC_014,DEPT_009,2024-08-11,2024-08-15,4,Elective,564,Home
ADM_02529,P_02794,HOSP_002,DOC_014,DEPT_009,2024-09-09,09/18/2024,9,Emergency,,Home
ADM_02530,P_02880,HOSP_001,DOC_023,DEPT_007,2024-01-17,2024-01-18,1,Elective,566,Home
ADM_02531,P_02880,HOSP_001,DOC_023,DEPT_007,2024-01-29,2024-02-02,4,Emergency,115,Home
ADM_02532,P_02874,HOSP_004,DOC_040,DEPT_027,2025-03-21,2025-03-26,5,Urgent,542,Home
ADM_02533,P_00554,HOSP_003,DOC_010,DEPT_021,2025-02-09,2025-02-15,6,elective,516,Home
ADM_02534,P_02918,HOSP_001,DOC_028,DEPT_005,2024-07-15,2024-07-21,6,  Emergency  ,265,Home
ADM_02535,P_01174,HOSP_003,DOC_001,DEPT_023,2024-06-15,2024-06-19,4,Emergency,242,Home
ADM_02536,P_00643,HOSP_001,DOC_008,DEPT_005,2024-12-20,2024-12-27,7,Urgent,242,Hospice
ADM_02537,P_00907,HOSP_001,DOC_022,DEPT_001,2024-04-24,2024-04-27,3,Elective,356,Rehabilitation
ADM_02538,P_03054,HOSP_001,DOC_028,DEPT_005,2025-04-12,2025-04-15,3,emergency,106,Home
ADM_02539,P_01498,HOSP_002,DOC_036,DEPT_016,2025-03-31,2025-04-05,5,EMERGENCY,365,Hospice
ADM_02540,P_00132,HOSP_001,DOC_022,DEPT_001,2024-08-19,2024-08-21,2,Emergency,293,Home
ADM_02541,P_03178,HOSP_005,DOC_029,DEPT_036,2025-03-14,2025-03-24,10,Elective,434,Rehabilitation
ADM_02542,P_03178,HOSP_005,DOC_029,DEPT_036,2025-04-05,2025-04-10,5,Emergency,282,Home
ADM_02543,P_01361,HOSP_003,DOC_024,DEPT_024,2024-03-09,2024-03-16,7,Emergency,,Home
ADM_02544,P_01805,HOSP_003,DOC_001,DEPT_023,2025-01-11,2025-01-13,2,Emergency,354,Home
ADM_02545,P_00035,HOSP_003,DOC_024,DEPT_024,2025-05-08,2025-05-17,9,Urgent,291,  Home  
ADM_02546,P_00148,HOSP_002,DOC_036,DEPT_016,2024-07-23,2024-07-28,5,Elective,236,Rehabilitation
ADM_02547,P_01185,HOSP_003,DOC_006,DEPT_018,2024-03-05,2024-03-08,3,Elective,444,Home
ADM_02548,P_02404,HOSP_004,DOC_038,DEPT_031,2025-03-04,08-03-2025,4,Urgent,401,Home
ADM_02549,P_01778,HOSP_002,DOC_012,DEPT_014,2025-04-22,2025-04-25,3,urgent,405,Home
ADM_02550,P_00617,HOSP_003,DOC_026,DEPT_020,2024-05-06,2024-05-10,4,Emergency,296,Home
ADM_02551,P_00617,HOSP_003,DOC_026,DEPT_020,2024-05-23,2024-05-26,3,EMERGENCY,,Home
ADM_02552,P_01417,HOSP_001,DOC_005,DEPT_006,2024-07-06,2024-07-09,3,Emergency,587,  Transferred  
ADM_02553,P_02406,HOSP_005,DOC_029,DEPT_036,2024-12-21,2024-12-28,7,Urgent,399,Home
ADM_02554,P_00823,HOSP_003,DOC_031,DEPT_024,2025-03-25,2025-03-30,5,Elective,211,Home
ADM_02555,P_00275,HOSP_002,DOC_012,DEPT_014,2024-08-20,2024-08-23,3,Urgent,544,Home
ADM_02556,P_00275,HOSP_002,DOC_012,DEPT_014,2024-09-05,2024-09-11,6,Emergency,371,Home
ADM_02557,P_02648,HOSP_005,DOC_002,DEPT_035,2024-12-08,2024-12-16,8,Emergency,316,deceased
ADM_02558,P_02817,HOSP_003,DOC_011,DEPT_021,2024-02-27,2024-03-01,3,Emergency,490,Home
ADM_02559,P_00366,HOSP_003,DOC_026,DEPT_020,2024-05-21,2024-05-23,2,Elective,176,Home
ADM_02560,P_02867,HOSP_001,DOC_028,DEPT_005,2025-01-29,2025-02-04,6,Emergency,172,Home
ADM_02561,P_00523,HOSP_001,DOC_017,DEPT_008,2025-04-07,2025-04-08,1,Urgent,479,Home
ADM_02562,P_02771,HOSP_001,DOC_033,DEPT_002,2024-02-18,2024-02-22,4,Urgent,238,Home
ADM_02563,P_02163,HOSP_003,DOC_007,DEPT_024,2024-03-26,2024-04-04,9,elective,415,Home
ADM_02564,P_02288,HOSP_001,DOC_035,DEPT_003,2024-05-19,2024-05-23,4,Emergency,407,Transferred
ADM_02565,P_02697,HOSP_001,DOC_017,DEPT_008,2024-05-06,2024-05-13,7,Emergency,254,Transferred
ADM_02566,P_02269,HOSP_001,DOC_008,DEPT_005,2025-02-18,2025-02-20,2,Emergency,156,  Home  
ADM_02567,P_01997,HOSP_001,DOC_039,DEPT_007,2024-05-07,2024-05-11,4,Emergency,536,Home
ADM_02568,P_00075,HOSP_003,DOC_021,DEPT_019,2024-09-20,2024-09-24,4,Elective,546,Home
ADM_02569,P_00049,HOSP_001,DOC_022,DEPT_001,2025-03-12,2025-03-18,6,Elective,121,Deceased
ADM_02570,P_02239,HOSP_001,DOC_008,DEPT_005,2024-05-17,2024-05-22,5,Emergency,464,Home
ADM_02571,P_03438,HOSP_005,DOC_002,DEPT_035,2024-06-23,2024-07-02,9,Urgent,479,Home
ADM_02572,P_00461,HOSP_001,DOC_004,DEPT_005,2024-06-22,25-06-2024,3,Emergency,,Rehabilitation
ADM_02573,P_01398,HOSP_001,DOC_034,DEPT_005,2025-01-03,2025-01-08,5,Urgent,510,Home
ADM_02574,P_01398,HOSP_001,DOC_034,DEPT_005,2025-01-12,2025-01-17,5,Emergency,424,Home
ADM_02575,P_00756,HOSP_003,DOC_007,DEPT_024,2025-02-02,2025-02-06,4,Emergency,310,Home
ADM_02576,P_02874,HOSP_005,DOC_027,DEPT_037,2024-10-18,2024-10-22,4,Emergency,170,Home
ADM_02577,P_02607,HOSP_001,DOC_005,DEPT_006,2024-03-23,2024-03-26,3,Urgent,563,Rehabilitation
ADM_02578,P_02607,HOSP_001,DOC_005,DEPT_006,2024-04-12,2024-04-21,9,Emergency,524,Home
ADM_02579,P_01729,HOSP_001,DOC_017,DEPT_008,2024-03-14,2024-03-17,3,Elective,450,Home
ADM_02580,P_01421,HOSP_005,DOC_037,DEPT_035,2024-09-25,2024-09-28,3,Urgent,181,Home
ADM_02581,P_00212,HOSP_002,DOC_030,DEPT_014,2025-02-22,2025-02-24,2,Urgent,521,Home
ADM_02582,P_00212,HOSP_002,DOC_030,DEPT_014,03/25/2025,2025-03-30,5,Emergency,234,Home
ADM_02583,P_02396,HOSP_003,DOC_021,DEPT_019,2024-11-02,2024-11-05,3,Emergency,102,Home
ADM_02584,P_00609,HOSP_003,DOC_001,DEPT_023,2024-05-05,2024-05-06,1,Emergency,232,Home
ADM_02585,P_03052,HOSP_001,DOC_028,DEPT_005,2024-07-08,2024-07-12,4,Emergency,353,Home
ADM_02586,P_02931,HOSP_001,DOC_008,DEPT_005,2025-01-23,2025-02-01,9,Emergency,535,Home
ADM_02587,P_02099,HOSP_003,DOC_007,DEPT_024,2024-04-18,2024-04-20,2,Emergency,419,Hospice
ADM_02588,P_02099,HOSP_003,DOC_007,DEPT_024,2024-04-24,2024-04-30,6,Emergency,255,Home
ADM_02589,P_00964,HOSP_001,DOC_033,DEPT_002,2024-10-18,2024-10-22,4,ELECTIVE,432,Home
ADM_02590,P_00412,HOSP_003,DOC_026,DEPT_020,2024-05-18,2024-05-24,6,Emergency,173,Home
ADM_02591,P_02966,HOSP_005,DOC_037,DEPT_035,2025-03-25,2025-03-31,6,Emergency,166,Transferred
ADM_02592,P_03150,HOSP_004,DOC_009,DEPT_030,2025-03-09,2025-03-21,12,Emergency,175,Home
ADM_02593,P_02980,HOSP_002,DOC_036,DEPT_016,2025-04-14,2025-04-19,5,Elective,569,Home
ADM_02594,P_02980,HOSP_002,DOC_036,DEPT_016,2025-04-25,2025-04-29,4,Emergency,557,  Home  
ADM_02595,P_00892,HOSP_005,DOC_037,DEPT_035,2024-07-05,2024-07-08,3,Urgent,285,Rehabilitation
ADM_02596,P_02008,HOSP_001,DOC_017,DEPT_008,2024-06-13,2024-06-16,3,Elective,481,Home
ADM_02597,P_00055,HOSP_003,DOC_021,DEPT_019,2025-03-13,2025-03-16,3,Elective,259,Home
ADM_02598,P_00149,HOSP_001,DOC_034,DEPT_005,2024-04-22,2024-05-02,10,Emergency,573,Home
ADM_02599,P_01144,HOSP_003,DOC_010,DEPT_021,2024-12-11,2024-12-17,6,Elective,280,Home
ADM_02600,P_02313,HOSP_001,DOC_035,DEPT_003,2025-04-20,2025-04-22,2,Elective,107,Home
ADM_02601,P_01776,HOSP_004,DOC_040,DEPT_027,2024-07-15,2024-07-21,6,EMERGENCY,191,Home
ADM_02602,P_01518,HOSP_001,DOC_039,DEPT_007,2024-07-31,2024-08-02,2,Urgent,323,Hospice
ADM_02603,P_02820,HOSP_003,DOC_011,DEPT_021,2024-03-12,2024-03-18,6,Emergency,142,Home
ADM_02604,P_03303,HOSP_002,DOC_012,DEPT_014,2024-08-28,2024-09-05,8,Emergency,162,Rehabilitation
ADM_02605,P_02181,HOSP_002,DOC_014,DEPT_009,2024-11-09,2024-11-13,4,Elective,276,Home
ADM_02606,P_01390,HOSP_003,DOC_031,DEPT_024,2025-03-03,2025-03-06,3,Elective,586,Home
ADM_02607,P_00135,HOSP_003,DOC_011,DEPT_021,2025-04-08,2025-04-17,9,Urgent,535,Rehabilitation
ADM_02608,P_03459,HOSP_004,DOC_009,DEPT_030,2025-04-02,2025-04-05,3,Elective,332,Home
ADM_02609,P_02037,HOSP_003,DOC_006,DEPT_018,2024-12-13,2024-12-16,3,Urgent,388,HOME
ADM_02610,P_01214,HOSP_003,DOC_024,DEPT_024,2025-03-20,2025-03-23,3,Urgent,297,Home
ADM_02611,P_02706,HOSP_005,DOC_037,DEPT_035,2024-05-26,2024-05-30,4,Emergency,286,Home
ADM_02612,P_02732,HOSP_002,DOC_014,DEPT_009,2024-05-22,2024-05-27,5,Emergency,428,Rehabilitation
ADM_02613,P_02732,HOSP_002,DOC_014,DEPT_009,2024-06-06,2024-06-16,10,Emergency,418,Home
ADM_02614,P_00300,HOSP_005,DOC_002,DEPT_035,2025-01-15,2025-01-21,6,Emergency,476,Rehabilitation
ADM_02615,P_02869,HOSP_001,DOC_008,DEPT_005,2025-02-27,2025-03-05,6,Elective,483,Transferred
ADM_02616,P_02869,HOSP_001,DOC_008,DEPT_005,2025-03-22,2025-04-02,11,Emergency,538,Home
ADM_02617,P_02348,HOSP_001,DOC_004,DEPT_005,2025-03-30,2025-04-02,3,Emergency,591,Home
ADM_02618,P_03051,HOSP_001,DOC_017,DEPT_008,2024-08-28,2024-08-30,2,Elective,484,Home
ADM_02619,P_03051,HOSP_001,DOC_017,DEPT_008,2024-09-05,2024-09-13,8,Emergency,140,Home
ADM_02620,P_02712,HOSP_001,DOC_004,DEPT_005,2024-05-31,2024-06-04,4,Emergency,228,Home
ADM_02621,P_02712,HOSP_001,DOC_004,DEPT_005,2024-06-21,2024-07-01,10,Emergency,533,Home
ADM_02622,P_02285,HOSP_002,DOC_012,DEPT_014,2024-07-20,2024-07-24,4,Emergency,379,Home
ADM_02623,P_01831,HOSP_003,DOC_031,DEPT_024,2024-12-30,2025-01-02,3,elective,277,Home
ADM_02624,P_02640,HOSP_005,DOC_015,DEPT_038,2024-04-06,2024-04-12,6,Urgent,244,Home
ADM_02625,P_00584,HOSP_004,DOC_009,DEPT_030,2024-06-15,2024-06-20,5,Emergency,415,Home
ADM_02626,P_00532,HOSP_004,DOC_009,DEPT_030,2024-05-15,2024-05-19,4,Emergency,352,Rehabilitation
ADM_02627,P_01954,HOSP_005,DOC_029,DEPT_036,2025-01-29,2025-02-12,14,EMERGENCY,,Home
ADM_02628,P_01827,HOSP_001,DOC_022,DEPT_001,2024-01-25,2024-02-02,8,Emergency,511,Home
ADM_02629,P_02135,HOSP_001,DOC_034,DEPT_005,2025-03-25,2025-04-01,7,Emergency,579,Home
ADM_02630,P_01155,HOSP_001,DOC_034,DEPT_005,2024-06-07,2024-06-12,5,Emergency,464,Home
ADM_02631,P_01551,HOSP_004,DOC_013,DEPT_026,2024-09-28,2024-10-03,5,Emergency,464,Transferred
ADM_02632,P_02004,HOSP_001,DOC_035,DEPT_003,2025-03-02,2025-03-06,4,Elective,515,Home
ADM_02633,P_03211,HOSP_005,DOC_002,DEPT_035,2025-01-23,2025-01-28,5,  Elective  ,336,Home
ADM_02634,P_01357,HOSP_004,DOC_038,DEPT_031,2025-01-30,2025-02-02,3,Elective,357,Home
ADM_02635,P_01275,HOSP_005,DOC_029,DEPT_036,2025-01-20,2025-01-22,2,Elective,395,Rehabilitation
ADM_02636,P_02959,HOSP_002,DOC_016,DEPT_009,2024-12-15,2024-12-19,4,Elective,223,Home
ADM_02637,P_02959,HOSP_002,DOC_016,DEPT_009,2025-01-11,2025-01-18,7,Emergency,127,Home
ADM_02638,P_00616,HOSP_003,DOC_021,DEPT_019,2024-06-07,2024-06-14,7,Emergency,464,Transferred
ADM_02639,P_02644,HOSP_003,DOC_031,DEPT_024,2024-10-30,2024-11-02,3,Urgent,327,Home
ADM_02640,P_02642,HOSP_005,DOC_029,DEPT_036,2024-09-25,2024-09-30,5,Elective,489,Home
ADM_02641,P_02333,HOSP_001,DOC_034,DEPT_005,2025-02-07,2025-02-13,6,Emergency,482,Home
ADM_02642,P_00322,HOSP_005,DOC_015,DEPT_038,2025-03-21,2025-03-27,6,Elective,248,Home
ADM_02643,P_01344,HOSP_004,DOC_038,DEPT_031,2024-03-10,2024-03-20,10,Elective,464,Home
ADM_02644,P_02295,HOSP_001,DOC_022,DEPT_001,01/18/2025,2025-01-22,4,Emergency,423,Home
ADM_02645,P_01361,HOSP_001,DOC_004,DEPT_005,2024-02-14,2024-02-17,3,Elective,353,Home
ADM_02646,P_01997,HOSP_005,DOC_037,DEPT_035,2024-08-04,2024-08-09,5,Emergency,358,Home
ADM_02647,P_03203,HOSP_004,DOC_038,DEPT_031,2024-07-13,2024-07-17,4,Urgent,492,Home
ADM_02648,P_02549,HOSP_002,DOC_032,DEPT_016,2024-12-13,2024-12-17,4,Elective,345,Home
ADM_02649,P_02270,HOSP_003,DOC_010,DEPT_021,2025-02-18,2025-02-21,3,Urgent,122,Home
ADM_02650,P_02270,HOSP_003,DOC_010,DEPT_021,2025-03-16,2025-03-23,7,EMERGENCY,163,home
ADM_02651,P_00096,HOSP_005,DOC_002,DEPT_035,2024/02/19 00:00:00,2024-02-22,3,elective,518,Home
ADM_02652,P_01671,HOSP_005,DOC_027,DEPT_037,11/01/2024,2024-11-08,7,Emergency,143,Home
ADM_02653,P_01319,HOSP_002,DOC_032,DEPT_016,2024-06-14,2024-06-20,6,Elective,543,Home
ADM_02654,P_02387,HOSP_005,DOC_003,DEPT_036,2024-10-16,2024-10-22,6,Elective,423,Home
ADM_02655,P_02857,HOSP_003,DOC_001,DEPT_023,2024-12-05,2024-12-08,3,Elective,235,Home
ADM_02656,P_02586,HOSP_001,DOC_023,DEPT_007,2024-09-20,2024-09-25,5,Elective,239,Rehabilitation
ADM_02657,P_02586,HOSP_001,DOC_023,DEPT_007,2024-10-03,2024-10-13,10,EMERGENCY,347,home
ADM_02658,P_02759,HOSP_005,DOC_019,DEPT_039,2025-03-24,2025-03-31,7,Urgent,590,Home
ADM_02659,P_02759,HOSP_005,DOC_019,DEPT_039,2025-04-14,2025-04-23,9,Emergency,460,Home
ADM_02660,P_02701,HOSP_004,DOC_009,DEPT_030,2024-11-13,2024-11-18,5,emergency,536,Home
ADM_02661,P_00184,HOSP_001,DOC_023,DEPT_007,2024-02-28,2024-03-03,4,Elective,179,Home
ADM_02662,P_00262,HOSP_002,DOC_012,DEPT_014,2024-11-30,2024-12-08,8,Emergency,205,Rehabilitation
ADM_02663,P_03109,HOSP_002,DOC_016,DEPT_009,2024-06-16,2024-06-21,5,emergency,291,Home
ADM_02664,P_02785,HOSP_003,DOC_031,DEPT_024,2024-09-11,2024-09-16,5,Emergency,469,Home
ADM_02665,P_03224,HOSP_004,DOC_009,DEPT_030,2024-07-17,2024-08-02,16,Elective,372,Transferred
ADM_02666,P_03499,HOSP_003,DOC_031,DEPT_024,2024-06-14,2024-06-18,4,Emergency,,Home
ADM_02667,P_01227,HOSP_004,DOC_038,DEPT_031,2024-08-12,2024-08-13,1,Elective,340,Home
ADM_02668,P_01956,HOSP_001,DOC_005,DEPT_006,2024-11-18,2024-11-22,4,Urgent,544,Home
ADM_02669,P_02089,HOSP_005,DOC_002,DEPT_035,2025-05-04,2025-05-08,4,Elective,438,home
ADM_02670,P_02362,HOSP_001,DOC_039,DEPT_007,2024-01-19,2024-01-24,5,Elective,301,Home
ADM_02671,P_02362,HOSP_001,DOC_039,DEPT_007,2024-02-18,2024-02-26,8,Emergency,311,Home
ADM_02672,P_02475,HOSP_002,DOC_032,DEPT_016,2025-03-02,2025-03-03,1,Elective,506,Home
ADM_02673,P_03460,HOSP_003,DOC_006,DEPT_018,2024-08-23,2024-08-29,6,Emergency,248,Rehabilitation
ADM_02674,P_03146,HOSP_005,DOC_015,DEPT_038,2024-07-07,2024-07-11,4,Emergency,514,Home
ADM_02675,P_01004,HOSP_001,DOC_004,DEPT_005,2024-04-21,2024-04-25,4,Emergency,298,Transferred
ADM_02676,P_03472,HOSP_005,DOC_037,DEPT_035,2024-07-09,2024-07-11,2,Elective,266,Rehabilitation
ADM_02677,P_02180,HOSP_005,DOC_029,DEPT_036,2025-01-07,2025-01-16,9,Elective,205,Home
ADM_02678,P_01312,HOSP_003,DOC_001,DEPT_023,2024-08-30,2024-09-03,4,Urgent,482,Transferred
ADM_02679,P_00227,HOSP_002,DOC_032,DEPT_016,2024-03-31,2024-04-06,6,Elective,404,Home
ADM_02680,P_01219,HOSP_002,DOC_030,DEPT_014,2025-03-06,2025-03-09,3,Emergency,312,Rehabilitation
ADM_02681,P_03069,HOSP_001,DOC_005,DEPT_006,2024-04-03,2024-04-08,5,Elective,,Home
ADM_02682,P_03231,HOSP_001,DOC_039,DEPT_007,2024-04-14,2024-04-18,4,Elective,221,Home
ADM_02683,P_00440,HOSP_005,DOC_037,DEPT_035,2024-07-21,2024-07-27,6,Emergency,325,Hospice
ADM_02684,P_01368,HOSP_003,DOC_026,DEPT_020,2024-12-23,2024-12-27,4,Emergency,544,Home
ADM_02685,P_03122,HOSP_005,DOC_003,DEPT_036,2024-10-25,2024-10-28,3,Emergency,,Home
ADM_02686,P_03122,HOSP_005,DOC_003,DEPT_036,2024-11-12,2024-11-18,6,Emergency,211,Home
ADM_02687,P_00068,HOSP_001,DOC_004,DEPT_005,2024-11-29,2024-12-03,4,Emergency,464,Home
ADM_02688,P_03247,HOSP_001,DOC_004,DEPT_005,2024-07-02,2024-07-07,5,Elective,128,Home
ADM_02689,P_03247,HOSP_001,DOC_004,DEPT_005,2024-07-24,2024-08-03,10,Emergency,545,Home
ADM_02690,P_03035,HOSP_001,DOC_004,DEPT_005,2025-03-22,2025-03-24,2,EMERGENCY,155,Rehabilitation
ADM_02691,P_03035,HOSP_001,DOC_004,DEPT_005,2025-04-19,2025-04-28,9,Emergency,434,Home
ADM_02692,P_01491,HOSP_004,DOC_013,DEPT_026,2025-03-23,2025-03-25,2,Urgent,483,Home
ADM_02693,P_02588,HOSP_002,DOC_016,DEPT_009,2024-11-05,2024-11-11,6,Emergency,347,Rehabilitation
ADM_02694,P_02575,HOSP_003,DOC_011,DEPT_021,2025-01-26,2025-02-01,6,Urgent,,Home
ADM_02695,P_02229,HOSP_003,DOC_026,DEPT_020,2024-08-13,2024-08-16,3,Elective,271,Home
ADM_02696,P_01477,HOSP_001,DOC_020,DEPT_008,2024-09-21,2024-09-24,3,ELECTIVE,118,Home
ADM_02697,P_01477,HOSP_001,DOC_020,DEPT_008,2024-10-02,2024-10-06,4,Emergency,455,Home
ADM_02698,P_02408,HOSP_001,DOC_039,DEPT_007,2024-07-15,2024-07-20,5,Elective,149,Home
ADM_02699,P_02408,HOSP_001,DOC_039,DEPT_007,2024-08-14,2024-08-23,9,Emergency,381,Home
ADM_02700,P_00750,HOSP_003,DOC_031,DEPT_024,2024-01-05,2024-01-09,4,Emergency,226,Home
ADM_02701,P_00889,HOSP_003,DOC_007,DEPT_024,2024-04-18,2024-04-19,1,Urgent,392,Home
ADM_02702,P_00799,HOSP_003,DOC_031,DEPT_024,2025-02-21,2025-02-24,3,emergency,132,Home
ADM_02703,P_01023,HOSP_001,DOC_028,DEPT_005,2025/01/23 00:00:00,2025-01-26,3,Elective,138,Home
ADM_02704,P_01474,HOSP_002,DOC_032,DEPT_016,2024-09-03,2024-09-09,6,EMERGENCY,411,Home
ADM_02705,P_00277,HOSP_001,DOC_034,DEPT_005,2024-05-16,2024-05-22,6,Emergency,291,Home
ADM_02706,P_00259,HOSP_004,DOC_038,DEPT_031,2024-06-29,2024-07-04,5,Elective,342,Transferred
ADM_02707,P_01785,HOSP_003,DOC_024,DEPT_024,2024-06-21,2024-06-28,7,Elective,212,Home
ADM_02708,P_02838,HOSP_003,DOC_024,DEPT_024,04-07-2024,2024-07-11,7,Urgent,265,Home
ADM_02709,P_02279,HOSP_002,DOC_032,DEPT_016,2024-12-08,2024-12-11,3,Emergency,323,Deceased
ADM_02710,P_00799,HOSP_003,DOC_001,DEPT_023,02/05/2025,2025-02-08,3,Elective,380,Transferred
ADM_02711,P_03188,HOSP_002,DOC_012,DEPT_014,2024-11-07,2024-11-11,4,Urgent,282,Transferred
ADM_02712,P_00589,HOSP_001,DOC_035,DEPT_003,2025-03-13,2025-03-18,5,Emergency,153,Home
ADM_02713,P_01535,HOSP_004,DOC_013,DEPT_026,2024-06-28,07/01/2024,3,Urgent,309,Home
ADM_02714,P_01231,HOSP_002,DOC_032,DEPT_016,2025-04-27,2025-05-15,18,Emergency,258,Home
ADM_02715,P_03484,HOSP_002,DOC_032,DEPT_016,2024-05-16,2024-05-25,9,Emergency,264,Home
ADM_02716,P_03484,HOSP_002,DOC_032,DEPT_016,2024-06-18,06/22/2024,4,Emergency,177,Home
ADM_02717,P_02130,HOSP_002,DOC_016,DEPT_009,2024-02-22,2024-02-24,2,Elective,162,Rehabilitation
ADM_02718,P_02256,HOSP_001,DOC_023,DEPT_007,2025-01-06,2025-01-09,3,Elective,125,Home
ADM_02719,P_02212,HOSP_003,DOC_031,DEPT_024,2024-06-10,2024-06-17,7,Emergency,579,Home
ADM_02720,P_01437,HOSP_005,DOC_002,DEPT_035,2025-01-17,2025-01-24,7,Elective,433,home
ADM_02721,P_01437,HOSP_005,DOC_002,DEPT_035,2025-02-12,2025-02-24,12,Emergency,105,Home
ADM_02722,P_00446,HOSP_003,DOC_001,DEPT_023,2024-10-14,2024-10-17,3,Urgent,448,Home
ADM_02723,P_03374,HOSP_005,DOC_027,DEPT_037,2024-09-06,2024-09-12,6,Elective,233,Transferred
ADM_02724,P_01039,HOSP_002,DOC_032,DEPT_016,2024/08/10 00:00:00,2024-08-13,3,emergency,372,Home
ADM_02725,P_03324,HOSP_002,DOC_036,DEPT_016,2025-05-03,2025-05-13,10,Emergency,296,Home
ADM_02726,P_01212,HOSP_004,DOC_025,DEPT_032,2025-01-25,2025-01-28,3,Emergency,219,rehabilitation
ADM_02727,P_01212,HOSP_004,DOC_025,DEPT_032,2025/02/14 00:00:00,2025-02-17,3,Emergency,326,Home
ADM_02728,P_01133,HOSP_005,DOC_037,DEPT_035,2024-07-28,2024-07-30,2,Urgent,345,Home
ADM_02729,P_02365,HOSP_003,DOC_010,DEPT_021,2024-03-20,2024-03-24,4,Elective,320,Rehabilitation
ADM_02730,P_00698,HOSP_001,DOC_033,DEPT_002,2024-02-28,2024-03-05,6,Elective,100,Home
ADM_02731,P_00743,HOSP_002,DOC_014,DEPT_009,2024-09-05,2024-09-11,6,Emergency,427,  Home  
ADM_02732,P_02043,HOSP_002,DOC_016,DEPT_009,2024-05-27,2024-05-29,2,Urgent,593,Home
ADM_02733,P_00675,HOSP_001,DOC_008,DEPT_005,2024-11-03,2024-11-07,4,Emergency,424,Home
ADM_02734,P_00016,HOSP_001,DOC_017,DEPT_008,2024-08-30,2024/09/02 00:00:00,3,EMERGENCY,,HOME
ADM_02735,P_01959,HOSP_005,DOC_037,DEPT_035,2024-08-06,2024-08-08,2,Emergency,281,Home
ADM_02736,P_02407,HOSP_002,DOC_032,DEPT_016,2024-08-18,2024-08-21,3,Emergency,293,Hospice
ADM_02737,P_02407,HOSP_002,DOC_032,DEPT_016,2024-09-10,2024-09-22,12,Emergency,484,  Home  
ADM_02738,P_03038,HOSP_003,DOC_021,DEPT_019,2024-10-24,2024-10-26,2,Emergency,324,Home
ADM_02739,P_03078,HOSP_001,DOC_020,DEPT_008,2024-09-05,2024-09-10,5,Urgent,323,Home
ADM_02740,P_01495,HOSP_002,DOC_014,DEPT_009,2024-11-10,2024-11-19,9,Emergency,279,Home
ADM_02741,P_02147,HOSP_005,DOC_029,DEPT_036,2025-02-16,2025-02-25,9,Emergency,449,Home
ADM_02742,P_02786,HOSP_001,DOC_023,DEPT_007,2025-04-07,2025-04-17,10,Elective,159,Home
ADM_02743,P_02786,HOSP_001,DOC_023,DEPT_007,2025-05-15,2025-05-22,7,Emergency,423,Home
ADM_02744,P_02508,HOSP_001,DOC_035,DEPT_003,2024-05-09,2024-05-15,6,Urgent,505,Home
ADM_02745,P_01599,HOSP_001,DOC_005,DEPT_006,2025-04-15,2025-04-18,3,Emergency,263,Transferred
ADM_02746,P_00742,HOSP_001,DOC_022,DEPT_001,2024-09-02,04-09-2024,2,Emergency,242,Home
ADM_02747,P_00971,HOSP_005,DOC_029,DEPT_036,2024-11-23,2024-11-27,4,Emergency,359,Home
ADM_02748,P_01123,HOSP_001,DOC_033,DEPT_002,2024-08-21,2024-08-29,8,Emergency,517,Home
ADM_02749,P_01123,HOSP_001,DOC_033,DEPT_002,2024-09-20,2024-09-22,2,Emergency,141,Home
ADM_02750,P_02246,HOSP_005,DOC_037,DEPT_035,2025-03-02,2025-03-05,3,Elective,352,Home
ADM_02751,P_02428,HOSP_001,DOC_035,DEPT_003,2025-03-10,2025-03-16,6,Urgent,195,Home
ADM_02752,P_03335,HOSP_001,DOC_039,DEPT_007,2024-01-21,2024-01-26,5,Elective,130,Home
ADM_02753,P_01326,HOSP_004,DOC_038,DEPT_031,2024-01-07,2024-01-15,8,Emergency,158,Home
ADM_02754,P_01326,HOSP_004,DOC_038,DEPT_031,2024-01-30,2024-02-09,10,Emergency,264,Home
ADM_02755,P_02255,HOSP_003,DOC_024,DEPT_024,2024-05-25,2024-05-27,2,  Emergency  ,134,Home
ADM_02756,P_02255,HOSP_003,DOC_024,DEPT_024,2024-06-07,2024-06-13,6,Emergency,255,Home
ADM_02757,P_00758,HOSP_005,DOC_019,DEPT_039,2024-07-28,2024-07-31,3,Emergency,545,Home
ADM_02758,P_01923,HOSP_003,DOC_007,DEPT_024,2024-03-09,2024-03-12,3,Emergency,580,Home
ADM_02759,P_00227,HOSP_005,DOC_027,DEPT_037,2024-06-21,2024-06-23,2,Emergency,505,Home
ADM_02760,P_00798,HOSP_003,DOC_024,DEPT_024,2024-11-09,2024-11-14,5,Urgent,564,Home
ADM_02761,P_03364,HOSP_004,DOC_038,DEPT_031,2024-12-09,2024-12-17,8,Elective,515,Home
ADM_02762,P_03364,HOSP_004,DOC_038,DEPT_031,2024-12-25,2025-01-01,7,Emergency,473,Home
ADM_02763,P_02884,HOSP_001,DOC_008,DEPT_005,2024-10-31,2024-11-02,2,Emergency,350,Home
ADM_02764,P_02295,HOSP_002,DOC_032,DEPT_016,2025-01-26,2025-01-30,4,Elective,358,Home
ADM_02765,P_02670,HOSP_002,DOC_036,DEPT_016,2024-03-15,2024-03-21,6,Elective,197,Transferred
ADM_02766,P_02670,HOSP_002,DOC_036,DEPT_016,2024-04-06,2024-04-12,6,Emergency,226,Home
ADM_02767,P_00195,HOSP_004,DOC_038,DEPT_031,2025-04-22,2025-04-27,5,Elective,428,Home
ADM_02768,P_02969,HOSP_002,DOC_016,DEPT_009,2025-03-20,03/23/2025,3,Emergency,113,Home
ADM_02769,P_02332,HOSP_002,DOC_032,DEPT_016,2024-12-02,2024-12-06,4,Elective,514,Home
ADM_02770,P_02332,HOSP_002,DOC_032,DEPT_016,2024-12-19,12/24/2024,5,Emergency,599,Home
ADM_02771,P_00046,HOSP_001,DOC_004,DEPT_005,2024-12-17,2024-12-26,9,Elective,286,Home
ADM_02772,P_02711,HOSP_005,DOC_003,DEPT_036,2024-08-15,2024-08-18,3,Elective,180,Home
ADM_02773,P_02498,HOSP_005,DOC_002,DEPT_035,2024-12-17,2024-12-18,1,emergency,413,Rehabilitation
ADM_02774,P_00948,HOSP_002,DOC_012,DEPT_014,2024-12-19,2024-12-28,9,Urgent,175,Home
ADM_02775,P_01838,HOSP_001,DOC_034,DEPT_005,2024-03-22,2024-03-27,5,Emergency,108,Home
ADM_02776,P_01838,HOSP_001,DOC_034,DEPT_005,2024-04-08,2024-04-11,3,Emergency,443,Home
ADM_02777,P_00322,HOSP_001,DOC_023,DEPT_007,2024-08-05,2024-08-12,7,Elective,326,Home
ADM_02778,P_00322,HOSP_001,DOC_023,DEPT_007,2024-09-02,2024-09-10,8,Emergency,382,Home
ADM_02779,P_03442,HOSP_005,DOC_029,DEPT_036,2024-03-25,2024-04-04,10,Emergency,383,Home
ADM_02780,P_03442,HOSP_005,DOC_029,DEPT_036,2024-04-25,2024-05-02,7,Emergency,502,Home
ADM_02781,P_03467,HOSP_002,DOC_036,DEPT_016,2024-08-23,2024-09-06,14,Elective,443,Deceased
ADM_02782,P_02052,HOSP_001,DOC_020,DEPT_008,2024-01-04,2024-01-08,4,Elective,491,Home
ADM_02783,P_00822,HOSP_002,DOC_036,DEPT_016,2025-02-16,2025-02-22,6,Emergency,300,Home
ADM_02784,P_01388,HOSP_004,DOC_040,DEPT_027,2024-11-16,2024-11-23,7,Elective,211,Home
ADM_02785,P_01520,HOSP_005,DOC_003,DEPT_036,2025-01-28,2025-02-15,18,Elective,112,Home
ADM_02786,P_01520,HOSP_005,DOC_003,DEPT_036,2025-03-15,2025-03-20,5,Emergency,197,Home
ADM_02787,P_03491,HOSP_005,DOC_003,DEPT_036,2024-07-28,2024/07/31 00:00:00,3,Elective,133,Home
ADM_02788,P_03193,HOSP_004,DOC_009,DEPT_030,2024-09-30,2024-10-07,7,Emergency,224,Home
ADM_02789,P_02265,HOSP_005,DOC_029,DEPT_036,2025-02-04,2025-02-06,2,Emergency,347,Rehabilitation
ADM_02790,P_02133,HOSP_001,DOC_022,DEPT_001,2024-04-24,2024-04-27,3,Emergency,385,Rehabilitation
ADM_02791,P_03158,HOSP_003,DOC_010,DEPT_021,2024-02-27,2024-03-02,4,Emergency,393,Hospice
ADM_02792,P_00699,HOSP_001,DOC_020,DEPT_008,2024-02-13,2024-02-23,10,Emergency,223,Home
ADM_02793,P_00699,HOSP_001,DOC_020,DEPT_008,2024-03-10,2024-03-19,9,Emergency,452,Home
ADM_02794,P_00788,HOSP_005,DOC_037,DEPT_035,2024-01-19,2024-01-24,5,Urgent,371,Home
ADM_02795,P_00884,HOSP_005,DOC_003,DEPT_036,2024-07-27,2024-07-30,3,Elective,356,Home
ADM_02796,P_00884,HOSP_005,DOC_003,DEPT_036,2024-08-15,2024-08-31,16,Emergency,498,Home
ADM_02797,P_03126,HOSP_001,DOC_034,DEPT_005,2025-04-20,2025-04-24,4,Emergency,201,Home
ADM_02798,P_02195,HOSP_003,DOC_026,DEPT_020,2024-08-05,2024-08-08,3,Emergency,578,Home
ADM_02799,P_01635,HOSP_003,DOC_031,DEPT_024,2024-09-03,16-09-2024,13,Emergency,,Rehabilitation
ADM_02800,P_01635,HOSP_003,DOC_031,DEPT_024,2024-10-14,2024-10-17,3,Emergency,224,Home
ADM_02801,P_03011,HOSP_003,DOC_021,DEPT_019,2024-05-28,2024-06-06,9,Emergency,583,  Home  
ADM_02802,P_03052,HOSP_005,DOC_029,DEPT_036,2024-09-03,2024-09-08,5,Urgent,106,Home
ADM_02803,P_01203,HOSP_005,DOC_003,DEPT_036,2024-04-01,2024-04-08,7,Emergency,483,Transferred
ADM_02804,P_02184,HOSP_004,DOC_040,DEPT_027,12-01-2025,2025-01-18,6,Elective,421,Home
ADM_02805,P_02215,HOSP_003,DOC_021,DEPT_019,2025-02-16,2025-02-23,7,Emergency,208,Home
ADM_02806,P_01404,HOSP_002,DOC_032,DEPT_016,2024-09-14,2024-09-28,14,Emergency,341,Home
ADM_02807,P_02578,HOSP_003,DOC_010,DEPT_021,2024-01-24,2024-02-06,13,Elective,581,Home
ADM_02808,P_02578,HOSP_003,DOC_010,DEPT_021,05-03-2024,03/09/2024,4,Emergency,246,Home
ADM_02809,P_00351,HOSP_003,DOC_024,DEPT_024,2024-01-31,2024-02-06,6,Elective,579,Home
ADM_02810,P_03125,HOSP_001,DOC_020,DEPT_008,2024-10-23,2024-10-25,2,Emergency,107,Home
ADM_02811,P_02143,HOSP_001,DOC_008,DEPT_005,2024-08-07,2024-08-14,7,Elective,144,Transferred
ADM_02812,P_02143,HOSP_001,DOC_008,DEPT_005,2024-08-28,2024-09-07,10,Emergency,422,Home
ADM_02813,P_01567,HOSP_001,DOC_028,DEPT_005,2024-02-15,2024-02-16,1,Emergency,460,Home
ADM_02814,P_01567,HOSP_001,DOC_028,DEPT_005,2024-03-11,2024-03-17,6,Emergency,435,Home
ADM_02815,P_01460,HOSP_005,DOC_003,DEPT_036,2024-01-22,29-01-2024,7,Emergency,271,Transferred
ADM_02816,P_01460,HOSP_005,DOC_003,DEPT_036,2024-02-02,2024-02-09,7,  Emergency  ,585,Home
ADM_02817,P_02625,HOSP_002,DOC_036,DEPT_016,2024-10-27,2024-10-29,2,Emergency,111,Home
ADM_02818,P_02625,HOSP_002,DOC_036,DEPT_016,2024-11-19,2024-11-22,3,Emergency,418,Home
ADM_02819,P_02793,HOSP_005,DOC_003,DEPT_036,2025-04-19,04/23/2025,4,Elective,504,Home
ADM_02820,P_01261,HOSP_004,DOC_040,DEPT_027,2024-05-03,07-05-2024,4,Emergency,478,Home
ADM_02821,P_02661,HOSP_001,DOC_033,DEPT_002,2025-04-29,2025-05-03,4,Emergency,503,Home
ADM_02822,P_02685,HOSP_003,DOC_026,DEPT_020,2024-04-18,2024-04-20,2,Elective,349,Home
ADM_02823,P_00574,HOSP_003,DOC_011,DEPT_021,2024-06-04,2024-06-09,5,Emergency,569,Transferred
ADM_02824,P_03047,HOSP_003,DOC_007,DEPT_024,2024-09-05,2024-09-15,10,Emergency,220,Home
ADM_02825,P_01432,HOSP_001,DOC_005,DEPT_006,2025-02-04,2025-02-06,2,Elective,429,Home
ADM_02826,P_02736,HOSP_002,DOC_012,DEPT_014,2024-05-13,17-05-2024,4,Emergency,501,Home
ADM_02827,P_02510,HOSP_005,DOC_027,DEPT_037,2024-07-24,2024-07-30,6,  Elective  ,118,Home
ADM_02828,P_03156,HOSP_005,DOC_003,DEPT_036,2025-01-08,2025-01-10,2,Emergency,402,Home
ADM_02829,P_02909,HOSP_002,DOC_036,DEPT_016,2024-01-10,2024-01-15,5,Emergency,561,Hospice
ADM_02830,P_02967,HOSP_002,DOC_036,DEPT_016,2025-03-20,2025-03-28,8,Elective,313,Transferred
ADM_02831,P_02031,HOSP_003,DOC_011,DEPT_021,2025-03-07,2025-03-10,3,Emergency,451,Home
ADM_02832,P_02031,HOSP_003,DOC_011,DEPT_021,2025-03-16,2025-03-23,7,Emergency,478,Home
ADM_02833,P_01793,HOSP_001,DOC_004,DEPT_005,2024-10-16,2024-10-23,7,Elective,,Rehabilitation
ADM_02834,P_00302,HOSP_002,DOC_032,DEPT_016,2025-02-26,2025-03-11,13,Emergency,595,Home
ADM_02835,P_00474,HOSP_003,DOC_026,DEPT_020,2025-05-11,2025-05-16,5,Emergency,387,Home
ADM_02836,P_00421,HOSP_005,DOC_015,DEPT_038,2025-04-02,2025-04-05,3,Emergency,379,Transferred
ADM_02837,P_00421,HOSP_005,DOC_015,DEPT_038,2025-04-27,2025-04-29,2,Emergency,155,home
ADM_02838,P_02783,HOSP_002,DOC_012,DEPT_014,2024-10-08,2024-10-11,-3,Emergency,295,Home
ADM_02839,P_01034,HOSP_003,DOC_021,DEPT_019,2024-05-13,2024-05-15,2,Urgent,178,Home
ADM_02840,P_01515,HOSP_005,DOC_029,DEPT_036,2024-04-28,2024-05-08,10,Emergency,212,Transferred
ADM_02841,P_01728,HOSP_003,DOC_007,DEPT_024,2024-03-06,2024-03-13,7,Emergency,331,Home
ADM_02842,P_01728,HOSP_003,DOC_007,DEPT_024,2024-04-09,2024-04-12,3,Emergency,543,Home
ADM_02843,P_00663,HOSP_004,DOC_038,DEPT_031,2024-06-30,2024-07-03,3,URGENT,427,Transferred
ADM_02844,P_02394,HOSP_001,DOC_020,DEPT_008,2024-09-07,2024-09-12,5,Emergency,130,Home
ADM_02845,P_02394,HOSP_001,DOC_020,DEPT_008,2024/10/05 00:00:00,2024-10-15,10,Emergency,358,Home
ADM_02846,P_02527,HOSP_005,DOC_029,DEPT_036,2024-03-02,2024-03-08,6,Elective,212,Home
ADM_02847,P_00367,HOSP_001,DOC_022,DEPT_001,2025-01-31,2025-02-06,6,Elective,,Rehabilitation
ADM_02848,P_01138,HOSP_002,DOC_012,DEPT_014,2024-07-14,07/19/2024,5,Urgent,235,Transferred
ADM_02849,P_03154,HOSP_001,DOC_017,DEPT_008,2024-08-17,2024-08-19,2,Emergency,118,Home
ADM_02850,P_01076,HOSP_003,DOC_007,DEPT_024,2024-07-08,2024-07-13,5,Emergency,595,Home
ADM_02851,P_01076,HOSP_003,DOC_007,DEPT_024,2024-08-06,2024-08-12,6,Emergency,356,Home
ADM_02852,P_03031,HOSP_003,DOC_010,DEPT_021,2024-11-02,11/04/2024,2,Urgent,405,Home
ADM_02853,P_01171,HOSP_003,DOC_024,DEPT_024,2024-05-11,2024-05-21,10,Emergency,393,Home
ADM_02854,P_00470,HOSP_005,DOC_015,DEPT_038,2025-04-22,2025-04-25,3,Elective,122,Home
ADM_02855,P_01042,HOSP_001,DOC_039,DEPT_007,2024-09-16,2024-09-18,2,Elective,110,Home
ADM_02856,P_02470,HOSP_004,DOC_013,DEPT_026,2025-02-19,2025-02-23,4,Elective,226,Home
ADM_02857,P_02434,HOSP_003,DOC_026,DEPT_020,2025-04-21,2025-04-25,4,Emergency,560,Home
ADM_02858,P_00712,HOSP_003,DOC_031,DEPT_024,2024/12/09 00:00:00,2024-12-13,4,Emergency,,Home
ADM_02859,P_01153,HOSP_001,DOC_008,DEPT_005,2024-06-08,2024-06-12,4,Emergency,557,Transferred
ADM_02860,P_01153,HOSP_001,DOC_008,DEPT_005,2024-07-10,2024-07-16,6,Emergency,187,Home
ADM_02861,P_01784,HOSP_001,DOC_008,DEPT_005,2024-04-07,2024-04-12,5,Emergency,266,Home
ADM_02862,P_01447,HOSP_001,DOC_022,DEPT_001,2024-07-16,2024-07-21,5,Emergency,518,Home
ADM_02863,P_01763,HOSP_003,DOC_010,DEPT_021,2025-03-01,2025-03-07,6,Emergency,580,Home
ADM_02864,P_00504,HOSP_003,DOC_024,DEPT_024,2024-06-25,2024-07-01,6,Emergency,441,Home
ADM_02865,P_01441,HOSP_005,DOC_018,DEPT_039,21-04-2025,2025-04-27,6,Emergency,285,Hospice
ADM_02866,P_03166,HOSP_003,DOC_010,DEPT_021,2025-03-19,2025-03-26,7,Elective,305,Home
ADM_02867,P_02217,HOSP_001,DOC_033,DEPT_002,2024-11-22,2024-11-25,3,Emergency,431,Rehabilitation
ADM_02868,P_02153,HOSP_002,DOC_012,DEPT_014,2024-12-22,2024-12-25,3,Emergency,136,home
ADM_02869,P_00620,HOSP_003,DOC_026,DEPT_020,2024-04-06,2024-04-14,8,Emergency,439,Home
ADM_02870,P_00756,HOSP_004,DOC_040,DEPT_027,2024-04-18,2024-04-22,4,Elective,,Rehabilitation
ADM_02871,P_03208,HOSP_002,DOC_016,DEPT_009,2024-03-18,2024-03-22,4,emergency,226,Home
ADM_02872,P_00999,HOSP_003,DOC_010,DEPT_021,2025-03-25,2025-03-29,4,Emergency,568,Home
ADM_02873,P_02954,HOSP_001,DOC_028,DEPT_005,2024-08-12,2024-08-25,13,Emergency,271,Rehabilitation
ADM_02874,P_02076,HOSP_001,DOC_033,DEPT_002,2025-03-16,2025-03-19,3,Emergency,249,Home
ADM_02875,P_03123,HOSP_004,DOC_025,DEPT_032,2024-10-02,2024-10-05,3,Urgent,334,Home
ADM_02876,P_03083,HOSP_005,DOC_019,DEPT_039,2024-10-25,2024-10-29,4,Elective,248,Hospice
ADM_02877,P_01100,HOSP_001,DOC_039,DEPT_007,2024-11-08,2024-11-12,4,Emergency,313,Home
ADM_02878,P_02003,HOSP_001,DOC_023,DEPT_007,2024-11-22,2024-11-24,2,Urgent,543,Home
ADM_02879,P_03074,HOSP_003,DOC_026,DEPT_020,2024-07-28,2024-08-01,4,Elective,,Home
ADM_02880,P_00019,HOSP_001,DOC_022,DEPT_001,2024-04-27,2024-05-02,5,Emergency,324,Home
ADM_02881,P_00019,HOSP_001,DOC_022,DEPT_001,2024-05-11,2024-05-16,5,Emergency,490,Home
ADM_02882,P_00765,HOSP_005,DOC_003,DEPT_036,2024-04-07,2024/04/11 00:00:00,4,Emergency,465,Home
ADM_02883,P_02914,HOSP_002,DOC_014,DEPT_009,2025-03-23,2025-03-26,3,Emergency,107,Home
ADM_02884,P_01399,HOSP_002,DOC_016,DEPT_009,2024-06-03,2024-06-05,2,emergency,448,Home
ADM_02885,P_02188,HOSP_005,DOC_015,DEPT_038,2024-04-06,2024-04-10,4,EMERGENCY,507,Home
ADM_02886,P_02723,HOSP_003,DOC_007,DEPT_024,2024-09-19,2024-09-22,3,EMERGENCY,243,Home
ADM_02887,P_02215,HOSP_003,DOC_001,DEPT_023,2024-03-21,2024-03-23,2,Emergency,129,Home
ADM_02888,P_00489,HOSP_001,DOC_039,DEPT_007,2024-04-23,2024-04-24,1,Elective,477,Transferred
ADM_02889,P_02518,HOSP_003,DOC_024,DEPT_024,2025-05-03,2025-05-08,5,Emergency,241,Home
ADM_02890,P_03174,HOSP_002,DOC_016,DEPT_009,2024-10-15,2024-10-19,4,Elective,284,Rehabilitation
ADM_02891,P_01986,HOSP_002,DOC_016,DEPT_009,2024-05-13,2024-05-21,8,urgent,396,Transferred
ADM_02892,P_03292,HOSP_003,DOC_006,DEPT_018,2024-01-12,2024-01-16,4,Elective,106,Transferred
ADM_02893,P_03292,HOSP_003,DOC_006,DEPT_018,2024-01-24,2024-01-31,7,Emergency,220,HOME
ADM_02894,P_02932,HOSP_004,DOC_025,DEPT_032,2024-06-29,2024-07-02,3,Emergency,586,Home
ADM_02895,P_00579,HOSP_005,DOC_027,DEPT_037,2025-04-12,2025/04/16 00:00:00,4,Urgent,173,Home
ADM_02896,P_00579,HOSP_005,DOC_027,DEPT_037,2025-05-04,2025-05-06,2,Emergency,382,Home
ADM_02897,P_02618,HOSP_001,DOC_039,DEPT_007,2024-03-08,2024-03-12,4,Emergency,272,Rehabilitation
ADM_02898,P_00430,HOSP_002,DOC_036,DEPT_016,2024-12-22,2024-12-25,3,Emergency,318,Hospice
ADM_02899,P_00407,HOSP_002,DOC_016,DEPT_009,2024-06-21,2024-06-28,7,Emergency,133,Home
ADM_02900,P_00248,HOSP_001,DOC_034,DEPT_005,2024-05-28,2024-06-02,5,Emergency,345,Home
ADM_02901,P_03459,HOSP_004,DOC_040,DEPT_027,2025-03-31,2025-04-07,7,Elective,109,Rehabilitation
ADM_02902,P_01617,HOSP_004,DOC_009,DEPT_030,2024-12-29,2025-01-06,8,Elective,119,Home
ADM_02903,P_02312,HOSP_004,DOC_040,DEPT_027,2024-09-01,2024-09-04,3,Elective,589,Home
ADM_02904,P_01732,HOSP_001,DOC_034,DEPT_005,2024-07-21,2024-07-26,5,Emergency,373,  Home  
ADM_02905,P_01732,HOSP_001,DOC_034,DEPT_005,2024-08-15,2024-08-18,3,Emergency,147,Home
ADM_02906,P_03125,HOSP_003,DOC_026,DEPT_020,2024-10-12,2024-10-17,5,urgent,183,Home
ADM_02907,P_00466,HOSP_005,DOC_019,DEPT_039,2024-01-22,2024-01-28,-6,Emergency,200,Home
ADM_02908,P_00221,HOSP_001,DOC_034,DEPT_005,2024-12-17,2024-12-22,5,Urgent,243,Home
ADM_02909,P_03091,HOSP_004,DOC_013,DEPT_026,2024-10-23,2024-10-26,3,Emergency,408,Home
ADM_02910,P_00636,HOSP_005,DOC_002,DEPT_035,12-04-2025,2025-04-23,11,Emergency,478,Transferred
ADM_02911,P_02724,HOSP_003,DOC_026,DEPT_020,2024-03-31,2024-04-05,5,Emergency,103,Home
ADM_02912,P_02591,HOSP_002,DOC_012,DEPT_014,2024-11-29,2024-12-16,17,  Urgent  ,362,Home
ADM_02913,P_03381,HOSP_003,DOC_021,DEPT_019,2025-04-02,2025-04-04,2,Elective,466,Home
ADM_02914,P_02189,HOSP_001,DOC_034,DEPT_005,2024-11-11,2024-11-17,6,Emergency,336,home
ADM_02915,P_00936,HOSP_001,DOC_035,DEPT_003,2024-03-01,2024-03-08,7,Urgent,178,Rehabilitation
ADM_02916,P_02442,HOSP_002,DOC_014,DEPT_009,2024-03-29,2024-03-31,2,Emergency,447,Home
ADM_02917,P_00716,HOSP_003,DOC_021,DEPT_019,2024-05-11,2024-05-15,4,Emergency,443,Home
ADM_02918,P_01020,HOSP_002,DOC_036,DEPT_016,2024-12-16,2024-12-18,2,urgent,350,Rehabilitation
ADM_02919,P_03158,HOSP_003,DOC_024,DEPT_024,2024-05-29,2024-06-06,8,Emergency,374,Home
ADM_02920,P_01646,HOSP_001,DOC_020,DEPT_008,2024-07-03,2024-07-07,4,Elective,126,Home
ADM_02921,P_01646,HOSP_001,DOC_020,DEPT_008,2024-08-05,2024-08-09,4,Emergency,422,Home
ADM_02922,P_03405,HOSP_005,DOC_037,DEPT_035,2024-03-29,2024-04-05,7,Elective,319,Home
ADM_02923,P_00888,HOSP_003,DOC_026,DEPT_020,2024-07-29,2024-08-02,4,Urgent,223,Transferred
ADM_02924,P_01959,HOSP_001,DOC_023,DEPT_007,2024-07-03,2024-07-10,7,Urgent,431,Home
ADM_02925,P_00070,HOSP_005,DOC_018,DEPT_039,01-03-2025,2025-03-07,6,Urgent,376,Home
ADM_02926,P_02019,HOSP_003,DOC_024,DEPT_024,20-01-2024,2024-01-23,3,Emergency,482,Home
ADM_02927,P_01904,HOSP_005,DOC_003,DEPT_036,2024-11-11,2024-11-14,3,Elective,159,Home
ADM_02928,P_01818,HOSP_003,DOC_010,DEPT_021,2024-02-18,2024-02-21,3,Elective,216,Home
ADM_02929,P_03138,HOSP_003,DOC_024,DEPT_024,2024-10-27,2024-10-29,2,Elective,198,Home
ADM_02930,P_00859,HOSP_002,DOC_016,DEPT_009,2024-02-26,2024-02-28,2,Urgent,315,Home
ADM_02931,P_00859,HOSP_002,DOC_016,DEPT_009,2024-03-10,2024-03-25,15,Emergency,109,Home
ADM_02932,P_00474,HOSP_001,DOC_004,DEPT_005,2024-02-12,2024-02-17,5,Emergency,553,Home
ADM_02933,P_02532,HOSP_004,DOC_013,DEPT_026,2025-04-16,2025-04-22,6,Urgent,103,Home
ADM_02934,P_01781,HOSP_003,DOC_011,DEPT_021,2024-03-30,2024-04-07,8,Urgent,451,Home
ADM_02935,P_01781,HOSP_003,DOC_011,DEPT_021,2024-04-12,2024-04-17,5,Emergency,298,  Home  
ADM_02936,P_03045,HOSP_005,DOC_018,DEPT_039,2024-03-07,2024-03-09,2,Elective,,Home
ADM_02937,P_00929,HOSP_005,DOC_015,DEPT_038,2024-02-29,2024-03-07,7,Emergency,562,Home
ADM_02938,P_02252,HOSP_003,DOC_010,DEPT_021,2024-04-07,2024-04-09,2,Emergency,,Home
ADM_02939,P_02831,HOSP_005,DOC_029,DEPT_036,2024-03-02,2024-03-08,6,Elective,262,Home
ADM_02940,P_01906,HOSP_001,DOC_017,DEPT_008,2024-01-24,2024-01-26,2,emergency,440,Home
ADM_02941,P_02609,HOSP_005,DOC_037,DEPT_035,2024-07-04,2024-07-06,2,Emergency,558,Home
ADM_02942,P_02908,HOSP_003,DOC_001,DEPT_023,2024-01-03,2024-01-06,3,Urgent,270,Transferred
ADM_02943,P_01692,HOSP_005,DOC_029,DEPT_036,2025-02-12,2025-02-18,6,Urgent,180,  Home  
ADM_02944,P_03288,HOSP_005,DOC_027,DEPT_037,2024-04-25,2024-05-05,10,Emergency,341,Home
ADM_02945,P_00978,HOSP_003,DOC_024,DEPT_024,2024-04-03,2024-04-09,6,Emergency,583,Home
ADM_02946,P_00116,HOSP_003,DOC_010,DEPT_021,2024-12-26,2024-12-29,3,Emergency,369,Rehabilitation
ADM_02947,P_03209,HOSP_004,DOC_025,DEPT_032,2024-09-02,2024-09-09,7,Urgent,312,Home
ADM_02948,P_03209,HOSP_004,DOC_025,DEPT_032,2024-09-25,2024-09-28,3,  Emergency  ,,Home
ADM_02949,P_00691,HOSP_005,DOC_019,DEPT_039,2024-10-24,2024-10-27,3,  Emergency  ,552,Home
ADM_02950,P_01826,HOSP_005,DOC_029,DEPT_036,2024-08-15,2024-08-20,5,Emergency,396,Home
ADM_02951,P_01826,HOSP_005,DOC_029,DEPT_036,2024-09-07,2024-09-16,9,Emergency,143,home
ADM_02952,P_02042,HOSP_001,DOC_022,DEPT_001,2024-04-08,2024-04-12,4,Emergency,542,Home
ADM_02953,P_02795,HOSP_004,DOC_040,DEPT_027,04/21/2025,2025-04-25,4,Elective,,Transferred
ADM_02954,P_03246,HOSP_001,DOC_023,DEPT_007,2024-03-24,2024-03-28,4,Emergency,369,Home
ADM_02955,P_01903,HOSP_001,DOC_034,DEPT_005,2024-11-15,2024-11-23,8,Elective,368,Transferred
ADM_02956,P_02437,HOSP_001,DOC_008,DEPT_005,2024-07-24,2024-07-27,3,Urgent,227,Home
ADM_02957,P_00405,HOSP_003,DOC_031,DEPT_024,2025-05-12,2025-05-15,3,Emergency,158,  Transferred  
ADM_02958,P_00384,HOSP_001,DOC_005,DEPT_006,2024-05-12,2024-05-16,4,Emergency,180,Home
ADM_02959,P_01200,HOSP_001,DOC_033,DEPT_002,2024-06-08,2024-06-16,8,Urgent,594,Rehabilitation
ADM_02960,P_01706,HOSP_005,DOC_029,DEPT_036,2024-04-21,2024-04-24,3,Emergency,204,Home
ADM_02961,P_01818,HOSP_001,DOC_005,DEPT_006,2025-04-17,2025-04-21,4,Elective,553,Rehabilitation
ADM_02962,P_02925,HOSP_001,DOC_017,DEPT_008,2024-02-17,2024-02-19,2,Elective,449,Rehabilitation
ADM_02963,P_02925,HOSP_001,DOC_017,DEPT_008,2024-03-12,2024-03-18,6,Emergency,264,Home
ADM_02964,P_01271,HOSP_003,DOC_021,DEPT_019,2024-12-01,2024-12-06,5,Emergency,479,Home
ADM_02965,P_00787,HOSP_001,DOC_017,DEPT_008,01/04/2024,2024-01-06,2,Urgent,507,Home
ADM_02966,P_00372,HOSP_002,DOC_032,DEPT_016,2024-07-25,2024-08-02,8,Urgent,114,Home
ADM_02967,P_00372,HOSP_002,DOC_032,DEPT_016,2024-08-11,2024-08-18,7,Emergency,432,Home
ADM_02968,P_00151,HOSP_001,DOC_008,DEPT_005,2024-02-23,2024-02-26,3,Elective,372,Home
ADM_02969,P_00151,HOSP_001,DOC_008,DEPT_005,2024/03/02 00:00:00,2024-03-09,7,Emergency,440,Home
ADM_02970,P_02140,HOSP_003,DOC_006,DEPT_018,2024-08-20,2024-08-26,6,Emergency,593,Rehabilitation
ADM_02971,P_01303,HOSP_003,DOC_031,DEPT_024,2024-10-27,2024-10-29,2,Emergency,316,Hospice
ADM_02972,P_01064,HOSP_003,DOC_001,DEPT_023,2024-01-16,2024-01-21,5,  Emergency  ,496,Home
ADM_02973,P_03491,HOSP_003,DOC_021,DEPT_019,2024-05-28,2024-06-05,8,Urgent,470,Transferred
ADM_02974,P_00235,HOSP_005,DOC_029,DEPT_036,2024-10-10,2024-10-13,3,Urgent,248,Home
ADM_02975,P_00308,HOSP_001,DOC_008,DEPT_005,08/03/2024,2024-08-06,3,Urgent,490,Home
ADM_02976,P_02821,HOSP_002,DOC_012,DEPT_014,2024-06-04,2024-06-08,4,Urgent,531,Home
ADM_02977,P_00286,HOSP_001,DOC_008,DEPT_005,2024-05-09,2024-05-16,7,URGENT,549,Home
ADM_02978,P_01195,HOSP_003,DOC_026,DEPT_020,2025-04-27,2025-04-29,2,Emergency,485,Home
ADM_02979,P_02164,HOSP_003,DOC_010,DEPT_021,03/05/2024,2024-03-11,6,Emergency,429,Transferred
ADM_02980,P_01743,HOSP_005,DOC_019,DEPT_039,2024-03-05,2024-03-09,4,Elective,316,  Transferred  
ADM_02981,P_02094,HOSP_001,DOC_017,DEPT_008,2024-07-23,2024-08-02,10,Emergency,586,Home
ADM_02982,P_03314,HOSP_001,DOC_023,DEPT_007,2024-02-20,2024-02-24,4,Elective,176,Home
ADM_02983,P_00976,HOSP_005,DOC_018,DEPT_039,2025-04-15,2025-04-16,1,Elective,175,Home
ADM_02984,P_00976,HOSP_005,DOC_018,DEPT_039,2025-05-13,2025-05-21,8,Emergency,353,Home
ADM_02985,P_01175,HOSP_001,DOC_028,DEPT_005,2024-05-11,2024-05-16,5,Emergency,219,Transferred
ADM_02986,P_01175,HOSP_001,DOC_028,DEPT_005,2024-06-01,2024-06-08,7,Emergency,485,Home
ADM_02987,P_01108,HOSP_004,DOC_038,DEPT_031,2025-02-09,2025-02-17,8,Emergency,498,Home
ADM_02988,P_01326,HOSP_005,DOC_019,DEPT_039,2024/02/22 00:00:00,2024-02-24,2,Emergency,343,Rehabilitation
ADM_02989,P_02676,HOSP_003,DOC_007,DEPT_024,2025-04-21,2025-04-24,3,Emergency,428,Home
ADM_02990,P_01742,HOSP_002,DOC_016,DEPT_009,2024-11-19,2024-11-23,4,Emergency,584,home
ADM_02991,P_01742,HOSP_002,DOC_016,DEPT_009,2024-12-15,2024-12-22,7,Emergency,534,Home
ADM_02992,P_02802,HOSP_005,DOC_003,DEPT_036,2024-11-23,2024-11-27,4,Elective,527,Home
ADM_02993,P_02804,HOSP_003,DOC_021,DEPT_019,2024-08-19,2024-08-21,2,ELECTIVE,385,Home
ADM_02994,P_03280,HOSP_001,DOC_034,DEPT_005,2024-04-26,2024-04-29,3,Urgent,456,Home
ADM_02995,P_02760,HOSP_003,DOC_021,DEPT_019,2024-11-20,2024-11-30,10,Urgent,245,Home
ADM_02996,P_02001,HOSP_001,DOC_020,DEPT_008,2025-03-04,2025-03-06,2,Elective,459,Home
ADM_02997,P_02001,HOSP_001,DOC_020,DEPT_008,2025-03-29,04/04/2025,6,Emergency,,Home
ADM_02998,P_02675,HOSP_001,DOC_039,DEPT_007,2024-08-28,2024-09-03,6,Emergency,344,Transferred
ADM_02999,P_00142,HOSP_003,DOC_007,DEPT_024,2024-12-06,2024-12-13,7,emergency,179,Transferred
ADM_03000,P_03425,HOSP_003,DOC_024,DEPT_024,2025-03-04,2025-03-10,6,Emergency,530,Home
ADM_03001,P_02877,HOSP_003,DOC_031,DEPT_024,2025-02-12,2025-02-15,3,Urgent,102,Home
ADM_03002,P_03257,HOSP_005,DOC_037,DEPT_035,2024-04-19,2024-04-22,3,Elective,482,Home
ADM_03003,P_00474,HOSP_001,DOC_034,DEPT_005,2024-06-16,2024-06-26,10,Elective,456,Home
ADM_03004,P_01834,HOSP_005,DOC_018,DEPT_039,2024-11-25,2024-12-02,7,Emergency,186,Home
ADM_03005,P_02313,HOSP_005,DOC_002,DEPT_035,2024-06-16,2024-06-21,5,Elective,281,home
ADM_03006,P_00134,HOSP_001,DOC_039,DEPT_007,2024-06-28,2024-07-07,9,Elective,357,  Home  
ADM_03007,P_00277,HOSP_001,DOC_034,DEPT_005,2024-05-16,2024-05-18,2,Emergency,303,Home
ADM_03008,P_02070,HOSP_001,DOC_004,DEPT_005,2024-07-22,2024-07-24,2,Urgent,410,Home
ADM_03009,P_02070,HOSP_001,DOC_004,DEPT_005,2024-08-01,2024-08-03,2,Emergency,247,Home
ADM_03010,P_00316,HOSP_001,DOC_028,DEPT_005,2025-04-26,2025-05-01,5,Elective,,Home
ADM_03011,P_01104,HOSP_005,DOC_003,DEPT_036,2025-02-19,2025-02-24,5,Elective,560,Home
ADM_03012,P_02607,HOSP_004,DOC_025,DEPT_032,2024-03-31,2024-04-02,2,Elective,556,Home
ADM_03013,P_00107,HOSP_001,DOC_033,DEPT_002,2025-05-15,05/22/2025,7,  Elective  ,435,Home
ADM_03014,P_00221,HOSP_003,DOC_026,DEPT_020,2024-09-14,2024-09-15,1,Elective,162,  Home  
ADM_03015,P_00615,HOSP_001,DOC_008,DEPT_005,2024-08-23,2024-08-28,5,Urgent,171,Home
ADM_03016,P_00609,HOSP_003,DOC_011,DEPT_021,2024-04-17,2024-04-23,6,Emergency,268,Home
ADM_03017,P_01599,HOSP_002,DOC_032,DEPT_016,2024-09-12,2024-09-17,5,Emergency,453,Home
ADM_03018,P_02902,HOSP_002,DOC_014,DEPT_009,2024-09-22,2024-09-24,2,Urgent,556,Rehabilitation
ADM_03019,P_01757,HOSP_001,DOC_008,DEPT_005,2024-08-05,2024-08-13,8,Emergency,159,Home
ADM_03020,P_01070,HOSP_003,DOC_006,DEPT_018,2024-04-07,2024-04-10,3,emergency,434,Home
ADM_03021,P_00773,HOSP_003,DOC_010,DEPT_021,2024-04-13,04/16/2024,3,Emergency,458,Home
ADM_03022,P_02008,HOSP_001,DOC_017,DEPT_008,2024-04-02,04/05/2024,3,Urgent,558,Home
ADM_03023,P_01268,HOSP_003,DOC_010,DEPT_021,2024-01-07,2024-01-13,6,elective,324,Home
ADM_03024,P_02433,HOSP_002,DOC_016,DEPT_009,2025-04-03,2025-04-06,3,Elective,432,Home
ADM_03025,P_02082,HOSP_002,DOC_030,DEPT_014,2024/02/03 00:00:00,2024-02-05,2,ELECTIVE,173,Home
ADM_03026,P_01403,HOSP_001,DOC_004,DEPT_005,2025-05-15,2025-05-22,7,Urgent,390,Home
ADM_03027,P_00557,HOSP_001,DOC_022,DEPT_001,2024-04-25,2024-04-29,4,Urgent,513,REHABILITATION
ADM_03028,P_03138,HOSP_005,DOC_037,DEPT_035,2024-07-05,2024-07-12,7,Emergency,450,Transferred
ADM_03029,P_02243,HOSP_002,DOC_032,DEPT_016,09/10/2024,2024-09-14,4,Elective,410,Hospice
ADM_03030,P_02243,HOSP_002,DOC_032,DEPT_016,2024-09-26,2024-09-30,4,Emergency,443,Home
ADM_03031,P_03211,HOSP_002,DOC_012,DEPT_014,2024-09-07,2024-09-09,2,Emergency,332,Home
ADM_03032,P_00611,HOSP_005,DOC_015,DEPT_038,2024-09-23,2024-09-28,5,Elective,591,Home
ADM_03033,P_02790,HOSP_001,DOC_005,DEPT_006,2024/03/06 00:00:00,2024-03-10,4,elective,264,Home
ADM_03034,P_00425,HOSP_003,DOC_007,DEPT_024,2024-12-03,2024-12-09,6,Urgent,435,Home
ADM_03035,P_00850,HOSP_001,DOC_004,DEPT_005,2024-02-24,2024-02-27,3,EMERGENCY,290,Home
ADM_03036,P_02771,HOSP_005,DOC_003,DEPT_036,2024-04-01,2024-04-06,5,Urgent,395,Home
ADM_03037,P_01143,HOSP_001,DOC_034,DEPT_005,03/02/2025,2025-03-06,4,Elective,474,Home
ADM_03038,P_00425,HOSP_003,DOC_011,DEPT_021,2024-04-18,2024-04-21,3,Emergency,192,Home
ADM_03039,P_00935,HOSP_003,DOC_011,DEPT_021,2025-04-09,2025-04-12,3,Emergency,,Home
ADM_03040,P_02146,HOSP_003,DOC_021,DEPT_019,2025-03-29,2025-03-31,2,Elective,130,Transferred
ADM_03041,P_03147,HOSP_005,DOC_037,DEPT_035,2024-06-04,2024-06-15,11,Emergency,153,Transferred
ADM_03042,P_01019,HOSP_003,DOC_031,DEPT_024,2024-01-07,2024-01-12,5,Urgent,387,Hospice
ADM_03043,P_02127,HOSP_002,DOC_014,DEPT_009,2024-09-02,2024-09-04,2,Elective,586,Home
ADM_03044,P_00458,HOSP_001,DOC_028,DEPT_005,2025-02-21,2025-03-03,10,Urgent,171,Home
ADM_03045,P_01540,HOSP_001,DOC_004,DEPT_005,2024-09-21,2024/09/23 00:00:00,2,Emergency,405,  Deceased  
ADM_03046,P_00857,HOSP_005,DOC_029,DEPT_036,2024-02-04,2024-02-07,3,Emergency,138,Home
ADM_03047,P_01840,HOSP_001,DOC_035,DEPT_003,03-06-2024,2024-06-07,4,Emergency,386,home
ADM_03048,P_03223,HOSP_002,DOC_016,DEPT_009,2024-10-03,2024-10-07,4,Emergency,242,Home
ADM_03049,P_02663,HOSP_005,DOC_029,DEPT_036,2025-03-30,2025-04-05,6,Elective,163,Home
ADM_03050,P_02663,HOSP_005,DOC_029,DEPT_036,2025-05-03,2025-05-05,2,Emergency,206,Home
ADM_03051,P_01825,HOSP_001,DOC_004,DEPT_005,2024-12-09,2024-12-13,4,Emergency,186,Home
ADM_03052,P_01255,HOSP_003,DOC_024,DEPT_024,2024-06-09,2024-06-13,4,emergency,349,HOME
ADM_03053,P_00063,HOSP_003,DOC_001,DEPT_023,2024-06-13,2024-06-18,5,Urgent,264,rehabilitation
ADM_03054,P_02663,HOSP_001,DOC_033,DEPT_002,2024-09-22,2024-09-26,4,Emergency,235,Home
ADM_03055,P_02663,HOSP_001,DOC_033,DEPT_002,2024-10-02,2024-10-07,5,Emergency,441,Home
ADM_03056,P_00510,HOSP_001,DOC_033,DEPT_002,2024-01-15,2024-01-19,4,Elective,389,Transferred
ADM_03057,P_00952,HOSP_001,DOC_034,DEPT_005,2024-06-13,2024-06-23,10,Emergency,473,Rehabilitation
ADM_03058,P_02192,HOSP_005,DOC_018,DEPT_039,2024-09-08,2024-09-11,3,Elective,491,Hospice
ADM_03059,P_02192,HOSP_005,DOC_018,DEPT_039,2024-09-24,2024-10-04,10,Emergency,363,Home
ADM_03060,P_01992,HOSP_001,DOC_023,DEPT_007,2024-04-22,2024-04-27,5,Elective,318,Deceased
ADM_03061,P_03155,HOSP_005,DOC_019,DEPT_039,2024-02-21,2024-02-26,5,Emergency,,Transferred
ADM_03062,P_00962,HOSP_002,DOC_014,DEPT_009,2025-01-15,2025-01-20,5,Emergency,295,Transferred
ADM_03063,P_01684,HOSP_005,DOC_027,DEPT_037,12/14/2024,2024-12-20,6,Urgent,555,Home
ADM_03064,P_02714,HOSP_003,DOC_026,DEPT_020,2024-04-19,2024-04-23,4,Elective,151,Home
ADM_03065,P_02348,HOSP_001,DOC_005,DEPT_006,2025-01-02,2025-01-10,8,Emergency,,Home
ADM_03066,P_02418,HOSP_001,DOC_022,DEPT_001,2024-06-21,2024-06-27,6,Elective,225,Home
ADM_03067,P_02008,HOSP_002,DOC_014,DEPT_009,2025-01-06,2025-01-08,2,Emergency,450,Home
ADM_03068,P_00234,HOSP_005,DOC_015,DEPT_038,2024-09-06,2024-09-07,1,Elective,338,Home
ADM_03069,P_00035,HOSP_002,DOC_014,DEPT_009,2024-09-05,2024-09-15,10,Elective,114,HOME
ADM_03070,P_01697,HOSP_003,DOC_007,DEPT_024,19-02-2025,2025-02-24,5,Elective,126,Home
ADM_03071,P_00060,HOSP_005,DOC_019,DEPT_039,2025-04-15,2025-04-17,2,Emergency,344,Home
ADM_03072,P_00590,HOSP_003,DOC_007,DEPT_024,2024-07-19,2024-07-22,3,Emergency,598,Home
ADM_03073,P_02838,HOSP_001,DOC_020,DEPT_008,2024-03-06,2024-03-13,7,Emergency,577,  Home  
ADM_03074,P_01959,HOSP_002,DOC_016,DEPT_009,2024-03-16,2024-03-20,4,emergency,264,Transferred
ADM_03075,P_00249,HOSP_001,DOC_028,DEPT_005,2025-04-28,2025-05-02,4,EMERGENCY,438,Home
ADM_03076,P_02482,HOSP_005,DOC_002,DEPT_035,2024-06-20,2024-06-26,6,  Elective  ,513,Home
ADM_03077,P_01807,HOSP_004,DOC_040,DEPT_027,2024-11-21,2024-11-26,5,Emergency,330,Home
ADM_03078,P_03064,HOSP_005,DOC_003,DEPT_036,2024-11-14,11/20/2024,6,Emergency,438,Home
ADM_03079,P_02480,HOSP_005,DOC_002,DEPT_035,2025-03-09,2025-03-15,6,Emergency,459,Home
ADM_03080,P_02480,HOSP_005,DOC_002,DEPT_035,2025-04-04,2025-04-08,4,Emergency,150,Home
ADM_03081,P_02329,HOSP_001,DOC_039,DEPT_007,2025-01-20,2025-01-23,3,Urgent,312,Hospice
ADM_03082,P_02329,HOSP_001,DOC_039,DEPT_007,2025-02-20,02/24/2025,4,Emergency,580,Home
ADM_03083,P_03062,HOSP_001,DOC_017,DEPT_008,2024-05-22,2024-05-25,3,Emergency,460,Home
ADM_03084,P_03062,HOSP_001,DOC_017,DEPT_008,2024-06-20,2024-06-26,6,Emergency,456,Home
ADM_03085,P_02947,HOSP_001,DOC_035,DEPT_003,2025-02-03,2025-02-07,4,Emergency,234,Home
ADM_03086,P_01206,HOSP_002,DOC_012,DEPT_014,01/18/2024,2024-01-27,9,Urgent,574,Home
ADM_03087,P_02605,HOSP_003,DOC_024,DEPT_024,2025-04-07,2025-04-12,5,Emergency,289,REHABILITATION
ADM_03088,P_02829,HOSP_003,DOC_021,DEPT_019,2024-08-02,2024-08-06,4,Elective,104,Deceased
ADM_03089,P_02311,HOSP_002,DOC_012,DEPT_014,2024-01-25,2024-01-27,2,Emergency,355,  Home  
ADM_03090,P_03273,HOSP_003,DOC_021,DEPT_019,2024-11-03,2024-11-07,4,Elective,118,Home
ADM_03091,P_00099,HOSP_001,DOC_005,DEPT_006,2024-04-24,2024-05-04,10,Urgent,140,Transferred
ADM_03092,P_01242,HOSP_005,DOC_003,DEPT_036,06/27/2024,2024-07-07,10,Elective,298,Home
ADM_03093,P_01242,HOSP_005,DOC_003,DEPT_036,2024-07-10,2024-07-15,5,Emergency,392,Home
ADM_03094,P_00296,HOSP_001,DOC_017,DEPT_008,2025-02-05,2025-02-07,2,Elective,283,Hospice
ADM_03095,P_00296,HOSP_001,DOC_017,DEPT_008,2025-02-18,2025-02-23,5,Emergency,102,Home
ADM_03096,P_00201,HOSP_003,DOC_001,DEPT_023,2024-01-21,2024-01-30,9,Urgent,249,Home
ADM_03097,P_02922,HOSP_005,DOC_027,DEPT_037,2024-05-10,2024-05-14,4,Urgent,,home
ADM_03098,P_01578,HOSP_001,DOC_034,DEPT_005,09-02-2025,2025-02-15,6,Emergency,374,Home
ADM_03099,P_01438,HOSP_003,DOC_011,DEPT_021,2024-07-03,2024-07-07,4,Emergency,558,Home
ADM_03100,P_02260,HOSP_004,DOC_038,DEPT_031,2024-11-05,2024-11-07,2,Emergency,317,Home
ADM_03101,P_00552,HOSP_003,DOC_021,DEPT_019,2024-08-15,2024-08-19,4,Emergency,198,Home
ADM_03102,P_02173,HOSP_005,DOC_003,DEPT_036,2024-12-22,2024-12-29,7,Elective,140,Home
ADM_03103,P_00366,HOSP_001,DOC_033,DEPT_002,2024-02-27,2024-03-01,3,Emergency,505,Rehabilitation
ADM_03104,P_03336,HOSP_004,DOC_025,DEPT_032,2024-06-29,2024-07-06,7,Emergency,130,Home
ADM_03105,P_03336,HOSP_004,DOC_025,DEPT_032,2024-07-12,2024-07-18,6,Emergency,288,Home
ADM_03106,P_02319,HOSP_001,DOC_022,DEPT_001,04-11-2024,2024-11-10,6,Emergency,273,Home
ADM_03107,P_00089,HOSP_005,DOC_029,DEPT_036,2025-03-20,2025-03-25,5,Urgent,497,Transferred
ADM_03108,P_00089,HOSP_005,DOC_029,DEPT_036,2025-03-30,2025-04-03,4,Emergency,423,Home
ADM_03109,P_01773,HOSP_005,DOC_018,DEPT_039,2024-09-03,2024-09-07,4,Urgent,,Home
ADM_03110,P_02709,HOSP_004,DOC_025,DEPT_032,2025-03-25,2025-03-29,4,  Emergency  ,517,Transferred
ADM_03111,P_00416,HOSP_005,DOC_003,DEPT_036,12/19/2024,2024-12-22,3,Urgent,521,  Home  
ADM_03112,P_00641,HOSP_002,DOC_016,DEPT_009,2024-03-03,2024-03-08,5,ELECTIVE,129,Home
ADM_03113,P_00665,HOSP_003,DOC_024,DEPT_024,2024-06-06,2024-06-17,11,  Urgent  ,361,Home
ADM_03114,P_01041,HOSP_005,DOC_019,DEPT_039,2024-05-22,2024-05-30,8,Emergency,287,HOME
ADM_03115,P_03118,HOSP_001,DOC_033,DEPT_002,2024-11-06,2024-11-14,8,Urgent,449,Home
ADM_03116,P_03118,HOSP_001,DOC_033,DEPT_002,2024-12-08,2024-12-12,4,Emergency,377,Home
ADM_03117,P_00934,HOSP_002,DOC_012,DEPT_014,2024-09-17,2024-09-25,8,Urgent,145,Home
ADM_03118,P_03273,HOSP_002,DOC_016,DEPT_009,2025-03-18,2025-03-28,10,Emergency,582,Home
ADM_03119,P_03056,HOSP_005,DOC_018,DEPT_039,2025-01-27,2025-01-30,3,Elective,518,Home
ADM_03120,P_02910,HOSP_003,DOC_011,DEPT_021,2025-02-03,2025-02-09,6,Elective,266,Home
ADM_03121,P_02354,HOSP_003,DOC_006,DEPT_018,2025-01-02,2025-01-08,6,Urgent,,Rehabilitation
ADM_03122,P_02172,HOSP_005,DOC_037,DEPT_035,2024-06-05,2024-06-09,4,Emergency,438,Home
ADM_03123,P_01268,HOSP_004,DOC_025,DEPT_032,2024-06-22,2024-06-27,5,Urgent,,TRANSFERRED
ADM_03124,P_01660,HOSP_002,DOC_016,DEPT_009,2025-03-27,2025-04-02,6,Urgent,429,Home
ADM_03125,P_03067,HOSP_005,DOC_019,DEPT_039,2024-10-13,2024-10-17,4,Elective,353,Transferred
ADM_03126,P_03067,HOSP_005,DOC_019,DEPT_039,2024-11-09,2024-11-19,10,Emergency,590,Home
ADM_03127,P_01953,HOSP_002,DOC_016,DEPT_009,09/01/2024,2024-09-03,2,Emergency,512,Home
ADM_03128,P_01953,HOSP_002,DOC_016,DEPT_009,2024-10-01,2024-10-06,5,EMERGENCY,,Home
ADM_03129,P_03497,HOSP_005,DOC_037,DEPT_035,2024-08-28,2024-09-03,6,Urgent,123,Home
ADM_03130,P_01318,HOSP_002,DOC_016,DEPT_009,2024-05-20,2024-05-31,11,Urgent,388,Home
ADM_03131,P_00409,HOSP_001,DOC_035,DEPT_003,2024-08-20,2024-08-28,8,Emergency,375,Home
ADM_03132,P_00409,HOSP_001,DOC_035,DEPT_003,2024-09-09,2024-09-16,7,  Emergency  ,326,Home
ADM_03133,P_01783,HOSP_002,DOC_030,DEPT_014,2024-08-09,2024-08-13,4,Emergency,485,Hospice
ADM_03134,P_00235,HOSP_004,DOC_040,DEPT_027,2024-02-11,2024-02-15,4,Elective,557,Home
ADM_03135,P_01495,HOSP_003,DOC_011,DEPT_021,2024-07-13,2024-07-17,4,Urgent,395,Home
ADM_03136,P_02695,HOSP_004,DOC_040,DEPT_027,17-04-2024,2024-04-19,2,Emergency,396,Home
ADM_03137,P_02033,HOSP_003,DOC_001,DEPT_023,2024/09/28 00:00:00,2024-10-08,10,Elective,538,Home
ADM_03138,P_01833,HOSP_003,DOC_021,DEPT_019,2024-10-21,2024-10-25,4,Emergency,533,Home
ADM_03139,P_02674,HOSP_001,DOC_028,DEPT_005,2025-01-10,2025-01-13,3,Elective,,Transferred
ADM_03140,P_02674,HOSP_001,DOC_028,DEPT_005,2025-02-06,2025-02-13,7,Emergency,522,Home
ADM_03141,P_01703,HOSP_002,DOC_032,DEPT_016,2024-01-24,2024-01-27,3,Elective,501,Transferred
ADM_03142,P_01825,HOSP_003,DOC_031,DEPT_024,2025-05-09,2025-05-16,7,Elective,156,Transferred
ADM_03143,P_01113,HOSP_005,DOC_003,DEPT_036,2024-06-30,2024-07-03,3,  Urgent  ,339,Transferred
ADM_03144,P_00227,HOSP_004,DOC_009,DEPT_030,2025-05-11,2025-05-17,6,Emergency,109,Hospice
ADM_03145,P_02856,HOSP_003,DOC_006,DEPT_018,2024-07-03,2024-07-07,4,  Emergency  ,416,Home
ADM_03146,P_01156,HOSP_005,DOC_003,DEPT_036,2024-11-23,2024-11-28,5,Urgent,418,home
ADM_03147,P_01314,HOSP_002,DOC_030,DEPT_014,2025-02-19,2025-02-26,7,Emergency,422,Home
ADM_03148,P_01314,HOSP_002,DOC_030,DEPT_014,2025-03-09,2025-03-14,5,Emergency,586,Home
ADM_03149,P_01095,HOSP_002,DOC_036,DEPT_016,2024-05-17,2024-05-24,7,Emergency,463,Home
ADM_03150,P_02741,HOSP_003,DOC_031,DEPT_024,2024-07-18,2024-07-20,2,Urgent,444,Rehabilitation
ADM_03151,P_01680,HOSP_002,DOC_014,DEPT_009,2024-05-03,2024-05-12,9,Urgent,597,Home
ADM_03152,P_01680,HOSP_002,DOC_014,DEPT_009,2024-06-06,2024-06-16,10,Emergency,563,Home
ADM_03153,P_01368,HOSP_005,DOC_002,DEPT_035,2024-10-16,2024-10-20,4,Urgent,499,Hospice
ADM_03154,P_00041,HOSP_005,DOC_029,DEPT_036,2024-03-23,03/31/2024,8,Elective,166,Home
ADM_03155,P_02163,HOSP_003,DOC_010,DEPT_021,2024-08-31,2024-09-08,8,Emergency,359,Home
ADM_03156,P_02279,HOSP_002,DOC_032,DEPT_016,2024-01-31,04-02-2024,4,Urgent,239,Home
ADM_03157,P_03447,HOSP_003,DOC_011,DEPT_021,2025-01-11,2025-01-15,4,Urgent,518,Deceased
ADM_03158,P_01652,HOSP_005,DOC_002,DEPT_035,2024-04-30,2024-05-03,3,Emergency,412,Home
ADM_03159,P_02214,HOSP_005,DOC_002,DEPT_035,2025-02-07,2025-02-12,5,Elective,,Transferred
ADM_03160,P_02791,HOSP_001,DOC_020,DEPT_008,2024-05-15,2024-05-17,2,Elective,494,Home
ADM_03161,P_02458,HOSP_005,DOC_019,DEPT_039,2024-04-10,2024-04-16,6,Elective,591,Home
ADM_03162,P_02458,HOSP_005,DOC_019,DEPT_039,2024-05-15,2024-05-24,9,Emergency,303,Home
ADM_03163,P_03285,HOSP_003,DOC_007,DEPT_024,2024-08-09,2024-08-11,2,Emergency,545,Home
ADM_03164,P_03199,HOSP_002,DOC_030,DEPT_014,2024-12-14,2024-12-23,9,Elective,351,Home
ADM_03165,P_00435,HOSP_005,DOC_027,DEPT_037,2024-05-27,2024-05-30,3,Elective,157,Home
ADM_03166,P_01596,HOSP_004,DOC_013,DEPT_026,2025-04-28,2025-05-14,16,Elective,111,Home
ADM_03167,P_03426,HOSP_003,DOC_031,DEPT_024,2025-02-15,2025-02-20,5,Emergency,276,Home
ADM_03168,P_00148,HOSP_003,DOC_007,DEPT_024,2024-07-17,2024-07-26,9,Elective,413,home
ADM_03169,P_01952,HOSP_001,DOC_034,DEPT_005,2024-02-01,2024-02-04,3,Elective,206,Home
ADM_03170,P_00220,HOSP_003,DOC_031,DEPT_024,2024-12-08,2024-12-12,4,Emergency,200,Home
ADM_03171,P_00884,HOSP_001,DOC_020,DEPT_008,2025-02-26,03/01/2025,3,Elective,206,Home
ADM_03172,P_01968,HOSP_001,DOC_020,DEPT_008,04/28/2024,2024-04-30,2,Emergency,393,Deceased
ADM_03173,P_02934,HOSP_002,DOC_012,DEPT_014,2025-01-23,2025-01-25,2,Elective,,Home
ADM_03174,P_02262,HOSP_003,DOC_001,DEPT_023,2024-02-16,2024-02-20,4,Elective,427,home
ADM_03175,P_01444,HOSP_004,DOC_040,DEPT_027,2024-11-09,2024-11-14,5,Emergency,189,Home
ADM_03176,P_02345,HOSP_001,DOC_020,DEPT_008,2024-08-03,2024-08-05,2,Urgent,134,Home
ADM_03177,P_00439,HOSP_001,DOC_035,DEPT_003,2024-03-20,2024-03-24,4,Elective,563,Deceased
ADM_03178,P_00387,HOSP_001,DOC_017,DEPT_008,08/10/2024,2024-08-13,3,Urgent,149,Home
ADM_03179,P_00337,HOSP_003,DOC_010,DEPT_021,2024-01-15,2024-01-19,4,Urgent,388,Transferred
ADM_03180,P_03070,HOSP_001,DOC_004,DEPT_005,2024-07-07,2024-07-13,6,Elective,321,Home
ADM_03181,P_02648,HOSP_004,DOC_038,DEPT_031,05/09/2024,2024-05-14,5,Emergency,574,Home
ADM_03182,P_01189,HOSP_004,DOC_013,DEPT_026,2024-10-12,2024-10-15,3,Elective,282,Home
ADM_03183,P_02769,HOSP_005,DOC_019,DEPT_039,2025-03-29,2025-04-05,7,Emergency,297,Home
ADM_03184,P_02769,HOSP_005,DOC_019,DEPT_039,2025-05-01,2025-05-08,7,Emergency,345,Home
ADM_03185,P_00989,HOSP_001,DOC_020,DEPT_008,2024-11-17,2024-11-22,5,Elective,127,Transferred
ADM_03186,P_03012,HOSP_002,DOC_016,DEPT_009,2024-01-05,2024-01-07,2,Urgent,547,Home
ADM_03187,P_01838,HOSP_003,DOC_031,DEPT_024,2025-02-08,2025-02-15,7,Emergency,332,Transferred
ADM_03188,P_01838,HOSP_003,DOC_031,DEPT_024,2025-03-16,2025-03-24,8,Emergency,138,Home
ADM_03189,P_01643,HOSP_003,DOC_011,DEPT_021,2024-07-02,2024-07-08,6,Emergency,280,Transferred
ADM_03190,P_00811,HOSP_003,DOC_011,DEPT_021,2024-08-05,2024-08-09,4,Emergency,242,Home
ADM_03191,P_03449,HOSP_001,DOC_020,DEPT_008,2024-12-11,2024-12-15,4,Elective,453,Home
ADM_03192,P_01909,HOSP_003,DOC_010,DEPT_021,2024-07-21,2024-07-31,10,Urgent,490,Home
ADM_03193,P_02898,HOSP_002,DOC_032,DEPT_016,2024-10-28,2024-10-31,3,URGENT,550,Home
ADM_03194,P_02333,HOSP_005,DOC_018,DEPT_039,2025-03-16,2025-03-18,2,Elective,537,Transferred
ADM_03195,P_02157,HOSP_001,DOC_028,DEPT_005,2024-08-14,2024-08-19,5,Emergency,231,Home
ADM_03196,P_02157,HOSP_001,DOC_028,DEPT_005,2024-09-08,2024-09-14,6,Emergency,296,Home
ADM_03197,P_02526,HOSP_003,DOC_006,DEPT_018,2024-01-27,2024-02-04,8,Emergency,460,Home
ADM_03198,P_03213,HOSP_003,DOC_011,DEPT_021,2024-11-01,2024-11-05,4,Emergency,,Home
ADM_03199,P_01561,HOSP_003,DOC_021,DEPT_019,2024-04-03,2024-04-09,6,Urgent,480,Home
ADM_03200,P_01561,HOSP_003,DOC_021,DEPT_019,2024-04-19,2024-05-01,12,Emergency,138,Home
ADM_03201,P_02727,HOSP_001,DOC_033,DEPT_002,2024-01-26,2024-01-31,5,Emergency,235,Home
ADM_03202,P_02727,HOSP_001,DOC_033,DEPT_002,2024-02-03,2024-02-07,4,Emergency,335,Home
ADM_03203,P_03301,HOSP_003,DOC_007,DEPT_024,2024-10-17,2024-10-19,2,Emergency,511,Home
ADM_03204,P_01147,HOSP_002,DOC_016,DEPT_009,2025-02-06,2025-02-11,5,Elective,574,Home
ADM_03205,P_01147,HOSP_002,DOC_016,DEPT_009,2025-02-25,2025-03-02,5,Emergency,324,Home
ADM_03206,P_02168,HOSP_003,DOC_007,DEPT_024,2024-05-29,2024-06-03,5,Elective,283,Home
ADM_03207,P_02168,HOSP_003,DOC_007,DEPT_024,2024-06-08,2024-06-14,6,Emergency,398,Home
ADM_03208,P_00859,HOSP_003,DOC_024,DEPT_024,2024-04-17,2024-04-19,2,Urgent,115,Home
ADM_03209,P_02947,HOSP_003,DOC_021,DEPT_019,2024-09-18,2024-09-22,4,Emergency,531,Home
ADM_03210,P_00923,HOSP_003,DOC_006,DEPT_018,2025-02-20,2025-02-22,2,Emergency,123,Home
ADM_03211,P_02966,HOSP_001,DOC_005,DEPT_006,2024-12-06,2024-12-09,3,Elective,197,Home
ADM_03212,P_00378,HOSP_005,DOC_029,DEPT_036,2024-07-03,2024-07-10,7,Emergency,355,Home
ADM_03213,P_00956,HOSP_003,DOC_001,DEPT_023,2024-04-04,2024-04-09,5,Urgent,458,Home
ADM_03214,P_03482,HOSP_005,DOC_029,DEPT_036,2024-04-19,2024-04-25,6,Elective,404,Home
ADM_03215,P_03482,HOSP_005,DOC_029,DEPT_036,2024-05-18,2024-05-25,7,Emergency,437,Home
ADM_03216,P_00182,HOSP_003,DOC_006,DEPT_018,2025-03-06,2025-03-10,4,Urgent,438,Home
ADM_03217,P_01186,HOSP_005,DOC_037,DEPT_035,2024-03-28,2024-04-02,5,Emergency,509,Home
ADM_03218,P_02260,HOSP_004,DOC_040,DEPT_027,2025-03-12,2025-03-14,2,Emergency,586,Transferred
ADM_03219,P_02974,HOSP_001,DOC_017,DEPT_008,2024-01-08,2024-01-14,6,Urgent,206,Home
ADM_03220,P_02974,HOSP_001,DOC_017,DEPT_008,2024-01-27,2024-01-31,4,Emergency,238,Home
ADM_03221,P_03468,HOSP_004,DOC_038,DEPT_031,2024-08-06,2024-08-12,6,Urgent,568,Home
ADM_03222,P_02664,HOSP_003,DOC_021,DEPT_019,2025-03-13,2025-03-17,4,Emergency,227,  Hospice  
ADM_03223,P_01399,HOSP_001,DOC_035,DEPT_003,2025-01-04,2025-01-06,2,Emergency,341,Home
ADM_03224,P_00342,HOSP_001,DOC_005,DEPT_006,2025-02-28,2025-03-03,3,Elective,502,Transferred
ADM_03225,P_00134,HOSP_001,DOC_020,DEPT_008,2024-06-22,2024-06-28,6,Emergency,482,Rehabilitation
ADM_03226,P_00993,HOSP_001,DOC_005,DEPT_006,2024-12-28,2025-01-09,12,Emergency,412,Rehabilitation
ADM_03227,P_03329,HOSP_005,DOC_027,DEPT_037,2024-01-30,02/03/2024,4,Urgent,307,Home
ADM_03228,P_02460,HOSP_004,DOC_013,DEPT_026,2025-02-13,2025-02-24,11,Urgent,507,Transferred
ADM_03229,P_03100,HOSP_002,DOC_032,DEPT_016,2024-09-05,2024-09-07,2,Elective,533,Home
ADM_03230,P_01341,HOSP_001,DOC_017,DEPT_008,2025-04-12,2025-04-16,4,Elective,292,Rehabilitation
ADM_03231,P_01341,HOSP_001,DOC_017,DEPT_008,2025-05-04,2025-05-10,6,Emergency,279,Home
ADM_03232,P_00034,HOSP_005,DOC_018,DEPT_039,2024-03-27,2024-04-02,6,Emergency,233,Home
ADM_03233,P_01585,HOSP_004,DOC_038,DEPT_031,2025-03-24,2025-03-27,3,Emergency,356,Home
ADM_03234,P_01700,HOSP_001,DOC_008,DEPT_005,2025-02-03,2025-02-08,5,Elective,,Home
ADM_03235,P_01700,HOSP_001,DOC_008,DEPT_005,2025-02-14,2025-02-19,5,Emergency,478,Home
ADM_03236,P_02123,HOSP_003,DOC_011,DEPT_021,2024-09-12,2024-09-20,8,Elective,159,Home
ADM_03237,P_01230,HOSP_002,DOC_036,DEPT_016,2024-10-12,10/17/2024,5,Urgent,128,Home
ADM_03238,P_01512,HOSP_002,DOC_036,DEPT_016,2024-01-11,2024-01-26,15,Urgent,443,Home
ADM_03239,P_03219,HOSP_001,DOC_022,DEPT_001,2024-06-30,2024-07-04,4,Urgent,187,Home
ADM_03240,P_01645,HOSP_002,DOC_032,DEPT_016,2025-01-12,2025-01-20,8,Elective,266,Transferred
ADM_03241,P_01076,HOSP_005,DOC_018,DEPT_039,2025-01-10,2025-01-19,9,Emergency,563,Rehabilitation
ADM_03242,P_03059,HOSP_004,DOC_009,DEPT_030,2024-11-15,2024-11-16,1,Urgent,174,Home
ADM_03243,P_03067,HOSP_003,DOC_026,DEPT_020,2024-09-09,2024-09-15,6,Elective,375,Home
ADM_03244,P_03067,HOSP_003,DOC_026,DEPT_020,2024-09-29,2024-10-02,3,Emergency,534,Home
ADM_03245,P_00179,HOSP_001,DOC_005,DEPT_006,2024-06-17,2024-06-21,4,Urgent,442,Home
ADM_03246,P_02097,HOSP_005,DOC_027,DEPT_037,2025-01-29,2025-01-31,2,Urgent,229,home
ADM_03247,P_02529,HOSP_005,DOC_029,DEPT_036,2024-01-23,2024-01-31,8,  Emergency  ,310,Home
ADM_03248,P_02973,HOSP_005,DOC_037,DEPT_035,2024-12-06,2024-12-09,3,Elective,547,HOME
ADM_03249,P_00023,HOSP_005,DOC_029,DEPT_036,2025-05-14,2025-05-16,2,Emergency,324,Home
ADM_03250,P_02677,HOSP_003,DOC_001,DEPT_023,2024-01-23,2024-01-28,5,Emergency,235,Home
ADM_03251,P_00901,HOSP_001,DOC_028,DEPT_005,2024-07-03,2024-07-12,9,Elective,577,Home
ADM_03252,P_00901,HOSP_001,DOC_028,DEPT_005,2024-08-07,2024-08-10,3,Emergency,433,Home
ADM_03253,P_03223,HOSP_002,DOC_030,DEPT_014,2024-07-19,2024-07-26,7,Emergency,124,Home
ADM_03254,P_01282,HOSP_001,DOC_017,DEPT_008,2024-03-03,2024-03-04,1,Urgent,265,Transferred
ADM_03255,P_01282,HOSP_001,DOC_017,DEPT_008,04/01/2024,2024-04-13,12,Emergency,353,Home
ADM_03256,P_01772,HOSP_003,DOC_001,DEPT_023,2024-02-11,16-02-2024,5,Elective,278,Rehabilitation
ADM_03257,P_03104,HOSP_001,DOC_008,DEPT_005,2024-12-29,2024-12-31,2,Elective,102,Rehabilitation
ADM_03258,P_01839,HOSP_003,DOC_031,DEPT_024,2024-10-10,10/17/2024,7,Emergency,598,Home
ADM_03259,P_01507,HOSP_003,DOC_024,DEPT_024,2024-08-21,2024-08-24,3,Emergency,319,Home
ADM_03260,P_01980,HOSP_003,DOC_031,DEPT_024,2025-02-13,2025-02-16,3,Emergency,167,Home
ADM_03261,P_02819,HOSP_003,DOC_006,DEPT_018,2024-11-05,2024-11-08,3,Elective,190,Transferred
ADM_03262,P_02267,HOSP_005,DOC_015,DEPT_038,2024-06-02,2024-06-08,6,Elective,205,home
ADM_03263,P_00044,HOSP_004,DOC_038,DEPT_031,2025-02-11,2025-02-14,3,Emergency,331,Home
ADM_03264,P_00724,HOSP_003,DOC_024,DEPT_024,2024-11-14,2024-11-15,1,Elective,316,Home
ADM_03265,P_01900,HOSP_005,DOC_018,DEPT_039,2025-02-05,2025-02-08,3,Elective,,Rehabilitation
ADM_03266,P_02361,HOSP_003,DOC_007,DEPT_024,2024/03/28 00:00:00,2024-04-05,8,Elective,403,Home
ADM_03267,P_02393,HOSP_005,DOC_018,DEPT_039,2025-02-17,2025-02-25,8,Emergency,549,Home
ADM_03268,P_03168,HOSP_003,DOC_026,DEPT_020,2024-10-29,2024-11-01,3,Elective,540,Home
ADM_03269,P_02210,HOSP_005,DOC_002,DEPT_035,2024-02-16,2024-02-19,3,Emergency,275,Transferred
ADM_03270,P_03094,HOSP_003,DOC_026,DEPT_020,2025-02-12,2025-02-15,3,Emergency,312,Home
ADM_03271,P_00394,HOSP_003,DOC_001,DEPT_023,2025-03-16,2025-03-19,3,ELECTIVE,283,Home
ADM_03272,P_00394,HOSP_003,DOC_001,DEPT_023,2025-04-12,2025-04-16,4,Emergency,119,Home
ADM_03273,P_03245,HOSP_001,DOC_005,DEPT_006,2025-03-11,2025-03-16,5,Emergency,467,Home
ADM_03274,P_03245,HOSP_001,DOC_005,DEPT_006,2025-04-08,2025-04-19,11,Emergency,303,Home
ADM_03275,P_02943,HOSP_002,DOC_016,DEPT_009,2024-08-22,2024-08-25,3,Emergency,574,rehabilitation
ADM_03276,P_01381,HOSP_004,DOC_040,DEPT_027,2024-06-29,2024-07-02,3,Urgent,262,Home
ADM_03277,P_00505,HOSP_003,DOC_026,DEPT_020,2024-08-12,2024-08-17,5,Urgent,323,Transferred
ADM_03278,P_02889,HOSP_005,DOC_027,DEPT_037,2024-03-18,2024-03-24,6,urgent,512,Home
ADM_03279,P_01423,HOSP_001,DOC_035,DEPT_003,2025-03-16,03/18/2025,2,Emergency,198,Rehabilitation
ADM_03280,P_01423,HOSP_001,DOC_035,DEPT_003,2025-03-22,2025-04-04,13,Emergency,167,Home
ADM_03281,P_03198,HOSP_003,DOC_024,DEPT_024,2024-05-04,2024-05-08,4,Urgent,349,Home
ADM_03282,P_03198,HOSP_003,DOC_024,DEPT_024,2024-05-15,2024-05-18,3,Emergency,514,Home
ADM_03283,P_00249,HOSP_004,DOC_040,DEPT_027,2024-03-16,2024-03-18,2,Emergency,284,Rehabilitation
ADM_03284,P_00189,HOSP_002,DOC_036,DEPT_016,2025-04-28,2025/04/30 00:00:00,2,URGENT,237,Home
ADM_03285,P_00076,HOSP_004,DOC_040,DEPT_027,2024-08-12,2024-08-20,8,Elective,519,Rehabilitation
ADM_03286,P_00837,HOSP_002,DOC_036,DEPT_016,2024-09-11,2024-09-16,5,Urgent,374,Transferred
ADM_03287,P_02606,HOSP_005,DOC_019,DEPT_039,2025-04-01,2025-04-09,8,EMERGENCY,126,  Home  
ADM_03288,P_02621,HOSP_003,DOC_001,DEPT_023,2024-08-11,2024-08-15,4,Emergency,363,Home
ADM_03289,P_02621,HOSP_003,DOC_001,DEPT_023,2024/08/25 00:00:00,2024-09-04,10,Emergency,536,Home
ADM_03290,P_02915,HOSP_005,DOC_037,DEPT_035,2024-04-28,2024-05-02,4,Urgent,241,Transferred
ADM_03291,P_01764,HOSP_001,DOC_004,DEPT_005,2024-04-25,2024-05-01,6,Elective,432,Home
ADM_03292,P_02927,HOSP_005,DOC_027,DEPT_037,2024-01-01,2024/01/05 00:00:00,4,Elective,536,Home
ADM_03293,P_02576,HOSP_002,DOC_032,DEPT_016,2025-03-30,2025-04-03,4,Emergency,541,Home
ADM_03294,P_01004,HOSP_003,DOC_031,DEPT_024,2024-07-09,2024/07/12 00:00:00,3,Elective,244,home
ADM_03295,P_01004,HOSP_003,DOC_031,DEPT_024,2024-08-03,2024-08-12,9,Emergency,126,Home
ADM_03296,P_02603,HOSP_003,DOC_021,DEPT_019,2025-01-17,2025-01-19,2,Elective,234,Home
ADM_03297,P_01925,HOSP_003,DOC_001,DEPT_023,2024-03-05,2024-03-11,6,Elective,112,Home
ADM_03298,P_00655,HOSP_002,DOC_030,DEPT_014,2024-08-05,2024-08-10,5,emergency,196,Home
ADM_03299,P_00018,HOSP_001,DOC_004,DEPT_005,2024-06-13,2024/06/19 00:00:00,6,URGENT,559,Transferred
ADM_03300,P_03500,HOSP_001,DOC_008,DEPT_005,2025-04-03,2025/04/08 00:00:00,5,Elective,267,Rehabilitation
ADM_03301,P_01346,HOSP_001,DOC_020,DEPT_008,2024-09-03,2024-09-11,8,Emergency,496,Home
ADM_03302,P_00001,HOSP_001,DOC_035,DEPT_003,2024-05-24,2024-05-30,6,Emergency,295,Home
ADM_03303,P_00001,HOSP_001,DOC_035,DEPT_003,2024-06-07,2024-06-14,7,Emergency,,Home
ADM_03304,P_01334,HOSP_003,DOC_001,DEPT_023,2024-08-15,2024-08-16,1,Emergency,194,Home
ADM_03305,P_01334,HOSP_003,DOC_001,DEPT_023,2024-09-10,2024-09-21,11,  Emergency  ,171,Home
ADM_03306,P_02197,HOSP_003,DOC_024,DEPT_024,2024-02-07,2024-02-09,2,EMERGENCY,128,Home
ADM_03307,P_00480,HOSP_004,DOC_013,DEPT_026,2024-06-17,2024-06-19,2,Emergency,147,Home
ADM_03308,P_03281,HOSP_005,DOC_029,DEPT_036,2024-10-10,2024-10-17,7,Elective,496,Home
ADM_03309,P_01416,HOSP_003,DOC_001,DEPT_023,2025/01/03 00:00:00,2025-01-08,5,Emergency,543,Home
ADM_03310,P_02550,HOSP_001,DOC_008,DEPT_005,2025-03-25,2025-03-27,2,Elective,362,Home
ADM_03311,P_00101,HOSP_001,DOC_023,DEPT_007,2025-01-18,2025-01-21,3,Emergency,165,Home
ADM_03312,P_00091,HOSP_003,DOC_001,DEPT_023,2024-09-09,2024-09-17,8,Emergency,240,Rehabilitation
ADM_03313,P_03011,HOSP_003,DOC_024,DEPT_024,2024-02-04,2024-02-09,5,Emergency,568,Home
ADM_03314,P_03432,HOSP_002,DOC_014,DEPT_009,2024-04-20,2024-04-25,5,Urgent,308,Home
ADM_03315,P_02868,HOSP_004,DOC_040,DEPT_027,2024-03-15,2024-03-18,3,Elective,392,  Home  
ADM_03316,P_02392,HOSP_001,DOC_017,DEPT_008,2024-08-17,2024-08-24,7,Emergency,413,Home
ADM_03317,P_00832,HOSP_005,DOC_003,DEPT_036,2024-10-17,2024-10-21,4,Urgent,191,Home
ADM_03318,P_03485,HOSP_002,DOC_014,DEPT_009,2024-11-04,2024-11-10,6,Emergency,287,Hospice
ADM_03319,P_01691,HOSP_004,DOC_013,DEPT_026,2024-07-29,2024-08-01,3,Urgent,176,Home
ADM_03320,P_01236,HOSP_001,DOC_008,DEPT_005,2024-04-14,2024-04-26,12,Elective,252,Home
ADM_03321,P_02522,HOSP_003,DOC_006,DEPT_018,2024-03-11,2024-03-20,9,Elective,516,home
ADM_03322,P_00285,HOSP_005,DOC_037,DEPT_035,2024-04-23,2024-04-28,5,Urgent,247,Home
ADM_03323,P_00777,HOSP_001,DOC_028,DEPT_005,2024-06-01,2024-06-06,5,Emergency,447,Home
ADM_03324,P_02840,HOSP_004,DOC_013,DEPT_026,2024/02/13 00:00:00,2024-02-16,3,Elective,,Rehabilitation
ADM_03325,P_01291,HOSP_001,DOC_039,DEPT_007,2025-05-14,2025-05-20,6,Elective,315,Home
ADM_03326,P_02261,HOSP_001,DOC_008,DEPT_005,2024-07-07,2024-07-08,1,Emergency,263,Home
ADM_03327,P_01203,HOSP_004,DOC_025,DEPT_032,2024-12-25,2025-01-04,10,Emergency,155,Home
ADM_03328,P_02188,HOSP_005,DOC_029,DEPT_036,2024-11-12,2024-11-18,6,Elective,310,Home
ADM_03329,P_03200,HOSP_005,DOC_015,DEPT_038,2024-05-02,2024-05-05,3,Urgent,165,Transferred
ADM_03330,P_00813,HOSP_003,DOC_001,DEPT_023,2024-05-23,2024-06-02,10,Emergency,223,Transferred
ADM_03331,P_03330,HOSP_005,DOC_015,DEPT_038,2024-12-20,2025-01-01,12,Elective,222,Home
ADM_03332,P_03330,HOSP_005,DOC_015,DEPT_038,2025-01-22,2025-01-30,8,Emergency,297,HOME
ADM_03333,P_00017,HOSP_003,DOC_010,DEPT_021,2024-06-15,2024-06-18,3,Emergency,437,Home
ADM_03334,P_00629,HOSP_002,DOC_032,DEPT_016,2024-01-09,2024-01-14,5,Emergency,258,Home
ADM_03335,P_01005,HOSP_001,DOC_035,DEPT_003,2025/04/14 00:00:00,2025-04-20,6,Emergency,363,Home
ADM_03336,P_01242,HOSP_002,DOC_030,DEPT_014,2024-01-21,2024-01-26,5,Urgent,299,Home
ADM_03337,P_01242,HOSP_002,DOC_030,DEPT_014,2024-02-03,2024-02-07,4,Emergency,337,Home
ADM_03338,P_01289,HOSP_003,DOC_031,DEPT_024,2025-01-10,2025-01-16,6,Elective,318,Home
ADM_03339,P_00830,HOSP_005,DOC_027,DEPT_037,2024-09-14,2024-09-22,8,Emergency,348,Home
ADM_03340,P_00793,HOSP_001,DOC_034,DEPT_005,2024-01-30,2024-02-01,2,Urgent,599,Transferred
ADM_03341,P_00825,HOSP_004,DOC_013,DEPT_026,2025-03-28,2025-03-30,2,Urgent,115,Home
ADM_03342,P_00825,HOSP_004,DOC_013,DEPT_026,2025-04-27,2025-05-01,4,Emergency,397,Home
ADM_03343,P_02221,HOSP_003,DOC_011,DEPT_021,2024-05-30,2024-06-03,4,Elective,451,Home
ADM_03344,P_01912,HOSP_003,DOC_024,DEPT_024,2024-02-20,2024-02-27,7,Elective,170,rehabilitation
ADM_03345,P_00428,HOSP_003,DOC_001,DEPT_023,2024-10-15,2024-10-23,8,Elective,507,Home
ADM_03346,P_02688,HOSP_005,DOC_027,DEPT_037,2025-03-05,2025-03-08,3,Emergency,578,Home
ADM_03347,P_02809,HOSP_002,DOC_012,DEPT_014,2024-09-15,2024-09-20,5,Elective,316,Home
ADM_03348,P_02231,HOSP_005,DOC_037,DEPT_035,2024-07-17,2024-07-25,8,Emergency,,Home
ADM_03349,P_01635,HOSP_001,DOC_033,DEPT_002,2024-12-14,2024-12-27,13,Urgent,564,Home
ADM_03350,P_01635,HOSP_001,DOC_033,DEPT_002,2025-01-17,2025-01-24,7,Emergency,124,Home
ADM_03351,P_01277,HOSP_003,DOC_011,DEPT_021,2024-07-08,2024-07-13,5,Emergency,293,Home
ADM_03352,P_01277,HOSP_003,DOC_011,DEPT_021,2024-07-16,2024-07-24,8,Emergency,316,Home
ADM_03353,P_02237,HOSP_001,DOC_005,DEPT_006,2024-12-12,2024-12-16,4,Emergency,423,Home
ADM_03354,P_01170,HOSP_003,DOC_007,DEPT_024,2024-12-06,2024-12-11,5,Elective,409,Transferred
ADM_03355,P_01814,HOSP_003,DOC_001,DEPT_023,2024-04-21,2024-04-22,1,Emergency,371,  Home  
ADM_03356,P_00869,HOSP_001,DOC_017,DEPT_008,2024-10-13,2024-10-16,3,Elective,,Home
ADM_03357,P_03483,HOSP_001,DOC_023,DEPT_007,2025-03-29,2025-04-04,6,Elective,371,Home
ADM_03358,P_02257,HOSP_005,DOC_037,DEPT_035,2024-01-23,2024-01-26,3,URGENT,239,Transferred
ADM_03359,P_02188,HOSP_002,DOC_016,DEPT_009,2024-04-08,2024-04-15,7,Emergency,262,Rehabilitation
ADM_03360,P_02209,HOSP_004,DOC_025,DEPT_032,04/14/2025,2025-04-16,2,Elective,424,Rehabilitation
ADM_03361,P_00555,HOSP_004,DOC_025,DEPT_032,2024-01-31,2024-02-07,7,Emergency,443,Home
ADM_03362,P_02066,HOSP_005,DOC_002,DEPT_035,2024-08-04,2024-08-11,7,Elective,312,Home
ADM_03363,P_01220,HOSP_001,DOC_004,DEPT_005,2024-06-12,2024-06-25,13,Urgent,395,Home
ADM_03364,P_01952,HOSP_001,DOC_020,DEPT_008,2024-04-23,2024-04-27,4,Elective,471,Home
ADM_03365,P_02277,HOSP_003,DOC_001,DEPT_023,2025-03-07,2025-03-12,5,Elective,188,Home
ADM_03366,P_02632,HOSP_001,DOC_022,DEPT_001,2024-12-27,2025-01-06,10,Urgent,154,Home
ADM_03367,P_02632,HOSP_001,DOC_022,DEPT_001,2025-02-01,2025-02-13,12,Emergency,548,Home
ADM_03368,P_02155,HOSP_001,DOC_034,DEPT_005,2024-09-11,09/19/2024,8,Emergency,141,Deceased
ADM_03369,P_01367,HOSP_003,DOC_021,DEPT_019,2024-09-06,2024-09-11,5,Elective,220,Home
ADM_03370,P_01367,HOSP_003,DOC_021,DEPT_019,2024-09-28,2024-10-10,12,Emergency,202,Home
ADM_03371,P_02927,HOSP_001,DOC_005,DEPT_006,2024-05-25,2024-06-09,15,Urgent,,hospice
ADM_03372,P_03444,HOSP_003,DOC_031,DEPT_024,2024-12-08,2024-12-14,6,Emergency,238,Deceased
ADM_03373,P_01969,HOSP_001,DOC_039,DEPT_007,2024-11-04,2024-11-09,5,Emergency,226,Home
ADM_03374,P_00805,HOSP_001,DOC_008,DEPT_005,2024-09-11,2024-09-18,7,Urgent,215,Home
ADM_03375,P_02959,HOSP_005,DOC_003,DEPT_036,2024-06-29,2024-07-04,5,Elective,309,home
ADM_03376,P_02959,HOSP_005,DOC_003,DEPT_036,2024-07-08,2024-07-13,5,Emergency,370,Home
ADM_03377,P_01266,HOSP_003,DOC_001,DEPT_023,2025-04-16,2025-04-23,7,Urgent,466,Home
ADM_03378,P_01643,HOSP_001,DOC_017,DEPT_008,2025-04-04,2025-04-07,3,Emergency,326,Home
ADM_03379,P_01840,HOSP_005,DOC_019,DEPT_039,2024-07-27,2024-08-02,6,Urgent,407,Home
ADM_03380,P_02517,HOSP_002,DOC_032,DEPT_016,2024-09-18,20-09-2024,2,Elective,275,Transferred
ADM_03381,P_02586,HOSP_004,DOC_009,DEPT_030,2024-06-10,2024-06-20,10,Urgent,253,Home
ADM_03382,P_02586,HOSP_004,DOC_009,DEPT_030,2024-07-03,2024-07-07,4,Emergency,387,Home
ADM_03383,P_03229,HOSP_001,DOC_028,DEPT_005,2024-07-24,2024-07-26,2,Elective,393,home
ADM_03384,P_03229,HOSP_001,DOC_028,DEPT_005,2024-08-12,2024-08-24,12,Emergency,182,home
ADM_03385,P_00555,HOSP_005,DOC_027,DEPT_037,2024-08-29,2024-09-08,10,Elective,441,Home
ADM_03386,P_00097,HOSP_003,DOC_007,DEPT_024,2024-06-09,2024-06-14,5,Urgent,216,Home
ADM_03387,P_02117,HOSP_003,DOC_011,DEPT_021,2024-08-12,2024-08-16,4,Elective,385,Rehabilitation
ADM_03388,P_01668,HOSP_001,DOC_035,DEPT_003,2024-09-26,2024-09-30,4,Emergency,169,Home
ADM_03389,P_03418,HOSP_001,DOC_035,DEPT_003,2024-12-07,2024-12-12,5,Elective,170,Home
ADM_03390,P_00636,HOSP_001,DOC_023,DEPT_007,2024-11-27,2024-12-01,4,Urgent,356,Home
ADM_03391,P_03030,HOSP_005,DOC_027,DEPT_037,2024-04-05,2024-04-09,4,Elective,144,Rehabilitation
ADM_03392,P_03030,HOSP_005,DOC_027,DEPT_037,2024-04-23,2024-04-27,4,Emergency,305,Home
ADM_03393,P_01528,HOSP_002,DOC_032,DEPT_016,2024-05-17,2024-05-19,2,Elective,567,Home
ADM_03394,P_01528,HOSP_002,DOC_032,DEPT_016,2024-06-06,2024-06-12,6,Emergency,,Home
ADM_03395,P_00325,HOSP_001,DOC_020,DEPT_008,2025-03-02,2025-03-07,5,Elective,174,Home
ADM_03396,P_01971,HOSP_005,DOC_015,DEPT_038,2024-11-16,2024-11-19,3,  Emergency  ,116,Home
ADM_03397,P_01971,HOSP_005,DOC_015,DEPT_038,2024-11-24,2024-11-29,5,Emergency,176,Home
ADM_03398,P_03367,HOSP_001,DOC_028,DEPT_005,2024-07-30,2024-08-04,5,Urgent,425,Transferred
ADM_03399,P_03392,HOSP_005,DOC_003,DEPT_036,2024-10-26,2024-10-29,3,Elective,409,Home
ADM_03400,P_02321,HOSP_003,DOC_006,DEPT_018,2024-01-04,2024-01-12,8,Emergency,300,Home
ADM_03401,P_01457,HOSP_004,DOC_038,DEPT_031,2025-03-22,2025-03-28,6,Emergency,259,  Home  
ADM_03402,P_02951,HOSP_002,DOC_016,DEPT_009,2024-01-20,2024-01-23,3,Emergency,365,HOME
ADM_03403,P_01101,HOSP_003,DOC_026,DEPT_020,2024-03-07,2024-03-13,6,Elective,472,Transferred
ADM_03404,P_01222,HOSP_003,DOC_011,DEPT_021,2025-02-15,2025-02-18,3,Urgent,261,Rehabilitation
ADM_03405,P_00741,HOSP_004,DOC_009,DEPT_030,2024-06-23,2024-06-30,7,Elective,359,Home
ADM_03406,P_01875,HOSP_004,DOC_013,DEPT_026,2024-01-29,2024-02-01,3,Elective,180,Hospice
ADM_03407,P_01875,HOSP_004,DOC_013,DEPT_026,2024-02-16,2024-02-22,6,Emergency,291,home
ADM_03408,P_03363,HOSP_003,DOC_026,DEPT_020,2024-10-18,2024-10-23,5,Urgent,329,Home
ADM_03409,P_00243,HOSP_001,DOC_035,DEPT_003,2024-12-13,2024-12-23,10,Elective,133,Transferred
ADM_03410,P_00484,HOSP_002,DOC_032,DEPT_016,2024-02-17,2024-02-20,3,Emergency,100,Rehabilitation
ADM_03411,P_02619,HOSP_003,DOC_010,DEPT_021,2024-07-02,2024-07-05,3,Emergency,,Home
ADM_03412,P_00722,HOSP_003,DOC_010,DEPT_021,2024/08/22 00:00:00,2024-08-24,2,Urgent,231,Rehabilitation
ADM_03413,P_01005,HOSP_001,DOC_020,DEPT_008,2025-03-02,2025-03-13,11,elective,443,Home
ADM_03414,P_01696,HOSP_001,DOC_022,DEPT_001,2024-03-12,2024-03-17,5,Urgent,568,Home
ADM_03415,P_01459,HOSP_001,DOC_004,DEPT_005,2025-03-09,2025-03-17,8,Emergency,355,Home
ADM_03416,P_02009,HOSP_001,DOC_017,DEPT_008,2024-02-10,2024-02-13,3,Emergency,180,Home
ADM_03417,P_02083,HOSP_003,DOC_024,DEPT_024,2024-12-24,2024-12-27,3,Elective,467,Home
ADM_03418,P_03435,HOSP_002,DOC_036,DEPT_016,2024-10-02,2024-10-06,4,Elective,406,Home
ADM_03419,P_02619,HOSP_002,DOC_036,DEPT_016,2024-09-09,2024-09-13,4,Urgent,478,home
ADM_03420,P_00768,HOSP_001,DOC_004,DEPT_005,13-05-2024,2024-05-19,6,Elective,551,Home
ADM_03421,P_01324,HOSP_003,DOC_011,DEPT_021,2025-05-07,2025-05-12,5,Elective,501,Home
ADM_03422,P_00675,HOSP_005,DOC_015,DEPT_038,2024-01-26,2024-01-30,4,Urgent,572,Home
ADM_03423,P_01122,HOSP_005,DOC_015,DEPT_038,2024-01-11,2024-01-22,11,Urgent,594,Home
ADM_03424,P_00549,HOSP_001,DOC_039,DEPT_007,06-05-2025,2025-05-09,3,Elective,250,Home
ADM_03425,P_00549,HOSP_001,DOC_039,DEPT_007,2025-05-21,2025-05-25,4,Emergency,216,Home
ADM_03426,P_00934,HOSP_003,DOC_010,DEPT_021,2024-10-30,2024-11-02,3,  Elective  ,333,Home
ADM_03427,P_02152,HOSP_001,DOC_028,DEPT_005,2025-04-30,2025-05-07,7,Urgent,429,Home
ADM_03428,P_02898,HOSP_001,DOC_004,DEPT_005,2024-05-31,2024-06-06,6,Urgent,582,Rehabilitation
ADM_03429,P_02898,HOSP_001,DOC_004,DEPT_005,2024-06-17,2024-06-23,6,Emergency,425,Home
ADM_03430,P_02607,HOSP_003,DOC_026,DEPT_020,2025-01-03,2025-01-06,3,Emergency,176,Home
ADM_03431,P_03233,HOSP_001,DOC_033,DEPT_002,2024-04-18,2024-04-23,5,Elective,388,Home
ADM_03432,P_03257,HOSP_003,DOC_001,DEPT_023,2024-07-28,2024-08-04,7,Elective,437,REHABILITATION
ADM_03433,P_00306,HOSP_005,DOC_002,DEPT_035,2024-01-17,2024-01-27,10,Elective,249,Home
ADM_03434,P_01195,HOSP_002,DOC_012,DEPT_014,2024-11-10,2024-11-13,3,Elective,226,Home
ADM_03435,P_00271,HOSP_004,DOC_025,DEPT_032,2024-11-21,2024-11-25,4,Emergency,357,Home
ADM_03436,P_00519,HOSP_001,DOC_028,DEPT_005,07/01/2024,2024-07-07,6,Elective,340,Hospice
ADM_03437,P_03174,HOSP_001,DOC_004,DEPT_005,2025-05-10,2025-05-14,4,Urgent,245,Transferred
ADM_03438,P_02113,HOSP_004,DOC_038,DEPT_031,2024-02-06,2024-02-08,2,  Emergency  ,340,Home
ADM_03439,P_02310,HOSP_005,DOC_037,DEPT_035,2024-10-17,2024-10-21,4,Emergency,524,Transferred
ADM_03440,P_02166,HOSP_001,DOC_017,DEPT_008,2024-04-27,2024-04-29,2,Emergency,556,Deceased
ADM_03441,P_01552,HOSP_001,DOC_023,DEPT_007,2025-05-07,2025-05-14,7,Emergency,494,Home
ADM_03442,P_00914,HOSP_005,DOC_019,DEPT_039,2024-04-14,2024-04-18,4,Urgent,466,Home
ADM_03443,P_01915,HOSP_005,DOC_002,DEPT_035,2024-09-20,2024-09-24,4,Elective,,Home
ADM_03444,P_00887,HOSP_001,DOC_005,DEPT_006,2025-04-26,2025-04-29,3,Elective,412,Home
ADM_03445,P_02657,HOSP_005,DOC_019,DEPT_039,2024-05-02,2024-05-06,4,Emergency,483,  Home  
ADM_03446,P_01104,HOSP_003,DOC_021,DEPT_019,2024-11-13,2024-11-22,9,Emergency,453,Home
ADM_03447,P_02983,HOSP_001,DOC_008,DEPT_005,2024-03-20,2024-03-28,8,Elective,151,Home
ADM_03448,P_03253,HOSP_001,DOC_005,DEPT_006,2024-04-03,2024-04-05,2,emergency,,Home
ADM_03449,P_02093,HOSP_003,DOC_006,DEPT_018,2024-06-12,2024-06-13,1,Emergency,599,Transferred
ADM_03450,P_02268,HOSP_001,DOC_033,DEPT_002,2024-10-25,2024-10-29,4,Emergency,597,Home
ADM_03451,P_01867,HOSP_001,DOC_004,DEPT_005,2024-09-06,2024-09-10,4,Emergency,327,Transferred
ADM_03452,P_00103,HOSP_004,DOC_040,DEPT_027,2024-07-08,12-07-2024,4,urgent,426,Home
ADM_03453,P_00103,HOSP_004,DOC_040,DEPT_027,2024-07-19,2024-07-24,5,Emergency,297,Home
ADM_03454,P_02740,HOSP_002,DOC_014,DEPT_009,2024-04-04,06-04-2024,2,Emergency,230,Home
ADM_03455,P_03126,HOSP_004,DOC_013,DEPT_026,2024-03-07,2024-03-20,13,Emergency,101,Home
ADM_03456,P_03150,HOSP_002,DOC_032,DEPT_016,2024-11-06,2024-11-17,11,Elective,351,Home
ADM_03457,P_03150,HOSP_002,DOC_032,DEPT_016,2024-12-06,2024-12-11,5,Emergency,418,Home
ADM_03458,P_03241,HOSP_002,DOC_016,DEPT_009,2024-08-13,2024-08-18,5,Elective,,Home
ADM_03459,P_02718,HOSP_001,DOC_022,DEPT_001,2024-03-24,2024-03-31,7,elective,417,Home
ADM_03460,P_02413,HOSP_004,DOC_040,DEPT_027,2024-08-10,2024-08-15,5,Urgent,389,Home
ADM_03461,P_03321,HOSP_001,DOC_034,DEPT_005,2024-06-02,2024-06-05,3,Emergency,543,Home
ADM_03462,P_02781,HOSP_004,DOC_038,DEPT_031,2024-10-06,2024-10-08,2,Elective,568,Deceased
ADM_03463,P_01485,HOSP_005,DOC_029,DEPT_036,2025-05-13,2025-05-18,5,Elective,369,Home
ADM_03464,P_01485,HOSP_005,DOC_029,DEPT_036,2025-06-15,2025-06-18,3,Emergency,175,Home
ADM_03465,P_03041,HOSP_001,DOC_039,DEPT_007,2024-01-10,2024-01-18,8,Emergency,280,Transferred
ADM_03466,P_03041,HOSP_001,DOC_039,DEPT_007,2024-02-09,2024-02-15,6,Emergency,470,Home
ADM_03467,P_02365,HOSP_003,DOC_021,DEPT_019,2024-03-25,2024-03-31,6,Elective,536,Home
ADM_03468,P_03405,HOSP_002,DOC_032,DEPT_016,05/05/2025,2025-05-09,4,Emergency,476,Home
ADM_03469,P_00918,HOSP_004,DOC_013,DEPT_026,2025-05-07,2025-05-14,7,Emergency,328,Hospice
ADM_03470,P_02352,HOSP_005,DOC_015,DEPT_038,2024-02-06,2024-02-09,3,ELECTIVE,252,Home
ADM_03471,P_03348,HOSP_002,DOC_032,DEPT_016,2024-06-17,2024-06-22,5,URGENT,415,Rehabilitation
ADM_03472,P_03070,HOSP_003,DOC_007,DEPT_024,2025-03-15,2025-03-19,4,Elective,125,Home
ADM_03473,P_03070,HOSP_003,DOC_007,DEPT_024,2025-04-16,2025-04-22,6,Emergency,110,Home
ADM_03474,P_03285,HOSP_005,DOC_002,DEPT_035,2025-02-06,2025/02/13 00:00:00,7,Emergency,317,Home
ADM_03475,P_01261,HOSP_004,DOC_040,DEPT_027,2025-01-29,2025-02-01,3,Elective,520,Rehabilitation
ADM_03476,P_01261,HOSP_004,DOC_040,DEPT_027,2025-02-28,2025-03-07,7,Emergency,544,Home
ADM_03477,P_01901,HOSP_001,DOC_004,DEPT_005,2025-01-28,2025-02-06,9,Emergency,164,Home
ADM_03478,P_01334,HOSP_005,DOC_015,DEPT_038,2024-09-19,2024-09-26,7,Urgent,432,Home
ADM_03479,P_00792,HOSP_003,DOC_007,DEPT_024,2024-11-10,2024-11-13,3,Elective,,Home
ADM_03480,P_03419,HOSP_004,DOC_025,DEPT_032,2024-11-02,2024-11-08,6,emergency,339,home
ADM_03481,P_02596,HOSP_005,DOC_037,DEPT_035,2025-04-09,2025-04-11,2,Urgent,545,Home
ADM_03482,P_02040,HOSP_005,DOC_019,DEPT_039,2024-12-11,2024-12-19,8,Urgent,195,Home
ADM_03483,P_00734,HOSP_003,DOC_026,DEPT_020,2025-04-11,2025-04-26,15,Elective,262,Home
ADM_03484,P_00797,HOSP_003,DOC_006,DEPT_018,2024-02-09,2024-02-14,5,Elective,442,Home
ADM_03485,P_01066,HOSP_002,DOC_014,DEPT_009,2024-10-02,2024-10-11,9,Elective,113,Transferred
ADM_03486,P_01066,HOSP_002,DOC_014,DEPT_009,2024-10-28,2024-10-31,3,Emergency,408,Home
ADM_03487,P_00790,HOSP_003,DOC_007,DEPT_024,2024-06-07,2024-06-10,3,Urgent,434,Home
ADM_03488,P_02494,HOSP_005,DOC_018,DEPT_039,2025-02-18,2025-02-22,4,Elective,461,Home
ADM_03489,P_02494,HOSP_005,DOC_018,DEPT_039,2025-03-18,2025-03-24,6,Emergency,238,Home
ADM_03490,P_01293,HOSP_005,DOC_037,DEPT_035,12-05-2025,2025-05-17,5,Urgent,296,Transferred
ADM_03491,P_01293,HOSP_005,DOC_037,DEPT_035,2025-05-28,2025-06-01,4,Emergency,442,Home
ADM_03492,P_00830,HOSP_002,DOC_036,DEPT_016,2024-05-22,2024-05-27,5,Emergency,577,Home
ADM_03493,P_02936,HOSP_003,DOC_010,DEPT_021,2025-01-27,2025-02-03,7,Elective,138,Rehabilitation
ADM_03494,P_03457,HOSP_001,DOC_023,DEPT_007,2024-08-18,2024-08-24,6,Urgent,425,Home
ADM_03495,P_01696,HOSP_001,DOC_034,DEPT_005,2024-06-18,2024-06-22,4,Emergency,264,Home
ADM_03496,P_02761,HOSP_001,DOC_008,DEPT_005,2025-04-03,2025-04-10,7,ELECTIVE,430,Home
ADM_03497,P_00486,HOSP_005,DOC_002,DEPT_035,2025-04-25,2025-04-29,4,Emergency,322,Home
ADM_03498,P_01856,HOSP_004,DOC_009,DEPT_030,2024-01-10,2024-01-15,5,Elective,240,Home
ADM_03499,P_01138,HOSP_003,DOC_024,DEPT_024,2024-07-31,2024-08-07,7,Emergency,417,Rehabilitation
ADM_03500,P_01138,HOSP_003,DOC_024,DEPT_024,2024-08-22,2024-08-28,6,Emergency,,Home
ADM_03501,P_01881,HOSP_004,DOC_025,DEPT_032,2025-02-11,2025-02-13,2,Emergency,270,Home
ADM_03502,P_00224,HOSP_005,DOC_018,DEPT_039,2024-04-30,2024-05-05,5,Emergency,141,Home
ADM_03503,P_00005,HOSP_002,DOC_012,DEPT_014,2024-07-19,2024-07-26,7,Elective,293,Home
ADM_03504,P_02845,HOSP_001,DOC_020,DEPT_008,2024-08-24,2024-09-01,8,Emergency,533,Transferred
ADM_03505,P_03153,HOSP_003,DOC_026,DEPT_020,2024-07-04,2024-07-06,2,Elective,471,Rehabilitation
ADM_03506,P_03153,HOSP_003,DOC_026,DEPT_020,2024-07-29,2024-08-07,9,Emergency,344,Home
ADM_03507,P_01965,HOSP_001,DOC_020,DEPT_008,2024-02-12,2024-02-16,4,Elective,321,Home
ADM_03508,P_01965,HOSP_001,DOC_020,DEPT_008,2024-03-09,2024-03-21,12,Emergency,110,Home
ADM_03509,P_03246,HOSP_003,DOC_010,DEPT_021,03-05-2024,2024-05-05,2,Emergency,252,HOME
ADM_03510,P_01746,HOSP_002,DOC_012,DEPT_014,2024-03-01,2024-03-07,6,Emergency,111,Home
ADM_03511,P_01713,HOSP_003,DOC_007,DEPT_024,2025-03-04,2025-03-08,4,Emergency,212,Transferred
ADM_03512,P_03481,HOSP_002,DOC_030,DEPT_014,2024-04-22,04/25/2024,3,Urgent,264,Transferred
ADM_03513,P_00835,HOSP_005,DOC_019,DEPT_039,2024-03-25,2024-04-01,7,Elective,351,Home
ADM_03514,P_00288,HOSP_005,DOC_027,DEPT_037,2024-03-17,2024-03-25,8,Elective,394,Home
ADM_03515,P_01548,HOSP_001,DOC_008,DEPT_005,2024-06-29,2024-06-30,1,Urgent,539,Home
ADM_03516,P_03450,HOSP_001,DOC_004,DEPT_005,2024-08-09,2024-08-16,7,EMERGENCY,127,Home
ADM_03517,P_00903,HOSP_001,DOC_028,DEPT_005,2025-03-09,2025-03-13,4,Urgent,395,Home
ADM_03518,P_00903,HOSP_001,DOC_028,DEPT_005,2025-03-19,2025-03-25,6,Emergency,161,Home
ADM_03519,P_01885,HOSP_005,DOC_037,DEPT_035,2024-11-23,2024-11-25,2,Urgent,411,Home
ADM_03520,P_01765,HOSP_004,DOC_013,DEPT_026,2024-02-23,2024-02-29,6,Elective,311,Hospice
ADM_03521,P_01816,HOSP_005,DOC_003,DEPT_036,2024-10-17,2024-10-30,13,Urgent,124,Home
ADM_03522,P_02251,HOSP_002,DOC_030,DEPT_014,2024-05-18,2024-05-21,3,Elective,541,  Transferred  
ADM_03523,P_02251,HOSP_002,DOC_030,DEPT_014,2024-06-12,2024-06-23,11,Emergency,541,Home
ADM_03524,P_02095,HOSP_005,DOC_015,DEPT_038,2024-01-10,2024-01-14,4,Elective,377,  Transferred  
ADM_03525,P_02118,HOSP_001,DOC_020,DEPT_008,2024-12-30,2025-01-02,3,Elective,376,Transferred
ADM_03526,P_02083,HOSP_001,DOC_033,DEPT_002,2024-03-19,2024-03-21,2,Emergency,278,Home
ADM_03527,P_02547,HOSP_003,DOC_026,DEPT_020,2024-09-28,2024-10-07,9,Elective,320,Home
ADM_03528,P_00725,HOSP_005,DOC_029,DEPT_036,2024-05-09,2024-05-14,5,Urgent,456,Home
ADM_03529,P_00960,HOSP_003,DOC_001,DEPT_023,2025-03-22,2025-03-26,4,elective,465,Home
ADM_03530,P_01804,HOSP_001,DOC_005,DEPT_006,2025-04-05,2025-04-09,4,Emergency,270,Home
ADM_03531,P_01804,HOSP_001,DOC_005,DEPT_006,2025-04-23,2025-05-02,9,Emergency,108,Home
ADM_03532,P_00474,HOSP_004,DOC_013,DEPT_026,2025-03-12,2025-03-16,4,Elective,296,Rehabilitation
ADM_03533,P_01853,HOSP_003,DOC_010,DEPT_021,2025-01-07,2025-01-10,3,Elective,267,Home
ADM_03534,P_01565,HOSP_005,DOC_029,DEPT_036,2025-01-26,2025-01-30,4,Elective,241,Hospice
ADM_03535,P_00073,HOSP_001,DOC_035,DEPT_003,2024-03-22,2024-03-26,4,Urgent,250,Home
ADM_03536,P_03082,HOSP_003,DOC_026,DEPT_020,2024-06-06,2024-06-10,4,Urgent,526,HOME
ADM_03537,P_03260,HOSP_001,DOC_008,DEPT_005,2024-11-24,2024-11-28,4,Emergency,505,Home
ADM_03538,P_03260,HOSP_001,DOC_008,DEPT_005,2024-12-19,2024-12-30,11,Emergency,242,Home
ADM_03539,P_02745,HOSP_003,DOC_011,DEPT_021,2024-12-05,2024-12-21,16,Urgent,154,Home
ADM_03540,P_01531,HOSP_005,DOC_037,DEPT_035,2024-07-28,2024-07-30,2,Elective,375,Home
ADM_03541,P_00352,HOSP_005,DOC_015,DEPT_038,2024-03-01,2024-03-02,1,Urgent,132,Transferred
ADM_03542,P_01494,HOSP_003,DOC_007,DEPT_024,2024-09-19,2024-09-23,4,Elective,295,Home
ADM_03543,P_03291,HOSP_005,DOC_002,DEPT_035,2024-01-14,2024-01-15,1,  Emergency  ,124,Home
ADM_03544,P_01245,HOSP_001,DOC_028,DEPT_005,2025-01-10,2025-01-12,2,Emergency,130,Home
ADM_03545,P_03154,HOSP_001,DOC_023,DEPT_007,2024-12-15,2024-12-18,3,Urgent,150,Home
ADM_03546,P_03154,HOSP_001,DOC_023,DEPT_007,2024-12-28,2025-01-06,9,Emergency,415,home
ADM_03547,P_01045,HOSP_003,DOC_010,DEPT_021,2024-09-10,2024-09-14,4,Elective,543,Rehabilitation
ADM_03548,P_02881,HOSP_001,DOC_005,DEPT_006,2024-11-14,2024-11-15,1,Urgent,504,Home
ADM_03549,P_02444,HOSP_001,DOC_004,DEPT_005,2024-01-11,2024-01-15,4,  Elective  ,318,Transferred
ADM_03550,P_02778,HOSP_001,DOC_004,DEPT_005,2024-11-23,2024-11-27,4,Emergency,137,Rehabilitation
ADM_03551,P_03411,HOSP_005,DOC_019,DEPT_039,2024-06-06,2024-06-10,4,Urgent,427,home
ADM_03552,P_03411,HOSP_005,DOC_019,DEPT_039,2024-07-06,2024-07-16,10,Emergency,299,Home
ADM_03553,P_00394,HOSP_003,DOC_007,DEPT_024,2024-09-01,2024-09-08,7,Elective,527,Home
ADM_03554,P_00394,HOSP_003,DOC_007,DEPT_024,2024-09-16,2024-09-22,6,Emergency,596,Home
ADM_03555,P_00009,HOSP_005,DOC_027,DEPT_037,2025-03-30,2025-04-11,12,Urgent,596,Home
ADM_03556,P_00123,HOSP_001,DOC_022,DEPT_001,2025-01-14,2025-01-17,3,Elective,383,HOSPICE
ADM_03557,P_00630,HOSP_005,DOC_018,DEPT_039,12/13/2024,2024-12-17,4,Emergency,345,Home
ADM_03558,P_01985,HOSP_004,DOC_038,DEPT_031,2025-05-14,2025-05-18,4,Elective,190,Home
ADM_03559,P_01985,HOSP_004,DOC_038,DEPT_031,2025-05-21,2025-05-24,3,Emergency,117,Home
ADM_03560,P_00945,HOSP_001,DOC_004,DEPT_005,2024-04-11,04/15/2024,4,Emergency,502,Home
ADM_03561,P_00945,HOSP_001,DOC_004,DEPT_005,2024-05-01,2024-05-03,2,Emergency,147,Home
ADM_03562,P_01833,HOSP_001,DOC_023,DEPT_007,2024-10-28,2024-10-31,3,Elective,495,Home
ADM_03563,P_00624,HOSP_001,DOC_020,DEPT_008,2024-11-08,2024-11-13,5,Emergency,314,Rehabilitation
ADM_03564,P_01082,HOSP_003,DOC_007,DEPT_024,2024-11-08,2024-11-10,2,Emergency,277,Hospice
ADM_03565,P_02073,HOSP_002,DOC_014,DEPT_009,2024-04-02,2024-04-07,5,Urgent,393,Home
ADM_03566,P_00156,HOSP_003,DOC_006,DEPT_018,2024-01-06,2024-01-09,3,Emergency,306,Transferred
ADM_03567,P_00952,HOSP_002,DOC_014,DEPT_009,2024-05-14,2024-05-18,4,Urgent,174,transferred
ADM_03568,P_01815,HOSP_002,DOC_032,DEPT_016,2024-12-23,2024-12-29,6,Elective,267,Home
ADM_03569,P_02365,HOSP_001,DOC_020,DEPT_008,2025-03-11,2025-03-15,4,Elective,188,Home
ADM_03570,P_02365,HOSP_001,DOC_020,DEPT_008,2025-04-08,2025-04-15,7,Emergency,480,Home
ADM_03571,P_01477,HOSP_003,DOC_024,DEPT_024,2024-05-15,2024/05/21 00:00:00,6,  Emergency  ,375,Home
ADM_03572,P_00375,HOSP_002,DOC_016,DEPT_009,2024-09-24,2024-09-28,4,  Elective  ,260,  Home  
ADM_03573,P_02655,HOSP_001,DOC_022,DEPT_001,2024-09-01,2024-09-06,5,emergency,,Home
ADM_03574,P_02754,HOSP_003,DOC_024,DEPT_024,2025-03-21,2025-03-24,3,Urgent,379,Home
ADM_03575,P_01485,HOSP_003,DOC_024,DEPT_024,02/16/2025,2025-02-22,6,URGENT,578,Home
ADM_03576,P_01485,HOSP_003,DOC_024,DEPT_024,2025-03-08,2025-03-13,5,Emergency,107,Home
ADM_03577,P_02066,HOSP_002,DOC_014,DEPT_009,2024-11-08,2024-11-17,9,  Elective  ,263,Home
ADM_03578,P_00684,HOSP_003,DOC_021,DEPT_019,2024-03-17,2024-03-22,5,Elective,175,Home
ADM_03579,P_01142,HOSP_002,DOC_016,DEPT_009,2024-05-08,2024-05-11,3,Elective,204,Home
ADM_03580,P_02331,HOSP_001,DOC_023,DEPT_007,2025-02-12,2025-02-18,6,Elective,553,Transferred
ADM_03581,P_01772,HOSP_003,DOC_021,DEPT_019,2025-04-27,2025-05-06,-9,Emergency,351,Home
ADM_03582,P_00809,HOSP_005,DOC_015,DEPT_038,2024-07-10,2024/07/13 00:00:00,3,Emergency,232,Home
ADM_03583,P_02830,HOSP_003,DOC_021,DEPT_019,2025-01-29,2025-02-01,3,emergency,557,HOME
ADM_03584,P_01249,HOSP_001,DOC_034,DEPT_005,2024-03-28,2024-03-29,1,Elective,343,Home
ADM_03585,P_02781,HOSP_001,DOC_035,DEPT_003,2024-03-22,2024-03-27,5,Elective,476,Home
ADM_03586,P_01423,HOSP_001,DOC_034,DEPT_005,2024-08-13,2024-08-17,4,Elective,544,Home
ADM_03587,P_01851,HOSP_005,DOC_002,DEPT_035,2025-01-27,2025-02-02,6,Emergency,422,Transferred
ADM_03588,P_02621,HOSP_003,DOC_024,DEPT_024,2025-03-20,2025-03-26,6,Elective,211,Home
ADM_03589,P_02621,HOSP_003,DOC_024,DEPT_024,2025-04-14,2025-04-17,3,emergency,130,Home
ADM_03590,P_01505,HOSP_001,DOC_023,DEPT_007,2024-10-02,2024-10-09,7,Emergency,314,  Home  
ADM_03591,P_00589,HOSP_004,DOC_013,DEPT_026,2025-04-24,2025-04-27,3,Elective,309,Home
ADM_03592,P_01885,HOSP_003,DOC_024,DEPT_024,2025-03-10,2025-03-13,3,Emergency,201,UNKNOWN_VAL
ADM_03593,P_03483,HOSP_004,DOC_009,DEPT_030,2024-11-21,2024-11-26,5,Urgent,497,  Home  
ADM_03594,P_03483,HOSP_004,DOC_009,DEPT_030,2024-12-08,2024-12-11,3,Emergency,492,Home
ADM_03595,P_00391,HOSP_005,DOC_019,DEPT_039,2025-04-24,2025-04-27,3,Urgent,272,Home
ADM_03596,P_03102,HOSP_004,DOC_025,DEPT_032,2025-03-11,2025-03-13,2,Elective,445,Home
ADM_03597,P_01727,HOSP_002,DOC_014,DEPT_009,2025-01-11,2025-01-18,7,Elective,325,Home
ADM_03598,P_02408,HOSP_001,DOC_035,DEPT_003,2024-08-29,2024-09-02,4,EMERGENCY,514,Home
ADM_03599,P_03479,HOSP_001,DOC_022,DEPT_001,2024-05-07,09-05-2024,2,elective,398,Home
ADM_03600,P_03479,HOSP_001,DOC_022,DEPT_001,2024-05-14,2024-05-17,3,Emergency,508,Home
ADM_03601,P_00721,HOSP_003,DOC_010,DEPT_021,2024-12-01,2024-12-08,7,Elective,437,Home
ADM_03602,P_02506,HOSP_004,DOC_025,DEPT_032,2025-02-14,2025-02-17,3,Urgent,482,Home
ADM_03603,P_01490,HOSP_004,DOC_013,DEPT_026,2025-01-23,2025-01-26,3,Elective,299,Transferred
ADM_03604,P_01106,HOSP_005,DOC_019,DEPT_039,2024-06-19,2024-06-24,5,Emergency,574,Home
ADM_03605,P_01571,HOSP_003,DOC_010,DEPT_021,2025-04-25,2025-04-29,4,Emergency,593,Home
ADM_03606,P_00842,HOSP_005,DOC_018,DEPT_039,2025-01-30,2025-01-31,1,Emergency,237,Home
ADM_03607,P_00539,HOSP_004,DOC_038,DEPT_031,2024-10-16,2024-10-22,6,  Elective  ,207,Home
ADM_03608,P_02121,HOSP_001,DOC_004,DEPT_005,08/17/2024,2024-08-21,4,Emergency,582,Home
ADM_03609,P_01541,HOSP_005,DOC_003,DEPT_036,2025-04-13,2025-04-18,5,Elective,508,Home
ADM_03610,P_02479,HOSP_001,DOC_039,DEPT_007,2024-05-14,2024-05-20,6,Emergency,296,Home
ADM_03611,P_02168,HOSP_004,DOC_013,DEPT_026,2024-09-22,2024-09-23,1,Elective,136,home
ADM_03612,P_02168,HOSP_004,DOC_013,DEPT_026,2024-10-14,2024-10-23,9,Emergency,364,Home
ADM_03613,P_02993,HOSP_004,DOC_025,DEPT_032,2024-01-08,2024-01-22,14,Emergency,359,Home
ADM_03614,P_01529,HOSP_002,DOC_032,DEPT_016,2025-02-11,2025-02-17,6,elective,225,Transferred
ADM_03615,P_01529,HOSP_002,DOC_032,DEPT_016,2025-02-26,2025-03-10,12,Emergency,424,Home
ADM_03616,P_00052,HOSP_003,DOC_024,DEPT_024,2024-07-11,2024-07-18,7,Elective,433,Home
ADM_03617,P_03095,HOSP_005,DOC_027,DEPT_037,2025-04-12,2025-04-18,6,Emergency,451,Home
ADM_03618,P_03095,HOSP_005,DOC_027,DEPT_037,2025-05-10,2025-05-20,10,Emergency,253,Home
ADM_03619,P_00301,HOSP_004,DOC_009,DEPT_030,2024-04-19,27-04-2024,8,Emergency,379,  Home  
ADM_03620,P_02517,HOSP_004,DOC_038,DEPT_031,2024-12-11,2024-12-19,8,Elective,594,Home
ADM_03621,P_02247,HOSP_001,DOC_033,DEPT_002,2025-01-23,2025-01-25,2,Elective,490,Rehabilitation
ADM_03622,P_00128,HOSP_001,DOC_034,DEPT_005,2024-02-05,2024-02-13,8,Emergency,335,Rehabilitation
ADM_03623,P_00408,HOSP_005,DOC_019,DEPT_039,2024-11-01,2024-11-05,4,Elective,204,Rehabilitation
ADM_03624,P_02884,HOSP_003,DOC_026,DEPT_020,2024-01-14,2024-01-22,8,Emergency,361,Hospice
ADM_03625,P_00121,HOSP_001,DOC_033,DEPT_002,2024-11-28,2024-12-04,6,Emergency,358,Home
ADM_03626,P_01173,HOSP_001,DOC_017,DEPT_008,2025-02-04,2025-02-06,2,Elective,526,Home
ADM_03627,P_01999,HOSP_004,DOC_009,DEPT_030,02/03/2025,2025-02-12,9,Emergency,320,  Home  
ADM_03628,P_03237,HOSP_002,DOC_032,DEPT_016,2024-09-10,2024-09-13,3,Urgent,386,Home
ADM_03629,P_00917,HOSP_001,DOC_005,DEPT_006,2025-01-01,2025-01-05,4,Elective,358,Home
ADM_03630,P_00225,HOSP_001,DOC_020,DEPT_008,2024-04-29,2024-05-09,10,Elective,223,Home
ADM_03631,P_00225,HOSP_001,DOC_020,DEPT_008,2024-05-30,2024-06-06,7,Emergency,340,  Home  
ADM_03632,P_02335,HOSP_002,DOC_032,DEPT_016,2024-06-17,2024-06-21,4,Urgent,466,Home
ADM_03633,P_00724,HOSP_001,DOC_008,DEPT_005,2024-10-11,2024-10-15,4,Emergency,116,Transferred
ADM_03634,P_00724,HOSP_001,DOC_008,DEPT_005,2024-11-03,2024-11-08,5,Emergency,534,Home
ADM_03635,P_03060,HOSP_003,DOC_031,DEPT_024,2024-05-22,2024-05-29,7,Elective,465,Home
ADM_03636,P_02837,HOSP_005,DOC_015,DEPT_038,2024/02/23 00:00:00,2024-02-27,4,  Emergency  ,282,Hospice
ADM_03637,P_02536,HOSP_005,DOC_029,DEPT_036,2024-06-07,2024/06/11 00:00:00,4,Emergency,167,Home
ADM_03638,P_02811,HOSP_002,DOC_014,DEPT_009,2024-02-24,2024-03-01,6,Emergency,158,Home
ADM_03639,P_02811,HOSP_002,DOC_014,DEPT_009,2024-03-28,2024-04-05,8,Emergency,108,Home
ADM_03640,P_01264,HOSP_002,DOC_012,DEPT_014,2024-12-26,2024-12-29,3,Emergency,538,home
ADM_03641,P_01290,HOSP_001,DOC_034,DEPT_005,2024-10-05,2024-10-12,7,Elective,372,Rehabilitation
ADM_03642,P_01301,HOSP_004,DOC_040,DEPT_027,2025-02-19,2025-02-22,3,Emergency,112,Home
ADM_03643,P_01072,HOSP_001,DOC_008,DEPT_005,2024-07-14,2024-07-16,2,Emergency,185,Transferred
ADM_03644,P_01624,HOSP_003,DOC_006,DEPT_018,2024-10-10,2024-10-12,2,Urgent,394,Home
ADM_03645,P_01410,HOSP_005,DOC_015,DEPT_038,2024-02-19,2024-02-23,4,Urgent,560,Home
ADM_03646,P_03382,HOSP_001,DOC_005,DEPT_006,2024-08-23,2024-08-25,2,Elective,487,Transferred
ADM_03647,P_03382,HOSP_001,DOC_005,DEPT_006,2024-09-04,2024-09-08,4,Emergency,303,Home
ADM_03648,P_02611,HOSP_003,DOC_011,DEPT_021,2024-03-20,2024-03-24,4,Emergency,138,Home
ADM_03649,P_00882,HOSP_005,DOC_029,DEPT_036,2025-05-03,2025-05-11,8,Emergency,389,Home
ADM_03650,P_02294,HOSP_003,DOC_006,DEPT_018,2025-03-02,2025-03-06,4,Elective,543,Home
ADM_03651,P_03095,HOSP_005,DOC_018,DEPT_039,2024-07-17,2024-07-19,2,Elective,460,Home
ADM_03652,P_03095,HOSP_005,DOC_018,DEPT_039,2024-08-03,2024-08-09,6,Emergency,118,Home
ADM_03653,P_01907,HOSP_002,DOC_032,DEPT_016,2024-03-14,2024-03-22,8,Urgent,423,UNKNOWN_VAL
ADM_03654,P_03044,HOSP_005,DOC_019,DEPT_039,2024-07-05,2024-07-09,4,Emergency,589,Home
ADM_03655,P_02259,HOSP_003,DOC_001,DEPT_023,2024-08-10,2024-08-19,9,Elective,453,Rehabilitation
ADM_03656,P_02807,HOSP_001,DOC_023,DEPT_007,2024-04-27,2024-05-01,4,Emergency,113,Home
ADM_03657,P_00459,HOSP_003,DOC_026,DEPT_020,2024-12-29,2025-01-04,6,Emergency,598,Home
ADM_03658,P_00280,HOSP_005,DOC_003,DEPT_036,2024-06-08,2024-06-13,5,Urgent,293,Home
ADM_03659,P_00490,HOSP_002,DOC_032,DEPT_016,2024-05-05,2024-05-14,9,Emergency,440,Rehabilitation
ADM_03660,P_00306,HOSP_001,DOC_022,DEPT_001,2024-02-21,2024-03-04,12,Emergency,115,Home
ADM_03661,P_02424,HOSP_003,DOC_026,DEPT_020,2024-08-14,2024-08-17,3,Emergency,578,Transferred
ADM_03662,P_02424,HOSP_003,DOC_026,DEPT_020,2024-09-15,2024-09-22,7,Emergency,505,Home
ADM_03663,P_00614,HOSP_005,DOC_019,DEPT_039,2025-05-14,2025-05-22,8,Emergency,426,Home
ADM_03664,P_03451,HOSP_004,DOC_013,DEPT_026,2024-06-22,2024-06-27,5,Elective,312,Home
ADM_03665,P_03451,HOSP_004,DOC_013,DEPT_026,2024-07-07,2024-07-09,2,Emergency,388,Home
ADM_03666,P_00205,HOSP_005,DOC_015,DEPT_038,2025-02-11,2025-02-15,4,Emergency,364,Home
ADM_03667,P_01483,HOSP_003,DOC_031,DEPT_024,2024-05-22,27-05-2024,5,Emergency,401,Home
ADM_03668,P_01483,HOSP_003,DOC_031,DEPT_024,2024-06-15,2024-06-28,13,Emergency,109,Home
ADM_03669,P_02878,HOSP_003,DOC_001,DEPT_023,2024-01-15,2024-01-20,5,Elective,,Home
ADM_03670,P_00581,HOSP_004,DOC_025,DEPT_032,2024-09-06,2024-09-09,3,Emergency,258,Home
ADM_03671,P_01764,HOSP_001,DOC_034,DEPT_005,2024-05-03,2024-05-08,5,Elective,,HOME
ADM_03672,P_00023,HOSP_005,DOC_002,DEPT_035,2024-04-25,2024-05-04,9,Elective,562,Transferred
ADM_03673,P_01517,HOSP_003,DOC_024,DEPT_024,2024-09-18,2024-09-21,3,ELECTIVE,586,Home
ADM_03674,P_01190,HOSP_004,DOC_025,DEPT_032,2025-03-16,2025-03-19,3,Elective,130,Home
ADM_03675,P_01190,HOSP_004,DOC_025,DEPT_032,2025-03-25,2025-03-29,4,Emergency,490,HOME
ADM_03676,P_02645,HOSP_001,DOC_039,DEPT_007,2024-01-11,2024-01-13,2,Emergency,148,Home
ADM_03677,P_02645,HOSP_001,DOC_039,DEPT_007,2024-01-27,2024-02-02,6,Emergency,153,home
ADM_03678,P_02458,HOSP_001,DOC_034,DEPT_005,2024-10-07,2024-10-11,4,Urgent,480,Home
ADM_03679,P_02458,HOSP_001,DOC_034,DEPT_005,2024-11-02,2024-11-04,2,Emergency,157,Home
ADM_03680,P_03489,HOSP_002,DOC_032,DEPT_016,2025-01-27,2025-01-30,3,Emergency,275,Home
ADM_03681,P_03489,HOSP_002,DOC_032,DEPT_016,2025-02-25,2025-03-04,7,Emergency,396,Home
ADM_03682,P_00662,HOSP_004,DOC_025,DEPT_032,2025-02-21,2025/02/27 00:00:00,6,Urgent,281,Home
ADM_03683,P_03287,HOSP_005,DOC_002,DEPT_035,2024-05-23,2024-05-30,7,Emergency,431,Rehabilitation
ADM_03684,P_03287,HOSP_005,DOC_002,DEPT_035,2024-06-06,2024-06-15,9,Emergency,444,HOME
ADM_03685,P_02611,HOSP_001,DOC_033,DEPT_002,2024-11-17,2024-11-21,4,Urgent,475,Deceased
ADM_03686,P_02475,HOSP_001,DOC_028,DEPT_005,2024-06-26,2024-06-28,2,Emergency,545,Rehabilitation
ADM_03687,P_02607,HOSP_002,DOC_036,DEPT_016,2025-03-01,2025-03-05,4,Elective,589,Home
ADM_03688,P_02607,HOSP_002,DOC_036,DEPT_016,2025-03-12,2025-03-13,1,Emergency,554,Home
ADM_03689,P_00015,HOSP_001,DOC_017,DEPT_008,2025-03-08,2025-03-13,5,Urgent,348,Home
ADM_03690,P_00015,HOSP_001,DOC_017,DEPT_008,2025-03-16,2025/03/20 00:00:00,4,Emergency,524,Home
ADM_03691,P_00932,HOSP_004,DOC_025,DEPT_032,2025-02-04,2025-02-05,1,Elective,349,Home
ADM_03692,P_01543,HOSP_005,DOC_019,DEPT_039,2024-02-15,20-02-2024,5,Emergency,469,Transferred
ADM_03693,P_02912,HOSP_003,DOC_031,DEPT_024,2024-02-28,2024-03-08,9,Elective,,Home
ADM_03694,P_01381,HOSP_002,DOC_014,DEPT_009,2024-02-02,2024-02-04,2,Urgent,288,Home
ADM_03695,P_01455,HOSP_003,DOC_001,DEPT_023,2025-05-05,2025-05-11,6,Elective,174,Home
ADM_03696,P_02573,HOSP_004,DOC_040,DEPT_027,2025-04-04,2025-04-08,4,Emergency,398,Home
ADM_03697,P_01434,HOSP_001,DOC_020,DEPT_008,2024-08-28,2024-08-31,3,EMERGENCY,566,Home
ADM_03698,P_01042,HOSP_004,DOC_009,DEPT_030,2025-02-19,2025-02-22,3,Emergency,230,Home
ADM_03699,P_00833,HOSP_005,DOC_027,DEPT_037,2024-11-18,2024-11-22,4,Emergency,412,Hospice
ADM_03700,P_00102,HOSP_005,DOC_037,DEPT_035,2024-09-23,2024-09-27,4,Urgent,129,Home
ADM_03701,P_02642,HOSP_001,DOC_034,DEPT_005,2024-02-29,2024-03-04,4,Emergency,252,Home
ADM_03702,P_01811,HOSP_005,DOC_003,DEPT_036,2024-03-18,2024/03/21 00:00:00,3,Urgent,325,Home
ADM_03703,P_01211,HOSP_001,DOC_008,DEPT_005,2024-09-08,11-09-2024,3,EMERGENCY,185,Home
ADM_03704,P_00711,HOSP_003,DOC_024,DEPT_024,2024-03-27,2024-04-02,6,Emergency,203,Rehabilitation
ADM_03705,P_00329,HOSP_004,DOC_013,DEPT_026,2024-05-10,2024-05-13,3,Elective,195,HOME
ADM_03706,P_00765,HOSP_001,DOC_035,DEPT_003,2024-01-15,2024-01-20,5,Urgent,574,Home
ADM_03707,P_00284,HOSP_002,DOC_032,DEPT_016,2024-07-08,2024-07-12,4,emergency,298,Home
ADM_03708,P_01014,HOSP_005,DOC_029,DEPT_036,2024-11-10,2024-11-13,3,Emergency,237,Transferred
ADM_03709,P_02272,HOSP_003,DOC_011,DEPT_021,2024-10-10,2024-10-21,11,Emergency,204,Home
ADM_03710,P_02272,HOSP_003,DOC_011,DEPT_021,2024-11-12,2024-11-15,3,Emergency,480,Home
ADM_03711,P_01664,HOSP_004,DOC_040,DEPT_027,2024-11-18,2024-11-28,10,Urgent,569,Home
ADM_03712,P_03127,HOSP_001,DOC_035,DEPT_003,2024-03-24,2024-03-31,7,Urgent,438,Home
ADM_03713,P_01450,HOSP_001,DOC_028,DEPT_005,2025-05-02,2025-05-05,3,Emergency,500,Transferred
ADM_03714,P_03444,HOSP_004,DOC_025,DEPT_032,2024-05-25,2024-06-01,7,Emergency,528,Home
ADM_03715,P_01965,HOSP_004,DOC_025,DEPT_032,2024-05-12,2024-05-13,1,Elective,295,Transferred
ADM_03716,P_01965,HOSP_004,DOC_025,DEPT_032,2024-05-17,2024-05-21,4,Emergency,384,Home
ADM_03717,P_01072,HOSP_001,DOC_023,DEPT_007,2024-01-30,2024-02-02,3,Elective,543,HOME
ADM_03718,P_01253,HOSP_002,DOC_016,DEPT_009,2025-02-10,2025-02-16,6,Urgent,397,Hospice
ADM_03719,P_02314,HOSP_003,DOC_010,DEPT_021,2024-07-01,2024-07-07,6,Elective,397,Home
ADM_03720,P_02372,HOSP_003,DOC_011,DEPT_021,2024-09-20,2024-09-25,5,Emergency,366,Home
ADM_03721,P_01411,HOSP_001,DOC_022,DEPT_001,2025-01-26,2025-01-31,5,Urgent,370,  Home  
ADM_03722,P_02770,HOSP_003,DOC_010,DEPT_021,06/14/2024,2024-06-21,7,Elective,226,Home
ADM_03723,P_00761,HOSP_001,DOC_035,DEPT_003,2025-01-24,2025-01-31,7,Emergency,160,Transferred
ADM_03724,P_02199,HOSP_001,DOC_008,DEPT_005,2025-03-16,2025-03-19,3,Urgent,370,Transferred
ADM_03725,P_00145,HOSP_001,DOC_023,DEPT_007,2024-04-05,08-04-2024,3,Elective,409,home
ADM_03726,P_03160,HOSP_005,DOC_003,DEPT_036,2025-03-11,2025-03-18,7,Urgent,597,Home
ADM_03727,P_03160,HOSP_005,DOC_003,DEPT_036,2025-03-28,2025-04-03,6,EMERGENCY,555,Home
ADM_03728,P_00062,HOSP_001,DOC_035,DEPT_003,04/25/2024,2024-04-30,5,Urgent,561,HOME
ADM_03729,P_02160,HOSP_005,DOC_019,DEPT_039,2024-01-10,2024-01-15,5,Emergency,343,Home
ADM_03730,P_02160,HOSP_005,DOC_019,DEPT_039,2024-01-30,2024-02-01,2,Emergency,403,Home
ADM_03731,P_00583,HOSP_001,DOC_005,DEPT_006,2024-10-24,2024-10-27,3,Urgent,108,Home
ADM_03732,P_01346,HOSP_003,DOC_001,DEPT_023,2025-03-08,2025-03-14,6,Elective,334,HOME
ADM_03733,P_00144,HOSP_001,DOC_039,DEPT_007,2024-06-30,2024-07-03,3,Urgent,,Home
ADM_03734,P_03111,HOSP_001,DOC_020,DEPT_008,2024-06-27,2024-07-01,4,Urgent,535,Home
ADM_03735,P_03111,HOSP_001,DOC_020,DEPT_008,2024-07-07,2024-07-15,8,Emergency,555,Home
ADM_03736,P_01268,HOSP_002,DOC_016,DEPT_009,2024/09/18 00:00:00,2024-09-25,7,Elective,206,Home
ADM_03737,P_02263,HOSP_001,DOC_020,DEPT_008,2024-05-05,2024-05-13,8,Emergency,424,Home
ADM_03738,P_01301,HOSP_003,DOC_024,DEPT_024,2024-07-30,2024-08-07,8,Elective,406,Home
ADM_03739,P_01892,HOSP_004,DOC_040,DEPT_027,2024/03/24 00:00:00,2024-03-28,4,Elective,309,Home
ADM_03740,P_00929,HOSP_003,DOC_011,DEPT_021,2025-01-01,2025-01-05,4,Elective,235,Home
ADM_03741,P_00936,HOSP_002,DOC_032,DEPT_016,2025-01-22,2025-01-24,2,Emergency,424,Home
ADM_03742,P_02523,HOSP_003,DOC_006,DEPT_018,2024-10-19,2024-10-28,9,Elective,309,Home
ADM_03743,P_02523,HOSP_003,DOC_006,DEPT_018,2024-11-10,2024-11-15,5,Emergency,449,Home
ADM_03744,P_03301,HOSP_003,DOC_007,DEPT_024,2025-04-18,2025-04-27,9,Urgent,219,Home
ADM_03745,P_01263,HOSP_004,DOC_013,DEPT_026,2024-01-11,2024-01-16,5,Urgent,433,Home
ADM_03746,P_00616,HOSP_005,DOC_037,DEPT_035,2025-02-03,2025-02-11,8,Elective,455,Home
ADM_03747,P_00616,HOSP_005,DOC_037,DEPT_035,06-03-2025,2025-03-12,6,Emergency,424,Home
ADM_03748,P_03067,HOSP_001,DOC_028,DEPT_005,2024-01-18,2024-01-24,6,Urgent,421,Transferred
ADM_03749,P_03067,HOSP_001,DOC_028,DEPT_005,2024-01-30,2024-02-09,10,Emergency,341,Home
ADM_03750,P_03246,HOSP_003,DOC_001,DEPT_023,2024-03-22,2024-03-25,3,Elective,221,Home
ADM_03751,P_01753,HOSP_002,DOC_016,DEPT_009,2024-08-14,2024-08-22,8,Emergency,336,Home
ADM_03752,P_01753,HOSP_002,DOC_016,DEPT_009,2024-08-26,2024-08-29,3,Emergency,134,Home
ADM_03753,P_00893,HOSP_001,DOC_005,DEPT_006,2024-09-26,2024-10-07,11,Urgent,138,Home
ADM_03754,P_00772,HOSP_001,DOC_023,DEPT_007,2025-03-16,2025-03-21,5,Elective,512,Home
ADM_03755,P_01792,HOSP_002,DOC_036,DEPT_016,2024-03-14,2024-03-17,3,Emergency,479,Home
ADM_03756,P_01176,HOSP_002,DOC_030,DEPT_014,2024-07-14,21-07-2024,7,URGENT,327,Home
ADM_03757,P_00840,HOSP_001,DOC_017,DEPT_008,2024-08-24,2024-08-29,5,Elective,484,Rehabilitation
ADM_03758,P_00938,HOSP_001,DOC_023,DEPT_007,2024-06-08,2024-06-10,2,Emergency,265,Transferred
ADM_03759,P_01430,HOSP_005,DOC_027,DEPT_037,2025-03-21,2025-03-25,4,Emergency,199,Rehabilitation
ADM_03760,P_00264,HOSP_003,DOC_007,DEPT_024,2025-02-02,2025/02/05 00:00:00,3,Emergency,403,Home
ADM_03761,P_00722,HOSP_003,DOC_026,DEPT_020,2024-07-25,2024-07-28,3,Emergency,109,Home
ADM_03762,P_00057,HOSP_001,DOC_035,DEPT_003,2025-03-20,2025-03-23,3,Elective,237,Rehabilitation
ADM_03763,P_00916,HOSP_002,DOC_036,DEPT_016,2024-04-09,2024-04-15,6,Emergency,441,Home
ADM_03764,P_00916,HOSP_002,DOC_036,DEPT_016,2024-05-04,2024-05-14,10,emergency,476,Home
ADM_03765,P_00427,HOSP_003,DOC_026,DEPT_020,2024-07-10,2024-07-13,3,Urgent,371,  Home  
ADM_03766,P_00194,HOSP_001,DOC_017,DEPT_008,2025-04-04,2025-04-05,1,Emergency,119,Home
ADM_03767,P_03077,HOSP_004,DOC_009,DEPT_030,2024-05-24,2024-05-25,1,Emergency,466,Home
ADM_03768,P_00757,HOSP_002,DOC_036,DEPT_016,2024-09-26,2024-10-08,12,Elective,339,Home
ADM_03769,P_00841,HOSP_001,DOC_017,DEPT_008,2024-12-20,2024-12-25,5,Emergency,515,Rehabilitation
ADM_03770,P_02233,HOSP_002,DOC_030,DEPT_014,2024-04-21,2024-04-28,7,Elective,203,Home
ADM_03771,P_00321,HOSP_001,DOC_017,DEPT_008,2024-10-15,2024-10-19,4,Emergency,143,Home
ADM_03772,P_00779,HOSP_005,DOC_029,DEPT_036,2025-04-11,2025-04-12,1,Emergency,477,Home
ADM_03773,P_00826,HOSP_001,DOC_034,DEPT_005,2025-01-16,2025-01-22,6,Urgent,103,Home
ADM_03774,P_00826,HOSP_001,DOC_034,DEPT_005,2025-01-25,2025-02-07,13,Emergency,497,Home
ADM_03775,P_02631,HOSP_001,DOC_034,DEPT_005,2025-02-07,2025-02-10,3,Elective,157,Home
ADM_03776,P_02681,HOSP_003,DOC_006,DEPT_018,2024-07-24,2024-07-25,1,Emergency,397,Home
ADM_03777,P_02681,HOSP_003,DOC_006,DEPT_018,08/12/2024,2024-08-15,3,Emergency,201,Home
ADM_03778,P_02298,HOSP_005,DOC_027,DEPT_037,11-10-2024,2024-10-18,-7,Urgent,219,Home
ADM_03779,P_01946,HOSP_004,DOC_009,DEPT_030,2025-03-30,2025-04-04,5,Elective,514,Home
ADM_03780,P_02850,HOSP_002,DOC_036,DEPT_016,2024-02-22,2024-03-01,8,Elective,559,HOME
ADM_03781,P_00851,HOSP_004,DOC_038,DEPT_031,2024-04-04,2024-04-09,5,Emergency,227,Home
ADM_03782,P_00851,HOSP_004,DOC_038,DEPT_031,2024-04-17,2024-04-26,9,Emergency,145,Home
ADM_03783,P_00820,HOSP_003,DOC_026,DEPT_020,2024-09-06,2024-09-10,4,Emergency,222,Home
ADM_03784,P_01001,HOSP_001,DOC_033,DEPT_002,2024-06-08,2024-06-10,2,Emergency,488,Home
ADM_03785,P_01001,HOSP_001,DOC_033,DEPT_002,2024-06-25,2024-07-04,9,Emergency,106,Home
ADM_03786,P_00633,HOSP_001,DOC_033,DEPT_002,2024-09-09,2024-09-16,7,Emergency,341,  Deceased  
ADM_03787,P_00655,HOSP_005,DOC_027,DEPT_037,2025-04-12,2025-04-15,3,Elective,360,Home
ADM_03788,P_00291,HOSP_003,DOC_001,DEPT_023,2024-06-22,2024-07-02,10,Elective,145,Home
ADM_03789,P_01710,HOSP_003,DOC_031,DEPT_024,2024-10-01,2024-10-11,10,Emergency,442,Home
ADM_03790,P_01710,HOSP_003,DOC_031,DEPT_024,2024-11-02,2024-11-06,4,Emergency,424,Home
ADM_03791,P_00907,HOSP_001,DOC_039,DEPT_007,2024-11-27,2024-11-30,3,Elective,390,REHABILITATION
ADM_03792,P_00915,HOSP_001,DOC_004,DEPT_005,2025-02-01,2025-02-04,3,Elective,591,Home
ADM_03793,P_03248,HOSP_002,DOC_012,DEPT_014,2025-02-07,2025-02-11,4,Emergency,149,HOSPICE
ADM_03794,P_01122,HOSP_001,DOC_028,DEPT_005,2024-10-19,2024-10-23,4,Emergency,225,Home
ADM_03795,P_03390,HOSP_005,DOC_027,DEPT_037,2024-10-29,2024-10-31,2,Elective,584,Home
ADM_03796,P_03180,HOSP_002,DOC_012,DEPT_014,2024-01-22,2024-01-25,3,Emergency,516,Home
ADM_03797,P_03180,HOSP_002,DOC_012,DEPT_014,2024-01-31,2024-02-02,2,Emergency,540,Home
ADM_03798,P_02782,HOSP_003,DOC_006,DEPT_018,2024-06-23,2024-06-24,1,Emergency,525,Rehabilitation
ADM_03799,P_03229,HOSP_003,DOC_011,DEPT_021,2024-04-28,2024-04-30,2,Urgent,299,Transferred
ADM_03800,P_03229,HOSP_003,DOC_011,DEPT_021,2024-05-03,2024-05-18,15,Emergency,133,Home
ADM_03801,P_02782,HOSP_005,DOC_037,DEPT_035,2024-05-23,2024-06-03,11,Emergency,143,HOME
ADM_03802,P_01135,HOSP_001,DOC_005,DEPT_006,2025-03-10,2025-03-17,7,Emergency,100,Rehabilitation
ADM_03803,P_01046,HOSP_005,DOC_019,DEPT_039,2024-08-12,2024-08-15,3,Emergency,542,Deceased
ADM_03804,P_00650,HOSP_005,DOC_003,DEPT_036,2024-10-14,2024-10-16,2,Emergency,245,Home
ADM_03805,P_02247,HOSP_005,DOC_029,DEPT_036,2024-06-06,2024-06-10,4,Elective,209,Home
ADM_03806,P_03344,HOSP_005,DOC_029,DEPT_036,2024-10-05,2024-10-11,6,Elective,459,Home
ADM_03807,P_00288,HOSP_003,DOC_031,DEPT_024,2025-04-19,2025-04-22,3,Emergency,508,Transferred
ADM_03808,P_00288,HOSP_003,DOC_031,DEPT_024,2025-05-08,2025-05-16,8,Emergency,112,UNKNOWN_VAL
ADM_03809,P_02882,HOSP_005,DOC_027,DEPT_037,2025-05-13,2025-05-15,2,Elective,432,Home
ADM_03810,P_02813,HOSP_001,DOC_022,DEPT_001,2024-11-23,2024-11-26,3,Emergency,385,Home
ADM_03811,P_02813,HOSP_001,DOC_022,DEPT_001,2024-12-17,2024-12-22,5,Emergency,125,Home
ADM_03812,P_01748,HOSP_003,DOC_024,DEPT_024,2025-01-30,2025-02-10,11,Elective,311,home
ADM_03813,P_02432,HOSP_002,DOC_036,DEPT_016,2024-05-08,2024-05-11,3,Elective,312,Hospice
ADM_03814,P_01658,HOSP_002,DOC_016,DEPT_009,2024-12-11,2024-12-17,6,Emergency,526,Home
ADM_03815,P_01522,HOSP_005,DOC_027,DEPT_037,2025-02-03,2025-02-06,3,Emergency,239,Transferred
ADM_03816,P_01449,HOSP_005,DOC_015,DEPT_038,2024-06-24,2024/06/26 00:00:00,2,Elective,353,Home
ADM_03817,P_02149,HOSP_003,DOC_024,DEPT_024,2024-10-15,2024-10-18,3,EMERGENCY,593,Home
ADM_03818,P_01390,HOSP_001,DOC_033,DEPT_002,2024-04-29,2024-05-04,5,Emergency,448,Home
ADM_03819,P_03296,HOSP_001,DOC_033,DEPT_002,2025-04-11,2025-04-21,10,Elective,259,Home
ADM_03820,P_02218,HOSP_005,DOC_037,DEPT_035,2025-04-07,2025-04-10,3,Emergency,553,Transferred
ADM_03821,P_01546,HOSP_005,DOC_003,DEPT_036,2024-05-24,2024-05-31,7,  Emergency  ,102,Home
ADM_03822,P_01546,HOSP_005,DOC_003,DEPT_036,2024-06-29,2024-07-14,15,Emergency,533,Home
ADM_03823,P_01598,HOSP_002,DOC_032,DEPT_016,2024-11-23,2024-11-28,5,Emergency,345,Home
ADM_03824,P_03327,HOSP_001,DOC_034,DEPT_005,2024-03-29,2024-04-06,8,Elective,400,Transferred
ADM_03825,P_03327,HOSP_001,DOC_034,DEPT_005,2024-04-11,2024-04-15,4,Emergency,567,Home
ADM_03826,P_01631,HOSP_003,DOC_007,DEPT_024,2025-01-05,2025-01-11,6,Emergency,469,Home
ADM_03827,P_01684,HOSP_002,DOC_014,DEPT_009,2025-01-26,02/01/2025,6,emergency,214,Home
ADM_03828,P_03417,HOSP_001,DOC_033,DEPT_002,2025-02-23,2025-02-25,2,Elective,209,Home
ADM_03829,P_02011,HOSP_001,DOC_017,DEPT_008,2024-02-16,2024-02-19,3,Elective,556,Home
ADM_03830,P_03367,HOSP_002,DOC_036,DEPT_016,2025-04-25,2025-04-29,4,Emergency,263,home
ADM_03831,P_01307,HOSP_001,DOC_008,DEPT_005,2024-01-08,2024-01-11,3,Elective,152,Transferred
ADM_03832,P_02518,HOSP_004,DOC_038,DEPT_031,2024-08-24,2024-08-28,4,urgent,353,Home
ADM_03833,P_03474,HOSP_001,DOC_033,DEPT_002,2024-04-15,17-04-2024,2,Elective,140,Home
ADM_03834,P_00963,HOSP_004,DOC_009,DEPT_030,2024-11-14,2024-11-25,11,Emergency,341,Home
ADM_03835,P_03254,HOSP_003,DOC_024,DEPT_024,2024-10-28,2024-11-05,8,Emergency,121,home
ADM_03836,P_00271,HOSP_003,DOC_026,DEPT_020,10-07-2024,2024-07-31,21,Emergency,343,HOME
ADM_03837,P_01235,HOSP_001,DOC_034,DEPT_005,2024-07-12,2024-07-14,2,Emergency,136,Home
ADM_03838,P_02808,HOSP_002,DOC_032,DEPT_016,2024-12-08,2024-12-14,6,Elective,274,Home
ADM_03839,P_01616,HOSP_001,DOC_004,DEPT_005,2025-03-22,2025-03-25,3,Urgent,345,Deceased
ADM_03840,P_00861,HOSP_001,DOC_034,DEPT_005,2025-01-02,2025-01-04,2,Elective,245,Hospice
ADM_03841,P_00861,HOSP_001,DOC_034,DEPT_005,2025-01-25,2025-02-04,10,Emergency,307,Home
ADM_03842,P_00028,HOSP_005,DOC_002,DEPT_035,2025-01-17,2025-01-22,5,Emergency,159,Home
ADM_03843,P_01672,HOSP_001,DOC_005,DEPT_006,2024-12-03,2024-12-07,4,Emergency,325,Deceased
ADM_03844,P_01551,HOSP_003,DOC_026,DEPT_020,2024-01-11,16-01-2024,5,Urgent,249,HOME
ADM_03845,P_01543,HOSP_001,DOC_039,DEPT_007,2024-08-25,2024-08-28,3,ELECTIVE,143,Home
ADM_03846,P_01202,HOSP_002,DOC_014,DEPT_009,2024-04-27,2024/04/30 00:00:00,3,Elective,518,Rehabilitation
ADM_03847,P_01586,HOSP_004,DOC_040,DEPT_027,2025-05-14,2025-05-17,3,Elective,533,Home
ADM_03848,P_03245,HOSP_003,DOC_024,DEPT_024,2024-05-14,2024-05-22,8,Emergency,384,Home
ADM_03849,P_03245,HOSP_003,DOC_024,DEPT_024,2024-06-18,2024-06-28,10,Emergency,192,Home
ADM_03850,P_01712,HOSP_005,DOC_002,DEPT_035,2024-07-09,2024-07-11,2,Emergency,379,Rehabilitation
ADM_03851,P_00645,HOSP_001,DOC_020,DEPT_008,11/07/2024,2024-11-18,11,Elective,401,hospice
ADM_03852,P_01640,HOSP_004,DOC_025,DEPT_032,01/06/2025,2025-01-10,4,Emergency,537,Home
ADM_03853,P_02974,HOSP_001,DOC_008,DEPT_005,2024-09-20,2024-09-26,6,Elective,384,Home
ADM_03854,P_02974,HOSP_001,DOC_008,DEPT_005,2024-10-02,2024-10-06,4,Emergency,248,Home
ADM_03855,P_02620,HOSP_005,DOC_002,DEPT_035,2024-04-08,2024-04-13,5,Emergency,256,Home
ADM_03856,P_02157,HOSP_005,DOC_029,DEPT_036,2024-05-13,2024-05-15,2,Emergency,480,Home
ADM_03857,P_02157,HOSP_005,DOC_029,DEPT_036,2024-06-05,2024-06-09,4,Emergency,550,Home
ADM_03858,P_00988,HOSP_005,DOC_029,DEPT_036,2024-11-09,2024-11-16,7,Emergency,435,Home
ADM_03859,P_03041,HOSP_001,DOC_039,DEPT_007,2024-04-16,2024-04-23,7,Urgent,452,Home
ADM_03860,P_03041,HOSP_001,DOC_039,DEPT_007,2024-05-02,2024-05-10,8,Emergency,583,Home
ADM_03861,P_00288,HOSP_003,DOC_011,DEPT_021,2024-02-13,2024-02-17,4,Elective,535,Home
ADM_03862,P_01354,HOSP_005,DOC_029,DEPT_036,2024-11-06,2024-11-08,2,Elective,120,Home
ADM_03863,P_01354,HOSP_005,DOC_029,DEPT_036,2024-11-21,02-12-2024,11,Emergency,305,Home
ADM_03864,P_01587,HOSP_002,DOC_036,DEPT_016,2024-09-05,2024-09-12,7,Emergency,295,Home
ADM_03865,P_01587,HOSP_002,DOC_036,DEPT_016,2024-09-28,09/30/2024,2,Emergency,278,Home
ADM_03866,P_01830,HOSP_001,DOC_034,DEPT_005,2025-05-14,2025-05-21,7,Emergency,431,Home
ADM_03867,P_02790,HOSP_003,DOC_024,DEPT_024,2024-02-25,2024-02-29,4,Urgent,150,Home
ADM_03868,P_00968,HOSP_003,DOC_026,DEPT_020,2024-09-05,2024-09-11,6,Elective,349,Hospice
ADM_03869,P_02484,HOSP_003,DOC_024,DEPT_024,2025-02-15,2025-02-17,2,Elective,203,Home
ADM_03870,P_03045,HOSP_004,DOC_009,DEPT_030,2025-01-03,2025-01-06,3,  Urgent  ,407,Home
ADM_03871,P_01569,HOSP_003,DOC_031,DEPT_024,2024-04-21,2024/04/26 00:00:00,5,Elective,341,Home
ADM_03872,P_01285,HOSP_001,DOC_022,DEPT_001,2025-02-03,2025-02-14,11,Elective,514,Deceased
ADM_03873,P_00542,HOSP_005,DOC_002,DEPT_035,2025-03-04,2025-03-09,5,elective,443,Home
ADM_03874,P_00098,HOSP_003,DOC_011,DEPT_021,2024-10-02,2024-10-10,8,Elective,242,Rehabilitation
ADM_03875,P_01222,HOSP_002,DOC_014,DEPT_009,2024-10-13,2024-10-18,5,Urgent,293,Home
ADM_03876,P_03443,HOSP_004,DOC_038,DEPT_031,2024-08-16,2024-08-21,5,Emergency,161,Home
ADM_03877,P_00965,HOSP_004,DOC_025,DEPT_032,2024-07-17,2024-07-23,6,Elective,366,Transferred
ADM_03878,P_01747,HOSP_001,DOC_033,DEPT_002,2024-11-05,2024-11-09,4,Urgent,546,Home
ADM_03879,P_01747,HOSP_001,DOC_033,DEPT_002,2024-12-06,2024-12-15,9,Emergency,345,Home
ADM_03880,P_02123,HOSP_001,DOC_028,DEPT_005,2024-04-28,2024-04-30,2,Elective,588,Home
ADM_03881,P_01217,HOSP_001,DOC_008,DEPT_005,2024-10-03,2024-10-07,4,Elective,119,Home
ADM_03882,P_03056,HOSP_004,DOC_040,DEPT_027,2024-05-26,2024-06-06,11,Elective,504,Home
ADM_03883,P_01193,HOSP_001,DOC_017,DEPT_008,2024-08-26,2024-09-03,8,Emergency,331,Home
ADM_03884,P_00565,HOSP_003,DOC_024,DEPT_024,2024-06-02,2024-06-07,5,Emergency,345,home
ADM_03885,P_02297,HOSP_005,DOC_027,DEPT_037,2024-02-02,2024-02-09,7,Emergency,335,Home
ADM_03886,P_03389,HOSP_003,DOC_011,DEPT_021,2024-10-08,2024-10-18,10,ELECTIVE,333,REHABILITATION
ADM_03887,P_03389,HOSP_003,DOC_011,DEPT_021,2024-10-23,2024-10-25,2,Emergency,546,HOME
ADM_03888,P_02514,HOSP_002,DOC_016,DEPT_009,2024-11-08,2024-11-12,4,emergency,508,Home
ADM_03889,P_00030,HOSP_002,DOC_016,DEPT_009,2024-08-17,2024-08-20,3,Elective,581,Deceased
ADM_03890,P_00127,HOSP_005,DOC_015,DEPT_038,2024-06-09,2024-06-11,2,Emergency,411,Rehabilitation
ADM_03891,P_02824,HOSP_001,DOC_008,DEPT_005,2024-12-12,2024-12-24,12,Urgent,431,HOME
ADM_03892,P_02824,HOSP_001,DOC_008,DEPT_005,2025-01-11,2025-01-19,8,Emergency,345,Home
ADM_03893,P_01881,HOSP_003,DOC_001,DEPT_023,2025-04-01,2025-04-08,7,Elective,154,Home
ADM_03894,P_00784,HOSP_005,DOC_037,DEPT_035,2024-11-30,2024-12-03,3,Elective,510,Home
ADM_03895,P_00784,HOSP_005,DOC_037,DEPT_035,2024-12-11,2024-12-16,5,Emergency,265,Home
ADM_03896,P_01613,HOSP_005,DOC_029,DEPT_036,2025-03-04,2025-03-08,4,Elective,,Deceased
ADM_03897,P_02833,HOSP_001,DOC_020,DEPT_008,01/30/2025,2025-02-05,6,Elective,225,Home
ADM_03898,P_00377,HOSP_003,DOC_031,DEPT_024,2025-02-02,2025-02-09,7,Elective,192,Home
ADM_03899,P_01665,HOSP_005,DOC_027,DEPT_037,2025-01-09,2025-01-11,2,Emergency,370,Transferred
ADM_03900,P_01665,HOSP_005,DOC_027,DEPT_037,2025-01-26,2025-02-04,9,  Emergency  ,561,Home
ADM_03901,P_00953,HOSP_005,DOC_015,DEPT_038,2025-01-26,2025-01-30,4,Elective,373,Home
ADM_03902,P_00953,HOSP_005,DOC_015,DEPT_038,2025-02-02,2025-02-15,13,Emergency,580,Home
ADM_03903,P_00811,HOSP_003,DOC_010,DEPT_021,2025-01-16,2025-01-25,9,Elective,450,Home
ADM_03904,P_03356,HOSP_004,DOC_040,DEPT_027,2024-09-21,2024-09-26,5,Emergency,229,Home
ADM_03905,P_01649,HOSP_003,DOC_026,DEPT_020,2024-07-06,2024-07-11,5,Urgent,349,Home
ADM_03906,P_01854,HOSP_005,DOC_002,DEPT_035,2025-02-02,2025-02-06,4,Emergency,237,Home
ADM_03907,P_03289,HOSP_002,DOC_016,DEPT_009,2025-02-22,2025-02-28,6,Emergency,272,home
ADM_03908,P_01177,HOSP_003,DOC_007,DEPT_024,2024-03-08,2024-03-17,9,Emergency,187,Home
ADM_03909,P_00199,HOSP_001,DOC_035,DEPT_003,2024-11-29,2024-12-04,5,Emergency,190,Home
ADM_03910,P_02176,HOSP_004,DOC_040,DEPT_027,2024-05-07,2024-05-10,3,Urgent,183,Rehabilitation
ADM_03911,P_02182,HOSP_003,DOC_001,DEPT_023,2025-04-14,2025-04-19,5,Emergency,183,Home
ADM_03912,P_01456,HOSP_002,DOC_016,DEPT_009,2025-03-15,2025-03-20,5,  Emergency  ,424,Home
ADM_03913,P_01456,HOSP_002,DOC_016,DEPT_009,2025-04-08,2025-04-11,3,Emergency,318,Home
ADM_03914,P_02536,HOSP_005,DOC_027,DEPT_037,2024-11-02,2024-11-04,2,Emergency,407,REHABILITATION
ADM_03915,P_00694,HOSP_002,DOC_014,DEPT_009,2024-04-06,2024-04-09,3,Emergency,168,Rehabilitation
ADM_03916,P_03302,HOSP_001,DOC_020,DEPT_008,2024-01-08,2024-01-18,10,Urgent,162,Rehabilitation
ADM_03917,P_02611,HOSP_002,DOC_030,DEPT_014,16-06-2024,2024-06-24,8,Elective,510,Home
ADM_03918,P_00596,HOSP_002,DOC_030,DEPT_014,2024-08-04,2024-08-06,2,Elective,147,Hospice
ADM_03919,P_02670,HOSP_002,DOC_012,DEPT_014,2024-09-02,2024-09-05,3,Emergency,588,Rehabilitation
ADM_03920,P_03043,HOSP_004,DOC_013,DEPT_026,2025-02-15,2025-02-22,7,Emergency,268,Home
ADM_03921,P_03043,HOSP_004,DOC_013,DEPT_026,2025-03-23,03/28/2025,5,Emergency,415,Home
ADM_03922,P_01273,HOSP_003,DOC_010,DEPT_021,2024-01-11,2024-01-17,6,Emergency,,Home
ADM_03923,P_01313,HOSP_005,DOC_029,DEPT_036,2024-07-20,2024-07-22,2,Urgent,544,Home
ADM_03924,P_03385,HOSP_002,DOC_012,DEPT_014,2025-03-28,2025-04-02,5,Elective,466,Transferred
ADM_03925,P_03160,HOSP_003,DOC_024,DEPT_024,2024-01-28,2024-02-01,4,Elective,107,Home
ADM_03926,P_03160,HOSP_003,DOC_024,DEPT_024,2024-02-21,2024-03-02,10,Emergency,257,Home
ADM_03927,P_00259,HOSP_002,DOC_032,DEPT_016,2025-03-30,2025-04-05,6,EMERGENCY,,Home
ADM_03928,P_01510,HOSP_004,DOC_009,DEPT_030,2024-04-18,2024-04-23,5,Emergency,289,Deceased
ADM_03929,P_02872,HOSP_003,DOC_024,DEPT_024,2024-05-24,2024-05-26,2,Emergency,518,Home
ADM_03930,P_02700,HOSP_001,DOC_004,DEPT_005,2024-04-22,2024-05-03,11,Elective,477,Home
ADM_03931,P_01685,HOSP_002,DOC_030,DEPT_014,2024-12-11,2024-12-17,6,Emergency,445,Home
ADM_03932,P_01685,HOSP_002,DOC_030,DEPT_014,2025-01-08,2025-01-12,4,Emergency,583,Home
ADM_03933,P_03368,HOSP_001,DOC_033,DEPT_002,2024-11-12,2024-11-17,5,Emergency,559,Deceased
ADM_03934,P_02465,HOSP_001,DOC_008,DEPT_005,2025-04-02,2025-04-06,4,Emergency,270,Home
ADM_03935,P_00869,HOSP_001,DOC_022,DEPT_001,2025-03-24,2025-03-28,-4,  Urgent  ,192,Home
ADM_03936,P_01405,HOSP_001,DOC_028,DEPT_005,2024-03-05,2024-03-13,8,Urgent,542,Home
ADM_03937,P_01732,HOSP_003,DOC_001,DEPT_023,09/11/2024,2024-09-14,3,Elective,527,Home
ADM_03938,P_03204,HOSP_001,DOC_033,DEPT_002,25-05-2024,2024-06-01,7,Urgent,270,Home
ADM_03939,P_03469,HOSP_001,DOC_005,DEPT_006,2024-05-05,2024-05-13,8,Elective,122,Home
ADM_03940,P_03469,HOSP_001,DOC_005,DEPT_006,2024-05-24,2024-06-01,8,Emergency,416,  Home  
ADM_03941,P_00362,HOSP_001,DOC_033,DEPT_002,2025-03-21,2025-03-25,4,Elective,457,Home
ADM_03942,P_00568,HOSP_001,DOC_017,DEPT_008,2024-01-27,2024-01-30,-3,Elective,261,Home
ADM_03943,P_03150,HOSP_005,DOC_018,DEPT_039,2024-08-01,2024-08-04,3,  Elective  ,130,Home
ADM_03944,P_03150,HOSP_005,DOC_018,DEPT_039,2024-08-07,2024-08-14,7,Emergency,438,Home
ADM_03945,P_02570,HOSP_001,DOC_028,DEPT_005,2024-02-25,2024-03-01,5,Emergency,469,Rehabilitation
ADM_03946,P_01429,HOSP_004,DOC_038,DEPT_031,2024-08-20,2024-08-27,7,Emergency,268,Home
ADM_03947,P_00977,HOSP_003,DOC_001,DEPT_023,2024-04-28,2024-04-30,2,Emergency,293,Home
ADM_03948,P_01268,HOSP_005,DOC_015,DEPT_038,2025-05-09,2025-05-17,8,Elective,238,Transferred
ADM_03949,P_03416,HOSP_004,DOC_009,DEPT_030,2024-10-07,2024-10-22,15,Emergency,444,Home
ADM_03950,P_00070,HOSP_001,DOC_004,DEPT_005,2024-10-26,2024-10-30,4,Urgent,474,Transferred
ADM_03951,P_03090,HOSP_002,DOC_014,DEPT_009,2024-02-25,2024-02-29,4,Elective,124,Rehabilitation
ADM_03952,P_01935,HOSP_002,DOC_036,DEPT_016,2024-09-11,2024-09-15,4,Emergency,275,Rehabilitation
ADM_03953,P_02384,HOSP_005,DOC_002,DEPT_035,2025-03-10,2025-03-15,5,Emergency,424,Transferred
ADM_03954,P_02995,HOSP_002,DOC_014,DEPT_009,2025-04-29,2025-05-03,4,Emergency,550,Home
ADM_03955,P_01591,HOSP_003,DOC_010,DEPT_021,2024-01-13,2024-01-14,1,Urgent,493,Home
ADM_03956,P_02905,HOSP_003,DOC_024,DEPT_024,2024-12-27,2024-12-31,4,Emergency,295,Rehabilitation
ADM_03957,P_03355,HOSP_003,DOC_010,DEPT_021,2025-03-30,2025-04-04,5,Elective,290,Home
ADM_03958,P_03355,HOSP_003,DOC_010,DEPT_021,2025-04-18,2025-04-30,12,Emergency,475,Home
ADM_03959,P_01813,HOSP_001,DOC_035,DEPT_003,2024-12-20,2024-12-23,3,Emergency,217,Deceased
ADM_03960,P_02435,HOSP_002,DOC_016,DEPT_009,2024-11-04,2024-11-15,11,Elective,136,Home
ADM_03961,P_00121,HOSP_004,DOC_038,DEPT_031,2024-12-15,2024-12-19,4,Emergency,358,hospice
ADM_03962,P_02083,HOSP_001,DOC_023,DEPT_007,2025-01-25,2025-01-28,3,  Emergency  ,571,Home
ADM_03963,P_00766,HOSP_001,DOC_034,DEPT_005,2025-04-26,2025-05-02,6,Urgent,389,Home
ADM_03964,P_01394,HOSP_003,DOC_031,DEPT_024,2024-04-02,2024-04-05,3,Elective,224,Transferred
ADM_03965,P_01394,HOSP_003,DOC_031,DEPT_024,2024-04-24,2024-04-30,6,EMERGENCY,201,Home
ADM_03966,P_00050,HOSP_001,DOC_005,DEPT_006,14-10-2024,2024-10-19,5,Elective,285,  Home  
ADM_03967,P_02586,HOSP_004,DOC_038,DEPT_031,2025-03-14,2025-03-20,6,Elective,306,Home
ADM_03968,P_02602,HOSP_005,DOC_002,DEPT_035,2025-03-02,2025-03-06,4,Elective,544,Home
ADM_03969,P_01719,HOSP_003,DOC_011,DEPT_021,08-12-2024,2024-12-12,4,Emergency,427,Home
ADM_03970,P_01916,HOSP_003,DOC_001,DEPT_023,2025-04-03,2025-04-07,4,Emergency,150,Home
ADM_03971,P_02189,HOSP_001,DOC_033,DEPT_002,2024-08-16,2024-08-22,6,Emergency,268,Home
ADM_03972,P_00219,HOSP_004,DOC_038,DEPT_031,2024-10-09,12-10-2024,3,Urgent,117,Home
ADM_03973,P_01990,HOSP_001,DOC_022,DEPT_001,2025-03-29,2025-04-07,9,Urgent,123,Rehabilitation
ADM_03974,P_01033,HOSP_003,DOC_026,DEPT_020,2025-02-10,02/15/2025,5,URGENT,553,Rehabilitation
ADM_03975,P_01896,HOSP_005,DOC_019,DEPT_039,2024-04-16,2024-04-18,2,Elective,522,Home
ADM_03976,P_01064,HOSP_001,DOC_035,DEPT_003,2024-05-08,2024-05-13,5,Elective,414,Home
ADM_03977,P_00688,HOSP_005,DOC_003,DEPT_036,2024-03-17,2024-03-23,6,Emergency,522,Transferred
ADM_03978,P_01102,HOSP_003,DOC_001,DEPT_023,2024-12-15,2024-12-24,9,Elective,393,Home
ADM_03979,P_01102,HOSP_003,DOC_001,DEPT_023,2025-01-13,2025-01-17,4,Emergency,434,Home
ADM_03980,P_02557,HOSP_003,DOC_001,DEPT_023,2024-03-02,2024-03-05,3,emergency,200,Home
ADM_03981,P_03102,HOSP_003,DOC_026,DEPT_020,2024-09-07,2024-09-13,6,Urgent,596,Home
ADM_03982,P_02659,HOSP_001,DOC_005,DEPT_006,2025-01-11,2025-01-19,8,Emergency,229,  Transferred  
ADM_03983,P_00514,HOSP_001,DOC_028,DEPT_005,2024-02-12,2024-02-15,3,Urgent,300,Transferred
ADM_03984,P_01701,HOSP_005,DOC_027,DEPT_037,2024-05-20,2024-05-25,5,Elective,,Deceased
ADM_03985,P_02845,HOSP_005,DOC_037,DEPT_035,2024-04-22,2024-04-26,4,EMERGENCY,315,Home
ADM_03986,P_01502,HOSP_004,DOC_009,DEPT_030,2024-12-24,2024-12-27,3,Elective,154,Home
ADM_03987,P_03121,HOSP_004,DOC_013,DEPT_026,2024-01-06,2024-01-10,4,Elective,297,HOME
ADM_03988,P_00328,HOSP_001,DOC_034,DEPT_005,2024-04-23,2024-05-01,8,emergency,391,Home
ADM_03989,P_00192,HOSP_001,DOC_004,DEPT_005,2025-03-05,2025-03-10,5,Urgent,513,Home
ADM_03990,P_03025,HOSP_004,DOC_025,DEPT_032,2025-03-24,2025-03-28,4,Emergency,207,Home
ADM_03991,P_00155,HOSP_002,DOC_036,DEPT_016,2024-07-12,2024-07-18,6,Emergency,384,Home
ADM_03992,P_00964,HOSP_003,DOC_007,DEPT_024,2024-07-22,2024-07-30,8,Elective,535,Home
ADM_03993,P_01232,HOSP_004,DOC_025,DEPT_032,2025-03-04,2025-03-07,3,Elective,342,Deceased
ADM_03994,P_00474,HOSP_005,DOC_003,DEPT_036,2024-07-13,2024-07-18,5,Emergency,320,Home
ADM_03995,P_01861,HOSP_002,DOC_016,DEPT_009,2024-09-08,2024-09-12,4,Urgent,553,Home
ADM_03996,P_02534,HOSP_003,DOC_011,DEPT_021,2024-02-07,2024-02-12,5,Emergency,120,Home
ADM_03997,P_00246,HOSP_002,DOC_030,DEPT_014,2024-03-23,2024-03-29,6,Urgent,438,Home
ADM_03998,P_00246,HOSP_002,DOC_030,DEPT_014,2024-04-20,2024-04-25,5,Emergency,514,Home
ADM_03999,P_03407,HOSP_001,DOC_035,DEPT_003,2025-01-03,2025-01-07,4,Emergency,148,Home
ADM_04000,P_01869,HOSP_001,DOC_004,DEPT_005,2025/01/11 00:00:00,2025-01-18,7,Emergency,338,Home
ADM_04001,P_02613,HOSP_001,DOC_028,DEPT_005,2025-01-13,2025-01-19,6,Emergency,332,Home
ADM_04002,P_01843,HOSP_004,DOC_038,DEPT_031,2024-01-11,2024-01-15,4,Urgent,215,Transferred
ADM_04003,P_01843,HOSP_004,DOC_038,DEPT_031,2024-02-01,2024-02-08,7,Emergency,545,Home
ADM_04004,P_02983,HOSP_003,DOC_021,DEPT_019,2024-11-20,2024-11-25,5,Elective,243,Home
ADM_04005,P_03147,HOSP_002,DOC_032,DEPT_016,2025-04-22,2025-04-24,2,Elective,598,Home
ADM_04006,P_00085,HOSP_004,DOC_038,DEPT_031,2025-01-24,2025-01-29,5,Elective,529,Home
ADM_04007,P_02564,HOSP_002,DOC_014,DEPT_009,2025-01-15,2025-01-17,2,Urgent,244,Home
ADM_04008,P_02212,HOSP_003,DOC_026,DEPT_020,2024-06-10,2024-06-18,8,Emergency,375,Transferred
ADM_04009,P_00019,HOSP_005,DOC_019,DEPT_039,2024-06-10,2024-06-12,2,Urgent,549,Home
ADM_04010,P_00019,HOSP_005,DOC_019,DEPT_039,2024-06-23,2024-06-28,5,Emergency,413,Home
ADM_04011,P_03350,HOSP_001,DOC_035,DEPT_003,2024-03-30,2024-04-02,3,Emergency,116,Home
ADM_04012,P_00009,HOSP_005,DOC_002,DEPT_035,2024-03-19,2024-03-29,10,Emergency,278,Transferred
ADM_04013,P_01383,HOSP_001,DOC_017,DEPT_008,2024-08-16,2024-08-24,8,Emergency,497,Transferred
ADM_04014,P_02524,HOSP_001,DOC_028,DEPT_005,2025-02-16,2025-02-17,1,Emergency,585,Home
ADM_04015,P_01739,HOSP_002,DOC_014,DEPT_009,2024-09-27,2024-10-01,4,Emergency,341,Home
ADM_04016,P_03498,HOSP_003,DOC_010,DEPT_021,2025-02-23,2025-02-25,2,Urgent,198,Home
ADM_04017,P_03452,HOSP_001,DOC_023,DEPT_007,2024-09-16,2024-09-21,5,Emergency,590,Home
ADM_04018,P_00718,HOSP_004,DOC_025,DEPT_032,2025-05-04,2025-05-10,6,Emergency,,Home
ADM_04019,P_02229,HOSP_001,DOC_004,DEPT_005,2025-02-04,2025-02-09,5,Urgent,383,Rehabilitation
ADM_04020,P_03453,HOSP_003,DOC_001,DEPT_023,2024-10-01,2024-10-08,7,Urgent,319,Home
ADM_04021,P_02846,HOSP_003,DOC_006,DEPT_018,2024-02-24,2024-02-28,4,Emergency,110,Home
ADM_04022,P_01240,HOSP_001,DOC_020,DEPT_008,2024-12-25,2024-12-30,5,Urgent,263,Home
ADM_04023,P_02792,HOSP_002,DOC_030,DEPT_014,04/17/2025,2025-04-23,6,Elective,168,Home
ADM_04024,P_01824,HOSP_003,DOC_007,DEPT_024,2024/12/25 00:00:00,2024-12-29,4,Emergency,,Home
ADM_04025,P_01824,HOSP_003,DOC_007,DEPT_024,2025-01-04,2025-01-08,4,Emergency,593,Home
ADM_04026,P_03486,HOSP_002,DOC_030,DEPT_014,2024-07-31,2024-08-03,3,Urgent,567,Hospice
ADM_04027,P_01506,HOSP_004,DOC_009,DEPT_030,2024-02-13,2024-02-17,4,Emergency,347,Rehabilitation
ADM_04028,P_00828,HOSP_005,DOC_029,DEPT_036,2024-02-28,2024-03-04,5,Emergency,103,Home
ADM_04029,P_01618,HOSP_001,DOC_035,DEPT_003,2024-07-29,2024-08-03,5,Elective,314,Home
ADM_04030,P_03024,HOSP_001,DOC_020,DEPT_008,2024-02-21,2024-02-24,3,Emergency,279,Rehabilitation
ADM_04031,P_03441,HOSP_001,DOC_020,DEPT_008,2024-08-06,2024-08-13,7,Elective,425,Home
ADM_04032,P_01912,HOSP_005,DOC_019,DEPT_039,2025-05-15,2025-05-26,11,Emergency,,Home
ADM_04033,P_01820,HOSP_004,DOC_025,DEPT_032,2024-10-02,2024-10-05,3,Elective,455,Home
ADM_04034,P_02013,HOSP_003,DOC_031,DEPT_024,2025-02-19,2025-03-05,14,Elective,393,Home
ADM_04035,P_02013,HOSP_003,DOC_031,DEPT_024,2025-03-20,2025-04-04,15,Emergency,420,Home
ADM_04036,P_01581,HOSP_005,DOC_003,DEPT_036,2024-04-24,2024-04-29,5,Elective,433,Hospice
ADM_04037,P_01021,HOSP_003,DOC_031,DEPT_024,2025-01-13,2025-01-17,4,Urgent,446,Home
ADM_04038,P_02520,HOSP_001,DOC_023,DEPT_007,2024-12-30,2025-01-02,3,Elective,325,Home
ADM_04039,P_03261,HOSP_001,DOC_005,DEPT_006,2024-06-28,2024-07-05,7,Elective,417,Transferred
ADM_04040,P_03261,HOSP_001,DOC_005,DEPT_006,2024-07-20,2024-07-26,6,Emergency,472,Home
ADM_04041,P_02734,HOSP_005,DOC_015,DEPT_038,2024-03-13,2024-03-18,5,Emergency,349,HOME
ADM_04042,P_02013,HOSP_003,DOC_010,DEPT_021,2024-06-21,2024-06-24,3,Elective,459,Home
ADM_04043,P_02013,HOSP_003,DOC_010,DEPT_021,2024-07-17,2024-07-27,10,Emergency,593,Home
ADM_04044,P_02632,HOSP_001,DOC_039,DEPT_007,2025-05-15,2025-05-19,4,Elective,422,Home
ADM_04045,P_00943,HOSP_001,DOC_033,DEPT_002,2025-01-31,2025-02-02,2,Emergency,573,Home
ADM_04046,P_02800,HOSP_004,DOC_038,DEPT_031,2024-12-15,2024-12-19,4,Urgent,108,Rehabilitation
ADM_04047,P_02800,HOSP_004,DOC_038,DEPT_031,2025-01-08,2025/01/12 00:00:00,4,Emergency,476,Home
ADM_04048,P_03130,HOSP_001,DOC_033,DEPT_002,2024-02-14,2024-02-23,9,Emergency,309,Home
ADM_04049,P_03130,HOSP_001,DOC_033,DEPT_002,2024-03-18,2024-04-02,15,Emergency,524,Home
ADM_04050,P_03243,HOSP_004,DOC_013,DEPT_026,2024-01-14,2024-01-18,4,Urgent,129,Home
ADM_04051,P_01440,HOSP_003,DOC_006,DEPT_018,2024-11-23,2024-12-01,8,Elective,202,Home
ADM_04052,P_01123,HOSP_005,DOC_037,DEPT_035,2024-04-14,2024-04-22,8,EMERGENCY,370,Home
ADM_04053,P_01123,HOSP_005,DOC_037,DEPT_035,2024-05-11,2024-05-12,1,Emergency,,Home
ADM_04054,P_01815,HOSP_004,DOC_040,DEPT_027,2024-11-18,2024-11-21,3,Urgent,227,Hospice
ADM_04055,P_01165,HOSP_002,DOC_032,DEPT_016,2024-03-15,03/20/2024,5,Emergency,148,Home
ADM_04056,P_01900,HOSP_004,DOC_025,DEPT_032,2024-03-14,2024-03-18,4,Emergency,481,home
ADM_04057,P_01189,HOSP_002,DOC_016,DEPT_009,2024-01-11,2024-01-14,3,Elective,254,Home
ADM_04058,P_00535,HOSP_001,DOC_039,DEPT_007,2024-11-23,2024-12-01,8,Emergency,220,Home
ADM_04059,P_02988,HOSP_001,DOC_020,DEPT_008,2024-09-24,2024-09-27,3,Elective,586,Home
ADM_04060,P_02615,HOSP_002,DOC_012,DEPT_014,2024-10-25,2024-10-30,5,Urgent,444,Home
ADM_04061,P_00692,HOSP_002,DOC_036,DEPT_016,2024-12-29,2025-01-06,8,Elective,278,Home
ADM_04062,P_01085,HOSP_001,DOC_034,DEPT_005,2025-02-08,2025-02-17,9,Emergency,344,Home
ADM_04063,P_00843,HOSP_005,DOC_015,DEPT_038,2024-02-22,2024-02-24,2,Urgent,366,Home
ADM_04064,P_00394,HOSP_004,DOC_009,DEPT_030,2024-12-09,2024-12-12,3,Elective,566,Transferred
ADM_04065,P_00394,HOSP_004,DOC_009,DEPT_030,2024-12-27,2025-01-03,7,Emergency,214,Home
ADM_04066,P_01090,HOSP_003,DOC_001,DEPT_023,2024-05-11,2024-05-12,1,Elective,599,Home
ADM_04067,P_03041,HOSP_001,DOC_017,DEPT_008,2024-05-13,2024-05-16,3,Urgent,274,Home
ADM_04068,P_03481,HOSP_004,DOC_009,DEPT_030,2024-06-04,2024-06-12,8,Emergency,364,Home
ADM_04069,P_03270,HOSP_001,DOC_022,DEPT_001,2025-04-26,2025-05-02,6,Elective,191,HOME
ADM_04070,P_03270,HOSP_001,DOC_022,DEPT_001,2025-05-16,2025-05-22,6,Emergency,136,Home
ADM_04071,P_01890,HOSP_003,DOC_007,DEPT_024,2024-05-06,2024-05-12,6,Emergency,422,Home
ADM_04072,P_02267,HOSP_001,DOC_020,DEPT_008,2024-06-16,2024-06-22,6,Emergency,464,Home
ADM_04073,P_02565,HOSP_003,DOC_021,DEPT_019,2024-01-04,2024-01-06,2,Elective,552,Home
ADM_04074,P_01801,HOSP_001,DOC_017,DEPT_008,2024-12-15,2024-12-18,3,Emergency,122,Home
ADM_04075,P_01986,HOSP_005,DOC_027,DEPT_037,2024-08-02,2024-08-11,9,Emergency,252,  Home  
ADM_04076,P_00472,HOSP_005,DOC_015,DEPT_038,2024-10-06,2024-10-11,5,Elective,333,Home
ADM_04077,P_01785,HOSP_005,DOC_003,DEPT_036,2024-09-10,2024-09-15,5,Elective,279,Home
ADM_04078,P_02485,HOSP_005,DOC_019,DEPT_039,2024-10-03,2024-10-07,4,Emergency,500,Rehabilitation
ADM_04079,P_00523,HOSP_001,DOC_017,DEPT_008,2024-07-04,2024-07-06,2,Emergency,511,Transferred
ADM_04080,P_03101,HOSP_001,DOC_035,DEPT_003,2024/10/01 00:00:00,2024-10-04,3,Emergency,,Rehabilitation
ADM_04081,P_03101,HOSP_001,DOC_035,DEPT_003,2024-10-18,2024-10-26,8,Emergency,513,Home
ADM_04082,P_01018,HOSP_001,DOC_020,DEPT_008,2024-02-25,2024-02-28,3,ELECTIVE,280,Home
ADM_04083,P_01276,HOSP_005,DOC_027,DEPT_037,2024-02-24,2024-02-26,2,Urgent,430,Home
ADM_04084,P_03137,HOSP_004,DOC_038,DEPT_031,2024-12-01,2024-12-04,3,Emergency,249,Home
ADM_04085,P_01895,HOSP_005,DOC_015,DEPT_038,2024-10-17,2024-10-26,9,Elective,140,Home
ADM_04086,P_02578,HOSP_003,DOC_011,DEPT_021,2025-02-28,2025-03-03,3,Elective,220,TRANSFERRED
ADM_04087,P_01284,HOSP_001,DOC_034,DEPT_005,2024-05-08,2024-05-16,8,  Emergency  ,463,Deceased
ADM_04088,P_00034,HOSP_003,DOC_007,DEPT_024,2024-03-09,2024-03-14,5,Elective,553,Home
ADM_04089,P_00034,HOSP_003,DOC_007,DEPT_024,2024-04-01,2024-04-06,5,Emergency,457,Home
ADM_04090,P_00431,HOSP_003,DOC_021,DEPT_019,2024-07-16,07/19/2024,3,Elective,199,Deceased
ADM_04091,P_03390,HOSP_001,DOC_039,DEPT_007,2024-01-03,2024-01-09,-6,Urgent,330,Home
ADM_04092,P_01155,HOSP_005,DOC_018,DEPT_039,2024-09-06,2024-09-14,8,Elective,107,Rehabilitation
ADM_04093,P_02156,HOSP_003,DOC_001,DEPT_023,2024-12-02,2024-12-09,7,Emergency,597,Transferred
ADM_04094,P_03100,HOSP_001,DOC_035,DEPT_003,2024-10-31,2024-11-02,2,Elective,425,Home
ADM_04095,P_00184,HOSP_003,DOC_026,DEPT_020,2024-05-13,2024-05-16,3,Urgent,,Home
ADM_04096,P_00184,HOSP_003,DOC_026,DEPT_020,2024-06-05,2024-06-10,5,Emergency,483,Home
ADM_04097,P_01211,HOSP_005,DOC_003,DEPT_036,2024-03-20,2024-03-21,1,Elective,,Home
ADM_04098,P_01032,HOSP_003,DOC_021,DEPT_019,2024-03-05,2024-03-11,6,Urgent,384,Home
ADM_04099,P_01855,HOSP_004,DOC_009,DEPT_030,2024-09-25,2024-10-01,6,Emergency,381,Home
ADM_04100,P_01577,HOSP_003,DOC_021,DEPT_019,2024-08-02,2024-08-08,6,Emergency,106,Home
ADM_04101,P_02271,HOSP_003,DOC_001,DEPT_023,2024-07-05,2024-07-11,6,Elective,544,Home
ADM_04102,P_02271,HOSP_003,DOC_001,DEPT_023,2024-07-30,2024-08-04,5,  Emergency  ,493,Home
ADM_04103,P_02260,HOSP_001,DOC_033,DEPT_002,2024-01-07,2024-01-10,3,Emergency,100,Home
ADM_04104,P_01361,HOSP_004,DOC_013,DEPT_026,2024-08-21,2024-08-25,4,Elective,303,Home
ADM_04105,P_02146,HOSP_003,DOC_031,DEPT_024,2024-11-18,2024-11-23,5,Emergency,533,Home
ADM_04106,P_02569,HOSP_003,DOC_010,DEPT_021,2024-01-27,2024-02-05,9,Urgent,105,Deceased
ADM_04107,P_01861,HOSP_001,DOC_005,DEPT_006,02/01/2024,2024-02-06,5,Urgent,560,Home
ADM_04108,P_03128,HOSP_001,DOC_028,DEPT_005,2024-10-19,2024-10-24,5,  Elective  ,204,Rehabilitation
ADM_04109,P_02899,HOSP_004,DOC_038,DEPT_031,2024-08-27,2024-08-28,1,Emergency,185,Home
ADM_04110,P_02899,HOSP_004,DOC_038,DEPT_031,2024-09-08,2024-09-16,8,Emergency,135,UNKNOWN_VAL
ADM_04111,P_01428,HOSP_001,DOC_005,DEPT_006,2025-05-14,2025-05-23,9,  Elective  ,328,Home
ADM_04112,P_00011,HOSP_004,DOC_009,DEPT_030,2024-08-20,2024-08-24,4,Elective,185,Home
ADM_04113,P_02845,HOSP_001,DOC_039,DEPT_007,2024-06-06,2024-06-10,4,Urgent,439,Rehabilitation
ADM_04114,P_02289,HOSP_005,DOC_027,DEPT_037,2024-04-20,2024-04-24,4,Emergency,221,Transferred
ADM_04115,P_01255,HOSP_004,DOC_038,DEPT_031,2024-03-26,2024-04-01,6,ELECTIVE,386,Home
ADM_04116,P_02387,HOSP_001,DOC_035,DEPT_003,2024-09-06,2024-09-07,1,Elective,265,Home
ADM_04117,P_01439,HOSP_001,DOC_039,DEPT_007,2024-02-15,2024-02-23,8,Emergency,496,Home
ADM_04118,P_03058,HOSP_005,DOC_015,DEPT_038,2025-04-26,2025-04-30,4,Emergency,368,Home
ADM_04119,P_02066,HOSP_001,DOC_023,DEPT_007,2024/08/21 00:00:00,08/27/2024,6,Urgent,363,Home
ADM_04120,P_02661,HOSP_005,DOC_015,DEPT_038,2024-05-14,2024-05-21,7,Emergency,364,Home
ADM_04121,P_03343,HOSP_001,DOC_039,DEPT_007,2024-02-19,2024-02-22,3,Urgent,407,Home
ADM_04122,P_00110,HOSP_001,DOC_023,DEPT_007,2024-06-13,2024-06-17,4,Urgent,287,Home
ADM_04123,P_00852,HOSP_005,DOC_002,DEPT_035,2024-12-23,2024-12-27,4,Elective,144,Home
ADM_04124,P_00852,HOSP_005,DOC_002,DEPT_035,2025-01-17,2025-01-20,3,Emergency,407,Home
ADM_04125,P_02742,HOSP_001,DOC_004,DEPT_005,2025-02-08,2025-02-16,8,Urgent,578,Transferred
ADM_04126,P_02498,HOSP_001,DOC_020,DEPT_008,2024-02-03,2024-02-07,4,Emergency,421,Home
ADM_04127,P_02698,HOSP_003,DOC_011,DEPT_021,11/29/2024,2024-12-01,2,Emergency,499,Home
ADM_04128,P_02081,HOSP_004,DOC_040,DEPT_027,2024-12-15,2024-12-20,5,Elective,268,Home
ADM_04129,P_03485,HOSP_001,DOC_017,DEPT_008,2025-04-17,2025-04-19,2,Elective,387,Transferred
ADM_04130,P_02524,HOSP_001,DOC_008,DEPT_005,2024-08-30,2024-09-02,3,Elective,272,UNKNOWN_VAL
ADM_04131,P_03208,HOSP_001,DOC_034,DEPT_005,2024-06-03,2024-06-08,5,Elective,400,Home
ADM_04132,P_01055,HOSP_005,DOC_003,DEPT_036,2025-03-06,2025-03-08,2,Emergency,315,Transferred
ADM_04133,P_01055,HOSP_005,DOC_003,DEPT_036,2025-04-04,2025-04-12,8,Emergency,364,Home
ADM_04134,P_01630,HOSP_001,DOC_023,DEPT_007,2025-01-11,2025-01-16,5,Elective,553,Home
ADM_04135,P_02021,HOSP_002,DOC_012,DEPT_014,2024-01-11,2024-01-18,7,Urgent,438,Home
ADM_04136,P_00093,HOSP_001,DOC_023,DEPT_007,2024-08-21,2024-08-28,7,Urgent,562,Home
ADM_04137,P_00093,HOSP_001,DOC_023,DEPT_007,2024-09-06,2024-09-11,5,Emergency,593,Home
ADM_04138,P_03124,HOSP_003,DOC_021,DEPT_019,2024-08-16,2024-08-19,3,Emergency,564,Home
ADM_04139,P_02527,HOSP_004,DOC_009,DEPT_030,2024-06-18,2024-06-24,6,Emergency,457,Transferred
ADM_04140,P_03111,HOSP_003,DOC_024,DEPT_024,2025-03-23,2025-03-25,2,Elective,459,Home
ADM_04141,P_01100,HOSP_001,DOC_028,DEPT_005,2025-02-22,2025-02-24,2,Elective,153,Home
ADM_04142,P_01391,HOSP_002,DOC_036,DEPT_016,2024-02-26,2024-02-29,3,Emergency,538,Home
ADM_04143,P_01391,HOSP_002,DOC_036,DEPT_016,2024-03-25,2024-03-28,3,Emergency,195,Home
ADM_04144,P_01202,HOSP_004,DOC_040,DEPT_027,2024-11-26,2024-11-28,2,Urgent,347,Home
ADM_04145,P_02779,HOSP_005,DOC_003,DEPT_036,2024-01-03,2024-01-05,2,Emergency,159,Rehabilitation
ADM_04146,P_02344,HOSP_005,DOC_003,DEPT_036,2024-07-20,2024-07-24,4,  Urgent  ,171,Home
ADM_04147,P_01263,HOSP_005,DOC_018,DEPT_039,2025-02-03,2025-02-07,4,Emergency,284,Home
ADM_04148,P_01938,HOSP_002,DOC_032,DEPT_016,2025-04-04,2025-04-11,7,Emergency,345,Home
ADM_04149,P_01985,HOSP_005,DOC_019,DEPT_039,2024-08-22,2024-08-26,4,Emergency,590,Hospice
ADM_04150,P_01985,HOSP_005,DOC_019,DEPT_039,2024-09-19,2024-09-25,6,Emergency,372,Home
ADM_04151,P_00871,HOSP_001,DOC_022,DEPT_001,08/13/2024,2024-08-23,10,Emergency,115,Home
ADM_04152,P_02532,HOSP_003,DOC_007,DEPT_024,03/15/2025,2025-03-16,1,Elective,466,Home
ADM_04153,P_01711,HOSP_002,DOC_016,DEPT_009,2024-05-16,2024-05-21,5,Elective,494,home
ADM_04154,P_02765,HOSP_003,DOC_006,DEPT_018,2024-09-15,2024-09-19,4,Emergency,496,Home
ADM_04155,P_00552,HOSP_005,DOC_003,DEPT_036,2024-12-13,2024-12-18,5,Emergency,261,Home
ADM_04156,P_03199,HOSP_005,DOC_037,DEPT_035,2024-09-01,04-09-2024,3,Urgent,209,HOME
ADM_04157,P_03184,HOSP_001,DOC_028,DEPT_005,2024-10-11,10/15/2024,4,Elective,576,Transferred
ADM_04158,P_02054,HOSP_003,DOC_031,DEPT_024,2024-07-12,2024-07-20,8,Emergency,472,Home
ADM_04159,P_01464,HOSP_001,DOC_023,DEPT_007,2024-03-12,2024-03-18,6,Emergency,265,Home
ADM_04160,P_02215,HOSP_003,DOC_024,DEPT_024,2024-01-13,2024-01-17,4,Elective,296,Home
ADM_04161,P_01096,HOSP_001,DOC_033,DEPT_002,2024-09-01,2024-09-04,3,Elective,258,Home
ADM_04162,P_02090,HOSP_003,DOC_031,DEPT_024,2024-02-27,2024-02-29,2,Emergency,189,Home
ADM_04163,P_01407,HOSP_001,DOC_023,DEPT_007,2024-05-13,2024-05-16,3,Emergency,534,Home
ADM_04164,P_01407,HOSP_001,DOC_023,DEPT_007,2024-05-28,2024-06-03,6,Emergency,327,Home
ADM_04165,P_02547,HOSP_001,DOC_033,DEPT_002,2024-06-27,2024-07-07,10,Emergency,420,Home
ADM_04166,P_02084,HOSP_005,DOC_019,DEPT_039,2024-05-27,2024-06-01,5,Elective,160,Home
ADM_04167,P_01276,HOSP_003,DOC_024,DEPT_024,2024-01-19,2024-01-22,3,Emergency,208,Home
ADM_04168,P_03135,HOSP_004,DOC_013,DEPT_026,2024-09-03,2024-09-04,1,Emergency,271,Home
ADM_04169,P_02658,HOSP_003,DOC_007,DEPT_024,2025-03-12,2025-03-15,3,Emergency,301,Home
ADM_04170,P_02656,HOSP_001,DOC_008,DEPT_005,2024-04-11,2024-04-14,3,Elective,547,Home
ADM_04171,P_01491,HOSP_004,DOC_040,DEPT_027,2024-06-27,2024-07-02,5,Emergency,191,Home
ADM_04172,P_02355,HOSP_001,DOC_034,DEPT_005,2025-04-25,2025-04-28,3,Emergency,552,Home
ADM_04173,P_02653,HOSP_003,DOC_010,DEPT_021,2024-05-27,2024-06-07,11,Emergency,335,Home
ADM_04174,P_03470,HOSP_002,DOC_030,DEPT_014,2025-01-03,2025-01-07,4,Emergency,540,Home
ADM_04175,P_03470,HOSP_002,DOC_030,DEPT_014,2025-02-01,2025-02-11,10,  Emergency  ,293,home
ADM_04176,P_01809,HOSP_002,DOC_030,DEPT_014,2024-05-30,2024-06-01,2,Urgent,126,Home
ADM_04177,P_03399,HOSP_001,DOC_017,DEPT_008,2024-10-06,2024-10-10,4,Elective,403,Home
ADM_04178,P_02129,HOSP_001,DOC_022,DEPT_001,11/05/2024,2024-11-08,3,Emergency,232,Home
ADM_04179,P_00915,HOSP_005,DOC_027,DEPT_037,2024-10-20,2024-10-28,8,Elective,409,Home
ADM_04180,P_00842,HOSP_001,DOC_020,DEPT_008,2025-02-01,2025-02-05,4,Elective,364,Home
ADM_04181,P_00842,HOSP_001,DOC_020,DEPT_008,2025-02-14,2025-02-25,11,Emergency,466,Home
ADM_04182,P_02072,HOSP_005,DOC_027,DEPT_037,2024-02-11,2024-02-17,6,Emergency,458,Home
ADM_04183,P_02157,HOSP_003,DOC_031,DEPT_024,2025-02-16,2025-02-19,3,Elective,472,Home
ADM_04184,P_02157,HOSP_003,DOC_031,DEPT_024,2025-03-15,2025-03-18,-3,Emergency,128,Home
ADM_04185,P_02211,HOSP_005,DOC_019,DEPT_039,2024-04-06,2024-04-09,3,  Emergency  ,424,Home
ADM_04186,P_01303,HOSP_003,DOC_011,DEPT_021,2025-01-06,2025-01-10,4,Emergency,,Home
ADM_04187,P_02312,HOSP_005,DOC_003,DEPT_036,2024-11-23,2024-11-29,6,Elective,199,Transferred
ADM_04188,P_02717,HOSP_001,DOC_005,DEPT_006,2024-03-09,2024-03-13,4,Urgent,263,Home
ADM_04189,P_02855,HOSP_002,DOC_032,DEPT_016,2024-06-02,2024-06-09,7,Emergency,509,Rehabilitation
ADM_04190,P_02178,HOSP_001,DOC_020,DEPT_008,2025-04-19,2025-04-28,9,Emergency,490,Home
ADM_04191,P_01810,HOSP_001,DOC_028,DEPT_005,2024-10-20,2024-10-25,5,Emergency,530,Home
ADM_04192,P_00386,HOSP_003,DOC_011,DEPT_021,07/31/2024,2024-08-03,3,ELECTIVE,353,Home
ADM_04193,P_02124,HOSP_002,DOC_016,DEPT_009,2024-08-18,2024-08-23,5,Urgent,366,Home
ADM_04194,P_02847,HOSP_002,DOC_016,DEPT_009,2024-06-27,2024-07-08,11,Elective,187,Home
ADM_04195,P_03018,HOSP_002,DOC_016,DEPT_009,2025-01-26,2025-02-02,7,Elective,398,Home
ADM_04196,P_02937,HOSP_002,DOC_012,DEPT_014,2024-04-13,2024-04-18,5,emergency,364,  Home  
ADM_04197,P_00229,HOSP_002,DOC_012,DEPT_014,2024-05-27,2024-05-30,3,Emergency,139,Transferred
ADM_04198,P_03137,HOSP_004,DOC_025,DEPT_032,2024-04-01,2024-04-05,4,Urgent,494,Home
ADM_04199,P_03137,HOSP_004,DOC_025,DEPT_032,2024-04-11,14-04-2024,3,Emergency,566,Home
ADM_04200,P_03209,HOSP_005,DOC_019,DEPT_039,2024-11-01,2024-11-03,2,Emergency,202,Transferred
ADM_04201,P_03209,HOSP_005,DOC_019,DEPT_039,2024-11-28,2024-12-05,7,EMERGENCY,128,Home
ADM_04202,P_00631,HOSP_002,DOC_014,DEPT_009,21-02-2024,2024-02-23,2,Elective,,Home
ADM_04203,P_00137,HOSP_004,DOC_009,DEPT_030,2024-09-25,2024-09-29,4,Elective,294,Home
ADM_04204,P_00137,HOSP_004,DOC_009,DEPT_030,2024-10-22,2024-10-25,3,Emergency,536,Home
ADM_04205,P_01985,HOSP_004,DOC_025,DEPT_032,28-04-2024,2024-04-30,2,Urgent,206,Home
ADM_04206,P_01985,HOSP_004,DOC_025,DEPT_032,2024-05-16,2024-05-22,6,EMERGENCY,101,Home
ADM_04207,P_00744,HOSP_004,DOC_025,DEPT_032,2025-05-11,2025-05-14,3,Urgent,287,Home
ADM_04208,P_01631,HOSP_005,DOC_018,DEPT_039,2024-02-07,2024-02-09,2,Elective,403,Home
ADM_04209,P_03297,HOSP_002,DOC_036,DEPT_016,2024-12-05,2024-12-08,3,Urgent,187,Home
ADM_04210,P_01355,HOSP_003,DOC_010,DEPT_021,2024-02-18,2024-02-20,2,Emergency,145,Home
ADM_04211,P_01102,HOSP_005,DOC_015,DEPT_038,2025-04-29,2025-05-07,8,EMERGENCY,343,REHABILITATION
ADM_04212,P_01102,HOSP_005,DOC_015,DEPT_038,2025-05-16,2025-05-25,9,Emergency,442,Home
ADM_04213,P_01562,HOSP_001,DOC_033,DEPT_002,2024-07-06,2024-07-12,6,Emergency,506,Home
ADM_04214,P_02196,HOSP_003,DOC_024,DEPT_024,2024-03-27,2024-03-30,3,Emergency,484,Home
ADM_04215,P_00581,HOSP_002,DOC_016,DEPT_009,2024-06-19,2024-06-25,6,Emergency,549,Home
ADM_04216,P_00691,HOSP_001,DOC_017,DEPT_008,2024-01-19,2024-01-24,5,Urgent,577,Rehabilitation
ADM_04217,P_01476,HOSP_002,DOC_016,DEPT_009,2024-01-24,2024-01-27,3,Elective,592,Rehabilitation
ADM_04218,P_00475,HOSP_005,DOC_015,DEPT_038,2024-11-09,2024-11-13,4,Emergency,435,Home
ADM_04219,P_02175,HOSP_001,DOC_039,DEPT_007,2024-03-10,2024-03-12,2,Elective,184,Transferred
ADM_04220,P_00805,HOSP_005,DOC_018,DEPT_039,2024-01-27,2024-01-29,2,Elective,291,Home
ADM_04221,P_01716,HOSP_002,DOC_036,DEPT_016,2025-02-10,2025-02-14,4,Urgent,215,Deceased
ADM_04222,P_00897,HOSP_001,DOC_022,DEPT_001,2024-07-06,2024-07-09,3,Urgent,,Home
ADM_04223,P_01519,HOSP_004,DOC_038,DEPT_031,2024-10-11,2024-10-16,5,Emergency,384,Transferred
ADM_04224,P_01519,HOSP_004,DOC_038,DEPT_031,2024-10-25,2024-10-29,4,Emergency,413,Home
ADM_04225,P_02310,HOSP_005,DOC_029,DEPT_036,2024-06-01,2024-06-05,4,Elective,,Home
ADM_04226,P_00174,HOSP_005,DOC_003,DEPT_036,2025-03-23,2025-03-27,4,  Emergency  ,464,Home
ADM_04227,P_00855,HOSP_004,DOC_013,DEPT_026,2025-04-09,2025-04-12,3,Elective,598,Home
ADM_04228,P_00516,HOSP_003,DOC_026,DEPT_020,2024-11-18,2024-11-22,4,emergency,247,Home
ADM_04229,P_00516,HOSP_003,DOC_026,DEPT_020,2024-12-03,2024-12-10,7,Emergency,333,Home
ADM_04230,P_01517,HOSP_005,DOC_002,DEPT_035,2024/02/22 00:00:00,2024-03-02,9,Elective,270,Home
ADM_04231,P_01690,HOSP_003,DOC_026,DEPT_020,2024-06-26,2024-06-29,3,Elective,491,Home
ADM_04232,P_02507,HOSP_005,DOC_003,DEPT_036,2024-11-26,2024-11-29,3,Emergency,,Home
ADM_04233,P_02420,HOSP_002,DOC_032,DEPT_016,2025-03-19,2025-03-26,7,Elective,168,Home
ADM_04234,P_02420,HOSP_002,DOC_032,DEPT_016,2025-04-03,2025-04-14,11,Emergency,248,  Home  
ADM_04235,P_00745,HOSP_005,DOC_003,DEPT_036,2024-05-09,2024-05-15,6,Emergency,222,Home
ADM_04236,P_02828,HOSP_001,DOC_005,DEPT_006,2024-10-20,2024-10-28,8,Emergency,319,Home
ADM_04237,P_03493,HOSP_005,DOC_037,DEPT_035,2024-08-28,2024-08-31,3,Urgent,534,Home
ADM_04238,P_01009,HOSP_004,DOC_025,DEPT_032,2025-01-23,2025-01-30,7,Emergency,490,Home
ADM_04239,P_02752,HOSP_003,DOC_006,DEPT_018,2025-03-08,2025-03-14,6,EMERGENCY,526,Home
ADM_04240,P_00203,HOSP_003,DOC_010,DEPT_021,2024-10-07,2024-10-09,2,Emergency,173,Home
ADM_04241,P_00886,HOSP_003,DOC_011,DEPT_021,10-10-2024,2024-10-14,4,Emergency,597,Transferred
ADM_04242,P_01105,HOSP_003,DOC_001,DEPT_023,2025/01/01 00:00:00,2025-01-02,1,Elective,576,Home
ADM_04243,P_01352,HOSP_001,DOC_020,DEPT_008,2024-03-10,2024-03-15,5,Emergency,179,Home
ADM_04244,P_00700,HOSP_005,DOC_019,DEPT_039,2024-05-02,2024-05-09,7,Emergency,167,Home
ADM_04245,P_00229,HOSP_003,DOC_001,DEPT_023,01/14/2024,2024-01-17,3,Emergency,369,Home
ADM_04246,P_00702,HOSP_001,DOC_035,DEPT_003,2024-12-03,2024-12-06,3,Elective,220,Home
ADM_04247,P_01364,HOSP_001,DOC_004,DEPT_005,2024-11-24,2024-11-26,2,Elective,149,Home
ADM_04248,P_02926,HOSP_005,DOC_015,DEPT_038,2024-06-20,2024-06-24,4,Emergency,265,Home
ADM_04249,P_01560,HOSP_001,DOC_008,DEPT_005,2024-11-21,2024-11-27,6,Urgent,194,Deceased
ADM_04250,P_02411,HOSP_005,DOC_018,DEPT_039,2025-04-02,2025-04-11,9,Elective,308,Home
ADM_04251,P_03012,HOSP_002,DOC_032,DEPT_016,2025-02-13,2025-02-14,1,Emergency,493,Home
ADM_04252,P_02202,HOSP_001,DOC_039,DEPT_007,2025-03-20,2025-03-29,9,Elective,285,Home
ADM_04253,P_00883,HOSP_004,DOC_025,DEPT_032,2024-02-05,2024-02-10,5,Urgent,196,  Home  
ADM_04254,P_00002,HOSP_002,DOC_030,DEPT_014,2024-01-21,2024-01-28,7,Elective,558,Home
ADM_04255,P_00973,HOSP_004,DOC_025,DEPT_032,2024-01-29,2024-02-04,6,Emergency,565,Rehabilitation
ADM_04256,P_00973,HOSP_004,DOC_025,DEPT_032,2024-02-17,2024-02-23,6,Emergency,316,Home
ADM_04257,P_01925,HOSP_003,DOC_011,DEPT_021,2024-08-03,2024-08-07,4,  Emergency  ,568,Home
ADM_04258,P_03198,HOSP_004,DOC_013,DEPT_026,2024-08-07,2024-08-12,5,Emergency,264,  Home  
ADM_04259,P_02739,HOSP_001,DOC_035,DEPT_003,2024-10-19,2024-10-23,4,Elective,332,Home
ADM_04260,P_00801,HOSP_001,DOC_035,DEPT_003,2025-01-06,2025-01-10,4,Elective,199,Home
ADM_04261,P_02059,HOSP_003,DOC_010,DEPT_021,2024-02-02,2024-02-08,6,Emergency,181,Home
ADM_04262,P_00679,HOSP_002,DOC_012,DEPT_014,2024-03-23,2024-03-26,3,Urgent,200,Transferred
ADM_04263,P_02139,HOSP_003,DOC_006,DEPT_018,2024-04-10,2024-04-17,7,Elective,190,Rehabilitation
ADM_04264,P_02957,HOSP_003,DOC_011,DEPT_021,2024-04-21,2024-04-28,7,Emergency,,Deceased
ADM_04265,P_00593,HOSP_002,DOC_032,DEPT_016,2024-12-14,2024-12-17,3,EMERGENCY,461,Home
ADM_04266,P_01194,HOSP_005,DOC_003,DEPT_036,2025-03-25,2025-03-31,6,Elective,242,Home
ADM_04267,P_01226,HOSP_001,DOC_005,DEPT_006,2024-03-28,2024-04-03,6,Emergency,194,Rehabilitation
ADM_04268,P_01226,HOSP_001,DOC_005,DEPT_006,2024-04-10,2024-04-14,4,Emergency,228,Home
ADM_04269,P_03322,HOSP_003,DOC_024,DEPT_024,2024-07-17,2024-07-23,6,Emergency,440,Home
ADM_04270,P_03376,HOSP_005,DOC_037,DEPT_035,2024-04-22,2024-05-01,9,Elective,547,Home
ADM_04271,P_02857,HOSP_001,DOC_023,DEPT_007,2024-01-18,2024-01-26,8,Emergency,455,Rehabilitation
ADM_04272,P_02514,HOSP_004,DOC_013,DEPT_026,2024-04-10,2024-04-12,2,Elective,157,Home
ADM_04273,P_01444,HOSP_004,DOC_013,DEPT_026,2025-03-15,2025-03-21,6,Emergency,472,Transferred
ADM_04274,P_00960,HOSP_002,DOC_014,DEPT_009,2025-01-01,2025-01-08,7,Elective,582,Home
ADM_04275,P_02386,HOSP_003,DOC_024,DEPT_024,2025-02-07,02/10/2025,3,Elective,512,Home
ADM_04276,P_02497,HOSP_005,DOC_002,DEPT_035,23-06-2024,2024-06-30,7,Emergency,427,Home
ADM_04277,P_03050,HOSP_005,DOC_018,DEPT_039,2024-06-23,2024-06-26,3,Elective,276,Home
ADM_04278,P_03050,HOSP_005,DOC_018,DEPT_039,2024-07-21,2024-07-26,5,Emergency,,Home
ADM_04279,P_01415,HOSP_003,DOC_031,DEPT_024,2024-03-07,03/10/2024,3,Emergency,448,Home
ADM_04280,P_00783,HOSP_003,DOC_001,DEPT_023,2024-01-03,2024-01-06,3,Elective,547,Home
ADM_04281,P_00287,HOSP_002,DOC_036,DEPT_016,2024-08-11,2024-08-16,5,Elective,,Home
ADM_04282,P_01221,HOSP_003,DOC_026,DEPT_020,2024-12-14,2024-12-16,2,Elective,422,Home
ADM_04283,P_00689,HOSP_004,DOC_040,DEPT_027,2024-02-20,2024-02-24,4,Emergency,287,Home
ADM_04284,P_02648,HOSP_004,DOC_025,DEPT_032,2025-03-21,2025-03-26,5,Emergency,494,Home
ADM_04285,P_01561,HOSP_005,DOC_037,DEPT_035,2024-03-10,2024-03-13,3,Elective,532,UNKNOWN_VAL
ADM_04286,P_02706,HOSP_003,DOC_001,DEPT_023,2025-01-17,2025-01-25,8,Emergency,446,Transferred
ADM_04287,P_02799,HOSP_003,DOC_024,DEPT_024,2025-02-15,2025-02-19,4,Urgent,235,Home
ADM_04288,P_02564,HOSP_003,DOC_007,DEPT_024,2025-02-11,2025-02-21,10,EMERGENCY,556,Home
ADM_04289,P_03074,HOSP_003,DOC_024,DEPT_024,2024-06-30,2024-07-02,2,Elective,255,Home
ADM_04290,P_00586,HOSP_001,DOC_028,DEPT_005,2024-12-03,2024-12-08,5,  Emergency  ,430,Home
ADM_04291,P_02079,HOSP_005,DOC_002,DEPT_035,2025-02-06,2025-02-11,5,Elective,235,Home
ADM_04292,P_00203,HOSP_003,DOC_021,DEPT_019,2024-10-18,2024-10-22,4,Emergency,227,Home
ADM_04293,P_00821,HOSP_001,DOC_028,DEPT_005,2025-02-24,2025-03-01,5,Emergency,531,Transferred
ADM_04294,P_03112,HOSP_004,DOC_013,DEPT_026,2025-05-15,2025-05-21,6,Elective,263,Home
ADM_04295,P_01109,HOSP_005,DOC_015,DEPT_038,2024-03-12,2024-03-19,7,Urgent,251,Home
ADM_04296,P_00904,HOSP_001,DOC_020,DEPT_008,2025-03-20,2025-03-24,4,  Emergency  ,558,Home
ADM_04297,P_03446,HOSP_002,DOC_014,DEPT_009,2024/09/01 00:00:00,2024-09-07,6,Emergency,531,Home
ADM_04298,P_02914,HOSP_005,DOC_018,DEPT_039,2024-04-07,2024-04-10,3,Elective,133,Home
ADM_04299,P_01373,HOSP_005,DOC_027,DEPT_037,30-09-2024,2024-10-07,7,Emergency,416,Rehabilitation
ADM_04300,P_03020,HOSP_003,DOC_024,DEPT_024,2024-05-03,2024-05-12,9,Elective,482,Rehabilitation
ADM_04301,P_00764,HOSP_003,DOC_011,DEPT_021,2024-07-05,2024-07-12,7,Emergency,305,Transferred
ADM_04302,P_01130,HOSP_004,DOC_038,DEPT_031,2024-08-15,2024-08-18,3,Emergency,131,Home
ADM_04303,P_01782,HOSP_005,DOC_029,DEPT_036,2024-11-29,2024-12-02,3,Elective,244,Home
ADM_04304,P_01782,HOSP_005,DOC_029,DEPT_036,2024-12-18,2025-01-04,17,Emergency,421,Home
ADM_04305,P_00954,HOSP_005,DOC_003,DEPT_036,2024-08-26,2024-09-04,9,Urgent,335,home
ADM_04306,P_00954,HOSP_005,DOC_003,DEPT_036,2024-09-30,2024-10-09,9,Emergency,120,Home
ADM_04307,P_02998,HOSP_001,DOC_005,DEPT_006,2025-01-10,2025-01-19,9,Emergency,529,HOME
ADM_04308,P_01188,HOSP_001,DOC_034,DEPT_005,2025-01-29,2025-02-02,4,Emergency,427,Home
ADM_04309,P_01218,HOSP_004,DOC_009,DEPT_030,2024-02-23,2024-02-29,6,Emergency,257,Home
ADM_04310,P_02935,HOSP_004,DOC_038,DEPT_031,2024-11-30,2024-12-08,8,Emergency,399,Home
ADM_04311,P_00285,HOSP_001,DOC_004,DEPT_005,2024-12-02,2024-12-06,4,Urgent,324,Home
ADM_04312,P_00695,HOSP_004,DOC_013,DEPT_026,2024-12-18,2024-12-24,6,Emergency,250,Transferred
ADM_04313,P_02335,HOSP_002,DOC_012,DEPT_014,2024-01-16,2024-01-24,8,emergency,108,Home
ADM_04314,P_01697,HOSP_005,DOC_019,DEPT_039,2024-01-29,2024-01-31,2,Urgent,137,Home
ADM_04315,P_00242,HOSP_002,DOC_030,DEPT_014,2024-01-21,2024-01-25,4,Elective,595,Home
ADM_04316,P_00242,HOSP_002,DOC_030,DEPT_014,2024-01-28,02/07/2024,10,Emergency,509,Home
ADM_04317,P_01426,HOSP_003,DOC_024,DEPT_024,2025-02-06,2025-02-11,5,Emergency,472,Home
ADM_04318,P_02139,HOSP_001,DOC_033,DEPT_002,2024-08-21,2024-08-26,5,Elective,312,Home
ADM_04319,P_00064,HOSP_001,DOC_028,DEPT_005,2024-08-15,2024-08-19,4,Urgent,159,Home
ADM_04320,P_01095,HOSP_001,DOC_008,DEPT_005,2024-05-15,2024-05-23,8,Elective,136,Home
ADM_04321,P_01361,HOSP_003,DOC_026,DEPT_020,2024-01-11,2024-01-14,3,Elective,468,Home
ADM_04322,P_00539,HOSP_002,DOC_030,DEPT_014,2024-08-30,2024-09-02,3,Emergency,275,HOME
ADM_04323,P_03189,HOSP_005,DOC_015,DEPT_038,2024-10-03,2024-10-05,2,Emergency,,Home
ADM_04324,P_00501,HOSP_001,DOC_008,DEPT_005,2024-02-10,2024-02-14,4,Urgent,542,Home
ADM_04325,P_02970,HOSP_003,DOC_031,DEPT_024,2025-03-09,2025-03-14,5,Emergency,289,Home
ADM_04326,P_02525,HOSP_004,DOC_013,DEPT_026,2024-05-14,2024-05-15,1,Emergency,431,Home
ADM_04327,P_01728,HOSP_003,DOC_021,DEPT_019,2024-01-06,2024-01-09,3,Elective,547,Hospice
ADM_04328,P_01728,HOSP_003,DOC_021,DEPT_019,2024-01-22,2024-01-29,7,Emergency,278,Home
ADM_04329,P_00883,HOSP_001,DOC_008,DEPT_005,2025-03-10,2025-03-16,6,Elective,355,Home
ADM_04330,P_00305,HOSP_002,DOC_012,DEPT_014,2024-03-15,2024-03-25,10,Emergency,475,Home
ADM_04331,P_00131,HOSP_001,DOC_035,DEPT_003,2024-11-27,2024-12-03,6,Urgent,470,Home
ADM_04332,P_01232,HOSP_005,DOC_002,DEPT_035,2024-10-07,2024-10-11,4,Elective,117,Home
ADM_04333,P_01756,HOSP_004,DOC_038,DEPT_031,2024-03-06,2024-03-11,5,Emergency,516,Rehabilitation
ADM_04334,P_00962,HOSP_005,DOC_027,DEPT_037,2024-01-20,2024-01-25,5,Emergency,576,Home
ADM_04335,P_02386,HOSP_004,DOC_040,DEPT_027,10/21/2024,2024-10-24,3,Emergency,546,Home
ADM_04336,P_02420,HOSP_003,DOC_007,DEPT_024,2025-04-28,2025-05-03,5,Elective,495,Transferred
ADM_04337,P_02420,HOSP_003,DOC_007,DEPT_024,2025-05-31,2025-06-05,5,Emergency,404,Home
ADM_04338,P_02504,HOSP_001,DOC_033,DEPT_002,2024-02-28,2024-03-04,5,  Emergency  ,419,Home
ADM_04339,P_02504,HOSP_001,DOC_033,DEPT_002,2024-03-29,2024-04-04,6,Emergency,156,  Home  
ADM_04340,P_03242,HOSP_004,DOC_038,DEPT_031,2024-03-10,2024-03-14,4,elective,429,Transferred
ADM_04341,P_00757,HOSP_001,DOC_034,DEPT_005,23-09-2024,2024-09-27,4,Emergency,475,Rehabilitation
ADM_04342,P_00315,HOSP_001,DOC_022,DEPT_001,2024-12-29,2025-01-05,7,Elective,418,Rehabilitation
ADM_04343,P_00615,HOSP_001,DOC_023,DEPT_007,2024-05-15,2024-05-21,6,  Elective  ,269,Home
ADM_04344,P_00609,HOSP_003,DOC_026,DEPT_020,2024-08-06,2024-08-10,4,emergency,224,HOME
ADM_04345,P_02182,HOSP_001,DOC_028,DEPT_005,2024-11-16,2024-11-22,6,Elective,323,Home
ADM_04346,P_02248,HOSP_001,DOC_005,DEPT_006,2025-03-25,2025-03-29,4,Emergency,587,Home
ADM_04347,P_03138,HOSP_003,DOC_011,DEPT_021,2024-10-16,2024-10-20,4,Elective,549,Home
ADM_04348,P_01919,HOSP_003,DOC_010,DEPT_021,2025-02-23,2025-02-27,4,Emergency,318,Home
ADM_04349,P_02019,HOSP_003,DOC_031,DEPT_024,2024-09-11,2024-09-21,10,Elective,297,Home
ADM_04350,P_01866,HOSP_002,DOC_030,DEPT_014,2024-09-16,2024-09-25,9,Emergency,361,Home
ADM_04351,P_00552,HOSP_001,DOC_017,DEPT_008,2025-05-06,2025-05-09,3,Emergency,214,Home
ADM_04352,P_02593,HOSP_001,DOC_023,DEPT_007,2024-02-12,2024-02-16,4,Elective,212,Transferred
ADM_04353,P_02593,HOSP_001,DOC_023,DEPT_007,2024-03-14,2024-03-21,7,  Emergency  ,149,Home
ADM_04354,P_01456,HOSP_002,DOC_030,DEPT_014,2024-10-22,2024-10-28,6,EMERGENCY,443,Home
ADM_04355,P_01456,HOSP_002,DOC_030,DEPT_014,2024-11-13,2024-11-17,4,Emergency,297,Home
ADM_04356,P_00344,HOSP_004,DOC_025,DEPT_032,2024-11-25,2024/11/28 00:00:00,3,Emergency,523,Home
ADM_04357,P_00619,HOSP_004,DOC_038,DEPT_031,2025-02-19,2025-02-20,1,Urgent,447,Home
ADM_04358,P_00576,HOSP_004,DOC_025,DEPT_032,2024-11-25,2024-12-01,6,Urgent,551,Home
ADM_04359,P_02794,HOSP_002,DOC_036,DEPT_016,2025-04-14,2025-04-16,2,Urgent,316,Hospice
ADM_04360,P_00359,HOSP_005,DOC_002,DEPT_035,2024-10-10,2024-10-13,3,Emergency,419,  Home  
ADM_04361,P_00111,HOSP_005,DOC_037,DEPT_035,2024-04-02,2024-04-09,7,Elective,344,Home
ADM_04362,P_01602,HOSP_003,DOC_031,DEPT_024,2024-04-20,2024-04-27,7,Elective,370,Home
ADM_04363,P_01710,HOSP_005,DOC_015,DEPT_038,2025-03-30,2025-04-09,10,Urgent,398,Home
ADM_04364,P_01710,HOSP_005,DOC_015,DEPT_038,2025-04-23,2025-05-08,15,Emergency,122,Home
ADM_04365,P_01603,HOSP_003,DOC_026,DEPT_020,2024-12-25,2025-01-10,16,Emergency,319,Deceased
ADM_04366,P_00036,HOSP_001,DOC_022,DEPT_001,2024-06-30,2024-07-04,4,Emergency,432,Home
ADM_04367,P_00036,HOSP_001,DOC_022,DEPT_001,2024-08-02,2024-08-07,5,Emergency,,Home
ADM_04368,P_00200,HOSP_001,DOC_039,DEPT_007,2024-01-28,03-02-2024,6,elective,420,Home
ADM_04369,P_00200,HOSP_001,DOC_039,DEPT_007,2024-02-17,2024-02-20,3,Emergency,124,Home
ADM_04370,P_02834,HOSP_004,DOC_038,DEPT_031,2025-01-24,2025-01-28,4,Elective,599,Home
ADM_04371,P_01766,HOSP_005,DOC_019,DEPT_039,2024-06-08,2024-06-13,5,Elective,483,Home
ADM_04372,P_01180,HOSP_001,DOC_005,DEPT_006,2025-03-08,2025-03-14,6,Emergency,133,Home
ADM_04373,P_01180,HOSP_001,DOC_005,DEPT_006,2025-03-28,2025-04-05,8,emergency,106,Home
ADM_04374,P_02864,HOSP_002,DOC_012,DEPT_014,2024-11-01,2024-11-05,4,Elective,412,Hospice
ADM_04375,P_00174,HOSP_005,DOC_029,DEPT_036,2024-07-23,2024-07-25,2,Emergency,422,Home
ADM_04376,P_02068,HOSP_001,DOC_008,DEPT_005,2025-01-14,2025-01-16,2,Urgent,549,Home
ADM_04377,P_02198,HOSP_002,DOC_014,DEPT_009,2024-07-30,2024-07-31,1,Elective,107,Home
ADM_04378,P_00971,HOSP_004,DOC_009,DEPT_030,03/04/2025,2025-03-07,3,Urgent,242,Home
ADM_04379,P_02309,HOSP_003,DOC_006,DEPT_018,2025-05-13,2025-05-15,2,Emergency,324,Home
ADM_04380,P_01364,HOSP_003,DOC_024,DEPT_024,2024-01-12,2024-01-15,3,Urgent,504,Deceased
ADM_04381,P_00167,HOSP_005,DOC_018,DEPT_039,2024-04-06,2024-04-12,6,Urgent,545,Home
ADM_04382,P_00816,HOSP_003,DOC_007,DEPT_024,2024-06-19,2024-06-21,2,Urgent,581,Home
ADM_04383,P_02724,HOSP_004,DOC_009,DEPT_030,2025-04-02,2025-04-07,5,Emergency,466,Home
ADM_04384,P_02206,HOSP_002,DOC_016,DEPT_009,2025-02-25,2025-03-01,4,Elective,201,Home
ADM_04385,P_02389,HOSP_001,DOC_004,DEPT_005,2024-04-19,2024-04-24,5,Emergency,,Home
ADM_04386,P_02389,HOSP_001,DOC_004,DEPT_005,2024-05-08,2024-05-16,8,Emergency,551,Home
ADM_04387,P_01621,HOSP_003,DOC_031,DEPT_024,2025-05-02,2025-05-06,4,Emergency,506,Home
ADM_04388,P_01332,HOSP_001,DOC_005,DEPT_006,2025-03-30,2025-04-04,5,Emergency,457,Home
ADM_04389,P_02023,HOSP_005,DOC_019,DEPT_039,2024-04-13,2024-04-17,4,Elective,100,Home
ADM_04390,P_02123,HOSP_003,DOC_007,DEPT_024,2024-03-28,2024-03-31,3,Emergency,490,Home
ADM_04391,P_03386,HOSP_005,DOC_002,DEPT_035,2024-04-16,2024-04-19,3,Elective,101,Home
ADM_04392,P_00474,HOSP_003,DOC_001,DEPT_023,2024-05-07,2024-05-13,6,Elective,102,Transferred
ADM_04393,P_02060,HOSP_003,DOC_010,DEPT_021,2025-03-09,2025/03/18 00:00:00,9,Emergency,516,Rehabilitation
ADM_04394,P_03148,HOSP_003,DOC_026,DEPT_020,2024-01-05,2024-01-13,8,Elective,395,Home
ADM_04395,P_01901,HOSP_001,DOC_023,DEPT_007,2024-09-07,2024-09-09,2,Elective,507,Home
ADM_04396,P_01449,HOSP_001,DOC_008,DEPT_005,2025-03-29,2025-04-07,9,Emergency,109,Home
ADM_04397,P_02043,HOSP_003,DOC_026,DEPT_020,2024-05-13,2024-05-16,3,Emergency,124,Rehabilitation
ADM_04398,P_01150,HOSP_005,DOC_015,DEPT_038,2025-02-05,2025-02-10,5,Elective,,Home
ADM_04399,P_01633,HOSP_001,DOC_005,DEPT_006,2024-08-10,2024/08/15 00:00:00,5,Urgent,453,Home
ADM_04400,P_00692,HOSP_002,DOC_030,DEPT_014,2024-12-19,2024-12-21,2,Urgent,320,Home
ADM_04401,P_00429,HOSP_005,DOC_002,DEPT_035,2024-06-23,2024-06-27,4,Emergency,538,Home
ADM_04402,P_00694,HOSP_004,DOC_025,DEPT_032,2024-01-10,2024-01-19,9,Elective,432,Home
ADM_04403,P_01239,HOSP_005,DOC_027,DEPT_037,2024-07-01,2024-07-02,1,Elective,562,Home
ADM_04404,P_01239,HOSP_005,DOC_027,DEPT_037,2024-07-21,2024-08-08,18,Emergency,400,home
ADM_04405,P_01299,HOSP_004,DOC_025,DEPT_032,2024-10-03,2024-10-04,1,Elective,228,Home
ADM_04406,P_02560,HOSP_005,DOC_037,DEPT_035,2025-04-04,2025-04-09,5,Emergency,399,home
ADM_04407,P_01843,HOSP_005,DOC_018,DEPT_039,2024-06-29,2024-07-01,2,Emergency,132,Home
ADM_04408,P_01843,HOSP_005,DOC_018,DEPT_039,2024-07-09,2024-07-17,8,Emergency,219,Home
ADM_04409,P_02217,HOSP_005,DOC_019,DEPT_039,2024-10-11,2024-10-19,8,Emergency,427,Home
ADM_04410,P_01245,HOSP_001,DOC_020,DEPT_008,2024-05-10,2024-05-17,7,Emergency,214,  Home  
ADM_04411,P_02743,HOSP_005,DOC_029,DEPT_036,2025-04-07,2025-04-14,7,Emergency,430,Transferred
ADM_04412,P_00152,HOSP_004,DOC_040,DEPT_027,2025-05-11,2025-05-15,4,  Urgent  ,324,Home
ADM_04413,P_01391,HOSP_005,DOC_015,DEPT_038,2025-02-02,2025-02-04,2,Elective,326,Home
ADM_04414,P_01391,HOSP_005,DOC_015,DEPT_038,02/13/2025,2025-02-25,12,Emergency,153,Home
ADM_04415,P_02166,HOSP_002,DOC_014,DEPT_009,2024-11-30,2024-12-12,12,Emergency,108,Home
ADM_04416,P_00054,HOSP_003,DOC_011,DEPT_021,2024-05-26,2024-05-31,5,Urgent,349,Home
ADM_04417,P_02201,HOSP_001,DOC_022,DEPT_001,2024-03-21,2024-03-25,4,URGENT,470,Home
ADM_04418,P_00322,HOSP_003,DOC_021,DEPT_019,2024-02-05,2024-02-08,3,Elective,181,Rehabilitation
ADM_04419,P_00322,HOSP_003,DOC_021,DEPT_019,2024-03-08,2024-03-17,9,Emergency,318,Home
ADM_04420,P_02015,HOSP_003,DOC_026,DEPT_020,2025-01-11,2025-01-19,8,Emergency,411,Home
ADM_04421,P_01675,HOSP_005,DOC_003,DEPT_036,2024-02-15,2024-02-19,4,Emergency,318,rehabilitation
ADM_04422,P_01300,HOSP_001,DOC_033,DEPT_002,2025-03-29,2025-04-08,10,Elective,181,Home
ADM_04423,P_02891,HOSP_001,DOC_020,DEPT_008,2024-03-07,2024-03-13,6,Elective,284,Transferred
ADM_04424,P_02891,HOSP_001,DOC_020,DEPT_008,2024-04-09,2024-04-15,6,Emergency,395,Home
ADM_04425,P_00896,HOSP_002,DOC_036,DEPT_016,2025-02-22,2025-02-27,5,Emergency,569,Home
ADM_04426,P_00171,HOSP_001,DOC_020,DEPT_008,2025-01-04,2025-01-07,3,emergency,452,Home
ADM_04427,P_00953,HOSP_005,DOC_037,DEPT_035,2024-10-08,2024-10-15,7,Emergency,563,Home
ADM_04428,P_00953,HOSP_005,DOC_037,DEPT_035,2024-10-26,2024-10-30,4,  Emergency  ,293,home
ADM_04429,P_01598,HOSP_001,DOC_039,DEPT_007,2025-01-21,2025/01/24 00:00:00,3,Emergency,231,  Home  
ADM_04430,P_01206,HOSP_001,DOC_039,DEPT_007,2024-09-28,2024-10-02,4,Emergency,409,Home
ADM_04431,P_02913,HOSP_003,DOC_026,DEPT_020,2025-02-10,2025-02-21,11,Emergency,451,Home
ADM_04432,P_02913,HOSP_003,DOC_026,DEPT_020,2025-03-03,2025-03-10,7,Emergency,543,Home
ADM_04433,P_00315,HOSP_001,DOC_023,DEPT_007,2024-12-05,2024-12-08,3,Urgent,108,Home
ADM_04434,P_01910,HOSP_001,DOC_039,DEPT_007,2025-02-12,2025-02-17,5,Urgent,507,Home
ADM_04435,P_01194,HOSP_001,DOC_034,DEPT_005,2024-12-22,2024-12-28,6,Elective,111,Home
ADM_04436,P_00311,HOSP_001,DOC_023,DEPT_007,2024-02-01,2024-02-09,8,Elective,510,Transferred
ADM_04437,P_00926,HOSP_002,DOC_016,DEPT_009,2025-04-21,2025-04-25,4,Urgent,136,Transferred
ADM_04438,P_00926,HOSP_002,DOC_016,DEPT_009,2025-05-14,2025-05-18,4,Emergency,176,Home
ADM_04439,P_02470,HOSP_001,DOC_017,DEPT_008,2024-06-26,2024-07-09,13,Emergency,206,Home
ADM_04440,P_00817,HOSP_002,DOC_032,DEPT_016,2024-10-13,2024-10-18,5,elective,351,Home
ADM_04441,P_03084,HOSP_001,DOC_020,DEPT_008,2024-03-15,2024-03-18,3,Urgent,511,Home
ADM_04442,P_00911,HOSP_001,DOC_034,DEPT_005,2025-03-08,2025/03/12 00:00:00,4,Emergency,404,TRANSFERRED
ADM_04443,P_00911,HOSP_001,DOC_034,DEPT_005,2025/04/05 00:00:00,2025-04-10,5,Emergency,130,Home
ADM_04444,P_02664,HOSP_001,DOC_004,DEPT_005,2024-08-14,2024-08-23,9,Elective,,Home
ADM_04445,P_01364,HOSP_001,DOC_022,DEPT_001,2024-01-01,2024-01-07,6,Emergency,597,Home
ADM_04446,P_03072,HOSP_003,DOC_021,DEPT_019,2024-09-04,2024-09-08,4,  Elective  ,423,Transferred
ADM_04447,P_03353,HOSP_004,DOC_025,DEPT_032,2024-12-31,2025-01-08,8,Emergency,539,Home
ADM_04448,P_01853,HOSP_002,DOC_014,DEPT_009,2024-04-21,2024-04-25,4,Urgent,192,Home
ADM_04449,P_01038,HOSP_003,DOC_031,DEPT_024,2024-05-23,27-05-2024,4,emergency,524,Home
ADM_04450,P_01038,HOSP_003,DOC_031,DEPT_024,2024-06-12,2024-06-16,4,Emergency,476,Home
ADM_04451,P_00918,HOSP_003,DOC_010,DEPT_021,2024-11-11,2024-11-14,3,Emergency,132,Home
ADM_04452,P_02627,HOSP_005,DOC_018,DEPT_039,2024-09-17,2024-09-29,12,Urgent,453,Transferred
ADM_04453,P_02627,HOSP_005,DOC_018,DEPT_039,2024-10-24,2024-11-03,10,Emergency,235,Home
ADM_04454,P_02673,HOSP_002,DOC_016,DEPT_009,2024-08-01,2024-08-03,2,Emergency,327,Home
ADM_04455,P_02161,HOSP_003,DOC_011,DEPT_021,2024-12-22,2024-12-25,3,Emergency,353,Home
ADM_04456,P_01942,HOSP_004,DOC_013,DEPT_026,2024-01-31,2024-02-02,2,Elective,545,Home
ADM_04457,P_01602,HOSP_005,DOC_002,DEPT_035,2024-02-10,2024-02-15,5,Elective,144,Home
ADM_04458,P_02440,HOSP_004,DOC_025,DEPT_032,2024-06-05,2024-06-09,4,Emergency,131,Home
ADM_04459,P_03381,HOSP_004,DOC_038,DEPT_031,2024-03-20,2024-03-29,9,Emergency,504,Home
ADM_04460,P_00829,HOSP_001,DOC_022,DEPT_001,2025-04-19,2025-04-23,4,Elective,524,Rehabilitation
ADM_04461,P_00518,HOSP_005,DOC_029,DEPT_036,2024-09-23,2024-10-05,12,Emergency,385,Transferred
ADM_04462,P_01941,HOSP_003,DOC_031,DEPT_024,2024-09-02,2024-09-06,4,Emergency,168,HOME
ADM_04463,P_00920,HOSP_001,DOC_020,DEPT_008,2025-04-25,2025-05-08,13,Urgent,244,Transferred
ADM_04464,P_01412,HOSP_001,DOC_008,DEPT_005,2025-03-29,2025-04-02,4,Emergency,549,Home
ADM_04465,P_00027,HOSP_004,DOC_009,DEPT_030,2024-09-29,2024-10-03,4,Elective,519,Home
ADM_04466,P_01459,HOSP_001,DOC_028,DEPT_005,2025-05-08,2025-05-15,7,Emergency,567,Home
ADM_04467,P_02735,HOSP_004,DOC_025,DEPT_032,2024-09-02,2024-09-09,7,Emergency,289,Home
ADM_04468,P_03120,HOSP_001,DOC_017,DEPT_008,2024-06-23,2024-06-25,2,Elective,219,Home
ADM_04469,P_02393,HOSP_001,DOC_033,DEPT_002,2025-01-22,2025-01-27,5,Urgent,409,Home
ADM_04470,P_01839,HOSP_003,DOC_024,DEPT_024,2024-11-13,2024-11-17,4,Emergency,436,Home
ADM_04471,P_01223,HOSP_003,DOC_011,DEPT_021,04/02/2024,2024-04-05,3,Elective,234,Transferred
ADM_04472,P_01795,HOSP_005,DOC_003,DEPT_036,18-06-2024,2024-06-23,5,Emergency,543,Home
ADM_04473,P_01630,HOSP_001,DOC_023,DEPT_007,2024-09-15,2024-09-19,4,Urgent,412,Home
ADM_04474,P_02710,HOSP_003,DOC_001,DEPT_023,2024-02-04,2024-02-09,5,Urgent,339,Home
ADM_04475,P_01578,HOSP_001,DOC_039,DEPT_007,2024-03-25,2024-03-28,3,URGENT,539,Home
ADM_04476,P_01578,HOSP_001,DOC_039,DEPT_007,2024-04-17,04/20/2024,3,Emergency,269,Home
ADM_04477,P_02961,HOSP_003,DOC_010,DEPT_021,2025-03-19,2025-03-26,7,urgent,535,Home
ADM_04478,P_01447,HOSP_001,DOC_034,DEPT_005,2024-04-29,2024-05-07,8,Emergency,498,Hospice
ADM_04479,P_01092,HOSP_005,DOC_015,DEPT_038,2024-01-13,2024-01-20,7,Emergency,452,Home
ADM_04480,P_02713,HOSP_002,DOC_030,DEPT_014,2025-04-05,2025-04-10,5,Elective,259,Home
ADM_04481,P_02713,HOSP_002,DOC_030,DEPT_014,2025-04-18,2025-04-23,5,EMERGENCY,511,Home
ADM_04482,P_01149,HOSP_001,DOC_004,DEPT_005,2024-03-20,2024-03-23,3,Elective,232,Deceased
ADM_04483,P_03360,HOSP_001,DOC_035,DEPT_003,2025-01-26,2025-01-29,3,Emergency,363,Home
ADM_04484,P_02152,HOSP_004,DOC_025,DEPT_032,2024-12-25,2024-12-29,4,Elective,464,Home
ADM_04485,P_02607,HOSP_004,DOC_040,DEPT_027,2024-01-24,2024-02-01,8,Elective,202,Home
ADM_04486,P_03444,HOSP_001,DOC_017,DEPT_008,2025-04-25,2025-04-28,3,Elective,257,Home
ADM_04487,P_01799,HOSP_002,DOC_030,DEPT_014,2024-02-23,2024-03-02,8,EMERGENCY,333,Home
ADM_04488,P_00793,HOSP_003,DOC_031,DEPT_024,2025-02-04,2025-02-06,2,Urgent,555,Home
ADM_04489,P_00793,HOSP_003,DOC_031,DEPT_024,2025/03/07 00:00:00,2025-03-14,7,Emergency,552,Home
ADM_04490,P_01654,HOSP_003,DOC_011,DEPT_021,2024-02-03,09-02-2024,6,Elective,577,Home
ADM_04491,P_01941,HOSP_003,DOC_006,DEPT_018,04/30/2024,2024-05-03,3,Elective,201,HOME
ADM_04492,P_00259,HOSP_005,DOC_019,DEPT_039,2024-01-11,2024-01-13,2,Elective,563,Deceased
ADM_04493,P_00309,HOSP_005,DOC_037,DEPT_035,2024-12-19,2024-12-26,7,Urgent,312,Home
ADM_04494,P_03174,HOSP_001,DOC_008,DEPT_005,2024-08-05,2024-08-10,5,Emergency,438,Home
ADM_04495,P_01627,HOSP_004,DOC_040,DEPT_027,2025-01-05,2025-01-20,15,Elective,429,Home
ADM_04496,P_03000,HOSP_001,DOC_028,DEPT_005,2024-09-02,2024-09-10,8,Urgent,579,Home
ADM_04497,P_02058,HOSP_004,DOC_009,DEPT_030,2024-04-02,04/10/2024,8,Emergency,422,Home
ADM_04498,P_02058,HOSP_004,DOC_009,DEPT_030,2024-04-17,2024-04-18,1,  Emergency  ,231,Home
ADM_04499,P_02024,HOSP_003,DOC_026,DEPT_020,2024-11-29,2024-12-02,3,Urgent,316,Rehabilitation
ADM_04500,P_01803,HOSP_005,DOC_003,DEPT_036,2024-12-17,2024-12-19,2,elective,326,Home
ADM_04501,P_00377,HOSP_005,DOC_018,DEPT_039,2024-09-22,2024-09-23,1,elective,412,Home
ADM_04502,P_00578,HOSP_001,DOC_022,DEPT_001,2024-08-21,2024-08-25,4,  Elective  ,198,Home
ADM_04503,P_01293,HOSP_003,DOC_010,DEPT_021,2024-11-01,2024-11-08,7,Elective,113,Deceased
ADM_04504,P_03216,HOSP_004,DOC_040,DEPT_027,2024-04-06,2024-04-09,3,Emergency,,Home
ADM_04505,P_01809,HOSP_002,DOC_016,DEPT_009,2024-05-08,2024-05-09,1,Emergency,246,Home
ADM_04506,P_01960,HOSP_003,DOC_007,DEPT_024,2025-05-08,2025-05-11,3,Emergency,365,Rehabilitation
ADM_04507,P_00761,HOSP_002,DOC_012,DEPT_014,2025-04-30,2025-05-04,4,Emergency,389,Home
ADM_04508,P_01365,HOSP_003,DOC_006,DEPT_018,2024-08-15,2024-08-19,4,Emergency,100,Home
ADM_04509,P_01848,HOSP_005,DOC_002,DEPT_035,2024-08-10,2024-08-15,5,Elective,599,Home
ADM_04510,P_00809,HOSP_001,DOC_008,DEPT_005,2024-04-17,2024-04-23,6,Emergency,561,Transferred
ADM_04511,P_01220,HOSP_003,DOC_021,DEPT_019,2024-05-04,2024-05-08,4,ELECTIVE,555,Home
ADM_04512,P_01213,HOSP_003,DOC_011,DEPT_021,2024-06-27,2024-07-04,7,Emergency,214,Home
ADM_04513,P_01478,HOSP_002,DOC_016,DEPT_009,04-05-2024,2024-05-07,3,Elective,470,Home
ADM_04514,P_00717,HOSP_003,DOC_006,DEPT_018,2024-01-17,2024-01-21,4,Emergency,253,Home
ADM_04515,P_02860,HOSP_003,DOC_026,DEPT_020,2024-08-18,2024-08-24,6,Emergency,135,Transferred
ADM_04516,P_01197,HOSP_004,DOC_038,DEPT_031,2024-10-28,2024-11-02,5,  Elective  ,392,Home
ADM_04517,P_03126,HOSP_005,DOC_029,DEPT_036,2024-08-29,2024-09-09,11,Emergency,512,Home
ADM_04518,P_01967,HOSP_003,DOC_001,DEPT_023,2024-07-03,2024-07-06,3,Emergency,,Home
ADM_04519,P_01967,HOSP_003,DOC_001,DEPT_023,2024-07-15,2024-07-23,8,Emergency,195,Home
ADM_04520,P_00169,HOSP_001,DOC_005,DEPT_006,2025-04-05,2025-04-08,3,Emergency,268,Rehabilitation
ADM_04521,P_00169,HOSP_001,DOC_005,DEPT_006,2025-04-23,2025-04-27,4,Emergency,511,Home
ADM_04522,P_00791,HOSP_003,DOC_026,DEPT_020,2025-03-23,2025-03-31,8,Elective,451,Home
ADM_04523,P_03292,HOSP_005,DOC_015,DEPT_038,2024-08-11,2024-08-15,4,Elective,423,Home
ADM_04524,P_01231,HOSP_001,DOC_020,DEPT_008,2025-01-03,2025-01-08,5,Emergency,548,Home
ADM_04525,P_00480,HOSP_005,DOC_002,DEPT_035,2024-12-04,2024-12-07,3,Emergency,484,Hospice
ADM_04526,P_00542,HOSP_005,DOC_027,DEPT_037,2025-03-16,2025-03-19,3,Emergency,,Home
ADM_04527,P_02596,HOSP_005,DOC_002,DEPT_035,2024-07-12,2024-07-14,2,Urgent,240,Transferred
ADM_04528,P_02596,HOSP_005,DOC_002,DEPT_035,2024-08-04,2024-08-11,7,Emergency,250,Home
ADM_04529,P_00602,HOSP_004,DOC_040,DEPT_027,2024-11-08,2024-11-10,2,Urgent,145,Transferred
ADM_04530,P_02516,HOSP_002,DOC_012,DEPT_014,2024-05-16,2024-05-20,4,Emergency,428,Hospice
ADM_04531,P_02584,HOSP_001,DOC_022,DEPT_001,2024-01-26,02/02/2024,7,Emergency,377,Home
ADM_04532,P_00695,HOSP_001,DOC_004,DEPT_005,2024-10-21,2024-10-23,2,Elective,345,  Home  
ADM_04533,P_00551,HOSP_001,DOC_008,DEPT_005,2024-02-18,2024-03-06,17,emergency,361,Home
ADM_04534,P_00619,HOSP_004,DOC_038,DEPT_031,2024-11-10,2024-11-13,3,Elective,520,Home
ADM_04535,P_02441,HOSP_005,DOC_003,DEPT_036,2024-02-23,2024-02-27,4,Emergency,441,Home
ADM_04536,P_03197,HOSP_003,DOC_024,DEPT_024,2024-11-14,2024-11-19,5,Emergency,318,Home
ADM_04537,P_03197,HOSP_003,DOC_024,DEPT_024,2024-12-09,2024-12-13,4,Emergency,485,Home
ADM_04538,P_00250,HOSP_004,DOC_025,DEPT_032,2024-09-19,2024-09-22,3,Emergency,258,Home
ADM_04539,P_02980,HOSP_005,DOC_002,DEPT_035,2024-01-04,2024-01-12,8,Urgent,456,Home
ADM_04540,P_02980,HOSP_005,DOC_002,DEPT_035,2024-01-28,2024-02-06,9,Emergency,366,Home
ADM_04541,P_00070,HOSP_003,DOC_006,DEPT_018,2025-02-15,2025-02-19,4,Elective,519,Home
ADM_04542,P_01124,HOSP_002,DOC_014,DEPT_009,2025-04-14,2025-04-18,4,Emergency,283,Home
ADM_04543,P_02022,HOSP_001,DOC_017,DEPT_008,2024-04-10,15-04-2024,5,Emergency,155,Home
ADM_04544,P_00491,HOSP_001,DOC_023,DEPT_007,2024-05-16,2024-05-22,6,Elective,478,Home
ADM_04545,P_02554,HOSP_004,DOC_009,DEPT_030,2024-10-22,2024-10-28,6,Emergency,404,Home
ADM_04546,P_03013,HOSP_003,DOC_007,DEPT_024,2024-11-01,2024-11-07,6,Emergency,553,Deceased
ADM_04547,P_02546,HOSP_001,DOC_004,DEPT_005,2024-11-04,2024-11-08,4,urgent,249,Home
ADM_04548,P_02546,HOSP_001,DOC_004,DEPT_005,2024-12-01,2024-12-08,7,Emergency,313,Home
ADM_04549,P_01299,HOSP_005,DOC_037,DEPT_035,2024-03-06,2024-03-13,7,Emergency,288,Transferred
ADM_04550,P_01240,HOSP_001,DOC_035,DEPT_003,2024-11-20,2024-12-03,13,Emergency,561,Home
ADM_04551,P_02335,HOSP_005,DOC_002,DEPT_035,2025-03-31,2025-04-05,5,Urgent,522,Home
ADM_04552,P_02335,HOSP_005,DOC_002,DEPT_035,2025-04-11,2025-04-16,5,Emergency,487,Home
ADM_04553,P_00337,HOSP_001,DOC_022,DEPT_001,2025-04-02,2025-04-05,3,Urgent,479,Home
ADM_04554,P_00337,HOSP_001,DOC_022,DEPT_001,2025/04/27 00:00:00,2025-05-05,8,Emergency,297,Home
ADM_04555,P_01196,HOSP_002,DOC_014,DEPT_009,2024-11-07,2024-11-09,2,Emergency,200,Home
ADM_04556,P_02684,HOSP_005,DOC_018,DEPT_039,2025/04/03 00:00:00,2025-04-09,6,Elective,130,Home
ADM_04557,P_00013,HOSP_004,DOC_038,DEPT_031,2024-07-30,2024-08-05,6,Emergency,200,Home
ADM_04558,P_01372,HOSP_004,DOC_013,DEPT_026,2025-02-15,2025-02-18,3,Elective,114,Hospice
ADM_04559,P_01470,HOSP_005,DOC_015,DEPT_038,2024-04-01,2024-04-06,5,elective,321,Home
ADM_04560,P_03052,HOSP_002,DOC_012,DEPT_014,2025-04-19,2025-04-23,4,Emergency,387,Deceased
ADM_04561,P_02240,HOSP_002,DOC_036,DEPT_016,2024-11-27,2024-11-29,2,urgent,376,Transferred
ADM_04562,P_00072,HOSP_001,DOC_020,DEPT_008,2024-11-01,2024-11-07,6,Elective,241,Home
ADM_04563,P_00072,HOSP_001,DOC_020,DEPT_008,2024-12-02,2024-12-10,8,Emergency,,Home
ADM_04564,P_01322,HOSP_001,DOC_023,DEPT_007,2024-02-19,2024-02-23,4,Elective,207,Home
ADM_04565,P_01322,HOSP_001,DOC_023,DEPT_007,2024-03-06,2024-03-22,16,Emergency,116,Home
ADM_04566,P_03455,HOSP_001,DOC_022,DEPT_001,2025-04-01,2025-04-06,5,Elective,487,Rehabilitation
ADM_04567,P_03202,HOSP_005,DOC_019,DEPT_039,2024-02-21,2024-02-22,1,Emergency,204,Home
ADM_04568,P_03202,HOSP_005,DOC_019,DEPT_039,2024-03-14,2024-03-24,10,Emergency,150,Home
ADM_04569,P_02568,HOSP_003,DOC_001,DEPT_023,2024-04-30,2024-05-07,7,  Elective  ,137,Transferred
ADM_04570,P_02842,HOSP_003,DOC_026,DEPT_020,2025-02-20,2025-02-27,7,Elective,451,Home
ADM_04571,P_00109,HOSP_004,DOC_040,DEPT_027,2025-03-20,2025-03-23,3,Elective,137,Home
ADM_04572,P_02079,HOSP_001,DOC_022,DEPT_001,2024-12-12,2024-12-17,5,Elective,371,Hospice
ADM_04573,P_02934,HOSP_005,DOC_003,DEPT_036,2024-05-13,2024-05-17,4,Elective,233,Home
ADM_04574,P_00592,HOSP_004,DOC_038,DEPT_031,2024-01-08,2024-01-12,4,Emergency,446,Transferred
ADM_04575,P_02705,HOSP_001,DOC_034,DEPT_005,2024-10-27,2024-11-05,9,Urgent,566,Home
ADM_04576,P_03227,HOSP_001,DOC_035,DEPT_003,2025-02-28,2025-03-05,5,Elective,504,Home
ADM_04577,P_00819,HOSP_001,DOC_039,DEPT_007,2025-01-01,05-01-2025,4,Urgent,,Home
ADM_04578,P_00819,HOSP_001,DOC_039,DEPT_007,2025-01-14,2025-01-19,5,Emergency,331,Home
ADM_04579,P_01932,HOSP_002,DOC_014,DEPT_009,2025-01-19,2025-01-21,2,Emergency,595,Home
ADM_04580,P_01932,HOSP_002,DOC_014,DEPT_009,2025-02-10,2025-02-17,7,Emergency,309,Home
ADM_04581,P_02322,HOSP_001,DOC_020,DEPT_008,2024-09-22,2024-10-01,9,Emergency,333,home
ADM_04582,P_01033,HOSP_001,DOC_034,DEPT_005,22-08-2024,2024-08-26,4,Urgent,196,Home
ADM_04583,P_01050,HOSP_005,DOC_002,DEPT_035,2025-01-05,2025-01-10,5,Elective,160,Home
ADM_04584,P_01122,HOSP_003,DOC_001,DEPT_023,2024-06-12,2024-06-16,4,Emergency,151,HOME
ADM_04585,P_00995,HOSP_004,DOC_025,DEPT_032,2024-02-08,02/12/2024,4,Elective,119,home
ADM_04586,P_01132,HOSP_001,DOC_033,DEPT_002,2025-02-23,2025-03-02,7,Emergency,155,Home
ADM_04587,P_03158,HOSP_004,DOC_009,DEPT_030,15-12-2024,2024-12-17,2,Emergency,573,Home
ADM_04588,P_00425,HOSP_003,DOC_001,DEPT_023,2025-03-23,2025-03-25,2,Elective,266,Home
ADM_04589,P_00678,HOSP_003,DOC_021,DEPT_019,2024-06-16,2024-06-24,8,Urgent,297,Home
ADM_04590,P_00599,HOSP_003,DOC_021,DEPT_019,2025/03/07 00:00:00,2025-03-10,3,Emergency,237,home
ADM_04591,P_00599,HOSP_003,DOC_021,DEPT_019,2025-03-17,2025-03-22,5,Emergency,439,Home
ADM_04592,P_02935,HOSP_005,DOC_037,DEPT_035,2024-10-04,2024-10-18,14,Emergency,530,Home
ADM_04593,P_00240,HOSP_004,DOC_040,DEPT_027,2024-04-07,2024-04-14,7,Elective,174,Home
ADM_04594,P_02412,HOSP_001,DOC_017,DEPT_008,2024-02-25,2024-02-28,3,Elective,156,Home
ADM_04595,P_02412,HOSP_001,DOC_017,DEPT_008,2024-03-11,2024-03-22,11,Emergency,363,Home
ADM_04596,P_00960,HOSP_003,DOC_011,DEPT_021,2024-05-08,2024-05-15,7,Elective,307,Home
ADM_04597,P_03070,HOSP_001,DOC_022,DEPT_001,2025-04-20,2025-04-21,1,Elective,310,Rehabilitation
ADM_04598,P_00540,HOSP_001,DOC_008,DEPT_005,2024-07-17,2024-07-22,5,Urgent,465,Home
ADM_04599,P_02309,HOSP_001,DOC_020,DEPT_008,21-09-2024,2024-09-23,2,Emergency,426,Home
ADM_04600,P_00248,HOSP_003,DOC_001,DEPT_023,2024-02-09,2024-02-13,4,Emergency,212,Home
ADM_04601,P_02851,HOSP_005,DOC_002,DEPT_035,2024-03-03,2024-03-16,13,Emergency,295,Home
ADM_04602,P_02851,HOSP_005,DOC_002,DEPT_035,2024-03-30,2024-04-09,10,Emergency,,Home
ADM_04603,P_01599,HOSP_002,DOC_030,DEPT_014,2025-04-08,2025-04-16,8,Emergency,472,Home
ADM_04604,P_02651,HOSP_004,DOC_013,DEPT_026,2024-07-17,2024-07-21,4,Elective,223,Home
ADM_04605,P_01259,HOSP_005,DOC_019,DEPT_039,2024-07-20,2024-07-28,8,Urgent,358,Home
ADM_04606,P_01259,HOSP_005,DOC_019,DEPT_039,2024-08-15,2024-08-19,4,EMERGENCY,235,Home
ADM_04607,P_02714,HOSP_001,DOC_039,DEPT_007,2024-11-25,2024-11-30,5,Emergency,362,Deceased
ADM_04608,P_02761,HOSP_005,DOC_037,DEPT_035,2025-02-02,2025-02-09,7,Elective,414,Home
ADM_04609,P_01505,HOSP_003,DOC_001,DEPT_023,2024-11-10,2024-11-17,7,Elective,,Rehabilitation
ADM_04610,P_01108,HOSP_003,DOC_011,DEPT_021,2024-09-25,2024-09-27,2,Elective,218,Home
ADM_04611,P_01628,HOSP_003,DOC_010,DEPT_021,2024-06-18,29-06-2024,11,Urgent,143,Home
ADM_04612,P_00108,HOSP_001,DOC_033,DEPT_002,2024-09-08,2024-09-11,3,Emergency,573,Home
ADM_04613,P_00108,HOSP_001,DOC_033,DEPT_002,2024-09-15,2024-10-05,20,Emergency,526,Home
ADM_04614,P_01527,HOSP_004,DOC_038,DEPT_031,2024-02-10,2024-02-17,7,Urgent,479,Rehabilitation
ADM_04615,P_01527,HOSP_004,DOC_038,DEPT_031,2024-03-09,2024-03-18,9,emergency,360,Home
ADM_04616,P_03063,HOSP_003,DOC_006,DEPT_018,2024-07-10,07/13/2024,3,Emergency,259,Home
ADM_04617,P_02429,HOSP_001,DOC_023,DEPT_007,2025-01-02,2025-01-05,3,Urgent,418,Home
ADM_04618,P_01738,HOSP_001,DOC_017,DEPT_008,2024-05-06,2024-05-17,11,Elective,149,Home
ADM_04619,P_01983,HOSP_004,DOC_013,DEPT_026,2024-03-06,2024-03-16,10,Elective,497,Home
ADM_04620,P_02149,HOSP_003,DOC_031,DEPT_024,2025-04-19,2025-04-23,4,Elective,373,Home
ADM_04621,P_00245,HOSP_003,DOC_011,DEPT_021,2024-01-12,2024-01-16,4,Urgent,429,Home
ADM_04622,P_01880,HOSP_002,DOC_012,DEPT_014,2024-07-15,2024-07-19,4,Emergency,431,Home
ADM_04623,P_01000,HOSP_001,DOC_017,DEPT_008,2024-03-15,2024-03-23,8,Emergency,530,Home
ADM_04624,P_02010,HOSP_001,DOC_034,DEPT_005,2025-01-20,2025-01-28,8,Emergency,154,Deceased
ADM_04625,P_01192,HOSP_003,DOC_024,DEPT_024,2025-05-05,2025-05-11,6,Elective,469,Home
ADM_04626,P_01528,HOSP_005,DOC_015,DEPT_038,2024-02-01,2024-02-06,5,Emergency,243,Rehabilitation
ADM_04627,P_00900,HOSP_005,DOC_002,DEPT_035,2024-01-08,2024-01-12,4,Emergency,244,Home
ADM_04628,P_01738,HOSP_001,DOC_020,DEPT_008,2025-03-02,2025-03-17,15,Emergency,227,Home
ADM_04629,P_01905,HOSP_003,DOC_031,DEPT_024,2024-09-14,2024-09-16,2,Elective,593,Home
ADM_04630,P_03476,HOSP_003,DOC_024,DEPT_024,2024-06-20,2024-06-24,4,Elective,478,Home
ADM_04631,P_00546,HOSP_003,DOC_031,DEPT_024,2025-05-09,2025-05-14,5,elective,164,Rehabilitation
ADM_04632,P_00546,HOSP_003,DOC_031,DEPT_024,2025-06-09,2025-06-12,3,Emergency,256,Home
ADM_04633,P_02308,HOSP_002,DOC_030,DEPT_014,2024-07-23,2024-07-26,3,Elective,413,Home
ADM_04634,P_02391,HOSP_001,DOC_034,DEPT_005,2025-04-24,2025-05-07,13,Emergency,306,Home
ADM_04635,P_01787,HOSP_001,DOC_020,DEPT_008,2024-02-09,2024-02-16,7,Emergency,537,UNKNOWN_VAL
ADM_04636,P_01787,HOSP_001,DOC_020,DEPT_008,2024-03-03,2024-03-08,5,Emergency,502,Home
ADM_04637,P_01188,HOSP_004,DOC_040,DEPT_027,14-11-2024,2024-11-17,3,Emergency,328,Home
ADM_04638,P_02895,HOSP_003,DOC_026,DEPT_020,2024-04-07,2024-04-09,2,Emergency,113,Home
ADM_04639,P_00165,HOSP_005,DOC_029,DEPT_036,2024-02-27,2024-03-02,4,Urgent,244,Home
ADM_04640,P_02045,HOSP_003,DOC_021,DEPT_019,2024-01-25,2024-01-31,6,elective,425,Transferred
ADM_04641,P_02045,HOSP_003,DOC_021,DEPT_019,2024-02-04,2024-02-12,8,Emergency,148,Home
ADM_04642,P_00271,HOSP_003,DOC_010,DEPT_021,28-03-2025,2025-04-01,4,Urgent,517,Transferred
ADM_04643,P_03321,HOSP_003,DOC_001,DEPT_023,2025-01-09,2025-01-12,3,Emergency,458,Home
ADM_04644,P_01513,HOSP_005,DOC_037,DEPT_035,2025-01-06,2025-01-10,4,Emergency,565,Home
ADM_04645,P_00567,HOSP_002,DOC_014,DEPT_009,2025-01-26,2025-01-30,4,ELECTIVE,218,Transferred
ADM_04646,P_00567,HOSP_002,DOC_014,DEPT_009,2025-02-15,2025-02-24,9,Emergency,558,Home
ADM_04647,P_00305,HOSP_001,DOC_028,DEPT_005,2024-07-26,2024-07-31,5,Elective,440,Home
ADM_04648,P_01932,HOSP_001,DOC_020,DEPT_008,2024-12-13,2024-12-18,5,EMERGENCY,398,Rehabilitation
ADM_04649,P_01932,HOSP_001,DOC_020,DEPT_008,2025-01-05,2025-01-16,11,Emergency,158,Home
ADM_04650,P_00459,HOSP_001,DOC_039,DEPT_007,2024-09-26,2024-10-06,10,Urgent,559,Home
ADM_04651,P_00279,HOSP_001,DOC_008,DEPT_005,2024-03-01,2024-03-06,5,Emergency,332,home
ADM_04652,P_00526,HOSP_002,DOC_016,DEPT_009,2024-10-25,2024-10-31,6,Emergency,160,Home
ADM_04653,P_00526,HOSP_002,DOC_016,DEPT_009,2024-11-14,2024-11-20,6,Emergency,579,Home
ADM_04654,P_02113,HOSP_003,DOC_026,DEPT_020,2024-01-06,2024-01-09,3,Emergency,207,Home
ADM_04655,P_01652,HOSP_002,DOC_012,DEPT_014,2025-01-05,2025-01-12,7,Urgent,360,Home
ADM_04656,P_02203,HOSP_005,DOC_019,DEPT_039,2024-12-30,2025-01-05,6,Emergency,205,UNKNOWN_VAL
ADM_04657,P_01827,HOSP_001,DOC_005,DEPT_006,2025-02-19,2025-02-23,4,Emergency,354,Home
ADM_04658,P_01419,HOSP_005,DOC_002,DEPT_035,2024-09-22,2024-09-27,5,Elective,455,Home
ADM_04659,P_01883,HOSP_001,DOC_005,DEPT_006,2024-02-04,2024-02-12,8,Urgent,354,Transferred
ADM_04660,P_01883,HOSP_001,DOC_005,DEPT_006,2024-03-06,2024-03-18,12,Emergency,257,Home
ADM_04661,P_01144,HOSP_001,DOC_004,DEPT_005,2024-01-31,2024-02-01,1,Emergency,233,home
ADM_04662,P_03170,HOSP_001,DOC_033,DEPT_002,2024-11-04,2024-11-07,3,Emergency,579,Home
ADM_04663,P_00947,HOSP_005,DOC_029,DEPT_036,2024-11-07,2024-11-11,4,Urgent,,Home
ADM_04664,P_00214,HOSP_005,DOC_019,DEPT_039,2024-06-07,2024-06-09,2,  Elective  ,476,Home
ADM_04665,P_00214,HOSP_005,DOC_019,DEPT_039,2024-06-15,2024-06-22,7,Emergency,375,Home
ADM_04666,P_02147,HOSP_001,DOC_005,DEPT_006,2024-07-27,2024-07-30,3,Emergency,350,Home
ADM_04667,P_02937,HOSP_005,DOC_029,DEPT_036,2024-11-26,2024-12-01,5,Emergency,337,Transferred
ADM_04668,P_01181,HOSP_004,DOC_038,DEPT_031,2024-08-01,2024-08-04,3,Emergency,249,Home
ADM_04669,P_01536,HOSP_004,DOC_009,DEPT_030,2024-08-24,2024-08-27,3,Urgent,224,Home
ADM_04670,P_01536,HOSP_004,DOC_009,DEPT_030,2024-09-19,2024-09-26,7,Emergency,152,Home
ADM_04671,P_02624,HOSP_001,DOC_034,DEPT_005,2025-02-28,2025-03-07,7,Urgent,262,Home
ADM_04672,P_01702,HOSP_002,DOC_032,DEPT_016,2024-06-16,2024-06-22,6,Urgent,209,Home
ADM_04673,P_03241,HOSP_001,DOC_022,DEPT_001,2024-05-21,2024-05-25,4,Elective,280,Rehabilitation
ADM_04674,P_01408,HOSP_005,DOC_029,DEPT_036,2024-11-01,2024-11-03,2,Elective,470,Transferred
ADM_04675,P_01408,HOSP_005,DOC_029,DEPT_036,2024-12-01,2024-12-06,5,Emergency,468,  Home  
ADM_04676,P_00250,HOSP_003,DOC_031,DEPT_024,2025-04-02,2025-04-05,3,Emergency,258,home
ADM_04677,P_02585,HOSP_003,DOC_024,DEPT_024,2024-06-21,2024-06-28,7,URGENT,110,Home
ADM_04678,P_02585,HOSP_003,DOC_024,DEPT_024,2024-07-07,2024-07-14,7,Emergency,153,Home
ADM_04679,P_03180,HOSP_001,DOC_017,DEPT_008,2024-02-23,2024-02-28,5,Emergency,279,Home
ADM_04680,P_03180,HOSP_001,DOC_017,DEPT_008,2024-03-05,2024-03-09,4,Emergency,426,Home
ADM_04681,P_00752,HOSP_005,DOC_037,DEPT_035,2024-11-16,2024-11-25,9,Elective,453,home
ADM_04682,P_00521,HOSP_001,DOC_017,DEPT_008,2024-01-27,2024-02-01,5,EMERGENCY,430,Home
ADM_04683,P_00666,HOSP_003,DOC_021,DEPT_019,2025-03-11,2025-03-14,3,Urgent,247,Home
ADM_04684,P_02600,HOSP_001,DOC_035,DEPT_003,2024-06-30,2024-07-03,3,Emergency,432,Home
ADM_04685,P_01653,HOSP_001,DOC_020,DEPT_008,2025-04-12,2025-04-17,5,Emergency,238,Rehabilitation
ADM_04686,P_00885,HOSP_005,DOC_029,DEPT_036,2024-06-06,2024-06-09,3,Emergency,500,Home
ADM_04687,P_00631,HOSP_005,DOC_002,DEPT_035,2024-04-04,2024-04-07,3,Emergency,101,Home
ADM_04688,P_01714,HOSP_005,DOC_019,DEPT_039,2025-04-08,2025-04-10,2,Elective,182,Home
ADM_04689,P_01714,HOSP_005,DOC_019,DEPT_039,2025-04-18,2025-04-27,9,Emergency,465,  Home  
ADM_04690,P_00253,HOSP_003,DOC_007,DEPT_024,2025-01-05,2025-01-08,3,Emergency,124,Home
ADM_04691,P_02552,HOSP_005,DOC_027,DEPT_037,2024-08-19,2024-08-29,10,Urgent,291,Home
ADM_04692,P_00138,HOSP_001,DOC_004,DEPT_005,2024-10-20,2024-10-26,6,Emergency,160,Home
ADM_04693,P_01403,HOSP_004,DOC_025,DEPT_032,2025-01-03,2025-01-05,2,Urgent,504,Home
ADM_04694,P_00735,HOSP_001,DOC_004,DEPT_005,2024-07-10,2024-07-16,6,Elective,277,Home
ADM_04695,P_00171,HOSP_003,DOC_026,DEPT_020,2025-04-02,2025-04-11,9,Elective,158,Rehabilitation
ADM_04696,P_02757,HOSP_001,DOC_022,DEPT_001,2025-04-13,2025-04-17,4,Elective,442,Home
ADM_04697,P_01439,HOSP_004,DOC_009,DEPT_030,2024-04-21,2024-05-01,10,Emergency,235,Home
ADM_04698,P_00296,HOSP_003,DOC_007,DEPT_024,2025-04-08,2025-04-14,6,Elective,506,Transferred
ADM_04699,P_00699,HOSP_005,DOC_003,DEPT_036,2024-10-02,2024-10-05,3,Elective,482,Home
ADM_04700,P_00699,HOSP_005,DOC_003,DEPT_036,2024-10-09,2024-10-26,17,Emergency,585,Home
ADM_04701,P_03234,HOSP_005,DOC_027,DEPT_037,2024-03-14,2024-03-16,2,Emergency,528,Home
ADM_04702,P_01486,HOSP_001,DOC_008,DEPT_005,2024-12-22,2024-12-26,4,Urgent,163,Home
ADM_04703,P_02468,HOSP_004,DOC_025,DEPT_032,2024-08-30,2024-09-03,4,Elective,395,Home
ADM_04704,P_02468,HOSP_004,DOC_025,DEPT_032,2024-09-16,2024-10-01,15,Emergency,367,Home
ADM_04705,P_01763,HOSP_001,DOC_023,DEPT_007,2024-04-29,2024-05-06,7,Emergency,507,Home
ADM_04706,P_00868,HOSP_005,DOC_018,DEPT_039,2025-04-05,2025-04-11,6,Emergency,523,Home
ADM_04707,P_00192,HOSP_005,DOC_019,DEPT_039,2024/04/21 00:00:00,2024-04-24,3,Emergency,577,Home
ADM_04708,P_01866,HOSP_002,DOC_030,DEPT_014,2024-03-27,2024-03-31,4,Emergency,229,Home
ADM_04709,P_01866,HOSP_002,DOC_030,DEPT_014,2024-04-22,2024-04-27,5,Emergency,545,Home
ADM_04710,P_01362,HOSP_001,DOC_033,DEPT_002,2024-10-17,2024-10-23,6,Emergency,577,Home
ADM_04711,P_01362,HOSP_001,DOC_033,DEPT_002,2024-11-12,2024-11-23,11,Emergency,472,Home
ADM_04712,P_01629,HOSP_005,DOC_003,DEPT_036,2024-02-12,2024-02-26,14,Elective,553,Home
ADM_04713,P_02831,HOSP_003,DOC_031,DEPT_024,2024-12-07,2024-12-10,3,Urgent,209,Home
ADM_04714,P_02059,HOSP_001,DOC_034,DEPT_005,2024-01-30,2024-02-01,2,Emergency,205,Home
ADM_04715,P_00136,HOSP_001,DOC_023,DEPT_007,2024-03-29,04/02/2024,4,Elective,583,Home
ADM_04716,P_00852,HOSP_001,DOC_034,DEPT_005,2024-04-23,2024-05-01,8,Emergency,175,Hospice
ADM_04717,P_00852,HOSP_001,DOC_034,DEPT_005,2024-05-19,2024-05-23,4,Emergency,271,  Home  
ADM_04718,P_00182,HOSP_005,DOC_018,DEPT_039,2024-05-26,2024-05-31,5,Elective,303,Transferred
ADM_04719,P_02675,HOSP_002,DOC_016,DEPT_009,2024-11-18,2024-11-24,6,Emergency,448,Home
ADM_04720,P_02497,HOSP_003,DOC_026,DEPT_020,2024-10-08,2024-10-12,4,Emergency,532,Home
ADM_04721,P_00450,HOSP_003,DOC_011,DEPT_021,2024-08-02,2024-08-07,5,Emergency,287,Home
ADM_04722,P_01331,HOSP_001,DOC_020,DEPT_008,2024-03-07,2024-03-10,3,Elective,437,Home
ADM_04723,P_02409,HOSP_005,DOC_037,DEPT_035,2024-08-28,2024-09-06,9,Emergency,552,Home
ADM_04724,P_01220,HOSP_004,DOC_025,DEPT_032,2024-02-09,2024-02-13,4,Elective,481,Home
ADM_04725,P_03105,HOSP_005,DOC_003,DEPT_036,2024-06-08,2024-06-13,5,  Elective  ,125,Home
ADM_04726,P_00610,HOSP_004,DOC_040,DEPT_027,2025-03-14,2025-03-16,2,Emergency,432,Transferred
ADM_04727,P_01080,HOSP_005,DOC_019,DEPT_039,2024-02-12,2024-02-14,2,Elective,507,Home
ADM_04728,P_01087,HOSP_004,DOC_013,DEPT_026,2024-09-07,2024-09-15,8,Elective,416,Home
ADM_04729,P_01878,HOSP_005,DOC_003,DEPT_036,2024-06-18,2024-06-22,4,emergency,498,Home
ADM_04730,P_03388,HOSP_003,DOC_011,DEPT_021,2024-05-01,05/04/2024,3,Urgent,485,Transferred
ADM_04731,P_03388,HOSP_003,DOC_011,DEPT_021,2024-05-28,2024-05-31,3,Emergency,237,Home
ADM_04732,P_03161,HOSP_003,DOC_021,DEPT_019,2025-02-17,2025-02-25,8,Emergency,489,Home
ADM_04733,P_01464,HOSP_003,DOC_006,DEPT_018,2024-02-13,2024-02-20,7,Elective,307,Home
ADM_04734,P_01464,HOSP_003,DOC_006,DEPT_018,2024-03-06,2024-03-14,8,Emergency,474,Home
ADM_04735,P_00964,HOSP_002,DOC_012,DEPT_014,2025-03-17,2025-03-27,10,Emergency,409,Home
ADM_04736,P_00292,HOSP_001,DOC_008,DEPT_005,2024-02-09,2024-02-13,4,Urgent,158,UNKNOWN_VAL
ADM_04737,P_00737,HOSP_001,DOC_023,DEPT_007,2024-11-04,2024-11-06,2,Elective,191,Home
ADM_04738,P_03263,HOSP_004,DOC_038,DEPT_031,2024-02-09,2024/02/14 00:00:00,5,Emergency,,Home
ADM_04739,P_03125,HOSP_003,DOC_010,DEPT_021,2024-03-07,2024-03-18,11,Urgent,573,Home
ADM_04740,P_01427,HOSP_002,DOC_016,DEPT_009,2024-10-06,2024-10-11,5,Emergency,269,Home
ADM_04741,P_03239,HOSP_003,DOC_031,DEPT_024,2025-05-09,2025-05-17,8,Urgent,307,Home
ADM_04742,P_01534,HOSP_002,DOC_032,DEPT_016,2024-03-23,2024-03-25,2,Emergency,567,Home
ADM_04743,P_03444,HOSP_001,DOC_034,DEPT_005,2025-04-04,2025-04-07,3,Urgent,548,Hospice
ADM_04744,P_00965,HOSP_001,DOC_028,DEPT_005,2024-08-09,2024-08-16,7,Emergency,,Home
ADM_04745,P_00963,HOSP_005,DOC_019,DEPT_039,2024-01-25,2024-01-30,5,Elective,510,home
ADM_04746,P_00797,HOSP_003,DOC_031,DEPT_024,2024-09-18,2024-09-22,4,Emergency,157,Transferred
ADM_04747,P_01441,HOSP_005,DOC_037,DEPT_035,2024-04-03,2024-04-11,8,Urgent,307,Home
ADM_04748,P_01567,HOSP_001,DOC_034,DEPT_005,2024-01-13,2024-01-20,7,Elective,401,Home
ADM_04749,P_01567,HOSP_001,DOC_034,DEPT_005,2024-02-02,2024-02-09,7,Emergency,222,Home
ADM_04750,P_00209,HOSP_005,DOC_002,DEPT_035,2024-01-26,2024-01-27,1,Emergency,286,Home
ADM_04751,P_00056,HOSP_004,DOC_040,DEPT_027,2024-04-13,2024-04-18,5,Elective,108,Home
ADM_04752,P_00056,HOSP_004,DOC_040,DEPT_027,2024-04-21,2024-04-29,8,Emergency,416,Home
ADM_04753,P_00637,HOSP_002,DOC_036,DEPT_016,2024-01-19,2024-01-21,2,Emergency,510,Home
ADM_04754,P_00357,HOSP_001,DOC_017,DEPT_008,2024-03-13,2024-03-19,6,Elective,341,Home
ADM_04755,P_00357,HOSP_001,DOC_017,DEPT_008,2024-04-17,2024-04-28,11,Emergency,190,Home
ADM_04756,P_02044,HOSP_005,DOC_037,DEPT_035,2024-04-26,2024-05-01,5,Elective,450,Home
ADM_04757,P_01670,HOSP_001,DOC_033,DEPT_002,2024-11-14,2024/11/17 00:00:00,3,Emergency,233,Home
ADM_04758,P_00647,HOSP_002,DOC_032,DEPT_016,2025-02-25,02/26/2025,1,Emergency,412,Rehabilitation
ADM_04759,P_01010,HOSP_002,DOC_016,DEPT_009,2025-04-26,2025-05-02,6,Emergency,594,Home
ADM_04760,P_02093,HOSP_002,DOC_014,DEPT_009,2024-03-13,2024-03-15,2,Elective,341,Home
ADM_04761,P_00713,HOSP_001,DOC_033,DEPT_002,2024-02-13,2024-02-19,6,Elective,276,Home
ADM_04762,P_02506,HOSP_001,DOC_033,DEPT_002,2024-02-23,2024-03-05,11,Elective,571,Home
ADM_04763,P_00309,HOSP_001,DOC_033,DEPT_002,2024-01-14,2024-01-17,3,Elective,484,Home
ADM_04764,P_00127,HOSP_001,DOC_039,DEPT_007,2024-09-30,2024-10-04,4,Elective,109,Home
ADM_04765,P_02560,HOSP_002,DOC_014,DEPT_009,2024-04-28,2024-05-09,11,Emergency,175,Home
ADM_04766,P_01101,HOSP_001,DOC_020,DEPT_008,2024-06-17,2024-06-22,5,Urgent,284,Home
ADM_04767,P_02467,HOSP_001,DOC_017,DEPT_008,2024-03-10,2024-03-14,4,EMERGENCY,168,Home
ADM_04768,P_02825,HOSP_003,DOC_031,DEPT_024,2024-04-01,2024-04-09,8,Emergency,509,Home
ADM_04769,P_01292,HOSP_001,DOC_023,DEPT_007,2024-05-01,2024-05-05,4,Emergency,149,Home
ADM_04770,P_01608,HOSP_004,DOC_040,DEPT_027,2025-03-18,2025-03-21,3,Elective,195,Transferred
ADM_04771,P_01608,HOSP_004,DOC_040,DEPT_027,2025-04-07,2025-04-15,8,Emergency,229,Home
ADM_04772,P_01481,HOSP_003,DOC_007,DEPT_024,2024-02-13,2024-02-21,8,Elective,517,Home
ADM_04773,P_02877,HOSP_001,DOC_005,DEPT_006,2024-08-04,2024-08-07,3,Emergency,,Home
ADM_04774,P_01214,HOSP_004,DOC_038,DEPT_031,2025-02-05,2025-02-10,5,Emergency,202,HOME
ADM_04775,P_02381,HOSP_001,DOC_028,DEPT_005,2024-08-06,2024-08-10,4,Urgent,476,Home
ADM_04776,P_01397,HOSP_002,DOC_030,DEPT_014,2024-06-14,2024-06-18,4,Urgent,307,Home
ADM_04777,P_01619,HOSP_001,DOC_020,DEPT_008,2025-04-09,2025-04-12,3,Urgent,448,Home
ADM_04778,P_00383,HOSP_001,DOC_033,DEPT_002,2024-02-13,2024-02-19,6,Emergency,437,Rehabilitation
ADM_04779,P_00383,HOSP_001,DOC_033,DEPT_002,2024-02-26,2024-03-10,13,Emergency,198,Home
ADM_04780,P_03019,HOSP_005,DOC_037,DEPT_035,2024-03-01,2024-03-04,3,Elective,234,Home
ADM_04781,P_01637,HOSP_001,DOC_022,DEPT_001,2025-04-19,2025-04-25,6,Emergency,310,Home
ADM_04782,P_00891,HOSP_001,DOC_028,DEPT_005,2024-10-24,2024-11-01,8,Elective,274,Transferred
ADM_04783,P_03227,HOSP_001,DOC_005,DEPT_006,2025-05-11,2025-05-16,5,Emergency,545,Rehabilitation
ADM_04784,P_01723,HOSP_003,DOC_024,DEPT_024,2024-06-30,2024-07-06,6,ELECTIVE,397,rehabilitation
ADM_04785,P_00309,HOSP_001,DOC_039,DEPT_007,2024-07-13,2024-07-16,3,Urgent,,Home
ADM_04786,P_01663,HOSP_001,DOC_004,DEPT_005,2025-01-14,2025-01-23,9,Emergency,240,Home
ADM_04787,P_01255,HOSP_005,DOC_037,DEPT_035,2024-12-29,2025-01-06,8,Elective,451,Transferred
ADM_04788,P_00427,HOSP_005,DOC_019,DEPT_039,2024-04-30,2024-05-09,9,Elective,237,Home
ADM_04789,P_00808,HOSP_001,DOC_017,DEPT_008,2025-05-13,2025-05-15,2,Emergency,536,Home
ADM_04790,P_01713,HOSP_003,DOC_010,DEPT_021,2024-08-08,2024-08-14,6,Emergency,340,Home
ADM_04791,P_03130,HOSP_005,DOC_018,DEPT_039,2024-12-28,2024-12-31,3,Urgent,174,Home
ADM_04792,P_03130,HOSP_005,DOC_018,DEPT_039,2025-01-08,2025-01-21,13,Emergency,448,Home
ADM_04793,P_01236,HOSP_004,DOC_009,DEPT_030,2025/05/10 00:00:00,2025-05-13,3,Elective,506,Transferred
ADM_04794,P_02419,HOSP_003,DOC_031,DEPT_024,2024-04-08,2024-04-13,5,Urgent,475,Home
ADM_04795,P_03286,HOSP_005,DOC_037,DEPT_035,2024-01-15,2024-01-16,1,Urgent,204,Home
ADM_04796,P_00426,HOSP_002,DOC_030,DEPT_014,2024-06-16,2024-06-21,5,emergency,402,Home
ADM_04797,P_01497,HOSP_001,DOC_035,DEPT_003,2024-05-01,2024-05-03,2,Elective,359,Home
ADM_04798,P_00964,HOSP_003,DOC_011,DEPT_021,2024-08-30,2024-09-05,6,Emergency,206,Home
ADM_04799,P_03015,HOSP_003,DOC_021,DEPT_019,2024-02-14,2024-02-18,4,Urgent,318,Home
ADM_04800,P_02998,HOSP_004,DOC_013,DEPT_026,2024-12-10,2024-12-14,4,Elective,133,Deceased
ADM_04801,P_02854,HOSP_005,DOC_029,DEPT_036,2025-05-08,2025-05-18,10,Emergency,423,Home
ADM_04802,P_01560,HOSP_005,DOC_015,DEPT_038,2025-04-21,2025-05-04,13,Urgent,233,Transferred
ADM_04803,P_01828,HOSP_003,DOC_006,DEPT_018,2024-12-25,2024-12-27,2,Emergency,208,Home
ADM_04804,P_01828,HOSP_003,DOC_006,DEPT_018,2025-01-19,2025/01/24 00:00:00,5,Emergency,424,HOME
ADM_04805,P_02073,HOSP_003,DOC_011,DEPT_021,2024-06-14,06/21/2024,7,Emergency,310,Home
ADM_04806,P_02231,HOSP_005,DOC_037,DEPT_035,2025-05-08,2025-05-14,6,Emergency,116,Home
ADM_04807,P_01631,HOSP_001,DOC_035,DEPT_003,2024-03-09,2024-03-16,7,Elective,561,Home
ADM_04808,P_02974,HOSP_001,DOC_017,DEPT_008,2024-06-23,2024-06-27,4,Elective,188,Home
ADM_04809,P_01244,HOSP_001,DOC_023,DEPT_007,2024-08-23,2024-08-31,8,Emergency,393,Home
ADM_04810,P_00410,HOSP_005,DOC_037,DEPT_035,2024-12-05,2024-12-10,5,Elective,318,Hospice
ADM_04811,P_03046,HOSP_002,DOC_012,DEPT_014,2024-07-08,2024-07-14,6,Urgent,200,Home
ADM_04812,P_00438,HOSP_001,DOC_020,DEPT_008,2024-06-13,2024-06-15,2,Emergency,151,Home
ADM_04813,P_00821,HOSP_002,DOC_014,DEPT_009,2025-04-16,2025-04-21,5,Elective,502,Home
ADM_04814,P_00821,HOSP_002,DOC_014,DEPT_009,2025-05-08,2025-05-17,9,Emergency,454,Home
ADM_04815,P_01192,HOSP_004,DOC_025,DEPT_032,2024-02-11,2024-02-16,5,Emergency,105,Home
ADM_04816,P_01306,HOSP_005,DOC_018,DEPT_039,2024-05-03,2024-05-08,5,Emergency,347,Home
ADM_04817,P_03082,HOSP_002,DOC_016,DEPT_009,2024-07-14,2024-07-20,6,Elective,458,Home
ADM_04818,P_01064,HOSP_003,DOC_031,DEPT_024,03-01-2024,2024-01-08,5,EMERGENCY,537,Transferred
ADM_04819,P_01536,HOSP_002,DOC_016,DEPT_009,2025-02-15,2025-02-19,4,Emergency,504,Home
ADM_04820,P_01536,HOSP_002,DOC_016,DEPT_009,2025-03-18,2025-03-28,10,Emergency,404,Home
ADM_04821,P_01240,HOSP_003,DOC_001,DEPT_023,2024-12-05,2024-12-09,4,Elective,330,Home
ADM_04822,P_00576,HOSP_001,DOC_039,DEPT_007,2024-08-06,2024-08-08,2,emergency,126,Home
ADM_04823,P_01118,HOSP_003,DOC_006,DEPT_018,2024-10-10,2024-10-20,10,Emergency,133,Home
ADM_04824,P_02523,HOSP_003,DOC_007,DEPT_024,2024-11-26,2024-11-29,3,Emergency,573,Home
ADM_04825,P_01853,HOSP_003,DOC_021,DEPT_019,2025-01-15,2025-01-17,-2,Elective,453,Home
ADM_04826,P_01057,HOSP_002,DOC_032,DEPT_016,2025-05-08,2025-05-14,6,Emergency,552,Rehabilitation
ADM_04827,P_00480,HOSP_001,DOC_039,DEPT_007,2025-02-24,2025-03-06,10,Emergency,226,Home
ADM_04828,P_00495,HOSP_005,DOC_029,DEPT_036,2025/05/13 00:00:00,2025-05-19,6,Emergency,233,Transferred
ADM_04829,P_01602,HOSP_003,DOC_007,DEPT_024,2024-08-10,2024-08-19,9,Emergency,377,Home
ADM_04830,P_03464,HOSP_005,DOC_018,DEPT_039,2024-01-26,2024-01-29,3,Emergency,164,Rehabilitation
ADM_04831,P_03463,HOSP_004,DOC_025,DEPT_032,2024-09-01,2024-09-03,2,Emergency,314,HOME
ADM_04832,P_03353,HOSP_004,DOC_038,DEPT_031,2024-11-19,2024-11-23,4,Emergency,232,Home
ADM_04833,P_00531,HOSP_001,DOC_023,DEPT_007,2025-04-23,2025-05-01,8,Elective,280,Home
ADM_04834,P_01607,HOSP_004,DOC_013,DEPT_026,2024/07/28 00:00:00,2024-08-03,6,Elective,360,Home
ADM_04835,P_01607,HOSP_004,DOC_013,DEPT_026,2024-08-16,2024-08-25,9,Emergency,182,home
ADM_04836,P_02078,HOSP_001,DOC_034,DEPT_005,2024-04-05,2024-04-10,5,Emergency,176,Rehabilitation
ADM_04837,P_02531,HOSP_004,DOC_040,DEPT_027,2024-08-06,2024-08-10,4,Elective,521,Home
ADM_04838,P_01265,HOSP_004,DOC_013,DEPT_026,22-04-2025,2025-04-27,5,Emergency,443,Home
ADM_04839,P_01495,HOSP_004,DOC_040,DEPT_027,2024-10-23,2024-10-27,4,Emergency,551,Home
ADM_04840,P_03176,HOSP_002,DOC_030,DEPT_014,2024-07-28,01-08-2024,4,Emergency,576,Home
ADM_04841,P_03176,HOSP_002,DOC_030,DEPT_014,2024-08-29,2024-09-06,8,Emergency,436,Home
ADM_04842,P_02358,HOSP_003,DOC_010,DEPT_021,2024-03-13,2024-03-17,4,Emergency,238,Home
ADM_04843,P_02358,HOSP_003,DOC_010,DEPT_021,2024-04-11,2024-04-18,7,Emergency,308,Home
ADM_04844,P_00804,HOSP_005,DOC_027,DEPT_037,2024-07-26,2024-07-27,1,Emergency,139,Home
ADM_04845,P_00804,HOSP_005,DOC_027,DEPT_037,2024-08-02,2024-08-09,7,emergency,594,Home
ADM_04846,P_03309,HOSP_001,DOC_028,DEPT_005,2024-07-08,2024-07-12,4,Urgent,275,Hospice
ADM_04847,P_02446,HOSP_001,DOC_022,DEPT_001,2024-06-26,2024-07-05,9,Urgent,573,Home
ADM_04848,P_01513,HOSP_001,DOC_004,DEPT_005,2024-08-05,2024-08-07,2,Elective,272,Home
ADM_04849,P_02059,HOSP_004,DOC_009,DEPT_030,2024-11-06,2024-11-11,5,Emergency,500,Home
ADM_04850,P_03286,HOSP_001,DOC_004,DEPT_005,2024-11-06,2024-11-13,7,Elective,177,home
ADM_04851,P_02133,HOSP_001,DOC_022,DEPT_001,2024-06-15,2024-06-19,4,Elective,328,Home
ADM_04852,P_02378,HOSP_002,DOC_014,DEPT_009,2024-12-24,2024-12-28,4,Urgent,567,HOME
ADM_04853,P_00899,HOSP_003,DOC_006,DEPT_018,2024-06-08,2024-06-15,7,Urgent,234,Home
ADM_04854,P_00651,HOSP_001,DOC_005,DEPT_006,2024-07-01,2024-07-07,6,Emergency,547,  Home  
ADM_04855,P_00136,HOSP_004,DOC_038,DEPT_031,2024-07-24,2024-07-30,6,Elective,259,home
ADM_04856,P_00585,HOSP_002,DOC_036,DEPT_016,2025-05-03,05/07/2025,4,Urgent,116,Home
ADM_04857,P_01267,HOSP_005,DOC_002,DEPT_035,2025-04-30,2025-05-03,3,Elective,442,Home
ADM_04858,P_02834,HOSP_002,DOC_032,DEPT_016,2024-11-21,2024-11-26,5,Elective,504,Deceased
ADM_04859,P_00081,HOSP_004,DOC_013,DEPT_026,2024-07-07,2024-07-14,7,Emergency,294,Home
ADM_04860,P_03333,HOSP_005,DOC_015,DEPT_038,2024-01-26,2024-01-28,2,Urgent,437,Transferred
ADM_04861,P_02337,HOSP_001,DOC_039,DEPT_007,2024/09/07 00:00:00,2024-09-11,4,Emergency,100,Home
ADM_04862,P_02388,HOSP_005,DOC_002,DEPT_035,2024-07-21,2024-07-24,3,Elective,518,Home
ADM_04863,P_00404,HOSP_004,DOC_040,DEPT_027,2025-03-11,2025-03-16,5,Emergency,523,Home
ADM_04864,P_03277,HOSP_005,DOC_015,DEPT_038,2024-05-23,2024-05-30,-7,urgent,285,Home
ADM_04865,P_02976,HOSP_005,DOC_003,DEPT_036,2024-05-19,2024-05-22,3,EMERGENCY,355,Home
ADM_04866,P_00205,HOSP_001,DOC_033,DEPT_002,19-03-2024,2024-03-25,6,Elective,,Home
ADM_04867,P_00588,HOSP_003,DOC_021,DEPT_019,2024-02-15,2024-02-19,4,Elective,114,Home
ADM_04868,P_00018,HOSP_002,DOC_012,DEPT_014,2024-10-26,2024-11-03,8,  Elective  ,500,Home
ADM_04869,P_03016,HOSP_003,DOC_006,DEPT_018,2024-06-04,2024-06-07,3,Emergency,524,Rehabilitation
ADM_04870,P_03465,HOSP_005,DOC_029,DEPT_036,2024-03-31,2024-04-07,7,Elective,277,Home
ADM_04871,P_01517,HOSP_003,DOC_021,DEPT_019,2024-03-05,2024-03-07,2,Emergency,455,Home
ADM_04872,P_02532,HOSP_005,DOC_002,DEPT_035,2024-05-09,2024-05-14,5,Elective,276,Rehabilitation
ADM_04873,P_02532,HOSP_005,DOC_002,DEPT_035,2024-06-10,2024-06-19,9,Emergency,249,Home
ADM_04874,P_01284,HOSP_004,DOC_025,DEPT_032,2025-04-20,2025-04-23,3,Elective,522,Home
ADM_04875,P_01566,HOSP_005,DOC_015,DEPT_038,2024-04-10,2024-04-11,1,Emergency,497,Rehabilitation
ADM_04876,P_02600,HOSP_002,DOC_036,DEPT_016,2024-10-05,2024-10-09,4,urgent,543,REHABILITATION
ADM_04877,P_01698,HOSP_001,DOC_022,DEPT_001,2024-02-03,2024-02-08,5,Elective,465,Home
ADM_04878,P_01192,HOSP_002,DOC_036,DEPT_016,2024-04-12,2024-04-16,4,Elective,250,Home
ADM_04879,P_00366,HOSP_002,DOC_014,DEPT_009,2024-01-22,2024-01-25,3,Emergency,,Transferred
ADM_04880,P_02711,HOSP_001,DOC_017,DEPT_008,2024-12-04,2024-12-11,7,Urgent,397,HOME
ADM_04881,P_00169,HOSP_004,DOC_013,DEPT_026,2024-07-06,2024-07-14,8,Elective,547,home
ADM_04882,P_00487,HOSP_002,DOC_032,DEPT_016,2024-12-15,2024-12-23,8,Elective,199,Rehabilitation
ADM_04883,P_00836,HOSP_005,DOC_019,DEPT_039,2025-01-02,2025-01-08,6,Elective,484,Home
ADM_04884,P_02903,HOSP_005,DOC_003,DEPT_036,2025-05-05,2025-05-11,6,Elective,569,Transferred
ADM_04885,P_01860,HOSP_001,DOC_008,DEPT_005,2024-10-07,2024-10-10,3,Elective,,Home
ADM_04886,P_00410,HOSP_001,DOC_035,DEPT_003,2024-03-22,2024/03/26 00:00:00,4,Emergency,108,Home
ADM_04887,P_01777,HOSP_004,DOC_013,DEPT_026,2024-10-18,2024-10-23,5,Emergency,370,Home
ADM_04888,P_01890,HOSP_001,DOC_034,DEPT_005,2024-02-28,2024-03-04,5,Elective,521,Home
ADM_04889,P_00112,HOSP_001,DOC_035,DEPT_003,2025-02-14,2025-02-19,5,  Urgent  ,573,Home
ADM_04890,P_00965,HOSP_001,DOC_035,DEPT_003,2024-10-12,2024-10-17,5,Emergency,395,Home
ADM_04891,P_02785,HOSP_003,DOC_031,DEPT_024,2025-04-10,2025-04-16,6,Emergency,508,Home
ADM_04892,P_03442,HOSP_001,DOC_023,DEPT_007,2024-08-18,2024-08-23,5,Elective,500,Home
ADM_04893,P_03442,HOSP_001,DOC_023,DEPT_007,2024-09-04,2024-09-11,7,Emergency,238,Home
ADM_04894,P_02701,HOSP_001,DOC_005,DEPT_006,2025/04/07 00:00:00,2025-04-10,3,Emergency,196,Home
ADM_04895,P_01429,HOSP_005,DOC_019,DEPT_039,2025-04-10,2025-04-12,2,Elective,367,Home
ADM_04896,P_01601,HOSP_002,DOC_016,DEPT_009,2024-10-30,2024-11-04,5,Urgent,183,Home
ADM_04897,P_01255,HOSP_005,DOC_002,DEPT_035,2024-12-05,2024-12-09,4,Emergency,234,Home
ADM_04898,P_02552,HOSP_003,DOC_010,DEPT_021,2024-01-30,2024-02-02,3,Emergency,276,Home
ADM_04899,P_02552,HOSP_001,DOC_005,DEPT_006,2024-05-13,2024-05-19,6,  Emergency  ,407,Home
ADM_04900,P_02633,HOSP_005,DOC_002,DEPT_035,2024-12-01,2024-12-05,4,Emergency,,Home
ADM_04901,P_02633,HOSP_005,DOC_002,DEPT_035,2024-12-24,2025-01-05,12,Emergency,558,  Home  
ADM_04902,P_01542,HOSP_004,DOC_040,DEPT_027,2024-05-03,2024-05-09,6,Elective,586,Home
ADM_04903,P_01542,HOSP_004,DOC_040,DEPT_027,2024-06-07,2024-06-11,4,Emergency,145,Home
ADM_04904,P_00101,HOSP_004,DOC_025,DEPT_032,2025-03-11,2025-03-18,7,Elective,209,Home
ADM_04905,P_02129,HOSP_002,DOC_012,DEPT_014,2024-08-15,2024-08-21,6,Emergency,519,Deceased
ADM_04906,P_00887,HOSP_005,DOC_019,DEPT_039,2024-10-03,10/06/2024,3,Elective,454,Transferred
ADM_04907,P_01229,HOSP_005,DOC_037,DEPT_035,2024-07-18,2024-07-21,3,Emergency,460,Home
ADM_04908,P_01229,HOSP_005,DOC_037,DEPT_035,2024-08-10,2024-08-19,9,Emergency,285,Home
ADM_04909,P_02244,HOSP_001,DOC_023,DEPT_007,2025-01-05,2025-01-07,2,Emergency,137,Home
ADM_04910,P_02244,HOSP_001,DOC_023,DEPT_007,2025-01-13,2025-01-15,2,Emergency,,Home
ADM_04911,P_02865,HOSP_003,DOC_024,DEPT_024,2024-12-13,2024-12-18,5,Emergency,381,transferred
ADM_04912,P_03479,HOSP_001,DOC_020,DEPT_008,2024-09-08,2024-09-13,5,elective,238,Home
ADM_04913,P_03479,HOSP_001,DOC_020,DEPT_008,2024-09-19,2024-09-26,7,Emergency,508,Home
ADM_04914,P_02982,HOSP_002,DOC_036,DEPT_016,2025-03-14,2025-03-19,-5,URGENT,196,Home
ADM_04915,P_00697,HOSP_003,DOC_007,DEPT_024,2025-01-04,2025-01-10,6,  Elective  ,415,Home
ADM_04916,P_02508,HOSP_001,DOC_004,DEPT_005,2024-03-09,2024-03-17,8,Emergency,559,Home
ADM_04917,P_02508,HOSP_001,DOC_004,DEPT_005,2024-04-05,2024-04-11,6,Emergency,223,Home
ADM_04918,P_02352,HOSP_001,DOC_005,DEPT_006,2024-01-14,2024-01-16,2,Urgent,103,Home
ADM_04919,P_02831,HOSP_005,DOC_018,DEPT_039,2024-02-24,2024-02-26,2,Elective,349,Home
ADM_04920,P_00538,HOSP_001,DOC_033,DEPT_002,2025-01-25,2025-01-29,4,Emergency,565,Deceased
ADM_04921,P_03082,HOSP_001,DOC_039,DEPT_007,2024/08/20 00:00:00,2024-08-24,4,Emergency,526,home
ADM_04922,P_01836,HOSP_003,DOC_021,DEPT_019,2024-07-01,2024-07-03,2,Urgent,320,Home
ADM_04923,P_01836,HOSP_003,DOC_021,DEPT_019,2024-07-07,2024-07-09,2,Emergency,429,Home
ADM_04924,P_00229,HOSP_002,DOC_032,DEPT_016,2025-01-25,2025-01-29,4,Elective,577,Transferred
ADM_04925,P_00867,HOSP_002,DOC_014,DEPT_009,2024-12-25,2025-01-04,10,Emergency,278,Home
ADM_04926,P_00424,HOSP_002,DOC_030,DEPT_014,07/17/2024,2024-07-23,6,Emergency,418,Transferred
ADM_04927,P_02504,HOSP_002,DOC_012,DEPT_014,2024-03-01,2024-03-06,5,Urgent,313,Home
ADM_04928,P_02504,HOSP_002,DOC_012,DEPT_014,2024-03-15,2024-03-21,6,Emergency,209,Home
ADM_04929,P_01241,HOSP_003,DOC_024,DEPT_024,2024-10-22,2024-10-26,4,Urgent,190,Home
ADM_04930,P_02618,HOSP_004,DOC_040,DEPT_027,2025-04-29,2025-05-05,6,Emergency,279,Home
ADM_04931,P_01630,HOSP_003,DOC_011,DEPT_021,2024-02-02,2024-02-04,2,elective,578,Home
ADM_04932,P_02972,HOSP_003,DOC_021,DEPT_019,2025-03-08,2025-03-20,12,Elective,475,Home
ADM_04933,P_02322,HOSP_001,DOC_020,DEPT_008,2025-03-23,2025-03-25,2,Emergency,355,TRANSFERRED
ADM_04934,P_01493,HOSP_002,DOC_014,DEPT_009,2025-01-24,2025-01-30,6,  Emergency  ,486,Transferred
ADM_04935,P_01851,HOSP_002,DOC_036,DEPT_016,2025-04-09,2025-04-12,3,Elective,278,Transferred
ADM_04936,P_01710,HOSP_005,DOC_019,DEPT_039,2025-01-29,2025-02-03,5,Elective,565,Home
ADM_04937,P_01710,HOSP_005,DOC_019,DEPT_039,2025-02-21,2025-03-02,9,Emergency,323,Home
ADM_04938,P_01711,HOSP_004,DOC_038,DEPT_031,2024-07-02,2024-07-04,2,Urgent,354,Home
ADM_04939,P_01992,HOSP_003,DOC_001,DEPT_023,2024-06-13,06/16/2024,3,Emergency,287,Home
ADM_04940,P_03407,HOSP_001,DOC_004,DEPT_005,2024-07-21,2024-07-24,3,Elective,397,Home
ADM_04941,P_01694,HOSP_005,DOC_018,DEPT_039,2025-03-18,2025-03-22,4,Emergency,399,Home
ADM_04942,P_01694,HOSP_005,DOC_018,DEPT_039,2025-04-04,2025-04-11,7,Emergency,415,Home
ADM_04943,P_00563,HOSP_001,DOC_022,DEPT_001,2024-07-30,2024-08-10,11,Elective,546,Home
ADM_04944,P_00679,HOSP_001,DOC_028,DEPT_005,2024-05-14,2024-05-17,3,Emergency,416,Home
ADM_04945,P_01463,HOSP_005,DOC_003,DEPT_036,2025-03-10,2025-03-20,10,Elective,497,Home
ADM_04946,P_01463,HOSP_005,DOC_003,DEPT_036,2025-04-04,2025-04-12,8,EMERGENCY,308,Home
ADM_04947,P_03438,HOSP_003,DOC_001,DEPT_023,2024-12-20,2024/12/22 00:00:00,2,Urgent,359,Home
ADM_04948,P_02885,HOSP_002,DOC_012,DEPT_014,2024-09-15,2024-09-19,4,Emergency,152,Home
ADM_04949,P_01711,HOSP_003,DOC_010,DEPT_021,2025-01-25,2025-01-27,2,Elective,508,Home
ADM_04950,P_02580,HOSP_003,DOC_011,DEPT_021,2024-01-15,2024/01/19 00:00:00,4,Elective,271,Home
ADM_04951,P_00716,HOSP_001,DOC_008,DEPT_005,2024-04-04,2024-04-08,4,Elective,387,Transferred
ADM_04952,P_00716,HOSP_001,DOC_008,DEPT_005,2024-04-29,2024-05-06,7,Emergency,518,Home
ADM_04953,P_02753,HOSP_005,DOC_019,DEPT_039,2024-05-15,2024-05-21,6,Elective,549,Home
ADM_04954,P_03449,HOSP_004,DOC_009,DEPT_030,2025-04-04,2025-04-08,4,Elective,589,Home
ADM_04955,P_02945,HOSP_003,DOC_007,DEPT_024,2025-03-30,2025-04-02,3,Urgent,234,Home
ADM_04956,P_02418,HOSP_003,DOC_031,DEPT_024,2024-11-18,2024-11-27,9,Emergency,167,Home
ADM_04957,P_02757,HOSP_001,DOC_039,DEPT_007,2025-04-30,2025-05-11,11,Emergency,512,Home
ADM_04958,P_02296,HOSP_001,DOC_039,DEPT_007,2024-05-03,2024-05-07,4,Elective,,Home
ADM_04959,P_02589,HOSP_005,DOC_015,DEPT_038,2024-06-18,2024-06-23,5,Elective,392,Home
ADM_04960,P_02495,HOSP_001,DOC_039,DEPT_007,2024-12-15,2024-12-19,4,Elective,321,Transferred
ADM_04961,P_02419,HOSP_001,DOC_023,DEPT_007,04/24/2024,2024-04-29,5,Urgent,430,Rehabilitation
ADM_04962,P_02654,HOSP_001,DOC_039,DEPT_007,2024-12-30,2025-01-04,5,Emergency,466,Home
ADM_04963,P_02654,HOSP_001,DOC_039,DEPT_007,2025-01-28,2025-01-31,3,Emergency,264,Home
ADM_04964,P_00325,HOSP_004,DOC_009,DEPT_030,2024-01-04,2024-01-08,4,Elective,380,Home
ADM_04965,P_00368,HOSP_002,DOC_032,DEPT_016,2024-12-07,2024-12-15,8,Emergency,227,Home
ADM_04966,P_03139,HOSP_001,DOC_005,DEPT_006,2024-03-03,2024-03-10,7,Emergency,316,Rehabilitation
ADM_04967,P_00979,HOSP_002,DOC_014,DEPT_009,2024-08-04,2024-08-08,4,Urgent,412,Home
ADM_04968,P_02941,HOSP_003,DOC_007,DEPT_024,2025-04-20,04/25/2025,5,Urgent,101,Home
ADM_04969,P_01155,HOSP_003,DOC_021,DEPT_019,2024-11-05,2024-11-09,4,Elective,152,Home
ADM_04970,P_02534,HOSP_005,DOC_029,DEPT_036,2025-04-05,2025-04-11,6,  Elective  ,114,Home
ADM_04971,P_03469,HOSP_003,DOC_024,DEPT_024,2024-11-11,2024-11-13,2,Elective,206,TRANSFERRED
ADM_04972,P_03469,HOSP_003,DOC_024,DEPT_024,2024-12-07,2024/12/15 00:00:00,8,EMERGENCY,248,  Home  
ADM_04973,P_01465,HOSP_001,DOC_039,DEPT_007,2025-01-11,2025-01-20,9,Emergency,466,Home
ADM_04974,P_01228,HOSP_003,DOC_011,DEPT_021,2024/01/09 00:00:00,2024-01-12,3,Elective,516,Rehabilitation
ADM_04975,P_00368,HOSP_001,DOC_033,DEPT_002,2024-04-05,2024-04-14,9,Elective,,Rehabilitation
ADM_04976,P_01313,HOSP_005,DOC_018,DEPT_039,2024-10-18,2024-10-23,5,Emergency,326,Home
ADM_04977,P_00713,HOSP_003,DOC_021,DEPT_019,2024-06-17,2024-06-21,4,Emergency,161,Home
ADM_04978,P_01371,HOSP_001,DOC_008,DEPT_005,2024-11-06,2024-11-10,4,Emergency,289,Home
ADM_04979,P_03420,HOSP_005,DOC_029,DEPT_036,2025-01-23,2025-02-01,9,Elective,528,Home
ADM_04980,P_03394,HOSP_004,DOC_038,DEPT_031,2024-07-13,2024-07-17,4,Elective,539,Home
ADM_04981,P_02793,HOSP_003,DOC_026,DEPT_020,2024-02-17,2024-02-27,10,Urgent,241,Home
ADM_04982,P_00462,HOSP_002,DOC_014,DEPT_009,2025-01-24,2025-02-03,10,Emergency,518,Home
ADM_04983,P_02220,HOSP_001,DOC_017,DEPT_008,2025/02/07 00:00:00,2025-02-11,4,Urgent,534,Home
ADM_04984,P_02220,HOSP_001,DOC_017,DEPT_008,2025-03-10,2025-03-16,6,Emergency,501,Home
ADM_04985,P_01475,HOSP_004,DOC_038,DEPT_031,2025-02-28,2025-03-01,1,Emergency,348,Hospice
ADM_04986,P_01897,HOSP_001,DOC_004,DEPT_005,2024-12-20,2024-12-24,4,Emergency,167,Home
ADM_04987,P_00559,HOSP_005,DOC_027,DEPT_037,2024-11-02,2024-11-07,5,urgent,,Home
ADM_04988,P_00559,HOSP_005,DOC_027,DEPT_037,2024-12-01,2024/12/12 00:00:00,11,Emergency,443,Home
ADM_04989,P_01032,HOSP_001,DOC_039,DEPT_007,2024-01-15,2024-01-25,10,Emergency,368,Home
ADM_04990,P_02642,HOSP_002,DOC_012,DEPT_014,2024-09-11,2024-09-18,7,Emergency,186,Home
ADM_04991,P_02915,HOSP_005,DOC_015,DEPT_038,2024-06-30,2024-07-08,8,Urgent,113,Home
ADM_04992,P_02556,HOSP_001,DOC_017,DEPT_008,2024-07-06,2024-07-10,4,Urgent,296,Home
ADM_04993,P_02391,HOSP_001,DOC_008,DEPT_005,2024-06-20,2024-06-22,2,Urgent,460,Home
ADM_04994,P_02391,HOSP_001,DOC_008,DEPT_005,2024-07-03,2024-07-10,7,Emergency,550,Home
ADM_04995,P_00798,HOSP_002,DOC_036,DEPT_016,2024-06-26,2024-07-04,8,Urgent,202,Home
ADM_04996,P_00838,HOSP_003,DOC_031,DEPT_024,2024-07-02,2024-07-03,1,Elective,469,Home
ADM_04997,P_00838,HOSP_003,DOC_031,DEPT_024,2024-07-28,2024-08-04,7,Emergency,143,Home
ADM_04998,P_00995,HOSP_001,DOC_035,DEPT_003,2025-01-11,2025-01-13,2,Elective,,Home
ADM_04999,P_00012,HOSP_001,DOC_008,DEPT_005,2024-10-14,2024-10-17,3,Elective,439,Home
ADM_05000,P_02821,HOSP_003,DOC_006,DEPT_018,2024-03-02,2024-03-07,5,Elective,342,Home
ADM_04852,P_02378,HOSP_002,DOC_014,DEPT_009,2024-12-24,2024-12-28,4,Urgent,567,Home
ADM_03472,P_03070,HOSP_003,DOC_007,DEPT_024,2025-03-15,2025-03-19,4,Elective,125,Home
ADM_04277,P_03050,HOSP_005,DOC_018,DEPT_039,2024-06-23,2024-06-26,3,Elective,276,Home
ADM_03530,P_01804,HOSP_001,DOC_005,DEPT_006,2025-04-05,2025-04-09,4,emergency,270,Home
ADM_01308,P_02487,HOSP_001,DOC_039,DEPT_007,2024-12-03,2024-12-09,6,elective,212,Home
ADM_04061,P_00692,HOSP_002,DOC_036,DEPT_016,2024-12-29,2025-01-06,8,Elective,278,Home
ADM_02760,P_00798,HOSP_003,DOC_024,DEPT_024,2024-11-09,2024-11-14,5,Urgent,564,Home
ADM_02803,P_01203,HOSP_005,DOC_003,DEPT_036,2024-04-01,2024-04-08,7,emergency,483,Transferred
ADM_01080,P_03030,HOSP_004,DOC_038,DEPT_031,2024-04-23,29-04-2024,6,Urgent,372,Home
ADM_02981,P_02094,HOSP_001,DOC_017,DEPT_008,2024-07-23,2024-08-02,10,Emergency,586,Home
ADM_00453,P_03174,HOSP_004,DOC_038,DEPT_031,2025-02-21,2025-02-26,5,ELECTIVE,,Home
ADM_01549,P_03427,HOSP_003,DOC_006,DEPT_018,2025-01-19,2025-01-22,3,  Emergency  ,217,Home
ADM_04235,P_00745,HOSP_005,DOC_003,DEPT_036,2024-05-09,2024-05-15,6,Emergency,222,Home
ADM_04622,P_01880,HOSP_002,DOC_012,DEPT_014,2024-07-15,2024-07-19,4,Emergency,,Home
ADM_03802,P_01135,HOSP_001,DOC_005,DEPT_006,2025-03-10,2025-03-17,7,Emergency,100,Rehabilitation
ADM_02500,P_00977,HOSP_001,DOC_008,DEPT_005,2024-01-27,2024-01-30,3,Elective,497,Home
ADM_01418,P_03048,HOSP_001,DOC_033,DEPT_002,2024/11/11 00:00:00,2024-11-14,3,Urgent,351,Home
ADM_03204,P_01147,HOSP_002,DOC_016,DEPT_009,2025-02-06,2025-02-11,5,Elective,574,Home
ADM_02408,P_00180,HOSP_001,DOC_004,DEPT_005,2024-04-03,2024-04-06,3,Urgent,251,Rehabilitation
ADM_04642,P_00271,HOSP_003,DOC_010,DEPT_021,2025-03-28,2025-04-01,4,Urgent,517,Transferred
ADM_02962,P_02925,HOSP_001,DOC_017,DEPT_008,2024-02-17,2024-02-19,2,Elective,449,Rehabilitation
ADM_00245,P_00683,HOSP_003,DOC_024,DEPT_024,2024-06-28,2024-07-08,10,Urgent,371,rehabilitation
ADM_03945,P_02570,HOSP_001,DOC_028,DEPT_005,2024-02-25,2024-03-01,5,Emergency,469,Rehabilitation
ADM_01661,P_01951,HOSP_005,DOC_029,DEPT_036,2025-05-11,2025-05-13,2,Emergency,139,Home
ADM_04569,P_02568,HOSP_003,DOC_001,DEPT_023,2024-04-30,2024-05-07,7,Elective,137,Transferred
ADM_02599,P_01144,HOSP_003,DOC_010,DEPT_021,2024-12-11,2024/12/17 00:00:00,6,Elective,280,Home
ADM_04639,P_00165,HOSP_005,DOC_029,DEPT_036,2024-02-27,2024-03-02,4,Urgent,244,Home
ADM_01547,P_00506,HOSP_005,DOC_015,DEPT_038,2024-06-23,2024-06-28,5,Elective,418,Transferred
ADM_03146,P_01156,HOSP_005,DOC_003,DEPT_036,2024-11-23,2024-11-28,5,Urgent,418,Home
ADM_03882,P_03056,HOSP_004,DOC_040,DEPT_027,2024-05-26,2024-06-06,11,Elective,504,Home
ADM_03313,P_03011,HOSP_003,DOC_024,DEPT_024,2024-02-04,2024-02-09,5,Emergency,568,Home
ADM_02964,P_01271,HOSP_003,DOC_021,DEPT_019,2024-12-01,2024-12-06,5,  Emergency  ,479,Home
ADM_04611,P_01628,HOSP_003,DOC_010,DEPT_021,2024-06-18,2024-06-29,11,Urgent,143,Home
ADM_02080,P_02164,HOSP_002,DOC_036,DEPT_016,2024-08-02,2024-08-09,7,Emergency,286,Home
ADM_00257,P_03283,HOSP_003,DOC_011,DEPT_021,2025-03-19,2025-03-21,2,EMERGENCY,157,Home
ADM_00857,P_02074,HOSP_003,DOC_031,DEPT_024,2024-06-27,2024-07-06,9,Emergency,205,Home
ADM_01421,P_01211,HOSP_004,DOC_038,DEPT_031,2025-03-01,2025-03-08,7,Elective,406,Home
ADM_03954,P_02995,HOSP_002,DOC_014,DEPT_009,2025-04-29,2025-05-03,4,Emergency,,Home
ADM_00663,P_00228,HOSP_002,DOC_036,DEPT_016,2024-03-05,2024-03-15,10,Urgent,434,Home
ADM_01770,P_02491,HOSP_005,DOC_027,DEPT_037,2025-01-29,2025-02-05,7,Elective,522,Home
ADM_02828,P_03156,HOSP_005,DOC_003,DEPT_036,2025-01-08,2025-01-10,2,Emergency,402,Home
ADM_01921,P_00906,HOSP_005,DOC_029,DEPT_036,2025-04-15,2025-04-19,4,Emergency,175,Home
ADM_01985,P_01476,HOSP_003,DOC_006,DEPT_018,2024-09-23,2024-09-28,5,Urgent,265,Home
ADM_03638,P_02811,HOSP_002,DOC_014,DEPT_009,2024-02-24,2024-03-01,6,Emergency,,Home
ADM_01778,P_02328,HOSP_003,DOC_024,DEPT_024,2024-01-27,2024-02-03,7,Elective,219,Home
ADM_04303,P_01782,HOSP_005,DOC_029,DEPT_036,2024-11-29,2024-12-02,3,Elective,,Home
ADM_00147,P_03318,HOSP_004,DOC_040,DEPT_027,2025-03-18,2025-03-25,7,Emergency,488,Hospice
ADM_01528,P_03225,HOSP_004,DOC_013,DEPT_026,2024-07-13,2024-07-16,3,Elective,330,Transferred
ADM_01487,P_02738,HOSP_001,DOC_034,DEPT_005,2024-08-24,2024-08-31,7,Elective,353,Home
ADM_01270,P_03485,HOSP_004,DOC_009,DEPT_030,2025-04-07,2025-04-12,5,Elective,392,Transferred
ADM_03674,P_01190,HOSP_004,DOC_025,DEPT_032,2025-03-16,2025-03-19,3,Elective,130,Home
ADM_04992,P_02556,HOSP_001,DOC_017,DEPT_008,2024-07-06,2024-07-10,4,Urgent,296,Home
ADM_01079,P_00149,HOSP_001,DOC_023,DEPT_007,2024-06-21,2024-06-27,6,Emergency,516,Home
ADM_03191,P_03449,HOSP_001,DOC_020,DEPT_008,2024-12-11,2024-12-15,4,Elective,453,Home
ADM_03887,P_03389,HOSP_003,DOC_011,DEPT_021,2024-10-23,2024-10-25,2,Emergency,546,Home
ADM_01509,P_02569,HOSP_001,DOC_005,DEPT_006,2024-05-05,2024-05-14,9,Elective,210,Home
ADM_04958,P_02296,HOSP_001,DOC_039,DEPT_007,2024-05-03,2024-05-07,4,Elective,214,Home
ADM_04883,P_00836,HOSP_005,DOC_019,DEPT_039,2025-01-02,2025-01-08,6,Elective,,Home
ADM_00803,P_03442,HOSP_004,DOC_038,DEPT_031,2024-12-12,2024-12-16,4,Urgent,315,Hospice
ADM_02521,P_01205,HOSP_002,DOC_014,DEPT_009,2024-09-19,2024-09-27,8,Elective,565,Home
