appointment_id,patient_id,doctor_id,department_id,appointment_date,appointment_time,status,reason_for_visit,waiting_time_minutes
APT_000001,P_02749,DOC_026,DEPT_020,2025-01-10,09:30,Completed,Chest Discomfort,54
APT_000002,P_00525,DOC_019,DEPT_039,2024-11-20,10:30,Completed,Chronic Disease Review,36
APT_000003,P_00635,DOC_010,DEPT_021,2024-10-14,09:30,Completed,Diabetes Monitoring,56
APT_000004,P_00417,DOC_011,DEPT_021,2025-03-31,08:45,Completed,Diabetes Monitoring,21
APT_000005,P_02826,DOC_024,DEPT_024,2025-04-14,15:15,Completed,Respiratory Symptoms,29
APT_000006,P_01168,DOC_037,DEPT_035,2024-03-31,16:30,Completed,Respiratory Symptoms,14
APT_000007,P_02151,DOC_019,DEPT_039,2024-11-26,14:30,Completed,Medication Adjustment,26
APT_000008,P_00823,DOC_013,DEPT_026,2025-02-02,10:45,Completed,Respiratory Symptoms,12
APT_000009,P_02238,DOC_026,DEPT_020,2024-07-18,09:15,Completed,Annual Health Checkup,52
APT_000010,P_01032,DOC_015,DEPT_038,2024-08-19,15:45,Completed,Respiratory Symptoms,47
APT_000011,P_02519,DOC_001,DEPT_023,2024-09-13,15:45,Cancelled,Post-Operative Follow-up,0
APT_000012,P_02967,DOC_023,DEPT_007,2025-02-16,11:45,Scheduled,,0
APT_000013,P_00236,DOC_014,DEPT_009,2024-07-23,11:00,Completed,Routine Follow-up,27
APT_000014,P_02936,DOC_032,DEPT_016,2024-01-20,15:00,Completed,Respiratory Symptoms,24
APT_000015,P_02033,DOC_029,DEPT_036,2025-02-26,12:45,Scheduled,Diabetes Monitoring,0
APT_000016,P_00713,DOC_038,DEPT_031,2024-01-22,12:00,Completed,Respiratory Symptoms,62
APT_000017,P_03481,DOC_018,DEPT_039,2024-02-09,17:15,Completed,,20
APT_000018,P_03466,DOC_008,DEPT_005,2025-02-21,14:45,Scheduled,Annual Health Checkup,0
APT_000019,P_00512,DOC_005,DEPT_006,2024/04/15 00:00:00,16:30,Completed,Annual Health Checkup,45
APT_000020,P_02483,DOC_017,DEPT_008,2024-07-20,17:15,Cancelled,Respiratory Symptoms,0
APT_000021,P_00049,DOC_017,DEPT_008,11-05-2024,16:30,Scheduled,Respiratory Symptoms,0
APT_000022,P_02135,DOC_006,DEPT_018,2025-02-02,17:15,Completed,Chronic Disease Review,58
APT_000023,P_03024,DOC_014,DEPT_009,2025-01-04,12:15,Completed,Annual Health Checkup,48
APT_000024,P_00275,DOC_017,DEPT_008,2024-10-19,10:15,Completed,,25
APT_000025,P_02485,DOC_031,DEPT_024,2024-02-13,11:45,Completed,Chronic Disease Review,57
APT_000026,P_02955,DOC_027,DEPT_037,2024-05-27,11:15,Cancelled,Diabetes Monitoring,0
APT_000027,P_02997,DOC_014,DEPT_009,2024-01-27,08:30,Completed,Chest Discomfort,45
APT_000028,P_00975,DOC_018,DEPT_039,2024-08-21,10:15,Completed,Respiratory Symptoms,65
APT_000029,P_01571,DOC_005,DEPT_006,2024-01-27,08:00,Completed,Chronic Disease Review,54
APT_000030,P_00960,DOC_034,DEPT_005,2024-12-08,13:15,Completed,Diabetes Monitoring,43
APT_000031,P_01586,DOC_004,DEPT_005,2024-11-05,16:45,Scheduled,Diabetes Monitoring,0
APT_000032,P_01031,DOC_004,DEPT_005,2025-03-11,17:45,Scheduled,Medication Adjustment,0
APT_000033,P_00991,DOC_007,DEPT_024,2024-12-12,13:00,Completed,Medication Adjustment,64
APT_000034,P_03298,DOC_028,DEPT_005,2024-05-03,11:30,Completed,Diabetes Monitoring,14
APT_000035,P_01637,DOC_015,DEPT_038,2025-03-26,12:15,Completed,Chronic Disease Review,14
APT_000036,P_02473,DOC_019,DEPT_039,2024-05-15,17:15,Scheduled,Annual Health Checkup,0
APT_000037,P_02113,DOC_002,DEPT_035,2025-03-04,13:30,Completed,Respiratory Symptoms,27
APT_000038,P_03239,DOC_019,DEPT_039,2024-01-19,12:15,No-Show,Chest Discomfort,0
APT_000039,P_00969,DOC_017,DEPT_008,2024-05-23,17:15,Completed,Chest Discomfort,54
APT_000040,P_00521,DOC_039,DEPT_007,2024-05-25,12:30,Completed,Routine Follow-up,28
APT_000041,P_02692,DOC_002,DEPT_035,2025-03-16,15:15,Completed,Respiratory Symptoms,62
APT_000042,P_03135,DOC_023,DEPT_007,07/10/2024,17:45,Completed,Chronic Disease Review,25
APT_000043,P_00533,DOC_004,DEPT_005,2024-01-11,09:15,Completed,Annual Health Checkup,10
APT_000044,P_03449,DOC_019,DEPT_039,2024-08-21,09:45,Completed,Annual Health Checkup,17
APT_000045,P_00211,DOC_020,DEPT_008,2024-06-02,15:15,Completed,Chest Discomfort,42
APT_000046,P_02615,DOC_014,DEPT_009,2024-10-10,15:00,Completed,Chest Discomfort,10
APT_000047,P_03238,DOC_010,DEPT_021,2024-06-15,11:00,Completed,Chest Discomfort,45
APT_000048,P_01870,DOC_008,DEPT_005,2024-07-26,14:00,  No-Show  ,Diabetes Monitoring,0
APT_000049,P_01416,DOC_014,DEPT_009,2024-02-01,17:15,Completed,Annual Health Checkup,35
APT_000050,P_01164,DOC_040,DEPT_027,2024-11-19,16:30,Completed,Medication Adjustment,64
APT_000051,P_03013,DOC_022,DEPT_001,2024-03-26,11:45,Completed,Chronic Disease Review,26
APT_000052,P_02323,DOC_007,DEPT_024,2024-03-30,12:45,Completed,Post-Operative Follow-up,19
APT_000053,P_01484,DOC_024,DEPT_024,2024/06/26 00:00:00,08:00,Completed,Respiratory Symptoms,26
APT_000054,P_02435,DOC_012,DEPT_014,2024-04-30,14:30,Completed,Annual Health Checkup,65
APT_000055,P_00900,DOC_023,DEPT_007,2024-12-08,14:30,Completed,Medication Adjustment,46
APT_000056,P_01692,DOC_009,DEPT_030,2024-03-18,09:30,Scheduled,Annual Health Checkup,0
APT_000057,P_02976,DOC_004,DEPT_005,2024/05/10 00:00:00,12:00,Completed,Medication Adjustment,21
APT_000058,P_00844,DOC_034,DEPT_005,2025-01-26,09:15,Completed,Medication Adjustment,62
APT_000059,P_03299,DOC_026,DEPT_020,2025-01-21,09:15,Completed,Chronic Disease Review,18
APT_000060,P_00045,DOC_020,DEPT_008,2024-03-01,08:00,No-Show,Chronic Disease Review,0
APT_000061,P_02372,DOC_028,DEPT_005,2024-07-16,13:00,Completed,Annual Health Checkup,28
APT_000062,P_01984,DOC_035,DEPT_003,2024-05-28,15:30,completed,Chest Discomfort,40
APT_000063,P_00106,DOC_016,DEPT_009,2024-01-24,16:30,Completed,Diabetes Monitoring,22
APT_000064,P_03073,DOC_002,DEPT_035,2024-11-24,12:00,Completed,Chest Discomfort,32
APT_000065,P_02853,DOC_028,DEPT_005,2024-07-26,12:45,Completed,Routine Follow-up,49
APT_000066,P_01772,DOC_022,DEPT_001,2024-07-09,12:15,Completed,Routine Follow-up,46
APT_000067,P_00546,DOC_025,DEPT_032,2024-01-24,12:00,Completed,Respiratory Symptoms,25
APT_000068,P_01282,DOC_025,DEPT_032,2024-04-12,10:00,Cancelled,Medication Adjustment,0
APT_000069,P_02949,DOC_009,DEPT_030,2025-03-12,08:00,No-Show,Diabetes Monitoring,0
APT_000070,P_03321,DOC_037,DEPT_035,2024-01-01,09:45,Completed,Chest Discomfort,10
APT_000071,P_03476,DOC_031,DEPT_024,2024-06-24,10:45,No-Show,Diabetes Monitoring,0
APT_000072,P_01992,DOC_040,DEPT_027,2024-05-26,14:30,Completed,Routine Follow-up,56
APT_000073,P_02300,DOC_038,DEPT_031,2025-02-27,12:15,Completed,Chest Discomfort,62
APT_000074,P_01907,DOC_036,DEPT_016,2024-03-03,10:00,Cancelled,Post-Operative Follow-up,0
APT_000075,P_01951,DOC_003,DEPT_036,2024-01-06,09:30,Completed,Diabetes Monitoring,57
APT_000076,P_01321,DOC_010,DEPT_021,2025-02-12,09:30,Completed,Chronic Disease Review,14
APT_000077,P_00488,DOC_004,DEPT_005,2024-10-21,13:15,Cancelled,Post-Operative Follow-up,0
APT_000078,P_00463,DOC_006,DEPT_018,2024-10-23,09:45,Completed,Respiratory Symptoms,14
APT_000079,P_02889,DOC_006,DEPT_018,2025-02-05,12:45,Completed,Post-Operative Follow-up,48
APT_000080,P_03021,DOC_007,DEPT_024,2024-01-01,13:00,Completed,Chest Discomfort,26
APT_000081,P_00399,DOC_038,DEPT_031,2024-03-11,14:15,Completed,Medication Adjustment,65
APT_000082,P_01292,DOC_010,DEPT_021,2024-03-25,14:00,Completed,Chest Discomfort,51
APT_000083,P_02278,DOC_020,DEPT_008,2024-07-23,13:15,Completed,Chest Discomfort,29
APT_000084,P_03278,DOC_012,DEPT_014,2025-01-02,17:45,Scheduled,Annual Health Checkup,0
APT_000085,P_00466,DOC_031,DEPT_024,2025-03-08,09:30,Completed,Routine Follow-up,54
APT_000086,P_01326,DOC_007,DEPT_024,2024-01-10,15:30,Completed,Post-Operative Follow-up,35
APT_000087,P_03466,DOC_039,DEPT_007,2024-11-19,11:15,Cancelled,Annual Health Checkup,0
APT_000088,P_02171,DOC_013,DEPT_026,2024-07-04,08:15,Completed,Chronic Disease Review,59
APT_000089,P_00598,DOC_010,DEPT_021,2024-01-05,08:00,Completed,Routine Follow-up,17
APT_000090,P_03222,DOC_029,DEPT_036,2024-04-25,14:00,  Completed  ,Diabetes Monitoring,65
APT_000091,P_03401,DOC_007,DEPT_024,2025-01-06,12:00,Scheduled,Medication Adjustment,0
APT_000092,P_01406,DOC_018,DEPT_039,2024-01-30,16:30,Completed,Chest Discomfort,18
APT_000093,P_01279,DOC_009,DEPT_030,2024-09-24,11:45,Completed,Routine Follow-up,18
APT_000094,P_00140,DOC_011,DEPT_021,2024-10-27,17:30,Completed,Routine Follow-up,8
APT_000095,P_03205,DOC_020,DEPT_008,2025-04-10,17:30,Completed,Medication Adjustment,40
APT_000096,P_02517,DOC_037,DEPT_035,2025-01-08,15:45,Completed,Chest Discomfort,21
APT_000097,P_02295,DOC_011,DEPT_021,2025/04/24 00:00:00,10:30,Completed,Medication Adjustment,41
APT_000098,P_02542,DOC_010,DEPT_021,2024-07-21,11:00,Cancelled,Chest Discomfort,0
APT_000099,P_01574,DOC_026,DEPT_020,2024-11-20,13:15,Completed,Diabetes Monitoring,24
APT_000100,P_01156,DOC_013,DEPT_026,2025-04-22,08:15,Scheduled,Diabetes Monitoring,0
APT_000101,P_02655,DOC_018,DEPT_039,2025-03-21,14:30,Completed,Routine Follow-up,16
APT_000102,P_02519,DOC_003,DEPT_036,2024-01-23,16:45,Completed,Post-Operative Follow-up,51
APT_000103,P_01817,DOC_024,DEPT_024,2024-12-26,10:00,Cancelled,Post-Operative Follow-up,0
APT_000104,P_02089,DOC_009,DEPT_030,2024-09-23,15:15,Completed,Chronic Disease Review,13
APT_000105,P_01841,DOC_031,DEPT_024,2024-11-23,08:30,Completed,Post-Operative Follow-up,26
APT_000106,P_03366,DOC_014,DEPT_009,2024-08-04,10:45,No-Show,Respiratory Symptoms,0
APT_000107,P_02793,DOC_035,DEPT_003,2024-10-08,15:30,  Completed  ,Medication Adjustment,56
APT_000108,P_01624,DOC_038,DEPT_031,2024-02-03,13:30,Cancelled,Respiratory Symptoms,0
APT_000109,P_01519,DOC_030,DEPT_014,2024-12-24,11:45,Completed,Chest Discomfort,62
APT_000110,P_00904,DOC_033,DEPT_002,2024-06-07,09:00,Completed,Respiratory Symptoms,23
APT_000111,P_00728,DOC_024,DEPT_024,2025-02-13,13:30,No-Show,Chest Discomfort,0
APT_000112,P_00178,DOC_022,DEPT_001,2024-06-01,14:45,Completed,Respiratory Symptoms,9
APT_000113,P_02446,DOC_034,DEPT_005,2024-03-17,12:45,Completed,Routine Follow-up,34
APT_000114,P_01495,DOC_009,DEPT_030,2024-03-19,17:45,Completed,Diabetes Monitoring,11
APT_000115,P_02570,DOC_026,DEPT_020,2024-09-28,13:45,Completed,Post-Operative Follow-up,44
APT_000116,P_02486,DOC_037,DEPT_035,2025-02-10,08:30,Scheduled,Routine Follow-up,0
APT_000117,P_00727,DOC_003,DEPT_036,2024-04-02,13:30,completed,Post-Operative Follow-up,14
APT_000118,P_01234,DOC_024,DEPT_024,2025-02-27,12:15,Completed,Chronic Disease Review,40
APT_000119,P_02317,DOC_010,DEPT_021,2024-08-03,14:30,No-Show,Chronic Disease Review,0
APT_000120,P_01257,DOC_027,DEPT_037,2024-11-28,15:45,Completed,Chronic Disease Review,65
APT_000121,P_02341,DOC_033,DEPT_002,2024-04-21,15:45,Completed,Medication Adjustment,27
APT_000122,P_00739,DOC_035,DEPT_003,2024-06-18,09:00,Completed,Diabetes Monitoring,59
APT_000123,P_01935,DOC_030,DEPT_014,2025-02-14,10:45,Completed,Diabetes Monitoring,22
APT_000124,P_01484,DOC_017,DEPT_008,2024-07-31,17:30,Completed,Medication Adjustment,20
APT_000125,P_01294,DOC_039,DEPT_007,2024-09-29,09:30,Completed,Annual Health Checkup,28
APT_000126,P_00592,DOC_018,DEPT_039,2025-03-01,10:30,No-Show,Medication Adjustment,0
APT_000127,P_02533,DOC_037,DEPT_035,2024-12-03,11:00,Completed,Annual Health Checkup,11
APT_000128,P_02945,DOC_038,DEPT_031,05-10-2024,09:30,Completed,Respiratory Symptoms,34
APT_000129,P_01847,DOC_033,DEPT_002,2024-07-29,10:45,Completed,Medication Adjustment,29
APT_000130,P_02815,DOC_017,DEPT_008,2024-10-07,12:30,Completed,Annual Health Checkup,33
APT_000131,P_01242,DOC_023,DEPT_007,2024-03-11,15:15,Completed,Chronic Disease Review,62
APT_000132,P_02183,DOC_006,DEPT_018,2024-05-16,08:00,Completed,Chest Discomfort,58
APT_000133,P_02840,DOC_008,DEPT_005,2024-03-09,08:30,Completed,Respiratory Symptoms,15
APT_000134,P_01849,DOC_019,DEPT_039,2025-03-13,12:15,Completed,Post-Operative Follow-up,49
APT_000135,P_03179,DOC_006,DEPT_018,2025-01-21,14:45,Completed,Post-Operative Follow-up,47
APT_000136,P_01092,DOC_001,DEPT_023,2024-07-05,11:15,Scheduled,Post-Operative Follow-up,0
APT_000137,P_00340,DOC_021,DEPT_019,2024-09-24,17:30,SCHEDULED,Respiratory Symptoms,0
APT_000138,P_01669,DOC_013,DEPT_026,2024-10-11,08:30,Cancelled,Post-Operative Follow-up,0
APT_000139,P_03167,DOC_004,DEPT_005,2024-09-05,11:15,Completed,Respiratory Symptoms,41
APT_000140,P_01756,DOC_006,DEPT_018,2024-02-17,10:00,Completed,Annual Health Checkup,21
APT_000141,P_00765,DOC_026,DEPT_020,2024-12-28,08:45,Completed,Chronic Disease Review,43
APT_000142,P_03376,DOC_013,DEPT_026,2024-04-19,11:15,Completed,Chronic Disease Review,53
APT_000143,P_00675,DOC_021,DEPT_019,2024-01-18,16:45,Scheduled,Medication Adjustment,0
APT_000144,P_01532,DOC_028,DEPT_005,2024-07-31,10:00,NO-SHOW,Chest Discomfort,0
APT_000145,P_03443,DOC_020,DEPT_008,2025-03-06,11:15,Completed,Annual Health Checkup,47
APT_000146,P_03253,DOC_032,DEPT_016,2024-02-11,13:00,Completed,Diabetes Monitoring,39
APT_000147,P_01891,DOC_026,DEPT_020,2024-09-03,12:45,Completed,Annual Health Checkup,59
APT_000148,P_00709,DOC_012,DEPT_014,2024-05-01,14:45,Completed,Annual Health Checkup,27
APT_000149,P_00658,DOC_001,DEPT_023,2025-02-01,10:00,Completed,Chronic Disease Review,49
APT_000150,P_00423,DOC_031,DEPT_024,2024-10-03,17:45,Completed,Chronic Disease Review,35
APT_000151,P_03143,DOC_017,DEPT_008,2024-06-12,08:15,Completed,Respiratory Symptoms,50
APT_000152,P_01351,DOC_024,DEPT_024,2024-11-16,16:15,Completed,Routine Follow-up,56
APT_000153,P_01096,DOC_014,DEPT_009,2024-07-14,11:15,Completed,Annual Health Checkup,60
APT_000154,P_01389,DOC_027,DEPT_037,2024-06-20,13:00,Completed,Post-Operative Follow-up,14
APT_000155,P_02415,DOC_002,DEPT_035,2024-11-19,10:00,Completed,Diabetes Monitoring,49
APT_000156,P_03360,DOC_003,DEPT_036,2024-10-23,12:45,Completed,Post-Operative Follow-up,18
APT_000157,P_01593,DOC_006,DEPT_018,2024/02/17 00:00:00,17:30,No-Show,Annual Health Checkup,0
APT_000158,P_01257,DOC_018,DEPT_039,2024-02-26,10:45,Completed,Medication Adjustment,33
APT_000159,P_00535,DOC_018,DEPT_039,2025-03-04,17:45,Scheduled,Annual Health Checkup,0
APT_000160,P_01970,DOC_013,DEPT_026,2024-07-16,09:15,Cancelled,Routine Follow-up,0
APT_000161,P_03254,DOC_029,DEPT_036,2024-11-25,17:00,Completed,Post-Operative Follow-up,29
APT_000162,P_00883,DOC_038,DEPT_031,2025-04-05,17:15,  Completed  ,Respiratory Symptoms,55
APT_000163,P_03393,DOC_011,DEPT_021,2024-07-03,10:15,Completed,Annual Health Checkup,30
APT_000164,P_00797,DOC_026,DEPT_020,2024-03-29,08:00,Completed,Post-Operative Follow-up,47
APT_000165,P_02581,DOC_040,DEPT_027,2024-04-15,14:30,Completed,Routine Follow-up,13
APT_000166,P_02019,DOC_011,DEPT_021,2024-02-05,09:15,Completed,Routine Follow-up,36
APT_000167,P_02827,DOC_005,DEPT_006,2024-12-22,12:15,Scheduled,Respiratory Symptoms,0
APT_000168,P_02679,DOC_020,DEPT_008,2025-01-04,08:15,Completed,Annual Health Checkup,25
APT_000169,P_01972,DOC_015,DEPT_038,2024-06-20,09:00,Completed,Respiratory Symptoms,58
APT_000170,P_00028,DOC_019,DEPT_039,2024-05-13,11:45,Completed,Routine Follow-up,57
APT_000171,P_02377,DOC_026,DEPT_020,2024-10-06,14:15,Completed,Annual Health Checkup,65
APT_000172,P_03448,DOC_007,DEPT_024,2024-08-16,11:00,Completed,Routine Follow-up,44
APT_000173,P_02300,DOC_026,DEPT_020,2025-03-09,12:00,Cancelled,Post-Operative Follow-up,0
APT_000174,P_02315,DOC_030,DEPT_014,2024-02-04,11:30,Cancelled,Routine Follow-up,0
APT_000175,P_00842,DOC_002,DEPT_035,2024-08-17,08:30,Completed,Chronic Disease Review,16
APT_000176,P_00110,DOC_028,DEPT_005,2024-08-16,09:00,Completed,Routine Follow-up,32
APT_000177,P_02798,DOC_033,DEPT_002,2024-04-04,15:30,Completed,Annual Health Checkup,43
APT_000178,P_01603,DOC_006,DEPT_018,2024-12-27,10:45,Completed,Medication Adjustment,10
APT_000179,P_03455,DOC_036,DEPT_016,2025-01-27,15:30,Completed,Routine Follow-up,48
APT_000180,P_00736,DOC_036,DEPT_016,2024-03-18,15:30,Completed,Annual Health Checkup,32
APT_000181,P_01039,DOC_023,DEPT_007,2025-03-10,14:30,Completed,Diabetes Monitoring,8
APT_000182,P_01115,DOC_030,DEPT_014,2024-07-21,15:45,Completed,Annual Health Checkup,11
APT_000183,P_00727,DOC_032,DEPT_016,2024-05-05,15:00,  Completed  ,Respiratory Symptoms,53
APT_000184,P_01713,DOC_003,DEPT_036,2024-11-11,12:00,Completed,Respiratory Symptoms,49
APT_000185,P_02162,DOC_039,DEPT_007,2024-02-22,12:15,Completed,Routine Follow-up,45
APT_000186,P_00474,DOC_001,DEPT_023,2025-03-06,16:15,Completed,Routine Follow-up,33
APT_000187,P_02158,DOC_020,DEPT_008,2024-04-15,17:15,Completed,Medication Adjustment,43
APT_000188,P_00865,DOC_037,DEPT_035,2024-10-25,12:00,Completed,Annual Health Checkup,43
APT_000189,P_00352,DOC_019,DEPT_039,2024-05-21,09:45,Completed,Medication Adjustment,13
APT_000190,P_02388,DOC_028,DEPT_005,2024-07-31,14:45,Scheduled,Chest Discomfort,0
APT_000191,P_02374,DOC_030,DEPT_014,2024-02-21,14:45,Scheduled,Annual Health Checkup,0
APT_000192,P_01373,DOC_010,DEPT_021,2024-07-20,14:15,Scheduled,Post-Operative Follow-up,0
APT_000193,P_02201,DOC_027,DEPT_037,2024-02-17,12:15,Scheduled,Routine Follow-up,0
APT_000194,P_00586,DOC_003,DEPT_036,2024-10-09,14:30,Completed,Routine Follow-up,9
APT_000195,P_03357,DOC_022,DEPT_001,2024-02-18,14:15,Completed,Chronic Disease Review,52
APT_000196,P_02052,DOC_023,DEPT_007,2024-08-24,15:00,Completed,Medication Adjustment,59
APT_000197,P_03402,DOC_027,DEPT_037,2024-01-26,10:00,Scheduled,,0
APT_000198,P_01020,DOC_027,DEPT_037,2024-02-18,14:45,Completed,Annual Health Checkup,24
APT_000199,P_02741,DOC_019,DEPT_039,2024-12-23,11:30,Completed,Routine Follow-up,23
APT_000200,P_01047,DOC_036,DEPT_016,2024-06-03,14:15,Completed,Respiratory Symptoms,20
APT_000201,P_01742,DOC_015,DEPT_038,2024-10-06,14:45,Completed,Routine Follow-up,31
APT_000202,P_03354,DOC_004,DEPT_005,2024-05-18,09:00,No-Show,Annual Health Checkup,0
APT_000203,P_01673,DOC_034,DEPT_005,2025-04-03,13:30,Cancelled,Diabetes Monitoring,0
APT_000204,P_00119,DOC_016,DEPT_009,2024-02-06,14:45,Completed,Medication Adjustment,33
APT_000205,P_00075,DOC_039,DEPT_007,2024-10-28,17:15,Completed,Annual Health Checkup,18
APT_000206,P_00394,DOC_006,DEPT_018,2025-02-05,12:30,Scheduled,Chronic Disease Review,0
APT_000207,P_00794,DOC_036,DEPT_016,2024-04-23,11:15,Scheduled,Diabetes Monitoring,0
APT_000208,P_01032,DOC_040,DEPT_027,2024-03-24,14:00,Completed,Diabetes Monitoring,13
APT_000209,P_01466,DOC_024,DEPT_024,2024-12-09,15:15,Completed,Chest Discomfort,41
APT_000210,P_01122,DOC_010,DEPT_021,2025-02-21,16:15,Completed,Diabetes Monitoring,31
APT_000211,P_00825,DOC_014,DEPT_009,2024-10-02,10:45,Completed,Annual Health Checkup,21
APT_000212,P_02357,DOC_013,DEPT_026,2025-02-08,13:00,Completed,Medication Adjustment,25
APT_000213,P_02180,DOC_032,DEPT_016,2024-12-28,08:30,Scheduled,Respiratory Symptoms,0
APT_000214,P_01775,DOC_024,DEPT_024,2024-11-07,13:45,Completed,,44
APT_000215,P_02156,DOC_006,DEPT_018,2024-10-27,10:30,  Completed  ,Annual Health Checkup,62
APT_000216,P_00091,DOC_031,DEPT_024,2024-04-01,17:30,Scheduled,,0
APT_000217,P_00413,DOC_023,DEPT_007,2024-08-10,17:00,Completed,Diabetes Monitoring,18
APT_000218,P_01738,DOC_036,DEPT_016,2024-01-13,09:00,Completed,,34
APT_000219,P_00611,DOC_016,DEPT_009,2024-07-21,12:00,  Completed  ,Respiratory Symptoms,46
APT_000220,P_01863,DOC_018,DEPT_039,2024-08-07,11:30,Completed,,17
APT_000221,P_01595,DOC_011,DEPT_021,2024-03-29,13:15,Completed,Post-Operative Follow-up,59
APT_000222,P_03064,DOC_038,DEPT_031,03/31/2025,14:45,Completed,Annual Health Checkup,20
APT_000223,P_01119,DOC_006,DEPT_018,2024-05-08,12:30,Completed,Post-Operative Follow-up,37
APT_000224,P_01006,DOC_030,DEPT_014,2024/06/04 00:00:00,08:45,Completed,Routine Follow-up,29
APT_000225,P_00854,DOC_034,DEPT_005,2024-06-29,09:30,Completed,Chest Discomfort,11
APT_000226,P_01585,DOC_035,DEPT_003,2024-06-14,09:15,Completed,Routine Follow-up,52
APT_000227,P_02466,DOC_033,DEPT_002,2024-06-28,12:00,COMPLETED,Diabetes Monitoring,62
APT_000228,P_02846,DOC_034,DEPT_005,2025-01-17,09:30,Completed,Post-Operative Follow-up,19
APT_000229,P_03360,DOC_035,DEPT_003,2024-01-26,16:15,Completed,Routine Follow-up,49
APT_000230,P_03073,DOC_024,DEPT_024,2024-01-11,09:30,UNKNOWN_VAL,Medication Adjustment,26
APT_000231,P_01790,DOC_002,DEPT_035,2024-08-19,08:45,Scheduled,Respiratory Symptoms,0
APT_000232,P_01283,DOC_008,DEPT_005,2024-10-10,10:00,Completed,Post-Operative Follow-up,43
APT_000233,P_01061,DOC_037,DEPT_035,2024-03-13,10:00,Completed,Post-Operative Follow-up,49
APT_000234,P_01783,DOC_019,DEPT_039,2024-06-11,16:30,Completed,Medication Adjustment,20
APT_000235,P_01946,DOC_006,DEPT_018,2025-04-07,11:45,Completed,Respiratory Symptoms,22
APT_000236,P_01768,DOC_016,DEPT_009,2024-03-31,13:30,  Completed  ,Diabetes Monitoring,31
APT_000237,P_01983,DOC_009,DEPT_030,2025-04-04,08:45,COMPLETED,Respiratory Symptoms,56
APT_000238,P_03359,DOC_007,DEPT_024,2024-09-20,17:30,Scheduled,Respiratory Symptoms,0
APT_000239,P_02132,DOC_003,DEPT_036,2025-03-13,14:30,UNKNOWN_VAL,Chest Discomfort,62
APT_000240,P_01525,DOC_029,DEPT_036,2024-12-01,14:15,Completed,Annual Health Checkup,48
APT_000241,P_02989,DOC_020,DEPT_008,2024-02-16,10:30,Completed,Routine Follow-up,16
APT_000242,P_00215,DOC_032,DEPT_016,2024-03-27,13:00,Completed,Annual Health Checkup,16
APT_000243,P_01414,DOC_006,DEPT_018,2024-06-25,14:30,Completed,Diabetes Monitoring,58
APT_000244,P_02006,DOC_014,DEPT_009,2024-02-09,09:15,Completed,Post-Operative Follow-up,61
APT_000245,P_01733,DOC_001,DEPT_023,2025-03-23,10:30,Completed,Chronic Disease Review,19
APT_000246,P_03014,DOC_017,DEPT_008,2024-08-09,10:45,Completed,Chest Discomfort,44
APT_000247,P_02089,DOC_004,DEPT_005,2024-06-20,12:15,Scheduled,Routine Follow-up,0
APT_000248,P_02974,DOC_037,DEPT_035,2024-10-07,16:30,Completed,Chest Discomfort,8
APT_000249,P_00893,DOC_005,DEPT_006,2024-02-26,11:30,UNKNOWN_VAL,Chest Discomfort,57
APT_000250,P_02996,DOC_002,DEPT_035,2025-02-01,11:30,Cancelled,Chest Discomfort,0
APT_000251,P_03257,DOC_021,DEPT_019,2024-10-28,17:00,Completed,Post-Operative Follow-up,35
APT_000252,P_00853,DOC_004,DEPT_005,09-04-2024,13:45,Completed,Chest Discomfort,25
APT_000253,P_02778,DOC_026,DEPT_020,2025-01-25,17:30,Scheduled,Medication Adjustment,0
APT_000254,P_01066,DOC_014,DEPT_009,2024-12-09,17:45,  No-Show  ,Respiratory Symptoms,0
APT_000255,P_02845,DOC_023,DEPT_007,2024-12-10,09:15,Completed,Routine Follow-up,50
APT_000256,P_01471,DOC_034,DEPT_005,2024-05-07,14:15,SCHEDULED,,0
APT_000257,P_00316,DOC_036,DEPT_016,2024-02-20,16:00,COMPLETED,Diabetes Monitoring,35
APT_000258,P_00757,DOC_007,DEPT_024,2024-06-07,08:45,UNKNOWN_VAL,Annual Health Checkup,0
APT_000259,P_00670,DOC_003,DEPT_036,2024-06-28,12:45,Cancelled,Medication Adjustment,0
APT_000260,P_02908,DOC_004,DEPT_005,2025-04-23,09:00,Completed,Routine Follow-up,16
APT_000261,P_01675,DOC_001,DEPT_023,2024-09-06,08:45,completed,Annual Health Checkup,52
APT_000262,P_00610,DOC_022,DEPT_001,2024-03-21,13:00,  Scheduled  ,Chest Discomfort,0
APT_000263,P_00887,DOC_021,DEPT_019,2024-01-24,11:15,No-Show,Chronic Disease Review,0
APT_000264,P_03253,DOC_021,DEPT_019,2024-07-17,11:15,Completed,,13
APT_000265,P_02769,DOC_014,DEPT_009,2024-07-27,10:45,Completed,Diabetes Monitoring,49
APT_000266,P_01149,DOC_034,DEPT_005,2025-01-28,11:30,Completed,Diabetes Monitoring,39
APT_000267,P_01708,DOC_040,DEPT_027,2024-06-16,14:45,Completed,Annual Health Checkup,12
APT_000268,P_00218,DOC_014,DEPT_009,2025-02-10,14:30,Completed,Diabetes Monitoring,52
APT_000269,P_00651,DOC_005,DEPT_006,2024-10-04,14:00,Completed,Medication Adjustment,27
APT_000270,P_03014,DOC_026,DEPT_020,2024-07-25,09:45,Completed,Post-Operative Follow-up,36
APT_000271,P_00689,DOC_036,DEPT_016,2025-02-03,16:00,Completed,Post-Operative Follow-up,46
APT_000272,P_01251,DOC_002,DEPT_035,2024-12-13,13:30,completed,Chest Discomfort,50
APT_000273,P_03397,DOC_026,DEPT_020,2024-03-26,17:15,Completed,Medication Adjustment,27
APT_000274,P_02964,DOC_011,DEPT_021,2024-07-13,12:30,Completed,Post-Operative Follow-up,45
APT_000275,P_00635,DOC_040,DEPT_027,2024-12-15,09:45,Scheduled,Medication Adjustment,0
APT_000276,P_00152,DOC_019,DEPT_039,2024-07-01,12:00,Completed,Annual Health Checkup,63
APT_000277,P_00934,DOC_001,DEPT_023,2024-09-25,08:00,Scheduled,Chronic Disease Review,0
APT_000278,P_01548,DOC_009,DEPT_030,2025-02-11,10:30,Completed,Respiratory Symptoms,59
APT_000279,P_01240,DOC_020,DEPT_008,04/25/2025,09:45,Completed,Routine Follow-up,31
APT_000280,P_01507,DOC_020,DEPT_008,2025-01-22,12:45,Scheduled,Medication Adjustment,0
APT_000281,P_02418,DOC_031,DEPT_024,03/16/2024,14:00,Completed,Diabetes Monitoring,52
APT_000282,P_01442,DOC_017,DEPT_008,2024-01-10,11:15,Cancelled,Medication Adjustment,0
APT_000283,P_00572,DOC_034,DEPT_005,2024-06-08,08:00,Completed,Medication Adjustment,32
APT_000284,P_01123,DOC_028,DEPT_005,2024/01/28 00:00:00,13:45,Completed,Routine Follow-up,28
APT_000285,P_01373,DOC_016,DEPT_009,2024-10-06,16:15,Completed,Respiratory Symptoms,50
APT_000286,P_02519,DOC_021,DEPT_019,2024-08-31,09:00,Scheduled,Post-Operative Follow-up,0
APT_000287,P_02847,DOC_001,DEPT_023,2024-10-29,09:00,No-Show,Respiratory Symptoms,0
APT_000288,P_02300,DOC_031,DEPT_024,2024-09-08,15:15,Completed,Respiratory Symptoms,58
APT_000289,P_03432,DOC_036,DEPT_016,2025-04-15,17:45,Scheduled,,0
APT_000290,P_03356,DOC_023,DEPT_007,2024-12-11,13:00,Completed,Diabetes Monitoring,64
APT_000291,P_00450,DOC_015,DEPT_038,2025-04-08,14:15,COMPLETED,Medication Adjustment,54
APT_000292,P_03201,DOC_011,DEPT_021,2024-02-22,10:00,Completed,Diabetes Monitoring,55
APT_000293,P_02833,DOC_007,DEPT_024,2024-04-27,13:00,Completed,Chest Discomfort,31
APT_000294,P_01100,DOC_015,DEPT_038,2024-06-08,08:00,Scheduled,,0
APT_000295,P_00447,DOC_031,DEPT_024,2025-01-04,17:30,Completed,Chronic Disease Review,17
APT_000296,P_02929,DOC_033,DEPT_002,2024-06-29,17:45,Completed,Medication Adjustment,13
APT_000297,P_02247,DOC_001,DEPT_023,2024-02-07,11:15,Cancelled,Medication Adjustment,0
APT_000298,P_01579,DOC_013,DEPT_026,2024-10-20,11:15,Cancelled,Routine Follow-up,0
APT_000299,P_00293,DOC_034,DEPT_005,2024-01-19,17:45,Cancelled,Respiratory Symptoms,0
APT_000300,P_01713,DOC_016,DEPT_009,2024-08-06,13:00,Completed,Post-Operative Follow-up,41
APT_000301,P_01361,DOC_029,DEPT_036,2024-07-27,13:15,No-Show,Annual Health Checkup,0
APT_000302,P_01714,DOC_019,DEPT_039,2024-03-25,10:45,Completed,Annual Health Checkup,64
APT_000303,P_01389,DOC_005,DEPT_006,2025-02-01,13:15,Completed,Routine Follow-up,49
APT_000304,P_00107,DOC_023,DEPT_007,2024-07-12,10:00,Completed,Routine Follow-up,62
APT_000305,P_03014,DOC_013,DEPT_026,2024-01-15,14:45,Cancelled,Chronic Disease Review,0
APT_000306,P_02454,DOC_036,DEPT_016,2024-04-29,14:00,Completed,Post-Operative Follow-up,25
APT_000307,P_02273,DOC_022,DEPT_001,2024-05-04,09:00,Completed,Diabetes Monitoring,55
APT_000308,P_01113,DOC_018,DEPT_039,01/03/2024,14:00,Completed,,29
APT_000309,P_01762,DOC_036,DEPT_016,2024-01-13,15:15,Completed,Medication Adjustment,19
APT_000310,P_00334,DOC_012,DEPT_014,2024-06-24,12:15,Completed,Diabetes Monitoring,43
APT_000311,P_01362,DOC_040,DEPT_027,2025-04-17,10:30,Completed,Diabetes Monitoring,50
APT_000312,P_00765,DOC_011,DEPT_021,2025-01-19,17:45,Completed,Medication Adjustment,17
APT_000313,P_03397,DOC_021,DEPT_019,2024-10-05,09:45,UNKNOWN_VAL,Routine Follow-up,0
APT_000314,P_02547,DOC_009,DEPT_030,31-07-2024,15:45,COMPLETED,Routine Follow-up,57
APT_000315,P_02545,DOC_003,DEPT_036,2024-05-20,15:30,No-Show,Respiratory Symptoms,0
APT_000316,P_00761,DOC_011,DEPT_021,2025/02/04 00:00:00,10:00,No-Show,Post-Operative Follow-up,0
APT_000317,P_00279,DOC_035,DEPT_003,2024-11-08,09:15,Completed,Chest Discomfort,38
APT_000318,P_00083,DOC_002,DEPT_035,2025-02-13,09:45,Scheduled,Respiratory Symptoms,0
APT_000319,P_00689,DOC_015,DEPT_038,2024-07-03,16:45,Completed,Chronic Disease Review,21
APT_000320,P_02733,DOC_025,DEPT_032,2025-04-22,16:45,Completed,,20
APT_000321,P_01443,DOC_001,DEPT_023,2024-11-18,15:30,Completed,Respiratory Symptoms,14
APT_000322,P_00160,DOC_033,DEPT_002,2024-10-05,09:45,Completed,Chest Discomfort,38
APT_000323,P_02899,DOC_006,DEPT_018,2024-09-18,12:00,  Completed  ,Post-Operative Follow-up,29
APT_000324,P_01868,DOC_037,DEPT_035,2024-07-07,10:45,Completed,Medication Adjustment,28
APT_000325,P_02224,DOC_029,DEPT_036,2024-07-22,11:45,Completed,Chest Discomfort,8
APT_000326,P_01770,DOC_021,DEPT_019,2024-09-30,16:15,Scheduled,Respiratory Symptoms,0
APT_000327,P_01953,DOC_003,DEPT_036,2024-05-04,14:30,Completed,Diabetes Monitoring,17
APT_000328,P_01258,DOC_003,DEPT_036,2024-11-27,17:15,Cancelled,Routine Follow-up,0
APT_000329,P_00304,DOC_019,DEPT_039,2024-10-16,16:00,Cancelled,Annual Health Checkup,0
APT_000330,P_02822,DOC_004,DEPT_005,02/27/2025,09:15,Completed,Chronic Disease Review,59
APT_000331,P_02634,DOC_011,DEPT_021,2024-03-15,17:15,Completed,Diabetes Monitoring,44
APT_000332,P_02097,DOC_033,DEPT_002,2024-10-13,13:00,Scheduled,Respiratory Symptoms,0
APT_000333,P_00214,DOC_021,DEPT_019,2025-02-25,08:00,Scheduled,Medication Adjustment,0
APT_000334,P_00079,DOC_018,DEPT_039,2025-01-20,09:30,No-Show,Diabetes Monitoring,0
APT_000335,P_03392,DOC_031,DEPT_024,2024-11-21,08:15,Completed,Annual Health Checkup,40
APT_000336,P_01066,DOC_016,DEPT_009,2024-01-08,17:00,Completed,Chest Discomfort,46
APT_000337,P_01205,DOC_003,DEPT_036,2024-06-20,16:15,Completed,Respiratory Symptoms,22
APT_000338,P_00516,DOC_021,DEPT_019,2024-10-13,14:45,Completed,Medication Adjustment,53
APT_000339,P_02608,DOC_040,DEPT_027,2024-07-15,08:45,Completed,Diabetes Monitoring,27
APT_000340,P_01328,DOC_031,DEPT_024,2024-05-07,14:45,Completed,Chest Discomfort,34
APT_000341,P_03268,DOC_019,DEPT_039,2024-11-26,17:30,Cancelled,Medication Adjustment,0
APT_000342,P_00967,DOC_027,DEPT_037,2024-07-30,16:30,Completed,Medication Adjustment,23
APT_000343,P_01731,DOC_029,DEPT_036,2024-11-05,10:00,Completed,Annual Health Checkup,15
APT_000344,P_00089,DOC_030,DEPT_014,2024-09-21,15:30,Completed,,33
APT_000345,P_02377,DOC_025,DEPT_032,2024-03-22,14:30,Completed,Medication Adjustment,61
APT_000346,P_01201,DOC_040,DEPT_027,2024-12-24,08:00,No-Show,,0
APT_000347,P_01152,DOC_017,DEPT_008,2024-08-28,11:15,Completed,Post-Operative Follow-up,48
APT_000348,P_03071,DOC_032,DEPT_016,2024-01-16,08:30,Completed,Respiratory Symptoms,10
APT_000349,P_01622,DOC_016,DEPT_009,2024-09-28,08:45,Completed,Annual Health Checkup,59
APT_000350,P_03051,DOC_027,DEPT_037,2024-03-07,10:45,Completed,Annual Health Checkup,48
APT_000351,P_00112,DOC_040,DEPT_027,2024-12-08,11:45,Completed,Chest Discomfort,22
APT_000352,P_00265,DOC_035,DEPT_003,2025-02-14,09:30,  Completed  ,Chronic Disease Review,31
APT_000353,P_00069,DOC_002,DEPT_035,2025-03-21,15:30,Completed,Annual Health Checkup,25
APT_000354,P_02086,DOC_031,DEPT_024,2024-01-05,12:00,Completed,Chest Discomfort,49
APT_000355,P_01682,DOC_024,DEPT_024,2024-10-15,10:00,Completed,Chronic Disease Review,30
APT_000356,P_02467,DOC_002,DEPT_035,04/26/2024,15:15,Completed,Diabetes Monitoring,38
APT_000357,P_02725,DOC_031,DEPT_024,2024-01-18,11:00,No-Show,Chronic Disease Review,0
APT_000358,P_02356,DOC_004,DEPT_005,2024-01-22,12:30,Completed,Chronic Disease Review,56
APT_000359,P_01825,DOC_021,DEPT_019,2024-07-08,15:30,Completed,Routine Follow-up,30
APT_000360,P_00016,DOC_036,DEPT_016,2024-09-01,10:45,Completed,Annual Health Checkup,25
APT_000361,P_02614,DOC_033,DEPT_002,2024-02-14,14:45,completed,Chronic Disease Review,30
APT_000362,P_02152,DOC_003,DEPT_036,2025-02-20,08:30,Completed,Medication Adjustment,34
APT_000363,P_00909,DOC_013,DEPT_026,2024-06-25,12:00,UNKNOWN_VAL,Annual Health Checkup,42
APT_000364,P_01831,DOC_022,DEPT_001,2025/02/28 00:00:00,17:30,Scheduled,Chronic Disease Review,0
APT_000365,P_01605,DOC_027,DEPT_037,2024-11-17,17:00,Cancelled,Respiratory Symptoms,0
APT_000366,P_00254,DOC_039,DEPT_007,2024-02-19,08:30,Scheduled,Respiratory Symptoms,0
APT_000367,P_03278,DOC_002,DEPT_035,2024-11-18,13:45,COMPLETED,Chest Discomfort,31
APT_000368,P_00230,DOC_022,DEPT_001,2024-06-09,15:30,Completed,Chronic Disease Review,35
APT_000369,P_02113,DOC_009,DEPT_030,2024-10-05,13:15,Completed,Diabetes Monitoring,32
APT_000370,P_02318,DOC_034,DEPT_005,2024-05-07,12:15,Completed,Post-Operative Follow-up,59
APT_000371,P_00669,DOC_037,DEPT_035,2024-05-12,16:30,Completed,Respiratory Symptoms,54
APT_000372,P_02066,DOC_030,DEPT_014,2024-10-06,08:45,completed,Routine Follow-up,41
APT_000373,P_01022,DOC_026,DEPT_020,2024-08-30,14:45,Completed,Chest Discomfort,65
APT_000374,P_00108,DOC_013,DEPT_026,2024-10-18,12:00,Completed,Diabetes Monitoring,61
APT_000375,P_02819,DOC_004,DEPT_005,2024-10-09,11:45,Completed,Diabetes Monitoring,47
APT_000376,P_01356,DOC_032,DEPT_016,2024-01-12,15:00,Completed,Medication Adjustment,46
APT_000377,P_00915,DOC_014,DEPT_009,2024-09-22,15:30,scheduled,Chronic Disease Review,0
APT_000378,P_02713,DOC_016,DEPT_009,2024-04-19,09:45,Completed,Respiratory Symptoms,23
APT_000379,P_02932,DOC_003,DEPT_036,2025-04-14,09:15,COMPLETED,Medication Adjustment,32
APT_000380,P_00031,DOC_027,DEPT_037,2024-10-07,15:30,Scheduled,Post-Operative Follow-up,0
APT_000381,P_02690,DOC_020,DEPT_008,2024-12-08,13:30,Completed,Chest Discomfort,16
APT_000382,P_00945,DOC_025,DEPT_032,2025-02-23,15:30,Completed,Medication Adjustment,9
APT_000383,P_03062,DOC_015,DEPT_038,2024-06-09,10:30,Completed,Chronic Disease Review,15
APT_000384,P_02933,DOC_009,DEPT_030,2024-10-28,17:15,no-show,Chest Discomfort,0
APT_000385,P_02829,DOC_010,DEPT_021,2024-01-31,14:15,No-Show,Post-Operative Follow-up,0
APT_000386,P_02409,DOC_011,DEPT_021,2025/02/03 00:00:00,16:00,Cancelled,Chest Discomfort,0
APT_000387,P_03215,DOC_010,DEPT_021,2024-10-24,09:15,Cancelled,Post-Operative Follow-up,0
APT_000388,P_01618,DOC_036,DEPT_016,2024-11-06,12:30,Completed,Annual Health Checkup,25
APT_000389,P_02753,DOC_032,DEPT_016,2024-04-22,09:30,Completed,Medication Adjustment,65
APT_000390,P_00061,DOC_021,DEPT_019,2024-11-04,14:15,Cancelled,,0
APT_000391,P_00121,DOC_003,DEPT_036,2025-01-28,09:15,Completed,Chest Discomfort,47
APT_000392,P_00039,DOC_003,DEPT_036,2024-08-30,11:15,Scheduled,Routine Follow-up,0
APT_000393,P_00689,DOC_002,DEPT_035,2025-03-21,16:15,Completed,Post-Operative Follow-up,30
APT_000394,P_03006,DOC_006,DEPT_018,2024-11-22,16:00,Completed,Post-Operative Follow-up,29
APT_000395,P_02083,DOC_022,DEPT_001,2024-08-20,09:45,Cancelled,Annual Health Checkup,0
APT_000396,P_01876,DOC_031,DEPT_024,2024-02-20,13:30,Completed,Routine Follow-up,28
APT_000397,P_01387,DOC_007,DEPT_024,2024-07-16,11:30,Completed,Chronic Disease Review,11
APT_000398,P_00267,DOC_008,DEPT_005,2024-11-07,16:00,Cancelled,Chest Discomfort,0
APT_000399,P_03212,DOC_030,DEPT_014,2025-03-08,11:00,Completed,,34
APT_000400,P_00683,DOC_022,DEPT_001,2024-02-24,14:30,Completed,Diabetes Monitoring,19
APT_000401,P_02382,DOC_016,DEPT_009,2024-04-20,12:15,Cancelled,Routine Follow-up,0
APT_000402,P_03347,DOC_023,DEPT_007,2024-02-01,08:30,Completed,Respiratory Symptoms,61
APT_000403,P_00415,DOC_026,DEPT_020,2024-10-28,14:00,Completed,Respiratory Symptoms,22
APT_000404,P_00962,DOC_008,DEPT_005,2024-04-04,10:30,Completed,Medication Adjustment,65
APT_000405,P_03228,DOC_008,DEPT_005,2025-02-01,13:00,Completed,Post-Operative Follow-up,34
APT_000406,P_02508,DOC_028,DEPT_005,2024-07-14,09:00,Completed,Chest Discomfort,52
APT_000407,P_00435,DOC_030,DEPT_014,2024-09-27,17:30,Cancelled,Diabetes Monitoring,0
APT_000408,P_03354,DOC_016,DEPT_009,2024-08-23,15:00,Completed,Diabetes Monitoring,34
APT_000409,P_00136,DOC_019,DEPT_039,2025-02-28,11:00,Completed,Respiratory Symptoms,62
APT_000410,P_00234,DOC_029,DEPT_036,2024-06-17,10:30,COMPLETED,Medication Adjustment,47
APT_000411,P_00149,DOC_007,DEPT_024,2025-03-29,08:30,Completed,Diabetes Monitoring,41
APT_000412,P_03046,DOC_003,DEPT_036,2025-02-04,15:45,completed,Routine Follow-up,51
APT_000413,P_03258,DOC_026,DEPT_020,2024-08-25,10:15,Completed,Medication Adjustment,8
APT_000414,P_02427,DOC_035,DEPT_003,2024-12-04,11:00,completed,Chronic Disease Review,43
APT_000415,P_02377,DOC_028,DEPT_005,2024-08-02,11:30,Completed,Chest Discomfort,25
APT_000416,P_00378,DOC_020,DEPT_008,2024-11-30,15:30,Completed,Annual Health Checkup,62
APT_000417,P_00824,DOC_036,DEPT_016,2025-03-27,13:15,Cancelled,Chest Discomfort,0
APT_000418,P_01410,DOC_031,DEPT_024,2024-08-28,14:00,Completed,Chest Discomfort,23
APT_000419,P_02994,DOC_030,DEPT_014,2024-12-24,12:30,Completed,Medication Adjustment,13
APT_000420,P_00492,DOC_033,DEPT_002,2025-02-22,10:15,Completed,Routine Follow-up,55
APT_000421,P_00576,DOC_014,DEPT_009,2024-09-15,14:00,Completed,Routine Follow-up,64
APT_000422,P_01374,DOC_025,DEPT_032,2025-02-03,13:30,No-Show,Post-Operative Follow-up,0
APT_000423,P_02695,DOC_015,DEPT_038,2024-07-09,17:15,Completed,Post-Operative Follow-up,58
APT_000424,P_01556,DOC_034,DEPT_005,2024-12-28,17:00,Completed,Chest Discomfort,54
APT_000425,P_01848,DOC_026,DEPT_020,2024-04-02,17:15,Completed,Chest Discomfort,27
APT_000426,P_01729,DOC_015,DEPT_038,2024-08-09,10:00,Completed,Respiratory Symptoms,26
APT_000427,P_03229,DOC_029,DEPT_036,2025-01-14,12:00,UNKNOWN_VAL,Diabetes Monitoring,0
APT_000428,P_02138,DOC_030,DEPT_014,2024-01-16,10:00,Cancelled,Routine Follow-up,0
APT_000429,P_01995,DOC_002,DEPT_035,2024-09-22,16:45,Cancelled,,0
APT_000430,P_02215,DOC_039,DEPT_007,2024-05-07,12:00,Completed,Chronic Disease Review,55
APT_000431,P_00646,DOC_005,DEPT_006,2024/12/29 00:00:00,11:15,No-Show,Chest Discomfort,0
APT_000432,P_01889,DOC_027,DEPT_037,2025-01-12,17:45,Completed,Chronic Disease Review,28
APT_000433,P_00909,DOC_040,DEPT_027,2025-01-13,17:45,Cancelled,Medication Adjustment,0
APT_000434,P_01633,DOC_030,DEPT_014,2024-07-18,12:00,Completed,Respiratory Symptoms,37
APT_000435,P_00652,DOC_036,DEPT_016,01/15/2025,17:00,Scheduled,Diabetes Monitoring,0
APT_000436,P_00455,DOC_034,DEPT_005,06-04-2024,09:45,Scheduled,Chest Discomfort,0
APT_000437,P_01910,DOC_019,DEPT_039,2025-03-04,09:30,Scheduled,Diabetes Monitoring,0
APT_000438,P_01163,DOC_013,DEPT_026,2024-02-01,09:15,Completed,Chest Discomfort,61
APT_000439,P_01702,DOC_032,DEPT_016,2025-02-01,08:30,Completed,Chest Discomfort,59
APT_000440,P_01719,DOC_027,DEPT_037,2025-03-14,09:30,completed,Chronic Disease Review,38
APT_000441,P_02419,DOC_001,DEPT_023,2024-09-30,12:00,Completed,Chronic Disease Review,25
APT_000442,P_02935,DOC_024,DEPT_024,2025-01-02,13:15,No-Show,Routine Follow-up,0
APT_000443,P_00499,DOC_004,DEPT_005,2025-02-16,09:30,Completed,Chronic Disease Review,48
APT_000444,P_01304,DOC_017,DEPT_008,2024-11-13,16:15,Completed,Chest Discomfort,33
APT_000445,P_03135,DOC_003,DEPT_036,2025-02-02,16:45,Completed,Chronic Disease Review,12
APT_000446,P_02644,DOC_018,DEPT_039,2024-09-13,10:45,Completed,Chest Discomfort,48
APT_000447,P_00764,DOC_005,DEPT_006,2024-09-20,09:30,No-Show,Annual Health Checkup,0
APT_000448,P_01211,DOC_016,DEPT_009,2025-03-02,15:15,Cancelled,Diabetes Monitoring,0
APT_000449,P_02821,DOC_001,DEPT_023,2024-02-28,17:15,No-Show,,0
APT_000450,P_02970,DOC_039,DEPT_007,2025-02-05,08:30,Cancelled,Medication Adjustment,0
APT_000451,P_01251,DOC_004,DEPT_005,2024-02-05,10:15,Completed,Routine Follow-up,22
APT_000452,P_02925,DOC_025,DEPT_032,2024-02-17,12:30,Completed,Routine Follow-up,26
APT_000453,P_02264,DOC_015,DEPT_038,2024-09-29,13:00,Completed,Chest Discomfort,44
APT_000454,P_00634,DOC_025,DEPT_032,2024-07-13,15:30,Scheduled,Medication Adjustment,0
APT_000455,P_02765,DOC_018,DEPT_039,2024-12-12,12:45,Completed,Chronic Disease Review,49
APT_000456,P_02248,DOC_022,DEPT_001,2024-10-09,17:00,Completed,Respiratory Symptoms,25
APT_000457,P_01434,DOC_025,DEPT_032,2024-07-24,11:30,Completed,Diabetes Monitoring,26
APT_000458,P_02865,DOC_038,DEPT_031,2024-04-20,09:00,Completed,Respiratory Symptoms,8
APT_000459,P_02689,DOC_015,DEPT_038,2025-03-21,11:45,Completed,Post-Operative Follow-up,64
APT_000460,P_00576,DOC_013,DEPT_026,2024-10-04,09:15,Completed,Annual Health Checkup,16
APT_000461,P_02186,DOC_023,DEPT_007,2025-02-22,16:15,Completed,Annual Health Checkup,22
APT_000462,P_00118,DOC_013,DEPT_026,2024-07-31,10:30,Completed,Medication Adjustment,12
APT_000463,P_02834,DOC_020,DEPT_008,2024-11-10,11:15,Completed,Respiratory Symptoms,10
APT_000464,P_02393,DOC_034,DEPT_005,12/24/2024,13:00,Completed,Post-Operative Follow-up,60
APT_000465,P_01466,DOC_011,DEPT_021,2025-04-22,17:30,Completed,Respiratory Symptoms,55
APT_000466,P_01610,DOC_034,DEPT_005,2024-10-16,12:30,Completed,Diabetes Monitoring,14
APT_000467,P_00021,DOC_018,DEPT_039,2024-11-18,10:00,Cancelled,Chest Discomfort,0
APT_000468,P_02556,DOC_033,DEPT_002,2025-02-10,16:30,Completed,,20
APT_000469,P_00196,DOC_016,DEPT_009,2024-06-07,14:45,Completed,Chest Discomfort,36
APT_000470,P_01051,DOC_006,DEPT_018,2024-12-28,09:30,Completed,Medication Adjustment,41
APT_000471,P_00815,DOC_012,DEPT_014,2024-01-31,12:00,Completed,Post-Operative Follow-up,38
APT_000472,P_00628,DOC_039,DEPT_007,10/13/2024,09:45,Completed,Annual Health Checkup,25
APT_000473,P_00434,DOC_034,DEPT_005,01/01/2025,10:15,Completed,Medication Adjustment,9
APT_000474,P_01595,DOC_010,DEPT_021,2024-10-27,13:00,No-Show,Chronic Disease Review,0
APT_000475,P_02486,DOC_004,DEPT_005,2024-12-18,16:15,Cancelled,Medication Adjustment,0
APT_000476,P_02206,DOC_004,DEPT_005,2024-06-02,17:00,Completed,Annual Health Checkup,16
APT_000477,P_00223,DOC_014,DEPT_009,2024-10-08,12:15,Scheduled,Respiratory Symptoms,0
APT_000478,P_01706,DOC_018,DEPT_039,2024-11-26,13:00,Completed,Chronic Disease Review,41
APT_000479,P_00482,DOC_009,DEPT_030,2024-07-28,13:15,Completed,Routine Follow-up,42
APT_000480,P_00327,DOC_036,DEPT_016,2024-05-22,12:15,Completed,Chest Discomfort,22
APT_000481,P_02774,DOC_005,DEPT_006,2024-12-24,10:00,Completed,Respiratory Symptoms,8
APT_000482,P_02826,DOC_023,DEPT_007,2025-03-19,14:45,Completed,Chronic Disease Review,29
APT_000483,P_01051,DOC_025,DEPT_032,2024-10-28,16:45,Completed,Chest Discomfort,59
APT_000484,P_00183,DOC_027,DEPT_037,2024-10-22,17:15,Completed,Chest Discomfort,27
APT_000485,P_02287,DOC_037,DEPT_035,2024-09-01,09:15,SCHEDULED,Annual Health Checkup,0
APT_000486,P_02065,DOC_040,DEPT_027,2024-03-27,08:15,Scheduled,Chest Discomfort,0
APT_000487,P_01212,DOC_022,DEPT_001,2025-01-01,10:45,Completed,Annual Health Checkup,62
APT_000488,P_00332,DOC_001,DEPT_023,2025-02-28,16:15,Scheduled,Annual Health Checkup,0
APT_000489,P_00338,DOC_015,DEPT_038,2024-07-12,13:00,COMPLETED,Post-Operative Follow-up,43
APT_000490,P_01723,DOC_036,DEPT_016,2024-03-23,13:45,Scheduled,Post-Operative Follow-up,0
APT_000491,P_01614,DOC_032,DEPT_016,2025-01-02,15:30,Completed,Post-Operative Follow-up,46
APT_000492,P_02912,DOC_038,DEPT_031,2024-07-04,11:15,Cancelled,Chest Discomfort,0
APT_000493,P_02771,DOC_030,DEPT_014,2025-01-29,09:30,Completed,Routine Follow-up,25
APT_000494,P_01335,DOC_005,DEPT_006,2025-02-23,15:45,Completed,Respiratory Symptoms,51
APT_000495,P_01460,DOC_012,DEPT_014,2024-07-08,08:45,Scheduled,Respiratory Symptoms,0
APT_000496,P_00434,DOC_031,DEPT_024,2024-08-16,12:00,Completed,Post-Operative Follow-up,65
APT_000497,P_01625,DOC_027,DEPT_037,2024-12-10,15:00,Completed,Chronic Disease Review,59
APT_000498,P_03173,DOC_007,DEPT_024,2024-10-09,11:00,Cancelled,Diabetes Monitoring,0
APT_000499,P_03127,DOC_006,DEPT_018,2025-01-19,15:15,Completed,Respiratory Symptoms,55
APT_000500,P_01809,DOC_022,DEPT_001,2024-09-21,10:15,Cancelled,Chest Discomfort,0
APT_000501,P_00337,DOC_003,DEPT_036,2025-03-28,12:30,Cancelled,Diabetes Monitoring,0
APT_000502,P_00053,DOC_037,DEPT_035,2024-10-07,10:30,Completed,Medication Adjustment,64
APT_000503,P_01317,DOC_007,DEPT_024,21-11-2024,10:00,Cancelled,Annual Health Checkup,0
APT_000504,P_01020,DOC_006,DEPT_018,2025-04-08,15:00,Completed,Annual Health Checkup,20
APT_000505,P_03180,DOC_012,DEPT_014,2024-10-13,08:00,Completed,Post-Operative Follow-up,47
APT_000506,P_01520,DOC_018,DEPT_039,2024-08-22,15:45,Completed,Post-Operative Follow-up,49
APT_000507,P_00362,DOC_032,DEPT_016,2025-04-23,14:30,Cancelled,Routine Follow-up,0
APT_000508,P_02581,DOC_011,DEPT_021,2024-05-24,15:45,Completed,Post-Operative Follow-up,29
APT_000509,P_03279,DOC_033,DEPT_002,2025-03-18,09:00,Scheduled,Routine Follow-up,0
APT_000510,P_02618,DOC_035,DEPT_003,2025-04-12,13:45,Completed,Post-Operative Follow-up,35
APT_000511,P_01338,DOC_007,DEPT_024,2024-10-01,11:30,Completed,Medication Adjustment,25
APT_000512,P_03280,DOC_038,DEPT_031,2024-09-06,13:15,Completed,Annual Health Checkup,34
APT_000513,P_01031,DOC_040,DEPT_027,2025-02-05,11:30,SCHEDULED,Respiratory Symptoms,0
APT_000514,P_02163,DOC_018,DEPT_039,2024-08-31,11:15,Completed,Chest Discomfort,56
APT_000515,P_03240,DOC_032,DEPT_016,2024-05-26,08:15,Completed,,14
APT_000516,P_03365,DOC_029,DEPT_036,2024-12-07,10:30,Completed,Routine Follow-up,56
APT_000517,P_00267,DOC_001,DEPT_023,2024-06-28,13:00,Completed,,59
APT_000518,P_02070,DOC_018,DEPT_039,2024-12-03,09:15,Completed,Diabetes Monitoring,47
APT_000519,P_02682,DOC_032,DEPT_016,2024-02-04,08:30,Completed,Chronic Disease Review,30
APT_000520,P_00056,DOC_009,DEPT_030,2024-06-02,13:15,Completed,Diabetes Monitoring,25
APT_000521,P_00432,DOC_017,DEPT_008,2024-01-29,16:30,Completed,Chronic Disease Review,63
APT_000522,P_00401,DOC_027,DEPT_037,2024-09-03,15:15,Completed,Diabetes Monitoring,46
APT_000523,P_01493,DOC_027,DEPT_037,2024-02-11,12:00,Completed,Annual Health Checkup,44
APT_000524,P_00383,DOC_038,DEPT_031,2024-12-09,16:00,Completed,Respiratory Symptoms,37
APT_000525,P_03050,DOC_017,DEPT_008,2024-07-06,10:00,Cancelled,Medication Adjustment,0
APT_000526,P_00583,DOC_017,DEPT_008,2024-03-03,15:30,Scheduled,Medication Adjustment,0
APT_000527,P_02825,DOC_011,DEPT_021,2024-04-01,13:15,Completed,Routine Follow-up,27
APT_000528,P_03435,DOC_034,DEPT_005,2024-06-25,15:45,Completed,Annual Health Checkup,55
APT_000529,P_00449,DOC_027,DEPT_037,2025-01-15,14:00,Completed,Post-Operative Follow-up,62
APT_000530,P_00406,DOC_019,DEPT_039,2025-03-17,16:30,Completed,Medication Adjustment,37
APT_000531,P_03040,DOC_008,DEPT_005,2024-02-22,15:30,Cancelled,Medication Adjustment,0
APT_000532,P_01928,DOC_008,DEPT_005,2024-02-15,09:45,Completed,Routine Follow-up,44
APT_000533,P_00213,DOC_003,DEPT_036,2024-11-14,12:15,Completed,Post-Operative Follow-up,12
APT_000534,P_02933,DOC_034,DEPT_005,2024-06-13,10:45,Completed,Medication Adjustment,24
APT_000535,P_00075,DOC_018,DEPT_039,2025-01-17,16:45,Completed,Diabetes Monitoring,13
APT_000536,P_01598,DOC_025,DEPT_032,2024-12-16,14:00,Completed,Respiratory Symptoms,24
APT_000537,P_02187,DOC_023,DEPT_007,11/28/2024,09:45,Completed,Respiratory Symptoms,28
APT_000538,P_02831,DOC_027,DEPT_037,2024-10-20,09:45,completed,Respiratory Symptoms,24
APT_000539,P_00546,DOC_037,DEPT_035,2024-11-16,11:15,Completed,Chronic Disease Review,35
APT_000540,P_00957,DOC_014,DEPT_009,2024-10-17,13:00,Completed,Post-Operative Follow-up,13
APT_000541,P_03366,DOC_010,DEPT_021,2024-05-15,08:30,Scheduled,Diabetes Monitoring,0
APT_000542,P_01985,DOC_013,DEPT_026,2024-11-26,12:45,Completed,Routine Follow-up,63
APT_000543,P_02920,DOC_004,DEPT_005,2024-04-05,08:45,Completed,Chest Discomfort,42
APT_000544,P_00814,DOC_014,DEPT_009,2025-02-24,10:15,Completed,Chronic Disease Review,37
APT_000545,P_01564,DOC_029,DEPT_036,11/30/2024,17:15,Scheduled,Medication Adjustment,0
APT_000546,P_02869,DOC_026,DEPT_020,2024-04-26,12:45,Completed,Diabetes Monitoring,44
APT_000547,P_02953,DOC_014,DEPT_009,2025-02-10,13:00,Scheduled,Chest Discomfort,0
APT_000548,P_02967,DOC_016,DEPT_009,2024-09-29,15:30,Completed,Chest Discomfort,22
APT_000549,P_03032,DOC_023,DEPT_007,2024-10-11,14:15,No-Show,Chest Discomfort,0
APT_000550,P_00069,DOC_015,DEPT_038,2024-07-10,16:00,Completed,Routine Follow-up,31
APT_000551,P_02276,DOC_017,DEPT_008,2024-06-21,16:30,Completed,Diabetes Monitoring,47
APT_000552,P_00113,DOC_008,DEPT_005,2025-02-06,16:00,COMPLETED,Medication Adjustment,39
APT_000553,P_02344,DOC_003,DEPT_036,2025-02-06,08:00,Completed,Medication Adjustment,53
APT_000554,P_01347,DOC_030,DEPT_014,2024-05-10,15:00,Completed,Annual Health Checkup,65
APT_000555,P_02059,DOC_023,DEPT_007,2024-04-12,13:00,Completed,Chest Discomfort,33
APT_000556,P_01082,DOC_032,DEPT_016,2024-06-09,10:45,Scheduled,Chest Discomfort,0
APT_000557,P_00374,DOC_007,DEPT_024,2025-01-24,13:00,Completed,Respiratory Symptoms,24
APT_000558,P_01828,DOC_001,DEPT_023,2024-03-12,15:45,Completed,Diabetes Monitoring,63
APT_000559,P_02369,DOC_012,DEPT_014,2024-01-10,13:00,Completed,Chronic Disease Review,51
APT_000560,P_01675,DOC_030,DEPT_014,2024-02-18,17:45,Completed,Chest Discomfort,8
APT_000561,P_03392,DOC_034,DEPT_005,2024-05-04,14:45,Scheduled,Post-Operative Follow-up,0
APT_000562,P_02815,DOC_022,DEPT_001,2025-01-03,13:15,Completed,Post-Operative Follow-up,32
APT_000563,P_01904,DOC_018,DEPT_039,2024-04-30,12:45,Completed,,33
APT_000564,P_01073,DOC_035,DEPT_003,2025-04-07,16:30,No-Show,Respiratory Symptoms,0
APT_000565,P_00780,DOC_036,DEPT_016,2024-10-08,16:00,Completed,Diabetes Monitoring,17
APT_000566,P_01480,DOC_011,DEPT_021,2024-06-19,16:15,Completed,Diabetes Monitoring,33
APT_000567,P_01447,DOC_013,DEPT_026,2024-09-08,13:30,Completed,Annual Health Checkup,32
APT_000568,P_01467,DOC_007,DEPT_024,2025-03-21,12:30,Completed,Chest Discomfort,39
APT_000569,P_02801,DOC_006,DEPT_018,2024-11-13,16:45,Completed,Chest Discomfort,19
APT_000570,P_00289,DOC_034,DEPT_005,2024-06-24,14:45,Completed,Respiratory Symptoms,61
APT_000571,P_02498,DOC_035,DEPT_003,2024-12-05,08:30,Scheduled,Diabetes Monitoring,0
APT_000572,P_02732,DOC_027,DEPT_037,2024-08-02,12:30,Completed,Chest Discomfort,52
APT_000573,P_02788,DOC_012,DEPT_014,26-05-2024,12:00,Completed,Respiratory Symptoms,49
APT_000574,P_01201,DOC_017,DEPT_008,2024-02-09,15:30,Completed,Chronic Disease Review,65
APT_000575,P_00011,DOC_031,DEPT_024,2024-01-05,12:00,  Completed  ,Medication Adjustment,23
APT_000576,P_00928,DOC_002,DEPT_035,2025-01-22,09:30,Completed,Diabetes Monitoring,26
APT_000577,P_01245,DOC_036,DEPT_016,2024-05-26,11:15,Completed,Chest Discomfort,23
APT_000578,P_02222,DOC_008,DEPT_005,2024-09-25,11:00,Completed,Routine Follow-up,41
APT_000579,P_01985,DOC_032,DEPT_016,2024-05-22,08:15,Completed,Annual Health Checkup,59
APT_000580,P_02469,DOC_013,DEPT_026,2024-07-10,12:15,Completed,Routine Follow-up,46
APT_000581,P_02325,DOC_021,DEPT_019,2024-04-19,11:15,Completed,,30
APT_000582,P_01056,DOC_011,DEPT_021,2024-04-04,17:15,Completed,Diabetes Monitoring,58
APT_000583,P_01368,DOC_003,DEPT_036,2024-05-27,14:15,Completed,Annual Health Checkup,44
APT_000584,P_01364,DOC_012,DEPT_014,2024-02-23,08:30,Completed,Routine Follow-up,52
APT_000585,P_02429,DOC_027,DEPT_037,2025-03-25,12:30,Completed,Post-Operative Follow-up,59
APT_000586,P_01916,DOC_032,DEPT_016,2024-10-09,16:45,Completed,Chest Discomfort,53
APT_000587,P_00507,DOC_019,DEPT_039,2025-02-15,09:15,Completed,Respiratory Symptoms,61
APT_000588,P_02365,DOC_022,DEPT_001,2025-02-14,14:15,Completed,Diabetes Monitoring,21
APT_000589,P_01668,DOC_013,DEPT_026,2024-10-30,08:00,Completed,Chronic Disease Review,51
APT_000590,P_00442,DOC_038,DEPT_031,2024-03-07,11:45,Completed,Diabetes Monitoring,32
APT_000591,P_00008,DOC_001,DEPT_023,2024-04-07,10:45,Completed,Post-Operative Follow-up,18
APT_000592,P_01624,DOC_005,DEPT_006,2024-12-11,17:00,No-Show,Chronic Disease Review,0
APT_000593,P_01563,DOC_012,DEPT_014,2024-04-08,16:15,Scheduled,Respiratory Symptoms,0
APT_000594,P_00039,DOC_016,DEPT_009,2024-03-23,11:30,Completed,Respiratory Symptoms,63
APT_000595,P_00091,DOC_035,DEPT_003,2024-12-21,08:45,Completed,Annual Health Checkup,17
APT_000596,P_01148,DOC_015,DEPT_038,2025-04-02,16:15,Completed,Post-Operative Follow-up,60
APT_000597,P_01479,DOC_008,DEPT_005,2024-05-09,13:30,Scheduled,Annual Health Checkup,0
APT_000598,P_01580,DOC_002,DEPT_035,2024-03-15,17:30,Completed,Respiratory Symptoms,64
APT_000599,P_00476,DOC_012,DEPT_014,2025-03-13,13:30,Completed,Respiratory Symptoms,40
APT_000600,P_01900,DOC_033,DEPT_002,2024-02-22,10:45,Completed,Chest Discomfort,65
APT_000601,P_01573,DOC_032,DEPT_016,2024-02-06,12:45,Completed,Post-Operative Follow-up,41
APT_000602,P_02398,DOC_012,DEPT_014,2024-12-01,16:15,Completed,Chest Discomfort,60
APT_000603,P_02363,DOC_015,DEPT_038,2024-01-01,15:15,Completed,Diabetes Monitoring,34
APT_000604,P_00405,DOC_036,DEPT_016,2024-08-16,11:45,Completed,Respiratory Symptoms,48
APT_000605,P_02924,DOC_011,DEPT_021,2024-02-02,14:30,Completed,Chest Discomfort,24
APT_000606,P_00996,DOC_040,DEPT_027,2024-10-17,09:45,Completed,Medication Adjustment,33
APT_000607,P_01653,DOC_016,DEPT_009,2024-05-13,10:15,Completed,Annual Health Checkup,58
APT_000608,P_03428,DOC_008,DEPT_005,2024-04-13,13:15,  Completed  ,Respiratory Symptoms,29
APT_000609,P_01365,DOC_008,DEPT_005,2024-06-26,16:45,Completed,Chest Discomfort,39
APT_000610,P_01867,DOC_007,DEPT_024,2024-01-26,17:30,No-Show,Routine Follow-up,0
APT_000611,P_02669,DOC_001,DEPT_023,2025-02-07,09:45,Completed,Medication Adjustment,22
APT_000612,P_02451,DOC_011,DEPT_021,2024/09/26 00:00:00,12:45,Completed,Medication Adjustment,16
APT_000613,P_02194,DOC_029,DEPT_036,2024-10-22,11:15,Completed,Post-Operative Follow-up,64
APT_000614,P_01391,DOC_012,DEPT_014,2024-03-30,12:00,Completed,Annual Health Checkup,54
APT_000615,P_00386,DOC_029,DEPT_036,2025-03-22,10:15,Completed,Chronic Disease Review,9
APT_000616,P_00747,DOC_015,DEPT_038,2025-02-25,11:00,Completed,Medication Adjustment,37
APT_000617,P_03310,DOC_037,DEPT_035,2024-10-07,16:15,  Completed  ,Medication Adjustment,44
APT_000618,P_00201,DOC_015,DEPT_038,2024-07-03,10:45,Completed,Respiratory Symptoms,20
APT_000619,P_03127,DOC_038,DEPT_031,2024-04-02,10:00,Scheduled,Chest Discomfort,0
APT_000620,P_00617,DOC_039,DEPT_007,02/03/2025,13:00,Completed,Medication Adjustment,51
APT_000621,P_02426,DOC_030,DEPT_014,2024-06-15,17:15,Scheduled,Diabetes Monitoring,0
APT_000622,P_00702,DOC_025,DEPT_032,2024-06-08,14:30,Completed,Diabetes Monitoring,8
APT_000623,P_03323,DOC_035,DEPT_003,2025-03-23,12:00,Completed,Diabetes Monitoring,31
APT_000624,P_02258,DOC_035,DEPT_003,2024-12-11,10:30,Cancelled,,0
APT_000625,P_01090,DOC_027,DEPT_037,2024-10-19,13:00,Completed,Annual Health Checkup,25
APT_000626,P_03121,DOC_040,DEPT_027,2024-08-23,09:15,completed,Chronic Disease Review,19
APT_000627,P_00236,DOC_027,DEPT_037,2025-02-22,14:15,SCHEDULED,Respiratory Symptoms,0
APT_000628,P_03191,DOC_005,DEPT_006,2024-11-21,16:00,Completed,Routine Follow-up,55
APT_000629,P_00944,DOC_034,DEPT_005,2024-08-21,10:15,Completed,Respiratory Symptoms,19
APT_000630,P_02407,DOC_026,DEPT_020,2025-03-04,11:45,Scheduled,Respiratory Symptoms,0
APT_000631,P_02976,DOC_006,DEPT_018,2024-06-11,08:15,completed,Post-Operative Follow-up,25
APT_000632,P_00006,DOC_032,DEPT_016,2024-11-07,16:15,Completed,Post-Operative Follow-up,43
APT_000633,P_01391,DOC_020,DEPT_008,2025-03-30,09:00,Cancelled,Diabetes Monitoring,0
APT_000634,P_00868,DOC_010,DEPT_021,2024-06-27,10:45,Completed,Chronic Disease Review,46
APT_000635,P_03384,DOC_027,DEPT_037,2024-04-20,14:30,Completed,Chest Discomfort,62
APT_000636,P_00166,DOC_023,DEPT_007,2025-01-14,11:45,scheduled,Post-Operative Follow-up,0
APT_000637,P_00149,DOC_011,DEPT_021,2025-02-13,16:15,Cancelled,Chronic Disease Review,0
APT_000638,P_01569,DOC_019,DEPT_039,2025-02-22,09:15,Completed,Diabetes Monitoring,30
APT_000639,P_03214,DOC_023,DEPT_007,2024-11-07,13:30,Completed,Annual Health Checkup,16
APT_000640,P_03337,DOC_037,DEPT_035,2024-06-19,08:15,Completed,Chronic Disease Review,18
APT_000641,P_02395,DOC_036,DEPT_016,2024-09-18,17:00,Completed,Respiratory Symptoms,9
APT_000642,P_00451,DOC_029,DEPT_036,2024-12-16,16:00,Scheduled,Annual Health Checkup,0
APT_000643,P_01737,DOC_012,DEPT_014,2025-04-16,17:45,Completed,Medication Adjustment,33
APT_000644,P_00213,DOC_010,DEPT_021,2025-03-25,10:15,Cancelled,Respiratory Symptoms,0
APT_000645,P_01767,DOC_021,DEPT_019,12/04/2024,14:45,no-show,Respiratory Symptoms,0
APT_000646,P_01911,DOC_034,DEPT_005,2024-05-02,17:00,Completed,Chronic Disease Review,42
APT_000647,P_00023,DOC_012,DEPT_014,2025-04-18,14:15,Completed,Post-Operative Follow-up,40
APT_000648,P_01308,DOC_014,DEPT_009,2025-01-11,17:30,Completed,Post-Operative Follow-up,10
APT_000649,P_00710,DOC_035,DEPT_003,2024-03-04,14:15,Completed,Respiratory Symptoms,45
APT_000650,P_01110,DOC_016,DEPT_009,03/08/2024,15:00,Completed,Chest Discomfort,65
APT_000651,P_02373,DOC_023,DEPT_007,2024-09-25,08:00,Completed,Chronic Disease Review,54
APT_000652,P_02212,DOC_020,DEPT_008,2024-09-14,09:30,Completed,Annual Health Checkup,36
APT_000653,P_03090,DOC_019,DEPT_039,2024-08-16,08:00,Completed,Annual Health Checkup,25
APT_000654,P_00825,DOC_003,DEPT_036,2024-03-31,08:45,Completed,Post-Operative Follow-up,59
APT_000655,P_01682,DOC_035,DEPT_003,2024-04-08,11:00,Completed,Annual Health Checkup,26
APT_000656,P_02445,DOC_035,DEPT_003,2025-01-09,15:15,Cancelled,Chronic Disease Review,0
APT_000657,P_01284,DOC_017,DEPT_008,2025-01-04,17:30,Scheduled,Diabetes Monitoring,0
APT_000658,P_01612,DOC_034,DEPT_005,2024-10-15,13:15,Completed,Diabetes Monitoring,18
APT_000659,P_01251,DOC_029,DEPT_036,2024-03-27,15:45,Completed,Post-Operative Follow-up,58
APT_000660,P_03318,DOC_009,DEPT_030,2024-08-13,12:30,Completed,Chronic Disease Review,57
APT_000661,P_03137,DOC_028,DEPT_005,2024-02-27,08:30,Scheduled,Respiratory Symptoms,0
APT_000662,P_02768,DOC_032,DEPT_016,2025-03-21,15:15,Completed,Chest Discomfort,53
APT_000663,P_00138,DOC_009,DEPT_030,2024-04-25,12:15,Completed,Medication Adjustment,30
APT_000664,P_02245,DOC_030,DEPT_014,2024-10-01,10:00,Completed,Post-Operative Follow-up,58
APT_000665,P_00654,DOC_030,DEPT_014,2024-02-05,12:15,Completed,Respiratory Symptoms,60
APT_000666,P_03385,DOC_012,DEPT_014,2024-06-29,16:30,Completed,Chest Discomfort,32
APT_000667,P_01566,DOC_007,DEPT_024,2024-09-22,14:00,Cancelled,Post-Operative Follow-up,0
APT_000668,P_01551,DOC_002,DEPT_035,2025/01/30 00:00:00,16:00,Completed,Routine Follow-up,57
APT_000669,P_02456,DOC_033,DEPT_002,2025-01-02,15:30,Completed,Routine Follow-up,12
APT_000670,P_00915,DOC_001,DEPT_023,2024-09-20,11:45,Completed,Respiratory Symptoms,30
APT_000671,P_01400,DOC_040,DEPT_027,2024-01-25,11:00,Completed,Post-Operative Follow-up,41
APT_000672,P_03091,DOC_011,DEPT_021,2024-08-19,10:30,Completed,Diabetes Monitoring,47
APT_000673,P_01669,DOC_018,DEPT_039,2025-01-12,14:00,Completed,Medication Adjustment,15
APT_000674,P_00371,DOC_021,DEPT_019,2024-07-26,09:15,Completed,Routine Follow-up,59
APT_000675,P_01982,DOC_038,DEPT_031,2024-12-06,11:00,Completed,Diabetes Monitoring,42
APT_000676,P_00475,DOC_032,DEPT_016,2024-08-03,10:45,Scheduled,Respiratory Symptoms,0
APT_000677,P_00514,DOC_012,DEPT_014,2024-03-15,16:30,Completed,Post-Operative Follow-up,30
APT_000678,P_00467,DOC_037,DEPT_035,2025-03-02,13:15,Cancelled,Medication Adjustment,0
APT_000679,P_01554,DOC_035,DEPT_003,2024-07-15,10:15,Cancelled,Diabetes Monitoring,0
APT_000680,P_02491,DOC_005,DEPT_006,2024-11-28,17:45,Scheduled,,0
APT_000681,P_03190,DOC_035,DEPT_003,2025-04-01,09:30,Cancelled,Post-Operative Follow-up,0
APT_000682,P_00142,DOC_026,DEPT_020,2024-02-24,10:30,CANCELLED,Medication Adjustment,0
APT_000683,P_02033,DOC_003,DEPT_036,2024-05-28,12:00,Scheduled,Routine Follow-up,0
APT_000684,P_01950,DOC_006,DEPT_018,2025-03-16,11:15,No-Show,Chronic Disease Review,0
APT_000685,P_00876,DOC_027,DEPT_037,2024-08-28,14:00,Completed,Diabetes Monitoring,48
APT_000686,P_02851,DOC_033,DEPT_002,2025-04-15,10:30,Completed,Routine Follow-up,12
APT_000687,P_00266,DOC_020,DEPT_008,2025-03-06,12:15,Completed,Post-Operative Follow-up,30
APT_000688,P_02659,DOC_035,DEPT_003,2024-03-18,15:30,Completed,Annual Health Checkup,11
APT_000689,P_02846,DOC_005,DEPT_006,2024-10-18,15:30,Scheduled,Post-Operative Follow-up,0
APT_000690,P_02784,DOC_009,DEPT_030,2025-04-08,11:00,Scheduled,,0
APT_000691,P_01645,DOC_005,DEPT_006,2024/12/01 00:00:00,15:00,No-Show,Diabetes Monitoring,0
APT_000692,P_02049,DOC_001,DEPT_023,2024-10-10,08:00,Completed,Respiratory Symptoms,49
APT_000693,P_02101,DOC_021,DEPT_019,2024-07-12,15:45,Completed,Routine Follow-up,32
APT_000694,P_02761,DOC_038,DEPT_031,2024-07-17,16:30,Completed,Post-Operative Follow-up,39
APT_000695,P_00449,DOC_011,DEPT_021,2024-08-26,17:15,Completed,Medication Adjustment,20
APT_000696,P_01727,DOC_029,DEPT_036,17-04-2024,16:30,Scheduled,Medication Adjustment,0
APT_000697,P_02342,DOC_040,DEPT_027,2024-06-04,13:30,Completed,,17
APT_000698,P_00662,DOC_035,DEPT_003,2024-03-19,12:30,Completed,,47
APT_000699,P_02995,DOC_009,DEPT_030,2024-01-27,14:15,Completed,Chest Discomfort,35
APT_000700,P_01686,DOC_035,DEPT_003,2024-08-10,14:30,Completed,Post-Operative Follow-up,52
APT_000701,P_01472,DOC_014,DEPT_009,2025-02-12,08:30,Scheduled,Medication Adjustment,0
APT_000702,P_00650,DOC_014,DEPT_009,2025-03-06,08:15,Completed,Chest Discomfort,51
APT_000703,P_02630,DOC_025,DEPT_032,2024-09-06,12:15,Completed,Annual Health Checkup,53
APT_000704,P_02398,DOC_022,DEPT_001,2024-04-25,14:00,Completed,Annual Health Checkup,53
APT_000705,P_02757,DOC_016,DEPT_009,2024-04-24,08:15,Scheduled,Chronic Disease Review,0
APT_000706,P_01829,DOC_035,DEPT_003,2024-11-04,12:45,Completed,Medication Adjustment,25
APT_000707,P_00731,DOC_023,DEPT_007,2024-11-18,16:30,completed,Respiratory Symptoms,22
APT_000708,P_00846,DOC_013,DEPT_026,2024-07-11,08:00,  Completed  ,Routine Follow-up,39
APT_000709,P_01584,DOC_028,DEPT_005,2025-03-10,08:00,No-Show,Post-Operative Follow-up,0
APT_000710,P_00974,DOC_011,DEPT_021,2025-01-20,10:15,Completed,Routine Follow-up,27
APT_000711,P_01669,DOC_018,DEPT_039,2024-04-28,15:00,Completed,Medication Adjustment,57
APT_000712,P_00707,DOC_013,DEPT_026,2025-03-12,17:45,No-Show,Chest Discomfort,0
APT_000713,P_00890,DOC_022,DEPT_001,2024-06-01,09:15,Completed,Respiratory Symptoms,40
APT_000714,P_00750,DOC_029,DEPT_036,2025-02-14,16:15,Completed,Respiratory Symptoms,49
APT_000715,P_03384,DOC_027,DEPT_037,2025-03-27,11:00,Completed,Respiratory Symptoms,52
APT_000716,P_02513,DOC_027,DEPT_037,2024-02-03,10:15,Completed,,35
APT_000717,P_00693,DOC_034,DEPT_005,2024-03-16,12:30,Completed,Chronic Disease Review,18
APT_000718,P_02382,DOC_007,DEPT_024,2025-01-31,17:30,Completed,Routine Follow-up,44
APT_000719,P_02321,DOC_006,DEPT_018,2025-04-21,13:15,scheduled,,0
APT_000720,P_02132,DOC_026,DEPT_020,2024-04-25,12:15,Completed,Routine Follow-up,25
APT_000721,P_00884,DOC_026,DEPT_020,2024-09-03,17:15,Completed,Respiratory Symptoms,22
APT_000722,P_01095,DOC_034,DEPT_005,2024-06-26,15:00,Completed,Routine Follow-up,39
APT_000723,P_03068,DOC_037,DEPT_035,2024-02-16,16:45,Scheduled,Chest Discomfort,0
APT_000724,P_03086,DOC_006,DEPT_018,2024-11-09,13:15,Scheduled,Chest Discomfort,0
APT_000725,P_02553,DOC_006,DEPT_018,2024-01-03,17:15,No-Show,Respiratory Symptoms,0
APT_000726,P_00698,DOC_004,DEPT_005,2025-04-12,09:15,Completed,Medication Adjustment,18
APT_000727,P_02898,DOC_036,DEPT_016,03-08-2024,14:30,Completed,Chronic Disease Review,34
APT_000728,P_02462,DOC_010,DEPT_021,2024-03-01,17:45,Completed,,51
APT_000729,P_03412,DOC_005,DEPT_006,2024-05-03,17:00,Completed,Respiratory Symptoms,41
APT_000730,P_00259,DOC_025,DEPT_032,2024-01-23,08:00,Cancelled,Medication Adjustment,0
APT_000731,P_01400,DOC_007,DEPT_024,2025-02-13,13:30,Completed,Routine Follow-up,38
APT_000732,P_02445,DOC_018,DEPT_039,2024-05-22,15:00,Completed,Chest Discomfort,63
APT_000733,P_01490,DOC_025,DEPT_032,2025-02-24,15:00,Scheduled,Annual Health Checkup,0
APT_000734,P_03103,DOC_015,DEPT_038,2024-12-04,10:45,Completed,Routine Follow-up,13
APT_000735,P_02646,DOC_018,DEPT_039,2024-04-30,13:15,Completed,Annual Health Checkup,22
APT_000736,P_00105,DOC_004,DEPT_005,2024-03-14,14:30,Completed,Annual Health Checkup,35
APT_000737,P_02562,DOC_009,DEPT_030,2024-05-05,08:00,Completed,Diabetes Monitoring,39
APT_000738,P_03091,DOC_010,DEPT_021,2025-04-18,15:00,Completed,Annual Health Checkup,39
APT_000739,P_02706,DOC_029,DEPT_036,2024-08-02,11:30,Completed,Respiratory Symptoms,47
APT_000740,P_00449,DOC_013,DEPT_026,2025-01-11,08:15,Completed,Chest Discomfort,54
APT_000741,P_00311,DOC_019,DEPT_039,2025-02-17,08:45,Completed,Respiratory Symptoms,18
APT_000742,P_01900,DOC_022,DEPT_001,2024-05-16,11:00,Completed,Chronic Disease Review,14
APT_000743,P_02515,DOC_021,DEPT_019,2024-11-26,12:30,Completed,Chronic Disease Review,33
APT_000744,P_03412,DOC_013,DEPT_026,2024-12-07,12:30,Completed,Respiratory Symptoms,13
APT_000745,P_00252,DOC_025,DEPT_032,2025-01-07,13:45,Completed,Diabetes Monitoring,27
APT_000746,P_02498,DOC_039,DEPT_007,2024-01-17,12:30,Cancelled,Routine Follow-up,0
APT_000747,P_03225,DOC_030,DEPT_014,2024-08-10,08:00,Completed,Chest Discomfort,46
APT_000748,P_01704,DOC_003,DEPT_036,2024-04-09,10:30,No-Show,Post-Operative Follow-up,0
APT_000749,P_01832,DOC_021,DEPT_019,2025-01-27,10:00,Completed,Chronic Disease Review,11
APT_000750,P_02001,DOC_030,DEPT_014,2024-12-14,09:30,Cancelled,Chronic Disease Review,0
APT_000751,P_02961,DOC_030,DEPT_014,2024-12-14,08:30,No-Show,Post-Operative Follow-up,0
APT_000752,P_02424,DOC_001,DEPT_023,2024-08-17,09:00,Completed,Medication Adjustment,26
APT_000753,P_02439,DOC_013,DEPT_026,2024-10-11,17:00,Completed,Annual Health Checkup,28
APT_000754,P_01671,DOC_036,DEPT_016,2024-01-09,17:00,Completed,Chest Discomfort,47
APT_000755,P_02564,DOC_020,DEPT_008,2024-08-23,11:00,Completed,Diabetes Monitoring,59
APT_000756,P_01149,DOC_003,DEPT_036,2024-09-16,11:15,Completed,Post-Operative Follow-up,59
APT_000757,P_01834,DOC_001,DEPT_023,2025-01-29,17:30,Scheduled,Diabetes Monitoring,0
APT_000758,P_00384,DOC_013,DEPT_026,2025-01-14,08:00,Completed,Medication Adjustment,10
APT_000759,P_00995,DOC_019,DEPT_039,2024-08-11,09:45,Completed,Chronic Disease Review,21
APT_000760,P_00721,DOC_032,DEPT_016,2024-03-30,11:15,Completed,Post-Operative Follow-up,23
APT_000761,P_03284,DOC_009,DEPT_030,2024-06-12,17:00,Completed,Medication Adjustment,59
APT_000762,P_00588,DOC_032,DEPT_016,2024-11-25,13:30,Completed,Annual Health Checkup,62
APT_000763,P_02267,DOC_018,DEPT_039,2025-03-30,08:00,Scheduled,Medication Adjustment,0
APT_000764,P_02000,DOC_022,DEPT_001,2024-10-23,09:45,Scheduled,Post-Operative Follow-up,0
APT_000765,P_02036,DOC_035,DEPT_003,2024-06-25,13:00,Scheduled,Routine Follow-up,0
APT_000766,P_00351,DOC_001,DEPT_023,2024-12-01,09:45,Cancelled,Respiratory Symptoms,0
APT_000767,P_02823,DOC_035,DEPT_003,2025-04-10,11:30,COMPLETED,Medication Adjustment,40
APT_000768,P_01357,DOC_008,DEPT_005,2024-10-14,13:45,Completed,,34
APT_000769,P_00660,DOC_001,DEPT_023,2024-12-09,16:00,Scheduled,Annual Health Checkup,0
APT_000770,P_00431,DOC_014,DEPT_009,2024-09-20,08:45,Completed,Diabetes Monitoring,32
APT_000771,P_01884,DOC_014,DEPT_009,2024-01-22,13:30,Completed,Annual Health Checkup,29
APT_000772,P_00448,DOC_020,DEPT_008,2024-04-08,13:45,Cancelled,Chest Discomfort,0
APT_000773,P_03314,DOC_040,DEPT_027,2025-02-10,13:45,Cancelled,Annual Health Checkup,0
APT_000774,P_01348,DOC_005,DEPT_006,2024-11-12,15:15,Completed,Chest Discomfort,65
APT_000775,P_03060,DOC_029,DEPT_036,2024/10/26 00:00:00,13:15,Completed,Respiratory Symptoms,10
APT_000776,P_02280,DOC_002,DEPT_035,2024-03-16,13:00,Completed,Medication Adjustment,51
APT_000777,P_00811,DOC_033,DEPT_002,07-01-2025,15:30,Completed,Post-Operative Follow-up,16
APT_000778,P_00482,DOC_030,DEPT_014,2024-01-11,09:15,Cancelled,Diabetes Monitoring,0
APT_000779,P_02167,DOC_039,DEPT_007,2024-06-06,14:00,Completed,Chest Discomfort,14
APT_000780,P_00763,DOC_001,DEPT_023,2024-08-07,14:30,Scheduled,Annual Health Checkup,0
APT_000781,P_02342,DOC_039,DEPT_007,2025-03-06,17:15,Scheduled,Diabetes Monitoring,0
APT_000782,P_03492,DOC_039,DEPT_007,2025-01-04,14:15,Scheduled,Post-Operative Follow-up,0
APT_000783,P_02097,DOC_025,DEPT_032,2024-01-04,12:30,No-Show,Chest Discomfort,0
APT_000784,P_00346,DOC_028,DEPT_005,2024-11-09,10:45,Completed,Respiratory Symptoms,45
APT_000785,P_02037,DOC_020,DEPT_008,2024-02-21,08:30,Completed,Diabetes Monitoring,29
APT_000786,P_01791,DOC_009,DEPT_030,2024-07-25,11:15,Completed,Respiratory Symptoms,37
APT_000787,P_00385,DOC_003,DEPT_036,2024-02-19,08:30,No-Show,Respiratory Symptoms,0
APT_000788,P_03115,DOC_006,DEPT_018,2024-12-23,16:15,Completed,Chronic Disease Review,36
APT_000789,P_01052,DOC_033,DEPT_002,2024-09-09,17:00,Completed,Diabetes Monitoring,42
APT_000790,P_00423,DOC_027,DEPT_037,2024-04-16,10:15,Completed,Chest Discomfort,16
APT_000791,P_02714,DOC_018,DEPT_039,2024-05-22,12:30,Completed,Annual Health Checkup,56
APT_000792,P_01393,DOC_010,DEPT_021,2025-04-24,13:30,No-Show,Medication Adjustment,0
APT_000793,P_00997,DOC_010,DEPT_021,2024-02-15,16:30,Completed,,28
APT_000794,P_00349,DOC_004,DEPT_005,2025-02-28,17:15,Completed,Annual Health Checkup,42
APT_000795,P_03279,DOC_036,DEPT_016,2025-01-18,11:45,Cancelled,Respiratory Symptoms,0
APT_000796,P_00647,DOC_008,DEPT_005,05/08/2024,16:30,Completed,Respiratory Symptoms,21
APT_000797,P_00710,DOC_010,DEPT_021,2025-03-05,17:15,no-show,Post-Operative Follow-up,0
APT_000798,P_01638,DOC_016,DEPT_009,2024-11-08,11:00,Completed,Routine Follow-up,65
APT_000799,P_01624,DOC_031,DEPT_024,2025-01-23,15:00,  Completed  ,,59
APT_000800,P_03177,DOC_003,DEPT_036,2024-10-26,09:15,No-Show,Chronic Disease Review,0
APT_000801,P_02639,DOC_038,DEPT_031,2024-05-22,17:30,Completed,Annual Health Checkup,44
APT_000802,P_00131,DOC_001,DEPT_023,2025-04-25,09:00,Completed,Medication Adjustment,63
APT_000803,P_01663,DOC_025,DEPT_032,2024-07-24,10:30,Scheduled,,0
APT_000804,P_01732,DOC_035,DEPT_003,2025-02-12,12:15,completed,Annual Health Checkup,65
APT_000805,P_00624,DOC_013,DEPT_026,2024-12-09,13:15,Completed,Routine Follow-up,30
APT_000806,P_02171,DOC_034,DEPT_005,2024-07-09,13:45,Completed,Chest Discomfort,58
APT_000807,P_00354,DOC_006,DEPT_018,2024-02-20,10:00,COMPLETED,Routine Follow-up,11
APT_000808,P_00644,DOC_006,DEPT_018,01/27/2024,17:45,Cancelled,Chest Discomfort,0
APT_000809,P_02428,DOC_013,DEPT_026,2024-04-12,16:00,scheduled,Post-Operative Follow-up,0
APT_000810,P_01721,DOC_008,DEPT_005,2024-10-31,16:45,Completed,Chronic Disease Review,63
APT_000811,P_03234,DOC_033,DEPT_002,2024-07-18,14:45,Scheduled,Routine Follow-up,0
APT_000812,P_02402,DOC_034,DEPT_005,03-10-2024,08:30,Completed,Respiratory Symptoms,27
APT_000813,P_03242,DOC_029,DEPT_036,2024-11-11,10:15,Completed,Diabetes Monitoring,29
APT_000814,P_02270,DOC_017,DEPT_008,2024-03-17,15:45,No-Show,Respiratory Symptoms,0
APT_000815,P_02651,DOC_016,DEPT_009,2025-02-06,16:00,COMPLETED,Diabetes Monitoring,25
APT_000816,P_03408,DOC_020,DEPT_008,01-03-2024,09:30,Scheduled,Diabetes Monitoring,0
APT_000817,P_01814,DOC_039,DEPT_007,2025-01-16,11:45,Completed,Chronic Disease Review,46
APT_000818,P_00477,DOC_033,DEPT_002,2024-11-29,09:45,Completed,Annual Health Checkup,36
APT_000819,P_00292,DOC_031,DEPT_024,2024-08-28,16:45,Scheduled,Chest Discomfort,0
APT_000820,P_00148,DOC_027,DEPT_037,2024-07-26,14:45,Completed,Chest Discomfort,65
APT_000821,P_01588,DOC_025,DEPT_032,2024-01-19,13:15,Cancelled,Routine Follow-up,0
APT_000822,P_03409,DOC_008,DEPT_005,2024-11-11,15:30,Completed,Chronic Disease Review,48
APT_000823,P_03351,DOC_009,DEPT_030,2024-01-27,08:15,COMPLETED,,45
APT_000824,P_01596,DOC_020,DEPT_008,2024-07-08,15:45,Completed,Post-Operative Follow-up,41
APT_000825,P_00841,DOC_019,DEPT_039,2025-02-17,11:00,Cancelled,Chest Discomfort,0
APT_000826,P_03063,DOC_039,DEPT_007,2024-08-14,10:45,Completed,Chronic Disease Review,51
APT_000827,P_03492,DOC_025,DEPT_032,2024-11-11,11:15,Scheduled,Chronic Disease Review,0
APT_000828,P_03483,DOC_019,DEPT_039,2024-09-07,12:30,Scheduled,Respiratory Symptoms,0
APT_000829,P_01168,DOC_009,DEPT_030,2024-09-27,09:45,Completed,Annual Health Checkup,51
APT_000830,P_01492,DOC_031,DEPT_024,2024-01-23,12:45,Completed,Annual Health Checkup,57
APT_000831,P_00550,DOC_040,DEPT_027,2024-06-04,15:00,Cancelled,Chest Discomfort,0
APT_000832,P_00457,DOC_015,DEPT_038,2024-12-10,15:00,Completed,Diabetes Monitoring,29
APT_000833,P_01055,DOC_030,DEPT_014,2024/04/10 00:00:00,12:00,Cancelled,Diabetes Monitoring,0
APT_000834,P_01565,DOC_013,DEPT_026,2024-12-22,11:30,Completed,Chronic Disease Review,16
APT_000835,P_00884,DOC_038,DEPT_031,2024-04-01,14:45,Completed,Chronic Disease Review,65
APT_000836,P_03418,DOC_001,DEPT_023,2024-04-25,12:15,Completed,Diabetes Monitoring,65
APT_000837,P_00172,DOC_034,DEPT_005,2024-03-27,17:00,Completed,Medication Adjustment,62
APT_000838,P_02369,DOC_015,DEPT_038,2025-03-06,12:00,Completed,,48
APT_000839,P_01744,DOC_036,DEPT_016,2024-10-09,08:15,Completed,Respiratory Symptoms,64
APT_000840,P_02692,DOC_020,DEPT_008,2024-11-14,16:45,Scheduled,Chest Discomfort,0
APT_000841,P_01871,DOC_010,DEPT_021,2025-04-09,12:15,completed,Medication Adjustment,54
APT_000842,P_02566,DOC_010,DEPT_021,2024-03-18,12:15,Completed,Post-Operative Follow-up,65
APT_000843,P_02001,DOC_038,DEPT_031,2024-12-23,14:30,completed,Chronic Disease Review,42
APT_000844,P_01208,DOC_019,DEPT_039,2024-10-09,14:15,Completed,Chronic Disease Review,50
APT_000845,P_02554,DOC_023,DEPT_007,2024-10-25,08:15,Completed,Respiratory Symptoms,21
APT_000846,P_00259,DOC_005,DEPT_006,2024-12-08,09:00,Completed,Medication Adjustment,23
APT_000847,P_02253,DOC_001,DEPT_023,2024-09-11,09:30,Completed,Annual Health Checkup,40
APT_000848,P_01689,DOC_015,DEPT_038,2024-04-28,15:15,Completed,,23
APT_000849,P_02182,DOC_027,DEPT_037,2024-02-13,10:45,Scheduled,Routine Follow-up,0
APT_000850,P_01987,DOC_008,DEPT_005,2024-02-01,12:30,Completed,Annual Health Checkup,37
APT_000851,P_02901,DOC_019,DEPT_039,2024-11-23,16:30,COMPLETED,Post-Operative Follow-up,56
APT_000852,P_03059,DOC_007,DEPT_024,2024-05-23,13:30,Cancelled,Post-Operative Follow-up,0
APT_000853,P_01901,DOC_025,DEPT_032,09/24/2024,08:45,Completed,Chronic Disease Review,43
APT_000854,P_01269,DOC_022,DEPT_001,2024/12/18 00:00:00,08:30,Completed,Chest Discomfort,25
APT_000855,P_03123,DOC_003,DEPT_036,2025-02-22,12:30,Completed,Post-Operative Follow-up,43
APT_000856,P_00286,DOC_016,DEPT_009,2024-06-11,13:30,Completed,Routine Follow-up,28
APT_000857,P_01792,DOC_026,DEPT_020,2025-03-09,15:00,Cancelled,Diabetes Monitoring,0
APT_000858,P_00690,DOC_031,DEPT_024,2024-03-15,11:45,No-Show,Post-Operative Follow-up,0
APT_000859,P_01077,DOC_014,DEPT_009,2024-10-19,17:45,Completed,Chronic Disease Review,58
APT_000860,P_02976,DOC_033,DEPT_002,2025-02-26,16:15,Completed,Diabetes Monitoring,45
APT_000861,P_02054,DOC_031,DEPT_024,2024-01-13,16:15,Completed,Respiratory Symptoms,28
APT_000862,P_02588,DOC_039,DEPT_007,2024-10-31,13:30,Completed,Chronic Disease Review,33
APT_000863,P_01572,DOC_007,DEPT_024,2025-02-22,17:00,Completed,Post-Operative Follow-up,47
APT_000864,P_01581,DOC_005,DEPT_006,2024-01-25,09:45,Scheduled,Respiratory Symptoms,0
APT_000865,P_01021,DOC_027,DEPT_037,2024-06-07,08:45,Completed,Post-Operative Follow-up,49
APT_000866,P_02734,DOC_015,DEPT_038,2024-05-01,16:00,Completed,,10
APT_000867,P_01124,DOC_024,DEPT_024,29-06-2024,10:30,Completed,Medication Adjustment,56
APT_000868,P_03276,DOC_002,DEPT_035,2024-12-03,13:15,  Completed  ,Chest Discomfort,52
APT_000869,P_01571,DOC_018,DEPT_039,2024-05-31,10:00,Completed,Annual Health Checkup,28
APT_000870,P_02731,DOC_014,DEPT_009,2024-05-26,09:00,Completed,Chest Discomfort,26
APT_000871,P_01058,DOC_012,DEPT_014,2024-08-03,13:30,Completed,Medication Adjustment,43
APT_000872,P_00460,DOC_037,DEPT_035,2024-08-10,13:45,Completed,Post-Operative Follow-up,11
APT_000873,P_03385,DOC_014,DEPT_009,2024-03-19,12:15,Completed,Respiratory Symptoms,28
APT_000874,P_00616,DOC_019,DEPT_039,2024-03-21,10:45,Completed,Routine Follow-up,11
APT_000875,P_01024,DOC_009,DEPT_030,2024-11-21,09:15,No-Show,Post-Operative Follow-up,0
APT_000876,P_02589,DOC_006,DEPT_018,2024-08-03,16:00,Completed,Diabetes Monitoring,50
APT_000877,P_03103,DOC_024,DEPT_024,2024-05-17,12:00,Scheduled,Diabetes Monitoring,0
APT_000878,P_02335,DOC_026,DEPT_020,2025-04-14,17:30,Completed,Post-Operative Follow-up,61
APT_000879,P_01156,DOC_014,DEPT_009,2025-04-13,12:15,Completed,Routine Follow-up,37
APT_000880,P_00824,DOC_015,DEPT_038,2024-09-30,14:00,Completed,Chest Discomfort,49
APT_000881,P_01334,DOC_029,DEPT_036,2024-10-05,15:30,Completed,Post-Operative Follow-up,41
APT_000882,P_00832,DOC_020,DEPT_008,2024-05-01,12:45,Completed,Post-Operative Follow-up,64
APT_000883,P_01666,DOC_019,DEPT_039,2025-04-09,17:30,Cancelled,Routine Follow-up,0
APT_000884,P_01777,DOC_026,DEPT_020,2024-08-29,14:45,Completed,Chest Discomfort,40
APT_000885,P_00610,DOC_019,DEPT_039,2024-05-11,13:45,Completed,Medication Adjustment,57
APT_000886,P_03121,DOC_031,DEPT_024,2024/12/29 00:00:00,08:45,Completed,Diabetes Monitoring,15
APT_000887,P_01073,DOC_035,DEPT_003,2025-02-18,11:00,completed,Post-Operative Follow-up,19
APT_000888,P_00946,DOC_017,DEPT_008,2025-04-04,08:15,Completed,Medication Adjustment,31
APT_000889,P_03130,DOC_027,DEPT_037,2025-03-28,11:30,Completed,Post-Operative Follow-up,57
APT_000890,P_00857,DOC_019,DEPT_039,2024-02-28,15:45,COMPLETED,Routine Follow-up,49
APT_000891,P_02363,DOC_035,DEPT_003,2024-08-25,15:30,Completed,Chronic Disease Review,22
APT_000892,P_02761,DOC_023,DEPT_007,2025-02-22,09:30,Completed,Respiratory Symptoms,54
APT_000893,P_02979,DOC_034,DEPT_005,2024-04-29,17:00,Completed,Post-Operative Follow-up,43
APT_000894,P_01200,DOC_034,DEPT_005,2025-01-09,15:00,  Completed  ,Respiratory Symptoms,52
APT_000895,P_01579,DOC_007,DEPT_024,2024-11-30,11:15,Completed,Routine Follow-up,44
APT_000896,P_00051,DOC_028,DEPT_005,2024-07-27,11:00,Completed,Post-Operative Follow-up,30
APT_000897,P_02243,DOC_009,DEPT_030,2024-05-29,14:00,Completed,Chest Discomfort,14
APT_000898,P_02371,DOC_023,DEPT_007,2024-10-08,09:45,Completed,Chest Discomfort,46
APT_000899,P_03439,DOC_017,DEPT_008,2024-02-01,17:15,No-Show,,0
APT_000900,P_03345,DOC_023,DEPT_007,2024-11-13,12:15,  Scheduled  ,Medication Adjustment,0
APT_000901,P_00305,DOC_040,DEPT_027,2024-01-11,17:15,No-Show,Diabetes Monitoring,0
APT_000902,P_00579,DOC_008,DEPT_005,2024-02-12,11:00,Completed,Respiratory Symptoms,58
APT_000903,P_00522,DOC_006,DEPT_018,2025-03-24,15:30,Completed,Chest Discomfort,25
APT_000904,P_02977,DOC_038,DEPT_031,2024-02-23,08:45,scheduled,Post-Operative Follow-up,0
APT_000905,P_02993,DOC_015,DEPT_038,2024-05-16,10:00,Scheduled,Diabetes Monitoring,0
APT_000906,P_02125,DOC_003,DEPT_036,2024-04-19,14:15,Completed,Chronic Disease Review,45
APT_000907,P_00058,DOC_034,DEPT_005,2024-02-01,13:15,Completed,Diabetes Monitoring,27
APT_000908,P_00536,DOC_040,DEPT_027,08/18/2024,15:30,Cancelled,Respiratory Symptoms,0
APT_000909,P_02976,DOC_027,DEPT_037,2024-10-01,15:30,CANCELLED,Post-Operative Follow-up,0
APT_000910,P_00065,DOC_037,DEPT_035,2024-01-28,08:45,Completed,Chest Discomfort,47
APT_000911,P_00895,DOC_033,DEPT_002,2025-03-18,16:15,Completed,Medication Adjustment,30
APT_000912,P_03347,DOC_001,DEPT_023,2024-10-16,14:30,Completed,Chest Discomfort,28
APT_000913,P_01476,DOC_010,DEPT_021,2024-03-20,17:45,Completed,Chronic Disease Review,40
APT_000914,P_02130,DOC_003,DEPT_036,2024-04-11,08:00,Completed,Respiratory Symptoms,15
APT_000915,P_02078,DOC_033,DEPT_002,2024-07-22,13:00,Completed,Chest Discomfort,17
APT_000916,P_02916,DOC_001,DEPT_023,2024-06-12,12:30,Completed,Post-Operative Follow-up,36
APT_000917,P_02643,DOC_027,DEPT_037,2024-09-18,15:00,Cancelled,Respiratory Symptoms,0
APT_000918,P_00702,DOC_001,DEPT_023,2024-08-09,12:45,Completed,Routine Follow-up,9
APT_000919,P_03141,DOC_038,DEPT_031,2024-03-24,12:00,Cancelled,Respiratory Symptoms,0
APT_000920,P_00139,DOC_040,DEPT_027,2025-03-12,16:15,Completed,Medication Adjustment,30
APT_000921,P_01721,DOC_011,DEPT_021,2024-02-03,14:00,Completed,Respiratory Symptoms,60
APT_000922,P_01354,DOC_006,DEPT_018,10-03-2025,14:45,Completed,Medication Adjustment,17
APT_000923,P_00426,DOC_029,DEPT_036,2024-10-09,11:15,Cancelled,Post-Operative Follow-up,0
APT_000924,P_02916,DOC_024,DEPT_024,2024-03-14,12:45,Completed,Annual Health Checkup,38
APT_000925,P_02704,DOC_040,DEPT_027,2024-08-16,16:15,Cancelled,Diabetes Monitoring,0
APT_000926,P_02623,DOC_021,DEPT_019,2024-06-30,14:00,No-Show,Post-Operative Follow-up,0
APT_000927,P_02776,DOC_008,DEPT_005,2024-12-13,08:30,Completed,Chest Discomfort,8
APT_000928,P_02280,DOC_038,DEPT_031,2024-12-12,10:30,UNKNOWN_VAL,Chest Discomfort,44
APT_000929,P_01129,DOC_022,DEPT_001,2024-04-05,13:30,Completed,Routine Follow-up,27
APT_000930,P_02858,DOC_004,DEPT_005,2024-04-07,13:00,Completed,Diabetes Monitoring,43
APT_000931,P_03154,DOC_011,DEPT_021,2024-01-13,17:15,No-Show,Diabetes Monitoring,0
APT_000932,P_02591,DOC_029,DEPT_036,2024/12/22 00:00:00,12:45,Completed,Respiratory Symptoms,38
APT_000933,P_02985,DOC_003,DEPT_036,2024-07-05,17:00,Completed,,22
APT_000934,P_00933,DOC_010,DEPT_021,2025-02-17,10:15,Completed,Chronic Disease Review,65
APT_000935,P_02298,DOC_023,DEPT_007,2024-05-17,12:45,Completed,Chronic Disease Review,43
APT_000936,P_00043,DOC_008,DEPT_005,2024-01-24,12:45,No-Show,Routine Follow-up,0
APT_000937,P_02109,DOC_024,DEPT_024,2025-02-17,08:30,Completed,Chronic Disease Review,24
APT_000938,P_00726,DOC_010,DEPT_021,2025-03-25,16:30,Completed,Medication Adjustment,40
APT_000939,P_01991,DOC_017,DEPT_008,2025-01-24,10:00,Cancelled,Post-Operative Follow-up,0
APT_000940,P_01600,DOC_034,DEPT_005,2024-09-02,10:45,NO-SHOW,Diabetes Monitoring,0
APT_000941,P_00139,DOC_007,DEPT_024,2025-04-19,16:30,Completed,Chest Discomfort,45
APT_000942,P_01681,DOC_040,DEPT_027,2024-04-23,11:45,Completed,Respiratory Symptoms,33
APT_000943,P_00684,DOC_033,DEPT_002,2024-09-11,10:15,Completed,Chronic Disease Review,60
APT_000944,P_00994,DOC_036,DEPT_016,2024-11-24,17:15,  Completed  ,Routine Follow-up,15
APT_000945,P_01752,DOC_010,DEPT_021,2024-01-09,12:30,Completed,Medication Adjustment,32
APT_000946,P_01647,DOC_031,DEPT_024,2024-12-07,10:45,Completed,Medication Adjustment,44
APT_000947,P_02554,DOC_019,DEPT_039,2024-01-17,10:15,Completed,Diabetes Monitoring,24
APT_000948,P_01936,DOC_010,DEPT_021,2024-07-13,10:30,Scheduled,Routine Follow-up,0
APT_000949,P_02517,DOC_025,DEPT_032,2025-01-04,17:00,Completed,Medication Adjustment,23
APT_000950,P_01171,DOC_031,DEPT_024,2025-02-23,16:15,Scheduled,Respiratory Symptoms,0
APT_000951,P_02051,DOC_027,DEPT_037,2024-07-29,11:45,Scheduled,Routine Follow-up,0
APT_000952,P_02529,DOC_029,DEPT_036,2024-02-05,13:15,Cancelled,Chest Discomfort,0
APT_000953,P_02768,DOC_006,DEPT_018,2025-02-14,17:30,Completed,Respiratory Symptoms,19
APT_000954,P_02961,DOC_038,DEPT_031,2024-12-31,16:30,Completed,Routine Follow-up,43
APT_000955,P_02938,DOC_033,DEPT_002,2024-12-17,11:30,Completed,Post-Operative Follow-up,16
APT_000956,P_02472,DOC_002,DEPT_035,2025-02-05,11:45,Completed,Chronic Disease Review,43
APT_000957,P_00068,DOC_020,DEPT_008,2025-01-28,12:15,Scheduled,Respiratory Symptoms,0
APT_000958,P_00386,DOC_035,DEPT_003,2024-10-09,09:15,Cancelled,Chest Discomfort,0
APT_000959,P_00986,DOC_002,DEPT_035,2024-06-09,12:45,Cancelled,Chest Discomfort,0
APT_000960,P_02872,DOC_014,DEPT_009,2025-01-22,11:15,Completed,Post-Operative Follow-up,41
APT_000961,P_00604,DOC_019,DEPT_039,2024-03-03,09:45,Completed,Chest Discomfort,37
APT_000962,P_01068,DOC_021,DEPT_019,2024-03-18,15:45,Completed,Post-Operative Follow-up,36
APT_000963,P_00090,DOC_012,DEPT_014,2024-02-20,10:15,Completed,Annual Health Checkup,40
APT_000964,P_00091,DOC_009,DEPT_030,2024-03-22,17:15,Completed,Routine Follow-up,63
APT_000965,P_00775,DOC_019,DEPT_039,2024-11-26,12:00,Completed,Respiratory Symptoms,47
APT_000966,P_00918,DOC_022,DEPT_001,2024-01-27,11:15,No-Show,Chest Discomfort,0
APT_000967,P_02935,DOC_033,DEPT_002,2024-05-25,12:15,Completed,Annual Health Checkup,31
APT_000968,P_00978,DOC_003,DEPT_036,2024-08-25,10:15,Completed,Diabetes Monitoring,40
APT_000969,P_00022,DOC_040,DEPT_027,2024-01-20,08:15,Completed,Chest Discomfort,40
APT_000970,P_00156,DOC_028,DEPT_005,2024-05-04,17:30,Completed,Diabetes Monitoring,10
APT_000971,P_00849,DOC_017,DEPT_008,2024-08-07,08:15,Completed,Annual Health Checkup,43
APT_000972,P_03189,DOC_007,DEPT_024,2025-02-03,09:30,No-Show,Chest Discomfort,0
APT_000973,P_01899,DOC_036,DEPT_016,2024-12-23,16:00,Completed,Diabetes Monitoring,55
APT_000974,P_01758,DOC_029,DEPT_036,12-02-2025,14:15,No-Show,Chronic Disease Review,0
APT_000975,P_00485,DOC_039,DEPT_007,2024-04-26,09:45,Scheduled,Respiratory Symptoms,0
APT_000976,P_01607,DOC_034,DEPT_005,2024-12-23,09:30,Scheduled,Annual Health Checkup,0
APT_000977,P_02487,DOC_038,DEPT_031,2024-09-14,09:30,Completed,Medication Adjustment,9
APT_000978,P_00959,DOC_035,DEPT_003,04/07/2025,11:15,Scheduled,Chronic Disease Review,0
APT_000979,P_01806,DOC_010,DEPT_021,2024-07-02,09:45,Scheduled,Chronic Disease Review,0
APT_000980,P_02066,DOC_001,DEPT_023,2024-11-07,12:15,Completed,Chest Discomfort,49
APT_000981,P_00794,DOC_003,DEPT_036,2024-12-18,15:00,Completed,Annual Health Checkup,27
APT_000982,P_02999,DOC_020,DEPT_008,2024-04-20,15:45,Completed,Routine Follow-up,16
APT_000983,P_00147,DOC_031,DEPT_024,2024-11-22,09:45,Completed,Annual Health Checkup,17
APT_000984,P_02712,DOC_020,DEPT_008,10/28/2024,12:45,Completed,Chest Discomfort,42
APT_000985,P_00005,DOC_033,DEPT_002,2024-09-20,15:45,Scheduled,Post-Operative Follow-up,0
APT_000986,P_02774,DOC_022,DEPT_001,2024-03-06,08:45,Completed,Respiratory Symptoms,33
APT_000987,P_02507,DOC_011,DEPT_021,2024-04-22,12:00,Completed,Chronic Disease Review,59
APT_000988,P_00848,DOC_017,DEPT_008,2024-04-04,16:15,Completed,Chronic Disease Review,36
APT_000989,P_00888,DOC_015,DEPT_038,2024-09-06,09:15,Completed,Routine Follow-up,23
APT_000990,P_00705,DOC_022,DEPT_001,2024-08-06,12:15,Completed,Routine Follow-up,39
APT_000991,P_01476,DOC_010,DEPT_021,2024-08-19,12:15,Completed,Respiratory Symptoms,28
APT_000992,P_00011,DOC_030,DEPT_014,2024-12-02,14:15,Completed,Annual Health Checkup,41
APT_000993,P_00389,DOC_037,DEPT_035,2024-10-22,12:15,Completed,Routine Follow-up,43
APT_000994,P_00437,DOC_008,DEPT_005,2024-06-29,08:15,Completed,Annual Health Checkup,16
APT_000995,P_00590,DOC_035,DEPT_003,2024-04-04,13:30,COMPLETED,Diabetes Monitoring,64
APT_000996,P_01335,DOC_026,DEPT_020,2024-09-10,16:30,Completed,Post-Operative Follow-up,25
APT_000997,P_02802,DOC_029,DEPT_036,2024-05-06,11:45,Cancelled,Chest Discomfort,0
APT_000998,P_01450,DOC_003,DEPT_036,2024-06-26,09:30,Cancelled,Respiratory Symptoms,0
APT_000999,P_01144,DOC_034,DEPT_005,2025-04-10,12:30,Scheduled,Post-Operative Follow-up,0
APT_001000,P_00172,DOC_014,DEPT_009,2024-11-27,17:45,Completed,Diabetes Monitoring,57
APT_001001,P_00291,DOC_007,DEPT_024,2024-03-24,16:45,Completed,Routine Follow-up,34
APT_001002,P_01377,DOC_034,DEPT_005,2025-01-25,13:45,Completed,Chronic Disease Review,65
APT_001003,P_00317,DOC_018,DEPT_039,2024-06-04,08:45,Completed,Medication Adjustment,52
APT_001004,P_02031,DOC_030,DEPT_014,2024-05-01,15:15,Completed,Routine Follow-up,64
APT_001005,P_00690,DOC_002,DEPT_035,2025-04-05,09:00,  Completed  ,Medication Adjustment,63
APT_001006,P_02049,DOC_006,DEPT_018,2024-06-07,12:30,Completed,Respiratory Symptoms,17
APT_001007,P_01952,DOC_026,DEPT_020,2025-04-12,09:45,Completed,Chest Discomfort,15
APT_001008,P_00183,DOC_024,DEPT_024,2024-06-06,15:30,Completed,Chronic Disease Review,15
APT_001009,P_01434,DOC_005,DEPT_006,2024-06-10,15:00,COMPLETED,Chronic Disease Review,33
APT_001010,P_01265,DOC_027,DEPT_037,2024-07-28,11:30,Completed,Diabetes Monitoring,54
APT_001011,P_01481,DOC_013,DEPT_026,2024-03-07,14:45,Completed,,36
APT_001012,P_02024,DOC_026,DEPT_020,2024-06-03,12:45,Completed,Chest Discomfort,11
APT_001013,P_00620,DOC_015,DEPT_038,2025-03-27,12:15,Completed,Annual Health Checkup,30
APT_001014,P_00434,DOC_014,DEPT_009,2025-03-29,12:15,Completed,Post-Operative Follow-up,17
APT_001015,P_03213,DOC_037,DEPT_035,2024-04-18,14:30,Completed,Respiratory Symptoms,34
APT_001016,P_00058,DOC_033,DEPT_002,2024-11-25,08:45,Completed,Post-Operative Follow-up,52
APT_001017,P_02798,DOC_035,DEPT_003,2024-10-31,13:45,Completed,Chronic Disease Review,64
APT_001018,P_00252,DOC_010,DEPT_021,2024-06-28,12:30,Completed,Respiratory Symptoms,54
APT_001019,P_01079,DOC_018,DEPT_039,2024-05-23,17:15,no-show,Post-Operative Follow-up,0
APT_001020,P_02160,DOC_011,DEPT_021,2024-12-05,11:30,Scheduled,Diabetes Monitoring,0
APT_001021,P_03347,DOC_003,DEPT_036,2024-09-23,08:30,Completed,Respiratory Symptoms,28
APT_001022,P_02886,DOC_025,DEPT_032,2024-04-27,16:30,No-Show,Chronic Disease Review,0
APT_001023,P_03261,DOC_013,DEPT_026,2024-11-01,09:30,Cancelled,Respiratory Symptoms,0
APT_001024,P_00416,DOC_025,DEPT_032,2024-01-14,16:30,Completed,Respiratory Symptoms,8
APT_001025,P_01300,DOC_007,DEPT_024,2025-04-21,14:30,Scheduled,Post-Operative Follow-up,0
APT_001026,P_03395,DOC_003,DEPT_036,2024-01-08,12:15,Cancelled,Diabetes Monitoring,0
APT_001027,P_03072,DOC_008,DEPT_005,27-03-2025,11:30,Completed,Chronic Disease Review,60
APT_001028,P_00687,DOC_004,DEPT_005,2024-06-09,12:45,Completed,Diabetes Monitoring,24
APT_001029,P_00991,DOC_001,DEPT_023,2025-02-26,15:15,Scheduled,Medication Adjustment,0
APT_001030,P_03380,DOC_002,DEPT_035,2024-02-11,10:45,Completed,Respiratory Symptoms,47
APT_001031,P_00874,DOC_031,DEPT_024,2024-01-16,14:30,Completed,Annual Health Checkup,19
APT_001032,P_01346,DOC_029,DEPT_036,2024-06-22,13:00,Scheduled,Post-Operative Follow-up,0
APT_001033,P_00070,DOC_011,DEPT_021,2024-07-22,15:15,Completed,Post-Operative Follow-up,42
APT_001034,P_02354,DOC_020,DEPT_008,2024-12-27,08:30,Scheduled,Medication Adjustment,0
APT_001035,P_02741,DOC_037,DEPT_035,2024-03-19,08:45,Completed,Annual Health Checkup,57
APT_001036,P_01528,DOC_027,DEPT_037,2024-04-15,15:45,Scheduled,Chronic Disease Review,0
APT_001037,P_02419,DOC_029,DEPT_036,2025-01-01,12:45,scheduled,Chronic Disease Review,0
APT_001038,P_02915,DOC_019,DEPT_039,2024-02-03,08:45,Completed,Chronic Disease Review,26
APT_001039,P_02904,DOC_031,DEPT_024,2024-04-14,12:15,Completed,Diabetes Monitoring,61
APT_001040,P_02549,DOC_023,DEPT_007,2024-02-25,16:30,Completed,Medication Adjustment,62
APT_001041,P_03279,DOC_013,DEPT_026,2024-08-16,14:45,Completed,Annual Health Checkup,26
APT_001042,P_00343,DOC_005,DEPT_006,2024-08-26,08:00,completed,Medication Adjustment,37
APT_001043,P_02023,DOC_031,DEPT_024,2024-06-02,13:30,No-Show,Diabetes Monitoring,0
APT_001044,P_02621,DOC_038,DEPT_031,2024-04-20,15:15,Completed,Diabetes Monitoring,49
APT_001045,P_01919,DOC_017,DEPT_008,2024/09/01 00:00:00,10:00,Completed,Post-Operative Follow-up,46
APT_001046,P_02373,DOC_032,DEPT_016,2024-11-09,17:15,Completed,Medication Adjustment,36
APT_001047,P_01159,DOC_029,DEPT_036,2025-03-22,13:00,Completed,Diabetes Monitoring,62
APT_001048,P_01821,DOC_027,DEPT_037,2025-04-07,09:30,Scheduled,Annual Health Checkup,0
APT_001049,P_00641,DOC_023,DEPT_007,2024-04-17,16:45,Completed,Chest Discomfort,59
APT_001050,P_00506,DOC_025,DEPT_032,2024-03-24,11:15,Completed,Medication Adjustment,44
APT_001051,P_03040,DOC_018,DEPT_039,2024-05-31,11:45,Completed,Chronic Disease Review,39
APT_001052,P_02367,DOC_021,DEPT_019,2024-03-26,17:00,Completed,Diabetes Monitoring,65
APT_001053,P_02062,DOC_020,DEPT_008,2024-01-10,16:00,Scheduled,Routine Follow-up,0
APT_001054,P_01829,DOC_024,DEPT_024,2024-07-15,08:30,Completed,Medication Adjustment,46
APT_001055,P_02282,DOC_014,DEPT_009,2025-02-07,09:00,Completed,Routine Follow-up,38
APT_001056,P_00909,DOC_012,DEPT_014,2024-02-25,10:45,Completed,Post-Operative Follow-up,54
APT_001057,P_01030,DOC_035,DEPT_003,2024-06-24,15:45,  Completed  ,,64
APT_001058,P_00074,DOC_005,DEPT_006,2024-11-05,16:00,Completed,Diabetes Monitoring,46
APT_001059,P_01935,DOC_028,DEPT_005,2025-01-26,14:15,Cancelled,Chronic Disease Review,0
APT_001060,P_01353,DOC_027,DEPT_037,2024-02-23,16:00,Completed,Respiratory Symptoms,37
APT_001061,P_01077,DOC_010,DEPT_021,2025-02-04,11:15,Completed,Medication Adjustment,53
APT_001062,P_00854,DOC_040,DEPT_027,2024-09-09,09:45,Completed,Diabetes Monitoring,55
APT_001063,P_02247,DOC_031,DEPT_024,2024-05-27,17:00,Completed,Chronic Disease Review,42
APT_001064,P_00657,DOC_022,DEPT_001,2025-03-06,15:45,Cancelled,Diabetes Monitoring,0
APT_001065,P_00716,DOC_010,DEPT_021,2025-04-17,14:15,Completed,Routine Follow-up,21
APT_001066,P_01151,DOC_002,DEPT_035,2025-02-07,13:00,Completed,Post-Operative Follow-up,38
APT_001067,P_02996,DOC_039,DEPT_007,2025-02-07,16:00,COMPLETED,Routine Follow-up,9
APT_001068,P_01648,DOC_030,DEPT_014,2024-08-11,12:00,Completed,Chest Discomfort,49
APT_001069,P_01063,DOC_006,DEPT_018,2025-02-28,13:45,Completed,Chest Discomfort,19
APT_001070,P_01465,DOC_007,DEPT_024,2024-12-15,10:15,completed,Diabetes Monitoring,18
APT_001071,P_01143,DOC_024,DEPT_024,2025-03-16,17:45,  Scheduled  ,Diabetes Monitoring,0
APT_001072,P_00237,DOC_029,DEPT_036,2024-07-31,16:00,COMPLETED,Medication Adjustment,65
APT_001073,P_03391,DOC_036,DEPT_016,2025-04-05,08:15,No-Show,Medication Adjustment,0
APT_001074,P_00142,DOC_001,DEPT_023,2024-12-14,08:30,No-Show,Medication Adjustment,0
APT_001075,P_03020,DOC_007,DEPT_024,2025-03-27,14:15,Scheduled,Respiratory Symptoms,0
APT_001076,P_00502,DOC_013,DEPT_026,2024-04-25,10:30,Completed,Medication Adjustment,24
APT_001077,P_02356,DOC_032,DEPT_016,2025-01-02,09:15,Cancelled,Respiratory Symptoms,0
APT_001078,P_01207,DOC_001,DEPT_023,2024-06-15,16:45,Completed,Diabetes Monitoring,34
APT_001079,P_02961,DOC_031,DEPT_024,2024-07-26,10:30,No-Show,Chest Discomfort,0
APT_001080,P_03268,DOC_040,DEPT_027,2024-10-07,11:00,Completed,Chest Discomfort,45
APT_001081,P_01103,DOC_039,DEPT_007,2025-03-30,11:30,Completed,Annual Health Checkup,26
APT_001082,P_00928,DOC_034,DEPT_005,2024-11-01,15:30,Completed,Annual Health Checkup,48
APT_001083,P_02738,DOC_004,DEPT_005,2024-08-24,11:00,COMPLETED,Chronic Disease Review,48
APT_001084,P_00424,DOC_022,DEPT_001,2024-12-18,17:30,Completed,Chronic Disease Review,61
APT_001085,P_03082,DOC_033,DEPT_002,2025-03-13,11:30,Cancelled,Diabetes Monitoring,0
APT_001086,P_01037,DOC_013,DEPT_026,2025-02-18,08:15,Scheduled,Post-Operative Follow-up,0
APT_001087,P_02207,DOC_027,DEPT_037,2025-02-20,08:15,Cancelled,Respiratory Symptoms,0
APT_001088,P_02492,DOC_011,DEPT_021,2024-05-15,17:00,Completed,Medication Adjustment,61
APT_001089,P_02276,DOC_017,DEPT_008,29-04-2024,16:30,Completed,Chest Discomfort,64
APT_001090,P_00602,DOC_019,DEPT_039,2024-04-22,16:15,Completed,Chronic Disease Review,32
APT_001091,P_01147,DOC_025,DEPT_032,2024-02-23,09:15,Cancelled,,0
APT_001092,P_03036,DOC_035,DEPT_003,2024-05-16,09:15,scheduled,Chronic Disease Review,0
APT_001093,P_02963,DOC_004,DEPT_005,2024-03-19,14:00,Completed,Chronic Disease Review,55
APT_001094,P_01359,DOC_017,DEPT_008,2024-03-04,17:00,Scheduled,Routine Follow-up,0
APT_001095,P_02661,DOC_021,DEPT_019,2025-04-11,09:00,Cancelled,Annual Health Checkup,0
APT_001096,P_00549,DOC_032,DEPT_016,2024-08-19,17:30,Cancelled,Diabetes Monitoring,0
APT_001097,P_02591,DOC_012,DEPT_014,2024-10-09,08:45,Completed,Diabetes Monitoring,9
APT_001098,P_02288,DOC_013,DEPT_026,2025-04-05,13:45,Cancelled,Annual Health Checkup,0
APT_001099,P_01967,DOC_010,DEPT_021,2024-02-17,14:00,Completed,Post-Operative Follow-up,39
APT_001100,P_02190,DOC_013,DEPT_026,2024-10-25,08:15,Completed,,53
APT_001101,P_01749,DOC_031,DEPT_024,2024-01-12,16:00,Completed,Diabetes Monitoring,59
APT_001102,P_03317,DOC_032,DEPT_016,2025-03-14,17:15,Completed,Chronic Disease Review,54
APT_001103,P_03387,DOC_012,DEPT_014,2024-10-07,14:45,Completed,Diabetes Monitoring,8
APT_001104,P_02093,DOC_024,DEPT_024,2024-11-03,12:15,Completed,Medication Adjustment,62
APT_001105,P_00951,DOC_020,DEPT_008,2024-09-23,14:15,Completed,Routine Follow-up,33
APT_001106,P_01188,DOC_035,DEPT_003,2024-03-23,08:30,completed,Annual Health Checkup,62
APT_001107,P_00861,DOC_030,DEPT_014,2024-12-18,13:15,Completed,Annual Health Checkup,35
APT_001108,P_03413,DOC_024,DEPT_024,2024-04-15,10:45,Cancelled,Respiratory Symptoms,0
APT_001109,P_02487,DOC_023,DEPT_007,2024-07-08,14:15,COMPLETED,Chronic Disease Review,41
APT_001110,P_02945,DOC_035,DEPT_003,2024-03-08,16:45,completed,Diabetes Monitoring,31
APT_001111,P_00759,DOC_040,DEPT_027,2024-07-22,13:00,Completed,Chronic Disease Review,56
APT_001112,P_00021,DOC_023,DEPT_007,2025-03-16,10:15,Completed,Chronic Disease Review,41
APT_001113,P_01205,DOC_031,DEPT_024,2025-01-02,08:30,Completed,Chest Discomfort,64
APT_001114,P_01313,DOC_014,DEPT_009,2024-06-24,14:45,Completed,Routine Follow-up,18
APT_001115,P_02839,DOC_022,DEPT_001,2024-10-20,11:15,Completed,Chronic Disease Review,29
APT_001116,P_01521,DOC_012,DEPT_014,2024-10-15,16:45,Completed,Chest Discomfort,42
APT_001117,P_03124,DOC_011,DEPT_021,2025-01-03,11:45,Completed,Medication Adjustment,15
APT_001118,P_03457,DOC_016,DEPT_009,2025-03-25,09:15,Completed,Chronic Disease Review,52
APT_001119,P_00299,DOC_017,DEPT_008,2024-03-30,15:00,No-Show,Medication Adjustment,0
APT_001120,P_00341,DOC_007,DEPT_024,2024-01-09,10:45,No-Show,Respiratory Symptoms,0
APT_001121,P_01321,DOC_023,DEPT_007,2025-04-17,11:15,Completed,Respiratory Symptoms,38
APT_001122,P_01236,DOC_006,DEPT_018,2024-01-01,15:00,Completed,Medication Adjustment,39
APT_001123,P_03310,DOC_015,DEPT_038,2025-02-07,14:45,Completed,Annual Health Checkup,47
APT_001124,P_02598,DOC_038,DEPT_031,2024-11-10,17:45,Cancelled,Routine Follow-up,0
APT_001125,P_01462,DOC_021,DEPT_019,01/30/2025,11:45,No-Show,Diabetes Monitoring,0
APT_001126,P_00371,DOC_027,DEPT_037,2024-07-18,12:00,Completed,Respiratory Symptoms,52
APT_001127,P_03468,DOC_011,DEPT_021,2024-05-29,16:00,No-Show,Chronic Disease Review,0
APT_001128,P_01926,DOC_038,DEPT_031,2024-11-28,10:15,Completed,Routine Follow-up,38
APT_001129,P_02198,DOC_030,DEPT_014,2024-12-09,09:45,Cancelled,Routine Follow-up,0
APT_001130,P_03443,DOC_011,DEPT_021,2024-08-21,15:30,Completed,Medication Adjustment,42
APT_001131,P_02258,DOC_037,DEPT_035,2024-11-27,10:00,Completed,Respiratory Symptoms,29
APT_001132,P_00391,DOC_016,DEPT_009,2024-04-20,08:45,Completed,,33
APT_001133,P_00138,DOC_007,DEPT_024,2025-01-31,13:30,Completed,Chronic Disease Review,24
APT_001134,P_02034,DOC_001,DEPT_023,2025-02-09,12:30,Scheduled,Medication Adjustment,0
APT_001135,P_02371,DOC_022,DEPT_001,2024-08-07,12:00,Completed,Chest Discomfort,42
APT_001136,P_00176,DOC_011,DEPT_021,2024-02-04,16:15,Completed,Medication Adjustment,33
APT_001137,P_00802,DOC_032,DEPT_016,2024-02-06,12:00,Completed,Chronic Disease Review,37
APT_001138,P_00491,DOC_025,DEPT_032,2025-01-28,12:15,Cancelled,Post-Operative Follow-up,0
APT_001139,P_01829,DOC_002,DEPT_035,2024-07-08,16:30,Completed,Routine Follow-up,19
APT_001140,P_01388,DOC_034,DEPT_005,2025-03-19,10:45,Completed,Post-Operative Follow-up,44
APT_001141,P_03150,DOC_037,DEPT_035,2024-07-29,17:00,Completed,Chest Discomfort,8
APT_001142,P_02019,DOC_030,DEPT_014,2024-01-01,13:30,Completed,Routine Follow-up,38
APT_001143,P_02696,DOC_023,DEPT_007,2024-05-05,14:30,Completed,Respiratory Symptoms,31
APT_001144,P_02850,DOC_037,DEPT_035,2024-12-21,17:15,Scheduled,Chronic Disease Review,0
APT_001145,P_00243,DOC_001,DEPT_023,2024-10-06,09:15,Completed,Respiratory Symptoms,29
APT_001146,P_02958,DOC_035,DEPT_003,03-11-2024,11:00,Scheduled,Annual Health Checkup,0
APT_001147,P_02176,DOC_028,DEPT_005,2024-07-10,15:15,  Completed  ,Annual Health Checkup,63
APT_001148,P_01179,DOC_037,DEPT_035,2024-11-06,14:30,Completed,,24
APT_001149,P_02941,DOC_015,DEPT_038,2024-02-10,14:30,Completed,Routine Follow-up,39
APT_001150,P_00609,DOC_037,DEPT_035,09/15/2024,15:30,No-Show,Chest Discomfort,0
APT_001151,P_02624,DOC_024,DEPT_024,2024-07-06,13:30,  Completed  ,,20
APT_001152,P_00980,DOC_031,DEPT_024,2024-03-15,11:15,Cancelled,Annual Health Checkup,0
APT_001153,P_01134,DOC_004,DEPT_005,2024-11-25,13:15,Completed,Medication Adjustment,51
APT_001154,P_01487,DOC_020,DEPT_008,2024-09-06,09:45,Completed,Diabetes Monitoring,30
APT_001155,P_00138,DOC_023,DEPT_007,2024-09-10,08:15,Scheduled,Chronic Disease Review,0
APT_001156,P_00992,DOC_010,DEPT_021,2024-05-11,13:30,Completed,Post-Operative Follow-up,48
APT_001157,P_00303,DOC_017,DEPT_008,2024-03-30,16:15,Completed,Annual Health Checkup,24
APT_001158,P_03325,DOC_008,DEPT_005,2024-08-17,12:30,Completed,Chest Discomfort,27
APT_001159,P_02602,DOC_011,DEPT_021,2024-04-05,17:00,Completed,Routine Follow-up,50
APT_001160,P_00703,DOC_040,DEPT_027,2024-03-14,11:15,Completed,Diabetes Monitoring,56
APT_001161,P_00265,DOC_023,DEPT_007,2024-06-26,08:45,completed,Chest Discomfort,32
APT_001162,P_03181,DOC_020,DEPT_008,2024-03-01,14:00,Completed,Annual Health Checkup,43
APT_001163,P_02505,DOC_022,DEPT_001,2024-09-20,14:00,Completed,Post-Operative Follow-up,13
APT_001164,P_03337,DOC_021,DEPT_019,2024-06-16,08:15,No-Show,Respiratory Symptoms,0
APT_001165,P_00197,DOC_014,DEPT_009,23-03-2024,14:30,Cancelled,Respiratory Symptoms,0
APT_001166,P_01111,DOC_004,DEPT_005,2024-01-27,17:00,Completed,Medication Adjustment,61
APT_001167,P_02297,DOC_017,DEPT_008,2024-08-06,16:30,Cancelled,Annual Health Checkup,0
APT_001168,P_01270,DOC_037,DEPT_035,2025-03-09,16:15,Cancelled,Chest Discomfort,0
APT_001169,P_01457,DOC_008,DEPT_005,2024-12-08,14:00,Completed,Respiratory Symptoms,63
APT_001170,P_01617,DOC_029,DEPT_036,2024-02-19,16:30,Completed,Medication Adjustment,55
APT_001171,P_03064,DOC_015,DEPT_038,2024-01-23,09:30,Scheduled,Routine Follow-up,0
APT_001172,P_03211,DOC_018,DEPT_039,2024/06/02 00:00:00,17:00,Cancelled,Chest Discomfort,0
APT_001173,P_00768,DOC_025,DEPT_032,2024-07-16,15:00,Completed,Respiratory Symptoms,31
APT_001174,P_01167,DOC_001,DEPT_023,2024-09-09,08:30,Completed,Post-Operative Follow-up,45
APT_001175,P_01452,DOC_015,DEPT_038,2025-03-30,09:45,Completed,Routine Follow-up,57
APT_001176,P_02244,DOC_013,DEPT_026,2024-10-25,12:45,Completed,,41
APT_001177,P_01227,DOC_036,DEPT_016,2025-03-02,15:15,Completed,Medication Adjustment,38
APT_001178,P_03037,DOC_018,DEPT_039,2025-03-25,16:30,Completed,Medication Adjustment,58
APT_001179,P_01423,DOC_005,DEPT_006,2024-05-09,10:00,Cancelled,Medication Adjustment,0
APT_001180,P_00137,DOC_005,DEPT_006,2024-01-12,08:45,Completed,Post-Operative Follow-up,27
APT_001181,P_02522,DOC_032,DEPT_016,2025-04-09,13:30,Scheduled,Routine Follow-up,0
APT_001182,P_02121,DOC_001,DEPT_023,2024-09-10,08:30,Completed,Routine Follow-up,12
APT_001183,P_00953,DOC_006,DEPT_018,2025-04-09,13:00,Completed,Annual Health Checkup,15
APT_001184,P_02794,DOC_003,DEPT_036,2024-06-06,08:15,Completed,Routine Follow-up,11
APT_001185,P_01913,DOC_033,DEPT_002,2025-02-21,10:15,Cancelled,Routine Follow-up,0
APT_001186,P_02051,DOC_028,DEPT_005,2024-07-28,15:30,No-Show,Chest Discomfort,0
APT_001187,P_02374,DOC_040,DEPT_027,2024-05-17,16:45,Completed,Routine Follow-up,51
APT_001188,P_00818,DOC_014,DEPT_009,2024-06-07,13:45,Completed,Chronic Disease Review,34
APT_001189,P_02270,DOC_007,DEPT_024,2024-01-28,10:45,Completed,Routine Follow-up,19
APT_001190,P_02463,DOC_004,DEPT_005,2025-04-04,10:45,No-Show,Annual Health Checkup,0
APT_001191,P_03409,DOC_003,DEPT_036,2025-02-04,16:00,Scheduled,Chest Discomfort,0
APT_001192,P_00011,DOC_033,DEPT_002,2024-05-11,14:00,Scheduled,Annual Health Checkup,0
APT_001193,P_02810,DOC_032,DEPT_016,2024-05-11,09:45,Completed,Respiratory Symptoms,38
APT_001194,P_03387,DOC_023,DEPT_007,2024-01-22,10:00,Completed,Respiratory Symptoms,34
APT_001195,P_00918,DOC_024,DEPT_024,2025-01-09,09:00,Completed,Chronic Disease Review,60
APT_001196,P_00531,DOC_012,DEPT_014,2025-03-23,16:00,Completed,Chronic Disease Review,29
APT_001197,P_00134,DOC_018,DEPT_039,31-03-2025,14:45,Completed,Respiratory Symptoms,10
APT_001198,P_01965,DOC_040,DEPT_027,2024-03-13,13:45,  Scheduled  ,Medication Adjustment,0
APT_001199,P_02497,DOC_027,DEPT_037,2025-01-17,12:45,Completed,Post-Operative Follow-up,24
APT_001200,P_00273,DOC_004,DEPT_005,2024-09-24,14:30,Completed,Diabetes Monitoring,21
APT_001201,P_00379,DOC_006,DEPT_018,2024-08-22,08:15,Completed,Respiratory Symptoms,34
APT_001202,P_00633,DOC_009,DEPT_030,2025-03-23,16:30,Scheduled,Annual Health Checkup,0
APT_001203,P_02193,DOC_014,DEPT_009,2025-03-16,12:30,Cancelled,Diabetes Monitoring,0
APT_001204,P_00759,DOC_024,DEPT_024,2024-02-08,14:45,Completed,Chest Discomfort,38
APT_001205,P_03041,DOC_024,DEPT_024,2024-08-18,10:15,Scheduled,Routine Follow-up,0
APT_001206,P_01015,DOC_020,DEPT_008,2025-01-24,17:30,Completed,Chronic Disease Review,45
APT_001207,P_01103,DOC_014,DEPT_009,2024-04-26,13:45,Completed,Routine Follow-up,37
APT_001208,P_00815,DOC_017,DEPT_008,2024-12-13,09:45,Completed,Annual Health Checkup,34
APT_001209,P_01912,DOC_010,DEPT_021,2025-02-13,12:30,Completed,Chest Discomfort,18
APT_001210,P_02145,DOC_027,DEPT_037,2025-02-14,17:30,Completed,Chronic Disease Review,50
APT_001211,P_01167,DOC_005,DEPT_006,2024-02-02,15:30,No-Show,Respiratory Symptoms,0
APT_001212,P_02606,DOC_009,DEPT_030,2025-02-28,14:00,Scheduled,Annual Health Checkup,0
APT_001213,P_02944,DOC_036,DEPT_016,2024-01-07,08:00,scheduled,Annual Health Checkup,0
APT_001214,P_02057,DOC_029,DEPT_036,2025-02-12,08:45,Cancelled,Respiratory Symptoms,0
APT_001215,P_02773,DOC_023,DEPT_007,2024-08-25,11:00,Completed,Chronic Disease Review,20
APT_001216,P_03408,DOC_031,DEPT_024,2024-04-10,08:30,Cancelled,Respiratory Symptoms,0
APT_001217,P_02325,DOC_038,DEPT_031,2025-01-29,09:30,Scheduled,Chronic Disease Review,0
APT_001218,P_02766,DOC_035,DEPT_003,2024-06-20,09:30,Completed,Medication Adjustment,42
APT_001219,P_02078,DOC_030,DEPT_014,2024-01-25,11:15,Completed,Respiratory Symptoms,61
APT_001220,P_00048,DOC_034,DEPT_005,2024-05-18,10:45,Completed,Annual Health Checkup,11
APT_001221,P_01104,DOC_038,DEPT_031,2024-09-09,16:30,Completed,Post-Operative Follow-up,33
APT_001222,P_00822,DOC_031,DEPT_024,2024-09-17,13:15,Completed,Diabetes Monitoring,26
APT_001223,P_02889,DOC_028,DEPT_005,2025-01-20,13:15,Completed,,24
APT_001224,P_01458,DOC_008,DEPT_005,2024-12-23,09:30,No-Show,Medication Adjustment,0
APT_001225,P_03303,DOC_016,DEPT_009,2024-01-31,14:00,Scheduled,Chest Discomfort,0
APT_001226,P_01369,DOC_029,DEPT_036,2024-11-18,14:15,Scheduled,Chronic Disease Review,0
APT_001227,P_00963,DOC_015,DEPT_038,2024-06-12,10:15,Completed,,31
APT_001228,P_01923,DOC_027,DEPT_037,2024-09-14,13:45,No-Show,Post-Operative Follow-up,0
APT_001229,P_02738,DOC_012,DEPT_014,2024-07-19,10:30,Completed,,47
APT_001230,P_01524,DOC_037,DEPT_035,2025-03-05,09:15,No-Show,Annual Health Checkup,0
APT_001231,P_02304,DOC_024,DEPT_024,2025-01-25,10:30,Completed,Chest Discomfort,55
APT_001232,P_01368,DOC_010,DEPT_021,2024-01-27,13:00,Scheduled,Medication Adjustment,0
APT_001233,P_03089,DOC_023,DEPT_007,2025-03-17,16:15,Completed,Chest Discomfort,23
APT_001234,P_01713,DOC_021,DEPT_019,2024-07-28,15:00,Completed,Routine Follow-up,19
APT_001235,P_01339,DOC_022,DEPT_001,2024-10-12,16:45,Completed,Chronic Disease Review,65
APT_001236,P_00380,DOC_001,DEPT_023,2024-08-17,13:15,Scheduled,Chest Discomfort,0
APT_001237,P_03143,DOC_019,DEPT_039,2024-08-11,15:30,No-Show,Routine Follow-up,0
APT_001238,P_02073,DOC_008,DEPT_005,2024-12-06,15:15,Completed,Post-Operative Follow-up,63
APT_001239,P_01644,DOC_036,DEPT_016,2024-04-09,17:45,Completed,Diabetes Monitoring,49
APT_001240,P_02026,DOC_029,DEPT_036,2024-04-10,12:45,Completed,Medication Adjustment,48
APT_001241,P_02246,DOC_008,DEPT_005,2025/04/12 00:00:00,14:00,Cancelled,Annual Health Checkup,0
APT_001242,P_01598,DOC_003,DEPT_036,2024-06-10,08:15,Completed,Routine Follow-up,64
APT_001243,P_00552,DOC_011,DEPT_021,2024-07-16,09:45,Completed,Post-Operative Follow-up,8
APT_001244,P_02925,DOC_029,DEPT_036,2024-10-25,10:00,  Completed  ,Routine Follow-up,15
APT_001245,P_01051,DOC_037,DEPT_035,12-11-2024,13:30,Cancelled,Routine Follow-up,0
APT_001246,P_00848,DOC_036,DEPT_016,2025-03-14,08:15,Completed,,22
APT_001247,P_02748,DOC_019,DEPT_039,2024/01/21 00:00:00,09:30,Completed,Annual Health Checkup,29
APT_001248,P_00845,DOC_016,DEPT_009,2024-07-26,10:30,Cancelled,Annual Health Checkup,0
APT_001249,P_01358,DOC_004,DEPT_005,2024-07-04,16:30,Scheduled,Post-Operative Follow-up,0
APT_001250,P_02274,DOC_026,DEPT_020,2024-04-07,12:00,Completed,Medication Adjustment,60
APT_001251,P_00323,DOC_029,DEPT_036,2024-11-23,10:30,Scheduled,Chronic Disease Review,0
APT_001252,P_01146,DOC_009,DEPT_030,2024-04-30,09:15,No-Show,Post-Operative Follow-up,0
APT_001253,P_03443,DOC_032,DEPT_016,2024-01-18,13:15,Cancelled,Medication Adjustment,0
APT_001254,P_02151,DOC_021,DEPT_019,2024-12-22,11:00,Scheduled,Diabetes Monitoring,0
APT_001255,P_03332,DOC_037,DEPT_035,2024-09-27,09:45,Completed,Respiratory Symptoms,36
APT_001256,P_02853,DOC_012,DEPT_014,2024-12-07,11:00,Completed,Respiratory Symptoms,61
APT_001257,P_01610,DOC_019,DEPT_039,2025-01-27,09:30,COMPLETED,Annual Health Checkup,14
APT_001258,P_00915,DOC_013,DEPT_026,2024-08-17,12:00,Completed,Respiratory Symptoms,60
APT_001259,P_02583,DOC_028,DEPT_005,2024-01-25,09:00,Completed,Chronic Disease Review,37
APT_001260,P_00056,DOC_029,DEPT_036,2024-03-19,15:00,Completed,Annual Health Checkup,64
APT_001261,P_01464,DOC_007,DEPT_024,2024-12-27,17:00,Completed,Post-Operative Follow-up,48
APT_001262,P_01376,DOC_023,DEPT_007,2024-03-06,15:00,Scheduled,Chronic Disease Review,0
APT_001263,P_00810,DOC_011,DEPT_021,2024-05-16,08:45,Completed,Respiratory Symptoms,30
APT_001264,P_00573,DOC_027,DEPT_037,2024-02-25,11:00,Scheduled,Respiratory Symptoms,0
APT_001265,P_01848,DOC_006,DEPT_018,2024-07-07,10:15,Completed,Routine Follow-up,51
APT_001266,P_03131,DOC_015,DEPT_038,2024-04-29,15:15,Completed,Annual Health Checkup,59
APT_001267,P_00953,DOC_034,DEPT_005,08/26/2024,16:00,No-Show,Respiratory Symptoms,0
APT_001268,P_02050,DOC_007,DEPT_024,2024-02-20,15:30,Completed,Post-Operative Follow-up,29
APT_001269,P_00290,DOC_015,DEPT_038,2024-01-16,15:00,Completed,Respiratory Symptoms,14
APT_001270,P_00241,DOC_019,DEPT_039,2024-07-25,13:00,Completed,Respiratory Symptoms,17
APT_001271,P_02494,DOC_035,DEPT_003,2025-02-06,13:15,Scheduled,Chronic Disease Review,0
APT_001272,P_01959,DOC_006,DEPT_018,2024-12-06,09:00,Completed,Routine Follow-up,25
APT_001273,P_00718,DOC_031,DEPT_024,2024-03-20,09:30,Completed,Chest Discomfort,60
APT_001274,P_02598,DOC_039,DEPT_007,2024-08-04,16:00,Scheduled,Respiratory Symptoms,0
APT_001275,P_00341,DOC_003,DEPT_036,2024-05-31,13:30,Completed,Annual Health Checkup,63
APT_001276,P_02634,DOC_014,DEPT_009,2024-02-07,16:00,Completed,Routine Follow-up,40
APT_001277,P_02750,DOC_011,DEPT_021,2024-06-20,16:00,Completed,Medication Adjustment,49
APT_001278,P_01379,DOC_017,DEPT_008,2024-01-11,16:45,Completed,Chest Discomfort,8
APT_001279,P_02504,DOC_028,DEPT_005,2024-01-08,09:30,No-Show,,0
APT_001280,P_02220,DOC_008,DEPT_005,2025-04-10,10:00,Scheduled,Chest Discomfort,0
APT_001281,P_00263,DOC_019,DEPT_039,2024-08-29,16:45,Completed,Diabetes Monitoring,24
APT_001282,P_03338,DOC_030,DEPT_014,2024-10-31,08:15,Completed,Medication Adjustment,55
APT_001283,P_00158,DOC_027,DEPT_037,2024-01-03,14:00,COMPLETED,Post-Operative Follow-up,31
APT_001284,P_00378,DOC_008,DEPT_005,2024-10-07,13:15,Scheduled,Medication Adjustment,0
APT_001285,P_02663,DOC_030,DEPT_014,2025-02-24,14:00,Completed,Annual Health Checkup,49
APT_001286,P_01522,DOC_008,DEPT_005,2024-06-15,14:45,Completed,Chronic Disease Review,25
APT_001287,P_01725,DOC_016,DEPT_009,2025-02-03,13:45,Completed,Annual Health Checkup,26
APT_001288,P_02334,DOC_026,DEPT_020,2024-10-16,11:00,Completed,Chest Discomfort,47
APT_001289,P_00703,DOC_026,DEPT_020,2024-05-08,10:15,Scheduled,Diabetes Monitoring,0
APT_001290,P_02303,DOC_024,DEPT_024,2024-08-11,11:30,No-Show,Annual Health Checkup,0
APT_001291,P_01673,DOC_008,DEPT_005,2024-02-08,08:30,Scheduled,Respiratory Symptoms,0
APT_001292,P_00635,DOC_013,DEPT_026,2024-07-10,08:30,Cancelled,Post-Operative Follow-up,0
APT_001293,P_01118,DOC_023,DEPT_007,2024-07-15,09:15,Completed,Annual Health Checkup,40
APT_001294,P_01247,DOC_027,DEPT_037,2024-02-15,16:45,Completed,Respiratory Symptoms,40
APT_001295,P_00549,DOC_008,DEPT_005,2024-05-25,11:15,Cancelled,Routine Follow-up,0
APT_001296,P_00193,DOC_039,DEPT_007,2024-02-23,15:15,Completed,Chronic Disease Review,42
APT_001297,P_00678,DOC_009,DEPT_030,2024-07-24,14:15,Completed,Diabetes Monitoring,40
APT_001298,P_01469,DOC_032,DEPT_016,2025-04-20,17:00,Completed,Chronic Disease Review,31
APT_001299,P_02903,DOC_001,DEPT_023,2025-01-31,10:00,No-Show,Respiratory Symptoms,0
APT_001300,P_00947,DOC_033,DEPT_002,2024-06-20,08:30,Completed,Diabetes Monitoring,36
APT_001301,P_00518,DOC_009,DEPT_030,2024-02-11,10:00,Completed,,60
APT_001302,P_02810,DOC_001,DEPT_023,05/15/2024,08:30,Completed,,26
APT_001303,P_00862,DOC_018,DEPT_039,2024-04-13,14:00,Completed,Chest Discomfort,38
APT_001304,P_00481,DOC_018,DEPT_039,2024-02-09,08:15,Scheduled,Chronic Disease Review,0
APT_001305,P_02766,DOC_008,DEPT_005,09/18/2024,17:15,Completed,Chronic Disease Review,62
APT_001306,P_02502,DOC_015,DEPT_038,2024-03-28,13:30,Scheduled,Medication Adjustment,0
APT_001307,P_01356,DOC_027,DEPT_037,2024-03-03,13:45,Completed,Chest Discomfort,28
APT_001308,P_01780,DOC_017,DEPT_008,2024-10-30,12:45,Completed,Annual Health Checkup,49
APT_001309,P_01223,DOC_017,DEPT_008,2024-04-18,10:15,Completed,Respiratory Symptoms,30
APT_001310,P_00304,DOC_039,DEPT_007,2024-02-08,16:30,Completed,Post-Operative Follow-up,34
APT_001311,P_02244,DOC_015,DEPT_038,03/07/2025,09:15,Completed,Post-Operative Follow-up,56
APT_001312,P_00785,DOC_028,DEPT_005,2024-11-06,13:00,Completed,Diabetes Monitoring,38
APT_001313,P_00403,DOC_035,DEPT_003,2024-10-13,17:30,Scheduled,Post-Operative Follow-up,0
APT_001314,P_00310,DOC_034,DEPT_005,2024-07-08,09:15,  Scheduled  ,Diabetes Monitoring,0
APT_001315,P_00589,DOC_034,DEPT_005,2024-04-28,16:30,Cancelled,Respiratory Symptoms,0
APT_001316,P_03121,DOC_019,DEPT_039,2024-04-26,11:00,Completed,Annual Health Checkup,63
APT_001317,P_02812,DOC_005,DEPT_006,2024-02-24,13:00,Completed,Chronic Disease Review,58
APT_001318,P_00943,DOC_015,DEPT_038,2025-03-21,08:15,Completed,Post-Operative Follow-up,27
APT_001319,P_01959,DOC_027,DEPT_037,2024-11-13,16:30,Completed,Diabetes Monitoring,41
APT_001320,P_02535,DOC_017,DEPT_008,2025-02-12,12:45,Scheduled,Medication Adjustment,0
APT_001321,P_01010,DOC_027,DEPT_037,2024-09-03,09:15,Completed,Respiratory Symptoms,38
APT_001322,P_01991,DOC_019,DEPT_039,2024-04-13,16:45,No-Show,Post-Operative Follow-up,0
APT_001323,P_02221,DOC_006,DEPT_018,2024-01-23,10:00,Completed,Diabetes Monitoring,21
APT_001324,P_01706,DOC_012,DEPT_014,2024-03-17,14:15,Cancelled,Diabetes Monitoring,0
APT_001325,P_01566,DOC_033,DEPT_002,2025-01-03,10:30,Scheduled,Chronic Disease Review,0
APT_001326,P_01746,DOC_019,DEPT_039,2025-04-15,12:30,Completed,Diabetes Monitoring,44
APT_001327,P_02185,DOC_038,DEPT_031,2024-02-23,11:30,Completed,Respiratory Symptoms,11
APT_001328,P_02048,DOC_006,DEPT_018,2024-07-31,17:45,Completed,Post-Operative Follow-up,9
APT_001329,P_01098,DOC_023,DEPT_007,2025-02-20,11:45,Scheduled,Medication Adjustment,0
APT_001330,P_03230,DOC_017,DEPT_008,2025-01-24,08:15,Completed,Routine Follow-up,54
APT_001331,P_00402,DOC_002,DEPT_035,2024-01-04,15:00,Cancelled,Diabetes Monitoring,0
APT_001332,P_02919,DOC_021,DEPT_019,17-05-2024,17:45,Scheduled,Diabetes Monitoring,0
APT_001333,P_01098,DOC_014,DEPT_009,2024-02-01,16:15,Completed,Routine Follow-up,40
APT_001334,P_01354,DOC_001,DEPT_023,2024-10-11,16:45,Cancelled,Chest Discomfort,0
APT_001335,P_03331,DOC_012,DEPT_014,2024-07-18,11:30,Completed,Chest Discomfort,63
APT_001336,P_02136,DOC_003,DEPT_036,2024-09-06,11:15,Cancelled,Diabetes Monitoring,0
APT_001337,P_02769,DOC_023,DEPT_007,19-01-2024,09:00,Completed,Diabetes Monitoring,30
APT_001338,P_00950,DOC_031,DEPT_024,2024-08-20,11:45,Completed,Chest Discomfort,26
APT_001339,P_00638,DOC_034,DEPT_005,2024-10-27,12:45,Completed,Routine Follow-up,30
APT_001340,P_01248,DOC_034,DEPT_005,2024-06-26,11:45,No-Show,Post-Operative Follow-up,0
APT_001341,P_02887,DOC_002,DEPT_035,2024-04-25,09:45,Completed,Medication Adjustment,12
APT_001342,P_03134,DOC_004,DEPT_005,2024-05-29,10:00,Completed,Diabetes Monitoring,51
APT_001343,P_01896,DOC_023,DEPT_007,2024-09-10,09:45,Completed,Annual Health Checkup,62
APT_001344,P_01252,DOC_009,DEPT_030,2025-03-19,10:00,Scheduled,Routine Follow-up,0
APT_001345,P_02950,DOC_023,DEPT_007,2025-04-25,16:15,Completed,Chronic Disease Review,17
APT_001346,P_03221,DOC_011,DEPT_021,2025-03-07,12:45,Completed,Chronic Disease Review,64
APT_001347,P_02679,DOC_012,DEPT_014,2024-09-18,17:15,Completed,,16
APT_001348,P_01855,DOC_007,DEPT_024,2024-04-07,08:45,Completed,Diabetes Monitoring,17
APT_001349,P_01132,DOC_030,DEPT_014,2024-11-02,14:45,Completed,Medication Adjustment,44
APT_001350,P_01325,DOC_005,DEPT_006,2024-08-31,10:30,Completed,Medication Adjustment,15
APT_001351,P_01946,DOC_023,DEPT_007,2024-08-31,11:15,Cancelled,Routine Follow-up,0
APT_001352,P_02640,DOC_008,DEPT_005,2024-09-10,15:00,scheduled,Post-Operative Follow-up,0
APT_001353,P_00420,DOC_028,DEPT_005,2025-01-08,10:45,Completed,Post-Operative Follow-up,36
APT_001354,P_03020,DOC_020,DEPT_008,2025-01-08,14:45,Completed,Post-Operative Follow-up,40
APT_001355,P_01333,DOC_024,DEPT_024,2024-04-07,14:15,  Completed  ,Annual Health Checkup,31
APT_001356,P_01185,DOC_024,DEPT_024,2024-02-19,17:45,Completed,Annual Health Checkup,29
APT_001357,P_01339,DOC_026,DEPT_020,2025-03-09,10:15,Completed,Annual Health Checkup,23
APT_001358,P_01060,DOC_004,DEPT_005,2024-10-08,15:45,Completed,Post-Operative Follow-up,23
APT_001359,P_02634,DOC_025,DEPT_032,2024-03-04,17:45,Completed,Diabetes Monitoring,64
APT_001360,P_00018,DOC_015,DEPT_038,2025/01/18 00:00:00,12:45,Completed,Chest Discomfort,32
APT_001361,P_02952,DOC_039,DEPT_007,2024-07-07,08:15,Cancelled,Chest Discomfort,0
APT_001362,P_03006,DOC_011,DEPT_021,2024-12-24,08:30,Cancelled,Post-Operative Follow-up,0
APT_001363,P_01102,DOC_030,DEPT_014,2024-03-20,08:00,Completed,Post-Operative Follow-up,49
APT_001364,P_01585,DOC_016,DEPT_009,2024-02-25,13:15,Completed,Routine Follow-up,59
APT_001365,P_03159,DOC_039,DEPT_007,2024-09-05,15:45,Scheduled,Diabetes Monitoring,0
APT_001366,P_03486,DOC_006,DEPT_018,2025-04-12,08:45,No-Show,Respiratory Symptoms,0
APT_001367,P_03497,DOC_002,DEPT_035,2024-05-27,09:45,Completed,Medication Adjustment,60
APT_001368,P_02260,DOC_034,DEPT_005,2024-01-30,12:30,Completed,Diabetes Monitoring,60
APT_001369,P_01320,DOC_010,DEPT_021,2024-10-26,10:15,Completed,Chronic Disease Review,40
APT_001370,P_01702,DOC_029,DEPT_036,2025-02-23,09:00,Completed,Diabetes Monitoring,45
APT_001371,P_00666,DOC_010,DEPT_021,2024-04-08,17:45,Completed,Routine Follow-up,37
APT_001372,P_02081,DOC_020,DEPT_008,2025-02-03,12:45,Completed,Medication Adjustment,26
APT_001373,P_01654,DOC_013,DEPT_026,2024-10-25,10:00,UNKNOWN_VAL,Medication Adjustment,0
APT_001374,P_00878,DOC_038,DEPT_031,2024-07-22,10:15,No-Show,Chronic Disease Review,0
APT_001375,P_03158,DOC_031,DEPT_024,2024-08-30,10:15,  Completed  ,Chronic Disease Review,23
APT_001376,P_03442,DOC_004,DEPT_005,2024-08-10,09:45,Completed,Annual Health Checkup,45
APT_001377,P_01088,DOC_022,DEPT_001,2024-07-18,17:45,Scheduled,Annual Health Checkup,0
APT_001378,P_01860,DOC_019,DEPT_039,2024-01-03,10:30,Completed,Chronic Disease Review,31
APT_001379,P_02983,DOC_024,DEPT_024,2024-05-17,12:30,Completed,Medication Adjustment,42
APT_001380,P_03463,DOC_036,DEPT_016,2025-01-19,11:15,Completed,Chest Discomfort,31
APT_001381,P_00356,DOC_034,DEPT_005,2024-11-11,14:00,COMPLETED,Chronic Disease Review,30
APT_001382,P_02806,DOC_024,DEPT_024,2024-03-11,10:00,UNKNOWN_VAL,Annual Health Checkup,9
APT_001383,P_00409,DOC_003,DEPT_036,2024-07-30,16:00,Cancelled,Chest Discomfort,0
APT_001384,P_03490,DOC_014,DEPT_009,2024-06-04,14:30,Scheduled,Annual Health Checkup,0
APT_001385,P_02514,DOC_018,DEPT_039,2024-05-18,17:45,scheduled,Chronic Disease Review,0
APT_001386,P_03219,DOC_015,DEPT_038,2024-04-05,09:30,Completed,Diabetes Monitoring,31
APT_001387,P_00618,DOC_019,DEPT_039,2025-03-13,16:15,Completed,Medication Adjustment,30
APT_001388,P_01190,DOC_010,DEPT_021,2024/03/02 00:00:00,11:30,Cancelled,Routine Follow-up,0
APT_001389,P_02930,DOC_039,DEPT_007,2024-02-12,12:45,Completed,Diabetes Monitoring,12
APT_001390,P_03149,DOC_013,DEPT_026,2024-02-07,15:00,Scheduled,Post-Operative Follow-up,0
APT_001391,P_02246,DOC_024,DEPT_024,2024-06-09,15:00,Completed,Medication Adjustment,61
APT_001392,P_02685,DOC_028,DEPT_005,2024-09-18,09:45,Cancelled,Medication Adjustment,0
APT_001393,P_02961,DOC_026,DEPT_020,2024-04-09,09:15,Completed,Annual Health Checkup,20
APT_001394,P_03361,DOC_018,DEPT_039,2024-06-13,16:30,Completed,Respiratory Symptoms,58
APT_001395,P_01547,DOC_029,DEPT_036,2024-06-25,08:45,Completed,Routine Follow-up,24
APT_001396,P_01907,DOC_021,DEPT_019,2024-05-09,11:15,Completed,Medication Adjustment,37
APT_001397,P_00603,DOC_028,DEPT_005,2025-02-22,10:30,Completed,Routine Follow-up,27
APT_001398,P_01363,DOC_007,DEPT_024,2024-05-24,10:45,Completed,Diabetes Monitoring,49
APT_001399,P_02196,DOC_034,DEPT_005,2025-03-14,15:00,Completed,,38
APT_001400,P_01751,DOC_001,DEPT_023,2024-01-26,08:45,Scheduled,Post-Operative Follow-up,0
APT_001401,P_01247,DOC_023,DEPT_007,2025-02-21,17:15,Cancelled,Chest Discomfort,0
APT_001402,P_01132,DOC_005,DEPT_006,2024-11-14,16:30,Completed,Respiratory Symptoms,60
APT_001403,P_00773,DOC_006,DEPT_018,2024-12-07,11:30,scheduled,,0
APT_001404,P_03205,DOC_038,DEPT_031,2024-05-26,16:00,Completed,Routine Follow-up,39
APT_001405,P_03486,DOC_005,DEPT_006,2025-02-08,08:15,Scheduled,Medication Adjustment,0
APT_001406,P_03475,DOC_017,DEPT_008,2024-01-31,14:45,SCHEDULED,Medication Adjustment,0
APT_001407,P_01476,DOC_008,DEPT_005,2025-04-18,12:45,Cancelled,Respiratory Symptoms,0
APT_001408,P_01126,DOC_034,DEPT_005,2024-12-10,16:00,Cancelled,Routine Follow-up,0
APT_001409,P_01765,DOC_024,DEPT_024,2024-06-11,17:45,Scheduled,Chronic Disease Review,0
APT_001410,P_00973,DOC_036,DEPT_016,2024-05-28,12:15,Completed,Annual Health Checkup,29
APT_001411,P_01738,DOC_026,DEPT_020,2024-10-24,12:30,Completed,Chest Discomfort,53
APT_001412,P_03076,DOC_011,DEPT_021,2024-08-27,08:45,Cancelled,Post-Operative Follow-up,0
APT_001413,P_01653,DOC_018,DEPT_039,2025-01-01,13:15,Completed,Diabetes Monitoring,37
APT_001414,P_02433,DOC_031,DEPT_024,2024-09-05,12:30,Completed,Routine Follow-up,49
APT_001415,P_02003,DOC_039,DEPT_007,2024-02-26,12:15,Completed,Respiratory Symptoms,63
APT_001416,P_00095,DOC_023,DEPT_007,2024-12-16,17:30,Completed,Chronic Disease Review,25
APT_001417,P_02361,DOC_026,DEPT_020,2025-02-26,17:30,Completed,Routine Follow-up,29
APT_001418,P_03350,DOC_011,DEPT_021,2024-01-20,08:00,Completed,Chest Discomfort,26
APT_001419,P_00043,DOC_020,DEPT_008,2024-12-11,10:00,CANCELLED,Medication Adjustment,0
APT_001420,P_02581,DOC_039,DEPT_007,19-04-2025,11:00,Completed,Annual Health Checkup,8
APT_001421,P_00502,DOC_008,DEPT_005,2024-06-19,12:15,Completed,Chest Discomfort,36
APT_001422,P_02355,DOC_006,DEPT_018,12-02-2024,17:30,Completed,Routine Follow-up,55
APT_001423,P_02427,DOC_016,DEPT_009,2025-02-21,11:00,Cancelled,Post-Operative Follow-up,0
APT_001424,P_01112,DOC_015,DEPT_038,2024-08-28,14:45,Completed,Post-Operative Follow-up,12
APT_001425,P_03167,DOC_022,DEPT_001,12/04/2024,15:30,scheduled,Chest Discomfort,0
APT_001426,P_00750,DOC_008,DEPT_005,2025-01-29,13:15,Completed,Medication Adjustment,14
APT_001427,P_00516,DOC_038,DEPT_031,2024-03-15,10:00,Completed,Chest Discomfort,17
APT_001428,P_00045,DOC_011,DEPT_021,2024-10-11,17:45,Scheduled,Routine Follow-up,0
APT_001429,P_03127,DOC_022,DEPT_001,2025-01-15,08:45,Cancelled,Diabetes Monitoring,0
APT_001430,P_00711,DOC_040,DEPT_027,2024-09-19,13:15,Scheduled,Respiratory Symptoms,0
APT_001431,P_02221,DOC_022,DEPT_001,2024-05-30,16:30,Cancelled,Routine Follow-up,0
APT_001432,P_02594,DOC_035,DEPT_003,2024-11-30,13:45,Completed,Respiratory Symptoms,10
APT_001433,P_03211,DOC_014,DEPT_009,2024-12-10,16:45,Completed,,30
APT_001434,P_00368,DOC_028,DEPT_005,2024-04-01,11:15,No-Show,Annual Health Checkup,0
APT_001435,P_02323,DOC_004,DEPT_005,2024-05-03,08:45,Scheduled,Routine Follow-up,0
APT_001436,P_02064,DOC_012,DEPT_014,2024-03-26,12:30,Completed,Post-Operative Follow-up,24
APT_001437,P_00884,DOC_033,DEPT_002,2024-02-07,11:15,Completed,Diabetes Monitoring,49
APT_001438,P_01238,DOC_004,DEPT_005,2024-10-04,09:00,Scheduled,Chest Discomfort,0
APT_001439,P_03114,DOC_006,DEPT_018,2024-09-19,08:30,Completed,Post-Operative Follow-up,61
APT_001440,P_00785,DOC_039,DEPT_007,2024-01-23,17:15,Completed,Respiratory Symptoms,21
APT_001441,P_00839,DOC_016,DEPT_009,2024-01-10,08:45,  Completed  ,Chronic Disease Review,35
APT_001442,P_01536,DOC_032,DEPT_016,2024-09-18,14:45,Completed,Chest Discomfort,63
APT_001443,P_03363,DOC_011,DEPT_021,2025-01-17,11:30,Completed,Diabetes Monitoring,64
APT_001444,P_00547,DOC_024,DEPT_024,2025-04-24,12:45,No-Show,Chronic Disease Review,0
APT_001445,P_01907,DOC_002,DEPT_035,2024-12-28,17:00,Completed,Respiratory Symptoms,16
APT_001446,P_00805,DOC_027,DEPT_037,2024-10-14,14:30,Completed,Annual Health Checkup,27
APT_001447,P_03405,DOC_013,DEPT_026,2024-11-08,15:15,Completed,,41
APT_001448,P_02923,DOC_003,DEPT_036,2024-10-20,17:30,Completed,Chest Discomfort,12
APT_001449,P_01351,DOC_014,DEPT_009,2025-03-23,09:45,Completed,Annual Health Checkup,33
APT_001450,P_00541,DOC_017,DEPT_008,2024-07-02,08:30,Completed,Chronic Disease Review,20
APT_001451,P_01780,DOC_013,DEPT_026,2024-12-11,14:30,Completed,Annual Health Checkup,22
APT_001452,P_01923,DOC_018,DEPT_039,2024-04-27,12:30,Completed,Medication Adjustment,23
APT_001453,P_00227,DOC_001,DEPT_023,2024-03-07,16:15,  Completed  ,Medication Adjustment,52
APT_001454,P_03398,DOC_033,DEPT_002,2024-04-11,15:15,No-Show,Annual Health Checkup,0
APT_001455,P_02717,DOC_029,DEPT_036,2025-01-09,16:30,Completed,Chronic Disease Review,11
APT_001456,P_02243,DOC_034,DEPT_005,2024-07-26,10:15,Completed,Annual Health Checkup,42
APT_001457,P_00408,DOC_009,DEPT_030,2024-10-06,12:45,Completed,Annual Health Checkup,61
APT_001458,P_03489,DOC_013,DEPT_026,2024-06-18,16:30,No-Show,Diabetes Monitoring,0
APT_001459,P_01461,DOC_028,DEPT_005,2024-10-29,15:30,Scheduled,Chronic Disease Review,0
APT_001460,P_01508,DOC_020,DEPT_008,2024-11-05,09:15,Completed,Routine Follow-up,63
APT_001461,P_02036,DOC_008,DEPT_005,2025-01-12,13:15,No-Show,Diabetes Monitoring,0
APT_001462,P_01318,DOC_033,DEPT_002,2024-03-05,16:45,Completed,Chest Discomfort,31
APT_001463,P_02050,DOC_012,DEPT_014,2024-07-31,14:00,Scheduled,Respiratory Symptoms,0
APT_001464,P_00518,DOC_012,DEPT_014,2024-07-07,13:30,Scheduled,Chest Discomfort,0
APT_001465,P_01630,DOC_025,DEPT_032,2024-05-30,08:45,Completed,Post-Operative Follow-up,32
APT_001466,P_01016,DOC_007,DEPT_024,2024-03-13,17:00,Completed,Diabetes Monitoring,9
APT_001467,P_03225,DOC_008,DEPT_005,2025-02-20,09:00,Completed,Chronic Disease Review,58
APT_001468,P_00347,DOC_012,DEPT_014,2024-11-16,16:15,Cancelled,Routine Follow-up,0
APT_001469,P_00568,DOC_031,DEPT_024,2025-01-05,15:30,Cancelled,Chest Discomfort,0
APT_001470,P_00449,DOC_004,DEPT_005,2024-09-27,08:15,Completed,Respiratory Symptoms,22
APT_001471,P_02589,DOC_010,DEPT_021,07/09/2024,14:30,Completed,Annual Health Checkup,20
APT_001472,P_03358,DOC_040,DEPT_027,2024-01-14,12:00,Completed,Routine Follow-up,26
APT_001473,P_01705,DOC_016,DEPT_009,2024-01-10,12:15,Completed,Post-Operative Follow-up,46
APT_001474,P_00585,DOC_001,DEPT_023,2024-10-15,11:15,Completed,Chest Discomfort,56
APT_001475,P_03383,DOC_026,DEPT_020,2025-02-21,11:15,Completed,Medication Adjustment,11
APT_001476,P_02746,DOC_005,DEPT_006,2025-01-15,12:45,Completed,Chest Discomfort,16
APT_001477,P_02893,DOC_030,DEPT_014,2025-04-17,17:30,Completed,Chest Discomfort,30
APT_001478,P_01799,DOC_002,DEPT_035,2024-01-03,15:00,No-Show,,0
APT_001479,P_02029,DOC_013,DEPT_026,2024-12-31,12:30,Completed,Medication Adjustment,36
APT_001480,P_02122,DOC_029,DEPT_036,2025-04-15,13:00,Scheduled,,0
APT_001481,P_02899,DOC_008,DEPT_005,2024-11-21,09:00,Completed,Respiratory Symptoms,9
APT_001482,P_02200,DOC_039,DEPT_007,2024-02-19,09:15,Completed,Medication Adjustment,57
APT_001483,P_01894,DOC_015,DEPT_038,2024-02-06,10:45,Scheduled,Respiratory Symptoms,0
APT_001484,P_03402,DOC_032,DEPT_016,2024-01-17,12:15,SCHEDULED,Respiratory Symptoms,0
APT_001485,P_02941,DOC_011,DEPT_021,2024-12-18,15:45,Completed,Post-Operative Follow-up,31
APT_001486,P_00597,DOC_036,DEPT_016,2024-05-04,12:30,Completed,Chronic Disease Review,20
APT_001487,P_02346,DOC_031,DEPT_024,2025-03-30,15:45,Completed,Annual Health Checkup,59
APT_001488,P_02376,DOC_013,DEPT_026,2025-03-31,15:15,completed,Diabetes Monitoring,39
APT_001489,P_00116,DOC_003,DEPT_036,2025-02-18,16:30,Completed,Routine Follow-up,33
APT_001490,P_01755,DOC_021,DEPT_019,2024-02-19,17:30,Completed,Chest Discomfort,59
APT_001491,P_00015,DOC_015,DEPT_038,2024-12-02,10:30,Completed,Chronic Disease Review,44
APT_001492,P_00471,DOC_005,DEPT_006,2024-09-16,15:30,Completed,Chest Discomfort,65
APT_001493,P_01977,DOC_011,DEPT_021,2025-04-12,13:15,Completed,Medication Adjustment,50
APT_001494,P_01655,DOC_014,DEPT_009,2024-09-27,10:45,Completed,Chronic Disease Review,24
APT_001495,P_01603,DOC_036,DEPT_016,2024-03-21,08:15,Scheduled,Chest Discomfort,0
APT_001496,P_03425,DOC_012,DEPT_014,2024-04-28,12:00,Completed,Post-Operative Follow-up,30
APT_001497,P_01928,DOC_022,DEPT_001,2024-08-14,12:45,Completed,Chronic Disease Review,13
APT_001498,P_02655,DOC_038,DEPT_031,2024-08-25,08:15,Completed,Diabetes Monitoring,59
APT_001499,P_03222,DOC_007,DEPT_024,2024-11-22,11:15,No-Show,Chronic Disease Review,0
APT_001500,P_02564,DOC_005,DEPT_006,2025-02-16,08:15,Scheduled,Diabetes Monitoring,0
APT_001501,P_01315,DOC_007,DEPT_024,2024-12-15,14:15,Completed,Respiratory Symptoms,27
APT_001502,P_03390,DOC_040,DEPT_027,2024-04-17,11:15,Completed,Medication Adjustment,37
APT_001503,P_00901,DOC_031,DEPT_024,2025-01-10,08:00,Scheduled,Diabetes Monitoring,0
APT_001504,P_00609,DOC_015,DEPT_038,2024-10-07,09:15,Scheduled,Post-Operative Follow-up,0
APT_001505,P_02354,DOC_033,DEPT_002,2024-03-31,14:45,Cancelled,Post-Operative Follow-up,0
APT_001506,P_02686,DOC_012,DEPT_014,2024-07-07,12:00,Completed,Diabetes Monitoring,65
APT_001507,P_00191,DOC_035,DEPT_003,2024-01-03,12:00,Scheduled,Medication Adjustment,0
APT_001508,P_00428,DOC_026,DEPT_020,2024-05-01,13:45,Completed,Medication Adjustment,40
APT_001509,P_00428,DOC_036,DEPT_016,2024-06-04,13:45,Completed,Diabetes Monitoring,32
APT_001510,P_01832,DOC_008,DEPT_005,2024-04-14,08:15,Cancelled,Routine Follow-up,0
APT_001511,P_02216,DOC_027,DEPT_037,2024-10-26,16:30,Completed,Respiratory Symptoms,11
APT_001512,P_02431,DOC_031,DEPT_024,2024-12-05,09:45,Cancelled,Post-Operative Follow-up,0
APT_001513,P_00952,DOC_027,DEPT_037,2024-07-12,14:30,Completed,Chest Discomfort,23
APT_001514,P_02700,DOC_020,DEPT_008,2025-02-20,16:00,Completed,Chest Discomfort,14
APT_001515,P_02000,DOC_026,DEPT_020,2024-03-10,09:00,Completed,,10
APT_001516,P_02803,DOC_035,DEPT_003,2024-11-22,17:00,Completed,Routine Follow-up,62
APT_001517,P_00235,DOC_023,DEPT_007,2024-07-28,08:30,No-Show,Chronic Disease Review,0
APT_001518,P_03236,DOC_034,DEPT_005,2024-07-03,09:45,Completed,Routine Follow-up,18
APT_001519,P_01873,DOC_037,DEPT_035,2024-11-11,17:45,Completed,Post-Operative Follow-up,18
APT_001520,P_00800,DOC_027,DEPT_037,2025-02-17,11:30,Completed,Chest Discomfort,19
APT_001521,P_02184,DOC_032,DEPT_016,2024-01-23,13:15,Completed,Diabetes Monitoring,49
APT_001522,P_00379,DOC_023,DEPT_007,2024-05-18,14:45,UNKNOWN_VAL,Post-Operative Follow-up,35
APT_001523,P_02083,DOC_004,DEPT_005,2024-09-24,14:00,Completed,Chest Discomfort,19
APT_001524,P_00418,DOC_032,DEPT_016,2024-05-16,17:45,Completed,Routine Follow-up,51
APT_001525,P_03484,DOC_025,DEPT_032,19-05-2024,09:00,Cancelled,Respiratory Symptoms,0
APT_001526,P_03439,DOC_019,DEPT_039,2025-01-17,13:45,Completed,Chronic Disease Review,58
APT_001527,P_01091,DOC_037,DEPT_035,2024-04-28,11:30,Completed,Post-Operative Follow-up,24
APT_001528,P_00950,DOC_038,DEPT_031,2025-02-18,16:00,Completed,Annual Health Checkup,56
APT_001529,P_02963,DOC_004,DEPT_005,2025-02-11,09:15,Scheduled,Medication Adjustment,0
APT_001530,P_00673,DOC_016,DEPT_009,2024-07-31,10:30,Completed,Chest Discomfort,40
APT_001531,P_02573,DOC_038,DEPT_031,2024-12-15,12:30,COMPLETED,Post-Operative Follow-up,38
APT_001532,P_01683,DOC_018,DEPT_039,2024-05-17,11:30,Completed,Annual Health Checkup,36
APT_001533,P_02757,DOC_006,DEPT_018,2024-07-13,08:15,Completed,Chest Discomfort,34
APT_001534,P_00090,DOC_020,DEPT_008,19-03-2024,09:30,Scheduled,Chest Discomfort,0
APT_001535,P_01437,DOC_010,DEPT_021,2024-05-13,11:30,Completed,Diabetes Monitoring,15
APT_001536,P_01825,DOC_034,DEPT_005,2024-04-23,11:00,Scheduled,Chest Discomfort,0
APT_001537,P_00737,DOC_026,DEPT_020,2024-10-08,08:00,Completed,Annual Health Checkup,10
APT_001538,P_02457,DOC_005,DEPT_006,2024-09-09,15:00,No-Show,Chronic Disease Review,0
APT_001539,P_02036,DOC_007,DEPT_024,2024-06-28,12:00,Completed,Respiratory Symptoms,58
APT_001540,P_00026,DOC_001,DEPT_023,2025-04-12,16:15,Completed,Post-Operative Follow-up,28
APT_001541,P_00908,DOC_035,DEPT_003,2024-02-07,14:15,Completed,Medication Adjustment,43
APT_001542,P_00032,DOC_034,DEPT_005,2024-07-14,09:30,Completed,Annual Health Checkup,40
APT_001543,P_00248,DOC_018,DEPT_039,2024-12-15,12:15,Scheduled,Annual Health Checkup,0
APT_001544,P_00752,DOC_004,DEPT_005,2024-11-14,14:15,Scheduled,Respiratory Symptoms,0
APT_001545,P_02028,DOC_034,DEPT_005,2024-09-18,12:15,Completed,Post-Operative Follow-up,40
APT_001546,P_00376,DOC_028,DEPT_005,2024-07-08,17:30,Completed,Post-Operative Follow-up,42
APT_001547,P_01733,DOC_005,DEPT_006,2025-01-27,11:00,Completed,Chest Discomfort,62
APT_001548,P_02311,DOC_033,DEPT_002,2024-04-05,08:30,Cancelled,Chest Discomfort,0
APT_001549,P_00096,DOC_010,DEPT_021,2024-11-13,11:45,Completed,Medication Adjustment,51
APT_001550,P_00053,DOC_015,DEPT_038,2025-01-14,13:30,Completed,Respiratory Symptoms,52
APT_001551,P_00657,DOC_027,DEPT_037,2024-10-29,17:15,Completed,Chest Discomfort,57
APT_001552,P_01179,DOC_028,DEPT_005,2024-11-26,16:15,Cancelled,Diabetes Monitoring,0
APT_001553,P_01663,DOC_026,DEPT_020,2025-04-16,15:30,Completed,Chest Discomfort,14
APT_001554,P_02206,DOC_017,DEPT_008,2024-10-17,17:30,Scheduled,Routine Follow-up,0
APT_001555,P_01664,DOC_004,DEPT_005,2024-11-27,11:30,Completed,Annual Health Checkup,20
APT_001556,P_02861,DOC_040,DEPT_027,2024-12-31,09:00,Completed,Respiratory Symptoms,27
APT_001557,P_00018,DOC_007,DEPT_024,2024-04-11,09:00,Completed,Medication Adjustment,63
APT_001558,P_00034,DOC_025,DEPT_032,2024-06-08,14:00,No-Show,Respiratory Symptoms,0
APT_001559,P_00630,DOC_004,DEPT_005,2024-09-05,10:15,completed,Routine Follow-up,15
APT_001560,P_01306,DOC_014,DEPT_009,2024-01-02,16:15,Completed,Chronic Disease Review,11
APT_001561,P_00578,DOC_014,DEPT_009,2024-10-30,08:30,Cancelled,Medication Adjustment,0
APT_001562,P_01987,DOC_021,DEPT_019,2024-05-16,14:30,Completed,Diabetes Monitoring,26
APT_001563,P_01748,DOC_004,DEPT_005,2024-10-30,08:00,No-Show,Routine Follow-up,0
APT_001564,P_02101,DOC_026,DEPT_020,2024-06-24,09:45,Completed,Post-Operative Follow-up,55
APT_001565,P_00829,DOC_015,DEPT_038,2024-02-02,08:15,Completed,Post-Operative Follow-up,37
APT_001566,P_01268,DOC_003,DEPT_036,2024-03-08,12:00,Completed,Chronic Disease Review,26
APT_001567,P_03110,DOC_030,DEPT_014,05-09-2024,16:30,Scheduled,Medication Adjustment,0
APT_001568,P_01950,DOC_007,DEPT_024,2024-02-18,12:15,Completed,Medication Adjustment,25
APT_001569,P_03118,DOC_010,DEPT_021,2024-09-25,11:15,Scheduled,Medication Adjustment,0
APT_001570,P_00803,DOC_026,DEPT_020,2024-02-04,09:00,Completed,Chest Discomfort,13
APT_001571,P_00835,DOC_015,DEPT_038,2024-11-30,10:00,Completed,Routine Follow-up,15
APT_001572,P_01347,DOC_006,DEPT_018,2024-02-29,08:15,Completed,Diabetes Monitoring,29
APT_001573,P_00526,DOC_022,DEPT_001,2024-12-08,09:00,No-Show,Post-Operative Follow-up,0
APT_001574,P_02881,DOC_021,DEPT_019,2024-04-15,17:15,Completed,Routine Follow-up,42
APT_001575,P_02166,DOC_025,DEPT_032,2024-05-15,13:30,Cancelled,Respiratory Symptoms,0
APT_001576,P_01973,DOC_028,DEPT_005,2024-09-08,08:15,Completed,Medication Adjustment,17
APT_001577,P_02030,DOC_024,DEPT_024,2024-03-09,11:15,Completed,Routine Follow-up,33
APT_001578,P_02901,DOC_024,DEPT_024,2024-06-11,11:15,Completed,Chest Discomfort,18
APT_001579,P_02865,DOC_039,DEPT_007,2024-02-15,08:30,Completed,,14
APT_001580,P_02199,DOC_031,DEPT_024,2025-01-11,12:15,Scheduled,Respiratory Symptoms,0
APT_001581,P_00087,DOC_022,DEPT_001,2024-08-14,12:45,Scheduled,Post-Operative Follow-up,0
APT_001582,P_03115,DOC_034,DEPT_005,2024-12-23,12:15,Completed,Post-Operative Follow-up,45
APT_001583,P_01003,DOC_014,DEPT_009,2025-01-12,10:45,Scheduled,Annual Health Checkup,0
APT_001584,P_00959,DOC_008,DEPT_005,2024-03-28,08:30,No-Show,Respiratory Symptoms,0
APT_001585,P_00828,DOC_033,DEPT_002,2024-10-19,16:30,Completed,Annual Health Checkup,15
APT_001586,P_01565,DOC_039,DEPT_007,2025-01-02,15:30,Completed,Chronic Disease Review,23
APT_001587,P_03159,DOC_033,DEPT_002,2024-11-18,15:45,No-Show,Chest Discomfort,0
APT_001588,P_00168,DOC_008,DEPT_005,2024-08-11,17:30,Completed,Annual Health Checkup,11
APT_001589,P_02913,DOC_005,DEPT_006,2024-10-17,11:00,Completed,Chest Discomfort,16
APT_001590,P_00268,DOC_002,DEPT_035,2024-07-06,08:30,Completed,,43
APT_001591,P_01523,DOC_033,DEPT_002,2025-03-07,16:15,Scheduled,Medication Adjustment,0
APT_001592,P_02330,DOC_005,DEPT_006,2024-09-17,16:15,Completed,Chronic Disease Review,29
APT_001593,P_00423,DOC_011,DEPT_021,2025-01-31,13:00,Scheduled,Respiratory Symptoms,0
APT_001594,P_02249,DOC_020,DEPT_008,2024-02-23,11:15,Completed,Annual Health Checkup,20
APT_001595,P_03190,DOC_039,DEPT_007,2024-03-08,11:45,Completed,Chest Discomfort,15
APT_001596,P_00586,DOC_003,DEPT_036,05-09-2024,14:45,Completed,Chest Discomfort,44
APT_001597,P_01389,DOC_010,DEPT_021,10/13/2024,15:45,Completed,Respiratory Symptoms,53
APT_001598,P_01571,DOC_006,DEPT_018,2024-08-31,16:15,Scheduled,Post-Operative Follow-up,0
APT_001599,P_00302,DOC_026,DEPT_020,2024-08-20,11:00,completed,Routine Follow-up,38
APT_001600,P_03337,DOC_003,DEPT_036,2025-02-13,11:30,Completed,Diabetes Monitoring,14
APT_001601,P_02828,DOC_011,DEPT_021,2025-01-14,12:15,Completed,Medication Adjustment,41
APT_001602,P_02867,DOC_040,DEPT_027,2024-03-22,11:30,  Completed  ,Post-Operative Follow-up,46
APT_001603,P_01968,DOC_016,DEPT_009,2024-01-23,12:00,Completed,Diabetes Monitoring,36
APT_001604,P_01385,DOC_030,DEPT_014,2024-11-24,17:45,Completed,Respiratory Symptoms,64
APT_001605,P_00906,DOC_008,DEPT_005,2025-04-21,09:00,Completed,Medication Adjustment,58
APT_001606,P_02818,DOC_007,DEPT_024,2024-03-04,17:00,Completed,Post-Operative Follow-up,50
APT_001607,P_02359,DOC_040,DEPT_027,2024-05-20,08:00,Completed,Respiratory Symptoms,32
APT_001608,P_01520,DOC_036,DEPT_016,2025-03-04,10:45,Completed,Medication Adjustment,47
APT_001609,P_01358,DOC_022,DEPT_001,2024-08-13,12:45,Completed,Respiratory Symptoms,50
APT_001610,P_01763,DOC_032,DEPT_016,2024-01-22,10:15,Completed,Annual Health Checkup,47
APT_001611,P_02786,DOC_038,DEPT_031,2024/01/22 00:00:00,17:15,Completed,Diabetes Monitoring,46
APT_001612,P_03326,DOC_020,DEPT_008,2024-12-14,16:00,Completed,Routine Follow-up,19
APT_001613,P_02136,DOC_035,DEPT_003,2024-12-23,17:00,Completed,Chest Discomfort,19
APT_001614,P_00444,DOC_001,DEPT_023,2024-02-06,15:45,Completed,Post-Operative Follow-up,50
APT_001615,P_00153,DOC_020,DEPT_008,2024-07-11,10:00,Completed,Chest Discomfort,39
APT_001616,P_01439,DOC_001,DEPT_023,2024-12-12,12:30,completed,Medication Adjustment,34
APT_001617,P_02601,DOC_004,DEPT_005,2024-02-19,15:00,Completed,Annual Health Checkup,16
APT_001618,P_02489,DOC_015,DEPT_038,2024-01-29,10:00,UNKNOWN_VAL,Medication Adjustment,0
APT_001619,P_03149,DOC_031,DEPT_024,2025-01-07,11:15,Completed,Medication Adjustment,25
APT_001620,P_00883,DOC_024,DEPT_024,2024-06-20,17:15,Completed,Respiratory Symptoms,20
APT_001621,P_02569,DOC_040,DEPT_027,2024-12-20,10:30,Completed,Annual Health Checkup,18
APT_001622,P_02194,DOC_018,DEPT_039,2025-01-05,12:30,Completed,Respiratory Symptoms,27
APT_001623,P_03123,DOC_031,DEPT_024,2024-06-10,13:00,Completed,Chest Discomfort,21
APT_001624,P_02865,DOC_037,DEPT_035,2024-08-28,15:45,Completed,Chest Discomfort,24
APT_001625,P_00620,DOC_010,DEPT_021,2024-09-16,09:45,Completed,Chronic Disease Review,31
APT_001626,P_01015,DOC_001,DEPT_023,2025-02-21,09:00,Cancelled,Routine Follow-up,0
APT_001627,P_01423,DOC_028,DEPT_005,2024-01-14,10:45,Completed,Chronic Disease Review,45
APT_001628,P_02911,DOC_004,DEPT_005,2024-10-23,14:15,Completed,Medication Adjustment,25
APT_001629,P_01421,DOC_028,DEPT_005,2024-01-25,09:00,Scheduled,Medication Adjustment,0
APT_001630,P_00793,DOC_013,DEPT_026,2025-01-05,16:45,Completed,Annual Health Checkup,51
APT_001631,P_01955,DOC_032,DEPT_016,2024-07-25,15:30,No-Show,Respiratory Symptoms,0
APT_001632,P_02344,DOC_007,DEPT_024,2024-04-14,08:00,Completed,Respiratory Symptoms,17
APT_001633,P_00310,DOC_015,DEPT_038,2024-08-26,08:15,No-Show,Respiratory Symptoms,0
APT_001634,P_00645,DOC_037,DEPT_035,2024/03/19 00:00:00,17:30,Completed,Respiratory Symptoms,14
APT_001635,P_00296,DOC_029,DEPT_036,2024-07-02,14:45,Completed,Annual Health Checkup,26
APT_001636,P_00081,DOC_030,DEPT_014,2024-12-17,14:00,Completed,Post-Operative Follow-up,65
APT_001637,P_02566,DOC_009,DEPT_030,2024-06-07,08:30,No-Show,Medication Adjustment,0
APT_001638,P_02252,DOC_028,DEPT_005,2025-03-07,16:15,Cancelled,Annual Health Checkup,0
APT_001639,P_01937,DOC_003,DEPT_036,2024-08-17,08:15,Completed,Chest Discomfort,16
APT_001640,P_00948,DOC_013,DEPT_026,2024-03-22,10:15,No-Show,Medication Adjustment,0
APT_001641,P_02617,DOC_029,DEPT_036,2024-01-28,13:30,Completed,Routine Follow-up,22
APT_001642,P_01102,DOC_019,DEPT_039,2024-01-29,13:15,completed,Chronic Disease Review,33
APT_001643,P_01376,DOC_021,DEPT_019,2024-09-01,16:30,Completed,Chest Discomfort,38
APT_001644,P_00102,DOC_025,DEPT_032,2024-09-10,12:15,Completed,Routine Follow-up,13
APT_001645,P_00386,DOC_003,DEPT_036,2024-12-24,08:15,Scheduled,Medication Adjustment,0
APT_001646,P_02220,DOC_023,DEPT_007,2025-03-12,08:45,Completed,Medication Adjustment,15
APT_001647,P_02808,DOC_025,DEPT_032,2024-05-22,13:45,Completed,Diabetes Monitoring,55
APT_001648,P_00030,DOC_019,DEPT_039,2024-05-03,12:45,Cancelled,Chest Discomfort,0
APT_001649,P_02760,DOC_032,DEPT_016,2024-12-30,12:00,Completed,Post-Operative Follow-up,28
APT_001650,P_02343,DOC_010,DEPT_021,2024-11-27,12:00,Completed,Medication Adjustment,22
APT_001651,P_03142,DOC_007,DEPT_024,2024-02-28,12:00,Completed,Medication Adjustment,25
APT_001652,P_00656,DOC_025,DEPT_032,2024-03-14,13:00,Completed,Medication Adjustment,39
APT_001653,P_01343,DOC_026,DEPT_020,2025-04-04,13:00,Completed,Medication Adjustment,26
APT_001654,P_03448,DOC_022,DEPT_001,2024-05-29,16:45,Completed,Annual Health Checkup,13
APT_001655,P_01667,DOC_006,DEPT_018,2024-05-05,09:30,Completed,Annual Health Checkup,54
APT_001656,P_01704,DOC_027,DEPT_037,2024-12-01,14:30,Completed,Annual Health Checkup,48
APT_001657,P_02936,DOC_036,DEPT_016,2024-10-13,08:15,Completed,Medication Adjustment,53
APT_001658,P_03147,DOC_035,DEPT_003,2024-10-13,08:00,Completed,Medication Adjustment,8
APT_001659,P_02441,DOC_005,DEPT_006,2024-12-04,14:15,Completed,Chronic Disease Review,31
APT_001660,P_02890,DOC_037,DEPT_035,2024-07-26,16:30,Completed,Medication Adjustment,22
APT_001661,P_01884,DOC_032,DEPT_016,2024-12-23,16:45,Completed,Post-Operative Follow-up,37
APT_001662,P_02662,DOC_006,DEPT_018,2024-10-11,14:45,Completed,Diabetes Monitoring,8
APT_001663,P_00976,DOC_008,DEPT_005,2024-09-04,16:45,Completed,Chest Discomfort,22
APT_001664,P_01317,DOC_037,DEPT_035,2025-03-13,12:15,Completed,Chest Discomfort,29
APT_001665,P_02516,DOC_035,DEPT_003,2024-07-14,12:45,Completed,Routine Follow-up,50
APT_001666,P_00839,DOC_006,DEPT_018,2024-11-15,14:30,Completed,Respiratory Symptoms,38
APT_001667,P_00595,DOC_013,DEPT_026,2024-04-19,13:30,Completed,Medication Adjustment,29
APT_001668,P_02998,DOC_014,DEPT_009,2025-02-15,11:00,Scheduled,Medication Adjustment,0
APT_001669,P_01727,DOC_008,DEPT_005,2024-02-25,13:15,Completed,Chest Discomfort,32
APT_001670,P_02917,DOC_020,DEPT_008,2024-03-22,13:45,Completed,Chest Discomfort,16
APT_001671,P_02794,DOC_003,DEPT_036,2024-02-01,08:00,Completed,Diabetes Monitoring,18
APT_001672,P_03233,DOC_025,DEPT_032,2024-04-21,16:45,Scheduled,,0
APT_001673,P_00243,DOC_039,DEPT_007,2024-06-09,08:00,Completed,Respiratory Symptoms,44
APT_001674,P_02167,DOC_014,DEPT_009,2024-06-14,11:00,Completed,Chronic Disease Review,14
APT_001675,P_02071,DOC_031,DEPT_024,2024-02-22,17:30,Completed,Chest Discomfort,58
APT_001676,P_01120,DOC_006,DEPT_018,2024-07-17,13:45,Scheduled,Annual Health Checkup,0
APT_001677,P_01973,DOC_032,DEPT_016,2024-01-16,16:00,Completed,Chronic Disease Review,21
APT_001678,P_03089,DOC_024,DEPT_024,2025-03-07,10:15,Completed,Diabetes Monitoring,49
APT_001679,P_01063,DOC_029,DEPT_036,2024-11-28,17:00,Completed,Medication Adjustment,20
APT_001680,P_02613,DOC_025,DEPT_032,2025-01-27,11:45,Completed,Chronic Disease Review,56
APT_001681,P_02256,DOC_035,DEPT_003,2024-05-17,11:30,Completed,Chest Discomfort,29
APT_001682,P_01415,DOC_019,DEPT_039,2024-07-30,14:15,Completed,Annual Health Checkup,31
APT_001683,P_01805,DOC_027,DEPT_037,2025-03-08,17:45,Completed,Chronic Disease Review,20
APT_001684,P_00562,DOC_007,DEPT_024,2024-02-10,11:30,Completed,Chest Discomfort,12
APT_001685,P_02365,DOC_017,DEPT_008,2025-01-31,08:45,Scheduled,Post-Operative Follow-up,0
APT_001686,P_01443,DOC_033,DEPT_002,2024-06-09,16:30,Completed,Chronic Disease Review,34
APT_001687,P_00970,DOC_005,DEPT_006,2024-11-14,16:00,Cancelled,Routine Follow-up,0
APT_001688,P_01605,DOC_015,DEPT_038,2024-12-28,17:00,Completed,Annual Health Checkup,13
APT_001689,P_00481,DOC_011,DEPT_021,2024-12-14,11:15,  Scheduled  ,Chronic Disease Review,0
APT_001690,P_01197,DOC_020,DEPT_008,2024-05-18,17:30,Completed,Routine Follow-up,28
APT_001691,P_03201,DOC_020,DEPT_008,2024-05-06,12:15,Completed,Chronic Disease Review,30
APT_001692,P_00742,DOC_029,DEPT_036,2024-08-23,17:15,Completed,Chronic Disease Review,53
APT_001693,P_00001,DOC_022,DEPT_001,2024-01-19,15:45,No-Show,Medication Adjustment,0
APT_001694,P_00586,DOC_004,DEPT_005,2024-03-09,13:00,Scheduled,Post-Operative Follow-up,0
APT_001695,P_00008,DOC_009,DEPT_030,2025-02-23,11:00,Completed,,46
APT_001696,P_00242,DOC_001,DEPT_023,2024-07-20,11:30,Scheduled,Medication Adjustment,0
APT_001697,P_01267,DOC_003,DEPT_036,2024-03-24,17:00,Completed,Routine Follow-up,21
APT_001698,P_00796,DOC_025,DEPT_032,2024-09-20,11:00,Cancelled,Post-Operative Follow-up,0
APT_001699,P_02503,DOC_034,DEPT_005,2024-05-07,12:45,Completed,Post-Operative Follow-up,35
APT_001700,P_00096,DOC_026,DEPT_020,2025-04-14,17:00,No-Show,Routine Follow-up,0
APT_001701,P_03301,DOC_038,DEPT_031,2024-09-03,13:45,Completed,Diabetes Monitoring,40
APT_001702,P_01087,DOC_027,DEPT_037,2024-01-03,11:45,Completed,Chronic Disease Review,65
APT_001703,P_00167,DOC_006,DEPT_018,2024-03-13,12:45,Completed,Annual Health Checkup,33
APT_001704,P_00606,DOC_034,DEPT_005,2024-09-13,15:15,Scheduled,Post-Operative Follow-up,0
APT_001705,P_03189,DOC_024,DEPT_024,2025-04-11,15:15,Scheduled,Annual Health Checkup,0
APT_001706,P_01616,DOC_009,DEPT_030,2025-03-16,16:00,Scheduled,Routine Follow-up,0
APT_001707,P_00935,DOC_006,DEPT_018,2024-09-17,10:30,Completed,Medication Adjustment,61
APT_001708,P_01351,DOC_022,DEPT_001,2025-01-03,17:30,Scheduled,Chest Discomfort,0
APT_001709,P_00257,DOC_008,DEPT_005,2024-10-26,11:45,Completed,,17
APT_001710,P_02307,DOC_027,DEPT_037,2024/07/27 00:00:00,11:15,Completed,Post-Operative Follow-up,29
APT_001711,P_00942,DOC_025,DEPT_032,2024-09-12,11:30,Completed,Annual Health Checkup,32
APT_001712,P_02413,DOC_033,DEPT_002,2024-12-21,12:15,Cancelled,Post-Operative Follow-up,0
APT_001713,P_00343,DOC_040,DEPT_027,2024-08-08,13:00,Completed,Diabetes Monitoring,54
APT_001714,P_02108,DOC_031,DEPT_024,2025-04-09,14:30,Completed,Post-Operative Follow-up,19
APT_001715,P_02801,DOC_026,DEPT_020,2025-01-09,16:45,Completed,Annual Health Checkup,52
APT_001716,P_01524,DOC_035,DEPT_003,2024-05-25,13:30,Completed,Annual Health Checkup,15
APT_001717,P_00724,DOC_015,DEPT_038,2024-06-06,08:15,Completed,,38
APT_001718,P_01073,DOC_011,DEPT_021,2025-02-02,17:15,Completed,Annual Health Checkup,29
APT_001719,P_00756,DOC_005,DEPT_006,2024-09-24,16:45,Completed,Routine Follow-up,37
APT_001720,P_00878,DOC_033,DEPT_002,2024-12-25,17:15,Cancelled,Chronic Disease Review,0
APT_001721,P_02327,DOC_015,DEPT_038,2025-01-03,12:30,Completed,Chest Discomfort,56
APT_001722,P_01652,DOC_038,DEPT_031,2025-04-23,09:00,Completed,Respiratory Symptoms,41
APT_001723,P_02532,DOC_010,DEPT_021,2024-05-08,14:45,completed,Respiratory Symptoms,25
APT_001724,P_00762,DOC_016,DEPT_009,2024-05-08,10:00,  Completed  ,Medication Adjustment,43
APT_001725,P_03054,DOC_004,DEPT_005,2024-06-09,08:30,Cancelled,Medication Adjustment,0
APT_001726,P_02253,DOC_022,DEPT_001,2024-11-27,10:00,Completed,Chronic Disease Review,64
APT_001727,P_00693,DOC_029,DEPT_036,2025-03-15,15:30,Scheduled,Annual Health Checkup,0
APT_001728,P_02081,DOC_040,DEPT_027,2025-03-23,17:45,  No-Show  ,Annual Health Checkup,0
APT_001729,P_03485,DOC_002,DEPT_035,15-12-2024,17:00,Scheduled,Chronic Disease Review,0
APT_001730,P_02516,DOC_012,DEPT_014,2024-03-04,12:15,Completed,,61
APT_001731,P_00647,DOC_022,DEPT_001,2024-01-28,15:45,Scheduled,Diabetes Monitoring,0
APT_001732,P_03247,DOC_037,DEPT_035,2025-04-07,11:45,  Completed  ,Chest Discomfort,27
APT_001733,P_01455,DOC_002,DEPT_035,2024-11-15,16:00,Completed,Chronic Disease Review,14
APT_001734,P_01754,DOC_040,DEPT_027,2024-10-14,08:00,Completed,Chest Discomfort,59
APT_001735,P_02401,DOC_038,DEPT_031,2025-01-19,17:30,Completed,Chronic Disease Review,30
APT_001736,P_02597,DOC_039,DEPT_007,2024-02-05,13:00,Completed,Diabetes Monitoring,55
APT_001737,P_01043,DOC_029,DEPT_036,2024-12-01,11:45,Completed,Post-Operative Follow-up,16
APT_001738,P_01094,DOC_004,DEPT_005,2024-01-10,12:30,Completed,Diabetes Monitoring,65
APT_001739,P_01319,DOC_001,DEPT_023,2024-02-04,12:00,Completed,Medication Adjustment,51
APT_001740,P_01142,DOC_021,DEPT_019,2024-12-16,11:45,COMPLETED,Medication Adjustment,30
APT_001741,P_02597,DOC_010,DEPT_021,2025-04-14,08:00,No-Show,Chronic Disease Review,0
APT_001742,P_01119,DOC_020,DEPT_008,2024-10-03,16:30,Completed,Chest Discomfort,22
APT_001743,P_00899,DOC_025,DEPT_032,2024-09-15,11:30,Scheduled,Respiratory Symptoms,0
APT_001744,P_02487,DOC_029,DEPT_036,2024-09-24,11:00,Completed,Respiratory Symptoms,62
APT_001745,P_02872,DOC_027,DEPT_037,2024-03-20,17:30,Completed,Chest Discomfort,32
APT_001746,P_01356,DOC_005,DEPT_006,2024-07-06,13:45,UNKNOWN_VAL,Routine Follow-up,11
APT_001747,P_03272,DOC_028,DEPT_005,2024-04-27,17:45,Completed,Routine Follow-up,47
APT_001748,P_01014,DOC_004,DEPT_005,2025-01-24,15:00,Completed,Post-Operative Follow-up,56
APT_001749,P_00012,DOC_040,DEPT_027,2025-03-11,15:15,Completed,Chest Discomfort,56
APT_001750,P_02650,DOC_036,DEPT_016,2024-10-19,16:30,Completed,Respiratory Symptoms,16
APT_001751,P_02409,DOC_017,DEPT_008,2024-11-27,15:30,Completed,Routine Follow-up,25
APT_001752,P_00187,DOC_026,DEPT_020,2024-09-06,13:45,No-Show,Annual Health Checkup,0
APT_001753,P_01523,DOC_007,DEPT_024,2024-04-14,08:00,Completed,Respiratory Symptoms,57
APT_001754,P_02916,DOC_029,DEPT_036,2024-05-28,09:15,Completed,Diabetes Monitoring,57
APT_001755,P_01262,DOC_021,DEPT_019,2024-12-06,17:30,Completed,Routine Follow-up,32
APT_001756,P_01218,DOC_033,DEPT_002,2024-12-29,14:15,Completed,Chronic Disease Review,30
APT_001757,P_02867,DOC_017,DEPT_008,2024-03-10,14:45,Completed,Annual Health Checkup,39
APT_001758,P_03027,DOC_001,DEPT_023,2025-03-20,11:45,Completed,Chest Discomfort,29
APT_001759,P_03110,DOC_005,DEPT_006,2024-06-01,13:15,Scheduled,Post-Operative Follow-up,0
APT_001760,P_00862,DOC_021,DEPT_019,2024-11-08,13:00,Scheduled,Post-Operative Follow-up,0
APT_001761,P_00143,DOC_017,DEPT_008,30-10-2024,13:00,Completed,Respiratory Symptoms,26
APT_001762,P_02838,DOC_018,DEPT_039,2024-04-28,15:45,Completed,Medication Adjustment,22
APT_001763,P_00438,DOC_015,DEPT_038,2024-08-26,17:00,Completed,Diabetes Monitoring,60
APT_001764,P_02288,DOC_037,DEPT_035,2024-07-23,08:00,No-Show,Annual Health Checkup,0
APT_001765,P_00097,DOC_035,DEPT_003,2025-04-24,09:30,Completed,Chronic Disease Review,52
APT_001766,P_03223,DOC_031,DEPT_024,2025-04-25,15:30,Completed,Medication Adjustment,53
APT_001767,P_01244,DOC_038,DEPT_031,2024-08-26,08:15,COMPLETED,Post-Operative Follow-up,12
APT_001768,P_01399,DOC_016,DEPT_009,2024-01-21,12:45,Completed,Chronic Disease Review,22
APT_001769,P_02204,DOC_040,DEPT_027,2024-10-08,08:00,No-Show,Diabetes Monitoring,0
APT_001770,P_03032,DOC_031,DEPT_024,2024-04-19,08:45,Completed,Annual Health Checkup,18
APT_001771,P_02496,DOC_037,DEPT_035,2024-06-19,17:45,Completed,Annual Health Checkup,61
APT_001772,P_00029,DOC_036,DEPT_016,2025-03-07,12:30,Scheduled,Post-Operative Follow-up,0
APT_001773,P_01858,DOC_031,DEPT_024,2024-02-22,16:30,Completed,Medication Adjustment,14
APT_001774,P_01982,DOC_027,DEPT_037,2024-06-04,11:30,Completed,Annual Health Checkup,18
APT_001775,P_03009,DOC_019,DEPT_039,2025-02-26,17:15,Completed,Medication Adjustment,35
APT_001776,P_01812,DOC_025,DEPT_032,14-06-2024,11:00,Completed,Annual Health Checkup,55
APT_001777,P_00060,DOC_025,DEPT_032,2024-02-02,09:15,Scheduled,Routine Follow-up,0
APT_001778,P_02534,DOC_007,DEPT_024,2024-07-26,14:30,Completed,Routine Follow-up,61
APT_001779,P_00974,DOC_029,DEPT_036,2024-11-02,09:45,Cancelled,Annual Health Checkup,0
APT_001780,P_00935,DOC_025,DEPT_032,2025-01-02,11:45,No-Show,Medication Adjustment,0
APT_001781,P_03203,DOC_024,DEPT_024,2024-04-18,12:15,Completed,Respiratory Symptoms,63
APT_001782,P_00695,DOC_031,DEPT_024,2024-11-19,12:30,Completed,Respiratory Symptoms,15
APT_001783,P_01631,DOC_014,DEPT_009,2025-02-23,17:30,Completed,Chronic Disease Review,24
APT_001784,P_00096,DOC_040,DEPT_027,2024-09-18,12:45,Scheduled,Respiratory Symptoms,0
APT_001785,P_01089,DOC_033,DEPT_002,2024-10-29,15:30,Completed,Chronic Disease Review,34
APT_001786,P_01658,DOC_017,DEPT_008,2024-09-02,13:45,Completed,Routine Follow-up,19
APT_001787,P_02233,DOC_033,DEPT_002,2024-10-29,09:45,Completed,Annual Health Checkup,32
APT_001788,P_01744,DOC_023,DEPT_007,2024-07-12,14:45,Completed,Respiratory Symptoms,37
APT_001789,P_03467,DOC_021,DEPT_019,2024-03-08,13:00,Cancelled,Post-Operative Follow-up,0
APT_001790,P_01481,DOC_023,DEPT_007,2024-10-31,11:30,Completed,Routine Follow-up,44
APT_001791,P_00583,DOC_040,DEPT_027,2024-07-21,09:45,Completed,Annual Health Checkup,42
APT_001792,P_01270,DOC_037,DEPT_035,2025-03-28,15:00,  Completed  ,Routine Follow-up,35
APT_001793,P_01875,DOC_039,DEPT_007,2024-04-30,16:30,Completed,Chest Discomfort,41
APT_001794,P_00804,DOC_004,DEPT_005,2024-10-09,09:15,Completed,Annual Health Checkup,19
APT_001795,P_02648,DOC_013,DEPT_026,2024-11-21,17:00,Cancelled,Post-Operative Follow-up,0
APT_001796,P_01102,DOC_008,DEPT_005,2024-10-10,11:45,Completed,Post-Operative Follow-up,41
APT_001797,P_01028,DOC_037,DEPT_035,2024-10-22,11:30,Cancelled,Respiratory Symptoms,0
APT_001798,P_02741,DOC_012,DEPT_014,2024-02-19,15:45,Cancelled,Chest Discomfort,0
APT_001799,P_02168,DOC_033,DEPT_002,2024-01-07,12:15,Completed,Post-Operative Follow-up,52
APT_001800,P_00722,DOC_014,DEPT_009,2024-02-14,15:30,Completed,Diabetes Monitoring,21
APT_001801,P_01504,DOC_004,DEPT_005,2024-04-08,09:30,No-Show,Respiratory Symptoms,0
APT_001802,P_01045,DOC_014,DEPT_009,2024-09-15,08:15,  Completed  ,Annual Health Checkup,54
APT_001803,P_00801,DOC_031,DEPT_024,2024-03-20,09:15,Completed,Diabetes Monitoring,57
APT_001804,P_00306,DOC_023,DEPT_007,2024-09-26,09:15,Completed,Medication Adjustment,8
APT_001805,P_00451,DOC_040,DEPT_027,2025-01-19,17:00,Completed,Routine Follow-up,58
APT_001806,P_02897,DOC_025,DEPT_032,2024-07-25,16:45,Completed,Chronic Disease Review,61
APT_001807,P_02988,DOC_027,DEPT_037,2024-08-25,11:15,Completed,Medication Adjustment,49
APT_001808,P_02504,DOC_030,DEPT_014,2024/02/15 00:00:00,14:15,completed,Chest Discomfort,63
APT_001809,P_03016,DOC_019,DEPT_039,2024-08-26,15:30,Completed,,8
APT_001810,P_00432,DOC_012,DEPT_014,2024-09-08,14:30,Scheduled,Annual Health Checkup,0
APT_001811,P_02109,DOC_021,DEPT_019,2025-04-17,13:30,Scheduled,Chronic Disease Review,0
APT_001812,P_00329,DOC_011,DEPT_021,22-02-2024,17:45,completed,Chronic Disease Review,33
APT_001813,P_01064,DOC_031,DEPT_024,2024-10-13,10:00,Completed,Chest Discomfort,64
APT_001814,P_01569,DOC_006,DEPT_018,2024-11-15,13:15,Completed,Respiratory Symptoms,14
APT_001815,P_01251,DOC_010,DEPT_021,2024-05-09,14:15,Scheduled,Routine Follow-up,0
APT_001816,P_01280,DOC_023,DEPT_007,2024-07-20,12:45,Completed,Post-Operative Follow-up,38
APT_001817,P_03097,DOC_012,DEPT_014,2024-05-03,09:30,Completed,Chronic Disease Review,29
APT_001818,P_02796,DOC_005,DEPT_006,2024-02-03,14:30,Completed,Respiratory Symptoms,52
APT_001819,P_02652,DOC_035,DEPT_003,2025-01-18,08:15,Completed,Medication Adjustment,38
APT_001820,P_01784,DOC_017,DEPT_008,2024-01-28,09:15,No-Show,Medication Adjustment,0
APT_001821,P_00648,DOC_020,DEPT_008,2024-10-17,16:00,Completed,Routine Follow-up,52
APT_001822,P_00231,DOC_037,DEPT_035,2024-07-07,12:00,Completed,Medication Adjustment,51
APT_001823,P_00046,DOC_004,DEPT_005,2024-03-14,10:15,completed,Medication Adjustment,21
APT_001824,P_01615,DOC_009,DEPT_030,2024-07-11,15:30,Completed,Post-Operative Follow-up,24
APT_001825,P_00477,DOC_019,DEPT_039,2024-10-17,17:30,completed,Respiratory Symptoms,35
APT_001826,P_01842,DOC_002,DEPT_035,2024-12-06,11:00,Completed,Post-Operative Follow-up,39
APT_001827,P_02242,DOC_030,DEPT_014,2025-01-12,12:15,Completed,Annual Health Checkup,30
APT_001828,P_03104,DOC_019,DEPT_039,2024-05-06,08:15,Completed,Chronic Disease Review,49
APT_001829,P_01930,DOC_007,DEPT_024,2024-04-15,15:15,SCHEDULED,Annual Health Checkup,0
APT_001830,P_03032,DOC_030,DEPT_014,2024-01-13,13:30,Completed,Routine Follow-up,10
APT_001831,P_00911,DOC_011,DEPT_021,2024-10-05,09:00,Completed,Medication Adjustment,26
APT_001832,P_00339,DOC_038,DEPT_031,2024-07-12,16:15,Completed,Respiratory Symptoms,9
APT_001833,P_03400,DOC_029,DEPT_036,2024-07-25,14:30,Cancelled,Diabetes Monitoring,0
APT_001834,P_00198,DOC_033,DEPT_002,04/25/2025,09:00,Scheduled,Medication Adjustment,0
APT_001835,P_00368,DOC_022,DEPT_001,2025-03-20,08:30,Scheduled,Medication Adjustment,0
APT_001836,P_02264,DOC_005,DEPT_006,2024-05-11,14:30,Completed,Diabetes Monitoring,58
APT_001837,P_03355,DOC_006,DEPT_018,15-09-2024,11:15,Completed,Chronic Disease Review,41
APT_001838,P_01010,DOC_005,DEPT_006,2024-04-08,11:30,Completed,Respiratory Symptoms,16
APT_001839,P_03483,DOC_014,DEPT_009,05/12/2024,08:45,  Completed  ,Chronic Disease Review,34
APT_001840,P_01084,DOC_025,DEPT_032,2024-04-06,10:45,Completed,Diabetes Monitoring,41
APT_001841,P_01361,DOC_033,DEPT_002,2024-10-09,14:30,Completed,Medication Adjustment,20
APT_001842,P_03415,DOC_010,DEPT_021,2024-01-08,09:30,Completed,Chronic Disease Review,14
APT_001843,P_02532,DOC_016,DEPT_009,2024-12-11,13:45,Cancelled,Diabetes Monitoring,0
APT_001844,P_00429,DOC_038,DEPT_031,2024-10-04,17:00,Completed,Routine Follow-up,20
APT_001845,P_00066,DOC_001,DEPT_023,2024-08-31,12:00,Scheduled,Chronic Disease Review,0
APT_001846,P_01511,DOC_012,DEPT_014,2025-04-13,10:15,COMPLETED,Diabetes Monitoring,35
APT_001847,P_01803,DOC_034,DEPT_005,2024-07-14,16:15,Completed,Post-Operative Follow-up,36
APT_001848,P_02812,DOC_040,DEPT_027,2024-06-05,10:15,Completed,Post-Operative Follow-up,63
APT_001849,P_02353,DOC_013,DEPT_026,2025-02-22,14:15,Completed,Annual Health Checkup,16
APT_001850,P_03025,DOC_024,DEPT_024,2024-09-24,16:30,Completed,Medication Adjustment,8
APT_001851,P_02626,DOC_036,DEPT_016,2024-06-07,15:15,Completed,Diabetes Monitoring,15
APT_001852,P_02040,DOC_007,DEPT_024,2025-01-19,14:00,Completed,Respiratory Symptoms,16
APT_001853,P_03245,DOC_014,DEPT_009,2024-10-07,11:30,Completed,Routine Follow-up,30
APT_001854,P_00136,DOC_034,DEPT_005,2025-03-05,15:00,Completed,Respiratory Symptoms,53
APT_001855,P_00942,DOC_024,DEPT_024,2024-12-04,17:45,Completed,Routine Follow-up,59
APT_001856,P_02739,DOC_030,DEPT_014,2024-09-19,12:15,Cancelled,Chronic Disease Review,0
APT_001857,P_00699,DOC_006,DEPT_018,2024-06-19,10:45,Completed,Chronic Disease Review,53
APT_001858,P_01241,DOC_016,DEPT_009,2025-04-18,14:15,Completed,Medication Adjustment,61
APT_001859,P_03495,DOC_021,DEPT_019,10-02-2025,13:15,  No-Show  ,Annual Health Checkup,0
APT_001860,P_02904,DOC_038,DEPT_031,2024/03/16 00:00:00,17:45,Scheduled,Medication Adjustment,0
APT_001861,P_01014,DOC_018,DEPT_039,2025-01-11,08:15,Completed,Diabetes Monitoring,49
APT_001862,P_03491,DOC_008,DEPT_005,2025-04-15,11:00,Scheduled,Routine Follow-up,0
APT_001863,P_03362,DOC_021,DEPT_019,2024-02-07,11:00,No-Show,Chronic Disease Review,0
APT_001864,P_01043,DOC_003,DEPT_036,2024-01-23,14:00,Completed,Annual Health Checkup,19
APT_001865,P_00929,DOC_024,DEPT_024,2024-01-14,13:30,Completed,Post-Operative Follow-up,22
APT_001866,P_02229,DOC_009,DEPT_030,2025-02-15,09:00,Completed,Medication Adjustment,39
APT_001867,P_01291,DOC_025,DEPT_032,2024-02-10,09:15,No-Show,Routine Follow-up,0
APT_001868,P_01422,DOC_011,DEPT_021,2025-02-06,10:30,Scheduled,Medication Adjustment,0
APT_001869,P_02353,DOC_036,DEPT_016,2025-03-13,13:00,Scheduled,Annual Health Checkup,0
APT_001870,P_01402,DOC_015,DEPT_038,2024-07-15,12:00,Completed,Chest Discomfort,26
APT_001871,P_02588,DOC_003,DEPT_036,2025-03-20,17:30,Completed,Post-Operative Follow-up,22
APT_001872,P_02879,DOC_019,DEPT_039,2024-02-02,12:45,Completed,Chest Discomfort,45
APT_001873,P_00567,DOC_028,DEPT_005,2024-02-14,14:45,Completed,Post-Operative Follow-up,17
APT_001874,P_01261,DOC_020,DEPT_008,2025-04-20,11:45,Completed,Respiratory Symptoms,28
APT_001875,P_00826,DOC_017,DEPT_008,2024-03-20,15:15,Completed,Post-Operative Follow-up,64
APT_001876,P_01510,DOC_001,DEPT_023,2024-02-21,17:00,SCHEDULED,Respiratory Symptoms,0
APT_001877,P_00247,DOC_016,DEPT_009,2024-03-30,10:30,Scheduled,Post-Operative Follow-up,0
APT_001878,P_01831,DOC_005,DEPT_006,2024-02-03,12:15,Scheduled,Post-Operative Follow-up,0
APT_001879,P_03487,DOC_007,DEPT_024,2024-04-13,11:45,completed,Chronic Disease Review,14
APT_001880,P_00506,DOC_033,DEPT_002,2024-12-07,14:15,Completed,Chest Discomfort,30
APT_001881,P_02542,DOC_026,DEPT_020,2025-02-04,12:00,No-Show,Medication Adjustment,0
APT_001882,P_02321,DOC_003,DEPT_036,2024-03-22,17:45,Cancelled,Chest Discomfort,0
APT_001883,P_02158,DOC_004,DEPT_005,2024-04-16,17:30,Completed,Chest Discomfort,45
APT_001884,P_01588,DOC_034,DEPT_005,2024-10-16,12:45,Cancelled,Post-Operative Follow-up,0
APT_001885,P_03410,DOC_013,DEPT_026,2024-01-22,09:30,Completed,Medication Adjustment,11
APT_001886,P_00100,DOC_026,DEPT_020,2024-01-02,17:45,Completed,Medication Adjustment,9
APT_001887,P_02869,DOC_021,DEPT_019,2024-09-21,16:45,Cancelled,Routine Follow-up,0
APT_001888,P_00287,DOC_017,DEPT_008,2024-03-03,15:15,completed,Medication Adjustment,64
APT_001889,P_02648,DOC_036,DEPT_016,2024-02-10,14:45,Cancelled,,0
APT_001890,P_01041,DOC_030,DEPT_014,2025-02-26,11:00,Cancelled,Routine Follow-up,0
APT_001891,P_01405,DOC_026,DEPT_020,2024-08-08,11:15,Completed,Annual Health Checkup,11
APT_001892,P_02188,DOC_014,DEPT_009,2024-03-05,13:45,Completed,Medication Adjustment,62
APT_001893,P_01961,DOC_004,DEPT_005,2024-07-09,15:00,Completed,Routine Follow-up,19
APT_001894,P_02153,DOC_005,DEPT_006,2024-03-31,17:00,Scheduled,Diabetes Monitoring,0
APT_001895,P_00797,DOC_009,DEPT_030,2025-03-09,13:00,Completed,Chronic Disease Review,38
APT_001896,P_01081,DOC_037,DEPT_035,2024-12-04,08:00,Scheduled,Chest Discomfort,0
APT_001897,P_02233,DOC_022,DEPT_001,2024-09-14,09:15,Scheduled,Chronic Disease Review,0
APT_001898,P_02213,DOC_024,DEPT_024,2024-09-25,11:15,scheduled,Diabetes Monitoring,0
APT_001899,P_00953,DOC_037,DEPT_035,2024-05-25,15:15,Completed,Post-Operative Follow-up,24
APT_001900,P_00495,DOC_031,DEPT_024,2024-12-18,08:00,Completed,Diabetes Monitoring,35
APT_001901,P_01075,DOC_003,DEPT_036,2024-04-27,16:00,Completed,Routine Follow-up,36
APT_001902,P_00107,DOC_011,DEPT_021,2024-04-28,09:45,Completed,Medication Adjustment,11
APT_001903,P_02028,DOC_027,DEPT_037,2024-09-16,08:30,Completed,Medication Adjustment,43
APT_001904,P_02982,DOC_029,DEPT_036,2024-04-17,11:30,Completed,Respiratory Symptoms,38
APT_001905,P_02335,DOC_036,DEPT_016,2025-04-20,10:15,Completed,Respiratory Symptoms,47
APT_001906,P_00946,DOC_031,DEPT_024,2025-01-05,08:45,Completed,,19
APT_001907,P_01547,DOC_003,DEPT_036,2025-04-25,16:00,No-Show,Medication Adjustment,0
APT_001908,P_00315,DOC_032,DEPT_016,2024-01-01,17:30,Completed,Annual Health Checkup,56
APT_001909,P_00402,DOC_021,DEPT_019,2024-02-28,14:30,Completed,Chest Discomfort,14
APT_001910,P_02486,DOC_035,DEPT_003,2025-03-16,12:00,Completed,Routine Follow-up,37
APT_001911,P_03500,DOC_028,DEPT_005,2025-02-18,12:15,Completed,Diabetes Monitoring,29
APT_001912,P_02559,DOC_022,DEPT_001,2025-01-19,15:00,Completed,Annual Health Checkup,39
APT_001913,P_03495,DOC_039,DEPT_007,2024-03-05,11:45,Completed,Respiratory Symptoms,56
APT_001914,P_00695,DOC_022,DEPT_001,2025-02-10,17:45,Completed,Post-Operative Follow-up,42
APT_001915,P_02158,DOC_001,DEPT_023,2024-09-30,09:00,Completed,Annual Health Checkup,63
APT_001916,P_01846,DOC_036,DEPT_016,2024-10-13,10:15,Completed,Chronic Disease Review,50
APT_001917,P_03468,DOC_012,DEPT_014,2024-12-29,12:00,Completed,Chest Discomfort,37
APT_001918,P_02063,DOC_012,DEPT_014,2025-03-30,10:30,Completed,Annual Health Checkup,59
APT_001919,P_02501,DOC_021,DEPT_019,2024-06-10,16:45,Completed,Chronic Disease Review,14
APT_001920,P_01459,DOC_021,DEPT_019,2025-04-21,10:00,Completed,Respiratory Symptoms,60
APT_001921,P_00207,DOC_024,DEPT_024,2024-10-18,13:15,Cancelled,Medication Adjustment,0
APT_001922,P_00179,DOC_019,DEPT_039,2024-02-16,12:00,Completed,Chronic Disease Review,29
APT_001923,P_00022,DOC_018,DEPT_039,2024-11-03,09:15,Completed,Medication Adjustment,29
APT_001924,P_02545,DOC_011,DEPT_021,2024-12-11,12:45,Completed,Respiratory Symptoms,38
APT_001925,P_01159,DOC_034,DEPT_005,2025-01-26,11:00,Completed,Chronic Disease Review,40
APT_001926,P_01665,DOC_016,DEPT_009,2025-03-21,10:15,Completed,Chronic Disease Review,22
APT_001927,P_01119,DOC_035,DEPT_003,2024-01-10,09:30,Completed,Chronic Disease Review,65
APT_001928,P_00101,DOC_008,DEPT_005,2024-11-17,17:00,Completed,Chronic Disease Review,13
APT_001929,P_02880,DOC_021,DEPT_019,2024-12-17,09:45,Completed,Post-Operative Follow-up,29
APT_001930,P_01364,DOC_008,DEPT_005,2024-07-07,16:30,Completed,Medication Adjustment,23
APT_001931,P_02019,DOC_001,DEPT_023,2024-05-07,13:30,  Completed  ,Diabetes Monitoring,32
APT_001932,P_00886,DOC_032,DEPT_016,2024-02-07,17:15,Completed,Chest Discomfort,52
APT_001933,P_02931,DOC_028,DEPT_005,2025-02-02,11:15,Completed,Chronic Disease Review,45
APT_001934,P_01052,DOC_037,DEPT_035,2025-02-25,08:30,Completed,Post-Operative Follow-up,25
APT_001935,P_03286,DOC_034,DEPT_005,2024-03-19,13:15,No-Show,Post-Operative Follow-up,0
APT_001936,P_01402,DOC_034,DEPT_005,2024-09-15,16:30,Completed,Chest Discomfort,27
APT_001937,P_00357,DOC_007,DEPT_024,2024-12-13,08:45,Completed,Annual Health Checkup,62
APT_001938,P_00103,DOC_009,DEPT_030,2025-02-21,13:00,Completed,Respiratory Symptoms,33
APT_001939,P_02349,DOC_034,DEPT_005,2024-09-19,10:45,Completed,Routine Follow-up,59
APT_001940,P_02709,DOC_007,DEPT_024,2025-02-05,13:15,Scheduled,Post-Operative Follow-up,0
APT_001941,P_00856,DOC_012,DEPT_014,2024-07-29,15:15,Completed,Respiratory Symptoms,55
APT_001942,P_01075,DOC_006,DEPT_018,2025-03-03,15:45,Scheduled,Annual Health Checkup,0
APT_001943,P_01252,DOC_034,DEPT_005,2024-04-20,08:15,Scheduled,Diabetes Monitoring,0
APT_001944,P_02155,DOC_031,DEPT_024,2024-09-09,11:15,Scheduled,Respiratory Symptoms,0
APT_001945,P_03421,DOC_018,DEPT_039,2024-05-31,17:30,Scheduled,Post-Operative Follow-up,0
APT_001946,P_02810,DOC_037,DEPT_035,2025-04-19,10:30,Completed,Routine Follow-up,44
APT_001947,P_00433,DOC_019,DEPT_039,2024-06-22,12:15,Completed,Medication Adjustment,17
APT_001948,P_01628,DOC_005,DEPT_006,2024-12-26,11:30,Completed,Chest Discomfort,48
APT_001949,P_00779,DOC_030,DEPT_014,2024-08-29,09:15,Scheduled,Chronic Disease Review,0
APT_001950,P_00150,DOC_002,DEPT_035,2024-10-29,15:00,Completed,Routine Follow-up,36
APT_001951,P_01678,DOC_013,DEPT_026,2024-06-04,14:30,Completed,,9
APT_001952,P_01472,DOC_027,DEPT_037,2024-06-16,12:45,completed,Chronic Disease Review,18
APT_001953,P_02320,DOC_001,DEPT_023,2024-07-16,11:15,Completed,Chronic Disease Review,64
APT_001954,P_00500,DOC_018,DEPT_039,2024-10-19,15:30,completed,Diabetes Monitoring,48
APT_001955,P_01207,DOC_020,DEPT_008,2024-02-28,10:15,Completed,Routine Follow-up,28
APT_001956,P_01723,DOC_039,DEPT_007,2024-02-22,10:00,Completed,Diabetes Monitoring,44
APT_001957,P_00936,DOC_007,DEPT_024,2024-04-26,13:30,Scheduled,Chronic Disease Review,0
APT_001958,P_02284,DOC_032,DEPT_016,2025-03-26,12:30,Completed,Routine Follow-up,17
APT_001959,P_02372,DOC_031,DEPT_024,2024/06/30 00:00:00,16:45,cancelled,Diabetes Monitoring,0
APT_001960,P_02832,DOC_017,DEPT_008,2024-06-09,16:00,  Completed  ,Chronic Disease Review,65
APT_001961,P_02654,DOC_038,DEPT_031,2024-07-10,16:30,completed,Chronic Disease Review,27
APT_001962,P_02954,DOC_023,DEPT_007,2024-10-30,13:15,Completed,Diabetes Monitoring,20
APT_001963,P_00687,DOC_018,DEPT_039,2024-07-09,09:30,COMPLETED,Routine Follow-up,59
APT_001964,P_00889,DOC_016,DEPT_009,2024-12-12,08:30,Completed,Routine Follow-up,29
APT_001965,P_01165,DOC_026,DEPT_020,2024-08-12,17:15,Completed,Respiratory Symptoms,12
APT_001966,P_02688,DOC_011,DEPT_021,2024-05-23,08:30,Completed,Diabetes Monitoring,56
APT_001967,P_00346,DOC_001,DEPT_023,2025-02-15,17:15,Scheduled,Chronic Disease Review,0
APT_001968,P_00078,DOC_003,DEPT_036,2024-09-12,16:30,Completed,Annual Health Checkup,15
APT_001969,P_00424,DOC_037,DEPT_035,2025-01-12,12:45,Completed,Chronic Disease Review,54
APT_001970,P_03215,DOC_040,DEPT_027,2024-02-08,12:15,Completed,Medication Adjustment,54
APT_001971,P_00824,DOC_016,DEPT_009,2024-01-30,12:45,Completed,Diabetes Monitoring,47
APT_001972,P_03458,DOC_021,DEPT_019,2025-03-30,15:30,Completed,Annual Health Checkup,53
APT_001973,P_00232,DOC_021,DEPT_019,2024-03-08,10:15,Completed,Routine Follow-up,18
APT_001974,P_01314,DOC_026,DEPT_020,2025-01-17,16:00,Completed,Post-Operative Follow-up,55
APT_001975,P_02323,DOC_005,DEPT_006,2024-03-08,09:30,Completed,,63
APT_001976,P_00443,DOC_038,DEPT_031,2024-04-02,08:00,Completed,,13
APT_001977,P_02665,DOC_012,DEPT_014,2024-01-25,09:45,Completed,Medication Adjustment,32
APT_001978,P_02685,DOC_008,DEPT_005,2024-10-13,14:45,Completed,Annual Health Checkup,24
APT_001979,P_00956,DOC_035,DEPT_003,2024-12-31,15:30,Completed,Medication Adjustment,47
APT_001980,P_02844,DOC_011,DEPT_021,2024-06-27,16:45,Cancelled,Annual Health Checkup,0
APT_001981,P_00271,DOC_012,DEPT_014,2024-06-15,09:15,Scheduled,Medication Adjustment,0
APT_001982,P_02863,DOC_021,DEPT_019,2024-01-06,08:45,Completed,Chest Discomfort,8
APT_001983,P_01105,DOC_024,DEPT_024,2024-11-22,15:30,No-Show,Medication Adjustment,0
APT_001984,P_01227,DOC_018,DEPT_039,2024-08-22,11:30,Cancelled,,0
APT_001985,P_02432,DOC_026,DEPT_020,2025-01-14,17:15,Scheduled,Diabetes Monitoring,0
APT_001986,P_02115,DOC_009,DEPT_030,2024-07-06,09:45,  Scheduled  ,Post-Operative Follow-up,0
APT_001987,P_00441,DOC_022,DEPT_001,2025-01-21,10:00,COMPLETED,Chest Discomfort,62
APT_001988,P_01217,DOC_037,DEPT_035,2024-08-10,12:15,cancelled,Chest Discomfort,0
APT_001989,P_02709,DOC_039,DEPT_007,2025-04-24,12:15,Completed,Routine Follow-up,32
APT_001990,P_03324,DOC_035,DEPT_003,2024-10-16,15:45,Completed,Respiratory Symptoms,64
APT_001991,P_01805,DOC_019,DEPT_039,2024-03-23,15:00,No-Show,Routine Follow-up,0
APT_001992,P_01093,DOC_039,DEPT_007,2024-02-16,09:45,Completed,Diabetes Monitoring,20
APT_001993,P_02053,DOC_013,DEPT_026,02/22/2024,09:45,Scheduled,Chronic Disease Review,0
APT_001994,P_02131,DOC_036,DEPT_016,2024-02-02,08:30,No-Show,Chest Discomfort,0
APT_001995,P_00935,DOC_028,DEPT_005,2024-03-18,09:00,Completed,Annual Health Checkup,19
APT_001996,P_02847,DOC_039,DEPT_007,2025-03-18,16:45,Completed,Respiratory Symptoms,37
APT_001997,P_01574,DOC_019,DEPT_039,2024-12-14,13:00,Scheduled,Diabetes Monitoring,0
APT_001998,P_02431,DOC_016,DEPT_009,2024-03-28,11:00,Completed,Routine Follow-up,48
APT_001999,P_01251,DOC_010,DEPT_021,2025-04-17,09:45,Cancelled,Respiratory Symptoms,0
APT_002000,P_01378,DOC_030,DEPT_014,2024-05-17,15:30,Completed,Chest Discomfort,40
APT_002001,P_01787,DOC_010,DEPT_021,2024-02-29,15:45,Completed,Annual Health Checkup,18
APT_002002,P_02907,DOC_015,DEPT_038,2025-04-07,08:30,Completed,Routine Follow-up,14
APT_002003,P_02847,DOC_006,DEPT_018,2024-04-25,12:15,no-show,Annual Health Checkup,0
APT_002004,P_02132,DOC_033,DEPT_002,2025-02-12,14:30,Scheduled,Annual Health Checkup,0
APT_002005,P_01512,DOC_030,DEPT_014,2025-03-11,16:00,COMPLETED,Routine Follow-up,52
APT_002006,P_03287,DOC_013,DEPT_026,2024-12-15,11:30,Completed,Post-Operative Follow-up,15
APT_002007,P_00309,DOC_012,DEPT_014,2024-04-11,14:45,completed,Post-Operative Follow-up,41
APT_002008,P_01283,DOC_003,DEPT_036,2024/08/12 00:00:00,09:45,Completed,,44
APT_002009,P_01419,DOC_013,DEPT_026,2024/05/01 00:00:00,10:30,Cancelled,Post-Operative Follow-up,0
APT_002010,P_03390,DOC_038,DEPT_031,2024-07-09,13:00,Completed,,52
APT_002011,P_03271,DOC_001,DEPT_023,2024-01-14,16:30,Completed,Annual Health Checkup,37
APT_002012,P_00633,DOC_008,DEPT_005,2025-01-30,12:30,completed,Routine Follow-up,53
APT_002013,P_03477,DOC_005,DEPT_006,2024-11-07,09:00,Completed,Chest Discomfort,48
APT_002014,P_02844,DOC_034,DEPT_005,2024-07-07,15:30,Completed,Annual Health Checkup,44
APT_002015,P_01279,DOC_017,DEPT_008,2025-04-21,15:00,Scheduled,Post-Operative Follow-up,0
APT_002016,P_03256,DOC_035,DEPT_003,2025-02-21,09:15,Cancelled,Post-Operative Follow-up,0
APT_002017,P_02576,DOC_011,DEPT_021,2024-07-24,13:00,Scheduled,Respiratory Symptoms,0
APT_002018,P_03309,DOC_038,DEPT_031,09/03/2024,08:00,Completed,Chronic Disease Review,50
APT_002019,P_02129,DOC_012,DEPT_014,2025-02-04,13:15,Completed,Diabetes Monitoring,50
APT_002020,P_01399,DOC_014,DEPT_009,2024-08-15,12:45,completed,Chronic Disease Review,57
APT_002021,P_01009,DOC_011,DEPT_021,2024-06-29,16:00,Completed,Routine Follow-up,62
APT_002022,P_01535,DOC_035,DEPT_003,2024-03-26,14:00,Cancelled,Chest Discomfort,0
APT_002023,P_01618,DOC_031,DEPT_024,2025-01-27,12:45,Cancelled,Diabetes Monitoring,0
APT_002024,P_00522,DOC_017,DEPT_008,2025-01-02,11:30,Completed,Annual Health Checkup,44
APT_002025,P_02640,DOC_001,DEPT_023,2024-05-05,11:30,Completed,Post-Operative Follow-up,27
APT_002026,P_03484,DOC_017,DEPT_008,2025-02-09,12:45,COMPLETED,Medication Adjustment,51
APT_002027,P_03221,DOC_020,DEPT_008,09/10/2024,13:30,Cancelled,Diabetes Monitoring,0
APT_002028,P_02711,DOC_018,DEPT_039,01/05/2024,14:15,Cancelled,Medication Adjustment,0
APT_002029,P_03065,DOC_030,DEPT_014,2024-07-09,11:30,Completed,Medication Adjustment,55
APT_002030,P_02077,DOC_003,DEPT_036,2025-02-20,14:00,Scheduled,Annual Health Checkup,0
APT_002031,P_00498,DOC_008,DEPT_005,2024-04-06,09:30,Cancelled,Chronic Disease Review,0
APT_002032,P_00016,DOC_011,DEPT_021,2024-04-22,08:30,Scheduled,Post-Operative Follow-up,0
APT_002033,P_00210,DOC_029,DEPT_036,2024-03-10,16:45,Completed,Diabetes Monitoring,28
APT_002034,P_02579,DOC_022,DEPT_001,2025-02-07,11:30,Completed,Routine Follow-up,41
APT_002035,P_01616,DOC_025,DEPT_032,2025-04-18,12:00,Completed,Respiratory Symptoms,8
APT_002036,P_00628,DOC_016,DEPT_009,2025-01-09,11:15,Completed,Routine Follow-up,28
APT_002037,P_02651,DOC_015,DEPT_038,2024-05-29,13:00,Completed,Chronic Disease Review,21
APT_002038,P_02940,DOC_016,DEPT_009,2025-04-07,15:30,Completed,Annual Health Checkup,61
APT_002039,P_01814,DOC_038,DEPT_031,2024-07-13,12:15,  Completed  ,,52
APT_002040,P_00577,DOC_030,DEPT_014,2024-07-31,13:00,Completed,Diabetes Monitoring,19
APT_002041,P_00319,DOC_021,DEPT_019,2025-03-15,15:45,Scheduled,Chest Discomfort,0
APT_002042,P_02665,DOC_020,DEPT_008,2024-07-08,16:30,Scheduled,Chest Discomfort,0
APT_002043,P_01830,DOC_022,DEPT_001,2024-01-21,11:15,Completed,Diabetes Monitoring,14
APT_002044,P_02802,DOC_027,DEPT_037,2024-10-04,13:00,Scheduled,Medication Adjustment,0
APT_002045,P_01621,DOC_037,DEPT_035,2025-02-27,08:30,Cancelled,Routine Follow-up,0
APT_002046,P_02814,DOC_040,DEPT_027,2024-12-23,11:00,Completed,Respiratory Symptoms,27
APT_002047,P_01348,DOC_003,DEPT_036,2024-03-29,15:00,Completed,Post-Operative Follow-up,36
APT_002048,P_02982,DOC_004,DEPT_005,2024-06-02,10:15,Completed,Respiratory Symptoms,61
APT_002049,P_03286,DOC_018,DEPT_039,2025-02-12,14:15,Completed,Chest Discomfort,60
APT_002050,P_03050,DOC_019,DEPT_039,2025-03-29,14:00,Completed,Medication Adjustment,40
APT_002051,P_03184,DOC_025,DEPT_032,2025-04-03,10:15,Scheduled,Respiratory Symptoms,0
APT_002052,P_00424,DOC_030,DEPT_014,2025-03-28,09:30,Completed,Post-Operative Follow-up,11
APT_002053,P_00665,DOC_024,DEPT_024,2024-07-15,10:00,Completed,Medication Adjustment,63
APT_002054,P_01070,DOC_001,DEPT_023,2024-05-30,17:00,completed,Diabetes Monitoring,19
APT_002055,P_03218,DOC_040,DEPT_027,2024-09-13,09:45,Completed,,36
APT_002056,P_01957,DOC_011,DEPT_021,2024-07-15,10:45,  Scheduled  ,Routine Follow-up,0
APT_002057,P_00682,DOC_011,DEPT_021,2024-07-13,11:00,Completed,Medication Adjustment,64
APT_002058,P_03269,DOC_038,DEPT_031,2024-03-20,10:00,completed,Post-Operative Follow-up,54
APT_002059,P_00739,DOC_003,DEPT_036,2024-07-25,12:15,Cancelled,Post-Operative Follow-up,0
APT_002060,P_02860,DOC_013,DEPT_026,2024-04-27,12:15,Completed,Diabetes Monitoring,13
APT_002061,P_00305,DOC_017,DEPT_008,2024-05-17,09:45,Completed,Routine Follow-up,42
APT_002062,P_00796,DOC_037,DEPT_035,2024-12-28,15:15,Completed,Respiratory Symptoms,24
APT_002063,P_00233,DOC_027,DEPT_037,2024-06-26,12:30,Completed,Respiratory Symptoms,33
APT_002064,P_00723,DOC_032,DEPT_016,2024-11-28,13:30,COMPLETED,Post-Operative Follow-up,42
APT_002065,P_02369,DOC_033,DEPT_002,2024-11-17,14:15,Completed,Respiratory Symptoms,47
APT_002066,P_00400,DOC_033,DEPT_002,2024-04-07,14:15,Cancelled,Annual Health Checkup,0
APT_002067,P_02712,DOC_032,DEPT_016,2025-01-18,16:45,  Completed  ,Annual Health Checkup,32
APT_002068,P_00316,DOC_036,DEPT_016,2024-04-21,17:30,Completed,Chronic Disease Review,63
APT_002069,P_03034,DOC_012,DEPT_014,2024-03-12,16:15,Completed,Annual Health Checkup,28
APT_002070,P_02801,DOC_031,DEPT_024,2024-07-07,13:00,Completed,Diabetes Monitoring,33
APT_002071,P_02015,DOC_032,DEPT_016,11/16/2024,16:15,Scheduled,Chest Discomfort,0
APT_002072,P_01576,DOC_017,DEPT_008,2025-02-03,12:45,Completed,Diabetes Monitoring,48
APT_002073,P_02258,DOC_012,DEPT_014,2024-12-16,10:30,Scheduled,Chest Discomfort,0
APT_002074,P_01133,DOC_015,DEPT_038,2024-05-24,10:45,Completed,Diabetes Monitoring,40
APT_002075,P_01959,DOC_035,DEPT_003,2024-08-05,16:15,Completed,Chronic Disease Review,64
APT_002076,P_02848,DOC_013,DEPT_026,2024-05-08,12:00,Scheduled,Annual Health Checkup,0
APT_002077,P_03294,DOC_023,DEPT_007,18-11-2024,09:45,Cancelled,Respiratory Symptoms,0
APT_002078,P_01265,DOC_011,DEPT_021,2025-01-03,14:00,Completed,Chronic Disease Review,38
APT_002079,P_02271,DOC_027,DEPT_037,2024-03-18,15:30,Completed,Diabetes Monitoring,53
APT_002080,P_01433,DOC_017,DEPT_008,2024-07-01,13:15,Completed,Routine Follow-up,42
APT_002081,P_01909,DOC_005,DEPT_006,2024-08-30,08:30,Cancelled,Diabetes Monitoring,0
APT_002082,P_00291,DOC_025,DEPT_032,2024-01-28,11:00,Completed,Chronic Disease Review,45
APT_002083,P_02091,DOC_004,DEPT_005,2025-04-01,08:00,Cancelled,Medication Adjustment,0
APT_002084,P_00656,DOC_022,DEPT_001,2024-04-23,09:30,Completed,Annual Health Checkup,56
APT_002085,P_01059,DOC_021,DEPT_019,2024-06-29,14:15,  Completed  ,Post-Operative Follow-up,36
APT_002086,P_02588,DOC_009,DEPT_030,2024-02-25,09:45,Completed,Routine Follow-up,17
APT_002087,P_03222,DOC_010,DEPT_021,2024-03-09,13:00,Completed,Post-Operative Follow-up,39
APT_002088,P_01792,DOC_002,DEPT_035,2024-05-22,14:15,Completed,Chronic Disease Review,19
APT_002089,P_02172,DOC_018,DEPT_039,2024/01/24 00:00:00,08:30,Completed,Diabetes Monitoring,32
APT_002090,P_03311,DOC_011,DEPT_021,2024-06-11,11:15,Completed,Diabetes Monitoring,29
APT_002091,P_01577,DOC_037,DEPT_035,2025-03-12,13:00,CANCELLED,Respiratory Symptoms,0
APT_002092,P_03129,DOC_004,DEPT_005,2024-12-01,15:00,Scheduled,Medication Adjustment,0
APT_002093,P_03100,DOC_008,DEPT_005,2024-06-28,12:15,Completed,Annual Health Checkup,55
APT_002094,P_00661,DOC_007,DEPT_024,2024-04-08,12:45,Cancelled,Routine Follow-up,0
APT_002095,P_01648,DOC_016,DEPT_009,2024-01-14,09:45,Completed,Medication Adjustment,28
APT_002096,P_01340,DOC_004,DEPT_005,2024-02-15,09:00,Scheduled,Chest Discomfort,0
APT_002097,P_01860,DOC_011,DEPT_021,2024/03/20 00:00:00,16:00,Scheduled,Respiratory Symptoms,0
APT_002098,P_02363,DOC_023,DEPT_007,2024-03-07,08:45,Scheduled,Post-Operative Follow-up,0
APT_002099,P_03319,DOC_004,DEPT_005,2024-12-04,08:00,Completed,Routine Follow-up,43
APT_002100,P_00248,DOC_019,DEPT_039,2024-05-21,14:30,Completed,Annual Health Checkup,65
APT_002101,P_00702,DOC_034,DEPT_005,2025-03-06,10:15,Cancelled,Chest Discomfort,0
APT_002102,P_02129,DOC_025,DEPT_032,2024-02-29,10:00,Completed,Routine Follow-up,45
APT_002103,P_00142,DOC_030,DEPT_014,2024-08-31,12:45,Scheduled,Post-Operative Follow-up,0
APT_002104,P_01017,DOC_022,DEPT_001,2024-06-28,09:30,Cancelled,Diabetes Monitoring,0
APT_002105,P_02479,DOC_038,DEPT_031,2024-07-26,17:30,Completed,Routine Follow-up,28
APT_002106,P_02310,DOC_034,DEPT_005,2025-03-03,09:00,Completed,Routine Follow-up,35
APT_002107,P_02043,DOC_004,DEPT_005,2024/10/18 00:00:00,08:45,Completed,Routine Follow-up,45
APT_002108,P_00327,DOC_012,DEPT_014,2024-04-11,08:45,Completed,Post-Operative Follow-up,43
APT_002109,P_00911,DOC_033,DEPT_002,2024-01-22,13:30,Completed,Chest Discomfort,26
APT_002110,P_02999,DOC_004,DEPT_005,2024-07-30,10:00,  Completed  ,Chest Discomfort,13
APT_002111,P_03491,DOC_008,DEPT_005,2024-12-02,10:15,Completed,Chronic Disease Review,19
APT_002112,P_02554,DOC_032,DEPT_016,2024-04-03,09:30,Scheduled,Diabetes Monitoring,0
APT_002113,P_03468,DOC_022,DEPT_001,2024-08-14,15:15,Completed,Post-Operative Follow-up,58
APT_002114,P_01772,DOC_012,DEPT_014,2024-01-09,10:00,Completed,Routine Follow-up,48
APT_002115,P_00488,DOC_007,DEPT_024,2024-07-05,16:30,No-Show,Post-Operative Follow-up,0
APT_002116,P_03025,DOC_030,DEPT_014,2024-02-04,09:15,No-Show,Chest Discomfort,0
APT_002117,P_02503,DOC_012,DEPT_014,2024-12-14,09:30,Completed,Diabetes Monitoring,25
APT_002118,P_02023,DOC_006,DEPT_018,2024-01-29,15:45,Completed,Respiratory Symptoms,13
APT_002119,P_00251,DOC_025,DEPT_032,2025-02-18,12:30,Completed,Annual Health Checkup,43
APT_002120,P_00375,DOC_006,DEPT_018,2024-10-14,12:15,Completed,Chest Discomfort,23
APT_002121,P_00057,DOC_024,DEPT_024,2025-01-25,11:30,Completed,Medication Adjustment,44
APT_002122,P_00520,DOC_025,DEPT_032,2025-04-24,14:45,Completed,Post-Operative Follow-up,44
APT_002123,P_01046,DOC_040,DEPT_027,2024/09/21 00:00:00,11:45,Completed,Chest Discomfort,42
APT_002124,P_02348,DOC_015,DEPT_038,2025-02-24,08:15,Scheduled,Medication Adjustment,0
APT_002125,P_01814,DOC_025,DEPT_032,2025-02-28,15:30,Completed,Annual Health Checkup,64
APT_002126,P_01776,DOC_018,DEPT_039,2024-01-12,10:00,Scheduled,Respiratory Symptoms,0
APT_002127,P_02870,DOC_024,DEPT_024,2025-03-21,13:30,Completed,Annual Health Checkup,63
APT_002128,P_01476,DOC_010,DEPT_021,2024-02-25,14:30,Completed,Diabetes Monitoring,57
APT_002129,P_02403,DOC_009,DEPT_030,2024-12-01,10:15,Completed,Chronic Disease Review,18
APT_002130,P_00648,DOC_023,DEPT_007,2024-11-11,13:45,Completed,Respiratory Symptoms,14
APT_002131,P_00074,DOC_015,DEPT_038,2025-04-23,10:15,Completed,Respiratory Symptoms,27
APT_002132,P_03042,DOC_007,DEPT_024,2024-11-18,11:15,Completed,Annual Health Checkup,62
APT_002133,P_01821,DOC_005,DEPT_006,2024-03-17,14:45,Scheduled,Chronic Disease Review,0
APT_002134,P_00039,DOC_004,DEPT_005,2024-07-11,13:30,Completed,Chest Discomfort,51
APT_002135,P_00501,DOC_022,DEPT_001,2024-12-15,09:15,Completed,Routine Follow-up,49
APT_002136,P_03060,DOC_028,DEPT_005,2024-11-20,13:00,Scheduled,Chronic Disease Review,0
APT_002137,P_00907,DOC_003,DEPT_036,09-02-2024,17:45,Scheduled,Chronic Disease Review,0
APT_002138,P_02636,DOC_026,DEPT_020,2025-02-19,08:30,  Scheduled  ,Chronic Disease Review,0
APT_002139,P_02597,DOC_011,DEPT_021,2024-11-02,11:30,Scheduled,,0
APT_002140,P_02358,DOC_015,DEPT_038,2024-06-29,14:15,Scheduled,Diabetes Monitoring,0
APT_002141,P_03474,DOC_005,DEPT_006,2024-12-11,10:45,Completed,Routine Follow-up,21
APT_002142,P_00799,DOC_027,DEPT_037,2024-06-24,09:15,Completed,Chronic Disease Review,43
APT_002143,P_02190,DOC_033,DEPT_002,2024/02/07 00:00:00,17:00,Completed,Post-Operative Follow-up,29
APT_002144,P_02642,DOC_013,DEPT_026,2025-01-06,10:30,Completed,,38
APT_002145,P_01602,DOC_040,DEPT_027,2024-12-17,12:00,No-Show,Respiratory Symptoms,0
APT_002146,P_02526,DOC_030,DEPT_014,2025-02-25,17:00,Completed,Respiratory Symptoms,31
APT_002147,P_00135,DOC_015,DEPT_038,2024-06-20,09:30,Completed,Respiratory Symptoms,39
APT_002148,P_01831,DOC_040,DEPT_027,2024-11-21,15:45,Scheduled,Annual Health Checkup,0
APT_002149,P_02307,DOC_007,DEPT_024,2025-04-23,09:00,Completed,Annual Health Checkup,8
APT_002150,P_00128,DOC_006,DEPT_018,2024-03-27,17:15,Scheduled,Annual Health Checkup,0
APT_002151,P_00763,DOC_012,DEPT_014,2024-12-18,15:00,Completed,Post-Operative Follow-up,32
APT_002152,P_02637,DOC_039,DEPT_007,2025-04-01,13:30,Completed,Diabetes Monitoring,23
APT_002153,P_00938,DOC_004,DEPT_005,2024-11-26,13:30,Scheduled,Routine Follow-up,0
APT_002154,P_02764,DOC_005,DEPT_006,2024/03/24 00:00:00,16:30,Completed,Respiratory Symptoms,59
APT_002155,P_02037,DOC_038,DEPT_031,2024-02-14,09:45,Completed,Post-Operative Follow-up,44
APT_002156,P_00798,DOC_002,DEPT_035,2025-01-07,14:15,Completed,Annual Health Checkup,28
APT_002157,P_02967,DOC_011,DEPT_021,2024-07-17,14:00,Completed,Medication Adjustment,43
APT_002158,P_00209,DOC_037,DEPT_035,2024-08-02,09:30,Completed,,24
APT_002159,P_00420,DOC_037,DEPT_035,2024-04-08,13:45,Completed,Routine Follow-up,47
APT_002160,P_01965,DOC_004,DEPT_005,2025-01-31,14:45,Completed,Post-Operative Follow-up,36
APT_002161,P_00794,DOC_035,DEPT_003,2024-07-14,15:15,Completed,Respiratory Symptoms,48
APT_002162,P_01168,DOC_016,DEPT_009,2024-09-02,11:30,Completed,,10
APT_002163,P_03006,DOC_011,DEPT_021,2024-05-10,15:30,Completed,Routine Follow-up,23
APT_002164,P_00328,DOC_001,DEPT_023,2025-03-05,17:15,No-Show,Post-Operative Follow-up,0
APT_002165,P_03398,DOC_013,DEPT_026,2024-04-10,12:30,Completed,Respiratory Symptoms,11
APT_002166,P_02387,DOC_022,DEPT_001,2024-09-19,17:30,Completed,Medication Adjustment,26
APT_002167,P_00786,DOC_018,DEPT_039,2024-04-01,10:45,Completed,Routine Follow-up,63
APT_002168,P_02460,DOC_017,DEPT_008,2025-03-14,17:15,Completed,Chest Discomfort,47
APT_002169,P_01475,DOC_017,DEPT_008,2024-04-03,10:45,Completed,Chest Discomfort,12
APT_002170,P_00549,DOC_002,DEPT_035,2024-01-24,16:45,Completed,Diabetes Monitoring,41
APT_002171,P_00523,DOC_028,DEPT_005,2025-02-28,12:15,Scheduled,Chest Discomfort,0
APT_002172,P_00019,DOC_012,DEPT_014,2024-08-12,14:30,Completed,Post-Operative Follow-up,37
APT_002173,P_00070,DOC_005,DEPT_006,2024-05-29,11:30,Completed,Routine Follow-up,37
APT_002174,P_01251,DOC_010,DEPT_021,2025-01-07,12:45,Completed,Medication Adjustment,46
APT_002175,P_01875,DOC_024,DEPT_024,2024-12-30,15:30,Completed,Post-Operative Follow-up,54
APT_002176,P_03043,DOC_034,DEPT_005,2024-05-20,13:15,Completed,Post-Operative Follow-up,13
APT_002177,P_00987,DOC_004,DEPT_005,2024-07-21,11:00,No-Show,Routine Follow-up,0
APT_002178,P_03210,DOC_025,DEPT_032,2024/05/09 00:00:00,14:00,Completed,Post-Operative Follow-up,34
APT_002179,P_01242,DOC_001,DEPT_023,2024-07-12,09:45,Completed,Chronic Disease Review,18
APT_002180,P_03409,DOC_003,DEPT_036,2024-12-01,15:45,Completed,Routine Follow-up,21
APT_002181,P_00013,DOC_004,DEPT_005,05-12-2024,17:30,Completed,Annual Health Checkup,61
APT_002182,P_02758,DOC_006,DEPT_018,2025-04-07,10:00,Completed,Routine Follow-up,16
APT_002183,P_00577,DOC_012,DEPT_014,2024-07-11,09:30,Completed,Diabetes Monitoring,46
APT_002184,P_02715,DOC_017,DEPT_008,2024-11-20,14:00,  No-Show  ,Chest Discomfort,0
APT_002185,P_03377,DOC_031,DEPT_024,2025/04/17 00:00:00,09:00,  Completed  ,Routine Follow-up,31
APT_002186,P_01963,DOC_037,DEPT_035,2025-02-21,09:00,Completed,Chronic Disease Review,52
APT_002187,P_03229,DOC_036,DEPT_016,2025-02-08,10:45,Cancelled,Chronic Disease Review,0
APT_002188,P_00840,DOC_002,DEPT_035,2025-02-16,10:00,Completed,Post-Operative Follow-up,20
APT_002189,P_02152,DOC_014,DEPT_009,2025-03-24,17:30,Completed,Respiratory Symptoms,39
APT_002190,P_02226,DOC_033,DEPT_002,2024-09-18,14:15,Completed,Medication Adjustment,43
APT_002191,P_00384,DOC_012,DEPT_014,04-10-2024,10:15,Completed,Medication Adjustment,58
APT_002192,P_00612,DOC_025,DEPT_032,2025-01-26,12:45,No-Show,Chronic Disease Review,0
APT_002193,P_02072,DOC_019,DEPT_039,2025-01-18,16:45,Completed,Chronic Disease Review,8
APT_002194,P_02024,DOC_016,DEPT_009,2024-12-24,08:30,Completed,Annual Health Checkup,21
APT_002195,P_02320,DOC_007,DEPT_024,2024-02-13,09:30,Completed,Chronic Disease Review,28
APT_002196,P_02984,DOC_013,DEPT_026,2025-03-22,15:15,  Completed  ,Chronic Disease Review,63
APT_002197,P_01516,DOC_016,DEPT_009,2024-07-10,11:15,Scheduled,Respiratory Symptoms,0
APT_002198,P_00805,DOC_020,DEPT_008,2025-04-15,13:00,Completed,Chronic Disease Review,11
APT_002199,P_03346,DOC_015,DEPT_038,2025-01-24,12:30,No-Show,Routine Follow-up,0
APT_002200,P_01154,DOC_030,DEPT_014,2024-01-19,17:30,Completed,Chest Discomfort,18
APT_002201,P_00277,DOC_020,DEPT_008,2025-04-20,11:45,Completed,Medication Adjustment,46
APT_002202,P_03075,DOC_038,DEPT_031,2024-10-14,16:30,Cancelled,Respiratory Symptoms,0
APT_002203,P_00664,DOC_024,DEPT_024,2024-07-10,17:00,Completed,Medication Adjustment,11
APT_002204,P_02982,DOC_002,DEPT_035,2024-12-08,11:45,Scheduled,Medication Adjustment,0
APT_002205,P_02959,DOC_004,DEPT_005,2024-05-06,10:15,Scheduled,Medication Adjustment,0
APT_002206,P_03165,DOC_004,DEPT_005,2025-01-02,16:15,Scheduled,,0
APT_002207,P_02235,DOC_026,DEPT_020,2024-02-21,15:45,Completed,Respiratory Symptoms,62
APT_002208,P_02671,DOC_004,DEPT_005,2024-06-22,09:00,Completed,Chest Discomfort,58
APT_002209,P_00317,DOC_016,DEPT_009,2024-11-02,14:45,Completed,Chronic Disease Review,58
APT_002210,P_02889,DOC_013,DEPT_026,2025-04-18,14:45,Completed,Diabetes Monitoring,27
APT_002211,P_01237,DOC_013,DEPT_026,2024/10/08 00:00:00,09:45,Scheduled,Post-Operative Follow-up,0
APT_002212,P_01990,DOC_007,DEPT_024,2024-07-25,14:15,Completed,Annual Health Checkup,23
APT_002213,P_00681,DOC_032,DEPT_016,2024-11-09,17:45,  Completed  ,Chest Discomfort,36
APT_002214,P_02391,DOC_023,DEPT_007,2024-02-22,17:00,Completed,Respiratory Symptoms,39
APT_002215,P_00413,DOC_003,DEPT_036,2024-11-14,12:00,completed,Post-Operative Follow-up,29
APT_002216,P_02620,DOC_024,DEPT_024,2024-12-02,09:30,Completed,Diabetes Monitoring,45
APT_002217,P_02177,DOC_018,DEPT_039,2024-04-15,08:15,Completed,Annual Health Checkup,31
APT_002218,P_00509,DOC_034,DEPT_005,2024-11-26,14:45,Completed,Chest Discomfort,16
APT_002219,P_00813,DOC_005,DEPT_006,2024-08-01,09:15,Scheduled,Chest Discomfort,0
APT_002220,P_00055,DOC_009,DEPT_030,2024-10-29,14:15,Completed,Post-Operative Follow-up,27
APT_002221,P_02283,DOC_034,DEPT_005,2024-07-29,11:30,Completed,Annual Health Checkup,51
APT_002222,P_00670,DOC_039,DEPT_007,2024/05/04 00:00:00,12:30,Completed,Respiratory Symptoms,22
APT_002223,P_00598,DOC_018,DEPT_039,2024-11-26,10:30,Completed,Diabetes Monitoring,14
APT_002224,P_02730,DOC_010,DEPT_021,2024-04-06,13:00,Completed,Medication Adjustment,26
APT_002225,P_01413,DOC_017,DEPT_008,2024-04-19,16:45,Completed,Medication Adjustment,58
APT_002226,P_02966,DOC_023,DEPT_007,2025-03-03,15:00,Completed,Chest Discomfort,60
APT_002227,P_00927,DOC_035,DEPT_003,2024-02-14,16:45,Cancelled,Medication Adjustment,0
APT_002228,P_02251,DOC_033,DEPT_002,2024-01-11,16:15,Cancelled,Chronic Disease Review,0
APT_002229,P_03487,DOC_011,DEPT_021,2024-02-10,13:00,Completed,Chest Discomfort,30
APT_002230,P_01136,DOC_024,DEPT_024,2024-07-01,16:00,Completed,Annual Health Checkup,53
APT_002231,P_00535,DOC_034,DEPT_005,2024-07-13,11:45,Completed,Routine Follow-up,24
APT_002232,P_02852,DOC_001,DEPT_023,06/22/2024,10:15,Completed,Annual Health Checkup,36
APT_002233,P_01363,DOC_007,DEPT_024,2025-01-20,14:00,Completed,Medication Adjustment,63
APT_002234,P_02364,DOC_017,DEPT_008,2024-10-19,15:45,Completed,Annual Health Checkup,63
APT_002235,P_02320,DOC_017,DEPT_008,2025-03-28,12:15,No-Show,Chest Discomfort,0
APT_002236,P_00252,DOC_032,DEPT_016,2024-10-18,16:45,COMPLETED,Chest Discomfort,46
APT_002237,P_03384,DOC_014,DEPT_009,2024-12-31,14:00,Completed,Post-Operative Follow-up,15
APT_002238,P_00410,DOC_002,DEPT_035,2025-01-03,14:45,Completed,Routine Follow-up,16
APT_002239,P_03400,DOC_007,DEPT_024,2025-02-23,08:00,Scheduled,Annual Health Checkup,0
APT_002240,P_01433,DOC_001,DEPT_023,16-02-2024,16:15,Completed,Diabetes Monitoring,10
APT_002241,P_01822,DOC_026,DEPT_020,2025-04-20,08:30,Completed,,59
APT_002242,P_02639,DOC_031,DEPT_024,2025-01-17,09:15,Completed,Annual Health Checkup,56
APT_002243,P_02110,DOC_039,DEPT_007,2025-02-23,11:45,Completed,Chest Discomfort,26
APT_002244,P_02434,DOC_019,DEPT_039,2024-03-27,14:00,Completed,Diabetes Monitoring,51
APT_002245,P_01284,DOC_001,DEPT_023,2025-04-12,17:00,Completed,Routine Follow-up,65
APT_002246,P_00088,DOC_022,DEPT_001,2024-09-15,17:00,Completed,Post-Operative Follow-up,29
APT_002247,P_03256,DOC_006,DEPT_018,2024-11-02,11:45,Completed,,48
APT_002248,P_00875,DOC_014,DEPT_009,2024-11-25,15:15,Completed,Routine Follow-up,21
APT_002249,P_00234,DOC_004,DEPT_005,2024-01-02,16:30,COMPLETED,Medication Adjustment,56
APT_002250,P_02768,DOC_005,DEPT_006,2024-12-04,12:30,COMPLETED,Diabetes Monitoring,29
APT_002251,P_00034,DOC_040,DEPT_027,2024-11-28,15:00,Completed,Medication Adjustment,39
APT_002252,P_01110,DOC_011,DEPT_021,2024/11/18 00:00:00,15:00,No-Show,Medication Adjustment,0
APT_002253,P_02851,DOC_030,DEPT_014,2025-01-17,17:15,Completed,Routine Follow-up,24
APT_002254,P_02313,DOC_031,DEPT_024,2024-08-16,16:00,Scheduled,,0
APT_002255,P_03083,DOC_005,DEPT_006,2024-12-14,12:30,Completed,Chronic Disease Review,48
APT_002256,P_00447,DOC_011,DEPT_021,2025-02-08,13:15,Cancelled,Chest Discomfort,0
APT_002257,P_03057,DOC_028,DEPT_005,2024-01-27,09:15,Scheduled,Annual Health Checkup,0
APT_002258,P_02716,DOC_016,DEPT_009,2024-04-06,14:15,Completed,Chest Discomfort,46
APT_002259,P_01578,DOC_001,DEPT_023,2025-04-07,14:45,Completed,Annual Health Checkup,8
APT_002260,P_00656,DOC_033,DEPT_002,2024-04-30,12:30,Completed,Post-Operative Follow-up,49
APT_002261,P_03174,DOC_039,DEPT_007,2024-11-02,17:15,Completed,Annual Health Checkup,49
APT_002262,P_03133,DOC_008,DEPT_005,2025-03-12,15:15,Completed,Annual Health Checkup,36
APT_002263,P_01407,DOC_037,DEPT_035,2024-07-01,17:30,Completed,Chest Discomfort,12
APT_002264,P_01171,DOC_039,DEPT_007,2025-03-26,16:45,Scheduled,Diabetes Monitoring,0
APT_002265,P_00304,DOC_009,DEPT_030,2024-03-15,17:15,Scheduled,Chronic Disease Review,0
APT_002266,P_02877,DOC_022,DEPT_001,2024-08-03,16:45,Completed,Routine Follow-up,43
APT_002267,P_03495,DOC_016,DEPT_009,2025-04-10,14:30,Completed,Medication Adjustment,30
APT_002268,P_00767,DOC_010,DEPT_021,2024-08-16,10:30,Cancelled,Respiratory Symptoms,0
APT_002269,P_02710,DOC_015,DEPT_038,2024-11-04,10:30,  Completed  ,Respiratory Symptoms,33
APT_002270,P_00518,DOC_013,DEPT_026,2024-01-17,11:15,Completed,Diabetes Monitoring,35
APT_002271,P_03143,DOC_012,DEPT_014,2024-12-02,15:15,Scheduled,Respiratory Symptoms,0
APT_002272,P_02677,DOC_025,DEPT_032,2024-03-16,08:00,Scheduled,Diabetes Monitoring,0
APT_002273,P_03410,DOC_034,DEPT_005,2024-10-28,15:15,Completed,Diabetes Monitoring,31
APT_002274,P_03217,DOC_014,DEPT_009,2024-08-03,09:45,Scheduled,Medication Adjustment,0
APT_002275,P_00497,DOC_033,DEPT_002,2024-10-23,10:45,Completed,Routine Follow-up,27
APT_002276,P_00755,DOC_007,DEPT_024,2024-05-29,11:15,Completed,Routine Follow-up,12
APT_002277,P_01737,DOC_034,DEPT_005,2024-10-09,09:30,Completed,Chest Discomfort,22
APT_002278,P_00245,DOC_021,DEPT_019,2024-11-26,13:45,Completed,Diabetes Monitoring,56
APT_002279,P_01323,DOC_007,DEPT_024,2024-11-24,12:45,Completed,Chronic Disease Review,40
APT_002280,P_03445,DOC_023,DEPT_007,2025-01-03,10:45,No-Show,Annual Health Checkup,0
APT_002281,P_02539,DOC_018,DEPT_039,2025-01-21,13:00,Completed,Annual Health Checkup,36
APT_002282,P_00409,DOC_006,DEPT_018,2024-06-12,13:45,Scheduled,Post-Operative Follow-up,0
APT_002283,P_02054,DOC_008,DEPT_005,2025-04-17,08:45,Scheduled,Diabetes Monitoring,0
APT_002284,P_01507,DOC_017,DEPT_008,2024-01-20,16:30,Completed,Routine Follow-up,24
APT_002285,P_01655,DOC_028,DEPT_005,2024-11-23,14:30,Completed,Medication Adjustment,65
APT_002286,P_01951,DOC_019,DEPT_039,11-01-2024,15:15,Completed,Chronic Disease Review,33
APT_002287,P_00104,DOC_033,DEPT_002,2025-04-19,17:15,Completed,Annual Health Checkup,26
APT_002288,P_02722,DOC_039,DEPT_007,2024-07-15,16:00,Scheduled,Post-Operative Follow-up,0
APT_002289,P_01396,DOC_005,DEPT_006,2024-08-11,09:45,Completed,Diabetes Monitoring,65
APT_002290,P_03094,DOC_011,DEPT_021,2024-01-30,13:15,Completed,Chest Discomfort,8
APT_002291,P_01719,DOC_003,DEPT_036,2024-05-08,13:00,Cancelled,Medication Adjustment,0
APT_002292,P_02692,DOC_038,DEPT_031,2024-05-20,08:45,  No-Show  ,Diabetes Monitoring,0
APT_002293,P_02100,DOC_029,DEPT_036,2024-07-22,09:00,Completed,Post-Operative Follow-up,63
APT_002294,P_03208,DOC_017,DEPT_008,2024-08-17,13:15,Completed,Annual Health Checkup,31
APT_002295,P_01547,DOC_008,DEPT_005,2024-07-16,11:15,Scheduled,Medication Adjustment,0
APT_002296,P_00015,DOC_013,DEPT_026,2025-02-15,15:15,Scheduled,Chest Discomfort,0
APT_002297,P_00518,DOC_026,DEPT_020,2024-02-04,12:15,Completed,Medication Adjustment,39
APT_002298,P_03475,DOC_010,DEPT_021,2024-03-13,11:00,Completed,Diabetes Monitoring,18
APT_002299,P_03307,DOC_024,DEPT_024,2025-04-22,15:45,Completed,Chest Discomfort,51
APT_002300,P_00648,DOC_021,DEPT_019,2024-09-30,15:30,Completed,Diabetes Monitoring,55
APT_002301,P_01231,DOC_012,DEPT_014,2024-09-28,11:30,Completed,Diabetes Monitoring,44
APT_002302,P_01340,DOC_005,DEPT_006,2024-10-21,12:00,Completed,Chest Discomfort,31
APT_002303,P_02402,DOC_021,DEPT_019,2024-01-26,11:30,Completed,Respiratory Symptoms,21
APT_002304,P_00568,DOC_008,DEPT_005,2024-09-05,14:15,No-Show,Respiratory Symptoms,0
APT_002305,P_01155,DOC_007,DEPT_024,2024-12-13,13:15,Completed,Diabetes Monitoring,55
APT_002306,P_02247,DOC_020,DEPT_008,2025-02-04,12:15,Completed,Annual Health Checkup,27
APT_002307,P_02102,DOC_031,DEPT_024,2025-02-04,09:45,Completed,Chronic Disease Review,9
APT_002308,P_00113,DOC_040,DEPT_027,2024-12-05,17:30,Completed,Annual Health Checkup,63
APT_002309,P_02365,DOC_028,DEPT_005,2025-04-14,13:00,Completed,Diabetes Monitoring,44
APT_002310,P_00083,DOC_013,DEPT_026,2024-10-31,13:45,completed,Diabetes Monitoring,62
APT_002311,P_02282,DOC_021,DEPT_019,2024-06-13,10:45,Completed,Chronic Disease Review,23
APT_002312,P_00078,DOC_033,DEPT_002,2024-12-24,10:30,Completed,,12
APT_002313,P_03339,DOC_038,DEPT_031,2024-01-11,16:45,Scheduled,Routine Follow-up,0
APT_002314,P_03297,DOC_020,DEPT_008,2024-04-07,17:00,Completed,Chronic Disease Review,12
APT_002315,P_02562,DOC_006,DEPT_018,2024-02-15,11:45,Cancelled,Annual Health Checkup,0
APT_002316,P_00135,DOC_007,DEPT_024,2025-03-25,09:00,Completed,Annual Health Checkup,41
APT_002317,P_01760,DOC_023,DEPT_007,2024-03-26,10:15,Completed,Respiratory Symptoms,59
APT_002318,P_03153,DOC_006,DEPT_018,2025-03-18,12:45,Cancelled,Post-Operative Follow-up,0
APT_002319,P_02329,DOC_003,DEPT_036,2024-08-28,14:30,Scheduled,Medication Adjustment,0
APT_002320,P_00078,DOC_004,DEPT_005,2024-04-07,15:45,Scheduled,Chronic Disease Review,0
APT_002321,P_02823,DOC_005,DEPT_006,2025-01-10,14:45,No-Show,Medication Adjustment,0
APT_002322,P_00330,DOC_027,DEPT_037,2025-02-11,15:30,Completed,,65
APT_002323,P_01575,DOC_039,DEPT_007,2025-03-20,12:15,Completed,,8
APT_002324,P_02639,DOC_020,DEPT_008,2024-02-26,09:45,Completed,Routine Follow-up,40
APT_002325,P_02489,DOC_004,DEPT_005,2024-11-09,14:45,Completed,Chest Discomfort,15
APT_002326,P_00291,DOC_001,DEPT_023,2024-04-20,10:00,Completed,Chronic Disease Review,57
APT_002327,P_01065,DOC_009,DEPT_030,2024-07-22,16:15,Completed,Respiratory Symptoms,56
APT_002328,P_03148,DOC_037,DEPT_035,2025-03-16,13:30,  Scheduled  ,Chest Discomfort,0
APT_002329,P_01754,DOC_035,DEPT_003,2025-04-15,10:00,Completed,Respiratory Symptoms,53
APT_002330,P_01573,DOC_027,DEPT_037,2024-09-19,11:00,Completed,Routine Follow-up,18
APT_002331,P_03216,DOC_030,DEPT_014,2025-02-13,16:30,Completed,Diabetes Monitoring,11
APT_002332,P_03446,DOC_021,DEPT_019,2024-01-31,17:45,Completed,Annual Health Checkup,51
APT_002333,P_03366,DOC_005,DEPT_006,2024-07-13,16:15,Completed,Chronic Disease Review,16
APT_002334,P_01775,DOC_003,DEPT_036,2024-06-29,14:45,Cancelled,Chronic Disease Review,0
APT_002335,P_00379,DOC_002,DEPT_035,2024-05-13,10:45,completed,Post-Operative Follow-up,26
APT_002336,P_00061,DOC_007,DEPT_024,2024-11-10,10:30,Completed,Chronic Disease Review,50
APT_002337,P_01212,DOC_016,DEPT_009,2024-10-16,11:45,Cancelled,Respiratory Symptoms,0
APT_002338,P_00497,DOC_023,DEPT_007,2024-04-17,09:15,Completed,Diabetes Monitoring,24
APT_002339,P_00102,DOC_002,DEPT_035,2025-02-01,10:30,Scheduled,Chronic Disease Review,0
APT_002340,P_00292,DOC_008,DEPT_005,2024-12-28,16:00,Completed,Annual Health Checkup,50
APT_002341,P_03435,DOC_034,DEPT_005,2024-01-27,10:30,Completed,Respiratory Symptoms,9
APT_002342,P_01792,DOC_016,DEPT_009,2024-04-11,14:00,Completed,Diabetes Monitoring,18
APT_002343,P_00246,DOC_014,DEPT_009,2024-07-19,10:15,Completed,Post-Operative Follow-up,53
APT_002344,P_00434,DOC_017,DEPT_008,2024-07-31,13:15,Completed,Chronic Disease Review,21
APT_002345,P_02667,DOC_005,DEPT_006,2024-02-12,09:00,Scheduled,Respiratory Symptoms,0
APT_002346,P_02421,DOC_039,DEPT_007,2024-10-02,16:30,Completed,Chronic Disease Review,12
APT_002347,P_00095,DOC_028,DEPT_005,2024-11-26,14:45,Cancelled,Medication Adjustment,0
APT_002348,P_02686,DOC_011,DEPT_021,2024-07-01,12:15,Completed,Chronic Disease Review,37
APT_002349,P_03347,DOC_040,DEPT_027,2024-07-15,14:00,Completed,,27
APT_002350,P_03134,DOC_014,DEPT_009,2024-09-17,13:30,No-Show,Post-Operative Follow-up,0
APT_002351,P_02373,DOC_009,DEPT_030,2025-02-20,17:30,Cancelled,Respiratory Symptoms,0
APT_002352,P_01570,DOC_026,DEPT_020,2024-10-04,14:15,Completed,Post-Operative Follow-up,16
APT_002353,P_01953,DOC_026,DEPT_020,2024-05-18,17:30,Completed,Chronic Disease Review,28
APT_002354,P_00404,DOC_026,DEPT_020,2024-03-05,12:45,Completed,Routine Follow-up,39
APT_002355,P_00389,DOC_022,DEPT_001,2024-10-04,13:00,Completed,Chest Discomfort,14
APT_002356,P_02051,DOC_018,DEPT_039,2024-12-27,17:00,Completed,Post-Operative Follow-up,55
APT_002357,P_00772,DOC_038,DEPT_031,2024-08-29,13:30,Cancelled,Post-Operative Follow-up,0
APT_002358,P_02020,DOC_027,DEPT_037,2025-03-15,08:00,Completed,Diabetes Monitoring,21
APT_002359,P_00225,DOC_014,DEPT_009,2025-02-16,17:15,Scheduled,Respiratory Symptoms,0
APT_002360,P_00401,DOC_035,DEPT_003,2024-07-05,12:45,Scheduled,Post-Operative Follow-up,0
APT_002361,P_00930,DOC_002,DEPT_035,2025-04-23,10:30,Completed,Respiratory Symptoms,43
APT_002362,P_00003,DOC_035,DEPT_003,2024-06-02,12:15,No-Show,Chronic Disease Review,0
APT_002363,P_00647,DOC_001,DEPT_023,2024-02-17,13:45,Completed,Routine Follow-up,10
APT_002364,P_00170,DOC_037,DEPT_035,2024-12-25,15:15,No-Show,Post-Operative Follow-up,0
APT_002365,P_02576,DOC_013,DEPT_026,2024-05-31,11:30,Completed,Routine Follow-up,57
APT_002366,P_03110,DOC_026,DEPT_020,2025-01-20,09:00,Completed,,43
APT_002367,P_01204,DOC_022,DEPT_001,2024-10-16,17:45,  No-Show  ,Chronic Disease Review,0
APT_002368,P_01310,DOC_021,DEPT_019,07/15/2024,13:15,Completed,Annual Health Checkup,53
APT_002369,P_02551,DOC_029,DEPT_036,2024-07-28,09:45,Scheduled,Chest Discomfort,0
APT_002370,P_01104,DOC_010,DEPT_021,2024-01-29,11:00,Completed,Annual Health Checkup,19
APT_002371,P_02925,DOC_015,DEPT_038,2024-03-16,17:00,Completed,Chronic Disease Review,65
APT_002372,P_02264,DOC_023,DEPT_007,2024-11-01,11:30,Completed,Chest Discomfort,34
APT_002373,P_00340,DOC_036,DEPT_016,2025-01-27,16:30,Completed,,28
APT_002374,P_01264,DOC_040,DEPT_027,2024-12-14,11:30,Completed,Routine Follow-up,14
APT_002375,P_03399,DOC_017,DEPT_008,2024-04-09,12:15,Completed,Respiratory Symptoms,23
APT_002376,P_01923,DOC_031,DEPT_024,2024-10-14,17:00,Cancelled,Post-Operative Follow-up,0
APT_002377,P_02122,DOC_034,DEPT_005,2024-08-11,15:45,Scheduled,Routine Follow-up,0
APT_002378,P_02546,DOC_011,DEPT_021,2024-01-20,12:30,  Completed  ,Annual Health Checkup,14
APT_002379,P_01118,DOC_032,DEPT_016,2024-03-22,15:15,Cancelled,Annual Health Checkup,0
APT_002380,P_02571,DOC_023,DEPT_007,2024-11-20,13:00,Completed,Routine Follow-up,60
APT_002381,P_01252,DOC_013,DEPT_026,2024-01-01,15:30,Completed,Medication Adjustment,60
APT_002382,P_03351,DOC_016,DEPT_009,2024-06-29,10:15,Completed,Respiratory Symptoms,34
APT_002383,P_00336,DOC_033,DEPT_002,2025-04-09,09:30,Cancelled,Annual Health Checkup,0
APT_002384,P_01941,DOC_031,DEPT_024,2025-04-21,16:00,Scheduled,Chronic Disease Review,0
APT_002385,P_02788,DOC_035,DEPT_003,2025-02-18,14:00,Completed,Routine Follow-up,48
APT_002386,P_01418,DOC_040,DEPT_027,2024-01-17,12:00,Completed,Annual Health Checkup,19
APT_002387,P_02883,DOC_017,DEPT_008,2024-09-02,12:15,Completed,Medication Adjustment,65
APT_002388,P_01542,DOC_031,DEPT_024,2024-05-20,14:15,Completed,Chronic Disease Review,12
APT_002389,P_01305,DOC_027,DEPT_037,2024-01-14,13:00,Completed,Respiratory Symptoms,59
APT_002390,P_00786,DOC_037,DEPT_035,2024-08-11,16:45,Completed,Chronic Disease Review,20
APT_002391,P_00187,DOC_015,DEPT_038,2024-05-11,13:00,Completed,Chest Discomfort,25
APT_002392,P_00865,DOC_005,DEPT_006,2025-03-11,11:30,Completed,Chronic Disease Review,42
APT_002393,P_03482,DOC_036,DEPT_016,2024-04-26,08:00,Completed,Chest Discomfort,55
APT_002394,P_03085,DOC_007,DEPT_024,2024-03-01,15:15,Completed,Medication Adjustment,51
APT_002395,P_02255,DOC_020,DEPT_008,2024-11-10,09:30,No-Show,Post-Operative Follow-up,0
APT_002396,P_01258,DOC_001,DEPT_023,2024-10-08,08:00,Completed,Routine Follow-up,14
APT_002397,P_02398,DOC_021,DEPT_019,2024-01-01,15:00,  Completed  ,Respiratory Symptoms,58
APT_002398,P_03108,DOC_022,DEPT_001,2024-11-08,10:15,Cancelled,Diabetes Monitoring,0
APT_002399,P_01548,DOC_001,DEPT_023,2024-03-30,09:30,Completed,Medication Adjustment,63
APT_002400,P_00769,DOC_007,DEPT_024,2024-11-12,12:15,Completed,Routine Follow-up,60
APT_002401,P_00445,DOC_013,DEPT_026,2025-03-21,12:15,Completed,Respiratory Symptoms,24
APT_002402,P_02705,DOC_027,DEPT_037,2025-01-05,11:30,Completed,Diabetes Monitoring,23
APT_002403,P_02378,DOC_017,DEPT_008,2024/05/28 00:00:00,10:00,Cancelled,Respiratory Symptoms,0
APT_002404,P_02191,DOC_013,DEPT_026,2024-07-30,08:00,scheduled,Routine Follow-up,0
APT_002405,P_00330,DOC_009,DEPT_030,2024-03-30,13:00,Completed,Chest Discomfort,34
APT_002406,P_01580,DOC_019,DEPT_039,2024-03-13,09:00,Completed,Diabetes Monitoring,64
APT_002407,P_01736,DOC_032,DEPT_016,2025-03-27,11:00,Completed,Medication Adjustment,17
APT_002408,P_02732,DOC_009,DEPT_030,2024-07-13,08:00,COMPLETED,Routine Follow-up,13
APT_002409,P_01421,DOC_040,DEPT_027,2025-03-16,11:15,Scheduled,,0
APT_002410,P_02853,DOC_021,DEPT_019,2024-03-06,08:00,Completed,Post-Operative Follow-up,44
APT_002411,P_02442,DOC_022,DEPT_001,2024-10-28,11:45,Completed,Diabetes Monitoring,49
APT_002412,P_02135,DOC_006,DEPT_018,2024-09-10,11:30,Completed,Chest Discomfort,25
APT_002413,P_01806,DOC_037,DEPT_035,2024-04-25,13:45,Completed,Routine Follow-up,39
APT_002414,P_02415,DOC_029,DEPT_036,2025-01-26,13:15,Completed,Diabetes Monitoring,32
APT_002415,P_01370,DOC_040,DEPT_027,2024-07-07,16:30,Completed,Routine Follow-up,53
APT_002416,P_00410,DOC_015,DEPT_038,2024-09-01,08:15,Completed,Chronic Disease Review,8
APT_002417,P_02793,DOC_024,DEPT_024,05/27/2024,12:15,Scheduled,Respiratory Symptoms,0
APT_002418,P_00183,DOC_029,DEPT_036,2025-01-01,15:30,Completed,Annual Health Checkup,48
APT_002419,P_01881,DOC_002,DEPT_035,2024-01-30,16:15,Cancelled,Annual Health Checkup,0
APT_002420,P_01651,DOC_032,DEPT_016,2024-02-26,10:00,Completed,Annual Health Checkup,37
APT_002421,P_03083,DOC_033,DEPT_002,2025-03-11,12:00,Completed,Annual Health Checkup,64
APT_002422,P_02486,DOC_004,DEPT_005,2025-01-15,10:45,Completed,Routine Follow-up,28
APT_002423,P_00861,DOC_003,DEPT_036,2025-01-28,10:15,No-Show,Medication Adjustment,0
APT_002424,P_00710,DOC_023,DEPT_007,2024-10-03,17:00,Completed,Respiratory Symptoms,9
APT_002425,P_01299,DOC_036,DEPT_016,2024-07-06,17:15,Completed,Routine Follow-up,64
APT_002426,P_01346,DOC_030,DEPT_014,2024-06-09,16:00,Completed,Chest Discomfort,31
APT_002427,P_02350,DOC_002,DEPT_035,2024-08-06,08:30,Completed,,10
APT_002428,P_01261,DOC_035,DEPT_003,2025-02-09,08:15,Completed,Chronic Disease Review,23
APT_002429,P_02031,DOC_029,DEPT_036,2024-05-31,14:15,Completed,Respiratory Symptoms,23
APT_002430,P_02255,DOC_006,DEPT_018,2025-03-17,09:45,No-Show,Post-Operative Follow-up,0
APT_002431,P_01384,DOC_005,DEPT_006,2025-02-28,10:15,  Scheduled  ,Chest Discomfort,0
APT_002432,P_00199,DOC_013,DEPT_026,2024-12-23,08:45,Completed,Diabetes Monitoring,32
APT_002433,P_03133,DOC_004,DEPT_005,2025-01-16,10:30,Completed,Respiratory Symptoms,38
APT_002434,P_02577,DOC_002,DEPT_035,2024-01-03,13:30,Completed,Chronic Disease Review,32
APT_002435,P_00856,DOC_027,DEPT_037,2025-02-12,12:15,Completed,Medication Adjustment,37
APT_002436,P_03428,DOC_006,DEPT_018,2024-06-14,08:15,Cancelled,Diabetes Monitoring,0
APT_002437,P_01951,DOC_012,DEPT_014,2024-10-25,08:30,Completed,Diabetes Monitoring,16
APT_002438,P_00124,DOC_034,DEPT_005,2024-02-15,08:30,Completed,Annual Health Checkup,56
APT_002439,P_02681,DOC_002,DEPT_035,2024-09-08,14:30,Completed,Respiratory Symptoms,34
APT_002440,P_03013,DOC_006,DEPT_018,2025-02-03,13:45,Completed,Medication Adjustment,45
APT_002441,P_00413,DOC_009,DEPT_030,2024-09-18,17:30,Completed,Post-Operative Follow-up,9
APT_002442,P_00324,DOC_037,DEPT_035,2025-01-14,08:45,Completed,Chest Discomfort,10
APT_002443,P_02167,DOC_024,DEPT_024,2024-07-12,08:30,Completed,Chronic Disease Review,38
APT_002444,P_01069,DOC_027,DEPT_037,2025-03-06,14:30,Completed,Chronic Disease Review,35
APT_002445,P_00508,DOC_022,DEPT_001,2024-02-03,15:15,Completed,Annual Health Checkup,19
APT_002446,P_00380,DOC_019,DEPT_039,2024-10-13,09:45,Completed,Routine Follow-up,25
APT_002447,P_02879,DOC_036,DEPT_016,2024-01-14,14:15,Scheduled,Chronic Disease Review,0
APT_002448,P_01986,DOC_039,DEPT_007,2024-04-07,17:00,Completed,Annual Health Checkup,60
APT_002449,P_02334,DOC_034,DEPT_005,2024-09-25,12:00,  Cancelled  ,Respiratory Symptoms,0
APT_002450,P_00736,DOC_031,DEPT_024,2025-02-26,17:15,Completed,Medication Adjustment,34
APT_002451,P_03174,DOC_029,DEPT_036,2024-09-14,13:45,Completed,Chronic Disease Review,29
APT_002452,P_00066,DOC_021,DEPT_019,2025-03-08,11:15,Completed,Chronic Disease Review,46
APT_002453,P_02519,DOC_036,DEPT_016,2024-08-10,09:45,Completed,Routine Follow-up,33
APT_002454,P_00494,DOC_038,DEPT_031,2024-07-21,14:15,Scheduled,Medication Adjustment,0
APT_002455,P_01769,DOC_030,DEPT_014,2024-05-30,10:15,Completed,Respiratory Symptoms,36
APT_002456,P_01713,DOC_004,DEPT_005,2024-12-25,10:30,No-Show,Medication Adjustment,0
APT_002457,P_01799,DOC_028,DEPT_005,2024-07-27,08:45,Completed,Medication Adjustment,60
APT_002458,P_00712,DOC_018,DEPT_039,2024-07-03,12:00,Completed,Post-Operative Follow-up,22
APT_002459,P_00968,DOC_040,DEPT_027,2024-07-23,10:30,Scheduled,Post-Operative Follow-up,0
APT_002460,P_01399,DOC_006,DEPT_018,2024-05-29,11:00,Cancelled,Chest Discomfort,0
APT_002461,P_00652,DOC_024,DEPT_024,2024-09-06,12:30,Scheduled,,0
APT_002462,P_00472,DOC_035,DEPT_003,2024-04-13,17:30,Completed,Routine Follow-up,38
APT_002463,P_03303,DOC_020,DEPT_008,2024-06-07,09:30,Completed,Respiratory Symptoms,24
APT_002464,P_01772,DOC_012,DEPT_014,2024-12-03,14:30,Completed,Medication Adjustment,13
APT_002465,P_03048,DOC_029,DEPT_036,2024-07-15,15:30,Completed,Respiratory Symptoms,51
APT_002466,P_01899,DOC_009,DEPT_030,2025-01-10,13:15,Completed,Diabetes Monitoring,51
APT_002467,P_00967,DOC_020,DEPT_008,2025-01-31,15:00,Completed,Respiratory Symptoms,44
APT_002468,P_00050,DOC_001,DEPT_023,2024-04-15,17:15,Completed,Respiratory Symptoms,29
APT_002469,P_02270,DOC_011,DEPT_021,2024-12-24,14:15,Completed,Medication Adjustment,24
APT_002470,P_00454,DOC_031,DEPT_024,2025-02-25,17:45,Completed,Chronic Disease Review,33
APT_002471,P_03319,DOC_027,DEPT_037,2024-08-05,15:30,Completed,,11
APT_002472,P_01090,DOC_007,DEPT_024,2024-07-03,15:15,Completed,Routine Follow-up,59
APT_002473,P_02759,DOC_009,DEPT_030,11/21/2024,14:00,Completed,Respiratory Symptoms,28
APT_002474,P_01624,DOC_039,DEPT_007,2024-10-10,17:15,Scheduled,Chronic Disease Review,0
APT_002475,P_01744,DOC_002,DEPT_035,04/15/2025,14:45,Completed,Routine Follow-up,46
APT_002476,P_01974,DOC_012,DEPT_014,2024-03-04,08:15,Completed,Diabetes Monitoring,62
APT_002477,P_02812,DOC_032,DEPT_016,2024-06-28,13:00,Scheduled,Respiratory Symptoms,0
APT_002478,P_02956,DOC_024,DEPT_024,2025-01-03,17:30,Completed,Chronic Disease Review,34
APT_002479,P_01781,DOC_019,DEPT_039,2024/10/28 00:00:00,11:45,Completed,Routine Follow-up,26
APT_002480,P_01948,DOC_033,DEPT_002,2025-04-18,16:00,Completed,Post-Operative Follow-up,25
APT_002481,P_01579,DOC_036,DEPT_016,2024-03-08,10:00,Scheduled,Routine Follow-up,0
APT_002482,P_03004,DOC_035,DEPT_003,2024-01-21,13:45,Completed,Chest Discomfort,62
APT_002483,P_02085,DOC_029,DEPT_036,2024-04-23,17:00,Completed,Respiratory Symptoms,31
APT_002484,P_00054,DOC_014,DEPT_009,2024-08-08,09:45,Completed,Post-Operative Follow-up,27
APT_002485,P_00194,DOC_031,DEPT_024,2024-02-25,14:00,Completed,Routine Follow-up,49
APT_002486,P_03359,DOC_015,DEPT_038,2024-08-05,17:30,Completed,Medication Adjustment,20
APT_002487,P_01119,DOC_009,DEPT_030,2024-12-27,09:45,COMPLETED,Routine Follow-up,51
APT_002488,P_01641,DOC_027,DEPT_037,2025-03-08,17:30,Scheduled,Respiratory Symptoms,0
APT_002489,P_02640,DOC_024,DEPT_024,2024-04-20,11:15,Completed,Annual Health Checkup,9
APT_002490,P_00129,DOC_007,DEPT_024,2024-09-30,10:00,UNKNOWN_VAL,Post-Operative Follow-up,45
APT_002491,P_02102,DOC_020,DEPT_008,2024-11-24,10:30,Completed,Diabetes Monitoring,22
APT_002492,P_02409,DOC_014,DEPT_009,2024-02-01,10:45,Completed,Annual Health Checkup,65
APT_002493,P_02264,DOC_016,DEPT_009,2024-02-04,12:15,Completed,,43
APT_002494,P_03219,DOC_026,DEPT_020,2024-08-12,11:00,Completed,Chronic Disease Review,43
APT_002495,P_00684,DOC_035,DEPT_003,2025-03-17,10:00,Completed,Respiratory Symptoms,58
APT_002496,P_02024,DOC_010,DEPT_021,2025-02-08,09:30,Completed,Chronic Disease Review,58
APT_002497,P_00527,DOC_004,DEPT_005,2024-05-16,11:45,  Completed  ,Diabetes Monitoring,55
APT_002498,P_03481,DOC_009,DEPT_030,2025-04-06,15:45,Completed,Medication Adjustment,10
APT_002499,P_00338,DOC_001,DEPT_023,2024-12-30,13:45,Completed,Annual Health Checkup,57
APT_002500,P_02547,DOC_001,DEPT_023,2024-12-30,17:15,Cancelled,Medication Adjustment,0
APT_002501,P_00410,DOC_021,DEPT_019,2025-02-18,09:30,  Completed  ,Annual Health Checkup,15
APT_002502,P_00879,DOC_003,DEPT_036,2024-07-14,15:45,No-Show,Post-Operative Follow-up,0
APT_002503,P_03308,DOC_030,DEPT_014,2024-01-20,12:15,No-Show,Chest Discomfort,0
APT_002504,P_02489,DOC_017,DEPT_008,2024-05-09,17:00,Cancelled,Annual Health Checkup,0
APT_002505,P_02815,DOC_037,DEPT_035,2024-04-29,12:15,Completed,Chronic Disease Review,62
APT_002506,P_02306,DOC_027,DEPT_037,2024-03-08,17:30,Scheduled,Chronic Disease Review,0
APT_002507,P_02328,DOC_023,DEPT_007,2024-01-25,17:45,Completed,Chest Discomfort,29
APT_002508,P_02659,DOC_026,DEPT_020,02/05/2025,14:00,Completed,Chest Discomfort,51
APT_002509,P_00093,DOC_001,DEPT_023,2024/03/25 00:00:00,10:00,No-Show,Post-Operative Follow-up,0
APT_002510,P_01128,DOC_022,DEPT_001,2024-02-24,08:45,No-Show,Post-Operative Follow-up,0
APT_002511,P_00294,DOC_020,DEPT_008,2025-04-12,11:15,Completed,Post-Operative Follow-up,41
APT_002512,P_03029,DOC_013,DEPT_026,2024-05-07,16:45,No-Show,Post-Operative Follow-up,0
APT_002513,P_02072,DOC_023,DEPT_007,2024-02-22,08:15,Completed,Routine Follow-up,12
APT_002514,P_00770,DOC_023,DEPT_007,2024-09-18,08:00,Completed,Respiratory Symptoms,42
APT_002515,P_03368,DOC_023,DEPT_007,2025-01-18,15:30,  Completed  ,Post-Operative Follow-up,13
APT_002516,P_01122,DOC_031,DEPT_024,2024-12-19,16:45,Completed,Chronic Disease Review,57
APT_002517,P_00448,DOC_010,DEPT_021,2024-10-29,14:45,Completed,Routine Follow-up,9
APT_002518,P_02436,DOC_033,DEPT_002,2024-10-03,11:15,Completed,Routine Follow-up,21
APT_002519,P_01775,DOC_040,DEPT_027,2024-09-24,08:15,Completed,,8
APT_002520,P_01242,DOC_013,DEPT_026,2024-04-15,14:30,Completed,Respiratory Symptoms,61
APT_002521,P_02629,DOC_011,DEPT_021,2025-01-02,09:00,Completed,Chest Discomfort,47
APT_002522,P_02825,DOC_033,DEPT_002,2024-10-20,12:30,Scheduled,Post-Operative Follow-up,0
APT_002523,P_01399,DOC_006,DEPT_018,2024-09-01,08:45,Scheduled,Respiratory Symptoms,0
APT_002524,P_01255,DOC_005,DEPT_006,2025-02-07,08:30,Completed,Post-Operative Follow-up,9
APT_002525,P_00941,DOC_007,DEPT_024,2024/09/26 00:00:00,11:30,Completed,Chest Discomfort,63
APT_002526,P_02208,DOC_039,DEPT_007,2024-10-23,14:45,Completed,Post-Operative Follow-up,54
APT_002527,P_03425,DOC_014,DEPT_009,2024-08-31,16:15,Completed,Chest Discomfort,24
APT_002528,P_02777,DOC_027,DEPT_037,2024-07-06,16:15,Cancelled,Chronic Disease Review,0
APT_002529,P_01948,DOC_028,DEPT_005,2024-05-25,09:30,Completed,Routine Follow-up,63
APT_002530,P_00074,DOC_001,DEPT_023,2024-07-01,17:30,  Completed  ,Diabetes Monitoring,53
APT_002531,P_01023,DOC_013,DEPT_026,2024-06-08,08:45,Completed,Post-Operative Follow-up,50
APT_002532,P_02778,DOC_007,DEPT_024,2024-08-06,09:15,Completed,Diabetes Monitoring,22
APT_002533,P_00103,DOC_007,DEPT_024,2024-06-26,09:45,Scheduled,Chest Discomfort,0
APT_002534,P_01290,DOC_009,DEPT_030,2025-01-16,11:45,Completed,,60
APT_002535,P_00778,DOC_006,DEPT_018,2025-02-05,11:45,Completed,Chest Discomfort,8
APT_002536,P_02470,DOC_018,DEPT_039,2024-04-21,14:30,  Completed  ,Annual Health Checkup,30
APT_002537,P_02163,DOC_033,DEPT_002,2024-06-23,14:45,Completed,Diabetes Monitoring,53
APT_002538,P_01290,DOC_035,DEPT_003,2024-04-14,08:45,Completed,Post-Operative Follow-up,60
APT_002539,P_00307,DOC_008,DEPT_005,16-04-2025,09:15,Completed,Post-Operative Follow-up,16
APT_002540,P_00846,DOC_028,DEPT_005,2024-02-22,10:30,Completed,Respiratory Symptoms,34
APT_002541,P_03228,DOC_025,DEPT_032,2024-08-10,14:15,Completed,Chest Discomfort,59
APT_002542,P_00716,DOC_001,DEPT_023,2025-02-18,13:45,Completed,Diabetes Monitoring,37
APT_002543,P_02430,DOC_040,DEPT_027,2024-06-26,17:45,Scheduled,Chronic Disease Review,0
APT_002544,P_00547,DOC_016,DEPT_009,28-05-2024,10:45,Cancelled,Chest Discomfort,0
APT_002545,P_02506,DOC_034,DEPT_005,2024-12-12,17:00,Completed,Respiratory Symptoms,61
APT_002546,P_02588,DOC_031,DEPT_024,2024-08-28,17:30,No-Show,Respiratory Symptoms,0
APT_002547,P_00392,DOC_036,DEPT_016,2024-07-27,17:45,Completed,Chest Discomfort,38
APT_002548,P_00170,DOC_020,DEPT_008,2024-09-30,08:15,Completed,Routine Follow-up,13
APT_002549,P_02835,DOC_028,DEPT_005,2025-04-04,14:45,Completed,Diabetes Monitoring,8
APT_002550,P_01160,DOC_040,DEPT_027,2024-11-09,13:00,Completed,Respiratory Symptoms,17
APT_002551,P_01980,DOC_015,DEPT_038,2024-07-13,17:00,Completed,Diabetes Monitoring,32
APT_002552,P_02556,DOC_033,DEPT_002,2024-08-04,08:00,Cancelled,Chest Discomfort,0
APT_002553,P_02009,DOC_036,DEPT_016,2024-04-23,14:15,completed,Respiratory Symptoms,12
APT_002554,P_03130,DOC_036,DEPT_016,2024-11-28,17:30,Scheduled,Routine Follow-up,0
APT_002555,P_01311,DOC_028,DEPT_005,2025-04-17,10:15,Completed,Routine Follow-up,22
APT_002556,P_01239,DOC_028,DEPT_005,2024-11-20,16:15,No-Show,Post-Operative Follow-up,0
APT_002557,P_01506,DOC_010,DEPT_021,2024-09-03,08:30,Completed,Diabetes Monitoring,14
APT_002558,P_00195,DOC_009,DEPT_030,03/14/2025,17:15,Completed,Respiratory Symptoms,32
APT_002559,P_01850,DOC_029,DEPT_036,2024-07-26,14:30,Completed,Post-Operative Follow-up,65
APT_002560,P_01394,DOC_012,DEPT_014,2024-08-28,08:45,Completed,Chronic Disease Review,19
APT_002561,P_01861,DOC_008,DEPT_005,2024-09-02,12:00,Completed,Chronic Disease Review,45
APT_002562,P_02568,DOC_019,DEPT_039,2025-02-19,08:00,Completed,Post-Operative Follow-up,36
APT_002563,P_02830,DOC_033,DEPT_002,2024-02-03,08:45,No-Show,Post-Operative Follow-up,0
APT_002564,P_00648,DOC_036,DEPT_016,2024-01-11,10:15,Completed,Routine Follow-up,26
APT_002565,P_02810,DOC_030,DEPT_014,2024/03/21 00:00:00,10:30,Completed,Chest Discomfort,40
APT_002566,P_01261,DOC_026,DEPT_020,2024-03-11,13:15,Completed,Chest Discomfort,55
APT_002567,P_02554,DOC_022,DEPT_001,2025-04-13,15:00,Completed,Diabetes Monitoring,57
APT_002568,P_01329,DOC_020,DEPT_008,2024-12-12,11:00,Completed,Annual Health Checkup,20
APT_002569,P_01113,DOC_032,DEPT_016,2024-09-28,17:00,Completed,Annual Health Checkup,16
APT_002570,P_01684,DOC_005,DEPT_006,2024-11-29,11:30,Completed,Routine Follow-up,44
APT_002571,P_02593,DOC_035,DEPT_003,2024-02-04,11:00,Scheduled,Annual Health Checkup,0
APT_002572,P_02252,DOC_006,DEPT_018,2024-11-15,16:45,Completed,Chest Discomfort,33
APT_002573,P_02986,DOC_008,DEPT_005,2024/10/24 00:00:00,08:15,Scheduled,Routine Follow-up,0
APT_002574,P_01265,DOC_027,DEPT_037,2024-07-03,08:45,Completed,Post-Operative Follow-up,16
APT_002575,P_01989,DOC_027,DEPT_037,2024-01-10,12:15,Completed,Chronic Disease Review,55
APT_002576,P_03453,DOC_014,DEPT_009,2025-01-17,09:30,Completed,Annual Health Checkup,50
APT_002577,P_03182,DOC_007,DEPT_024,2024-05-29,12:00,Completed,Chest Discomfort,35
APT_002578,P_01760,DOC_022,DEPT_001,2024-02-29,10:45,Completed,Chest Discomfort,25
APT_002579,P_00988,DOC_040,DEPT_027,22-04-2025,10:15,COMPLETED,Medication Adjustment,47
APT_002580,P_00423,DOC_021,DEPT_019,2024-03-06,10:45,Completed,Chronic Disease Review,19
APT_002581,P_01715,DOC_030,DEPT_014,2024-08-04,10:30,Completed,Diabetes Monitoring,63
APT_002582,P_03055,DOC_032,DEPT_016,2024-04-05,09:00,Completed,Medication Adjustment,23
APT_002583,P_00069,DOC_030,DEPT_014,2024-02-29,14:00,Completed,Respiratory Symptoms,45
APT_002584,P_00360,DOC_018,DEPT_039,2024-04-11,09:00,Completed,Routine Follow-up,17
APT_002585,P_00099,DOC_039,DEPT_007,2025-02-22,16:15,Completed,Annual Health Checkup,52
APT_002586,P_02668,DOC_038,DEPT_031,2024-12-09,15:15,Completed,Medication Adjustment,10
APT_002587,P_01536,DOC_007,DEPT_024,2024-11-14,12:15,COMPLETED,Post-Operative Follow-up,10
APT_002588,P_00254,DOC_001,DEPT_023,2025-01-16,08:45,  Scheduled  ,Diabetes Monitoring,0
APT_002589,P_00300,DOC_028,DEPT_005,2025-04-13,17:00,Completed,Routine Follow-up,36
APT_002590,P_03261,DOC_023,DEPT_007,2025-03-15,15:00,Completed,Annual Health Checkup,42
APT_002591,P_00292,DOC_001,DEPT_023,2024-07-01,13:15,Scheduled,Respiratory Symptoms,0
APT_002592,P_00549,DOC_015,DEPT_038,2024-07-16,11:15,Completed,Respiratory Symptoms,35
APT_002593,P_02810,DOC_006,DEPT_018,2024-04-05,11:00,Completed,Annual Health Checkup,44
APT_002594,P_01552,DOC_025,DEPT_032,2025-01-07,14:45,  Completed  ,Annual Health Checkup,43
APT_002595,P_01469,DOC_040,DEPT_027,2024-08-19,16:45,No-Show,Chronic Disease Review,0
APT_002596,P_00277,DOC_016,DEPT_009,2024-02-11,08:00,Completed,Routine Follow-up,64
APT_002597,P_02388,DOC_003,DEPT_036,2025-02-09,16:15,Completed,Post-Operative Follow-up,43
APT_002598,P_02984,DOC_027,DEPT_037,2024-02-22,13:15,Scheduled,,0
APT_002599,P_02640,DOC_012,DEPT_014,2025-01-08,10:00,Scheduled,Annual Health Checkup,0
APT_002600,P_02002,DOC_020,DEPT_008,2024-01-15,17:45,Scheduled,Post-Operative Follow-up,0
APT_002601,P_02052,DOC_008,DEPT_005,2024-12-08,17:00,Completed,Medication Adjustment,26
APT_002602,P_03260,DOC_037,DEPT_035,2024-07-04,15:45,Completed,Medication Adjustment,51
APT_002603,P_01767,DOC_014,DEPT_009,2024-12-31,14:15,Completed,Annual Health Checkup,32
APT_002604,P_02781,DOC_033,DEPT_002,2025-03-29,12:15,Completed,Routine Follow-up,58
APT_002605,P_00817,DOC_004,DEPT_005,2024-03-30,16:30,Completed,Chronic Disease Review,57
APT_002606,P_02495,DOC_004,DEPT_005,2025-03-02,08:45,Completed,,25
APT_002607,P_02822,DOC_022,DEPT_001,2024-07-07,16:15,Completed,Medication Adjustment,55
APT_002608,P_02775,DOC_031,DEPT_024,2025-03-14,14:00,Completed,Chest Discomfort,34
APT_002609,P_01253,DOC_024,DEPT_024,2024-06-08,12:45,Completed,Chest Discomfort,52
APT_002610,P_00690,DOC_014,DEPT_009,2024-07-16,12:00,Completed,Chest Discomfort,62
APT_002611,P_00669,DOC_039,DEPT_007,2024-12-26,10:00,Completed,Medication Adjustment,46
APT_002612,P_01607,DOC_027,DEPT_037,2024-01-22,13:15,Completed,,54
APT_002613,P_03276,DOC_027,DEPT_037,2025-02-21,10:00,Completed,Post-Operative Follow-up,58
APT_002614,P_01877,DOC_013,DEPT_026,2024-08-28,17:15,completed,Chest Discomfort,33
APT_002615,P_01250,DOC_007,DEPT_024,2025-01-24,11:00,Completed,Medication Adjustment,26
APT_002616,P_01016,DOC_014,DEPT_009,2024-01-08,17:30,COMPLETED,Chronic Disease Review,35
APT_002617,P_01757,DOC_039,DEPT_007,2025-03-27,13:15,Cancelled,Chronic Disease Review,0
APT_002618,P_02762,DOC_009,DEPT_030,2025-04-16,14:15,Scheduled,Chest Discomfort,0
APT_002619,P_00814,DOC_002,DEPT_035,2024-02-18,15:30,Scheduled,Chronic Disease Review,0
APT_002620,P_01414,DOC_035,DEPT_003,2025-04-14,11:15,Completed,Diabetes Monitoring,28
APT_002621,P_01104,DOC_017,DEPT_008,2025-03-11,08:15,Completed,Diabetes Monitoring,15
APT_002622,P_00315,DOC_026,DEPT_020,2024-10-29,08:15,Completed,Routine Follow-up,39
APT_002623,P_01138,DOC_017,DEPT_008,2024-04-12,12:45,Completed,Chronic Disease Review,27
APT_002624,P_03368,DOC_020,DEPT_008,2025-04-01,15:45,Cancelled,,0
APT_002625,P_03258,DOC_022,DEPT_001,2024/04/03 00:00:00,10:30,Scheduled,Medication Adjustment,0
APT_002626,P_00779,DOC_014,DEPT_009,2024-12-03,14:00,Completed,Chronic Disease Review,65
APT_002627,P_03231,DOC_034,DEPT_005,2025-02-16,13:15,Completed,Annual Health Checkup,50
APT_002628,P_01860,DOC_030,DEPT_014,2024-09-22,13:45,COMPLETED,,53
APT_002629,P_01381,DOC_038,DEPT_031,2024-09-18,16:45,COMPLETED,Post-Operative Follow-up,9
APT_002630,P_03349,DOC_015,DEPT_038,2024-05-20,17:45,Completed,Chronic Disease Review,44
APT_002631,P_01716,DOC_029,DEPT_036,2025-03-11,16:45,Completed,Routine Follow-up,38
APT_002632,P_01265,DOC_011,DEPT_021,2024-11-12,09:30,completed,Post-Operative Follow-up,24
APT_002633,P_02076,DOC_018,DEPT_039,2024-04-12,17:30,Completed,Routine Follow-up,21
APT_002634,P_02152,DOC_018,DEPT_039,2025-03-21,14:30,Scheduled,Post-Operative Follow-up,0
APT_002635,P_03239,DOC_029,DEPT_036,2024-06-29,15:15,  Cancelled  ,Medication Adjustment,0
APT_002636,P_01222,DOC_018,DEPT_039,2024-02-01,16:30,Completed,Medication Adjustment,37
APT_002637,P_01413,DOC_022,DEPT_001,2025-04-22,08:30,Completed,Respiratory Symptoms,28
APT_002638,P_01178,DOC_005,DEPT_006,2025-01-27,10:00,Scheduled,Respiratory Symptoms,0
APT_002639,P_01010,DOC_012,DEPT_014,2025-02-15,14:30,No-Show,Chest Discomfort,0
APT_002640,P_00754,DOC_018,DEPT_039,2025-03-17,15:45,Completed,Chest Discomfort,58
APT_002641,P_01567,DOC_029,DEPT_036,2024-03-10,10:15,Scheduled,Routine Follow-up,0
APT_002642,P_02508,DOC_001,DEPT_023,2024-07-19,10:15,Scheduled,Diabetes Monitoring,0
APT_002643,P_00773,DOC_034,DEPT_005,26-10-2024,13:30,Completed,Medication Adjustment,12
APT_002644,P_01884,DOC_038,DEPT_031,2024-06-22,10:30,Completed,Chest Discomfort,46
APT_002645,P_01299,DOC_012,DEPT_014,2024-02-14,10:45,Cancelled,Respiratory Symptoms,0
APT_002646,P_00541,DOC_023,DEPT_007,2025-04-20,16:30,Cancelled,Annual Health Checkup,0
APT_002647,P_00159,DOC_035,DEPT_003,2024-04-28,10:00,Completed,Routine Follow-up,14
APT_002648,P_03046,DOC_001,DEPT_023,2024-09-22,08:00,Cancelled,Chest Discomfort,0
APT_002649,P_00897,DOC_014,DEPT_009,2024-01-23,17:15,Scheduled,Diabetes Monitoring,0
APT_002650,P_02555,DOC_012,DEPT_014,2024-02-07,11:00,COMPLETED,Respiratory Symptoms,38
APT_002651,P_02689,DOC_016,DEPT_009,2024-01-31,15:00,Scheduled,Respiratory Symptoms,0
APT_002652,P_02376,DOC_012,DEPT_014,2024-02-19,10:45,Completed,Chronic Disease Review,65
APT_002653,P_00247,DOC_006,DEPT_018,2024-10-24,13:15,Completed,Diabetes Monitoring,50
APT_002654,P_02050,DOC_014,DEPT_009,2024-04-14,12:30,Scheduled,Chronic Disease Review,0
APT_002655,P_01022,DOC_035,DEPT_003,2024-12-09,12:45,  Completed  ,Post-Operative Follow-up,40
APT_002656,P_00471,DOC_011,DEPT_021,2024-11-28,09:15,Completed,Respiratory Symptoms,17
APT_002657,P_01680,DOC_004,DEPT_005,2024-12-12,15:45,Completed,Routine Follow-up,51
APT_002658,P_00895,DOC_026,DEPT_020,2024-12-23,16:45,Completed,Respiratory Symptoms,8
APT_002659,P_00406,DOC_007,DEPT_024,2025-03-13,16:30,Completed,Chronic Disease Review,11
APT_002660,P_01433,DOC_027,DEPT_037,2025-02-10,17:45,Scheduled,Chronic Disease Review,0
APT_002661,P_02664,DOC_018,DEPT_039,2025-03-16,13:00,Completed,Chronic Disease Review,33
APT_002662,P_00619,DOC_031,DEPT_024,2024-03-18,08:00,Scheduled,Post-Operative Follow-up,0
APT_002663,P_01400,DOC_019,DEPT_039,2024-04-10,10:00,Completed,Chronic Disease Review,39
APT_002664,P_02369,DOC_021,DEPT_019,2025-01-06,12:00,Completed,Chest Discomfort,49
APT_002665,P_00226,DOC_021,DEPT_019,2025-03-28,17:45,Completed,Post-Operative Follow-up,12
APT_002666,P_01905,DOC_031,DEPT_024,2025-01-03,10:00,Scheduled,Annual Health Checkup,0
APT_002667,P_00537,DOC_005,DEPT_006,2024-03-09,13:45,No-Show,Post-Operative Follow-up,0
APT_002668,P_01183,DOC_007,DEPT_024,2024-10-12,09:15,No-Show,Chest Discomfort,0
APT_002669,P_01126,DOC_028,DEPT_005,2024-10-05,13:30,Completed,Respiratory Symptoms,12
APT_002670,P_02448,DOC_013,DEPT_026,2024-10-11,14:45,Cancelled,Post-Operative Follow-up,0
APT_002671,P_01716,DOC_019,DEPT_039,2024-09-20,15:00,Completed,Routine Follow-up,51
APT_002672,P_01949,DOC_029,DEPT_036,2025-03-18,10:45,Completed,Respiratory Symptoms,64
APT_002673,P_02576,DOC_027,DEPT_037,2024-03-14,10:45,Cancelled,Routine Follow-up,0
APT_002674,P_01800,DOC_040,DEPT_027,2024-09-30,13:30,Completed,Diabetes Monitoring,45
APT_002675,P_02910,DOC_037,DEPT_035,2024-12-29,08:45,Scheduled,Respiratory Symptoms,0
APT_002676,P_01777,DOC_015,DEPT_038,2024-11-15,08:30,Completed,Post-Operative Follow-up,52
APT_002677,P_01829,DOC_004,DEPT_005,2025-02-26,16:30,Completed,Chronic Disease Review,62
APT_002678,P_01266,DOC_004,DEPT_005,2024-05-21,14:00,Completed,Diabetes Monitoring,48
APT_002679,P_00905,DOC_028,DEPT_005,2024-11-20,08:30,Completed,Medication Adjustment,11
APT_002680,P_02019,DOC_021,DEPT_019,2024-11-18,09:30,Completed,Chest Discomfort,61
APT_002681,P_02008,DOC_010,DEPT_021,2024-12-26,09:15,Completed,Chest Discomfort,27
APT_002682,P_03387,DOC_013,DEPT_026,2024-10-22,17:30,Completed,Respiratory Symptoms,58
APT_002683,P_00039,DOC_013,DEPT_026,2024-04-27,14:45,Completed,Medication Adjustment,50
APT_002684,P_00315,DOC_006,DEPT_018,2024-05-03,10:30,Scheduled,Chronic Disease Review,0
APT_002685,P_03040,DOC_007,DEPT_024,2024-09-29,13:15,Completed,Chronic Disease Review,20
APT_002686,P_00208,DOC_004,DEPT_005,2024-01-23,15:30,Scheduled,Chronic Disease Review,0
APT_002687,P_02258,DOC_002,DEPT_035,2024-08-07,14:15,Cancelled,Chest Discomfort,0
APT_002688,P_00737,DOC_033,DEPT_002,2024-01-27,13:45,Scheduled,Respiratory Symptoms,0
APT_002689,P_03243,DOC_018,DEPT_039,2024-01-28,15:15,completed,Diabetes Monitoring,43
APT_002690,P_03244,DOC_025,DEPT_032,2024-02-22,14:45,Completed,Annual Health Checkup,52
APT_002691,P_02378,DOC_024,DEPT_024,2025-01-12,13:00,No-Show,Post-Operative Follow-up,0
APT_002692,P_01323,DOC_001,DEPT_023,2025-01-04,08:45,Completed,Post-Operative Follow-up,22
APT_002693,P_00422,DOC_017,DEPT_008,2024-08-06,11:45,Completed,Chronic Disease Review,54
APT_002694,P_02572,DOC_026,DEPT_020,2024-05-18,08:45,Completed,Annual Health Checkup,41
APT_002695,P_02497,DOC_033,DEPT_002,2024-04-15,10:30,Cancelled,Respiratory Symptoms,0
APT_002696,P_02695,DOC_031,DEPT_024,2025-01-17,13:30,UNKNOWN_VAL,Routine Follow-up,0
APT_002697,P_03213,DOC_010,DEPT_021,2024-12-31,11:30,Completed,Routine Follow-up,51
APT_002698,P_02793,DOC_035,DEPT_003,2024-03-08,16:30,No-Show,Chest Discomfort,0
APT_002699,P_00257,DOC_035,DEPT_003,2024-06-10,14:00,Completed,Diabetes Monitoring,54
APT_002700,P_02344,DOC_023,DEPT_007,2024-01-22,16:30,Completed,Diabetes Monitoring,10
APT_002701,P_01759,DOC_023,DEPT_007,2025-01-29,12:30,Cancelled,Chest Discomfort,0
APT_002702,P_00378,DOC_035,DEPT_003,2024-08-02,17:15,  Scheduled  ,Chronic Disease Review,0
APT_002703,P_02239,DOC_020,DEPT_008,2024-12-19,15:30,Scheduled,Respiratory Symptoms,0
APT_002704,P_03052,DOC_019,DEPT_039,2025-02-11,10:15,Scheduled,Chronic Disease Review,0
APT_002705,P_02396,DOC_022,DEPT_001,2025-02-03,10:15,COMPLETED,Chest Discomfort,45
APT_002706,P_00604,DOC_030,DEPT_014,2024-05-25,17:00,CANCELLED,Medication Adjustment,0
APT_002707,P_00885,DOC_006,DEPT_018,2024-07-03,08:30,Completed,Respiratory Symptoms,13
APT_002708,P_02112,DOC_017,DEPT_008,2024-08-07,08:15,No-Show,Chronic Disease Review,0
APT_002709,P_00081,DOC_002,DEPT_035,2024-05-19,13:30,Completed,Chronic Disease Review,32
APT_002710,P_01089,DOC_010,DEPT_021,2025-04-17,13:45,Completed,Chest Discomfort,49
APT_002711,P_02339,DOC_010,DEPT_021,2025-03-03,17:15,Completed,Chronic Disease Review,23
APT_002712,P_01491,DOC_019,DEPT_039,2024-04-16,14:45,Completed,Post-Operative Follow-up,65
APT_002713,P_03058,DOC_038,DEPT_031,2024-08-23,15:00,Completed,Chest Discomfort,44
APT_002714,P_01868,DOC_014,DEPT_009,2024-08-13,10:45,Completed,Chest Discomfort,50
APT_002715,P_01865,DOC_002,DEPT_035,2025-01-08,17:15,COMPLETED,Diabetes Monitoring,28
APT_002716,P_03150,DOC_037,DEPT_035,2025-01-29,15:15,Completed,Chest Discomfort,29
APT_002717,P_02295,DOC_028,DEPT_005,2024-07-13,16:00,Completed,Routine Follow-up,63
APT_002718,P_01194,DOC_014,DEPT_009,2024-01-14,14:30,Completed,Respiratory Symptoms,43
APT_002719,P_01042,DOC_038,DEPT_031,2024-12-27,14:00,Completed,Medication Adjustment,62
APT_002720,P_02953,DOC_021,DEPT_019,2024-08-06,10:15,Completed,Diabetes Monitoring,65
APT_002721,P_01598,DOC_031,DEPT_024,2024-08-06,15:30,  Completed  ,Chronic Disease Review,30
APT_002722,P_02730,DOC_015,DEPT_038,2024-06-15,08:00,Completed,Post-Operative Follow-up,9
APT_002723,P_01043,DOC_030,DEPT_014,2025-01-17,14:15,Completed,Chronic Disease Review,12
APT_002724,P_01942,DOC_006,DEPT_018,2024-09-18,15:30,Completed,Medication Adjustment,64
APT_002725,P_00929,DOC_008,DEPT_005,2025-02-21,17:30,Completed,Medication Adjustment,54
APT_002726,P_01275,DOC_025,DEPT_032,2024-02-18,12:45,Completed,Respiratory Symptoms,49
APT_002727,P_01289,DOC_025,DEPT_032,2024-06-30,13:00,Completed,Annual Health Checkup,10
APT_002728,P_03315,DOC_019,DEPT_039,2024-01-29,13:00,Completed,Diabetes Monitoring,9
APT_002729,P_01894,DOC_012,DEPT_014,2025-04-07,08:15,  Completed  ,Medication Adjustment,56
APT_002730,P_01995,DOC_029,DEPT_036,2024-11-17,16:45,Completed,Respiratory Symptoms,22
APT_002731,P_03091,DOC_027,DEPT_037,2024-06-29,12:00,Completed,Chronic Disease Review,45
APT_002732,P_00119,DOC_023,DEPT_007,2024-06-14,15:15,Completed,Chronic Disease Review,15
APT_002733,P_01498,DOC_038,DEPT_031,2025-02-16,08:45,Cancelled,Routine Follow-up,0
APT_002734,P_01256,DOC_029,DEPT_036,2024-10-16,13:45,Completed,Post-Operative Follow-up,14
APT_002735,P_02394,DOC_008,DEPT_005,2024-03-17,16:15,Completed,Chest Discomfort,61
APT_002736,P_03227,DOC_004,DEPT_005,2025-03-11,08:45,Completed,Annual Health Checkup,56
APT_002737,P_00353,DOC_015,DEPT_038,2024-10-08,14:15,Completed,Respiratory Symptoms,20
APT_002738,P_01179,DOC_027,DEPT_037,2024-04-08,12:30,Completed,Chronic Disease Review,27
APT_002739,P_00519,DOC_006,DEPT_018,2024-09-26,10:15,Completed,Respiratory Symptoms,65
APT_002740,P_01098,DOC_008,DEPT_005,2024-05-27,16:15,No-Show,Chronic Disease Review,0
APT_002741,P_02416,DOC_017,DEPT_008,2024-11-09,15:15,Completed,Chronic Disease Review,26
APT_002742,P_01529,DOC_002,DEPT_035,2024-11-11,09:45,Completed,Diabetes Monitoring,29
APT_002743,P_01250,DOC_035,DEPT_003,2024-04-05,14:15,Completed,Respiratory Symptoms,57
APT_002744,P_01647,DOC_040,DEPT_027,2024-10-17,12:30,Completed,Chronic Disease Review,40
APT_002745,P_00840,DOC_017,DEPT_008,2025-02-12,11:30,Scheduled,Annual Health Checkup,0
APT_002746,P_03389,DOC_004,DEPT_005,2024-12-21,14:00,Completed,Post-Operative Follow-up,9
APT_002747,P_02337,DOC_010,DEPT_021,2024-06-12,11:45,Scheduled,Chest Discomfort,0
APT_002748,P_00445,DOC_012,DEPT_014,2025-03-20,08:30,Completed,Annual Health Checkup,56
APT_002749,P_01647,DOC_014,DEPT_009,2024-09-09,16:30,  Completed  ,Routine Follow-up,38
APT_002750,P_02986,DOC_039,DEPT_007,2024-03-03,08:15,Completed,Respiratory Symptoms,63
APT_002751,P_02046,DOC_011,DEPT_021,2024-10-16,12:00,Completed,Post-Operative Follow-up,56
APT_002752,P_02881,DOC_040,DEPT_027,2024-03-15,14:15,Completed,Chronic Disease Review,44
APT_002753,P_03137,DOC_028,DEPT_005,2024-03-07,13:30,Scheduled,Chronic Disease Review,0
APT_002754,P_02647,DOC_027,DEPT_037,2024-07-03,16:00,Completed,Post-Operative Follow-up,34
APT_002755,P_00085,DOC_037,DEPT_035,2024-03-19,16:15,Completed,Post-Operative Follow-up,35
APT_002756,P_02583,DOC_012,DEPT_014,2024-07-24,17:15,Scheduled,Chronic Disease Review,0
APT_002757,P_01624,DOC_034,DEPT_005,2024-09-25,12:15,Completed,Chronic Disease Review,40
APT_002758,P_02374,DOC_015,DEPT_038,2024-05-12,11:45,Completed,Post-Operative Follow-up,24
APT_002759,P_00344,DOC_026,DEPT_020,2025-01-30,12:00,Cancelled,Routine Follow-up,0
APT_002760,P_00939,DOC_030,DEPT_014,2024-08-27,10:45,Completed,,33
APT_002761,P_00877,DOC_035,DEPT_003,2024-04-23,12:00,Completed,Respiratory Symptoms,22
APT_002762,P_00908,DOC_013,DEPT_026,2024-11-16,08:00,Completed,Chronic Disease Review,51
APT_002763,P_02267,DOC_039,DEPT_007,2024-10-13,11:00,Completed,Medication Adjustment,35
APT_002764,P_01756,DOC_031,DEPT_024,2024-03-27,08:15,Scheduled,Chronic Disease Review,0
APT_002765,P_02595,DOC_009,DEPT_030,2025-04-13,12:30,Completed,Annual Health Checkup,46
APT_002766,P_00126,DOC_040,DEPT_027,2024-11-29,08:30,Completed,Chronic Disease Review,10
APT_002767,P_03138,DOC_004,DEPT_005,2024-06-21,14:45,Completed,Respiratory Symptoms,29
APT_002768,P_01300,DOC_006,DEPT_018,2024-05-11,09:30,Completed,Medication Adjustment,51
APT_002769,P_02103,DOC_024,DEPT_024,2024-05-16,16:30,Cancelled,Diabetes Monitoring,0
APT_002770,P_00528,DOC_005,DEPT_006,2024-07-14,08:45,UNKNOWN_VAL,Chest Discomfort,0
APT_002771,P_02148,DOC_028,DEPT_005,2024-06-13,15:45,Completed,Chronic Disease Review,14
APT_002772,P_02599,DOC_008,DEPT_005,2025-01-19,12:00,Completed,Annual Health Checkup,46
APT_002773,P_03270,DOC_032,DEPT_016,2025-03-06,10:45,Completed,Chest Discomfort,34
APT_002774,P_03395,DOC_028,DEPT_005,2024-02-01,09:15,Scheduled,Chronic Disease Review,0
APT_002775,P_02891,DOC_032,DEPT_016,2024-02-29,09:15,Completed,Diabetes Monitoring,42
APT_002776,P_03246,DOC_021,DEPT_019,2025-03-20,14:45,Scheduled,Chronic Disease Review,0
APT_002777,P_03328,DOC_035,DEPT_003,2025-01-06,16:00,Completed,Post-Operative Follow-up,14
APT_002778,P_00214,DOC_013,DEPT_026,2024-04-18,16:15,Completed,Chest Discomfort,50
APT_002779,P_01011,DOC_025,DEPT_032,2024-03-16,08:15,Scheduled,Chest Discomfort,0
APT_002780,P_02113,DOC_038,DEPT_031,2024-02-13,14:45,Completed,Routine Follow-up,21
APT_002781,P_01934,DOC_035,DEPT_003,03/16/2025,17:00,No-Show,Diabetes Monitoring,0
APT_002782,P_00186,DOC_002,DEPT_035,2025-03-28,10:30,Completed,Respiratory Symptoms,61
APT_002783,P_02231,DOC_029,DEPT_036,2025-02-04,08:00,Completed,Medication Adjustment,61
APT_002784,P_02055,DOC_001,DEPT_023,2024-10-27,17:45,scheduled,Chest Discomfort,0
APT_002785,P_01119,DOC_007,DEPT_024,2024-02-20,08:00,Completed,Chest Discomfort,51
APT_002786,P_03105,DOC_020,DEPT_008,2024-01-15,08:00,Completed,Medication Adjustment,21
APT_002787,P_01789,DOC_005,DEPT_006,2024-01-26,10:00,Scheduled,Respiratory Symptoms,0
APT_002788,P_03415,DOC_007,DEPT_024,2024-09-30,11:45,Completed,Medication Adjustment,21
APT_002789,P_01619,DOC_019,DEPT_039,2025-02-04,08:15,Completed,Chronic Disease Review,59
APT_002790,P_03202,DOC_020,DEPT_008,2024-05-01,13:30,NO-SHOW,Chest Discomfort,0
APT_002791,P_00999,DOC_008,DEPT_005,2024-07-17,10:15,Completed,Diabetes Monitoring,9
APT_002792,P_01586,DOC_002,DEPT_035,29-03-2024,14:15,Completed,Annual Health Checkup,12
APT_002793,P_02593,DOC_032,DEPT_016,2024-09-30,17:15,Completed,Medication Adjustment,65
APT_002794,P_00899,DOC_007,DEPT_024,2025-02-26,12:15,Completed,Diabetes Monitoring,9
APT_002795,P_01431,DOC_017,DEPT_008,2025-04-08,08:45,Completed,Diabetes Monitoring,11
APT_002796,P_01095,DOC_014,DEPT_009,2024-08-27,13:00,Completed,,41
APT_002797,P_00246,DOC_035,DEPT_003,2024-04-03,11:30,Completed,Annual Health Checkup,65
APT_002798,P_02186,DOC_034,DEPT_005,2024-11-24,09:45,completed,,40
APT_002799,P_01650,DOC_006,DEPT_018,2024-07-16,15:45,NO-SHOW,,0
APT_002800,P_03299,DOC_038,DEPT_031,2024-03-16,13:30,Cancelled,Medication Adjustment,0
APT_002801,P_00905,DOC_006,DEPT_018,2024-01-23,14:15,Completed,Chronic Disease Review,18
APT_002802,P_00366,DOC_008,DEPT_005,2024-07-05,13:15,Completed,Chronic Disease Review,10
APT_002803,P_00316,DOC_001,DEPT_023,2025-02-18,08:00,Completed,Post-Operative Follow-up,41
APT_002804,P_01185,DOC_039,DEPT_007,2024-11-21,09:45,No-Show,Chronic Disease Review,0
APT_002805,P_00237,DOC_019,DEPT_039,2025-03-18,12:30,Completed,Medication Adjustment,12
APT_002806,P_01306,DOC_031,DEPT_024,2024-02-03,10:30,Cancelled,Post-Operative Follow-up,0
APT_002807,P_02317,DOC_024,DEPT_024,2024-08-30,16:30,Completed,Annual Health Checkup,40
APT_002808,P_00418,DOC_020,DEPT_008,2024-12-25,11:00,Completed,Post-Operative Follow-up,25
APT_002809,P_01340,DOC_030,DEPT_014,2024-05-30,10:00,Completed,Chronic Disease Review,36
APT_002810,P_00995,DOC_007,DEPT_024,2024-01-21,16:45,  Completed  ,Respiratory Symptoms,61
APT_002811,P_01852,DOC_036,DEPT_016,2024-05-02,13:45,Completed,Medication Adjustment,59
APT_002812,P_02381,DOC_039,DEPT_007,2024-10-22,12:15,Completed,Post-Operative Follow-up,65
APT_002813,P_01185,DOC_025,DEPT_032,2024-07-11,16:45,Scheduled,Respiratory Symptoms,0
APT_002814,P_02513,DOC_039,DEPT_007,2024-05-13,11:30,Completed,Respiratory Symptoms,42
APT_002815,P_01027,DOC_012,DEPT_014,2024-05-10,16:15,Scheduled,Annual Health Checkup,0
APT_002816,P_00217,DOC_013,DEPT_026,2024-02-25,12:45,Cancelled,Diabetes Monitoring,0
APT_002817,P_03361,DOC_022,DEPT_001,2024-08-08,16:30,Completed,Respiratory Symptoms,43
APT_002818,P_00363,DOC_026,DEPT_020,2024-04-30,14:00,Completed,Medication Adjustment,50
APT_002819,P_01874,DOC_022,DEPT_001,2024-10-18,10:15,Cancelled,Annual Health Checkup,0
APT_002820,P_00033,DOC_020,DEPT_008,2024-06-19,17:00,Scheduled,Annual Health Checkup,0
APT_002821,P_00177,DOC_003,DEPT_036,2024-01-03,12:00,Cancelled,Diabetes Monitoring,0
APT_002822,P_00536,DOC_020,DEPT_008,2024-11-04,11:00,Completed,Diabetes Monitoring,34
APT_002823,P_01717,DOC_028,DEPT_005,2025-01-02,11:00,  Completed  ,Post-Operative Follow-up,19
APT_002824,P_03119,DOC_025,DEPT_032,2024-01-12,14:15,Completed,Diabetes Monitoring,34
APT_002825,P_01751,DOC_011,DEPT_021,2024-04-14,14:15,Completed,Chronic Disease Review,62
APT_002826,P_01509,DOC_013,DEPT_026,2024-01-29,08:00,Cancelled,Post-Operative Follow-up,0
APT_002827,P_01179,DOC_021,DEPT_019,2024-05-03,08:30,Completed,Chronic Disease Review,53
APT_002828,P_01599,DOC_040,DEPT_027,2024-11-28,08:30,Scheduled,Chest Discomfort,0
APT_002829,P_02180,DOC_002,DEPT_035,2025-04-10,09:00,Scheduled,Routine Follow-up,0
APT_002830,P_01786,DOC_007,DEPT_024,2024-10-17,10:45,  Completed  ,Post-Operative Follow-up,63
APT_002831,P_01465,DOC_023,DEPT_007,2024/07/31 00:00:00,12:30,Completed,Diabetes Monitoring,37
APT_002832,P_00673,DOC_035,DEPT_003,2025-03-02,13:15,Completed,Chest Discomfort,31
APT_002833,P_01017,DOC_039,DEPT_007,2025-03-06,17:30,COMPLETED,Annual Health Checkup,37
APT_002834,P_00153,DOC_035,DEPT_003,2024-09-07,10:45,Completed,Respiratory Symptoms,65
APT_002835,P_00552,DOC_013,DEPT_026,2024-12-23,09:00,Scheduled,Respiratory Symptoms,0
APT_002836,P_02806,DOC_012,DEPT_014,2024-07-26,15:00,Completed,Respiratory Symptoms,9
APT_002837,P_02092,DOC_012,DEPT_014,2024-12-28,13:45,Completed,Respiratory Symptoms,24
APT_002838,P_00741,DOC_005,DEPT_006,2025-04-04,09:00,Completed,Post-Operative Follow-up,8
APT_002839,P_01056,DOC_002,DEPT_035,2025-04-17,16:00,Completed,Respiratory Symptoms,57
APT_002840,P_02920,DOC_017,DEPT_008,2024-02-11,12:45,  Completed  ,Annual Health Checkup,59
APT_002841,P_00012,DOC_026,DEPT_020,2024-10-28,11:45,Scheduled,Chest Discomfort,0
APT_002842,P_01582,DOC_031,DEPT_024,2024-12-01,12:30,SCHEDULED,Post-Operative Follow-up,0
APT_002843,P_01213,DOC_040,DEPT_027,2024-08-04,17:30,Completed,Routine Follow-up,21
APT_002844,P_00149,DOC_008,DEPT_005,2024-11-24,08:15,Scheduled,Post-Operative Follow-up,0
APT_002845,P_01975,DOC_040,DEPT_027,2024-08-11,08:15,Scheduled,Medication Adjustment,0
APT_002846,P_02479,DOC_011,DEPT_021,2025-03-02,12:00,Completed,Annual Health Checkup,30
APT_002847,P_01719,DOC_027,DEPT_037,2024-11-20,14:15,Completed,Routine Follow-up,36
APT_002848,P_03357,DOC_027,DEPT_037,2025-01-17,13:45,Completed,Chronic Disease Review,49
APT_002849,P_00176,DOC_021,DEPT_019,2024-03-22,15:00,Completed,Routine Follow-up,19
APT_002850,P_00451,DOC_010,DEPT_021,2024-08-31,14:30,COMPLETED,Annual Health Checkup,18
APT_002851,P_00257,DOC_016,DEPT_009,2024-10-11,14:45,  Completed  ,Diabetes Monitoring,37
APT_002852,P_01884,DOC_013,DEPT_026,2024-08-08,11:45,Completed,Chronic Disease Review,54
APT_002853,P_02013,DOC_003,DEPT_036,2024-02-24,16:30,Cancelled,,0
APT_002854,P_01758,DOC_036,DEPT_016,2024-02-27,08:45,Completed,Chronic Disease Review,8
APT_002855,P_02740,DOC_013,DEPT_026,2024-05-11,09:15,Completed,Annual Health Checkup,18
APT_002856,P_02024,DOC_008,DEPT_005,2025-01-16,13:45,Completed,Post-Operative Follow-up,35
APT_002857,P_00476,DOC_005,DEPT_006,2024-07-02,13:15,Cancelled,Diabetes Monitoring,0
APT_002858,P_00073,DOC_006,DEPT_018,2024-10-14,08:15,Completed,Respiratory Symptoms,27
APT_002859,P_00882,DOC_017,DEPT_008,2025-04-01,16:45,Completed,Post-Operative Follow-up,30
APT_002860,P_01685,DOC_037,DEPT_035,2024-10-07,11:15,Completed,Routine Follow-up,42
APT_002861,P_01597,DOC_040,DEPT_027,2025-01-26,16:45,Completed,Respiratory Symptoms,36
APT_002862,P_00054,DOC_018,DEPT_039,2024-01-21,11:15,Completed,Post-Operative Follow-up,62
APT_002863,P_02293,DOC_010,DEPT_021,2025-03-10,08:30,Completed,Annual Health Checkup,21
APT_002864,P_00478,DOC_037,DEPT_035,2025-04-17,08:30,Completed,Annual Health Checkup,29
APT_002865,P_02624,DOC_023,DEPT_007,2024-03-23,08:15,Completed,Chronic Disease Review,24
APT_002866,P_03082,DOC_033,DEPT_002,2024-07-05,14:15,No-Show,Diabetes Monitoring,0
APT_002867,P_00037,DOC_033,DEPT_002,2024-06-15,17:15,Completed,Diabetes Monitoring,15
APT_002868,P_03084,DOC_040,DEPT_027,2024-08-01,13:00,Completed,Respiratory Symptoms,50
APT_002869,P_00044,DOC_017,DEPT_008,03/07/2025,17:00,No-Show,Medication Adjustment,0
APT_002870,P_00065,DOC_020,DEPT_008,2025-01-19,16:45,Completed,Chest Discomfort,43
APT_002871,P_01877,DOC_026,DEPT_020,2024-12-05,14:00,Completed,Respiratory Symptoms,30
APT_002872,P_01244,DOC_008,DEPT_005,2024-05-21,11:30,Completed,Chest Discomfort,55
APT_002873,P_00756,DOC_033,DEPT_002,2024-06-23,17:00,Completed,Medication Adjustment,31
APT_002874,P_01471,DOC_029,DEPT_036,2024-08-03,09:00,No-Show,,0
APT_002875,P_00362,DOC_012,DEPT_014,2024-09-17,14:45,Cancelled,Post-Operative Follow-up,0
APT_002876,P_01983,DOC_027,DEPT_037,2024-07-31,15:45,Completed,Annual Health Checkup,21
APT_002877,P_01598,DOC_029,DEPT_036,2025-03-08,15:45,Completed,Post-Operative Follow-up,33
APT_002878,P_00598,DOC_020,DEPT_008,2024-07-19,14:30,Completed,Medication Adjustment,15
APT_002879,P_02609,DOC_002,DEPT_035,2024-06-01,17:45,Completed,Chest Discomfort,26
APT_002880,P_01681,DOC_026,DEPT_020,2024-11-25,11:30,Completed,Routine Follow-up,19
APT_002881,P_01834,DOC_031,DEPT_024,2025-04-21,09:15,Scheduled,Annual Health Checkup,0
APT_002882,P_01179,DOC_031,DEPT_024,2024-12-20,17:30,Completed,Diabetes Monitoring,58
APT_002883,P_01704,DOC_014,DEPT_009,2025-03-22,08:00,Completed,Annual Health Checkup,9
APT_002884,P_02358,DOC_029,DEPT_036,2024-03-13,15:15,Completed,Medication Adjustment,52
APT_002885,P_01762,DOC_024,DEPT_024,2024-12-01,11:15,Cancelled,Chronic Disease Review,0
APT_002886,P_02869,DOC_015,DEPT_038,2024-08-07,09:45,Completed,,18
APT_002887,P_00497,DOC_030,DEPT_014,2025-03-11,12:45,Completed,Chronic Disease Review,27
APT_002888,P_01755,DOC_033,DEPT_002,2025-01-04,11:15,Completed,Respiratory Symptoms,22
APT_002889,P_02136,DOC_019,DEPT_039,2025-01-22,14:45,Completed,Annual Health Checkup,53
APT_002890,P_00667,DOC_037,DEPT_035,2024-09-02,16:30,Cancelled,Chronic Disease Review,0
APT_002891,P_02106,DOC_039,DEPT_007,2024-08-18,11:00,Cancelled,Routine Follow-up,0
APT_002892,P_01188,DOC_038,DEPT_031,2024-03-08,13:00,Completed,Diabetes Monitoring,47
APT_002893,P_00934,DOC_014,DEPT_009,2025-04-11,11:30,Completed,Diabetes Monitoring,43
APT_002894,P_03153,DOC_004,DEPT_005,2025-03-06,10:15,Completed,Post-Operative Follow-up,38
APT_002895,P_00618,DOC_007,DEPT_024,2024-02-01,13:45,No-Show,Diabetes Monitoring,0
APT_002896,P_02246,DOC_009,DEPT_030,2024-03-11,08:00,Cancelled,Chest Discomfort,0
APT_002897,P_01023,DOC_024,DEPT_024,2025-04-20,16:15,Completed,Routine Follow-up,50
APT_002898,P_01836,DOC_020,DEPT_008,2024-08-23,15:45,Completed,Routine Follow-up,62
APT_002899,P_02794,DOC_039,DEPT_007,2024-01-04,11:00,Completed,Chest Discomfort,44
APT_002900,P_00523,DOC_017,DEPT_008,2024-03-05,09:15,Completed,Diabetes Monitoring,19
APT_002901,P_01912,DOC_039,DEPT_007,2024-11-25,09:30,Completed,Routine Follow-up,23
APT_002902,P_02125,DOC_037,DEPT_035,2024-06-07,15:45,Completed,Post-Operative Follow-up,9
APT_002903,P_00325,DOC_002,DEPT_035,18-08-2024,09:45,Completed,Chronic Disease Review,40
APT_002904,P_02748,DOC_024,DEPT_024,2025-03-26,09:45,Completed,Chest Discomfort,34
APT_002905,P_03240,DOC_019,DEPT_039,2024-01-19,17:30,Cancelled,Post-Operative Follow-up,0
APT_002906,P_00535,DOC_021,DEPT_019,01/04/2025,16:30,Completed,Diabetes Monitoring,49
APT_002907,P_01529,DOC_001,DEPT_023,2024-08-01,12:00,Completed,Medication Adjustment,41
APT_002908,P_02786,DOC_031,DEPT_024,08/10/2024,12:45,No-Show,Medication Adjustment,0
APT_002909,P_00581,DOC_013,DEPT_026,2024-03-09,12:00,Completed,Medication Adjustment,14
APT_002910,P_02217,DOC_008,DEPT_005,2024-02-07,17:15,Scheduled,Chest Discomfort,0
APT_002911,P_02960,DOC_040,DEPT_027,2024-10-28,15:30,Completed,Chronic Disease Review,64
APT_002912,P_02633,DOC_002,DEPT_035,2024-05-12,17:00,Completed,Chest Discomfort,59
APT_002913,P_00996,DOC_005,DEPT_006,2024-12-13,14:15,Scheduled,Post-Operative Follow-up,0
APT_002914,P_02030,DOC_022,DEPT_001,2024-01-01,17:15,Completed,Medication Adjustment,49
APT_002915,P_00743,DOC_009,DEPT_030,2024-05-04,09:45,Completed,Chronic Disease Review,24
APT_002916,P_03310,DOC_002,DEPT_035,2024-12-18,13:15,Completed,Routine Follow-up,43
APT_002917,P_03358,DOC_020,DEPT_008,2025-01-20,13:30,Completed,Medication Adjustment,56
APT_002918,P_01583,DOC_023,DEPT_007,2024-11-15,08:00,Completed,Chest Discomfort,19
APT_002919,P_01057,DOC_038,DEPT_031,2024-05-26,09:30,Scheduled,Annual Health Checkup,0
APT_002920,P_01345,DOC_013,DEPT_026,08/14/2024,14:15,Cancelled,Medication Adjustment,0
APT_002921,P_02543,DOC_025,DEPT_032,2025-01-21,08:30,Completed,Medication Adjustment,55
APT_002922,P_02993,DOC_010,DEPT_021,2024-08-09,17:15,Completed,Respiratory Symptoms,50
APT_002923,P_01772,DOC_038,DEPT_031,2025-02-08,14:15,Completed,Annual Health Checkup,35
APT_002924,P_01657,DOC_017,DEPT_008,2024-11-09,08:15,Completed,Chronic Disease Review,39
APT_002925,P_00686,DOC_002,DEPT_035,2024-03-08,09:00,Completed,Diabetes Monitoring,26
APT_002926,P_00626,DOC_029,DEPT_036,2024-07-17,17:30,Completed,Annual Health Checkup,12
APT_002927,P_00682,DOC_006,DEPT_018,2024-06-09,15:15,Completed,Diabetes Monitoring,20
APT_002928,P_00544,DOC_003,DEPT_036,2024-04-08,08:00,No-Show,Medication Adjustment,0
APT_002929,P_02897,DOC_004,DEPT_005,2024/05/19 00:00:00,12:00,Completed,Diabetes Monitoring,52
APT_002930,P_01504,DOC_019,DEPT_039,2025-01-10,17:45,Completed,Routine Follow-up,29
APT_002931,P_01086,DOC_005,DEPT_006,2025-03-02,16:00,Completed,Respiratory Symptoms,52
APT_002932,P_03252,DOC_001,DEPT_023,2024-04-27,15:00,Completed,Routine Follow-up,19
APT_002933,P_02716,DOC_015,DEPT_038,2024-01-23,10:15,Completed,Post-Operative Follow-up,41
APT_002934,P_01816,DOC_014,DEPT_009,2024-07-14,12:45,Completed,Routine Follow-up,10
APT_002935,P_02637,DOC_003,DEPT_036,2024-04-03,08:45,Cancelled,Post-Operative Follow-up,0
APT_002936,P_01979,DOC_015,DEPT_038,2025-02-06,17:30,Completed,Medication Adjustment,57
APT_002937,P_00130,DOC_039,DEPT_007,2024-11-26,11:30,Completed,Chronic Disease Review,64
APT_002938,P_02733,DOC_011,DEPT_021,2024-03-01,09:45,Completed,,41
APT_002939,P_02573,DOC_033,DEPT_002,2024-04-03,16:30,No-Show,Post-Operative Follow-up,0
APT_002940,P_01853,DOC_011,DEPT_021,2024-04-23,12:15,Completed,Medication Adjustment,55
APT_002941,P_01954,DOC_004,DEPT_005,2024-11-25,08:30,Completed,Diabetes Monitoring,11
APT_002942,P_00925,DOC_016,DEPT_009,2024-09-22,11:30,Completed,Post-Operative Follow-up,49
APT_002943,P_02739,DOC_013,DEPT_026,2025-02-26,12:45,  Cancelled  ,Respiratory Symptoms,0
APT_002944,P_00725,DOC_004,DEPT_005,2024-10-13,17:15,COMPLETED,Respiratory Symptoms,15
APT_002945,P_02393,DOC_024,DEPT_024,2024-09-22,12:45,Completed,Medication Adjustment,58
APT_002946,P_00876,DOC_030,DEPT_014,2024-11-02,17:15,Scheduled,Medication Adjustment,0
APT_002947,P_02201,DOC_007,DEPT_024,2024-08-11,14:15,Completed,Annual Health Checkup,52
APT_002948,P_03372,DOC_039,DEPT_007,2024-04-29,15:00,Completed,Chronic Disease Review,44
APT_002949,P_00014,DOC_009,DEPT_030,2024/12/30 00:00:00,15:45,Completed,Routine Follow-up,60
APT_002950,P_01108,DOC_030,DEPT_014,2024-07-29,15:45,Scheduled,Chronic Disease Review,0
APT_002951,P_03312,DOC_037,DEPT_035,2024-07-02,16:30,Completed,,55
APT_002952,P_01616,DOC_007,DEPT_024,2024/05/05 00:00:00,16:45,Completed,Chest Discomfort,18
APT_002953,P_00550,DOC_029,DEPT_036,2025-01-03,09:45,Completed,Annual Health Checkup,65
APT_002954,P_01702,DOC_017,DEPT_008,2025-02-16,08:30,Completed,Chronic Disease Review,57
APT_002955,P_01222,DOC_004,DEPT_005,08/02/2024,11:30,Completed,Post-Operative Follow-up,21
APT_002956,P_01277,DOC_002,DEPT_035,2024-10-24,13:00,Completed,,23
APT_002957,P_02477,DOC_039,DEPT_007,2025-03-26,14:45,Completed,Post-Operative Follow-up,11
APT_002958,P_02579,DOC_006,DEPT_018,2024-12-04,13:15,Completed,Respiratory Symptoms,49
APT_002959,P_03254,DOC_040,DEPT_027,2025-04-05,16:45,Completed,Respiratory Symptoms,19
APT_002960,P_03468,DOC_013,DEPT_026,2024-06-25,15:15,Scheduled,Routine Follow-up,0
APT_002961,P_02855,DOC_039,DEPT_007,2024-12-17,15:45,Completed,Routine Follow-up,40
APT_002962,P_02785,DOC_032,DEPT_016,2025-04-14,11:00,  Completed  ,Chest Discomfort,26
APT_002963,P_03360,DOC_009,DEPT_030,2024-06-05,10:15,Completed,Diabetes Monitoring,37
APT_002964,P_02337,DOC_034,DEPT_005,2024-09-10,15:45,Completed,Chronic Disease Review,26
APT_002965,P_02331,DOC_029,DEPT_036,2025-01-12,13:30,Completed,Diabetes Monitoring,55
APT_002966,P_02696,DOC_020,DEPT_008,2024-11-09,15:00,No-Show,Post-Operative Follow-up,0
APT_002967,P_01927,DOC_001,DEPT_023,2024-03-06,17:45,Completed,Annual Health Checkup,9
APT_002968,P_03376,DOC_024,DEPT_024,04/15/2024,12:45,Completed,Chest Discomfort,24
APT_002969,P_02970,DOC_011,DEPT_021,2024-09-13,15:15,Scheduled,Annual Health Checkup,0
APT_002970,P_00724,DOC_038,DEPT_031,2025-03-20,08:30,No-Show,Chest Discomfort,0
APT_002971,P_02699,DOC_020,DEPT_008,2025-02-08,15:45,Completed,Chronic Disease Review,21
APT_002972,P_00347,DOC_017,DEPT_008,2025-04-10,08:15,Completed,Post-Operative Follow-up,15
APT_002973,P_00149,DOC_014,DEPT_009,2024-06-03,15:00,Completed,Diabetes Monitoring,8
APT_002974,P_02438,DOC_004,DEPT_005,2024-09-03,16:30,completed,Diabetes Monitoring,65
APT_002975,P_00954,DOC_004,DEPT_005,2024-04-07,13:30,Completed,Post-Operative Follow-up,43
APT_002976,P_01891,DOC_021,DEPT_019,2024-06-15,15:15,  Completed  ,Respiratory Symptoms,57
APT_002977,P_03071,DOC_006,DEPT_018,2024-12-02,09:30,Completed,Annual Health Checkup,27
APT_002978,P_01247,DOC_037,DEPT_035,2024-11-30,15:45,Cancelled,Post-Operative Follow-up,0
APT_002979,P_03404,DOC_011,DEPT_021,2025-02-08,09:45,Cancelled,Diabetes Monitoring,0
APT_002980,P_03081,DOC_021,DEPT_019,2024-04-08,10:15,No-Show,Chronic Disease Review,0
APT_002981,P_02574,DOC_025,DEPT_032,2024-12-28,16:30,Completed,Diabetes Monitoring,11
APT_002982,P_00112,DOC_028,DEPT_005,2024-09-29,13:30,Completed,Respiratory Symptoms,35
APT_002983,P_03241,DOC_032,DEPT_016,2024-03-18,09:15,Completed,Chest Discomfort,19
APT_002984,P_00856,DOC_036,DEPT_016,12-04-2024,10:00,Scheduled,,0
APT_002985,P_00885,DOC_034,DEPT_005,2024-01-10,17:30,Completed,Chest Discomfort,43
APT_002986,P_01847,DOC_027,DEPT_037,2025-03-25,09:00,Completed,Chronic Disease Review,25
APT_002987,P_02448,DOC_012,DEPT_014,2025-04-13,14:00,No-Show,Annual Health Checkup,0
APT_002988,P_01390,DOC_010,DEPT_021,2024-06-29,09:15,Completed,Chest Discomfort,52
APT_002989,P_02539,DOC_011,DEPT_021,2024-01-24,12:45,Completed,Post-Operative Follow-up,30
APT_002990,P_00195,DOC_014,DEPT_009,2024-07-31,11:45,Completed,Diabetes Monitoring,26
APT_002991,P_01469,DOC_030,DEPT_014,2024-05-28,15:00,Completed,Annual Health Checkup,33
APT_002992,P_03005,DOC_009,DEPT_030,2024-06-14,09:30,Scheduled,Diabetes Monitoring,0
APT_002993,P_00742,DOC_027,DEPT_037,2024-02-17,09:15,Completed,Respiratory Symptoms,24
APT_002994,P_01233,DOC_030,DEPT_014,2024-06-17,10:45,Scheduled,Chest Discomfort,0
APT_002995,P_03296,DOC_016,DEPT_009,2024-12-09,14:30,Completed,Routine Follow-up,60
APT_002996,P_03032,DOC_023,DEPT_007,2024-08-10,13:45,Completed,Medication Adjustment,30
APT_002997,P_02459,DOC_013,DEPT_026,2024-02-24,08:15,Completed,Medication Adjustment,52
APT_002998,P_02778,DOC_019,DEPT_039,2025-02-21,08:45,Scheduled,Diabetes Monitoring,0
APT_002999,P_01625,DOC_013,DEPT_026,2024-08-26,08:00,Completed,Medication Adjustment,32
APT_003000,P_03487,DOC_039,DEPT_007,2024-10-20,16:45,Cancelled,Annual Health Checkup,0
APT_003001,P_00008,DOC_018,DEPT_039,2024-08-19,08:00,Completed,Routine Follow-up,32
APT_003002,P_00173,DOC_034,DEPT_005,2024-11-28,14:15,Completed,Chest Discomfort,21
APT_003003,P_01687,DOC_003,DEPT_036,2024-04-10,13:30,Completed,Routine Follow-up,52
APT_003004,P_03158,DOC_021,DEPT_019,2024-03-09,10:15,Completed,Post-Operative Follow-up,48
APT_003005,P_02717,DOC_027,DEPT_037,2024-10-20,12:15,No-Show,Respiratory Symptoms,0
APT_003006,P_02335,DOC_034,DEPT_005,2024-08-16,11:45,Completed,Routine Follow-up,53
APT_003007,P_02067,DOC_004,DEPT_005,2024-11-24,09:30,Completed,Respiratory Symptoms,41
APT_003008,P_03161,DOC_034,DEPT_005,2024-10-17,14:30,Completed,Annual Health Checkup,33
APT_003009,P_03290,DOC_016,DEPT_009,2024-01-27,13:30,Completed,Chest Discomfort,10
APT_003010,P_01796,DOC_006,DEPT_018,2024-04-27,11:30,Completed,Medication Adjustment,10
APT_003011,P_01835,DOC_011,DEPT_021,2024-11-11,10:15,Completed,Chronic Disease Review,18
APT_003012,P_02888,DOC_012,DEPT_014,2025-01-19,12:30,Completed,Annual Health Checkup,30
APT_003013,P_02602,DOC_038,DEPT_031,2024-10-08,15:00,Completed,,47
APT_003014,P_01749,DOC_013,DEPT_026,2025-04-25,14:00,UNKNOWN_VAL,Routine Follow-up,0
APT_003015,P_00481,DOC_021,DEPT_019,2024-04-11,12:15,Completed,Diabetes Monitoring,60
APT_003016,P_01262,DOC_040,DEPT_027,04/05/2025,08:15,Completed,Chest Discomfort,61
APT_003017,P_03346,DOC_020,DEPT_008,2025-01-28,12:45,Cancelled,Chronic Disease Review,0
APT_003018,P_02093,DOC_009,DEPT_030,2024-11-15,15:15,Completed,Chronic Disease Review,18
APT_003019,P_01571,DOC_023,DEPT_007,2024-07-04,11:15,Completed,,20
APT_003020,P_00922,DOC_030,DEPT_014,2024-08-15,09:00,Completed,Chest Discomfort,45
APT_003021,P_01263,DOC_013,DEPT_026,2024-12-27,11:15,Completed,Respiratory Symptoms,53
APT_003022,P_02316,DOC_029,DEPT_036,2024-08-03,08:30,Cancelled,Chronic Disease Review,0
APT_003023,P_02606,DOC_004,DEPT_005,2025-02-04,14:15,Scheduled,Chest Discomfort,0
APT_003024,P_02842,DOC_017,DEPT_008,2024-04-25,14:00,Completed,Respiratory Symptoms,62
APT_003025,P_02588,DOC_036,DEPT_016,2024-11-17,14:45,No-Show,Post-Operative Follow-up,0
APT_003026,P_02850,DOC_036,DEPT_016,2024-03-07,15:15,COMPLETED,Annual Health Checkup,62
APT_003027,P_00900,DOC_008,DEPT_005,2024-07-05,17:45,Completed,Chronic Disease Review,13
APT_003028,P_00687,DOC_007,DEPT_024,2025-02-28,12:30,Completed,Medication Adjustment,17
APT_003029,P_01192,DOC_020,DEPT_008,2024-03-10,17:00,Completed,,47
APT_003030,P_03321,DOC_024,DEPT_024,2024-09-19,10:30,Completed,Medication Adjustment,22
APT_003031,P_03408,DOC_012,DEPT_014,2024-08-13,16:45,No-Show,Respiratory Symptoms,0
APT_003032,P_03415,DOC_019,DEPT_039,2024-03-15,17:30,Completed,Respiratory Symptoms,42
APT_003033,P_01781,DOC_034,DEPT_005,2024-12-04,14:00,Completed,Medication Adjustment,57
APT_003034,P_02072,DOC_025,DEPT_032,2025-04-13,15:30,Completed,Medication Adjustment,47
APT_003035,P_03335,DOC_008,DEPT_005,2024-08-28,17:00,Scheduled,Medication Adjustment,0
APT_003036,P_02866,DOC_009,DEPT_030,2025-04-13,14:30,Completed,Diabetes Monitoring,23
APT_003037,P_01241,DOC_040,DEPT_027,2024-01-17,15:45,Completed,Routine Follow-up,19
APT_003038,P_01660,DOC_004,DEPT_005,2024-08-02,11:15,Completed,Chest Discomfort,46
APT_003039,P_01439,DOC_019,DEPT_039,2025-03-21,12:00,COMPLETED,Respiratory Symptoms,34
APT_003040,P_01226,DOC_014,DEPT_009,2024-11-04,08:45,Scheduled,Annual Health Checkup,0
APT_003041,P_01351,DOC_035,DEPT_003,2024-11-01,13:30,Scheduled,Post-Operative Follow-up,0
APT_003042,P_00240,DOC_027,DEPT_037,2024-11-06,17:15,COMPLETED,Annual Health Checkup,45
APT_003043,P_02993,DOC_018,DEPT_039,2024-07-13,14:00,Completed,Post-Operative Follow-up,58
APT_003044,P_02536,DOC_010,DEPT_021,2024-05-29,17:30,No-Show,Chronic Disease Review,0
APT_003045,P_03003,DOC_030,DEPT_014,2024-09-19,14:45,Completed,Routine Follow-up,21
APT_003046,P_01446,DOC_033,DEPT_002,2024-08-22,14:30,Completed,Respiratory Symptoms,42
APT_003047,P_03368,DOC_017,DEPT_008,2024-08-09,14:30,Completed,Chest Discomfort,36
APT_003048,P_00963,DOC_026,DEPT_020,2024-07-18,12:15,No-Show,Chronic Disease Review,0
APT_003049,P_03237,DOC_011,DEPT_021,2025-03-11,08:15,Completed,Medication Adjustment,24
APT_003050,P_00531,DOC_001,DEPT_023,2024-09-15,09:45,Completed,Routine Follow-up,63
APT_003051,P_02007,DOC_008,DEPT_005,2024-09-24,11:00,completed,Chronic Disease Review,31
APT_003052,P_01326,DOC_033,DEPT_002,2024-01-02,12:30,Completed,,53
APT_003053,P_02829,DOC_009,DEPT_030,2024-01-26,11:45,Cancelled,Post-Operative Follow-up,0
APT_003054,P_00936,DOC_010,DEPT_021,2024-07-06,17:15,Cancelled,Chronic Disease Review,0
APT_003055,P_03123,DOC_027,DEPT_037,2024-01-17,17:45,Completed,Post-Operative Follow-up,12
APT_003056,P_03372,DOC_002,DEPT_035,2025-04-24,08:00,Cancelled,Routine Follow-up,0
APT_003057,P_01467,DOC_030,DEPT_014,2024-06-08,14:45,Completed,Chronic Disease Review,48
APT_003058,P_00848,DOC_018,DEPT_039,2025-01-28,10:15,Completed,Diabetes Monitoring,20
APT_003059,P_00710,DOC_040,DEPT_027,2024-06-02,17:30,Completed,Respiratory Symptoms,23
APT_003060,P_03415,DOC_037,DEPT_035,2024-12-09,14:00,Completed,Chronic Disease Review,17
APT_003061,P_00223,DOC_002,DEPT_035,2024-08-05,09:15,Completed,Post-Operative Follow-up,38
APT_003062,P_03009,DOC_004,DEPT_005,2025-02-04,12:30,Completed,Routine Follow-up,8
APT_003063,P_03011,DOC_018,DEPT_039,2025-03-28,17:15,Completed,Diabetes Monitoring,23
APT_003064,P_02899,DOC_003,DEPT_036,2024-11-25,15:45,Completed,Annual Health Checkup,36
APT_003065,P_02145,DOC_019,DEPT_039,2024-01-15,11:00,Completed,Respiratory Symptoms,18
APT_003066,P_02172,DOC_028,DEPT_005,14-05-2024,09:15,Completed,Annual Health Checkup,38
APT_003067,P_02758,DOC_024,DEPT_024,2024-07-07,15:30,Completed,Routine Follow-up,17
APT_003068,P_00088,DOC_039,DEPT_007,2025-03-05,09:00,Completed,Respiratory Symptoms,24
APT_003069,P_01662,DOC_026,DEPT_020,2024-01-17,08:45,Completed,Medication Adjustment,56
APT_003070,P_01086,DOC_027,DEPT_037,2024-02-01,11:30,Scheduled,Annual Health Checkup,0
APT_003071,P_01435,DOC_018,DEPT_039,2025-01-30,14:45,Scheduled,Annual Health Checkup,0
APT_003072,P_00193,DOC_001,DEPT_023,2024-09-17,15:00,Completed,Annual Health Checkup,24
APT_003073,P_00257,DOC_015,DEPT_038,2024-11-03,10:45,Completed,Diabetes Monitoring,60
APT_003074,P_00910,DOC_030,DEPT_014,2024-01-23,14:00,COMPLETED,Annual Health Checkup,49
APT_003075,P_02422,DOC_009,DEPT_030,2024-05-06,08:00,Completed,Medication Adjustment,48
APT_003076,P_01708,DOC_012,DEPT_014,2025-02-08,17:30,Completed,Medication Adjustment,39
APT_003077,P_02047,DOC_040,DEPT_027,2025-03-02,13:00,Completed,Post-Operative Follow-up,62
APT_003078,P_02724,DOC_001,DEPT_023,2024-08-12,15:30,Completed,Respiratory Symptoms,62
APT_003079,P_03138,DOC_004,DEPT_005,2024-06-16,16:00,Completed,Post-Operative Follow-up,56
APT_003080,P_01488,DOC_002,DEPT_035,2024/04/14 00:00:00,11:30,Completed,Respiratory Symptoms,23
APT_003081,P_02877,DOC_022,DEPT_001,2024-11-19,08:30,Completed,Annual Health Checkup,38
APT_003082,P_02424,DOC_033,DEPT_002,2024-04-28,14:00,Completed,Annual Health Checkup,63
APT_003083,P_00067,DOC_016,DEPT_009,2024-06-29,12:45,Completed,Annual Health Checkup,15
APT_003084,P_00459,DOC_034,DEPT_005,2024-12-16,16:30,Completed,Chronic Disease Review,35
APT_003085,P_00048,DOC_032,DEPT_016,2024-04-02,16:00,Scheduled,Chest Discomfort,0
APT_003086,P_00616,DOC_018,DEPT_039,2024-01-06,12:00,Scheduled,Chest Discomfort,0
APT_003087,P_00530,DOC_017,DEPT_008,2024-01-11,08:45,completed,Chest Discomfort,23
APT_003088,P_01056,DOC_034,DEPT_005,2024-03-01,10:15,Completed,Chest Discomfort,38
APT_003089,P_02669,DOC_029,DEPT_036,2024-10-30,16:15,Completed,Post-Operative Follow-up,58
APT_003090,P_01749,DOC_040,DEPT_027,2024-09-16,09:30,Completed,Respiratory Symptoms,11
APT_003091,P_01610,DOC_011,DEPT_021,2025-02-03,10:45,Completed,Diabetes Monitoring,54
APT_003092,P_00567,DOC_023,DEPT_007,2024-08-28,14:15,Completed,Routine Follow-up,19
APT_003093,P_01791,DOC_020,DEPT_008,2024-12-12,08:00,No-Show,Diabetes Monitoring,0
APT_003094,P_02979,DOC_030,DEPT_014,2024-01-26,15:00,No-Show,Chest Discomfort,0
APT_003095,P_01421,DOC_020,DEPT_008,2024-08-03,08:00,Cancelled,Chronic Disease Review,0
APT_003096,P_02751,DOC_024,DEPT_024,2024-09-12,13:45,Completed,Chest Discomfort,9
APT_003097,P_00037,DOC_014,DEPT_009,2024-08-14,16:15,Completed,Diabetes Monitoring,24
APT_003098,P_03234,DOC_027,DEPT_037,2024-02-17,10:45,Scheduled,Diabetes Monitoring,0
APT_003099,P_00015,DOC_003,DEPT_036,2025-02-06,12:15,NO-SHOW,Chronic Disease Review,0
APT_003100,P_01524,DOC_001,DEPT_023,15-03-2024,08:30,Scheduled,Medication Adjustment,0
APT_003101,P_02072,DOC_034,DEPT_005,2024-11-21,14:00,Completed,Chest Discomfort,20
APT_003102,P_01162,DOC_037,DEPT_035,2024-12-20,14:00,Completed,Respiratory Symptoms,62
APT_003103,P_03244,DOC_005,DEPT_006,2024-11-30,08:15,Completed,Routine Follow-up,21
APT_003104,P_03378,DOC_040,DEPT_027,2025-04-05,16:30,Scheduled,Medication Adjustment,0
APT_003105,P_02975,DOC_019,DEPT_039,2024-03-02,12:00,No-Show,Routine Follow-up,0
APT_003106,P_00602,DOC_018,DEPT_039,2024-11-21,17:45,Cancelled,Diabetes Monitoring,0
APT_003107,P_02914,DOC_021,DEPT_019,2025-03-26,16:45,Scheduled,Medication Adjustment,0
APT_003108,P_01079,DOC_032,DEPT_016,2024-07-08,09:45,Completed,Diabetes Monitoring,58
APT_003109,P_02339,DOC_015,DEPT_038,2025-03-16,15:15,Completed,Post-Operative Follow-up,41
APT_003110,P_03174,DOC_015,DEPT_038,2025-02-16,15:45,Completed,Respiratory Symptoms,10
APT_003111,P_03388,DOC_026,DEPT_020,2024-08-23,08:00,Scheduled,Diabetes Monitoring,0
APT_003112,P_01816,DOC_035,DEPT_003,2024-06-24,10:15,Completed,Post-Operative Follow-up,10
APT_003113,P_00758,DOC_015,DEPT_038,03/24/2025,15:30,Scheduled,Post-Operative Follow-up,0
APT_003114,P_02080,DOC_009,DEPT_030,2024-05-19,17:45,Completed,Medication Adjustment,26
APT_003115,P_00673,DOC_021,DEPT_019,2024-05-31,17:15,Completed,Chronic Disease Review,10
APT_003116,P_02868,DOC_039,DEPT_007,27-03-2025,12:00,Completed,Medication Adjustment,27
APT_003117,P_02295,DOC_023,DEPT_007,2024-09-07,11:15,Completed,Diabetes Monitoring,26
APT_003118,P_01784,DOC_016,DEPT_009,2025-03-31,13:15,Completed,Routine Follow-up,54
APT_003119,P_01886,DOC_039,DEPT_007,2024-12-06,17:30,Completed,Annual Health Checkup,12
APT_003120,P_02903,DOC_015,DEPT_038,2024-05-21,10:45,Cancelled,Chronic Disease Review,0
APT_003121,P_01178,DOC_036,DEPT_016,2024-08-19,15:45,Completed,Chest Discomfort,62
APT_003122,P_03307,DOC_013,DEPT_026,2024-12-13,11:30,Completed,Respiratory Symptoms,24
APT_003123,P_00183,DOC_033,DEPT_002,2025-04-16,15:15,Completed,Annual Health Checkup,43
APT_003124,P_00132,DOC_022,DEPT_001,2024-12-18,16:45,Completed,Routine Follow-up,23
APT_003125,P_00058,DOC_023,DEPT_007,2024-09-23,13:00,No-Show,Annual Health Checkup,0
APT_003126,P_03048,DOC_017,DEPT_008,2024-07-10,14:30,Completed,Medication Adjustment,63
APT_003127,P_01530,DOC_006,DEPT_018,2025-03-23,08:45,Completed,Routine Follow-up,51
APT_003128,P_03283,DOC_033,DEPT_002,2025-02-05,17:00,Scheduled,Chronic Disease Review,0
APT_003129,P_01348,DOC_007,DEPT_024,2024-05-24,17:00,NO-SHOW,Routine Follow-up,0
APT_003130,P_01032,DOC_002,DEPT_035,2025-02-24,15:30,Completed,Diabetes Monitoring,23
APT_003131,P_00340,DOC_001,DEPT_023,2024-09-04,10:45,Completed,Medication Adjustment,50
APT_003132,P_01775,DOC_039,DEPT_007,2024-06-03,13:30,Completed,Annual Health Checkup,42
APT_003133,P_00948,DOC_017,DEPT_008,2024-10-28,17:30,Scheduled,Routine Follow-up,0
APT_003134,P_01155,DOC_027,DEPT_037,2024-07-24,10:00,Scheduled,Post-Operative Follow-up,0
APT_003135,P_03361,DOC_025,DEPT_032,2024-12-16,15:30,Completed,Respiratory Symptoms,39
APT_003136,P_01693,DOC_025,DEPT_032,2024-09-29,08:45,Completed,Medication Adjustment,44
APT_003137,P_03403,DOC_027,DEPT_037,2024-04-11,10:45,Cancelled,Chest Discomfort,0
APT_003138,P_02620,DOC_018,DEPT_039,2024/10/20 00:00:00,10:45,Completed,Chest Discomfort,13
APT_003139,P_03196,DOC_001,DEPT_023,2024-08-19,11:15,  Scheduled  ,Respiratory Symptoms,0
APT_003140,P_02080,DOC_040,DEPT_027,2024-04-02,14:45,Scheduled,Post-Operative Follow-up,0
APT_003141,P_00867,DOC_011,DEPT_021,2024-12-12,14:15,Completed,Post-Operative Follow-up,22
APT_003142,P_01072,DOC_017,DEPT_008,2024-04-16,11:30,Completed,Chest Discomfort,32
APT_003143,P_01836,DOC_037,DEPT_035,2024-07-07,11:30,Completed,,57
APT_003144,P_02060,DOC_030,DEPT_014,2024-04-21,14:00,Completed,Post-Operative Follow-up,49
APT_003145,P_00353,DOC_028,DEPT_005,2025-03-18,17:15,Scheduled,Annual Health Checkup,0
APT_003146,P_02757,DOC_027,DEPT_037,2024-11-03,10:00,Completed,Respiratory Symptoms,34
APT_003147,P_03113,DOC_018,DEPT_039,2024-11-22,17:15,Completed,Post-Operative Follow-up,34
APT_003148,P_03205,DOC_025,DEPT_032,04/18/2025,17:45,completed,Chronic Disease Review,44
APT_003149,P_03147,DOC_022,DEPT_001,2024-07-13,14:15,Completed,Diabetes Monitoring,41
APT_003150,P_02839,DOC_036,DEPT_016,2024-12-01,14:00,Completed,Chest Discomfort,16
APT_003151,P_01314,DOC_008,DEPT_005,2025-03-20,13:15,Completed,Respiratory Symptoms,42
APT_003152,P_01482,DOC_013,DEPT_026,2024-07-20,12:15,Completed,Medication Adjustment,18
APT_003153,P_01439,DOC_027,DEPT_037,2024-09-13,13:45,no-show,Respiratory Symptoms,0
APT_003154,P_02999,DOC_022,DEPT_001,2025-03-27,16:15,Completed,Annual Health Checkup,55
APT_003155,P_00325,DOC_027,DEPT_037,2024-06-08,12:00,UNKNOWN_VAL,Diabetes Monitoring,59
APT_003156,P_02134,DOC_016,DEPT_009,2024-09-04,17:00,completed,Diabetes Monitoring,11
APT_003157,P_00061,DOC_009,DEPT_030,2024-09-28,08:30,Completed,Annual Health Checkup,21
APT_003158,P_03090,DOC_012,DEPT_014,2025-02-15,12:45,Completed,Post-Operative Follow-up,29
APT_003159,P_00330,DOC_030,DEPT_014,2024-06-06,09:15,Completed,Diabetes Monitoring,14
APT_003160,P_02998,DOC_027,DEPT_037,2024-10-06,08:30,Completed,Chest Discomfort,35
APT_003161,P_01749,DOC_019,DEPT_039,2024-04-12,10:00,No-Show,Diabetes Monitoring,0
APT_003162,P_01321,DOC_030,DEPT_014,2025-01-12,10:45,Scheduled,Routine Follow-up,0
APT_003163,P_01301,DOC_026,DEPT_020,2025-02-03,08:45,Completed,Chest Discomfort,33
APT_003164,P_03121,DOC_029,DEPT_036,2024-06-27,17:30,Cancelled,Chest Discomfort,0
APT_003165,P_02470,DOC_012,DEPT_014,2024/10/16 00:00:00,09:00,Scheduled,Respiratory Symptoms,0
APT_003166,P_00569,DOC_010,DEPT_021,2024-12-11,08:15,Completed,Respiratory Symptoms,28
APT_003167,P_00225,DOC_016,DEPT_009,2024-04-01,10:00,Completed,Routine Follow-up,52
APT_003168,P_02931,DOC_005,DEPT_006,2024-09-24,09:15,Scheduled,Routine Follow-up,0
APT_003169,P_02081,DOC_038,DEPT_031,2024-10-02,16:30,Completed,Medication Adjustment,52
APT_003170,P_00473,DOC_006,DEPT_018,2024-06-19,17:00,Scheduled,Diabetes Monitoring,0
APT_003171,P_01493,DOC_017,DEPT_008,2024-12-23,14:00,Completed,Post-Operative Follow-up,30
APT_003172,P_00513,DOC_008,DEPT_005,2024-09-12,10:45,Cancelled,Chest Discomfort,0
APT_003173,P_02489,DOC_017,DEPT_008,2024-03-06,14:30,No-Show,Diabetes Monitoring,0
APT_003174,P_02817,DOC_001,DEPT_023,2025-02-06,08:00,Completed,Routine Follow-up,61
APT_003175,P_03310,DOC_033,DEPT_002,2024-01-04,08:30,Cancelled,Post-Operative Follow-up,0
APT_003176,P_02779,DOC_037,DEPT_035,2025-03-22,17:15,NO-SHOW,Annual Health Checkup,0
APT_003177,P_03183,DOC_006,DEPT_018,2024-11-05,15:45,Completed,Respiratory Symptoms,56
APT_003178,P_01499,DOC_032,DEPT_016,2024-02-21,14:00,Completed,Routine Follow-up,48
APT_003179,P_01953,DOC_013,DEPT_026,2025-04-04,10:30,Completed,Respiratory Symptoms,60
APT_003180,P_01221,DOC_004,DEPT_005,2024-05-17,17:45,Cancelled,Diabetes Monitoring,0
APT_003181,P_01920,DOC_015,DEPT_038,2024-10-05,15:45,Completed,Post-Operative Follow-up,24
APT_003182,P_00945,DOC_012,DEPT_014,2024-08-21,10:15,Completed,Annual Health Checkup,52
APT_003183,P_02493,DOC_018,DEPT_039,2025-03-15,14:00,Scheduled,Chronic Disease Review,0
APT_003184,P_00850,DOC_013,DEPT_026,2025-01-14,14:00,Cancelled,Medication Adjustment,0
APT_003185,P_01589,DOC_029,DEPT_036,2024-07-15,17:45,Completed,Annual Health Checkup,18
APT_003186,P_00388,DOC_010,DEPT_021,2024-08-30,17:45,Completed,Medication Adjustment,23
APT_003187,P_02467,DOC_011,DEPT_021,2025-03-18,14:30,Completed,Chronic Disease Review,42
APT_003188,P_02826,DOC_012,DEPT_014,2024-06-13,11:00,CANCELLED,Diabetes Monitoring,0
APT_003189,P_00062,DOC_007,DEPT_024,2024-02-23,14:30,Completed,Chest Discomfort,10
APT_003190,P_02630,DOC_035,DEPT_003,2024-09-16,11:00,Cancelled,Diabetes Monitoring,0
APT_003191,P_02256,DOC_035,DEPT_003,2025-03-25,09:45,  Completed  ,Annual Health Checkup,47
APT_003192,P_00458,DOC_001,DEPT_023,2024-07-24,13:00,Completed,Respiratory Symptoms,25
APT_003193,P_02066,DOC_013,DEPT_026,2025-01-10,10:00,No-Show,Chronic Disease Review,0
APT_003194,P_01612,DOC_030,DEPT_014,2024-02-07,14:00,Completed,Annual Health Checkup,35
APT_003195,P_03308,DOC_033,DEPT_002,2024-07-03,11:30,Cancelled,Routine Follow-up,0
APT_003196,P_00256,DOC_037,DEPT_035,2024-10-22,14:00,Completed,Chronic Disease Review,14
APT_003197,P_03308,DOC_038,DEPT_031,2024-09-12,08:30,Completed,Diabetes Monitoring,12
APT_003198,P_00809,DOC_020,DEPT_008,2024-11-07,10:00,Completed,Post-Operative Follow-up,29
APT_003199,P_03397,DOC_002,DEPT_035,2024-12-22,09:30,Completed,Respiratory Symptoms,25
APT_003200,P_03201,DOC_002,DEPT_035,2024-11-19,12:00,Scheduled,Diabetes Monitoring,0
APT_003201,P_03119,DOC_001,DEPT_023,2025-03-16,17:15,Completed,Routine Follow-up,37
APT_003202,P_02509,DOC_024,DEPT_024,2024-03-31,14:30,Completed,Routine Follow-up,10
APT_003203,P_01137,DOC_037,DEPT_035,2025-01-03,13:30,Completed,Diabetes Monitoring,14
APT_003204,P_00662,DOC_037,DEPT_035,2024-08-08,17:15,Completed,Post-Operative Follow-up,43
APT_003205,P_02706,DOC_010,DEPT_021,2024-08-24,14:30,Cancelled,Routine Follow-up,0
APT_003206,P_02374,DOC_015,DEPT_038,2024-04-27,12:30,Completed,Routine Follow-up,60
APT_003207,P_01374,DOC_035,DEPT_003,2024-07-17,08:15,Scheduled,Chest Discomfort,0
APT_003208,P_00197,DOC_010,DEPT_021,27-10-2024,11:15,Scheduled,Routine Follow-up,0
APT_003209,P_02899,DOC_033,DEPT_002,2025-03-11,14:00,Completed,Medication Adjustment,53
APT_003210,P_00775,DOC_024,DEPT_024,2025-02-06,12:30,Completed,Post-Operative Follow-up,57
APT_003211,P_03334,DOC_036,DEPT_016,2024-07-11,10:15,Completed,Chest Discomfort,25
APT_003212,P_00761,DOC_032,DEPT_016,2024-11-14,16:00,Completed,Routine Follow-up,11
APT_003213,P_01503,DOC_034,DEPT_005,2024-12-30,08:45,CANCELLED,Chest Discomfort,0
APT_003214,P_03068,DOC_035,DEPT_003,2024-10-27,16:00,Completed,Routine Follow-up,45
APT_003215,P_01116,DOC_035,DEPT_003,2024-03-08,11:15,Completed,Routine Follow-up,26
APT_003216,P_03177,DOC_039,DEPT_007,2024-07-11,13:15,Cancelled,Respiratory Symptoms,0
APT_003217,P_02193,DOC_040,DEPT_027,2024-02-11,15:15,Completed,Medication Adjustment,63
APT_003218,P_02553,DOC_027,DEPT_037,2025-02-28,13:15,Scheduled,,0
APT_003219,P_01658,DOC_024,DEPT_024,2024-04-19,16:45,No-Show,Respiratory Symptoms,0
APT_003220,P_01721,DOC_003,DEPT_036,2024-10-14,11:30,Cancelled,Chest Discomfort,0
APT_003221,P_03257,DOC_029,DEPT_036,2024-09-27,08:00,Completed,Medication Adjustment,55
APT_003222,P_01665,DOC_006,DEPT_018,2024-04-10,13:30,CANCELLED,Chronic Disease Review,0
APT_003223,P_03052,DOC_023,DEPT_007,2024-07-21,09:45,Completed,Annual Health Checkup,34
APT_003224,P_00661,DOC_035,DEPT_003,2024-06-08,15:00,  No-Show  ,Medication Adjustment,0
APT_003225,P_00725,DOC_029,DEPT_036,2024-10-25,14:30,Completed,Medication Adjustment,65
APT_003226,P_01882,DOC_016,DEPT_009,2024-11-26,17:45,Completed,Chronic Disease Review,62
APT_003227,P_03124,DOC_013,DEPT_026,2025-03-24,10:30,Scheduled,Respiratory Symptoms,0
APT_003228,P_01732,DOC_016,DEPT_009,2024-10-24,13:30,Completed,Respiratory Symptoms,20
APT_003229,P_01617,DOC_017,DEPT_008,2024-03-12,12:00,Completed,Chronic Disease Review,53
APT_003230,P_03282,DOC_038,DEPT_031,2024-03-22,16:30,Scheduled,Respiratory Symptoms,0
APT_003231,P_02601,DOC_030,DEPT_014,2024-02-20,12:30,Completed,Respiratory Symptoms,45
APT_003232,P_02966,DOC_008,DEPT_005,2024-02-02,13:45,Completed,Chronic Disease Review,49
APT_003233,P_00441,DOC_012,DEPT_014,2024-02-02,17:15,Completed,Respiratory Symptoms,61
APT_003234,P_02852,DOC_001,DEPT_023,2024-12-29,08:30,Completed,Routine Follow-up,57
APT_003235,P_01654,DOC_017,DEPT_008,2025-04-04,09:15,Completed,Chronic Disease Review,38
APT_003236,P_01075,DOC_018,DEPT_039,2024-07-15,13:30,completed,Chronic Disease Review,51
APT_003237,P_01907,DOC_031,DEPT_024,2024-04-30,14:30,Completed,Diabetes Monitoring,63
APT_003238,P_03374,DOC_037,DEPT_035,2024-04-01,08:15,Completed,,38
APT_003239,P_01342,DOC_016,DEPT_009,2024-06-18,09:30,  Completed  ,Medication Adjustment,8
APT_003240,P_02539,DOC_018,DEPT_039,2024-01-05,12:30,Completed,Routine Follow-up,31
APT_003241,P_01956,DOC_034,DEPT_005,2024-03-28,12:00,Completed,Routine Follow-up,41
APT_003242,P_02104,DOC_017,DEPT_008,2024-07-27,11:30,Scheduled,Post-Operative Follow-up,0
APT_003243,P_00913,DOC_025,DEPT_032,2024-04-01,10:45,Completed,Post-Operative Follow-up,8
APT_003244,P_02554,DOC_005,DEPT_006,2025-01-05,10:30,Completed,,45
APT_003245,P_03208,DOC_002,DEPT_035,2024-03-13,11:30,Completed,Chest Discomfort,49
APT_003246,P_00686,DOC_008,DEPT_005,2024-01-13,17:00,Completed,Post-Operative Follow-up,18
APT_003247,P_02737,DOC_019,DEPT_039,2024-06-19,12:45,Completed,Diabetes Monitoring,37
APT_003248,P_01426,DOC_002,DEPT_035,2025-03-16,12:15,completed,Medication Adjustment,58
APT_003249,P_03231,DOC_004,DEPT_005,2025-03-31,08:30,Completed,Annual Health Checkup,31
APT_003250,P_02198,DOC_019,DEPT_039,2024-08-17,15:15,Completed,Post-Operative Follow-up,36
APT_003251,P_01331,DOC_039,DEPT_007,2024-12-26,10:15,Cancelled,Chest Discomfort,0
APT_003252,P_01454,DOC_005,DEPT_006,2024-05-05,17:30,Completed,Annual Health Checkup,23
APT_003253,P_02051,DOC_012,DEPT_014,2024-02-01,15:45,Cancelled,Medication Adjustment,0
APT_003254,P_03088,DOC_002,DEPT_035,2024-12-15,09:45,Completed,Medication Adjustment,16
APT_003255,P_01841,DOC_012,DEPT_014,2024-05-22,11:00,Completed,Medication Adjustment,26
APT_003256,P_01732,DOC_033,DEPT_002,2024-09-22,09:15,Completed,Annual Health Checkup,14
APT_003257,P_00360,DOC_027,DEPT_037,2024-01-18,17:00,Completed,Post-Operative Follow-up,14
APT_003258,P_02704,DOC_028,DEPT_005,2024-07-02,14:30,Completed,Post-Operative Follow-up,36
APT_003259,P_02660,DOC_019,DEPT_039,2024-06-24,16:00,Completed,Diabetes Monitoring,13
APT_003260,P_03189,DOC_038,DEPT_031,2024-01-23,13:30,Completed,Medication Adjustment,19
APT_003261,P_00194,DOC_004,DEPT_005,2024-04-20,14:15,Completed,Medication Adjustment,35
APT_003262,P_01724,DOC_040,DEPT_027,2025-02-13,15:00,Scheduled,Chest Discomfort,0
APT_003263,P_02549,DOC_027,DEPT_037,2025-01-14,11:45,Completed,Chest Discomfort,46
APT_003264,P_02454,DOC_016,DEPT_009,2024-01-10,09:00,completed,Medication Adjustment,16
APT_003265,P_00204,DOC_024,DEPT_024,2024-08-31,12:00,Completed,Chest Discomfort,11
APT_003266,P_03291,DOC_021,DEPT_019,2024-12-16,15:30,Completed,Routine Follow-up,50
APT_003267,P_02648,DOC_033,DEPT_002,2024-06-08,16:00,Completed,Routine Follow-up,60
APT_003268,P_00417,DOC_036,DEPT_016,2024-09-09,08:45,Scheduled,Chronic Disease Review,0
APT_003269,P_02695,DOC_005,DEPT_006,2024-07-31,14:45,COMPLETED,Annual Health Checkup,48
APT_003270,P_02549,DOC_011,DEPT_021,2025-02-04,10:45,Completed,Routine Follow-up,9
APT_003271,P_02552,DOC_015,DEPT_038,2024-03-22,10:15,Completed,Chronic Disease Review,24
APT_003272,P_01297,DOC_019,DEPT_039,2024-05-10,08:45,Completed,Routine Follow-up,10
APT_003273,P_02165,DOC_029,DEPT_036,2025-04-24,13:15,  Completed  ,Post-Operative Follow-up,48
APT_003274,P_03486,DOC_025,DEPT_032,2024-07-14,10:15,UNKNOWN_VAL,Respiratory Symptoms,28
APT_003275,P_02913,DOC_013,DEPT_026,2024-02-23,13:45,Completed,Respiratory Symptoms,54
APT_003276,P_03184,DOC_013,DEPT_026,2024-05-02,09:45,Scheduled,Diabetes Monitoring,0
APT_003277,P_01542,DOC_005,DEPT_006,2024-11-08,17:15,Completed,Chronic Disease Review,11
APT_003278,P_00257,DOC_028,DEPT_005,2025-03-24,13:30,Completed,Medication Adjustment,15
APT_003279,P_00936,DOC_021,DEPT_019,2024-08-31,14:00,Completed,Chronic Disease Review,26
APT_003280,P_01692,DOC_011,DEPT_021,2024-01-30,11:30,Scheduled,Post-Operative Follow-up,0
APT_003281,P_02626,DOC_034,DEPT_005,2025-02-21,17:00,No-Show,Routine Follow-up,0
APT_003282,P_03483,DOC_039,DEPT_007,09-02-2024,11:30,Completed,Post-Operative Follow-up,9
APT_003283,P_00973,DOC_003,DEPT_036,2024-12-29,12:30,Completed,Annual Health Checkup,22
APT_003284,P_00430,DOC_011,DEPT_021,2024-08-14,10:30,Scheduled,Routine Follow-up,0
APT_003285,P_01002,DOC_037,DEPT_035,2025-03-21,12:30,Completed,Chronic Disease Review,24
APT_003286,P_01056,DOC_029,DEPT_036,2024-03-27,15:45,Completed,Annual Health Checkup,56
APT_003287,P_00818,DOC_019,DEPT_039,2024-12-14,10:30,Scheduled,Annual Health Checkup,0
APT_003288,P_02451,DOC_013,DEPT_026,2024-02-15,10:30,Scheduled,Diabetes Monitoring,0
APT_003289,P_00783,DOC_035,DEPT_003,2024-06-12,11:45,Scheduled,Routine Follow-up,0
APT_003290,P_01644,DOC_008,DEPT_005,2024-07-08,16:15,Completed,,31
APT_003291,P_02283,DOC_007,DEPT_024,2024-01-03,14:00,Completed,Chest Discomfort,44
APT_003292,P_02465,DOC_017,DEPT_008,2024-11-04,13:15,completed,Routine Follow-up,37
APT_003293,P_01806,DOC_026,DEPT_020,2024-07-09,14:30,Completed,Medication Adjustment,40
APT_003294,P_02526,DOC_016,DEPT_009,2024-02-16,08:00,Scheduled,,0
APT_003295,P_02149,DOC_009,DEPT_030,2025-01-19,12:15,Completed,Routine Follow-up,53
APT_003296,P_01640,DOC_018,DEPT_039,2024-02-09,12:45,Completed,Post-Operative Follow-up,15
APT_003297,P_02145,DOC_009,DEPT_030,2025-01-11,15:45,Completed,Chronic Disease Review,11
APT_003298,P_00346,DOC_037,DEPT_035,2024-03-02,15:45,Completed,Medication Adjustment,60
APT_003299,P_00215,DOC_033,DEPT_002,2024-01-04,11:45,Completed,Chest Discomfort,52
APT_003300,P_01226,DOC_012,DEPT_014,2024-07-21,10:00,scheduled,Diabetes Monitoring,0
APT_003301,P_00765,DOC_023,DEPT_007,2024-03-29,17:15,Completed,Annual Health Checkup,30
APT_003302,P_01622,DOC_022,DEPT_001,2024-08-15,17:45,COMPLETED,Chest Discomfort,44
APT_003303,P_01618,DOC_027,DEPT_037,2024-03-21,17:00,Completed,Routine Follow-up,40
APT_003304,P_00540,DOC_034,DEPT_005,2024-05-25,10:15,Completed,Chest Discomfort,10
APT_003305,P_00857,DOC_018,DEPT_039,2024-07-28,14:30,completed,Post-Operative Follow-up,34
APT_003306,P_00563,DOC_017,DEPT_008,2024-04-27,13:00,Scheduled,Routine Follow-up,0
APT_003307,P_01467,DOC_011,DEPT_021,2024-11-12,11:15,Completed,Chronic Disease Review,45
APT_003308,P_01059,DOC_008,DEPT_005,2024-02-07,15:30,No-Show,Respiratory Symptoms,0
APT_003309,P_03212,DOC_016,DEPT_009,2024-03-10,15:30,No-Show,Annual Health Checkup,0
APT_003310,P_03288,DOC_038,DEPT_031,2025-01-23,17:30,Scheduled,Diabetes Monitoring,0
APT_003311,P_00127,DOC_032,DEPT_016,2024-11-15,14:30,Completed,Diabetes Monitoring,36
APT_003312,P_00599,DOC_003,DEPT_036,2024-11-10,13:30,No-Show,Medication Adjustment,0
APT_003313,P_03299,DOC_003,DEPT_036,2024-03-17,14:30,Completed,Respiratory Symptoms,38
APT_003314,P_01165,DOC_023,DEPT_007,2024-10-01,11:00,Completed,Post-Operative Follow-up,19
APT_003315,P_03483,DOC_004,DEPT_005,2024-04-01,16:45,Completed,Post-Operative Follow-up,44
APT_003316,P_00125,DOC_027,DEPT_037,2024-10-22,09:30,Completed,Annual Health Checkup,56
APT_003317,P_02266,DOC_024,DEPT_024,2024-05-11,12:30,UNKNOWN_VAL,Routine Follow-up,63
APT_003318,P_02460,DOC_032,DEPT_016,2025-02-12,14:00,Cancelled,Respiratory Symptoms,0
APT_003319,P_01559,DOC_010,DEPT_021,2025-01-26,09:00,Completed,Chest Discomfort,28
APT_003320,P_03169,DOC_037,DEPT_035,2025-04-13,09:15,Completed,Chest Discomfort,60
APT_003321,P_02029,DOC_022,DEPT_001,2024-11-21,16:15,Completed,Post-Operative Follow-up,18
APT_003322,P_01768,DOC_037,DEPT_035,2024-08-17,10:15,Completed,Annual Health Checkup,29
APT_003323,P_02426,DOC_018,DEPT_039,2025-03-31,14:00,Scheduled,Respiratory Symptoms,0
APT_003324,P_01102,DOC_020,DEPT_008,2024-04-03,08:15,Completed,Post-Operative Follow-up,49
APT_003325,P_02904,DOC_006,DEPT_018,2025-01-27,09:30,Completed,Routine Follow-up,8
APT_003326,P_02988,DOC_023,DEPT_007,2025-02-20,17:30,Completed,Diabetes Monitoring,22
APT_003327,P_00654,DOC_014,DEPT_009,2024-09-28,16:30,Completed,Chronic Disease Review,18
APT_003328,P_02103,DOC_035,DEPT_003,2024-09-01,14:15,Scheduled,Diabetes Monitoring,0
APT_003329,P_00472,DOC_004,DEPT_005,2024-05-17,16:00,Completed,Chronic Disease Review,60
APT_003330,P_02936,DOC_005,DEPT_006,2024-08-20,16:00,Cancelled,Chronic Disease Review,0
APT_003331,P_00130,DOC_036,DEPT_016,2024-02-11,17:30,Completed,Routine Follow-up,24
APT_003332,P_03395,DOC_033,DEPT_002,2025-03-25,12:15,Completed,Medication Adjustment,59
APT_003333,P_00179,DOC_010,DEPT_021,2024-04-03,09:30,Completed,Annual Health Checkup,61
APT_003334,P_02651,DOC_010,DEPT_021,2024-11-12,09:30,Completed,,34
APT_003335,P_00040,DOC_025,DEPT_032,2024-06-29,16:15,Completed,Annual Health Checkup,48
APT_003336,P_00928,DOC_002,DEPT_035,2025-04-08,12:45,Completed,Routine Follow-up,34
APT_003337,P_03409,DOC_005,DEPT_006,2024-05-22,08:15,Completed,Annual Health Checkup,8
APT_003338,P_01945,DOC_004,DEPT_005,2024-08-19,14:00,Completed,Diabetes Monitoring,39
APT_003339,P_00542,DOC_023,DEPT_007,2025-01-04,15:30,Completed,Post-Operative Follow-up,60
APT_003340,P_03122,DOC_017,DEPT_008,2024-06-26,17:45,Completed,Diabetes Monitoring,23
APT_003341,P_01613,DOC_003,DEPT_036,2024-05-23,14:45,Completed,Post-Operative Follow-up,41
APT_003342,P_00672,DOC_031,DEPT_024,2024-11-29,17:15,Completed,Medication Adjustment,17
APT_003343,P_01492,DOC_039,DEPT_007,2024-11-11,11:30,Completed,,51
APT_003344,P_00552,DOC_008,DEPT_005,2024-09-20,11:00,Scheduled,,0
APT_003345,P_01039,DOC_009,DEPT_030,2024-04-15,08:45,Completed,Respiratory Symptoms,52
APT_003346,P_00686,DOC_013,DEPT_026,2025-01-07,14:15,Scheduled,Chronic Disease Review,0
APT_003347,P_00720,DOC_013,DEPT_026,2025-01-08,15:15,Completed,Diabetes Monitoring,58
APT_003348,P_02253,DOC_040,DEPT_027,2025-02-09,11:45,Completed,Routine Follow-up,23
APT_003349,P_01722,DOC_033,DEPT_002,2024-12-06,13:45,Completed,Chronic Disease Review,53
APT_003350,P_00497,DOC_039,DEPT_007,2024-06-29,11:30,No-Show,Respiratory Symptoms,0
APT_003351,P_01358,DOC_015,DEPT_038,2024-03-17,14:15,Cancelled,Chronic Disease Review,0
APT_003352,P_02902,DOC_024,DEPT_024,2025-01-18,11:45,Completed,Respiratory Symptoms,45
APT_003353,P_02238,DOC_024,DEPT_024,2024-03-31,10:30,Completed,Routine Follow-up,54
APT_003354,P_01008,DOC_014,DEPT_009,2024-10-11,17:15,COMPLETED,Post-Operative Follow-up,62
APT_003355,P_02682,DOC_008,DEPT_005,2024-10-13,12:30,Completed,Medication Adjustment,64
APT_003356,P_00635,DOC_003,DEPT_036,2025-04-06,08:00,Completed,Chest Discomfort,31
APT_003357,P_00789,DOC_025,DEPT_032,2025-04-02,12:30,Completed,Diabetes Monitoring,30
APT_003358,P_01371,DOC_029,DEPT_036,2025-03-05,17:00,Completed,Routine Follow-up,13
APT_003359,P_00116,DOC_022,DEPT_001,2024-12-09,11:45,Completed,Diabetes Monitoring,29
APT_003360,P_01948,DOC_003,DEPT_036,2025-04-17,10:15,Completed,Respiratory Symptoms,53
APT_003361,P_01379,DOC_001,DEPT_023,2024-12-28,14:15,Cancelled,Respiratory Symptoms,0
APT_003362,P_02454,DOC_031,DEPT_024,2025-01-14,11:15,Scheduled,Diabetes Monitoring,0
APT_003363,P_03209,DOC_008,DEPT_005,2024-09-22,10:15,Completed,Diabetes Monitoring,42
APT_003364,P_03152,DOC_021,DEPT_019,2024-03-19,08:00,Completed,Chest Discomfort,37
APT_003365,P_01418,DOC_007,DEPT_024,2025/03/23 00:00:00,12:15,Completed,Respiratory Symptoms,40
APT_003366,P_01826,DOC_030,DEPT_014,2024-07-12,13:30,Completed,Medication Adjustment,30
APT_003367,P_00783,DOC_002,DEPT_035,2024-08-14,17:45,Cancelled,Routine Follow-up,0
APT_003368,P_01985,DOC_021,DEPT_019,2024-01-08,15:30,Completed,Chronic Disease Review,54
APT_003369,P_02068,DOC_017,DEPT_008,26-08-2024,09:45,Scheduled,Diabetes Monitoring,0
APT_003370,P_02424,DOC_039,DEPT_007,2024-02-03,11:15,Completed,Medication Adjustment,60
APT_003371,P_02186,DOC_039,DEPT_007,08/12/2024,08:30,Completed,Annual Health Checkup,23
APT_003372,P_01461,DOC_012,DEPT_014,2024-10-06,12:00,Completed,Chronic Disease Review,53
APT_003373,P_00495,DOC_023,DEPT_007,2024-08-25,11:00,Completed,Diabetes Monitoring,12
APT_003374,P_00773,DOC_015,DEPT_038,2025-03-07,10:00,Cancelled,,0
APT_003375,P_00406,DOC_021,DEPT_019,2025-02-03,10:45,Completed,,25
APT_003376,P_01396,DOC_023,DEPT_007,2024-08-21,13:30,Completed,Annual Health Checkup,51
APT_003377,P_03487,DOC_030,DEPT_014,2024-01-07,11:45,Completed,Annual Health Checkup,11
APT_003378,P_01849,DOC_006,DEPT_018,2024-12-28,14:00,Completed,Post-Operative Follow-up,38
APT_003379,P_01906,DOC_020,DEPT_008,2024-01-19,13:30,Completed,Post-Operative Follow-up,11
APT_003380,P_03290,DOC_025,DEPT_032,2024-06-08,08:45,Completed,Chest Discomfort,50
APT_003381,P_00784,DOC_014,DEPT_009,2024-04-13,11:15,Completed,Diabetes Monitoring,10
APT_003382,P_00594,DOC_026,DEPT_020,2024-07-23,14:15,completed,,39
APT_003383,P_00768,DOC_008,DEPT_005,2024-12-22,16:45,Completed,Respiratory Symptoms,18
APT_003384,P_00603,DOC_017,DEPT_008,2024-11-05,13:15,Completed,,23
APT_003385,P_00376,DOC_014,DEPT_009,2024-11-12,11:00,completed,Respiratory Symptoms,32
APT_003386,P_01896,DOC_028,DEPT_005,2025-02-06,08:15,Completed,Respiratory Symptoms,37
APT_003387,P_01332,DOC_018,DEPT_039,2025-02-16,15:45,Completed,Post-Operative Follow-up,58
APT_003388,P_03009,DOC_004,DEPT_005,2024-01-25,10:45,Completed,Medication Adjustment,57
APT_003389,P_00234,DOC_010,DEPT_021,2024-03-21,13:15,Completed,Chest Discomfort,10
APT_003390,P_00650,DOC_033,DEPT_002,2025-01-03,09:00,completed,Routine Follow-up,21
APT_003391,P_01863,DOC_029,DEPT_036,2025-01-28,14:30,Completed,Diabetes Monitoring,19
APT_003392,P_02965,DOC_040,DEPT_027,2024-08-26,08:45,Completed,Routine Follow-up,64
APT_003393,P_03398,DOC_038,DEPT_031,2024-12-08,12:30,Completed,Chest Discomfort,57
APT_003394,P_02713,DOC_023,DEPT_007,2024-11-12,17:30,Completed,Respiratory Symptoms,36
APT_003395,P_01355,DOC_025,DEPT_032,2024-11-20,13:30,Completed,Post-Operative Follow-up,39
APT_003396,P_03103,DOC_011,DEPT_021,2024-04-20,17:45,Scheduled,Medication Adjustment,0
APT_003397,P_02980,DOC_028,DEPT_005,2024-09-13,10:45,Completed,Post-Operative Follow-up,42
APT_003398,P_03360,DOC_017,DEPT_008,2024-05-27,11:30,Cancelled,Annual Health Checkup,0
APT_003399,P_01937,DOC_038,DEPT_031,2024-09-20,15:00,Completed,Chronic Disease Review,30
APT_003400,P_00577,DOC_030,DEPT_014,2024-09-09,17:30,Completed,Diabetes Monitoring,37
APT_003401,P_01432,DOC_008,DEPT_005,2025-01-25,08:15,Completed,Routine Follow-up,22
APT_003402,P_02895,DOC_004,DEPT_005,2025-01-04,14:00,Completed,Medication Adjustment,11
APT_003403,P_01343,DOC_033,DEPT_002,2024-05-28,13:15,Scheduled,Post-Operative Follow-up,0
APT_003404,P_00630,DOC_017,DEPT_008,2024-11-26,08:15,Completed,Routine Follow-up,28
APT_003405,P_03100,DOC_018,DEPT_039,2024-11-27,08:30,Completed,Chest Discomfort,22
APT_003406,P_01810,DOC_032,DEPT_016,2024-07-10,12:00,Completed,Medication Adjustment,16
APT_003407,P_02246,DOC_033,DEPT_002,2024/09/24 00:00:00,11:30,Completed,Chronic Disease Review,19
APT_003408,P_00978,DOC_036,DEPT_016,2024-09-29,10:15,Completed,Medication Adjustment,63
APT_003409,P_02209,DOC_040,DEPT_027,2024-07-19,16:15,Completed,Chronic Disease Review,48
APT_003410,P_00674,DOC_034,DEPT_005,2024-10-02,15:15,Completed,Routine Follow-up,63
APT_003411,P_03154,DOC_007,DEPT_024,2024-05-17,14:15,  No-Show  ,Diabetes Monitoring,0
APT_003412,P_02391,DOC_011,DEPT_021,2024-12-09,12:45,Completed,Respiratory Symptoms,45
APT_003413,P_02297,DOC_031,DEPT_024,2024-12-28,17:00,Completed,Post-Operative Follow-up,9
APT_003414,P_03253,DOC_028,DEPT_005,2025-04-08,15:00,completed,Diabetes Monitoring,15
APT_003415,P_00706,DOC_030,DEPT_014,2024-10-09,08:00,Scheduled,Respiratory Symptoms,0
APT_003416,P_00566,DOC_040,DEPT_027,2025-02-24,13:00,completed,Chest Discomfort,30
APT_003417,P_02005,DOC_006,DEPT_018,2025-03-20,11:15,completed,Post-Operative Follow-up,59
APT_003418,P_01274,DOC_039,DEPT_007,2024-11-19,17:45,Cancelled,Chronic Disease Review,0
APT_003419,P_02775,DOC_031,DEPT_024,2025-03-08,09:30,Scheduled,Chronic Disease Review,0
APT_003420,P_00833,DOC_032,DEPT_016,2024-02-12,11:00,Completed,Medication Adjustment,21
APT_003421,P_02928,DOC_009,DEPT_030,2024-07-21,10:15,Completed,Annual Health Checkup,20
APT_003422,P_00660,DOC_035,DEPT_003,2024-08-17,09:00,Completed,Post-Operative Follow-up,12
APT_003423,P_00488,DOC_034,DEPT_005,2024-08-08,15:30,Completed,Diabetes Monitoring,17
APT_003424,P_01383,DOC_028,DEPT_005,2024-12-13,08:45,Completed,Chest Discomfort,46
APT_003425,P_00704,DOC_009,DEPT_030,2024-10-09,09:30,Completed,Diabetes Monitoring,35
APT_003426,P_02185,DOC_008,DEPT_005,2024-07-10,08:45,Completed,Diabetes Monitoring,24
APT_003427,P_01033,DOC_004,DEPT_005,02/20/2025,14:45,No-Show,Medication Adjustment,0
APT_003428,P_02708,DOC_007,DEPT_024,2024-08-12,11:30,Completed,Diabetes Monitoring,42
APT_003429,P_01038,DOC_001,DEPT_023,2024-03-16,11:30,Completed,Medication Adjustment,36
APT_003430,P_02884,DOC_003,DEPT_036,2024-04-25,10:00,Completed,Chest Discomfort,13
APT_003431,P_01001,DOC_022,DEPT_001,2024-11-10,16:45,No-Show,Medication Adjustment,0
APT_003432,P_03032,DOC_005,DEPT_006,2024-09-18,16:30,Completed,Respiratory Symptoms,47
APT_003433,P_01640,DOC_010,DEPT_021,2024-11-09,08:15,Completed,Respiratory Symptoms,30
APT_003434,P_01932,DOC_005,DEPT_006,2025-03-31,12:30,Completed,Chest Discomfort,60
APT_003435,P_02361,DOC_019,DEPT_039,2024-03-21,13:45,Completed,Chronic Disease Review,57
APT_003436,P_00880,DOC_009,DEPT_030,2025-01-11,08:45,Cancelled,Annual Health Checkup,0
APT_003437,P_02613,DOC_002,DEPT_035,2024-09-24,12:15,Cancelled,Post-Operative Follow-up,0
APT_003438,P_03198,DOC_026,DEPT_020,2024-03-26,15:15,Scheduled,Post-Operative Follow-up,0
APT_003439,P_02994,DOC_008,DEPT_005,2024-09-09,13:30,No-Show,Chest Discomfort,0
APT_003440,P_00308,DOC_039,DEPT_007,2024-07-11,13:15,Completed,Chronic Disease Review,14
APT_003441,P_03425,DOC_025,DEPT_032,2024-04-20,09:15,Completed,Chest Discomfort,37
APT_003442,P_00072,DOC_022,DEPT_001,2025-04-06,15:30,Scheduled,Chronic Disease Review,0
APT_003443,P_03348,DOC_033,DEPT_002,2024-07-01,13:45,Completed,Diabetes Monitoring,41
APT_003444,P_01526,DOC_030,DEPT_014,2025-04-01,09:15,Scheduled,Medication Adjustment,0
APT_003445,P_03018,DOC_001,DEPT_023,2024-08-07,11:00,Completed,,39
APT_003446,P_03435,DOC_008,DEPT_005,2024-01-02,15:45,Completed,Post-Operative Follow-up,27
APT_003447,P_03412,DOC_035,DEPT_003,23-03-2024,16:45,Completed,Routine Follow-up,52
APT_003448,P_03222,DOC_006,DEPT_018,2025-03-25,10:30,Completed,Post-Operative Follow-up,28
APT_003449,P_02445,DOC_037,DEPT_035,2024-06-23,17:45,Completed,Routine Follow-up,21
APT_003450,P_02516,DOC_008,DEPT_005,2025-02-12,12:15,Scheduled,Post-Operative Follow-up,0
APT_003451,P_01016,DOC_012,DEPT_014,2024-04-26,10:00,Completed,Chest Discomfort,49
APT_003452,P_02309,DOC_007,DEPT_024,2024-07-17,10:00,COMPLETED,Annual Health Checkup,34
APT_003453,P_00509,DOC_016,DEPT_009,2024-06-17,08:15,Completed,Diabetes Monitoring,57
APT_003454,P_00106,DOC_007,DEPT_024,2024-03-12,14:00,Completed,Respiratory Symptoms,42
APT_003455,P_01828,DOC_011,DEPT_021,2025-02-16,08:15,Completed,Chest Discomfort,13
APT_003456,P_01119,DOC_014,DEPT_009,2024-04-02,08:15,  Completed  ,Annual Health Checkup,52
APT_003457,P_00034,DOC_022,DEPT_001,2024-08-23,11:30,No-Show,Respiratory Symptoms,0
APT_003458,P_00086,DOC_029,DEPT_036,13-12-2024,13:15,Completed,Post-Operative Follow-up,63
APT_003459,P_01254,DOC_003,DEPT_036,2025-01-20,11:00,Completed,,32
APT_003460,P_02883,DOC_025,DEPT_032,2024-06-26,15:15,Completed,Chest Discomfort,9
APT_003461,P_01179,DOC_022,DEPT_001,2024-09-05,08:30,Completed,Routine Follow-up,13
APT_003462,P_00527,DOC_031,DEPT_024,2024-06-07,14:15,Completed,Chronic Disease Review,47
APT_003463,P_00328,DOC_011,DEPT_021,03/06/2024,11:15,Scheduled,Diabetes Monitoring,0
APT_003464,P_01533,DOC_011,DEPT_021,2025-02-01,11:15,Completed,Routine Follow-up,8
APT_003465,P_03337,DOC_039,DEPT_007,2024-01-20,15:15,Completed,Medication Adjustment,17
APT_003466,P_02010,DOC_035,DEPT_003,2024-03-09,12:15,Completed,Routine Follow-up,11
APT_003467,P_02528,DOC_008,DEPT_005,2025-01-13,16:45,Completed,Annual Health Checkup,42
APT_003468,P_00357,DOC_009,DEPT_030,2024-09-23,09:45,Completed,Annual Health Checkup,26
APT_003469,P_02669,DOC_004,DEPT_005,2024-04-09,10:00,Completed,Respiratory Symptoms,61
APT_003470,P_00791,DOC_005,DEPT_006,2024-05-13,13:45,Cancelled,Routine Follow-up,0
APT_003471,P_02144,DOC_038,DEPT_031,2025-01-17,12:00,Completed,Chronic Disease Review,61
APT_003472,P_02810,DOC_001,DEPT_023,2024-07-26,15:00,Completed,Post-Operative Follow-up,12
APT_003473,P_01566,DOC_009,DEPT_030,2024-02-04,17:15,No-Show,Medication Adjustment,0
APT_003474,P_02773,DOC_024,DEPT_024,2024-09-27,14:45,Completed,Respiratory Symptoms,59
APT_003475,P_03435,DOC_040,DEPT_027,2024-06-24,16:15,CANCELLED,Chest Discomfort,0
APT_003476,P_00004,DOC_002,DEPT_035,2025-02-19,14:45,No-Show,Chest Discomfort,0
APT_003477,P_02009,DOC_006,DEPT_018,2024-11-28,12:30,completed,Diabetes Monitoring,15
APT_003478,P_01952,DOC_016,DEPT_009,2025-01-20,13:45,Completed,Routine Follow-up,57
APT_003479,P_02077,DOC_018,DEPT_039,2024-09-24,17:45,Completed,Annual Health Checkup,54
APT_003480,P_01290,DOC_030,DEPT_014,2024-03-07,12:45,No-Show,Routine Follow-up,0
APT_003481,P_03075,DOC_038,DEPT_031,2024-10-22,12:30,Completed,Medication Adjustment,55
APT_003482,P_02241,DOC_040,DEPT_027,2024-10-19,15:30,Completed,Respiratory Symptoms,22
APT_003483,P_00874,DOC_021,DEPT_019,2024-10-09,17:45,Completed,Diabetes Monitoring,47
APT_003484,P_03183,DOC_040,DEPT_027,2024-06-27,09:00,Completed,Medication Adjustment,33
APT_003485,P_00262,DOC_007,DEPT_024,2025-04-01,14:00,Completed,Respiratory Symptoms,39
APT_003486,P_01877,DOC_009,DEPT_030,2025-04-22,09:00,Completed,Routine Follow-up,22
APT_003487,P_01013,DOC_028,DEPT_005,2024-03-07,11:30,Completed,Diabetes Monitoring,22
APT_003488,P_00392,DOC_006,DEPT_018,2024-06-05,15:30,Cancelled,Post-Operative Follow-up,0
APT_003489,P_00467,DOC_006,DEPT_018,2024-01-31,12:15,Completed,Diabetes Monitoring,40
APT_003490,P_01560,DOC_001,DEPT_023,2024/08/15 00:00:00,11:00,Completed,Medication Adjustment,62
APT_003491,P_00727,DOC_031,DEPT_024,2024-11-21,12:30,Cancelled,Respiratory Symptoms,0
APT_003492,P_02582,DOC_027,DEPT_037,2024-01-23,14:30,Scheduled,Chest Discomfort,0
APT_003493,P_02082,DOC_035,DEPT_003,2024-05-03,16:15,Completed,Diabetes Monitoring,55
APT_003494,P_03161,DOC_030,DEPT_014,2024-01-25,11:30,No-Show,Routine Follow-up,0
APT_003495,P_00554,DOC_017,DEPT_008,2024-11-12,14:15,Completed,Medication Adjustment,56
APT_003496,P_00517,DOC_003,DEPT_036,2024-09-20,14:00,Completed,Routine Follow-up,63
APT_003497,P_00780,DOC_007,DEPT_024,2025-03-09,12:15,Completed,Post-Operative Follow-up,29
APT_003498,P_02550,DOC_018,DEPT_039,2024-07-21,11:15,Completed,Annual Health Checkup,13
APT_003499,P_00802,DOC_028,DEPT_005,2024-10-14,11:00,Completed,Post-Operative Follow-up,59
APT_003500,P_00524,DOC_010,DEPT_021,2025-04-17,15:00,Completed,Annual Health Checkup,42
APT_003501,P_01492,DOC_030,DEPT_014,2024-07-14,13:45,Completed,Medication Adjustment,49
APT_003502,P_03177,DOC_003,DEPT_036,2024-06-15,11:45,No-Show,Annual Health Checkup,0
APT_003503,P_02430,DOC_028,DEPT_005,2025-04-25,11:15,No-Show,Post-Operative Follow-up,0
APT_003504,P_02492,DOC_014,DEPT_009,2024-10-07,15:15,Completed,Respiratory Symptoms,10
APT_003505,P_00270,DOC_027,DEPT_037,2024-12-18,17:00,Scheduled,Respiratory Symptoms,0
APT_003506,P_00383,DOC_017,DEPT_008,2024-10-24,10:15,Completed,Post-Operative Follow-up,18
APT_003507,P_02433,DOC_034,DEPT_005,2024-06-21,17:00,Completed,Respiratory Symptoms,45
APT_003508,P_01846,DOC_036,DEPT_016,2024-12-10,11:00,Completed,Respiratory Symptoms,44
APT_003509,P_01431,DOC_010,DEPT_021,2024-03-03,13:30,Completed,Respiratory Symptoms,53
APT_003510,P_02897,DOC_013,DEPT_026,2024-07-23,13:30,Scheduled,Routine Follow-up,0
APT_003511,P_02261,DOC_032,DEPT_016,2024-10-20,10:30,Completed,Medication Adjustment,16
APT_003512,P_01308,DOC_002,DEPT_035,2024-06-09,14:00,Completed,Annual Health Checkup,47
APT_003513,P_03030,DOC_038,DEPT_031,2025-01-21,13:30,Scheduled,Post-Operative Follow-up,0
APT_003514,P_02577,DOC_016,DEPT_009,2024-06-18,15:30,Completed,Post-Operative Follow-up,40
APT_003515,P_02663,DOC_038,DEPT_031,2024-04-05,15:00,Completed,Routine Follow-up,51
APT_003516,P_01325,DOC_034,DEPT_005,2024-07-01,13:30,Completed,Medication Adjustment,33
APT_003517,P_00298,DOC_024,DEPT_024,2025-04-02,10:30,Completed,Annual Health Checkup,18
APT_003518,P_02051,DOC_032,DEPT_016,2024-10-06,12:30,Completed,Medication Adjustment,43
APT_003519,P_01994,DOC_029,DEPT_036,2024-10-17,11:00,No-Show,Annual Health Checkup,0
APT_003520,P_03325,DOC_001,DEPT_023,2024-09-20,12:30,Completed,Diabetes Monitoring,18
APT_003521,P_01512,DOC_026,DEPT_020,2025-03-14,09:15,scheduled,Annual Health Checkup,0
APT_003522,P_03360,DOC_021,DEPT_019,2025-03-08,11:15,Completed,Post-Operative Follow-up,61
APT_003523,P_02353,DOC_037,DEPT_035,2024-07-04,14:45,completed,Annual Health Checkup,12
APT_003524,P_01160,DOC_014,DEPT_009,2024-12-25,15:30,Completed,Diabetes Monitoring,23
APT_003525,P_00116,DOC_036,DEPT_016,2024-08-20,17:30,Completed,Chest Discomfort,34
APT_003526,P_00830,DOC_019,DEPT_039,2025-04-08,13:00,Completed,Respiratory Symptoms,34
APT_003527,P_00930,DOC_017,DEPT_008,2025-02-10,09:15,Completed,Post-Operative Follow-up,56
APT_003528,P_03102,DOC_017,DEPT_008,2025-03-17,10:15,Completed,Post-Operative Follow-up,35
APT_003529,P_03336,DOC_002,DEPT_035,2024-09-06,15:15,Scheduled,Diabetes Monitoring,0
APT_003530,P_03122,DOC_010,DEPT_021,04/25/2025,08:00,Scheduled,Chronic Disease Review,0
APT_003531,P_00136,DOC_025,DEPT_032,2024-11-03,13:45,Completed,Chronic Disease Review,63
APT_003532,P_00342,DOC_005,DEPT_006,2024-09-25,10:15,Completed,Chronic Disease Review,25
APT_003533,P_03015,DOC_026,DEPT_020,2024-01-19,13:45,  Completed  ,Respiratory Symptoms,35
APT_003534,P_00613,DOC_028,DEPT_005,2025-01-02,08:15,Cancelled,Chronic Disease Review,0
APT_003535,P_01929,DOC_023,DEPT_007,02/01/2024,15:00,No-Show,Post-Operative Follow-up,0
APT_003536,P_02306,DOC_037,DEPT_035,2024-06-02,09:30,Scheduled,Medication Adjustment,0
APT_003537,P_03220,DOC_009,DEPT_030,2024-08-28,10:30,Completed,Chronic Disease Review,55
APT_003538,P_01238,DOC_030,DEPT_014,2024-02-20,12:30,Completed,Medication Adjustment,59
APT_003539,P_02053,DOC_028,DEPT_005,2024-01-18,09:00,Completed,Post-Operative Follow-up,39
APT_003540,P_00778,DOC_017,DEPT_008,2024-10-29,12:45,Completed,Post-Operative Follow-up,24
APT_003541,P_02553,DOC_005,DEPT_006,2024-12-13,13:15,Completed,Routine Follow-up,12
APT_003542,P_00088,DOC_024,DEPT_024,2024-05-01,10:30,Completed,Routine Follow-up,51
APT_003543,P_01442,DOC_017,DEPT_008,2024-02-28,13:15,Scheduled,Respiratory Symptoms,0
APT_003544,P_01238,DOC_007,DEPT_024,2025-02-26,17:15,Cancelled,Medication Adjustment,0
APT_003545,P_03209,DOC_036,DEPT_016,2024-12-31,14:45,Completed,Chronic Disease Review,17
APT_003546,P_03096,DOC_038,DEPT_031,2024-11-26,10:30,Completed,Chronic Disease Review,50
APT_003547,P_03182,DOC_014,DEPT_009,2024-03-12,13:15,Completed,Respiratory Symptoms,23
APT_003548,P_02163,DOC_008,DEPT_005,2024-11-14,12:00,Completed,Routine Follow-up,56
APT_003549,P_00724,DOC_008,DEPT_005,2025-04-08,14:15,Completed,Diabetes Monitoring,40
APT_003550,P_00954,DOC_024,DEPT_024,2024-09-17,11:00,Completed,Respiratory Symptoms,60
APT_003551,P_03320,DOC_028,DEPT_005,2024-02-29,13:00,Scheduled,Chest Discomfort,0
APT_003552,P_02186,DOC_021,DEPT_019,2024-06-15,17:45,Completed,Diabetes Monitoring,39
APT_003553,P_02350,DOC_026,DEPT_020,2024-11-11,12:00,Completed,Medication Adjustment,45
APT_003554,P_00588,DOC_017,DEPT_008,2024-06-11,08:15,Completed,Annual Health Checkup,31
APT_003555,P_01216,DOC_030,DEPT_014,2024-04-14,14:30,Completed,Respiratory Symptoms,44
APT_003556,P_00903,DOC_024,DEPT_024,2025-04-22,10:15,Completed,Chest Discomfort,44
APT_003557,P_01403,DOC_034,DEPT_005,2025-02-26,16:45,COMPLETED,Medication Adjustment,22
APT_003558,P_00591,DOC_002,DEPT_035,07/11/2024,11:00,  Completed  ,Chest Discomfort,45
APT_003559,P_02114,DOC_032,DEPT_016,2024-02-06,12:00,Completed,Chest Discomfort,65
APT_003560,P_01197,DOC_039,DEPT_007,2024-12-07,15:00,Completed,Routine Follow-up,46
APT_003561,P_01768,DOC_006,DEPT_018,2025-03-10,16:15,No-Show,Chronic Disease Review,0
APT_003562,P_03128,DOC_031,DEPT_024,2024-09-01,17:00,Cancelled,Respiratory Symptoms,0
APT_003563,P_00044,DOC_025,DEPT_032,2024-10-14,13:15,Completed,Post-Operative Follow-up,35
APT_003564,P_02070,DOC_012,DEPT_014,2025-02-12,12:45,Completed,Medication Adjustment,34
APT_003565,P_00716,DOC_033,DEPT_002,2024-09-09,08:00,Completed,Routine Follow-up,60
APT_003566,P_03101,DOC_012,DEPT_014,2024-07-02,09:45,Scheduled,Diabetes Monitoring,0
APT_003567,P_02563,DOC_011,DEPT_021,2025-04-21,08:00,Completed,Routine Follow-up,27
APT_003568,P_01167,DOC_011,DEPT_021,2024-01-05,17:45,Completed,Respiratory Symptoms,38
APT_003569,P_00368,DOC_025,DEPT_032,2024-02-19,15:30,Completed,Chronic Disease Review,29
APT_003570,P_01062,DOC_008,DEPT_005,2024-11-23,15:15,Completed,Annual Health Checkup,31
APT_003571,P_02923,DOC_028,DEPT_005,2024-03-04,16:45,Scheduled,Post-Operative Follow-up,0
APT_003572,P_02968,DOC_030,DEPT_014,2024-04-16,10:30,Completed,Diabetes Monitoring,50
APT_003573,P_01038,DOC_005,DEPT_006,2024-10-04,10:45,Completed,Chest Discomfort,48
APT_003574,P_02971,DOC_007,DEPT_024,2024-02-28,08:45,Completed,Chronic Disease Review,9
APT_003575,P_01274,DOC_015,DEPT_038,2024-07-31,09:00,Completed,Routine Follow-up,13
APT_003576,P_01110,DOC_025,DEPT_032,2024-11-30,11:45,Completed,Respiratory Symptoms,20
APT_003577,P_01408,DOC_006,DEPT_018,2024-05-06,09:15,Completed,Annual Health Checkup,44
APT_003578,P_03431,DOC_019,DEPT_039,2024-10-29,17:00,Completed,Routine Follow-up,24
APT_003579,P_01269,DOC_018,DEPT_039,2024-10-25,09:15,Cancelled,Chronic Disease Review,0
APT_003580,P_00014,DOC_006,DEPT_018,2024-06-14,08:30,Scheduled,Routine Follow-up,0
APT_003581,P_01768,DOC_007,DEPT_024,2024-04-26,08:45,Completed,Chronic Disease Review,57
APT_003582,P_01542,DOC_026,DEPT_020,2024-04-17,14:45,Completed,Routine Follow-up,46
APT_003583,P_01414,DOC_011,DEPT_021,2024-02-05,17:30,No-Show,Post-Operative Follow-up,0
APT_003584,P_02998,DOC_033,DEPT_002,2024-02-28,16:45,Cancelled,Chronic Disease Review,0
APT_003585,P_00672,DOC_016,DEPT_009,2025-01-03,14:30,Scheduled,Chest Discomfort,0
APT_003586,P_02113,DOC_013,DEPT_026,2024-10-21,09:45,Completed,,60
APT_003587,P_02046,DOC_025,DEPT_032,05/27/2024,17:30,Completed,Medication Adjustment,8
APT_003588,P_02240,DOC_024,DEPT_024,2024-08-06,10:30,No-Show,Post-Operative Follow-up,0
APT_003589,P_00495,DOC_038,DEPT_031,2025-03-22,15:15,Completed,Chronic Disease Review,22
APT_003590,P_03225,DOC_006,DEPT_018,02/25/2025,10:00,Completed,Diabetes Monitoring,44
APT_003591,P_00704,DOC_004,DEPT_005,2025-02-15,16:00,Scheduled,Annual Health Checkup,0
APT_003592,P_00600,DOC_014,DEPT_009,2024-01-01,11:00,Completed,Medication Adjustment,45
APT_003593,P_03194,DOC_019,DEPT_039,2025-03-29,12:00,Cancelled,Routine Follow-up,0
APT_003594,P_03120,DOC_013,DEPT_026,2024-08-23,12:00,Completed,Respiratory Symptoms,56
APT_003595,P_02135,DOC_040,DEPT_027,2025-03-03,08:15,Completed,Medication Adjustment,22
APT_003596,P_00364,DOC_017,DEPT_008,2024-02-16,17:00,Scheduled,Diabetes Monitoring,0
APT_003597,P_00119,DOC_032,DEPT_016,2024-02-15,08:45,Completed,Medication Adjustment,50
APT_003598,P_01954,DOC_022,DEPT_001,2024-07-12,16:45,Scheduled,Post-Operative Follow-up,0
APT_003599,P_02828,DOC_031,DEPT_024,2024-06-20,15:15,Completed,Diabetes Monitoring,41
APT_003600,P_00156,DOC_019,DEPT_039,2025-03-11,15:15,Completed,Routine Follow-up,24
APT_003601,P_01341,DOC_003,DEPT_036,2024-10-03,17:45,Scheduled,Medication Adjustment,0
APT_003602,P_00123,DOC_036,DEPT_016,2024-12-26,09:30,Completed,Chronic Disease Review,35
APT_003603,P_02347,DOC_006,DEPT_018,2025-02-25,10:45,Completed,Annual Health Checkup,22
APT_003604,P_01011,DOC_029,DEPT_036,2024-11-10,09:45,Completed,Respiratory Symptoms,18
APT_003605,P_02218,DOC_004,DEPT_005,2025-02-28,17:15,Completed,Medication Adjustment,13
APT_003606,P_02018,DOC_001,DEPT_023,2025-03-05,08:45,Completed,Medication Adjustment,31
APT_003607,P_01621,DOC_036,DEPT_016,2025-03-14,10:15,Completed,,63
APT_003608,P_01571,DOC_036,DEPT_016,2024-05-22,16:30,Scheduled,Chronic Disease Review,0
APT_003609,P_00862,DOC_011,DEPT_021,2024-06-01,11:15,Completed,,52
APT_003610,P_01398,DOC_034,DEPT_005,2024-09-13,16:30,Completed,Annual Health Checkup,37
APT_003611,P_03061,DOC_039,DEPT_007,2024-01-21,10:30,Scheduled,Chronic Disease Review,0
APT_003612,P_03435,DOC_028,DEPT_005,2024-02-26,10:15,Completed,Diabetes Monitoring,35
APT_003613,P_00090,DOC_008,DEPT_005,2024-03-01,09:45,scheduled,Medication Adjustment,0
APT_003614,P_00412,DOC_006,DEPT_018,2025-02-02,09:15,Scheduled,Annual Health Checkup,0
APT_003615,P_01144,DOC_022,DEPT_001,2024-06-12,14:00,  Completed  ,Diabetes Monitoring,58
APT_003616,P_00580,DOC_024,DEPT_024,2025-04-07,12:15,Completed,Chronic Disease Review,39
APT_003617,P_03338,DOC_005,DEPT_006,2024-02-07,11:30,Completed,Diabetes Monitoring,53
APT_003618,P_00048,DOC_016,DEPT_009,2024-10-21,17:45,Cancelled,Medication Adjustment,0
APT_003619,P_00846,DOC_024,DEPT_024,2024-04-08,14:15,Completed,Annual Health Checkup,37
APT_003620,P_02540,DOC_024,DEPT_024,2024-04-11,10:30,COMPLETED,Annual Health Checkup,64
APT_003621,P_01525,DOC_035,DEPT_003,2025-04-06,10:00,Completed,Respiratory Symptoms,47
APT_003622,P_01790,DOC_032,DEPT_016,2024-08-08,11:15,Completed,Chronic Disease Review,28
APT_003623,P_03354,DOC_038,DEPT_031,2024-06-19,14:30,Completed,Annual Health Checkup,12
APT_003624,P_00401,DOC_012,DEPT_014,2024-12-03,09:45,Cancelled,Respiratory Symptoms,0
APT_003625,P_00734,DOC_001,DEPT_023,2024-08-15,13:15,Completed,Diabetes Monitoring,32
APT_003626,P_01190,DOC_010,DEPT_021,2024-10-16,16:30,Completed,,24
APT_003627,P_01577,DOC_005,DEPT_006,2024-05-16,15:45,Completed,Annual Health Checkup,57
APT_003628,P_01888,DOC_017,DEPT_008,2024-02-10,08:45,Completed,Post-Operative Follow-up,45
APT_003629,P_00631,DOC_036,DEPT_016,2024-12-12,14:45,Completed,Chest Discomfort,61
APT_003630,P_00732,DOC_020,DEPT_008,2024-06-04,17:00,Cancelled,Diabetes Monitoring,0
APT_003631,P_02483,DOC_029,DEPT_036,2025-02-28,11:45,Completed,Chest Discomfort,22
APT_003632,P_01424,DOC_033,DEPT_002,2024-12-28,09:45,Completed,Chest Discomfort,12
APT_003633,P_02787,DOC_021,DEPT_019,2024-09-13,16:45,Completed,Chest Discomfort,42
APT_003634,P_02831,DOC_003,DEPT_036,2024-03-24,08:30,Completed,Respiratory Symptoms,54
APT_003635,P_03322,DOC_029,DEPT_036,2024-11-19,09:00,Scheduled,Respiratory Symptoms,0
APT_003636,P_02313,DOC_038,DEPT_031,2024/11/24 00:00:00,16:45,Completed,Respiratory Symptoms,22
APT_003637,P_00367,DOC_036,DEPT_016,2024-01-20,10:00,Completed,Chest Discomfort,53
APT_003638,P_00047,DOC_003,DEPT_036,2025-01-03,15:00,Completed,Annual Health Checkup,53
APT_003639,P_00713,DOC_029,DEPT_036,2024-05-04,10:30,Completed,Annual Health Checkup,19
APT_003640,P_02383,DOC_028,DEPT_005,2024-11-09,16:30,Scheduled,Annual Health Checkup,0
APT_003641,P_02837,DOC_040,DEPT_027,2024-10-04,11:45,Completed,Annual Health Checkup,46
APT_003642,P_02126,DOC_040,DEPT_027,2025-02-15,17:15,Completed,Routine Follow-up,65
APT_003643,P_03267,DOC_012,DEPT_014,2025-03-12,17:45,Cancelled,,0
APT_003644,P_02407,DOC_003,DEPT_036,2024-08-15,15:30,Completed,Chronic Disease Review,31
APT_003645,P_02757,DOC_016,DEPT_009,2024-01-11,10:30,Completed,Chest Discomfort,26
APT_003646,P_02950,DOC_027,DEPT_037,2024-10-31,09:15,Completed,Chronic Disease Review,45
APT_003647,P_00144,DOC_004,DEPT_005,2024-11-29,11:30,Completed,Chest Discomfort,33
APT_003648,P_02589,DOC_031,DEPT_024,2024-12-31,14:15,Completed,Routine Follow-up,61
APT_003649,P_02652,DOC_034,DEPT_005,2024-02-11,08:30,Completed,Post-Operative Follow-up,22
APT_003650,P_02612,DOC_013,DEPT_026,2024-01-29,10:30,Scheduled,Annual Health Checkup,0
APT_003651,P_00263,DOC_024,DEPT_024,2024-10-18,09:45,Completed,Respiratory Symptoms,29
APT_003652,P_00733,DOC_007,DEPT_024,04/21/2025,15:30,No-Show,Chronic Disease Review,0
APT_003653,P_01116,DOC_025,DEPT_032,2024-12-24,14:30,Completed,Chest Discomfort,14
APT_003654,P_02712,DOC_012,DEPT_014,2024-03-31,17:15,Completed,Annual Health Checkup,62
APT_003655,P_00274,DOC_021,DEPT_019,2024-11-02,08:45,Scheduled,Respiratory Symptoms,0
APT_003656,P_01939,DOC_018,DEPT_039,2024-09-21,12:00,No-Show,Chest Discomfort,0
APT_003657,P_01210,DOC_020,DEPT_008,2024-06-05,10:00,Completed,Post-Operative Follow-up,26
APT_003658,P_01661,DOC_011,DEPT_021,2025-03-21,14:00,Scheduled,Annual Health Checkup,0
APT_003659,P_02784,DOC_005,DEPT_006,2025-01-15,17:45,Scheduled,Chest Discomfort,0
APT_003660,P_03028,DOC_022,DEPT_001,2024-05-19,12:45,UNKNOWN_VAL,Diabetes Monitoring,13
APT_003661,P_03389,DOC_040,DEPT_027,2025-01-11,17:45,Completed,Diabetes Monitoring,24
APT_003662,P_00880,DOC_017,DEPT_008,2024-02-27,08:45,Completed,Annual Health Checkup,32
APT_003663,P_00008,DOC_019,DEPT_039,2024-01-20,17:45,Completed,Chronic Disease Review,27
APT_003664,P_00838,DOC_005,DEPT_006,2024-04-23,08:45,completed,Chest Discomfort,22
APT_003665,P_00663,DOC_007,DEPT_024,01/04/2025,11:00,Completed,Routine Follow-up,38
APT_003666,P_01486,DOC_004,DEPT_005,2024-01-07,10:30,Scheduled,Routine Follow-up,0
APT_003667,P_02063,DOC_037,DEPT_035,2024-11-08,13:00,Scheduled,Chest Discomfort,0
APT_003668,P_01623,DOC_028,DEPT_005,2025-04-16,09:15,Completed,Chronic Disease Review,25
APT_003669,P_02826,DOC_007,DEPT_024,2024-10-27,08:30,Completed,Post-Operative Follow-up,45
APT_003670,P_01212,DOC_003,DEPT_036,2024-01-14,12:00,Completed,Respiratory Symptoms,58
APT_003671,P_03120,DOC_014,DEPT_009,2024-11-01,14:15,Completed,Respiratory Symptoms,37
APT_003672,P_03355,DOC_024,DEPT_024,2024-11-10,15:30,Completed,Respiratory Symptoms,48
APT_003673,P_00011,DOC_026,DEPT_020,2024-02-23,14:45,Completed,Chest Discomfort,63
APT_003674,P_03187,DOC_009,DEPT_030,2024-01-05,14:45,Scheduled,Medication Adjustment,0
APT_003675,P_02472,DOC_032,DEPT_016,2025-03-03,12:00,Completed,Diabetes Monitoring,21
APT_003676,P_00215,DOC_022,DEPT_001,2024-04-06,17:00,Cancelled,Medication Adjustment,0
APT_003677,P_01910,DOC_023,DEPT_007,2024-03-31,11:45,Completed,Diabetes Monitoring,53
APT_003678,P_02209,DOC_016,DEPT_009,2024-07-22,13:45,Completed,Routine Follow-up,35
APT_003679,P_01228,DOC_021,DEPT_019,2025-02-09,15:30,Completed,Annual Health Checkup,48
APT_003680,P_00484,DOC_031,DEPT_024,2024-05-03,14:00,Completed,,48
APT_003681,P_00238,DOC_029,DEPT_036,2024-09-12,10:30,No-Show,Respiratory Symptoms,0
APT_003682,P_00493,DOC_024,DEPT_024,2024-09-14,16:00,Completed,Annual Health Checkup,19
APT_003683,P_01233,DOC_037,DEPT_035,2024-12-28,13:15,Completed,Chest Discomfort,52
APT_003684,P_01513,DOC_005,DEPT_006,2024-04-05,14:45,Cancelled,Routine Follow-up,0
APT_003685,P_02884,DOC_018,DEPT_039,2025-01-27,09:30,Scheduled,Medication Adjustment,0
APT_003686,P_00568,DOC_012,DEPT_014,2025-01-12,10:00,No-Show,Chest Discomfort,0
APT_003687,P_01369,DOC_023,DEPT_007,2024-04-26,15:15,Completed,Annual Health Checkup,13
APT_003688,P_02689,DOC_037,DEPT_035,2024-10-05,12:45,Completed,Annual Health Checkup,48
APT_003689,P_00609,DOC_007,DEPT_024,2024-06-16,14:30,Completed,Routine Follow-up,53
APT_003690,P_03434,DOC_001,DEPT_023,2024-10-24,08:00,Cancelled,Chest Discomfort,0
APT_003691,P_03086,DOC_029,DEPT_036,2024-11-24,10:00,Scheduled,Post-Operative Follow-up,0
APT_003692,P_01871,DOC_020,DEPT_008,2024-09-15,12:45,No-Show,Chronic Disease Review,0
APT_003693,P_02208,DOC_013,DEPT_026,2025-01-14,09:45,Completed,Annual Health Checkup,10
APT_003694,P_01645,DOC_026,DEPT_020,2024-05-18,16:00,Completed,Routine Follow-up,43
APT_003695,P_01286,DOC_021,DEPT_019,2024-05-22,17:30,No-Show,Routine Follow-up,0
APT_003696,P_00650,DOC_001,DEPT_023,2024-04-04,11:15,Completed,Post-Operative Follow-up,40
APT_003697,P_00572,DOC_017,DEPT_008,2024-02-15,14:30,Scheduled,Annual Health Checkup,0
APT_003698,P_00617,DOC_034,DEPT_005,2025-02-11,10:30,Scheduled,Annual Health Checkup,0
APT_003699,P_01832,DOC_004,DEPT_005,2024-09-20,14:30,Completed,Post-Operative Follow-up,21
APT_003700,P_01973,DOC_025,DEPT_032,2024-10-16,12:45,No-Show,Diabetes Monitoring,0
APT_003701,P_03041,DOC_017,DEPT_008,2024-06-26,13:30,Completed,,63
APT_003702,P_02326,DOC_033,DEPT_002,2024-04-27,16:30,Completed,Respiratory Symptoms,18
APT_003703,P_00151,DOC_037,DEPT_035,2024-04-03,15:45,Completed,Post-Operative Follow-up,60
APT_003704,P_02982,DOC_029,DEPT_036,2024-06-16,09:45,Scheduled,Medication Adjustment,0
APT_003705,P_02527,DOC_021,DEPT_019,2024-11-22,08:00,Completed,Post-Operative Follow-up,48
APT_003706,P_03344,DOC_011,DEPT_021,2024-06-12,10:30,Scheduled,Post-Operative Follow-up,0
APT_003707,P_01358,DOC_010,DEPT_021,2025-01-04,17:45,Completed,Chest Discomfort,11
APT_003708,P_03376,DOC_010,DEPT_021,2024-01-25,12:00,Completed,,39
APT_003709,P_01152,DOC_009,DEPT_030,2024-03-21,10:30,Completed,Diabetes Monitoring,63
APT_003710,P_03072,DOC_024,DEPT_024,2025-03-01,11:15,Scheduled,Routine Follow-up,0
APT_003711,P_01007,DOC_011,DEPT_021,01/12/2024,09:15,Scheduled,Chest Discomfort,0
APT_003712,P_03073,DOC_012,DEPT_014,2024-04-14,17:00,Scheduled,Medication Adjustment,0
APT_003713,P_02468,DOC_005,DEPT_006,2024-10-30,10:15,Completed,Respiratory Symptoms,53
APT_003714,P_00947,DOC_023,DEPT_007,2024-06-29,13:15,Completed,Routine Follow-up,17
APT_003715,P_01746,DOC_009,DEPT_030,2025-01-09,14:00,Cancelled,,0
APT_003716,P_01372,DOC_026,DEPT_020,2025-04-17,13:45,Completed,Respiratory Symptoms,29
APT_003717,P_02565,DOC_033,DEPT_002,2024-03-21,10:00,No-Show,Respiratory Symptoms,0
APT_003718,P_01536,DOC_011,DEPT_021,2024-07-14,11:15,Completed,Post-Operative Follow-up,46
APT_003719,P_03056,DOC_004,DEPT_005,2024-05-15,11:30,Completed,,41
APT_003720,P_00107,DOC_022,DEPT_001,2025-03-10,08:30,Cancelled,Diabetes Monitoring,0
APT_003721,P_01647,DOC_017,DEPT_008,2024-06-26,16:00,No-Show,Routine Follow-up,0
APT_003722,P_02410,DOC_039,DEPT_007,2024-04-20,13:30,Completed,Post-Operative Follow-up,46
APT_003723,P_02648,DOC_033,DEPT_002,2024-06-30,13:30,Cancelled,Respiratory Symptoms,0
APT_003724,P_01850,DOC_015,DEPT_038,2025-03-11,12:30,Completed,Post-Operative Follow-up,13
APT_003725,P_01269,DOC_027,DEPT_037,2024-01-27,08:45,Scheduled,Diabetes Monitoring,0
APT_003726,P_03041,DOC_021,DEPT_019,2024-05-07,11:30,No-Show,Post-Operative Follow-up,0
APT_003727,P_02752,DOC_013,DEPT_026,2024-02-27,13:15,Completed,Chest Discomfort,18
APT_003728,P_02031,DOC_030,DEPT_014,2025-02-18,12:30,Completed,Chest Discomfort,55
APT_003729,P_03112,DOC_018,DEPT_039,2025-03-19,09:00,Completed,Routine Follow-up,15
APT_003730,P_00928,DOC_035,DEPT_003,2024-02-08,10:15,completed,Medication Adjustment,28
APT_003731,P_01921,DOC_002,DEPT_035,2025-02-28,17:45,Completed,Annual Health Checkup,58
APT_003732,P_00728,DOC_021,DEPT_019,2024-02-21,09:15,Scheduled,Post-Operative Follow-up,0
APT_003733,P_00179,DOC_028,DEPT_005,2025-01-07,09:30,completed,Annual Health Checkup,57
APT_003734,P_02136,DOC_009,DEPT_030,2024-08-12,14:30,Completed,Annual Health Checkup,11
APT_003735,P_01424,DOC_010,DEPT_021,2024-07-16,11:15,Completed,Post-Operative Follow-up,46
APT_003736,P_01249,DOC_015,DEPT_038,2024-06-27,15:30,Completed,Annual Health Checkup,50
APT_003737,P_02620,DOC_024,DEPT_024,2025-02-08,14:45,Completed,Medication Adjustment,15
APT_003738,P_03290,DOC_004,DEPT_005,2024-12-19,17:45,Completed,Routine Follow-up,30
APT_003739,P_01559,DOC_036,DEPT_016,2025-04-19,11:15,Completed,Respiratory Symptoms,13
APT_003740,P_02717,DOC_022,DEPT_001,2024-06-02,09:45,Completed,Post-Operative Follow-up,33
APT_003741,P_02551,DOC_002,DEPT_035,2024-07-08,16:00,Scheduled,Medication Adjustment,0
APT_003742,P_00631,DOC_002,DEPT_035,2024-02-24,17:00,Completed,Respiratory Symptoms,37
APT_003743,P_02012,DOC_036,DEPT_016,2024-09-25,10:00,Completed,Post-Operative Follow-up,38
APT_003744,P_00517,DOC_021,DEPT_019,2025-01-21,13:00,Scheduled,Routine Follow-up,0
APT_003745,P_02141,DOC_016,DEPT_009,2024-11-24,16:30,Completed,Annual Health Checkup,46
APT_003746,P_03067,DOC_038,DEPT_031,2024-04-15,16:15,Completed,Chest Discomfort,42
APT_003747,P_01370,DOC_025,DEPT_032,2024-05-02,15:15,  Completed  ,Post-Operative Follow-up,53
APT_003748,P_00943,DOC_004,DEPT_005,2024-03-05,13:45,Completed,,42
APT_003749,P_00566,DOC_039,DEPT_007,2025-03-27,17:15,Scheduled,Annual Health Checkup,0
APT_003750,P_02801,DOC_014,DEPT_009,27-02-2025,08:45,Scheduled,Chest Discomfort,0
APT_003751,P_02539,DOC_021,DEPT_019,2024-05-28,08:15,Completed,Routine Follow-up,63
APT_003752,P_01848,DOC_019,DEPT_039,2025-01-07,12:30,Completed,,23
APT_003753,P_03026,DOC_007,DEPT_024,2024-04-18,10:00,Cancelled,Annual Health Checkup,0
APT_003754,P_00057,DOC_024,DEPT_024,2024-06-07,15:00,  Completed  ,Post-Operative Follow-up,33
APT_003755,P_01569,DOC_011,DEPT_021,2025-03-01,12:30,Completed,Routine Follow-up,63
APT_003756,P_02674,DOC_028,DEPT_005,2024-11-11,09:30,Completed,Routine Follow-up,51
APT_003757,P_01489,DOC_034,DEPT_005,08-04-2024,12:00,Completed,Routine Follow-up,60
APT_003758,P_01788,DOC_023,DEPT_007,2025-04-23,17:45,Completed,Routine Follow-up,41
APT_003759,P_00280,DOC_036,DEPT_016,2024-11-20,13:45,Completed,Respiratory Symptoms,31
APT_003760,P_03004,DOC_017,DEPT_008,2025-02-02,08:15,Completed,Respiratory Symptoms,27
APT_003761,P_01382,DOC_031,DEPT_024,2024-08-05,14:00,  No-Show  ,Chronic Disease Review,0
APT_003762,P_01094,DOC_032,DEPT_016,2024-08-17,08:30,Completed,Diabetes Monitoring,30
APT_003763,P_03383,DOC_023,DEPT_007,2024-04-13,11:30,Scheduled,Annual Health Checkup,0
APT_003764,P_03070,DOC_008,DEPT_005,2024-03-24,15:00,Scheduled,,0
APT_003765,P_02990,DOC_030,DEPT_014,2024-12-08,09:30,Completed,Respiratory Symptoms,37
APT_003766,P_01424,DOC_036,DEPT_016,2024-12-06,16:15,Scheduled,Post-Operative Follow-up,0
APT_003767,P_03302,DOC_020,DEPT_008,2024-03-14,11:45,Scheduled,Diabetes Monitoring,0
APT_003768,P_00116,DOC_034,DEPT_005,2025-01-06,12:00,Completed,Post-Operative Follow-up,25
APT_003769,P_03008,DOC_030,DEPT_014,2024-11-29,13:30,Completed,Post-Operative Follow-up,53
APT_003770,P_02067,DOC_004,DEPT_005,2024-03-04,15:45,Completed,Post-Operative Follow-up,31
APT_003771,P_03012,DOC_024,DEPT_024,2024-10-09,16:45,Completed,Post-Operative Follow-up,47
APT_003772,P_02253,DOC_012,DEPT_014,2024-10-08,13:45,Completed,Post-Operative Follow-up,42
APT_003773,P_01090,DOC_026,DEPT_020,2025-03-08,11:00,  Completed  ,Routine Follow-up,10
APT_003774,P_00329,DOC_006,DEPT_018,2025-03-21,15:15,Completed,Annual Health Checkup,61
APT_003775,P_00682,DOC_024,DEPT_024,2024-10-25,09:30,Completed,Medication Adjustment,14
APT_003776,P_02788,DOC_038,DEPT_031,2024-03-28,14:30,COMPLETED,Chronic Disease Review,42
APT_003777,P_00021,DOC_013,DEPT_026,2024-12-12,12:45,Completed,Chronic Disease Review,20
APT_003778,P_01695,DOC_035,DEPT_003,2024-09-20,14:00,Cancelled,Medication Adjustment,0
APT_003779,P_02713,DOC_014,DEPT_009,2024-02-23,09:45,Completed,Chronic Disease Review,26
APT_003780,P_01514,DOC_012,DEPT_014,2024-04-09,11:00,Cancelled,Medication Adjustment,0
APT_003781,P_00061,DOC_025,DEPT_032,2024-06-14,10:00,Completed,Chronic Disease Review,13
APT_003782,P_00010,DOC_002,DEPT_035,2024-03-10,17:45,Completed,Medication Adjustment,14
APT_003783,P_01438,DOC_024,DEPT_024,2025-01-24,09:00,Completed,Chest Discomfort,33
APT_003784,P_02029,DOC_022,DEPT_001,2024-08-16,11:00,Completed,Respiratory Symptoms,18
APT_003785,P_00516,DOC_026,DEPT_020,2024-08-10,09:00,Scheduled,Annual Health Checkup,0
APT_003786,P_02003,DOC_003,DEPT_036,2024-01-11,13:45,Completed,Chronic Disease Review,14
APT_003787,P_01102,DOC_033,DEPT_002,2025-02-15,12:30,Completed,Respiratory Symptoms,26
APT_003788,P_03042,DOC_010,DEPT_021,2025-04-23,14:15,Cancelled,,0
APT_003789,P_02718,DOC_040,DEPT_027,2024-05-27,12:45,Completed,Annual Health Checkup,8
APT_003790,P_02393,DOC_021,DEPT_019,2024-01-14,15:15,Completed,Annual Health Checkup,26
APT_003791,P_02006,DOC_026,DEPT_020,2024-04-18,13:00,Completed,Medication Adjustment,62
APT_003792,P_00197,DOC_001,DEPT_023,2024-12-21,17:00,Scheduled,Respiratory Symptoms,0
APT_003793,P_03033,DOC_006,DEPT_018,2024-12-24,09:45,Completed,Chronic Disease Review,39
APT_003794,P_00258,DOC_018,DEPT_039,2024-11-24,10:00,Completed,Annual Health Checkup,61
APT_003795,P_03413,DOC_018,DEPT_039,2024-09-09,13:45,  Scheduled  ,Chest Discomfort,0
APT_003796,P_02994,DOC_027,DEPT_037,2024-02-25,14:30,No-Show,Post-Operative Follow-up,0
APT_003797,P_00509,DOC_001,DEPT_023,2024-04-21,10:30,Completed,Medication Adjustment,52
APT_003798,P_03030,DOC_005,DEPT_006,2024-05-15,11:45,No-Show,Chest Discomfort,0
APT_003799,P_02410,DOC_008,DEPT_005,2024-08-09,10:15,Scheduled,Chronic Disease Review,0
APT_003800,P_02643,DOC_036,DEPT_016,2025-01-11,16:00,Completed,Annual Health Checkup,19
APT_003801,P_00894,DOC_034,DEPT_005,2025-02-18,10:45,Completed,Medication Adjustment,53
APT_003802,P_00602,DOC_013,DEPT_026,2024-09-24,09:00,Completed,Diabetes Monitoring,62
APT_003803,P_03326,DOC_034,DEPT_005,2024-10-21,11:00,Completed,Annual Health Checkup,12
APT_003804,P_00093,DOC_018,DEPT_039,2025-04-04,14:45,Completed,Post-Operative Follow-up,22
APT_003805,P_00548,DOC_012,DEPT_014,09/23/2024,10:45,Completed,Routine Follow-up,51
APT_003806,P_00413,DOC_024,DEPT_024,2024-09-24,16:30,Completed,Annual Health Checkup,33
APT_003807,P_00373,DOC_002,DEPT_035,2025-04-07,08:30,Completed,Annual Health Checkup,23
APT_003808,P_01908,DOC_040,DEPT_027,2024-08-18,11:00,Completed,Chest Discomfort,44
APT_003809,P_03243,DOC_017,DEPT_008,2025-04-20,09:15,  Completed  ,Medication Adjustment,40
APT_003810,P_02004,DOC_009,DEPT_030,2024-07-07,10:00,Completed,Diabetes Monitoring,55
APT_003811,P_02799,DOC_017,DEPT_008,2024-10-19,17:45,Scheduled,Diabetes Monitoring,0
APT_003812,P_01194,DOC_031,DEPT_024,2024-03-08,11:30,  Completed  ,Chest Discomfort,15
APT_003813,P_00292,DOC_038,DEPT_031,2024-11-20,09:00,No-Show,Respiratory Symptoms,0
APT_003814,P_00263,DOC_003,DEPT_036,2024-02-14,13:45,Completed,Respiratory Symptoms,41
APT_003815,P_02053,DOC_001,DEPT_023,2025-02-19,13:00,COMPLETED,Post-Operative Follow-up,54
APT_003816,P_02427,DOC_017,DEPT_008,2024-01-04,17:15,Completed,Post-Operative Follow-up,37
APT_003817,P_02082,DOC_038,DEPT_031,2024-08-08,15:00,Completed,Chest Discomfort,40
APT_003818,P_00277,DOC_020,DEPT_008,2024-01-02,15:30,Completed,Respiratory Symptoms,42
APT_003819,P_00048,DOC_001,DEPT_023,2024-12-22,10:15,Completed,Annual Health Checkup,14
APT_003820,P_03285,DOC_030,DEPT_014,2024-05-26,12:00,Scheduled,Routine Follow-up,0
APT_003821,P_03059,DOC_035,DEPT_003,2024-03-24,14:00,Completed,Routine Follow-up,12
APT_003822,P_01578,DOC_024,DEPT_024,2024-10-09,10:30,Completed,Respiratory Symptoms,47
APT_003823,P_00293,DOC_027,DEPT_037,2024-02-15,14:45,Scheduled,Annual Health Checkup,0
APT_003824,P_03087,DOC_008,DEPT_005,2025-02-18,17:30,Completed,Annual Health Checkup,13
APT_003825,P_02495,DOC_038,DEPT_031,2025-02-16,13:15,Completed,Medication Adjustment,8
APT_003826,P_01661,DOC_005,DEPT_006,2024-04-07,14:15,CANCELLED,Medication Adjustment,0
APT_003827,P_02609,DOC_038,DEPT_031,2024-12-20,09:30,Completed,Respiratory Symptoms,34
APT_003828,P_03403,DOC_017,DEPT_008,2024-03-14,09:45,Completed,Diabetes Monitoring,41
APT_003829,P_02346,DOC_007,DEPT_024,01/05/2025,11:15,Completed,Routine Follow-up,62
APT_003830,P_00728,DOC_014,DEPT_009,2025-02-12,10:30,Completed,Chronic Disease Review,56
APT_003831,P_02743,DOC_016,DEPT_009,2024-01-18,09:30,Completed,Respiratory Symptoms,48
APT_003832,P_02621,DOC_021,DEPT_019,2024-01-30,13:15,Completed,Diabetes Monitoring,16
APT_003833,P_01222,DOC_010,DEPT_021,2025-01-02,08:00,Completed,Annual Health Checkup,65
APT_003834,P_00117,DOC_008,DEPT_005,2024-06-15,10:45,Completed,Respiratory Symptoms,31
APT_003835,P_00129,DOC_004,DEPT_005,2024-04-04,11:30,No-Show,Routine Follow-up,0
APT_003836,P_01595,DOC_013,DEPT_026,2024-12-29,08:00,Completed,Annual Health Checkup,62
APT_003837,P_01377,DOC_030,DEPT_014,2024-05-12,13:45,Scheduled,Chest Discomfort,0
APT_003838,P_00778,DOC_036,DEPT_016,2024-09-16,09:00,Cancelled,Medication Adjustment,0
APT_003839,P_00635,DOC_005,DEPT_006,2024-12-08,10:00,Completed,Medication Adjustment,35
APT_003840,P_01920,DOC_022,DEPT_001,2025-01-01,16:00,Completed,Chronic Disease Review,64
APT_003841,P_02216,DOC_010,DEPT_021,2025-04-12,17:30,Completed,Chest Discomfort,48
APT_003842,P_00283,DOC_002,DEPT_035,2024-08-06,12:00,No-Show,Diabetes Monitoring,0
APT_003843,P_01343,DOC_038,DEPT_031,2024-08-02,15:15,Completed,Diabetes Monitoring,30
APT_003844,P_00139,DOC_013,DEPT_026,2024-02-27,10:15,Scheduled,Medication Adjustment,0
APT_003845,P_03163,DOC_037,DEPT_035,2024-08-01,15:45,Completed,Chest Discomfort,32
APT_003846,P_00224,DOC_025,DEPT_032,2025-01-28,09:30,Completed,Annual Health Checkup,33
APT_003847,P_01695,DOC_022,DEPT_001,2024-04-26,15:00,Completed,Medication Adjustment,14
APT_003848,P_02054,DOC_023,DEPT_007,2024-10-26,14:00,No-Show,Medication Adjustment,0
APT_003849,P_02177,DOC_031,DEPT_024,2024-08-07,14:15,Completed,Chronic Disease Review,42
APT_003850,P_02725,DOC_016,DEPT_009,2024-12-24,17:00,Cancelled,Diabetes Monitoring,0
APT_003851,P_00241,DOC_014,DEPT_009,2024-04-04,16:15,Completed,Chronic Disease Review,39
APT_003852,P_02560,DOC_016,DEPT_009,2024-11-13,14:15,Completed,,38
APT_003853,P_00926,DOC_004,DEPT_005,2024-01-14,11:15,Cancelled,Chest Discomfort,0
APT_003854,P_01054,DOC_003,DEPT_036,2024-10-11,12:45,Scheduled,Chronic Disease Review,0
APT_003855,P_03043,DOC_037,DEPT_035,2024-04-21,14:45,No-Show,Post-Operative Follow-up,0
APT_003856,P_02265,DOC_025,DEPT_032,2024-07-20,11:30,Cancelled,Chest Discomfort,0
APT_003857,P_00204,DOC_022,DEPT_001,2024-11-29,13:30,Completed,Routine Follow-up,61
APT_003858,P_00603,DOC_007,DEPT_024,2025-04-04,14:30,Completed,Post-Operative Follow-up,59
APT_003859,P_02475,DOC_002,DEPT_035,2024/03/23 00:00:00,09:30,Completed,,53
APT_003860,P_01407,DOC_005,DEPT_006,2025-04-06,16:00,Completed,Chronic Disease Review,52
APT_003861,P_01767,DOC_033,DEPT_002,2024-10-03,14:15,Completed,Post-Operative Follow-up,60
APT_003862,P_00667,DOC_003,DEPT_036,2024-03-14,17:45,Completed,Post-Operative Follow-up,33
APT_003863,P_00411,DOC_024,DEPT_024,2024-09-04,15:00,Completed,Medication Adjustment,61
APT_003864,P_01888,DOC_033,DEPT_002,2025-01-25,14:00,Scheduled,Chest Discomfort,0
APT_003865,P_02393,DOC_005,DEPT_006,2024-12-25,10:15,Completed,Post-Operative Follow-up,17
APT_003866,P_02103,DOC_011,DEPT_021,2024-11-20,15:45,Scheduled,Diabetes Monitoring,0
APT_003867,P_01458,DOC_024,DEPT_024,2024-06-07,14:15,Completed,Annual Health Checkup,42
APT_003868,P_02103,DOC_002,DEPT_035,2024-06-13,15:00,Cancelled,Annual Health Checkup,0
APT_003869,P_01191,DOC_026,DEPT_020,2024-12-05,17:15,Completed,Annual Health Checkup,42
APT_003870,P_03174,DOC_009,DEPT_030,2024/12/25 00:00:00,15:30,Completed,Routine Follow-up,49
APT_003871,P_01853,DOC_024,DEPT_024,2024-12-16,13:00,Completed,Chronic Disease Review,47
APT_003872,P_01727,DOC_006,DEPT_018,2024-07-19,14:45,Completed,Routine Follow-up,25
APT_003873,P_00474,DOC_026,DEPT_020,2024-05-28,14:45,Completed,Diabetes Monitoring,64
APT_003874,P_02253,DOC_003,DEPT_036,2024-03-02,13:45,Completed,Post-Operative Follow-up,54
APT_003875,P_01638,DOC_036,DEPT_016,2024-01-14,08:45,Completed,Routine Follow-up,54
APT_003876,P_01268,DOC_022,DEPT_001,2024-06-22,10:45,Completed,Medication Adjustment,38
APT_003877,P_02978,DOC_004,DEPT_005,2024-08-07,14:45,Completed,Post-Operative Follow-up,20
APT_003878,P_00318,DOC_040,DEPT_027,2025-02-17,08:30,Scheduled,Medication Adjustment,0
APT_003879,P_01572,DOC_032,DEPT_016,2024-07-16,12:45,Completed,,44
APT_003880,P_00421,DOC_001,DEPT_023,2024-12-07,11:45,Completed,Chest Discomfort,17
APT_003881,P_01217,DOC_005,DEPT_006,2024-04-30,10:00,Completed,Post-Operative Follow-up,25
APT_003882,P_03170,DOC_005,DEPT_006,2024-09-20,09:15,Completed,Routine Follow-up,50
APT_003883,P_03488,DOC_035,DEPT_003,2025-01-01,13:00,Completed,Diabetes Monitoring,20
APT_003884,P_01071,DOC_015,DEPT_038,2024-01-01,11:00,Scheduled,Respiratory Symptoms,0
APT_003885,P_00367,DOC_035,DEPT_003,2024-12-01,12:30,Completed,Annual Health Checkup,31
APT_003886,P_02931,DOC_008,DEPT_005,2024-04-18,15:00,Completed,Diabetes Monitoring,44
APT_003887,P_01034,DOC_011,DEPT_021,2025-03-20,14:30,Completed,,62
APT_003888,P_01970,DOC_038,DEPT_031,2025-04-12,08:15,Completed,Chest Discomfort,34
APT_003889,P_02794,DOC_026,DEPT_020,2024-12-11,17:45,Scheduled,Routine Follow-up,0
APT_003890,P_01465,DOC_036,DEPT_016,2024-12-25,11:00,Scheduled,Medication Adjustment,0
APT_003891,P_02966,DOC_013,DEPT_026,2024-01-12,17:30,Completed,,50
APT_003892,P_03414,DOC_032,DEPT_016,2025-02-01,14:30,Scheduled,Routine Follow-up,0
APT_003893,P_02063,DOC_029,DEPT_036,2025-02-09,12:00,  Completed  ,Medication Adjustment,64
APT_003894,P_00034,DOC_001,DEPT_023,2025-04-05,08:45,Completed,Annual Health Checkup,28
APT_003895,P_00603,DOC_007,DEPT_024,2025-04-18,12:30,Scheduled,Chronic Disease Review,0
APT_003896,P_01721,DOC_009,DEPT_030,2024-04-04,17:45,Scheduled,Medication Adjustment,0
APT_003897,P_02061,DOC_001,DEPT_023,2024-03-26,15:30,No-Show,Respiratory Symptoms,0
APT_003898,P_01679,DOC_040,DEPT_027,2024-04-26,10:45,Completed,,17
APT_003899,P_01733,DOC_015,DEPT_038,2024-09-17,09:45,CANCELLED,Medication Adjustment,0
APT_003900,P_00700,DOC_001,DEPT_023,2024-05-20,17:45,CANCELLED,Chronic Disease Review,0
APT_003901,P_03000,DOC_008,DEPT_005,2025-01-26,17:45,Completed,Post-Operative Follow-up,28
APT_003902,P_00643,DOC_035,DEPT_003,2024-10-09,11:30,No-Show,Routine Follow-up,0
APT_003903,P_02385,DOC_034,DEPT_005,2024-12-01,16:00,Completed,Routine Follow-up,45
APT_003904,P_00040,DOC_001,DEPT_023,2025-03-07,10:00,Completed,Post-Operative Follow-up,62
APT_003905,P_00335,DOC_012,DEPT_014,2024-01-03,11:15,Completed,Medication Adjustment,30
APT_003906,P_00716,DOC_009,DEPT_030,2024-06-27,12:15,Scheduled,Chronic Disease Review,0
APT_003907,P_00663,DOC_036,DEPT_016,2024-12-14,16:15,Completed,Routine Follow-up,35
APT_003908,P_03470,DOC_031,DEPT_024,2024-08-24,16:45,Completed,Post-Operative Follow-up,48
APT_003909,P_01102,DOC_009,DEPT_030,2024-03-12,12:45,Completed,Annual Health Checkup,49
APT_003910,P_01920,DOC_032,DEPT_016,2024-02-18,15:15,Completed,Chronic Disease Review,31
APT_003911,P_00064,DOC_006,DEPT_018,2025-03-23,13:45,Completed,Chronic Disease Review,44
APT_003912,P_03212,DOC_008,DEPT_005,2024-02-08,09:30,Completed,Post-Operative Follow-up,56
APT_003913,P_03453,DOC_001,DEPT_023,2024-05-24,15:15,UNKNOWN_VAL,Respiratory Symptoms,13
APT_003914,P_01666,DOC_029,DEPT_036,2024-05-14,15:30,Completed,Respiratory Symptoms,61
APT_003915,P_03393,DOC_015,DEPT_038,2024-07-27,12:45,Completed,Diabetes Monitoring,13
APT_003916,P_00755,DOC_004,DEPT_005,2024-08-16,15:15,Scheduled,Annual Health Checkup,0
APT_003917,P_02968,DOC_039,DEPT_007,2024-09-16,14:30,No-Show,Post-Operative Follow-up,0
APT_003918,P_00081,DOC_030,DEPT_014,2024-08-28,14:45,Completed,,15
APT_003919,P_02189,DOC_005,DEPT_006,2024-08-12,10:15,Completed,Chest Discomfort,39
APT_003920,P_02802,DOC_009,DEPT_030,2024-12-01,11:00,Scheduled,Chest Discomfort,0
APT_003921,P_01019,DOC_010,DEPT_021,2024-01-17,14:15,Completed,Respiratory Symptoms,25
APT_003922,P_03379,DOC_040,DEPT_027,2024-10-02,17:30,Completed,Medication Adjustment,39
APT_003923,P_01153,DOC_015,DEPT_038,2025-04-20,11:00,Completed,Post-Operative Follow-up,61
APT_003924,P_01442,DOC_007,DEPT_024,2025-04-13,15:00,Completed,Respiratory Symptoms,17
APT_003925,P_02193,DOC_021,DEPT_019,2024-11-03,08:45,Completed,Chronic Disease Review,19
APT_003926,P_01229,DOC_011,DEPT_021,2024-10-27,11:45,Completed,Chest Discomfort,47
APT_003927,P_01609,DOC_028,DEPT_005,2024-11-10,08:45,Cancelled,Annual Health Checkup,0
APT_003928,P_00589,DOC_032,DEPT_016,2024-05-10,15:30,No-Show,Annual Health Checkup,0
APT_003929,P_01254,DOC_038,DEPT_031,17-09-2024,14:15,Completed,Post-Operative Follow-up,51
APT_003930,P_01810,DOC_019,DEPT_039,2024-11-16,13:15,Cancelled,Routine Follow-up,0
APT_003931,P_01178,DOC_013,DEPT_026,2025-01-20,15:00,Scheduled,Respiratory Symptoms,0
APT_003932,P_03121,DOC_004,DEPT_005,2025-04-10,14:30,Completed,Chest Discomfort,51
APT_003933,P_03096,DOC_039,DEPT_007,2025-02-12,10:30,Completed,Chronic Disease Review,62
APT_003934,P_00598,DOC_001,DEPT_023,2024-04-25,08:15,Scheduled,Routine Follow-up,0
APT_003935,P_00808,DOC_021,DEPT_019,2024-04-11,12:45,Completed,,50
APT_003936,P_03478,DOC_023,DEPT_007,2024-02-06,09:15,Completed,Chest Discomfort,35
APT_003937,P_03438,DOC_012,DEPT_014,2025-01-06,08:00,Scheduled,Medication Adjustment,0
APT_003938,P_02875,DOC_002,DEPT_035,2024-03-28,10:00,Completed,Routine Follow-up,15
APT_003939,P_00797,DOC_021,DEPT_019,2024-10-24,08:30,Cancelled,Medication Adjustment,0
APT_003940,P_01288,DOC_027,DEPT_037,2024-07-19,08:45,Completed,Post-Operative Follow-up,26
APT_003941,P_01657,DOC_029,DEPT_036,2024-12-07,16:00,Completed,Post-Operative Follow-up,55
APT_003942,P_02296,DOC_021,DEPT_019,2024-09-12,10:30,Cancelled,Respiratory Symptoms,0
APT_003943,P_00957,DOC_024,DEPT_024,2024-03-13,14:45,No-Show,Chest Discomfort,0
APT_003944,P_03065,DOC_010,DEPT_021,2024-07-18,10:15,Completed,Post-Operative Follow-up,13
APT_003945,P_02100,DOC_023,DEPT_007,06/21/2024,08:45,Completed,Chronic Disease Review,8
APT_003946,P_02752,DOC_039,DEPT_007,2024-01-05,16:30,Completed,Medication Adjustment,16
APT_003947,P_00139,DOC_025,DEPT_032,2024-10-09,14:30,Scheduled,Respiratory Symptoms,0
APT_003948,P_03444,DOC_013,DEPT_026,2025-03-31,16:00,Completed,Annual Health Checkup,10
APT_003949,P_00466,DOC_033,DEPT_002,2024-02-23,15:00,Completed,Chronic Disease Review,16
APT_003950,P_02637,DOC_040,DEPT_027,2024-08-20,14:30,Completed,,39
APT_003951,P_03499,DOC_015,DEPT_038,2024-01-19,17:15,Cancelled,Chronic Disease Review,0
APT_003952,P_03500,DOC_004,DEPT_005,2024-02-23,17:15,Completed,Chronic Disease Review,29
APT_003953,P_02011,DOC_014,DEPT_009,2024-12-22,10:30,Completed,Chronic Disease Review,58
APT_003954,P_02323,DOC_014,DEPT_009,2025-01-01,16:45,Completed,Post-Operative Follow-up,50
APT_003955,P_02379,DOC_035,DEPT_003,2024-03-28,12:00,Completed,Annual Health Checkup,49
APT_003956,P_02174,DOC_034,DEPT_005,2025-03-27,10:45,Cancelled,Medication Adjustment,0
APT_003957,P_02661,DOC_018,DEPT_039,2024-04-16,13:30,Completed,Diabetes Monitoring,45
APT_003958,P_00676,DOC_021,DEPT_019,2025-01-02,09:45,Completed,Routine Follow-up,14
APT_003959,P_03434,DOC_012,DEPT_014,2024-01-10,15:45,Completed,Post-Operative Follow-up,22
APT_003960,P_00580,DOC_019,DEPT_039,2025-04-14,12:00,Cancelled,Diabetes Monitoring,0
APT_003961,P_01455,DOC_018,DEPT_039,2024-11-15,17:00,Completed,Routine Follow-up,38
APT_003962,P_02010,DOC_033,DEPT_002,2024-06-09,10:15,Completed,Chronic Disease Review,47
APT_003963,P_01836,DOC_037,DEPT_035,2024-07-15,10:45,completed,Routine Follow-up,62
APT_003964,P_01493,DOC_023,DEPT_007,2024-04-28,09:15,Completed,Annual Health Checkup,15
APT_003965,P_03018,DOC_015,DEPT_038,2024-01-15,08:15,Completed,Respiratory Symptoms,35
APT_003966,P_02788,DOC_015,DEPT_038,2024-01-01,11:15,completed,,35
APT_003967,P_00270,DOC_003,DEPT_036,2024-12-03,17:00,Completed,Diabetes Monitoring,28
APT_003968,P_00829,DOC_036,DEPT_016,2024-09-21,12:45,Completed,Annual Health Checkup,50
APT_003969,P_01066,DOC_012,DEPT_014,2024-09-01,16:30,Completed,Diabetes Monitoring,55
APT_003970,P_00844,DOC_032,DEPT_016,2024-09-03,13:30,Completed,Chronic Disease Review,27
APT_003971,P_00524,DOC_001,DEPT_023,2024-04-10,17:00,Completed,Post-Operative Follow-up,13
APT_003972,P_01310,DOC_013,DEPT_026,2024-07-13,09:15,Completed,Chest Discomfort,17
APT_003973,P_00706,DOC_028,DEPT_005,2024-06-25,08:45,Cancelled,Respiratory Symptoms,0
APT_003974,P_00850,DOC_021,DEPT_019,2024-12-06,17:30,Cancelled,Annual Health Checkup,0
APT_003975,P_01585,DOC_020,DEPT_008,2025-02-13,11:15,No-Show,Annual Health Checkup,0
APT_003976,P_03027,DOC_023,DEPT_007,2024-03-19,12:15,Completed,Routine Follow-up,63
APT_003977,P_02022,DOC_026,DEPT_020,2024-03-25,10:45,Completed,Routine Follow-up,60
APT_003978,P_00986,DOC_014,DEPT_009,2024-01-01,16:00,No-Show,Chest Discomfort,0
APT_003979,P_01486,DOC_038,DEPT_031,2025-03-23,15:15,Completed,Respiratory Symptoms,28
APT_003980,P_02100,DOC_006,DEPT_018,2024-06-19,10:45,Completed,Annual Health Checkup,58
APT_003981,P_01443,DOC_037,DEPT_035,2024-09-27,14:30,Completed,Diabetes Monitoring,50
APT_003982,P_02168,DOC_015,DEPT_038,2024-08-28,12:45,Completed,Medication Adjustment,23
APT_003983,P_01426,DOC_020,DEPT_008,2025-04-15,08:15,Cancelled,Post-Operative Follow-up,0
APT_003984,P_02917,DOC_019,DEPT_039,2025-03-29,10:00,Completed,Respiratory Symptoms,37
APT_003985,P_02109,DOC_006,DEPT_018,2024-07-29,14:00,Completed,Respiratory Symptoms,52
APT_003986,P_01682,DOC_020,DEPT_008,2024-08-01,16:15,Completed,Post-Operative Follow-up,54
APT_003987,P_02999,DOC_026,DEPT_020,2024-07-30,13:45,Completed,Chest Discomfort,36
APT_003988,P_03292,DOC_022,DEPT_001,2025-02-01,08:15,Completed,Post-Operative Follow-up,62
APT_003989,P_00708,DOC_032,DEPT_016,2024-07-11,14:15,Scheduled,Post-Operative Follow-up,0
APT_003990,P_01134,DOC_009,DEPT_030,2025-01-07,11:15,Completed,Chest Discomfort,8
APT_003991,P_01871,DOC_029,DEPT_036,2025-01-07,15:30,Completed,Medication Adjustment,27
APT_003992,P_01935,DOC_014,DEPT_009,2024-10-31,09:15,Cancelled,Post-Operative Follow-up,0
APT_003993,P_00586,DOC_037,DEPT_035,2024-09-05,15:15,Completed,Chronic Disease Review,36
APT_003994,P_00489,DOC_040,DEPT_027,2024-11-29,16:30,Completed,Respiratory Symptoms,50
APT_003995,P_01244,DOC_024,DEPT_024,2025-02-25,16:30,Completed,Medication Adjustment,28
APT_003996,P_01049,DOC_033,DEPT_002,2024-11-15,15:45,Completed,Post-Operative Follow-up,54
APT_003997,P_03189,DOC_028,DEPT_005,2025-01-21,16:15,Completed,Medication Adjustment,46
APT_003998,P_00671,DOC_037,DEPT_035,2025-02-26,12:00,Completed,Chest Discomfort,26
APT_003999,P_02881,DOC_005,DEPT_006,2024-03-15,10:15,Completed,Chest Discomfort,51
APT_004000,P_00113,DOC_029,DEPT_036,2025-02-24,08:45,Completed,Chest Discomfort,39
APT_004001,P_01203,DOC_017,DEPT_008,2025-02-03,08:45,  No-Show  ,Chronic Disease Review,0
APT_004002,P_01470,DOC_023,DEPT_007,2024-01-15,09:30,Scheduled,Chronic Disease Review,0
APT_004003,P_01653,DOC_040,DEPT_027,2024-03-21,17:15,Completed,Chest Discomfort,35
APT_004004,P_02197,DOC_030,DEPT_014,2024-11-15,16:15,Scheduled,Respiratory Symptoms,0
APT_004005,P_03347,DOC_038,DEPT_031,2024-09-30,14:30,Completed,Routine Follow-up,58
APT_004006,P_00185,DOC_022,DEPT_001,2024-04-29,10:45,Scheduled,Medication Adjustment,0
APT_004007,P_00082,DOC_011,DEPT_021,2024-02-11,10:15,Cancelled,Diabetes Monitoring,0
APT_004008,P_02075,DOC_038,DEPT_031,2024-06-02,09:30,Cancelled,Medication Adjustment,0
APT_004009,P_00873,DOC_033,DEPT_002,2024-06-03,17:30,Completed,Chest Discomfort,45
APT_004010,P_01713,DOC_007,DEPT_024,2024-08-06,16:15,Completed,Medication Adjustment,12
APT_004011,P_02734,DOC_040,DEPT_027,2024-09-01,15:30,Completed,Annual Health Checkup,52
APT_004012,P_02530,DOC_038,DEPT_031,2024-06-24,08:45,scheduled,Routine Follow-up,0
APT_004013,P_01038,DOC_025,DEPT_032,2024-04-07,11:30,Cancelled,Medication Adjustment,0
APT_004014,P_00241,DOC_002,DEPT_035,2024-08-03,10:45,Completed,Annual Health Checkup,10
APT_004015,P_03435,DOC_003,DEPT_036,2024-07-03,15:30,Completed,Chest Discomfort,58
APT_004016,P_00686,DOC_007,DEPT_024,2024-06-01,10:15,completed,Respiratory Symptoms,38
APT_004017,P_02260,DOC_029,DEPT_036,2025-04-20,09:30,Completed,Respiratory Symptoms,46
APT_004018,P_00162,DOC_018,DEPT_039,2024-02-11,14:30,Scheduled,Routine Follow-up,0
APT_004019,P_02672,DOC_037,DEPT_035,2024-03-28,10:00,Completed,Chronic Disease Review,55
APT_004020,P_00276,DOC_036,DEPT_016,2024-02-23,15:00,Completed,Respiratory Symptoms,28
APT_004021,P_00659,DOC_030,DEPT_014,2025-04-12,11:45,Completed,Post-Operative Follow-up,38
APT_004022,P_01768,DOC_030,DEPT_014,2024-01-17,15:00,  Completed  ,Respiratory Symptoms,42
APT_004023,P_02591,DOC_035,DEPT_003,2024-04-11,15:15,Completed,Post-Operative Follow-up,48
APT_004024,P_00177,DOC_001,DEPT_023,2024-01-17,14:45,Completed,Chest Discomfort,62
APT_004025,P_03452,DOC_036,DEPT_016,2024-11-08,09:30,  Cancelled  ,Routine Follow-up,0
APT_004026,P_01811,DOC_016,DEPT_009,2025-03-08,11:00,Completed,Chronic Disease Review,18
APT_004027,P_01681,DOC_007,DEPT_024,2025-03-26,08:15,Completed,Diabetes Monitoring,24
APT_004028,P_00447,DOC_018,DEPT_039,2025-04-23,16:15,Completed,Chronic Disease Review,17
APT_004029,P_02804,DOC_023,DEPT_007,2024-05-23,10:45,Completed,Medication Adjustment,46
APT_004030,P_02001,DOC_026,DEPT_020,2024-02-21,14:30,Cancelled,Chronic Disease Review,0
APT_004031,P_03170,DOC_001,DEPT_023,2024-01-01,11:30,Completed,Routine Follow-up,29
APT_004032,P_00084,DOC_017,DEPT_008,2024-12-20,16:15,Completed,Routine Follow-up,55
APT_004033,P_00800,DOC_031,DEPT_024,2024-01-23,12:00,Cancelled,Chronic Disease Review,0
APT_004034,P_01464,DOC_005,DEPT_006,2024-07-07,14:45,No-Show,Post-Operative Follow-up,0
APT_004035,P_02449,DOC_021,DEPT_019,06/20/2024,08:30,Completed,Chest Discomfort,40
APT_004036,P_00945,DOC_025,DEPT_032,2025-01-31,17:30,Completed,Respiratory Symptoms,65
APT_004037,P_01677,DOC_026,DEPT_020,2024-04-20,12:15,Completed,,49
APT_004038,P_01942,DOC_003,DEPT_036,2024-05-21,15:15,SCHEDULED,Medication Adjustment,0
APT_004039,P_03170,DOC_007,DEPT_024,2024-11-29,09:15,Scheduled,Medication Adjustment,0
APT_004040,P_01658,DOC_012,DEPT_014,2024-07-14,09:15,Completed,Post-Operative Follow-up,65
APT_004041,P_00718,DOC_036,DEPT_016,2024-04-11,13:45,Scheduled,Chest Discomfort,0
APT_004042,P_02698,DOC_024,DEPT_024,2024-03-25,17:00,No-Show,Diabetes Monitoring,0
APT_004043,P_02081,DOC_023,DEPT_007,2024-09-08,13:45,Cancelled,Post-Operative Follow-up,0
APT_004044,P_03367,DOC_005,DEPT_006,2024-01-29,14:30,Completed,Chronic Disease Review,46
APT_004045,P_02623,DOC_020,DEPT_008,2024-10-01,14:30,Completed,Chest Discomfort,37
APT_004046,P_00042,DOC_001,DEPT_023,2024-11-10,08:00,Completed,Chronic Disease Review,30
APT_004047,P_00034,DOC_022,DEPT_001,2025-01-11,15:30,Scheduled,Annual Health Checkup,0
APT_004048,P_00395,DOC_039,DEPT_007,2025-01-24,08:15,Completed,Respiratory Symptoms,64
APT_004049,P_02489,DOC_009,DEPT_030,2024-03-18,09:15,COMPLETED,Diabetes Monitoring,31
APT_004050,P_01423,DOC_007,DEPT_024,2025-04-25,16:45,No-Show,Chronic Disease Review,0
APT_004051,P_00551,DOC_019,DEPT_039,2025-03-29,14:30,Scheduled,Medication Adjustment,0
APT_004052,P_02546,DOC_031,DEPT_024,2024/08/23 00:00:00,17:45,Cancelled,Respiratory Symptoms,0
APT_004053,P_01372,DOC_007,DEPT_024,2024-10-04,12:15,Scheduled,Chronic Disease Review,0
APT_004054,P_01607,DOC_023,DEPT_007,2024-12-02,10:45,Completed,Chronic Disease Review,58
APT_004055,P_00051,DOC_013,DEPT_026,2025-03-08,14:45,Completed,Respiratory Symptoms,39
APT_004056,P_00049,DOC_005,DEPT_006,2025-03-01,16:15,Scheduled,Chest Discomfort,0
APT_004057,P_01503,DOC_001,DEPT_023,2024/09/08 00:00:00,09:45,Cancelled,Chronic Disease Review,0
APT_004058,P_03270,DOC_026,DEPT_020,2024-02-22,14:45,Completed,Medication Adjustment,65
APT_004059,P_02085,DOC_019,DEPT_039,2024-04-17,16:00,Scheduled,Routine Follow-up,0
APT_004060,P_01030,DOC_026,DEPT_020,2024-02-02,11:00,Completed,Medication Adjustment,54
APT_004061,P_03284,DOC_025,DEPT_032,2025-03-28,17:00,Completed,Respiratory Symptoms,34
APT_004062,P_02265,DOC_011,DEPT_021,2024-08-25,12:00,  Completed  ,Routine Follow-up,9
APT_004063,P_01904,DOC_016,DEPT_009,2025-02-17,17:15,Completed,Chest Discomfort,17
APT_004064,P_01104,DOC_006,DEPT_018,2024-06-30,12:00,Completed,Routine Follow-up,54
APT_004065,P_02560,DOC_025,DEPT_032,2024-11-10,10:30,Cancelled,Respiratory Symptoms,0
APT_004066,P_03095,DOC_016,DEPT_009,2024-11-03,12:30,Cancelled,,0
APT_004067,P_02523,DOC_014,DEPT_009,2024-08-04,15:15,Completed,Diabetes Monitoring,56
APT_004068,P_02159,DOC_024,DEPT_024,2025-01-05,15:30,Completed,Chest Discomfort,43
APT_004069,P_00934,DOC_031,DEPT_024,2024-04-10,15:30,Scheduled,Respiratory Symptoms,0
APT_004070,P_02507,DOC_003,DEPT_036,2024-01-06,17:15,Scheduled,Diabetes Monitoring,0
APT_004071,P_03244,DOC_040,DEPT_027,2024-11-20,13:30,Completed,Post-Operative Follow-up,34
APT_004072,P_01120,DOC_007,DEPT_024,2025-04-21,15:15,Completed,Respiratory Symptoms,61
APT_004073,P_02664,DOC_034,DEPT_005,2024-10-19,09:30,Scheduled,Diabetes Monitoring,0
APT_004074,P_01717,DOC_025,DEPT_032,2024-12-26,16:45,Completed,Medication Adjustment,9
APT_004075,P_02923,DOC_019,DEPT_039,2024-11-06,15:30,Completed,Chest Discomfort,47
APT_004076,P_01959,DOC_037,DEPT_035,2024-07-09,15:00,Completed,Routine Follow-up,12
APT_004077,P_01874,DOC_040,DEPT_027,2024-06-24,15:45,COMPLETED,Post-Operative Follow-up,25
APT_004078,P_02736,DOC_005,DEPT_006,2025-01-04,13:00,Completed,Medication Adjustment,63
APT_004079,P_02001,DOC_037,DEPT_035,2024-12-23,08:45,Scheduled,Annual Health Checkup,0
APT_004080,P_00627,DOC_039,DEPT_007,2024-07-31,17:45,Completed,Medication Adjustment,38
APT_004081,P_02899,DOC_033,DEPT_002,2025-04-23,12:15,No-Show,Chronic Disease Review,0
APT_004082,P_01801,DOC_019,DEPT_039,2024-03-13,16:30,Completed,Respiratory Symptoms,10
APT_004083,P_03055,DOC_016,DEPT_009,2025-01-20,14:15,Completed,Respiratory Symptoms,44
APT_004084,P_00242,DOC_024,DEPT_024,2025-03-29,09:45,Completed,Annual Health Checkup,13
APT_004085,P_03100,DOC_005,DEPT_006,2024-10-16,16:30,Completed,Medication Adjustment,30
APT_004086,P_02391,DOC_016,DEPT_009,2024-01-17,15:15,Completed,Routine Follow-up,61
APT_004087,P_00737,DOC_034,DEPT_005,2024-12-24,15:30,Completed,Chest Discomfort,12
APT_004088,P_01596,DOC_024,DEPT_024,2025-02-25,14:00,Completed,Chronic Disease Review,45
APT_004089,P_00023,DOC_006,DEPT_018,2024-05-23,08:15,Completed,Diabetes Monitoring,51
APT_004090,P_01431,DOC_031,DEPT_024,2025-03-11,15:30,Completed,Chest Discomfort,37
APT_004091,P_03374,DOC_020,DEPT_008,2025-04-07,15:15,COMPLETED,Post-Operative Follow-up,56
APT_004092,P_03254,DOC_001,DEPT_023,2024-10-19,17:30,Cancelled,Routine Follow-up,0
APT_004093,P_00846,DOC_033,DEPT_002,2025-01-15,10:30,Completed,Chronic Disease Review,62
APT_004094,P_03485,DOC_028,DEPT_005,2024-11-26,13:30,Completed,Chest Discomfort,15
APT_004095,P_02552,DOC_019,DEPT_039,2024-07-21,17:30,Completed,Diabetes Monitoring,26
APT_004096,P_01028,DOC_030,DEPT_014,12/01/2024,10:15,Completed,Chest Discomfort,60
APT_004097,P_02446,DOC_013,DEPT_026,2024-08-10,15:30,Scheduled,Chronic Disease Review,0
APT_004098,P_02732,DOC_028,DEPT_005,2025-01-25,14:30,No-Show,Diabetes Monitoring,0
APT_004099,P_02665,DOC_024,DEPT_024,23-03-2025,09:00,Completed,Routine Follow-up,43
APT_004100,P_00341,DOC_037,DEPT_035,2024-06-03,14:45,Scheduled,Chest Discomfort,0
APT_004101,P_02632,DOC_023,DEPT_007,2024-09-11,08:15,Completed,Chronic Disease Review,14
APT_004102,P_02811,DOC_021,DEPT_019,2025-04-17,16:15,Completed,Routine Follow-up,37
APT_004103,P_02281,DOC_011,DEPT_021,2024-11-10,08:45,Scheduled,Diabetes Monitoring,0
APT_004104,P_02808,DOC_033,DEPT_002,2025-01-28,15:30,COMPLETED,Routine Follow-up,62
APT_004105,P_00531,DOC_027,DEPT_037,2024-08-27,17:30,Completed,Medication Adjustment,62
APT_004106,P_00134,DOC_014,DEPT_009,2024-05-12,15:30,Completed,Chest Discomfort,56
APT_004107,P_00689,DOC_016,DEPT_009,2024-06-27,12:30,Scheduled,Routine Follow-up,0
APT_004108,P_03210,DOC_015,DEPT_038,2024-12-14,17:30,No-Show,Annual Health Checkup,0
APT_004109,P_02478,DOC_038,DEPT_031,2025-01-02,08:00,Completed,Annual Health Checkup,34
APT_004110,P_00185,DOC_027,DEPT_037,2024-09-24,09:15,Cancelled,Medication Adjustment,0
APT_004111,P_02405,DOC_003,DEPT_036,2024-09-30,10:30,Scheduled,Post-Operative Follow-up,0
APT_004112,P_02598,DOC_012,DEPT_014,2024-03-24,08:00,Completed,Annual Health Checkup,39
APT_004113,P_02453,DOC_026,DEPT_020,2024/10/22 00:00:00,15:15,Completed,Annual Health Checkup,11
APT_004114,P_01137,DOC_010,DEPT_021,2024-08-16,15:30,Completed,Chronic Disease Review,50
APT_004115,P_00998,DOC_022,DEPT_001,2025-01-03,10:15,Completed,Routine Follow-up,45
APT_004116,P_03034,DOC_032,DEPT_016,2024-04-21,09:00,Completed,Post-Operative Follow-up,24
APT_004117,P_02597,DOC_036,DEPT_016,2024-10-23,14:30,Completed,Routine Follow-up,13
APT_004118,P_00017,DOC_005,DEPT_006,2024-02-28,09:30,Completed,Respiratory Symptoms,28
APT_004119,P_01311,DOC_004,DEPT_005,2024-12-10,17:45,COMPLETED,Chest Discomfort,23
APT_004120,P_00281,DOC_031,DEPT_024,2024-02-25,08:30,Completed,Diabetes Monitoring,50
APT_004121,P_01259,DOC_011,DEPT_021,2024-10-18,10:30,Completed,Chest Discomfort,27
APT_004122,P_00519,DOC_009,DEPT_030,2024-06-04,08:15,Completed,Routine Follow-up,40
APT_004123,P_01574,DOC_020,DEPT_008,2025-04-05,10:30,scheduled,Diabetes Monitoring,0
APT_004124,P_02836,DOC_015,DEPT_038,2025-04-16,17:45,Completed,Respiratory Symptoms,32
APT_004125,P_01401,DOC_008,DEPT_005,2025-03-06,14:15,Cancelled,Respiratory Symptoms,0
APT_004126,P_00785,DOC_016,DEPT_009,2024-11-12,12:30,Completed,Chest Discomfort,63
APT_004127,P_00737,DOC_023,DEPT_007,01/23/2025,09:00,completed,Chronic Disease Review,44
APT_004128,P_02674,DOC_021,DEPT_019,2025-03-27,08:00,Completed,Annual Health Checkup,44
APT_004129,P_03399,DOC_021,DEPT_019,2025-03-04,16:00,Scheduled,Medication Adjustment,0
APT_004130,P_03317,DOC_032,DEPT_016,2024-03-31,14:45,Completed,Medication Adjustment,61
APT_004131,P_02691,DOC_011,DEPT_021,2024-01-16,11:45,Completed,Diabetes Monitoring,14
APT_004132,P_03324,DOC_013,DEPT_026,2024-04-20,09:45,Completed,Chest Discomfort,24
APT_004133,P_02903,DOC_009,DEPT_030,2024-05-21,09:00,Cancelled,,0
APT_004134,P_01839,DOC_024,DEPT_024,2024-10-17,09:45,Completed,Routine Follow-up,26
APT_004135,P_01524,DOC_027,DEPT_037,2025-03-20,10:00,Completed,Diabetes Monitoring,8
APT_004136,P_00627,DOC_022,DEPT_001,2025-03-17,13:00,Completed,Respiratory Symptoms,50
APT_004137,P_01731,DOC_019,DEPT_039,2024-01-18,11:45,Scheduled,Respiratory Symptoms,0
APT_004138,P_01057,DOC_035,DEPT_003,2025-02-15,10:30,Completed,Respiratory Symptoms,18
APT_004139,P_01569,DOC_040,DEPT_027,2024-02-05,17:30,Completed,Annual Health Checkup,42
APT_004140,P_01516,DOC_010,DEPT_021,2024-03-24,12:00,Completed,Routine Follow-up,54
APT_004141,P_00165,DOC_036,DEPT_016,2025-01-20,17:15,Completed,Diabetes Monitoring,22
APT_004142,P_02503,DOC_017,DEPT_008,2024-10-15,08:45,Completed,Routine Follow-up,28
APT_004143,P_01634,DOC_012,DEPT_014,2025-03-22,10:45,Completed,Medication Adjustment,32
APT_004144,P_03402,DOC_002,DEPT_035,2024-12-09,11:45,Completed,Respiratory Symptoms,24
APT_004145,P_00726,DOC_025,DEPT_032,2024-03-07,17:45,Scheduled,,0
APT_004146,P_00692,DOC_032,DEPT_016,2025-02-05,15:00,Completed,Chest Discomfort,34
APT_004147,P_02598,DOC_008,DEPT_005,2024-05-27,10:30,Completed,Diabetes Monitoring,20
APT_004148,P_03306,DOC_024,DEPT_024,2024-07-08,13:00,COMPLETED,Respiratory Symptoms,50
APT_004149,P_03232,DOC_019,DEPT_039,2025-03-16,13:45,Completed,Medication Adjustment,44
APT_004150,P_01623,DOC_013,DEPT_026,2024-02-03,09:00,Completed,Chronic Disease Review,15
APT_004151,P_02576,DOC_021,DEPT_019,2025-02-20,10:30,Completed,Chronic Disease Review,11
APT_004152,P_01571,DOC_031,DEPT_024,2024-12-13,17:00,Completed,Routine Follow-up,41
APT_004153,P_01820,DOC_008,DEPT_005,2024-06-26,12:30,Cancelled,Chest Discomfort,0
APT_004154,P_02786,DOC_022,DEPT_001,2024-04-01,13:45,SCHEDULED,Annual Health Checkup,0
APT_004155,P_01998,DOC_017,DEPT_008,2024-04-25,15:30,Scheduled,Respiratory Symptoms,0
APT_004156,P_00275,DOC_022,DEPT_001,2024-06-01,17:00,Cancelled,Post-Operative Follow-up,0
APT_004157,P_03126,DOC_010,DEPT_021,2024/02/10 00:00:00,09:15,Completed,Annual Health Checkup,57
APT_004158,P_02322,DOC_001,DEPT_023,2024-11-23,08:30,Scheduled,Chest Discomfort,0
APT_004159,P_02974,DOC_005,DEPT_006,2024-11-05,11:45,Scheduled,Chronic Disease Review,0
APT_004160,P_02591,DOC_013,DEPT_026,2025-02-28,16:45,Completed,Post-Operative Follow-up,54
APT_004161,P_02562,DOC_002,DEPT_035,2024-10-11,15:45,Scheduled,Respiratory Symptoms,0
APT_004162,P_01519,DOC_040,DEPT_027,2024-09-20,12:15,Completed,Post-Operative Follow-up,43
APT_004163,P_01378,DOC_027,DEPT_037,2024-07-15,14:30,Completed,Chest Discomfort,21
APT_004164,P_01761,DOC_011,DEPT_021,2024-09-26,15:30,Completed,Chest Discomfort,29
APT_004165,P_01953,DOC_033,DEPT_002,2025-01-10,17:15,Completed,Diabetes Monitoring,37
APT_004166,P_03135,DOC_031,DEPT_024,2024-05-18,16:30,Completed,Routine Follow-up,18
APT_004167,P_01789,DOC_034,DEPT_005,2024-10-21,15:45,Cancelled,Chest Discomfort,0
APT_004168,P_00230,DOC_016,DEPT_009,2025-03-26,10:00,Completed,Chronic Disease Review,63
APT_004169,P_00591,DOC_026,DEPT_020,2024-02-18,12:00,Completed,Chest Discomfort,53
APT_004170,P_01076,DOC_021,DEPT_019,2025-03-02,17:15,Scheduled,Diabetes Monitoring,0
APT_004171,P_02641,DOC_018,DEPT_039,2025-03-29,16:30,Completed,Chest Discomfort,11
APT_004172,P_02319,DOC_011,DEPT_021,2025-03-01,15:30,Completed,Annual Health Checkup,52
APT_004173,P_02602,DOC_040,DEPT_027,2025-04-07,12:45,Scheduled,Chest Discomfort,0
APT_004174,P_01828,DOC_031,DEPT_024,2024-03-10,12:30,Completed,Chest Discomfort,23
APT_004175,P_01955,DOC_011,DEPT_021,2024-05-30,15:15,Completed,Respiratory Symptoms,31
APT_004176,P_01357,DOC_015,DEPT_038,2024-05-31,12:45,  No-Show  ,Chronic Disease Review,0
APT_004177,P_03015,DOC_019,DEPT_039,2025-03-01,16:30,Completed,Diabetes Monitoring,20
APT_004178,P_01134,DOC_030,DEPT_014,2024-03-29,16:45,Completed,Annual Health Checkup,16
APT_004179,P_00207,DOC_036,DEPT_016,2024-08-17,17:45,Completed,Diabetes Monitoring,17
APT_004180,P_00662,DOC_011,DEPT_021,06-05-2024,13:15,Completed,Routine Follow-up,8
APT_004181,P_03333,DOC_024,DEPT_024,2024-12-25,11:45,Completed,Diabetes Monitoring,42
APT_004182,P_02095,DOC_029,DEPT_036,2025-04-06,13:45,Scheduled,Medication Adjustment,0
APT_004183,P_03099,DOC_027,DEPT_037,2024-10-01,16:45,Completed,Medication Adjustment,41
APT_004184,P_00901,DOC_020,DEPT_008,2024-04-13,17:15,Cancelled,Post-Operative Follow-up,0
APT_004185,P_00394,DOC_015,DEPT_038,2024-06-05,12:45,Cancelled,Routine Follow-up,0
APT_004186,P_03481,DOC_033,DEPT_002,2024-07-29,17:00,Completed,Chest Discomfort,47
APT_004187,P_02244,DOC_012,DEPT_014,2024-08-14,12:45,Completed,Diabetes Monitoring,35
APT_004188,P_00568,DOC_004,DEPT_005,2024-01-11,11:15,Completed,Respiratory Symptoms,52
APT_004189,P_01944,DOC_011,DEPT_021,2024-10-23,13:15,Completed,Post-Operative Follow-up,12
APT_004190,P_00750,DOC_034,DEPT_005,2024-02-26,17:45,Completed,Respiratory Symptoms,18
APT_004191,P_00522,DOC_038,DEPT_031,2025-04-05,12:00,Completed,Chest Discomfort,12
APT_004192,P_01445,DOC_020,DEPT_008,2025-01-15,10:45,Completed,Chest Discomfort,62
APT_004193,P_00431,DOC_007,DEPT_024,2024-07-17,08:15,No-Show,Diabetes Monitoring,0
APT_004194,P_00298,DOC_036,DEPT_016,2025-04-21,09:00,Completed,Chronic Disease Review,57
APT_004195,P_02383,DOC_008,DEPT_005,2024-07-02,13:45,Scheduled,Chest Discomfort,0
APT_004196,P_00708,DOC_018,DEPT_039,2024-12-23,09:15,Completed,Medication Adjustment,12
APT_004197,P_00699,DOC_040,DEPT_027,2024-06-30,17:45,Completed,Respiratory Symptoms,16
APT_004198,P_00036,DOC_019,DEPT_039,2024-06-07,13:00,Cancelled,Respiratory Symptoms,0
APT_004199,P_03438,DOC_009,DEPT_030,2024-11-09,13:15,Completed,,49
APT_004200,P_03050,DOC_020,DEPT_008,2025-01-28,09:15,Completed,Chronic Disease Review,30
APT_004201,P_00998,DOC_018,DEPT_039,2024-07-18,13:15,Scheduled,,0
APT_004202,P_02636,DOC_035,DEPT_003,2024-03-03,17:45,Completed,Annual Health Checkup,20
APT_004203,P_02948,DOC_008,DEPT_005,2025-04-14,08:30,Completed,Annual Health Checkup,33
APT_004204,P_02385,DOC_038,DEPT_031,2024/04/02 00:00:00,09:45,Completed,Post-Operative Follow-up,21
APT_004205,P_02663,DOC_007,DEPT_024,2024-08-06,11:00,Scheduled,Medication Adjustment,0
APT_004206,P_01004,DOC_015,DEPT_038,2024-06-29,14:15,Completed,Medication Adjustment,29
APT_004207,P_00323,DOC_011,DEPT_021,2024-10-08,13:00,COMPLETED,Post-Operative Follow-up,54
APT_004208,P_01191,DOC_037,DEPT_035,2025-04-08,11:15,Completed,Respiratory Symptoms,9
APT_004209,P_01401,DOC_031,DEPT_024,2024-07-31,14:30,Completed,Chronic Disease Review,65
APT_004210,P_00098,DOC_025,DEPT_032,2024-04-18,15:45,Scheduled,Chest Discomfort,0
APT_004211,P_03016,DOC_023,DEPT_007,2025/03/06 00:00:00,12:45,Completed,Chronic Disease Review,9
APT_004212,P_01940,DOC_021,DEPT_019,2024-12-08,09:00,Completed,Respiratory Symptoms,36
APT_004213,P_01384,DOC_009,DEPT_030,01/17/2025,14:00,Completed,Chest Discomfort,63
APT_004214,P_03298,DOC_017,DEPT_008,2025-01-08,17:15,Completed,Post-Operative Follow-up,63
APT_004215,P_00585,DOC_032,DEPT_016,2025-04-08,17:15,Completed,Chest Discomfort,53
APT_004216,P_00483,DOC_029,DEPT_036,2024-02-24,13:00,Completed,Diabetes Monitoring,38
APT_004217,P_00730,DOC_026,DEPT_020,2025-01-18,12:15,Completed,Chest Discomfort,10
APT_004218,P_02062,DOC_039,DEPT_007,2025-01-07,08:00,Completed,Diabetes Monitoring,38
APT_004219,P_03080,DOC_036,DEPT_016,2024-02-08,12:00,Scheduled,Respiratory Symptoms,0
APT_004220,P_00257,DOC_036,DEPT_016,2024-09-25,13:30,Completed,Diabetes Monitoring,18
APT_004221,P_03473,DOC_002,DEPT_035,2024-08-15,11:30,Cancelled,Medication Adjustment,0
APT_004222,P_03462,DOC_028,DEPT_005,2024-06-04,08:30,Completed,Respiratory Symptoms,37
APT_004223,P_01365,DOC_025,DEPT_032,2025-03-05,17:45,Completed,Medication Adjustment,10
APT_004224,P_03350,DOC_022,DEPT_001,2025-02-28,12:00,Completed,Annual Health Checkup,64
APT_004225,P_02987,DOC_032,DEPT_016,2024-04-18,09:30,Completed,Routine Follow-up,31
APT_004226,P_01768,DOC_002,DEPT_035,2024-08-08,14:15,Scheduled,Chest Discomfort,0
APT_004227,P_03024,DOC_019,DEPT_039,2024-02-29,10:15,Completed,Post-Operative Follow-up,38
APT_004228,P_00903,DOC_021,DEPT_019,2024-03-13,17:00,Completed,Chest Discomfort,43
APT_004229,P_02780,DOC_005,DEPT_006,2024-10-09,15:45,Scheduled,Annual Health Checkup,0
APT_004230,P_01145,DOC_007,DEPT_024,2025-01-09,12:30,Completed,Medication Adjustment,24
APT_004231,P_02025,DOC_034,DEPT_005,2024-06-09,13:45,Completed,Annual Health Checkup,32
APT_004232,P_01473,DOC_025,DEPT_032,12/18/2024,08:45,Completed,Respiratory Symptoms,39
APT_004233,P_00184,DOC_011,DEPT_021,2025-03-17,17:00,Cancelled,Post-Operative Follow-up,0
APT_004234,P_02296,DOC_015,DEPT_038,2024-01-05,13:30,Completed,Annual Health Checkup,47
APT_004235,P_01621,DOC_027,DEPT_037,2025-01-26,15:00,Completed,Medication Adjustment,52
APT_004236,P_01900,DOC_031,DEPT_024,2025-03-26,12:00,Completed,Post-Operative Follow-up,19
APT_004237,P_00094,DOC_039,DEPT_007,2024-08-31,16:30,Completed,Diabetes Monitoring,12
APT_004238,P_02863,DOC_040,DEPT_027,2025-01-29,09:15,No-Show,Post-Operative Follow-up,0
APT_004239,P_00526,DOC_026,DEPT_020,2024-10-17,10:00,No-Show,Routine Follow-up,0
APT_004240,P_00272,DOC_005,DEPT_006,2025-01-04,15:30,COMPLETED,,17
APT_004241,P_02215,DOC_033,DEPT_002,2024-12-21,13:30,Completed,Diabetes Monitoring,44
APT_004242,P_02363,DOC_019,DEPT_039,2024-09-02,11:15,Completed,Annual Health Checkup,32
APT_004243,P_01538,DOC_008,DEPT_005,2025-01-26,14:15,Completed,Post-Operative Follow-up,18
APT_004244,P_02462,DOC_005,DEPT_006,10/16/2024,10:45,Completed,Respiratory Symptoms,34
APT_004245,P_00039,DOC_021,DEPT_019,2024-11-12,15:00,Completed,Medication Adjustment,55
APT_004246,P_01238,DOC_021,DEPT_019,2024-02-25,09:15,Completed,Annual Health Checkup,11
APT_004247,P_01730,DOC_029,DEPT_036,2024-02-08,14:30,Completed,Diabetes Monitoring,51
APT_004248,P_03180,DOC_023,DEPT_007,2024-04-03,11:15,Completed,,57
APT_004249,P_02818,DOC_026,DEPT_020,2024-10-17,16:30,Cancelled,Routine Follow-up,0
APT_004250,P_01476,DOC_011,DEPT_021,2025-02-01,09:45,Scheduled,Diabetes Monitoring,0
APT_004251,P_00793,DOC_035,DEPT_003,2025-01-20,14:00,Completed,Medication Adjustment,15
APT_004252,P_01673,DOC_031,DEPT_024,2024-10-21,16:15,Completed,Routine Follow-up,23
APT_004253,P_01735,DOC_009,DEPT_030,2024-07-12,15:00,Cancelled,Medication Adjustment,0
APT_004254,P_01891,DOC_020,DEPT_008,2025-04-07,08:45,Completed,Respiratory Symptoms,33
APT_004255,P_00167,DOC_036,DEPT_016,2024-11-19,08:30,Completed,Chronic Disease Review,11
APT_004256,P_00796,DOC_004,DEPT_005,12/20/2024,14:45,Cancelled,Diabetes Monitoring,0
APT_004257,P_01030,DOC_040,DEPT_027,2024-06-04,12:45,Completed,Post-Operative Follow-up,34
APT_004258,P_01232,DOC_038,DEPT_031,2024-02-27,11:30,Scheduled,Chest Discomfort,0
APT_004259,P_02714,DOC_008,DEPT_005,2025-04-02,15:45,Completed,,10
APT_004260,P_00411,DOC_035,DEPT_003,2024-08-09,17:30,Completed,Chronic Disease Review,30
APT_004261,P_02959,DOC_007,DEPT_024,01/05/2024,14:15,Completed,Chest Discomfort,8
APT_004262,P_03333,DOC_029,DEPT_036,2024-09-10,12:30,Completed,Routine Follow-up,60
APT_004263,P_02794,DOC_013,DEPT_026,2024-07-15,11:00,Cancelled,Routine Follow-up,0
APT_004264,P_01492,DOC_011,DEPT_021,2024-02-01,17:30,Completed,Routine Follow-up,47
APT_004265,P_02183,DOC_024,DEPT_024,2024-08-07,15:00,Completed,Chronic Disease Review,63
APT_004266,P_03447,DOC_013,DEPT_026,2025-02-12,09:00,No-Show,Routine Follow-up,0
APT_004267,P_01958,DOC_022,DEPT_001,2024-07-03,17:30,Cancelled,Chronic Disease Review,0
APT_004268,P_01681,DOC_026,DEPT_020,2025-03-24,08:00,Completed,Medication Adjustment,46
APT_004269,P_03287,DOC_003,DEPT_036,2025-04-12,10:15,Scheduled,Post-Operative Follow-up,0
APT_004270,P_02077,DOC_033,DEPT_002,2025-02-03,11:30,No-Show,Chronic Disease Review,0
APT_004271,P_02582,DOC_013,DEPT_026,2024-06-15,10:30,Completed,,55
APT_004272,P_02970,DOC_023,DEPT_007,2024-11-11,14:45,Completed,Routine Follow-up,42
APT_004273,P_01196,DOC_006,DEPT_018,2024-02-21,12:45,Completed,Diabetes Monitoring,63
APT_004274,P_00624,DOC_004,DEPT_005,2024-04-25,10:30,COMPLETED,Medication Adjustment,25
APT_004275,P_03134,DOC_003,DEPT_036,2024-10-31,11:30,Scheduled,Routine Follow-up,0
APT_004276,P_02112,DOC_029,DEPT_036,2025-04-16,17:30,Completed,Chest Discomfort,58
APT_004277,P_02210,DOC_033,DEPT_002,2024-12-01,14:45,Completed,Medication Adjustment,52
APT_004278,P_00835,DOC_027,DEPT_037,2024-10-29,16:30,Completed,Diabetes Monitoring,25
APT_004279,P_02337,DOC_037,DEPT_035,28-06-2024,09:00,Scheduled,Routine Follow-up,0
APT_004280,P_01970,DOC_024,DEPT_024,2024-03-05,14:15,Completed,Routine Follow-up,22
APT_004281,P_02167,DOC_027,DEPT_037,2025-02-26,11:15,Scheduled,Medication Adjustment,0
APT_004282,P_01643,DOC_029,DEPT_036,2024-09-05,11:00,Scheduled,Diabetes Monitoring,0
APT_004283,P_03301,DOC_034,DEPT_005,2024-03-13,16:45,Completed,Medication Adjustment,52
APT_004284,P_01066,DOC_005,DEPT_006,2024-11-13,17:15,Scheduled,Diabetes Monitoring,0
APT_004285,P_01702,DOC_036,DEPT_016,2024-02-21,16:00,COMPLETED,Annual Health Checkup,46
APT_004286,P_03326,DOC_017,DEPT_008,2024-11-22,15:30,Completed,Chronic Disease Review,18
APT_004287,P_01443,DOC_011,DEPT_021,2025-01-15,17:45,Completed,Chronic Disease Review,50
APT_004288,P_02564,DOC_028,DEPT_005,2024-04-21,08:15,Completed,Chest Discomfort,53
APT_004289,P_00367,DOC_036,DEPT_016,2024-07-02,13:00,Completed,Medication Adjustment,39
APT_004290,P_02772,DOC_038,DEPT_031,2024-09-18,08:45,  Scheduled  ,,0
APT_004291,P_02731,DOC_017,DEPT_008,2024/12/23 00:00:00,16:15,Completed,Respiratory Symptoms,63
APT_004292,P_01512,DOC_032,DEPT_016,2024-12-07,12:15,CANCELLED,,0
APT_004293,P_02046,DOC_020,DEPT_008,2024-12-21,13:45,Scheduled,Respiratory Symptoms,0
APT_004294,P_00537,DOC_015,DEPT_038,2024-06-05,09:45,Completed,Post-Operative Follow-up,30
APT_004295,P_00412,DOC_026,DEPT_020,2024-06-07,09:45,Completed,Routine Follow-up,56
APT_004296,P_00698,DOC_010,DEPT_021,2024-11-17,15:15,Completed,Diabetes Monitoring,35
APT_004297,P_01645,DOC_026,DEPT_020,2024-11-29,09:00,Scheduled,Medication Adjustment,0
APT_004298,P_01768,DOC_004,DEPT_005,2024-07-28,08:15,Completed,Post-Operative Follow-up,14
APT_004299,P_01463,DOC_038,DEPT_031,2024/03/22 00:00:00,12:30,No-Show,Post-Operative Follow-up,0
APT_004300,P_00574,DOC_030,DEPT_014,2024-04-13,17:45,Scheduled,Respiratory Symptoms,0
APT_004301,P_00442,DOC_005,DEPT_006,2024-07-15,10:45,Completed,Respiratory Symptoms,10
APT_004302,P_00780,DOC_040,DEPT_027,2024-12-22,14:45,  Completed  ,Annual Health Checkup,54
APT_004303,P_01666,DOC_040,DEPT_027,21-08-2024,17:45,Scheduled,Routine Follow-up,0
APT_004304,P_03413,DOC_038,DEPT_031,2024-08-09,12:00,Completed,Annual Health Checkup,16
APT_004305,P_01636,DOC_029,DEPT_036,2024-12-24,11:30,Completed,Diabetes Monitoring,8
APT_004306,P_00629,DOC_032,DEPT_016,2025-04-22,16:30,Completed,Chronic Disease Review,59
APT_004307,P_01400,DOC_040,DEPT_027,2024-06-30,12:30,No-Show,Routine Follow-up,0
APT_004308,P_00761,DOC_005,DEPT_006,2025-04-18,10:00,Completed,Annual Health Checkup,38
APT_004309,P_00838,DOC_009,DEPT_030,2024-12-11,11:15,Completed,Post-Operative Follow-up,36
APT_004310,P_02857,DOC_027,DEPT_037,2024-03-10,09:30,Completed,Post-Operative Follow-up,43
APT_004311,P_02131,DOC_014,DEPT_009,2024-03-20,16:15,Completed,Diabetes Monitoring,61
APT_004312,P_01717,DOC_015,DEPT_038,2025-03-20,11:00,Completed,Annual Health Checkup,23
APT_004313,P_02192,DOC_037,DEPT_035,2024-11-09,14:15,Completed,Annual Health Checkup,33
APT_004314,P_02591,DOC_028,DEPT_005,2024-10-16,13:00,Completed,Respiratory Symptoms,51
APT_004315,P_02516,DOC_020,DEPT_008,2024-08-16,09:45,Cancelled,Annual Health Checkup,0
APT_004316,P_00949,DOC_009,DEPT_030,2024-05-08,16:15,Scheduled,Chest Discomfort,0
APT_004317,P_03347,DOC_026,DEPT_020,2024-10-20,15:30,Completed,Medication Adjustment,50
APT_004318,P_00058,DOC_022,DEPT_001,2024-05-08,09:45,Cancelled,Diabetes Monitoring,0
APT_004319,P_02046,DOC_009,DEPT_030,2024-02-23,09:00,Completed,Chest Discomfort,41
APT_004320,P_03173,DOC_008,DEPT_005,2024-04-26,12:30,Completed,Annual Health Checkup,35
APT_004321,P_00243,DOC_032,DEPT_016,2024-04-01,08:15,Completed,Respiratory Symptoms,57
APT_004322,P_00521,DOC_033,DEPT_002,2025-04-24,13:00,No-Show,Chronic Disease Review,0
APT_004323,P_02961,DOC_027,DEPT_037,2024-09-11,17:15,completed,Chest Discomfort,9
APT_004324,P_02148,DOC_020,DEPT_008,2024-08-28,14:00,  Cancelled  ,Chronic Disease Review,0
APT_004325,P_01115,DOC_039,DEPT_007,2024-04-27,08:15,Completed,Respiratory Symptoms,10
APT_004326,P_03211,DOC_030,DEPT_014,2024-12-30,12:45,Completed,,52
APT_004327,P_00634,DOC_011,DEPT_021,2024-06-06,11:30,Completed,,39
APT_004328,P_03033,DOC_032,DEPT_016,2024-01-20,17:15,Completed,Annual Health Checkup,34
APT_004329,P_01995,DOC_020,DEPT_008,2024-03-28,11:45,Completed,Respiratory Symptoms,15
APT_004330,P_00570,DOC_029,DEPT_036,2024-08-09,09:15,Completed,Chronic Disease Review,39
APT_004331,P_00629,DOC_023,DEPT_007,2024-02-05,13:30,Completed,,38
APT_004332,P_02572,DOC_019,DEPT_039,2025-03-21,13:45,Completed,Diabetes Monitoring,39
APT_004333,P_00163,DOC_004,DEPT_005,2024-05-25,12:45,Completed,Routine Follow-up,19
APT_004334,P_02521,DOC_026,DEPT_020,2025/03/18 00:00:00,09:45,Completed,Respiratory Symptoms,30
APT_004335,P_03246,DOC_022,DEPT_001,2024-11-27,12:00,Completed,Medication Adjustment,9
APT_004336,P_02366,DOC_040,DEPT_027,2024-04-28,10:30,Scheduled,Medication Adjustment,0
APT_004337,P_02213,DOC_035,DEPT_003,2025-01-29,08:00,Completed,Routine Follow-up,8
APT_004338,P_01941,DOC_037,DEPT_035,2024-08-09,10:30,No-Show,Chest Discomfort,0
APT_004339,P_00200,DOC_001,DEPT_023,2024-11-10,12:30,Completed,Chest Discomfort,32
APT_004340,P_00986,DOC_017,DEPT_008,2024-05-18,16:45,Completed,Diabetes Monitoring,26
APT_004341,P_00180,DOC_026,DEPT_020,2024-08-10,10:30,Completed,Chronic Disease Review,57
APT_004342,P_01899,DOC_011,DEPT_021,2024-08-31,10:30,Completed,Diabetes Monitoring,22
APT_004343,P_03097,DOC_005,DEPT_006,2025-01-31,11:00,Scheduled,Chest Discomfort,0
APT_004344,P_00019,DOC_040,DEPT_027,2024-05-14,09:45,Completed,Post-Operative Follow-up,42
APT_004345,P_02384,DOC_013,DEPT_026,2024/02/15 00:00:00,09:00,Cancelled,Routine Follow-up,0
APT_004346,P_03262,DOC_013,DEPT_026,2024-01-12,17:30,Completed,Chronic Disease Review,53
APT_004347,P_02620,DOC_001,DEPT_023,2024-10-12,13:15,Completed,Chest Discomfort,60
APT_004348,P_01833,DOC_034,DEPT_005,2024-06-07,09:00,COMPLETED,,12
APT_004349,P_00697,DOC_026,DEPT_020,2024-07-13,17:15,Cancelled,Respiratory Symptoms,0
APT_004350,P_00859,DOC_030,DEPT_014,2024-04-10,15:00,No-Show,Medication Adjustment,0
APT_004351,P_01098,DOC_003,DEPT_036,2024-11-07,14:45,Completed,Chronic Disease Review,52
APT_004352,P_00250,DOC_005,DEPT_006,2024-04-09,13:00,Scheduled,Diabetes Monitoring,0
APT_004353,P_01031,DOC_024,DEPT_024,2024-10-08,12:30,Completed,,28
APT_004354,P_02214,DOC_033,DEPT_002,2024-03-01,10:30,Completed,Chronic Disease Review,28
APT_004355,P_00668,DOC_028,DEPT_005,2024-08-23,10:45,Scheduled,Routine Follow-up,0
APT_004356,P_00928,DOC_027,DEPT_037,2025-03-15,09:45,Completed,Post-Operative Follow-up,17
APT_004357,P_00390,DOC_038,DEPT_031,2025-03-30,10:00,Scheduled,Chest Discomfort,0
APT_004358,P_03494,DOC_015,DEPT_038,2024-10-06,12:15,Completed,Annual Health Checkup,40
APT_004359,P_03122,DOC_034,DEPT_005,15-01-2024,09:00,Cancelled,Chest Discomfort,0
APT_004360,P_00534,DOC_035,DEPT_003,2024-02-24,08:15,COMPLETED,Chest Discomfort,54
APT_004361,P_00378,DOC_024,DEPT_024,2025-04-24,12:45,Scheduled,Annual Health Checkup,0
APT_004362,P_01420,DOC_008,DEPT_005,2024-10-24,11:15,Completed,Post-Operative Follow-up,27
APT_004363,P_01944,DOC_022,DEPT_001,2024-01-18,08:45,Completed,Respiratory Symptoms,36
APT_004364,P_00284,DOC_010,DEPT_021,2024-11-20,15:00,  Completed  ,Medication Adjustment,23
APT_004365,P_00763,DOC_014,DEPT_009,2024-03-15,10:45,Completed,Post-Operative Follow-up,48
APT_004366,P_02961,DOC_017,DEPT_008,2024-01-22,13:30,Cancelled,Post-Operative Follow-up,0
APT_004367,P_00215,DOC_010,DEPT_021,2024-04-05,14:45,Completed,Respiratory Symptoms,12
APT_004368,P_00535,DOC_019,DEPT_039,2024-11-02,09:15,  No-Show  ,Respiratory Symptoms,0
APT_004369,P_03262,DOC_021,DEPT_019,2024-03-26,13:15,Completed,Medication Adjustment,50
APT_004370,P_00868,DOC_022,DEPT_001,2024-09-04,15:00,Completed,Respiratory Symptoms,39
APT_004371,P_02716,DOC_006,DEPT_018,2024-09-16,15:15,Completed,Annual Health Checkup,16
APT_004372,P_02920,DOC_012,DEPT_014,2024-07-20,09:15,Completed,Chronic Disease Review,46
APT_004373,P_02777,DOC_012,DEPT_014,2024-12-25,17:30,Completed,Chronic Disease Review,54
APT_004374,P_00809,DOC_024,DEPT_024,2024-06-09,15:45,COMPLETED,Annual Health Checkup,25
APT_004375,P_02634,DOC_019,DEPT_039,2025-04-07,14:00,Completed,Annual Health Checkup,47
APT_004376,P_01991,DOC_017,DEPT_008,2024-09-03,12:45,Scheduled,Respiratory Symptoms,0
APT_004377,P_01434,DOC_029,DEPT_036,2024-02-20,17:45,No-Show,Diabetes Monitoring,0
APT_004378,P_03164,DOC_030,DEPT_014,2024-05-01,14:15,Scheduled,Chest Discomfort,0
APT_004379,P_02662,DOC_034,DEPT_005,2024-08-13,08:45,Completed,Routine Follow-up,22
APT_004380,P_02233,DOC_002,DEPT_035,2024-10-01,14:00,Completed,Post-Operative Follow-up,34
APT_004381,P_01757,DOC_023,DEPT_007,2024-02-24,08:30,Completed,Chronic Disease Review,49
APT_004382,P_01219,DOC_009,DEPT_030,2024-10-14,14:15,Completed,Diabetes Monitoring,32
APT_004383,P_02897,DOC_028,DEPT_005,2024-10-16,14:45,Scheduled,Post-Operative Follow-up,0
APT_004384,P_01808,DOC_033,DEPT_002,2024-06-05,10:00,Completed,Diabetes Monitoring,28
APT_004385,P_00169,DOC_013,DEPT_026,2024-07-03,12:15,Completed,Chest Discomfort,54
APT_004386,P_00317,DOC_030,DEPT_014,2024-04-17,09:00,Scheduled,Annual Health Checkup,0
APT_004387,P_01944,DOC_024,DEPT_024,2024-12-07,12:45,Completed,Medication Adjustment,63
APT_004388,P_02345,DOC_026,DEPT_020,2024-08-24,10:45,No-Show,Medication Adjustment,0
APT_004389,P_00604,DOC_007,DEPT_024,2024-12-12,14:15,Cancelled,Respiratory Symptoms,0
APT_004390,P_03348,DOC_016,DEPT_009,2024-04-19,13:30,Completed,Annual Health Checkup,11
APT_004391,P_03262,DOC_025,DEPT_032,2024-06-16,14:15,Completed,Chronic Disease Review,30
APT_004392,P_00308,DOC_039,DEPT_007,2024-11-03,13:30,Completed,Annual Health Checkup,59
APT_004393,P_03312,DOC_020,DEPT_008,2025-02-05,17:15,Completed,Respiratory Symptoms,25
APT_004394,P_00476,DOC_009,DEPT_030,2025-03-02,13:30,Completed,Routine Follow-up,63
APT_004395,P_00477,DOC_036,DEPT_016,2024-02-28,16:00,Cancelled,Medication Adjustment,0
APT_004396,P_03407,DOC_031,DEPT_024,2025-01-26,15:00,Completed,Medication Adjustment,49
APT_004397,P_02234,DOC_021,DEPT_019,2024-06-18,08:30,Completed,Chest Discomfort,24
APT_004398,P_00089,DOC_039,DEPT_007,2024-03-17,08:45,COMPLETED,Annual Health Checkup,24
APT_004399,P_02612,DOC_024,DEPT_024,2024-05-24,15:15,Completed,Diabetes Monitoring,49
APT_004400,P_03155,DOC_030,DEPT_014,2024-05-30,17:45,completed,Chest Discomfort,54
APT_004401,P_01042,DOC_008,DEPT_005,2024-05-20,10:00,Completed,Chronic Disease Review,64
APT_004402,P_00133,DOC_027,DEPT_037,2024-08-26,14:30,Completed,Annual Health Checkup,8
APT_004403,P_01286,DOC_027,DEPT_037,2024-10-26,16:30,Completed,Chest Discomfort,64
APT_004404,P_02476,DOC_024,DEPT_024,2025-04-12,13:00,No-Show,Chest Discomfort,0
APT_004405,P_00365,DOC_023,DEPT_007,2024-08-09,17:15,Completed,Chronic Disease Review,28
APT_004406,P_00860,DOC_035,DEPT_003,2024-11-23,09:00,Completed,Respiratory Symptoms,24
APT_004407,P_03437,DOC_017,DEPT_008,2025-04-18,17:00,COMPLETED,Post-Operative Follow-up,11
APT_004408,P_02940,DOC_033,DEPT_002,2024-02-21,17:00,Scheduled,Chest Discomfort,0
APT_004409,P_02066,DOC_024,DEPT_024,2024-09-13,15:00,Scheduled,Post-Operative Follow-up,0
APT_004410,P_01172,DOC_020,DEPT_008,2024-09-26,14:15,Scheduled,Annual Health Checkup,0
APT_004411,P_00848,DOC_031,DEPT_024,2025-03-19,17:15,  No-Show  ,Medication Adjustment,0
APT_004412,P_02764,DOC_036,DEPT_016,2024-07-31,11:45,Completed,Respiratory Symptoms,55
APT_004413,P_01963,DOC_014,DEPT_009,2024-11-05,10:30,Completed,Chest Discomfort,49
APT_004414,P_00282,DOC_033,DEPT_002,2024-09-06,14:00,Completed,Medication Adjustment,38
APT_004415,P_02235,DOC_005,DEPT_006,2024-08-15,10:00,Completed,Chronic Disease Review,13
APT_004416,P_03193,DOC_010,DEPT_021,2024-05-17,13:00,Completed,Diabetes Monitoring,49
APT_004417,P_01439,DOC_020,DEPT_008,2024-02-19,10:30,Completed,Chest Discomfort,15
APT_004418,P_00861,DOC_009,DEPT_030,2024-10-20,12:15,scheduled,Diabetes Monitoring,0
APT_004419,P_01301,DOC_005,DEPT_006,2024-06-25,08:30,Completed,Medication Adjustment,27
APT_004420,P_03143,DOC_008,DEPT_005,2024-10-01,09:30,Completed,Chest Discomfort,45
APT_004421,P_03110,DOC_029,DEPT_036,2024-10-17,16:15,Scheduled,Annual Health Checkup,0
APT_004422,P_01190,DOC_013,DEPT_026,2024-10-02,16:00,Completed,Routine Follow-up,30
APT_004423,P_02639,DOC_015,DEPT_038,2024-07-18,12:15,Scheduled,Post-Operative Follow-up,0
APT_004424,P_00344,DOC_037,DEPT_035,2024-11-14,11:00,Cancelled,Medication Adjustment,0
APT_004425,P_01769,DOC_007,DEPT_024,2024-08-28,09:30,Completed,Diabetes Monitoring,24
APT_004426,P_02651,DOC_016,DEPT_009,2024-12-07,10:15,No-Show,Chronic Disease Review,0
APT_004427,P_01149,DOC_033,DEPT_002,2024-01-13,13:45,Completed,Post-Operative Follow-up,58
APT_004428,P_00602,DOC_002,DEPT_035,2024-07-16,09:30,Completed,Post-Operative Follow-up,8
APT_004429,P_02699,DOC_038,DEPT_031,2024-04-01,12:00,Completed,Post-Operative Follow-up,34
APT_004430,P_00261,DOC_027,DEPT_037,2024-01-13,17:45,completed,Diabetes Monitoring,27
APT_004431,P_02199,DOC_021,DEPT_019,2025-03-05,17:15,Cancelled,Annual Health Checkup,0
APT_004432,P_00721,DOC_038,DEPT_031,2024-04-24,16:00,Scheduled,Annual Health Checkup,0
APT_004433,P_00791,DOC_028,DEPT_005,2024-09-06,08:45,Completed,Annual Health Checkup,58
APT_004434,P_03188,DOC_028,DEPT_005,2024-07-24,13:00,Completed,Chest Discomfort,63
APT_004435,P_01096,DOC_014,DEPT_009,2024-05-27,17:30,CANCELLED,Diabetes Monitoring,0
APT_004436,P_03111,DOC_019,DEPT_039,2025-01-07,17:15,Scheduled,Chest Discomfort,0
APT_004437,P_01611,DOC_027,DEPT_037,2024-06-07,13:45,Completed,Chronic Disease Review,18
APT_004438,P_01494,DOC_020,DEPT_008,2024-05-16,11:00,Completed,Chest Discomfort,32
APT_004439,P_00025,DOC_040,DEPT_027,2024-01-07,15:30,Completed,Post-Operative Follow-up,41
APT_004440,P_02406,DOC_004,DEPT_005,2025-02-20,11:15,Completed,Annual Health Checkup,25
APT_004441,P_00986,DOC_024,DEPT_024,2025-04-15,12:15,Scheduled,Routine Follow-up,0
APT_004442,P_00664,DOC_006,DEPT_018,2024-10-02,14:45,Scheduled,Diabetes Monitoring,0
APT_004443,P_00474,DOC_035,DEPT_003,2024-02-23,14:30,Completed,Chronic Disease Review,18
APT_004444,P_00649,DOC_021,DEPT_019,2024-10-01,15:45,Scheduled,Post-Operative Follow-up,0
APT_004445,P_02951,DOC_035,DEPT_003,2024-11-12,09:00,No-Show,Medication Adjustment,0
APT_004446,P_02815,DOC_030,DEPT_014,2024-02-25,09:45,Completed,Chest Discomfort,13
APT_004447,P_01150,DOC_013,DEPT_026,2024-01-22,16:30,Completed,Chronic Disease Review,23
APT_004448,P_01041,DOC_006,DEPT_018,2024-07-17,12:00,Completed,Diabetes Monitoring,41
APT_004449,P_00139,DOC_038,DEPT_031,2024-10-05,17:15,Completed,Diabetes Monitoring,54
APT_004450,P_03239,DOC_032,DEPT_016,2025-04-08,08:30,Cancelled,Diabetes Monitoring,0
APT_004451,P_00622,DOC_028,DEPT_005,2025-01-09,15:45,Scheduled,Medication Adjustment,0
APT_004452,P_02198,DOC_038,DEPT_031,2024-05-19,13:45,Completed,Chest Discomfort,43
APT_004453,P_02984,DOC_038,DEPT_031,2024-07-30,09:00,Completed,Post-Operative Follow-up,51
APT_004454,P_02091,DOC_013,DEPT_026,2024-06-28,14:45,Completed,Medication Adjustment,38
APT_004455,P_02418,DOC_039,DEPT_007,2024-08-26,11:00,Completed,Medication Adjustment,52
APT_004456,P_03011,DOC_020,DEPT_008,2024-05-26,08:30,Completed,Chest Discomfort,9
APT_004457,P_03005,DOC_012,DEPT_014,2024-01-10,08:15,Cancelled,Diabetes Monitoring,0
APT_004458,P_00494,DOC_026,DEPT_020,2024-05-06,13:30,Completed,Medication Adjustment,16
APT_004459,P_03352,DOC_002,DEPT_035,2024-07-12,13:15,Cancelled,Post-Operative Follow-up,0
APT_004460,P_00967,DOC_036,DEPT_016,2024-12-25,09:15,Scheduled,Chest Discomfort,0
APT_004461,P_02420,DOC_037,DEPT_035,2024-01-21,17:00,Completed,Chest Discomfort,44
APT_004462,P_00655,DOC_034,DEPT_005,2025-02-19,14:45,Scheduled,Diabetes Monitoring,0
APT_004463,P_00515,DOC_039,DEPT_007,2024-11-12,11:30,Completed,Post-Operative Follow-up,32
APT_004464,P_01059,DOC_008,DEPT_005,2024-09-28,12:45,Completed,Annual Health Checkup,42
APT_004465,P_00298,DOC_019,DEPT_039,2024-01-12,13:15,No-Show,Respiratory Symptoms,0
APT_004466,P_01336,DOC_022,DEPT_001,2024-11-22,17:00,Scheduled,Diabetes Monitoring,0
APT_004467,P_02732,DOC_020,DEPT_008,03-02-2025,14:15,Completed,Chest Discomfort,53
APT_004468,P_00796,DOC_019,DEPT_039,2024-09-18,17:30,Scheduled,Post-Operative Follow-up,0
APT_004469,P_02284,DOC_008,DEPT_005,2024-10-08,11:45,Completed,Medication Adjustment,19
APT_004470,P_00706,DOC_020,DEPT_008,2024-10-23,17:00,Scheduled,Chest Discomfort,0
APT_004471,P_03070,DOC_006,DEPT_018,2025-03-13,09:45,Scheduled,Diabetes Monitoring,0
APT_004472,P_02706,DOC_009,DEPT_030,2025-04-18,16:45,Scheduled,Chest Discomfort,0
APT_004473,P_02733,DOC_010,DEPT_021,2024-05-13,12:30,Cancelled,Routine Follow-up,0
APT_004474,P_01371,DOC_014,DEPT_009,01-11-2024,10:15,Scheduled,Chronic Disease Review,0
APT_004475,P_01797,DOC_039,DEPT_007,2024-07-28,10:00,Completed,Annual Health Checkup,25
APT_004476,P_03435,DOC_020,DEPT_008,2024-09-16,15:00,Completed,Annual Health Checkup,47
APT_004477,P_01716,DOC_016,DEPT_009,2024-12-12,16:45,Completed,Chest Discomfort,14
APT_004478,P_00853,DOC_006,DEPT_018,2024-04-04,17:30,Completed,Post-Operative Follow-up,18
APT_004479,P_01935,DOC_014,DEPT_009,2024-12-16,12:45,completed,,32
APT_004480,P_01907,DOC_018,DEPT_039,2024-07-22,15:00,Completed,Chronic Disease Review,21
APT_004481,P_02112,DOC_008,DEPT_005,2025/02/09 00:00:00,14:45,Completed,Annual Health Checkup,61
APT_004482,P_00720,DOC_036,DEPT_016,2025-03-01,11:00,Completed,Annual Health Checkup,61
APT_004483,P_00032,DOC_004,DEPT_005,2024-08-08,15:30,Cancelled,Annual Health Checkup,0
APT_004484,P_00086,DOC_019,DEPT_039,2024-12-03,11:00,Completed,Post-Operative Follow-up,22
APT_004485,P_00439,DOC_003,DEPT_036,2024-10-29,11:45,Completed,Post-Operative Follow-up,54
APT_004486,P_03413,DOC_021,DEPT_019,2024-10-06,10:00,Scheduled,Post-Operative Follow-up,0
APT_004487,P_03360,DOC_031,DEPT_024,2024-05-12,09:45,No-Show,Routine Follow-up,0
APT_004488,P_02183,DOC_035,DEPT_003,2025-02-18,09:15,Completed,Routine Follow-up,12
APT_004489,P_01302,DOC_021,DEPT_019,2025-03-13,15:15,Completed,Chronic Disease Review,29
APT_004490,P_01727,DOC_011,DEPT_021,2024-02-05,16:30,Completed,Chronic Disease Review,56
APT_004491,P_01311,DOC_009,DEPT_030,2024-04-04,17:15,Completed,Chest Discomfort,32
APT_004492,P_00385,DOC_029,DEPT_036,2024-03-21,10:30,Completed,Chronic Disease Review,48
APT_004493,P_02501,DOC_027,DEPT_037,2024-11-06,09:15,  Completed  ,Respiratory Symptoms,56
APT_004494,P_00796,DOC_001,DEPT_023,2024-02-04,14:00,Scheduled,Diabetes Monitoring,0
APT_004495,P_03459,DOC_028,DEPT_005,2025-04-13,10:30,Completed,Routine Follow-up,17
APT_004496,P_03319,DOC_011,DEPT_021,2024-09-11,13:15,Cancelled,Post-Operative Follow-up,0
APT_004497,P_00479,DOC_007,DEPT_024,2025-02-26,12:00,Completed,Routine Follow-up,16
APT_004498,P_02080,DOC_012,DEPT_014,2025-02-02,16:30,Completed,Routine Follow-up,49
APT_004499,P_01512,DOC_011,DEPT_021,2024-07-23,11:30,Completed,Routine Follow-up,29
APT_004500,P_01941,DOC_033,DEPT_002,2024-02-16,16:45,Completed,Medication Adjustment,20
APT_004501,P_02648,DOC_024,DEPT_024,2025-01-30,14:00,Completed,Post-Operative Follow-up,11
APT_004502,P_01380,DOC_032,DEPT_016,2024-01-09,15:45,completed,Annual Health Checkup,12
APT_004503,P_01072,DOC_007,DEPT_024,2024-01-03,15:00,UNKNOWN_VAL,Post-Operative Follow-up,0
APT_004504,P_00153,DOC_026,DEPT_020,2024-05-12,09:15,Completed,Respiratory Symptoms,46
APT_004505,P_01944,DOC_022,DEPT_001,2024-04-23,09:45,  Scheduled  ,Respiratory Symptoms,0
APT_004506,P_01543,DOC_020,DEPT_008,2024-11-27,10:00,Completed,Medication Adjustment,45
APT_004507,P_01109,DOC_013,DEPT_026,2024-07-07,10:15,Completed,Diabetes Monitoring,17
APT_004508,P_00218,DOC_020,DEPT_008,2024-05-17,16:15,Completed,Chronic Disease Review,38
APT_004509,P_03410,DOC_010,DEPT_021,2024-07-14,13:45,Completed,Post-Operative Follow-up,29
APT_004510,P_02399,DOC_032,DEPT_016,2024-03-25,12:00,Completed,Diabetes Monitoring,26
APT_004511,P_01422,DOC_031,DEPT_024,2025-01-05,10:45,Completed,Chest Discomfort,38
APT_004512,P_01066,DOC_003,DEPT_036,2025-01-27,12:45,Completed,,58
APT_004513,P_01164,DOC_013,DEPT_026,2024-03-26,09:45,Completed,Diabetes Monitoring,35
APT_004514,P_00911,DOC_009,DEPT_030,2024-09-27,15:30,Completed,Chest Discomfort,32
APT_004515,P_02650,DOC_009,DEPT_030,2024-02-16,09:30,Completed,Respiratory Symptoms,64
APT_004516,P_02985,DOC_008,DEPT_005,2024-04-16,11:00,Completed,Post-Operative Follow-up,27
APT_004517,P_02665,DOC_036,DEPT_016,2024-04-07,17:00,Completed,Annual Health Checkup,27
APT_004518,P_00236,DOC_022,DEPT_001,2024-04-10,13:15,Completed,Diabetes Monitoring,14
APT_004519,P_01383,DOC_006,DEPT_018,2025-02-06,12:30,Scheduled,Chronic Disease Review,0
APT_004520,P_03002,DOC_001,DEPT_023,2025-03-23,15:45,UNKNOWN_VAL,Routine Follow-up,60
APT_004521,P_02888,DOC_023,DEPT_007,2024-12-28,10:30,Completed,Annual Health Checkup,58
APT_004522,P_02272,DOC_035,DEPT_003,2024-02-14,16:30,Completed,Medication Adjustment,43
APT_004523,P_01058,DOC_026,DEPT_020,2024-12-08,08:45,Completed,Annual Health Checkup,43
APT_004524,P_00837,DOC_007,DEPT_024,2024-06-19,16:30,Completed,Post-Operative Follow-up,23
APT_004525,P_01685,DOC_039,DEPT_007,2024-07-18,08:00,Scheduled,Annual Health Checkup,0
APT_004526,P_01990,DOC_039,DEPT_007,2024-11-02,10:15,Completed,Post-Operative Follow-up,43
APT_004527,P_01930,DOC_006,DEPT_018,2024-07-31,17:45,Completed,Annual Health Checkup,10
APT_004528,P_00428,DOC_003,DEPT_036,2024-12-27,10:30,completed,Post-Operative Follow-up,31
APT_004529,P_00801,DOC_037,DEPT_035,2024-05-16,14:45,Completed,Chronic Disease Review,64
APT_004530,P_02975,DOC_031,DEPT_024,2024-10-21,15:15,Cancelled,Post-Operative Follow-up,0
APT_004531,P_01057,DOC_003,DEPT_036,2025-03-18,17:30,Completed,Medication Adjustment,25
APT_004532,P_01041,DOC_015,DEPT_038,2024-09-10,15:15,Completed,Routine Follow-up,43
APT_004533,P_01827,DOC_017,DEPT_008,2024-11-17,09:00,Completed,Chest Discomfort,41
APT_004534,P_01779,DOC_036,DEPT_016,2024-05-08,15:15,Completed,Respiratory Symptoms,10
APT_004535,P_02167,DOC_022,DEPT_001,2024-12-15,12:30,  Scheduled  ,Post-Operative Follow-up,0
APT_004536,P_02142,DOC_013,DEPT_026,2024-06-08,15:30,  Completed  ,Annual Health Checkup,51
APT_004537,P_03179,DOC_013,DEPT_026,2024-09-13,15:45,Completed,Respiratory Symptoms,15
APT_004538,P_03455,DOC_014,DEPT_009,2025-04-14,16:45,Completed,Routine Follow-up,19
APT_004539,P_01060,DOC_012,DEPT_014,2024-07-07,12:45,Cancelled,Diabetes Monitoring,0
APT_004540,P_00207,DOC_037,DEPT_035,2024-12-07,08:15,Completed,Routine Follow-up,16
APT_004541,P_00470,DOC_030,DEPT_014,2024-07-29,09:45,Completed,Respiratory Symptoms,31
APT_004542,P_02577,DOC_015,DEPT_038,2024-12-27,12:30,Cancelled,Diabetes Monitoring,0
APT_004543,P_00703,DOC_033,DEPT_002,2024-06-05,16:30,Completed,Respiratory Symptoms,11
APT_004544,P_01513,DOC_019,DEPT_039,2025-03-11,16:30,completed,Routine Follow-up,9
APT_004545,P_03121,DOC_031,DEPT_024,2025-03-11,08:00,No-Show,Routine Follow-up,0
APT_004546,P_03243,DOC_039,DEPT_007,2024-03-03,08:45,Scheduled,Medication Adjustment,0
APT_004547,P_03215,DOC_001,DEPT_023,2025-01-30,11:30,Completed,Annual Health Checkup,41
APT_004548,P_01275,DOC_007,DEPT_024,2024-12-21,16:15,Completed,Chronic Disease Review,44
APT_004549,P_00430,DOC_037,DEPT_035,2025-01-28,17:15,Completed,Annual Health Checkup,25
APT_004550,P_00988,DOC_017,DEPT_008,2024-02-02,10:00,Completed,Medication Adjustment,55
APT_004551,P_00497,DOC_037,DEPT_035,2025-02-26,10:00,Completed,Annual Health Checkup,44
APT_004552,P_01809,DOC_013,DEPT_026,2024-07-03,15:30,Completed,Routine Follow-up,17
APT_004553,P_03130,DOC_032,DEPT_016,2024-09-10,11:45,Cancelled,Medication Adjustment,0
APT_004554,P_02021,DOC_026,DEPT_020,2024-04-05,17:15,Completed,Chest Discomfort,61
APT_004555,P_02302,DOC_017,DEPT_008,2024-12-07,17:15,Completed,Respiratory Symptoms,48
APT_004556,P_00244,DOC_024,DEPT_024,2024-03-09,16:15,Completed,Post-Operative Follow-up,33
APT_004557,P_01121,DOC_038,DEPT_031,2024-10-04,13:45,Cancelled,Post-Operative Follow-up,0
APT_004558,P_00131,DOC_008,DEPT_005,2024-05-14,16:00,Cancelled,Routine Follow-up,0
APT_004559,P_00700,DOC_010,DEPT_021,2025-03-08,14:30,Cancelled,Chest Discomfort,0
APT_004560,P_00739,DOC_019,DEPT_039,2024-03-06,14:00,Cancelled,Chronic Disease Review,0
APT_004561,P_03371,DOC_038,DEPT_031,2024-11-20,10:15,Cancelled,Respiratory Symptoms,0
APT_004562,P_01918,DOC_028,DEPT_005,2024-11-15,13:45,Scheduled,Diabetes Monitoring,0
APT_004563,P_02699,DOC_037,DEPT_035,2024-10-11,09:30,Scheduled,Chest Discomfort,0
APT_004564,P_01001,DOC_029,DEPT_036,2024-09-11,17:15,Completed,Medication Adjustment,23
APT_004565,P_01322,DOC_022,DEPT_001,2024-11-02,09:00,Completed,Diabetes Monitoring,50
APT_004566,P_02396,DOC_004,DEPT_005,2024-03-10,10:30,Scheduled,Routine Follow-up,0
APT_004567,P_00930,DOC_016,DEPT_009,2025-02-09,15:15,Completed,,27
APT_004568,P_00834,DOC_018,DEPT_039,2025-03-24,10:30,Completed,Routine Follow-up,50
APT_004569,P_00150,DOC_028,DEPT_005,2024-03-04,12:00,Completed,Medication Adjustment,17
APT_004570,P_01515,DOC_019,DEPT_039,2025-04-19,12:00,completed,Chronic Disease Review,65
APT_004571,P_02001,DOC_021,DEPT_019,2024-02-03,15:15,Completed,Annual Health Checkup,28
APT_004572,P_02359,DOC_003,DEPT_036,2024-07-31,09:15,Completed,Chest Discomfort,22
APT_004573,P_01603,DOC_034,DEPT_005,2024-07-26,15:30,Completed,Diabetes Monitoring,40
APT_004574,P_02437,DOC_006,DEPT_018,2024-10-01,15:45,Completed,Medication Adjustment,9
APT_004575,P_02033,DOC_027,DEPT_037,2025-02-26,10:45,Completed,Annual Health Checkup,44
APT_004576,P_01084,DOC_018,DEPT_039,2025-02-13,12:45,Completed,Routine Follow-up,42
APT_004577,P_01897,DOC_016,DEPT_009,2024-08-22,11:45,Completed,Diabetes Monitoring,39
APT_004578,P_01728,DOC_040,DEPT_027,2024-10-31,11:00,Completed,Respiratory Symptoms,37
APT_004579,P_02066,DOC_033,DEPT_002,2025-03-18,13:15,Completed,Post-Operative Follow-up,61
APT_004580,P_03151,DOC_003,DEPT_036,2024-07-28,14:30,Completed,Post-Operative Follow-up,23
APT_004581,P_01642,DOC_040,DEPT_027,2025-02-20,17:30,Completed,Diabetes Monitoring,51
APT_004582,P_01805,DOC_012,DEPT_014,2025-01-19,09:30,Completed,Respiratory Symptoms,44
APT_004583,P_02031,DOC_020,DEPT_008,2024-04-03,15:00,Completed,,44
APT_004584,P_01941,DOC_039,DEPT_007,28-09-2024,10:00,Completed,Diabetes Monitoring,25
APT_004585,P_02486,DOC_029,DEPT_036,2025-04-19,11:30,Completed,Chest Discomfort,56
APT_004586,P_00365,DOC_022,DEPT_001,2024-10-07,08:15,Completed,Diabetes Monitoring,52
APT_004587,P_00522,DOC_028,DEPT_005,2024-10-19,16:30,Completed,Chest Discomfort,38
APT_004588,P_01961,DOC_026,DEPT_020,2024-04-21,09:00,Completed,Annual Health Checkup,40
APT_004589,P_03230,DOC_029,DEPT_036,2024-03-20,16:30,Completed,Respiratory Symptoms,63
APT_004590,P_00002,DOC_027,DEPT_037,2025-02-01,14:00,Completed,Respiratory Symptoms,61
APT_004591,P_03041,DOC_037,DEPT_035,2024-04-16,10:15,Completed,Medication Adjustment,48
APT_004592,P_02783,DOC_024,DEPT_024,2024-12-06,09:00,Completed,Post-Operative Follow-up,44
APT_004593,P_00890,DOC_008,DEPT_005,2024-01-18,17:30,Completed,Annual Health Checkup,24
APT_004594,P_00921,DOC_007,DEPT_024,2024-01-13,11:45,Completed,Routine Follow-up,32
APT_004595,P_00327,DOC_024,DEPT_024,2025-03-03,12:00,Completed,Chronic Disease Review,10
APT_004596,P_03413,DOC_033,DEPT_002,2024-05-25,15:00,Completed,Chronic Disease Review,55
APT_004597,P_01697,DOC_026,DEPT_020,2025-03-23,15:45,Completed,Annual Health Checkup,46
APT_004598,P_02943,DOC_019,DEPT_039,2024-09-11,11:15,Completed,Respiratory Symptoms,25
APT_004599,P_01409,DOC_033,DEPT_002,2024-04-14,14:30,Completed,Diabetes Monitoring,38
APT_004600,P_03135,DOC_020,DEPT_008,2024-09-25,10:00,Completed,Post-Operative Follow-up,64
APT_004601,P_00981,DOC_031,DEPT_024,2024-12-27,12:30,Completed,Chronic Disease Review,46
APT_004602,P_00338,DOC_015,DEPT_038,2024-02-23,12:15,Completed,Medication Adjustment,23
APT_004603,P_00409,DOC_035,DEPT_003,26-08-2024,13:30,Completed,Annual Health Checkup,33
APT_004604,P_03073,DOC_014,DEPT_009,2024-05-30,11:00,Scheduled,Diabetes Monitoring,0
APT_004605,P_03039,DOC_022,DEPT_001,2024-02-26,10:00,Completed,Chest Discomfort,45
APT_004606,P_02900,DOC_002,DEPT_035,2024-03-16,17:00,Completed,Annual Health Checkup,49
APT_004607,P_02882,DOC_040,DEPT_027,2024-02-14,09:15,Completed,Routine Follow-up,47
APT_004608,P_02569,DOC_034,DEPT_005,2024-07-30,13:15,Completed,Routine Follow-up,36
APT_004609,P_02697,DOC_012,DEPT_014,2024-10-01,12:30,Cancelled,Chest Discomfort,0
APT_004610,P_02200,DOC_017,DEPT_008,2024-04-05,17:45,Scheduled,Annual Health Checkup,0
APT_004611,P_00054,DOC_028,DEPT_005,22-05-2024,15:00,Completed,Medication Adjustment,32
APT_004612,P_02588,DOC_014,DEPT_009,06/14/2024,14:30,Completed,Post-Operative Follow-up,21
APT_004613,P_00933,DOC_028,DEPT_005,2024-07-02,12:00,Completed,Chest Discomfort,42
APT_004614,P_01558,DOC_005,DEPT_006,11/05/2024,08:30,Completed,Chest Discomfort,9
APT_004615,P_00265,DOC_008,DEPT_005,2024-10-05,17:15,Cancelled,Chronic Disease Review,0
APT_004616,P_02041,DOC_010,DEPT_021,2024-01-06,17:00,Completed,Chronic Disease Review,59
APT_004617,P_00507,DOC_002,DEPT_035,2024-02-16,12:30,Completed,Respiratory Symptoms,17
APT_004618,P_00577,DOC_029,DEPT_036,2024-04-20,16:45,Cancelled,,0
APT_004619,P_00354,DOC_021,DEPT_019,2024-11-25,13:00,Completed,Routine Follow-up,17
APT_004620,P_03070,DOC_016,DEPT_009,2024-01-02,10:15,Completed,Medication Adjustment,13
APT_004621,P_00953,DOC_034,DEPT_005,2025-01-03,11:30,Completed,Chronic Disease Review,10
APT_004622,P_01602,DOC_018,DEPT_039,01/31/2024,15:45,Completed,Medication Adjustment,15
APT_004623,P_03343,DOC_026,DEPT_020,2024-08-03,17:45,Completed,Post-Operative Follow-up,8
APT_004624,P_01826,DOC_024,DEPT_024,2024-10-09,17:45,Completed,Diabetes Monitoring,17
APT_004625,P_00525,DOC_039,DEPT_007,2024-04-15,17:00,Completed,Chronic Disease Review,16
APT_004626,P_01390,DOC_005,DEPT_006,2024-08-23,11:45,Completed,Diabetes Monitoring,27
APT_004627,P_02100,DOC_004,DEPT_005,2024-08-31,13:30,Completed,Respiratory Symptoms,26
APT_004628,P_02032,DOC_021,DEPT_019,2025-02-05,13:00,No-Show,Respiratory Symptoms,0
APT_004629,P_00779,DOC_034,DEPT_005,2024-11-14,16:30,Completed,Annual Health Checkup,60
APT_004630,P_00297,DOC_004,DEPT_005,2024-02-10,11:00,Completed,Post-Operative Follow-up,48
APT_004631,P_03478,DOC_006,DEPT_018,2024-11-10,16:00,completed,Post-Operative Follow-up,14
APT_004632,P_02178,DOC_038,DEPT_031,2024-03-01,10:15,Completed,Annual Health Checkup,17
APT_004633,P_00032,DOC_018,DEPT_039,2024-04-25,17:30,Completed,Annual Health Checkup,58
APT_004634,P_02726,DOC_034,DEPT_005,2024-12-20,11:30,No-Show,Annual Health Checkup,0
APT_004635,P_01375,DOC_029,DEPT_036,2024/12/31 00:00:00,12:15,Completed,Annual Health Checkup,65
APT_004636,P_03112,DOC_019,DEPT_039,2024-12-27,12:30,Completed,Chest Discomfort,38
APT_004637,P_02436,DOC_036,DEPT_016,2024-06-17,08:15,Completed,Post-Operative Follow-up,39
APT_004638,P_01060,DOC_025,DEPT_032,2025-04-20,10:45,Completed,Annual Health Checkup,17
APT_004639,P_01926,DOC_029,DEPT_036,2024-01-19,17:00,Completed,,59
APT_004640,P_01038,DOC_030,DEPT_014,2025-01-23,16:45,Completed,Diabetes Monitoring,15
APT_004641,P_00293,DOC_005,DEPT_006,2025-01-31,14:45,Completed,Chronic Disease Review,62
APT_004642,P_03107,DOC_034,DEPT_005,07-06-2024,12:30,Completed,Annual Health Checkup,11
APT_004643,P_02426,DOC_037,DEPT_035,2024-08-12,10:00,Completed,Routine Follow-up,29
APT_004644,P_00220,DOC_026,DEPT_020,2024-11-20,16:15,Completed,Medication Adjustment,24
APT_004645,P_03091,DOC_031,DEPT_024,2024-08-21,14:00,Scheduled,Respiratory Symptoms,0
APT_004646,P_02509,DOC_011,DEPT_021,14-01-2024,14:30,Completed,Diabetes Monitoring,45
APT_004647,P_00519,DOC_012,DEPT_014,2025-04-09,17:45,Completed,Diabetes Monitoring,30
APT_004648,P_00086,DOC_031,DEPT_024,2024-03-13,14:45,completed,Chest Discomfort,45
APT_004649,P_00445,DOC_008,DEPT_005,2024-08-10,11:00,Completed,Chest Discomfort,19
APT_004650,P_02881,DOC_007,DEPT_024,03/06/2025,12:15,Scheduled,Chronic Disease Review,0
APT_004651,P_00647,DOC_008,DEPT_005,2024-11-15,15:00,Completed,Diabetes Monitoring,60
APT_004652,P_02195,DOC_005,DEPT_006,2024-09-12,14:45,Cancelled,Chronic Disease Review,0
APT_004653,P_02882,DOC_003,DEPT_036,2024-06-21,09:30,Completed,Routine Follow-up,39
APT_004654,P_00224,DOC_001,DEPT_023,2025-02-15,11:30,Completed,Routine Follow-up,20
APT_004655,P_00199,DOC_010,DEPT_021,2024-02-17,10:30,Completed,Post-Operative Follow-up,56
APT_004656,P_01503,DOC_002,DEPT_035,2024-01-06,16:00,Completed,Chest Discomfort,40
APT_004657,P_01744,DOC_033,DEPT_002,2024-11-19,11:00,Completed,Diabetes Monitoring,57
APT_004658,P_01646,DOC_007,DEPT_024,2024/10/02 00:00:00,08:30,Cancelled,,0
APT_004659,P_00728,DOC_008,DEPT_005,2024-08-09,14:00,UNKNOWN_VAL,Routine Follow-up,64
APT_004660,P_03422,DOC_020,DEPT_008,2024-07-28,09:45,Completed,Medication Adjustment,20
APT_004661,P_01196,DOC_023,DEPT_007,2024-10-31,12:30,Scheduled,Routine Follow-up,0
APT_004662,P_00498,DOC_029,DEPT_036,2024-02-28,14:30,Completed,Medication Adjustment,32
APT_004663,P_00582,DOC_012,DEPT_014,2025-02-19,15:15,Completed,Diabetes Monitoring,13
APT_004664,P_03137,DOC_013,DEPT_026,2025-01-12,16:45,Completed,Post-Operative Follow-up,28
APT_004665,P_03048,DOC_020,DEPT_008,2024-09-27,14:15,Completed,Medication Adjustment,47
APT_004666,P_01164,DOC_015,DEPT_038,2025-01-31,14:15,Cancelled,Post-Operative Follow-up,0
APT_004667,P_02709,DOC_012,DEPT_014,2024-06-08,10:30,Scheduled,Annual Health Checkup,0
APT_004668,P_02700,DOC_032,DEPT_016,2024-01-07,14:15,Completed,Medication Adjustment,62
APT_004669,P_02210,DOC_009,DEPT_030,2024-03-25,11:00,Completed,Chronic Disease Review,64
APT_004670,P_01244,DOC_023,DEPT_007,2024-06-27,11:15,COMPLETED,Routine Follow-up,49
APT_004671,P_02247,DOC_028,DEPT_005,2024-04-08,13:45,Cancelled,Routine Follow-up,0
APT_004672,P_03498,DOC_019,DEPT_039,2024-09-18,17:00,Completed,Medication Adjustment,59
APT_004673,P_02248,DOC_019,DEPT_039,2025-01-17,16:00,Completed,Routine Follow-up,13
APT_004674,P_00697,DOC_030,DEPT_014,2025-02-09,15:15,  Completed  ,Routine Follow-up,20
APT_004675,P_03136,DOC_033,DEPT_002,2025-03-22,09:15,Completed,Chest Discomfort,60
APT_004676,P_02058,DOC_001,DEPT_023,2024-02-27,10:30,Completed,Medication Adjustment,49
APT_004677,P_02296,DOC_006,DEPT_018,2024-01-05,10:15,Completed,Post-Operative Follow-up,29
APT_004678,P_00848,DOC_032,DEPT_016,31-01-2025,16:30,Completed,Annual Health Checkup,10
APT_004679,P_01711,DOC_011,DEPT_021,2024-12-13,12:00,Completed,Annual Health Checkup,61
APT_004680,P_02172,DOC_010,DEPT_021,2024-03-05,10:15,No-Show,Post-Operative Follow-up,0
APT_004681,P_02512,DOC_040,DEPT_027,2025-04-11,08:45,Completed,Medication Adjustment,36
APT_004682,P_00723,DOC_038,DEPT_031,2024-07-27,11:00,Completed,Diabetes Monitoring,34
APT_004683,P_02061,DOC_023,DEPT_007,2024-03-04,13:30,Completed,Diabetes Monitoring,56
APT_004684,P_02431,DOC_034,DEPT_005,2024-04-24,12:30,No-Show,Diabetes Monitoring,0
APT_004685,P_02513,DOC_038,DEPT_031,2025-04-20,17:15,Cancelled,Post-Operative Follow-up,0
APT_004686,P_02506,DOC_040,DEPT_027,2024-08-05,16:45,Completed,Medication Adjustment,49
APT_004687,P_00389,DOC_009,DEPT_030,2024-08-04,11:30,Completed,Diabetes Monitoring,42
APT_004688,P_02443,DOC_020,DEPT_008,2024-05-05,12:00,Scheduled,Annual Health Checkup,0
APT_004689,P_01008,DOC_018,DEPT_039,2024-12-06,17:00,Scheduled,Post-Operative Follow-up,0
APT_004690,P_01227,DOC_005,DEPT_006,2024-01-28,16:15,Completed,Medication Adjustment,35
APT_004691,P_03258,DOC_014,DEPT_009,2024-06-26,15:30,Completed,Respiratory Symptoms,25
APT_004692,P_00118,DOC_031,DEPT_024,2024-04-09,11:30,Completed,Medication Adjustment,22
APT_004693,P_03054,DOC_024,DEPT_024,2025-01-02,12:45,Completed,,25
APT_004694,P_03207,DOC_028,DEPT_005,2024-01-22,11:00,  Cancelled  ,Respiratory Symptoms,0
APT_004695,P_02433,DOC_009,DEPT_030,2024-03-15,10:45,Completed,Chronic Disease Review,34
APT_004696,P_01842,DOC_025,DEPT_032,2025-01-21,12:30,Scheduled,Routine Follow-up,0
APT_004697,P_03195,DOC_026,DEPT_020,2025-03-17,15:45,Completed,Post-Operative Follow-up,30
APT_004698,P_01320,DOC_027,DEPT_037,2024-12-02,08:45,Completed,Post-Operative Follow-up,24
APT_004699,P_02371,DOC_015,DEPT_038,2024-07-18,16:30,Completed,Diabetes Monitoring,58
APT_004700,P_01977,DOC_020,DEPT_008,2024-03-01,15:45,Completed,Chest Discomfort,61
APT_004701,P_00072,DOC_030,DEPT_014,2024-05-27,15:15,Completed,Chronic Disease Review,19
APT_004702,P_02544,DOC_032,DEPT_016,2024-11-05,09:00,Completed,Routine Follow-up,22
APT_004703,P_00021,DOC_018,DEPT_039,2024-02-23,14:00,COMPLETED,Chest Discomfort,19
APT_004704,P_00998,DOC_001,DEPT_023,2024-02-08,09:30,Cancelled,Chronic Disease Review,0
APT_004705,P_03320,DOC_011,DEPT_021,2024-10-26,09:15,Completed,Medication Adjustment,54
APT_004706,P_00725,DOC_028,DEPT_005,2024-10-06,10:45,Completed,Routine Follow-up,30
APT_004707,P_01361,DOC_008,DEPT_005,2024-04-02,13:45,Completed,Chest Discomfort,9
APT_004708,P_01602,DOC_032,DEPT_016,2025-01-07,14:45,Cancelled,Annual Health Checkup,0
APT_004709,P_00225,DOC_040,DEPT_027,2024-04-07,15:45,Completed,Post-Operative Follow-up,34
APT_004710,P_03103,DOC_029,DEPT_036,2024-04-27,16:30,Completed,Respiratory Symptoms,24
APT_004711,P_03301,DOC_015,DEPT_038,2024-10-22,15:30,Completed,Diabetes Monitoring,51
APT_004712,P_03371,DOC_033,DEPT_002,2024-07-20,12:00,Completed,Medication Adjustment,45
APT_004713,P_02672,DOC_018,DEPT_039,2024-12-26,10:15,Completed,Diabetes Monitoring,36
APT_004714,P_00833,DOC_014,DEPT_009,2024-10-07,12:15,Completed,,30
APT_004715,P_02290,DOC_024,DEPT_024,2025-01-05,17:45,Completed,Routine Follow-up,60
APT_004716,P_01496,DOC_004,DEPT_005,2025-04-02,14:15,No-Show,Medication Adjustment,0
APT_004717,P_02675,DOC_034,DEPT_005,2024-01-17,10:15,Completed,Post-Operative Follow-up,37
APT_004718,P_03302,DOC_011,DEPT_021,2024-10-25,10:30,  Completed  ,Diabetes Monitoring,45
APT_004719,P_03210,DOC_014,DEPT_009,2024-12-18,12:45,COMPLETED,Medication Adjustment,26
APT_004720,P_00677,DOC_006,DEPT_018,2024-10-11,17:00,No-Show,Chest Discomfort,0
APT_004721,P_02369,DOC_018,DEPT_039,2025-02-12,10:15,Completed,Chest Discomfort,13
APT_004722,P_01228,DOC_020,DEPT_008,2025-01-15,13:00,Completed,,55
APT_004723,P_02407,DOC_020,DEPT_008,2024-03-21,08:15,Completed,Medication Adjustment,53
APT_004724,P_03493,DOC_005,DEPT_006,2024-06-08,12:30,Completed,,19
APT_004725,P_02023,DOC_015,DEPT_038,2024-04-11,13:45,Completed,,8
APT_004726,P_01800,DOC_005,DEPT_006,2025-02-06,13:00,Completed,Respiratory Symptoms,61
APT_004727,P_01438,DOC_014,DEPT_009,2025-03-11,11:45,Completed,Post-Operative Follow-up,12
APT_004728,P_02646,DOC_016,DEPT_009,2024-07-16,08:15,Completed,Annual Health Checkup,62
APT_004729,P_01001,DOC_010,DEPT_021,2024-05-27,13:45,No-Show,Diabetes Monitoring,0
APT_004730,P_02260,DOC_028,DEPT_005,2024-08-16,09:15,Completed,Chronic Disease Review,41
APT_004731,P_00234,DOC_010,DEPT_021,2025-03-20,11:45,Completed,Annual Health Checkup,15
APT_004732,P_02219,DOC_006,DEPT_018,2024-01-27,11:30,Scheduled,Post-Operative Follow-up,0
APT_004733,P_02600,DOC_026,DEPT_020,2025-03-18,15:45,Completed,Diabetes Monitoring,18
APT_004734,P_01581,DOC_031,DEPT_024,2024-09-08,10:15,Completed,Routine Follow-up,58
APT_004735,P_00101,DOC_033,DEPT_002,2024-06-11,13:00,Scheduled,Medication Adjustment,0
APT_004736,P_01942,DOC_010,DEPT_021,2024-03-21,09:30,Completed,Chronic Disease Review,51
APT_004737,P_00834,DOC_011,DEPT_021,2024-06-07,10:15,  Completed  ,Chest Discomfort,34
APT_004738,P_03256,DOC_038,DEPT_031,2024-09-10,11:00,Scheduled,Post-Operative Follow-up,0
APT_004739,P_03415,DOC_038,DEPT_031,2025-02-23,13:30,Completed,,13
APT_004740,P_02807,DOC_012,DEPT_014,2024-09-25,08:30,Scheduled,Medication Adjustment,0
APT_004741,P_00237,DOC_009,DEPT_030,2024-09-15,09:45,Completed,Chest Discomfort,41
APT_004742,P_01511,DOC_016,DEPT_009,2024-04-26,08:30,Scheduled,Respiratory Symptoms,0
APT_004743,P_01462,DOC_019,DEPT_039,2025-03-19,09:45,No-Show,Annual Health Checkup,0
APT_004744,P_00117,DOC_023,DEPT_007,2024-05-27,17:30,No-Show,Annual Health Checkup,0
APT_004745,P_02067,DOC_006,DEPT_018,08/25/2024,14:30,Completed,Chronic Disease Review,40
APT_004746,P_00923,DOC_010,DEPT_021,2025-04-04,11:00,Scheduled,Medication Adjustment,0
APT_004747,P_00461,DOC_016,DEPT_009,2024-09-13,11:15,Scheduled,Respiratory Symptoms,0
APT_004748,P_01490,DOC_031,DEPT_024,2024-08-24,17:45,Completed,Medication Adjustment,16
APT_004749,P_01194,DOC_008,DEPT_005,2024-11-22,12:15,Completed,Chest Discomfort,65
APT_004750,P_01611,DOC_022,DEPT_001,2025-03-27,14:45,Completed,Medication Adjustment,48
APT_004751,P_00931,DOC_031,DEPT_024,2024-09-21,12:45,UNKNOWN_VAL,Diabetes Monitoring,0
APT_004752,P_00661,DOC_002,DEPT_035,2024-10-23,12:30,Completed,Diabetes Monitoring,33
APT_004753,P_01182,DOC_038,DEPT_031,2024-07-01,08:45,Completed,Diabetes Monitoring,65
APT_004754,P_00178,DOC_014,DEPT_009,2025-03-20,08:45,Completed,Diabetes Monitoring,18
APT_004755,P_03450,DOC_023,DEPT_007,08/08/2024,09:45,Completed,Chest Discomfort,33
APT_004756,P_01687,DOC_016,DEPT_009,2024-06-18,11:30,No-Show,Routine Follow-up,0
APT_004757,P_02198,DOC_014,DEPT_009,2025-02-22,17:30,Completed,Chest Discomfort,32
APT_004758,P_01992,DOC_037,DEPT_035,2024-10-09,15:00,Completed,Annual Health Checkup,55
APT_004759,P_01133,DOC_026,DEPT_020,2024-12-04,09:45,Scheduled,Chronic Disease Review,0
APT_004760,P_00266,DOC_002,DEPT_035,2024-07-23,16:15,Completed,Routine Follow-up,56
APT_004761,P_02548,DOC_032,DEPT_016,2024-03-02,11:45,Completed,Diabetes Monitoring,10
APT_004762,P_01992,DOC_033,DEPT_002,2024-11-28,13:15,COMPLETED,Chest Discomfort,31
APT_004763,P_01899,DOC_018,DEPT_039,2025-04-11,17:15,Completed,Diabetes Monitoring,29
APT_004764,P_01874,DOC_027,DEPT_037,2024-01-22,09:15,Scheduled,Medication Adjustment,0
APT_004765,P_00618,DOC_019,DEPT_039,2024-04-15,17:00,Completed,Diabetes Monitoring,39
APT_004766,P_02800,DOC_035,DEPT_003,2024-07-16,17:45,Completed,Respiratory Symptoms,19
APT_004767,P_00600,DOC_027,DEPT_037,2024-06-05,14:30,No-Show,Routine Follow-up,0
APT_004768,P_02030,DOC_027,DEPT_037,2025-02-23,14:45,Completed,Medication Adjustment,48
APT_004769,P_02572,DOC_016,DEPT_009,2025-02-08,13:30,Scheduled,Chest Discomfort,0
APT_004770,P_00090,DOC_034,DEPT_005,2024-04-11,17:00,Completed,Post-Operative Follow-up,9
APT_004771,P_01830,DOC_011,DEPT_021,2024-09-15,13:15,Completed,Annual Health Checkup,44
APT_004772,P_02329,DOC_031,DEPT_024,2024-12-13,12:00,Completed,Routine Follow-up,49
APT_004773,P_00588,DOC_040,DEPT_027,2024-05-07,17:45,Completed,Respiratory Symptoms,58
APT_004774,P_01819,DOC_027,DEPT_037,2024-04-02,13:15,Completed,Medication Adjustment,43
APT_004775,P_01459,DOC_024,DEPT_024,2024-10-11,17:15,Completed,Annual Health Checkup,14
APT_004776,P_01548,DOC_024,DEPT_024,2024-12-17,11:45,Completed,Routine Follow-up,35
APT_004777,P_03261,DOC_034,DEPT_005,2024-05-27,17:00,Completed,Diabetes Monitoring,53
APT_004778,P_01661,DOC_021,DEPT_019,2024-06-20,09:00,Completed,Post-Operative Follow-up,11
APT_004779,P_02522,DOC_007,DEPT_024,2024-11-21,11:30,Completed,Routine Follow-up,63
APT_004780,P_03006,DOC_040,DEPT_027,2024-03-03,10:15,Completed,Respiratory Symptoms,63
APT_004781,P_01548,DOC_016,DEPT_009,2024-07-04,12:15,Scheduled,Chest Discomfort,0
APT_004782,P_00621,DOC_009,DEPT_030,2024-07-24,08:45,Cancelled,Respiratory Symptoms,0
APT_004783,P_01117,DOC_030,DEPT_014,2024-04-20,17:45,Completed,Routine Follow-up,11
APT_004784,P_02909,DOC_015,DEPT_038,01/16/2024,15:45,  Completed  ,Medication Adjustment,46
APT_004785,P_01083,DOC_005,DEPT_006,2024-09-19,15:00,Scheduled,Post-Operative Follow-up,0
APT_004786,P_03277,DOC_028,DEPT_005,2025-03-22,15:15,Scheduled,Respiratory Symptoms,0
APT_004787,P_02203,DOC_001,DEPT_023,2024-11-11,11:00,Completed,Chest Discomfort,37
APT_004788,P_02715,DOC_025,DEPT_032,2024-02-29,09:00,Scheduled,Chronic Disease Review,0
APT_004789,P_01503,DOC_010,DEPT_021,2024-11-26,16:45,Completed,Post-Operative Follow-up,39
APT_004790,P_03400,DOC_022,DEPT_001,2024-08-01,11:45,Cancelled,Post-Operative Follow-up,0
APT_004791,P_01756,DOC_035,DEPT_003,2024-03-03,15:15,Scheduled,Medication Adjustment,0
APT_004792,P_01393,DOC_034,DEPT_005,2024-03-29,10:30,Completed,Annual Health Checkup,24
APT_004793,P_02480,DOC_033,DEPT_002,2025-01-05,09:00,Completed,Diabetes Monitoring,56
APT_004794,P_01103,DOC_023,DEPT_007,2024-11-25,17:30,Completed,Routine Follow-up,16
APT_004795,P_03323,DOC_040,DEPT_027,2024-10-17,13:45,Completed,Medication Adjustment,37
APT_004796,P_01325,DOC_004,DEPT_005,2024-05-20,16:45,Completed,Respiratory Symptoms,21
APT_004797,P_02077,DOC_016,DEPT_009,2024-05-26,13:30,Completed,Diabetes Monitoring,59
APT_004798,P_03150,DOC_001,DEPT_023,2025-01-07,10:45,Scheduled,Chest Discomfort,0
APT_004799,P_03064,DOC_016,DEPT_009,2024-12-23,14:45,Scheduled,Post-Operative Follow-up,0
APT_004800,P_03301,DOC_025,DEPT_032,2024-04-16,16:15,Completed,Post-Operative Follow-up,20
APT_004801,P_02620,DOC_023,DEPT_007,2024-10-21,17:45,  Completed  ,Post-Operative Follow-up,58
APT_004802,P_02628,DOC_002,DEPT_035,2024-09-11,13:00,Completed,Annual Health Checkup,47
APT_004803,P_01593,DOC_020,DEPT_008,2024-08-24,15:15,Scheduled,Diabetes Monitoring,0
APT_004804,P_01493,DOC_012,DEPT_014,2024-06-08,11:30,Completed,Diabetes Monitoring,42
APT_004805,P_01404,DOC_030,DEPT_014,2024-01-25,12:00,CANCELLED,Routine Follow-up,0
APT_004806,P_01406,DOC_029,DEPT_036,2025-04-16,14:15,Completed,Chest Discomfort,8
APT_004807,P_00824,DOC_040,DEPT_027,2025-01-28,17:00,Completed,Chest Discomfort,55
APT_004808,P_03078,DOC_035,DEPT_003,2024-03-08,12:15,Completed,Diabetes Monitoring,40
APT_004809,P_00837,DOC_034,DEPT_005,2024-04-17,10:30,Cancelled,Medication Adjustment,0
APT_004810,P_00796,DOC_001,DEPT_023,2024-09-23,10:00,Scheduled,,0
APT_004811,P_03478,DOC_028,DEPT_005,01/24/2024,15:30,Completed,Routine Follow-up,19
APT_004812,P_02477,DOC_012,DEPT_014,2025-03-08,08:00,Completed,Diabetes Monitoring,31
APT_004813,P_01213,DOC_038,DEPT_031,2024-02-19,16:30,Completed,Medication Adjustment,37
APT_004814,P_03233,DOC_027,DEPT_037,2024-04-06,12:30,Completed,Diabetes Monitoring,34
APT_004815,P_00715,DOC_039,DEPT_007,2024-04-06,10:00,Completed,Respiratory Symptoms,41
APT_004816,P_01959,DOC_022,DEPT_001,2025-02-14,11:15,Completed,Post-Operative Follow-up,44
APT_004817,P_01996,DOC_029,DEPT_036,2024-06-14,17:45,Scheduled,Routine Follow-up,0
APT_004818,P_02925,DOC_009,DEPT_030,2024-06-12,17:15,Completed,Annual Health Checkup,27
APT_004819,P_01088,DOC_016,DEPT_009,2024-11-14,09:15,  Completed  ,Post-Operative Follow-up,17
APT_004820,P_02476,DOC_040,DEPT_027,2025-01-24,16:00,Completed,Chest Discomfort,17
APT_004821,P_00056,DOC_011,DEPT_021,2024-11-22,10:30,Completed,Medication Adjustment,24
APT_004822,P_00172,DOC_026,DEPT_020,2024-05-08,08:30,Completed,Respiratory Symptoms,43
APT_004823,P_01003,DOC_005,DEPT_006,2025-04-14,08:00,completed,,40
APT_004824,P_02693,DOC_036,DEPT_016,2024-07-11,17:45,Completed,,16
APT_004825,P_01045,DOC_018,DEPT_039,2025-01-12,13:00,completed,Post-Operative Follow-up,63
APT_004826,P_02823,DOC_007,DEPT_024,2024-11-18,15:45,Completed,Routine Follow-up,49
APT_004827,P_02919,DOC_013,DEPT_026,2024-02-16,13:00,UNKNOWN_VAL,Annual Health Checkup,43
APT_004828,P_02377,DOC_018,DEPT_039,2024-03-10,08:30,Completed,Diabetes Monitoring,17
APT_004829,P_03037,DOC_011,DEPT_021,2024-08-09,11:45,Completed,Post-Operative Follow-up,55
APT_004830,P_01335,DOC_016,DEPT_009,2024-08-10,14:30,Completed,Chest Discomfort,31
APT_004831,P_01863,DOC_031,DEPT_024,2024-01-23,08:30,Completed,Chronic Disease Review,61
APT_004832,P_01169,DOC_030,DEPT_014,2024-03-12,12:00,Cancelled,Routine Follow-up,0
APT_004833,P_02150,DOC_025,DEPT_032,2024-04-21,11:45,Completed,Routine Follow-up,12
APT_004834,P_01844,DOC_003,DEPT_036,2024-10-28,10:30,Cancelled,Medication Adjustment,0
APT_004835,P_00177,DOC_010,DEPT_021,2024-10-18,12:00,Completed,Chronic Disease Review,27
APT_004836,P_00257,DOC_019,DEPT_039,2024-10-10,15:15,Completed,Respiratory Symptoms,49
APT_004837,P_01123,DOC_037,DEPT_035,2024-09-01,08:30,Completed,Medication Adjustment,47
APT_004838,P_03399,DOC_002,DEPT_035,2024-08-30,16:15,Completed,Post-Operative Follow-up,23
APT_004839,P_00612,DOC_025,DEPT_032,2025-03-15,14:30,Completed,Post-Operative Follow-up,33
APT_004840,P_01930,DOC_018,DEPT_039,2024-03-05,12:00,Completed,Medication Adjustment,12
APT_004841,P_03018,DOC_018,DEPT_039,2025-04-18,11:30,Scheduled,Diabetes Monitoring,0
APT_004842,P_02007,DOC_019,DEPT_039,2024-01-31,15:00,Completed,Chronic Disease Review,61
APT_004843,P_02456,DOC_025,DEPT_032,2024-04-03,09:30,Completed,Medication Adjustment,45
APT_004844,P_00474,DOC_002,DEPT_035,2025-01-24,09:00,Completed,Routine Follow-up,42
APT_004845,P_02887,DOC_039,DEPT_007,2024-10-07,13:15,completed,Medication Adjustment,16
APT_004846,P_02094,DOC_002,DEPT_035,2025-03-18,14:30,Scheduled,Respiratory Symptoms,0
APT_004847,P_03072,DOC_014,DEPT_009,2024-05-10,08:15,Completed,Diabetes Monitoring,48
APT_004848,P_01311,DOC_018,DEPT_039,2024-03-07,17:30,Completed,Medication Adjustment,15
APT_004849,P_03360,DOC_038,DEPT_031,2024-04-30,15:15,Completed,Routine Follow-up,34
APT_004850,P_00587,DOC_017,DEPT_008,2024-12-20,12:30,COMPLETED,Chronic Disease Review,60
APT_004851,P_02120,DOC_030,DEPT_014,2024-04-25,17:00,Completed,Chronic Disease Review,35
APT_004852,P_01850,DOC_018,DEPT_039,2025-01-01,09:30,Cancelled,Respiratory Symptoms,0
APT_004853,P_02866,DOC_021,DEPT_019,2025-02-23,17:00,Scheduled,,0
APT_004854,P_01981,DOC_019,DEPT_039,2024-03-30,11:15,Completed,Chronic Disease Review,39
APT_004855,P_02161,DOC_013,DEPT_026,13-01-2025,10:45,Completed,Annual Health Checkup,29
APT_004856,P_01580,DOC_012,DEPT_014,2025-03-19,12:30,Completed,Routine Follow-up,13
APT_004857,P_01734,DOC_001,DEPT_023,2024-11-12,09:30,  Completed  ,Medication Adjustment,17
APT_004858,P_00407,DOC_037,DEPT_035,2024-09-03,13:15,Completed,Routine Follow-up,45
APT_004859,P_00209,DOC_036,DEPT_016,2024-10-17,13:30,Completed,Chest Discomfort,38
APT_004860,P_01268,DOC_033,DEPT_002,2024-08-30,15:00,Completed,Chronic Disease Review,14
APT_004861,P_00254,DOC_014,DEPT_009,2024-03-03,12:15,Cancelled,Routine Follow-up,0
APT_004862,P_00586,DOC_023,DEPT_007,2025-02-28,13:15,completed,Respiratory Symptoms,36
APT_004863,P_01987,DOC_004,DEPT_005,2024-02-18,08:30,Completed,Chronic Disease Review,56
APT_004864,P_00843,DOC_002,DEPT_035,2024-05-07,12:30,Completed,Post-Operative Follow-up,12
APT_004865,P_01747,DOC_001,DEPT_023,2025-01-31,09:15,Completed,Diabetes Monitoring,34
APT_004866,P_00302,DOC_038,DEPT_031,2024-06-06,15:15,Cancelled,Respiratory Symptoms,0
APT_004867,P_01294,DOC_021,DEPT_019,2025-03-07,16:00,Completed,Respiratory Symptoms,34
APT_004868,P_01583,DOC_030,DEPT_014,2024-01-24,14:45,Completed,Medication Adjustment,63
APT_004869,P_00933,DOC_001,DEPT_023,2025-01-09,11:15,Completed,Routine Follow-up,63
APT_004870,P_02763,DOC_025,DEPT_032,2024-02-20,16:45,Scheduled,Chest Discomfort,0
APT_004871,P_03096,DOC_027,DEPT_037,2024-07-29,11:00,Completed,Chest Discomfort,9
APT_004872,P_00964,DOC_040,DEPT_027,2024-11-11,08:30,Completed,Diabetes Monitoring,61
APT_004873,P_03173,DOC_040,DEPT_027,2024-03-17,08:45,Completed,Respiratory Symptoms,12
APT_004874,P_03186,DOC_040,DEPT_027,2024-04-06,13:45,Completed,Annual Health Checkup,11
APT_004875,P_00505,DOC_039,DEPT_007,2024-03-28,13:30,No-Show,Medication Adjustment,0
APT_004876,P_00325,DOC_014,DEPT_009,2024-09-09,16:15,COMPLETED,Diabetes Monitoring,33
APT_004877,P_01086,DOC_013,DEPT_026,2024-10-16,14:45,Completed,Respiratory Symptoms,29
APT_004878,P_02818,DOC_004,DEPT_005,2024-12-14,16:00,No-Show,,0
APT_004879,P_01011,DOC_018,DEPT_039,2025-03-01,17:45,Completed,Chronic Disease Review,45
APT_004880,P_01255,DOC_034,DEPT_005,2024-10-04,11:30,Cancelled,Chest Discomfort,0
APT_004881,P_02759,DOC_006,DEPT_018,2024-12-29,16:00,Completed,Post-Operative Follow-up,13
APT_004882,P_02556,DOC_009,DEPT_030,2024-03-03,09:00,completed,Respiratory Symptoms,53
APT_004883,P_00044,DOC_007,DEPT_024,2025-01-11,09:00,Completed,Chest Discomfort,64
APT_004884,P_00528,DOC_004,DEPT_005,2024-12-10,10:30,Completed,Respiratory Symptoms,51
APT_004885,P_00393,DOC_027,DEPT_037,2024-11-04,08:30,Completed,Chronic Disease Review,58
APT_004886,P_00759,DOC_011,DEPT_021,2024-12-27,10:30,Completed,Annual Health Checkup,20
APT_004887,P_01550,DOC_038,DEPT_031,09/09/2024,08:00,Completed,Chronic Disease Review,63
APT_004888,P_01963,DOC_032,DEPT_016,2025-02-27,09:15,Completed,Annual Health Checkup,30
APT_004889,P_01641,DOC_039,DEPT_007,2024-10-25,15:45,Completed,Routine Follow-up,15
APT_004890,P_02825,DOC_003,DEPT_036,2024-05-28,09:15,Completed,Chest Discomfort,21
APT_004891,P_01272,DOC_022,DEPT_001,2024-12-11,17:00,completed,Post-Operative Follow-up,62
APT_004892,P_01881,DOC_009,DEPT_030,2025-02-21,11:45,Completed,Chronic Disease Review,8
APT_004893,P_00938,DOC_005,DEPT_006,2024-07-25,17:30,Scheduled,Annual Health Checkup,0
APT_004894,P_01380,DOC_028,DEPT_005,2024-07-12,16:30,Completed,Respiratory Symptoms,44
APT_004895,P_00680,DOC_028,DEPT_005,2024-11-28,12:45,Completed,Diabetes Monitoring,65
APT_004896,P_03389,DOC_023,DEPT_007,2024-10-30,12:15,Cancelled,Routine Follow-up,0
APT_004897,P_01022,DOC_024,DEPT_024,2024-01-12,10:00,Completed,,12
APT_004898,P_01909,DOC_013,DEPT_026,2024-07-19,13:30,Cancelled,Chest Discomfort,0
APT_004899,P_00046,DOC_026,DEPT_020,2024-10-05,09:00,Completed,Chronic Disease Review,20
APT_004900,P_02881,DOC_036,DEPT_016,2024-05-05,11:00,Completed,Diabetes Monitoring,42
APT_004901,P_03081,DOC_034,DEPT_005,2024-02-11,09:30,Completed,Post-Operative Follow-up,57
APT_004902,P_02218,DOC_013,DEPT_026,2024-03-28,12:45,Completed,Respiratory Symptoms,65
APT_004903,P_03294,DOC_015,DEPT_038,2024-06-16,17:00,Completed,Medication Adjustment,53
APT_004904,P_01191,DOC_039,DEPT_007,2024-08-07,09:15,Completed,Routine Follow-up,65
APT_004905,P_02895,DOC_015,DEPT_038,2024-03-27,12:30,Scheduled,Annual Health Checkup,0
APT_004906,P_02081,DOC_026,DEPT_020,2024-08-28,16:15,Completed,,34
APT_004907,P_00484,DOC_016,DEPT_009,18-04-2025,13:45,Completed,Diabetes Monitoring,65
APT_004908,P_01193,DOC_028,DEPT_005,2025-04-19,15:15,Scheduled,Medication Adjustment,0
APT_004909,P_00136,DOC_027,DEPT_037,2024-01-06,17:15,Scheduled,Respiratory Symptoms,0
APT_004910,P_01562,DOC_013,DEPT_026,2025-01-08,08:15,Completed,Annual Health Checkup,24
APT_004911,P_02682,DOC_027,DEPT_037,2024-12-31,11:30,Completed,Routine Follow-up,62
APT_004912,P_00894,DOC_019,DEPT_039,2024-07-18,10:45,Scheduled,Respiratory Symptoms,0
APT_004913,P_01786,DOC_018,DEPT_039,2024-11-05,17:00,Completed,Annual Health Checkup,50
APT_004914,P_02142,DOC_016,DEPT_009,2025-04-01,12:15,Completed,Diabetes Monitoring,18
APT_004915,P_00939,DOC_033,DEPT_002,2024-04-30,10:30,Completed,Routine Follow-up,33
APT_004916,P_02629,DOC_012,DEPT_014,2024-02-19,15:45,Completed,Diabetes Monitoring,30
APT_004917,P_02327,DOC_020,DEPT_008,2024-05-04,12:45,Completed,Respiratory Symptoms,63
APT_004918,P_02099,DOC_035,DEPT_003,2024-07-02,16:45,Scheduled,Routine Follow-up,0
APT_004919,P_02726,DOC_037,DEPT_035,2024-05-08,11:15,Completed,Medication Adjustment,25
APT_004920,P_00778,DOC_007,DEPT_024,2024-01-07,12:30,Completed,Routine Follow-up,45
APT_004921,P_00318,DOC_012,DEPT_014,2024-08-27,09:00,Scheduled,Medication Adjustment,0
APT_004922,P_00639,DOC_028,DEPT_005,2024-02-28,11:30,Completed,Chronic Disease Review,34
APT_004923,P_01309,DOC_019,DEPT_039,2024-08-14,14:45,Completed,Annual Health Checkup,43
APT_004924,P_01495,DOC_025,DEPT_032,2024-01-04,12:15,Completed,Respiratory Symptoms,53
APT_004925,P_00164,DOC_027,DEPT_037,2024-02-03,16:45,Completed,Routine Follow-up,22
APT_004926,P_02062,DOC_003,DEPT_036,2025-01-30,09:00,Completed,Chest Discomfort,47
APT_004927,P_00788,DOC_027,DEPT_037,2024-09-15,12:15,Scheduled,Routine Follow-up,0
APT_004928,P_02213,DOC_035,DEPT_003,2024-04-22,10:45,No-Show,Annual Health Checkup,0
APT_004929,P_02316,DOC_008,DEPT_005,2024-09-25,11:45,Completed,Medication Adjustment,47
APT_004930,P_02799,DOC_004,DEPT_005,2024-06-28,11:30,Cancelled,Chest Discomfort,0
APT_004931,P_00750,DOC_040,DEPT_027,23-05-2024,09:15,Completed,Chest Discomfort,28
APT_004932,P_00829,DOC_010,DEPT_021,2025-01-11,10:15,Scheduled,Routine Follow-up,0
APT_004933,P_00236,DOC_001,DEPT_023,2025-02-18,08:45,Completed,Routine Follow-up,36
APT_004934,P_01189,DOC_007,DEPT_024,2024-07-10,08:30,Completed,Routine Follow-up,8
APT_004935,P_02125,DOC_017,DEPT_008,2025-01-18,16:15,Completed,Annual Health Checkup,35
APT_004936,P_03019,DOC_024,DEPT_024,2024-10-06,12:30,Scheduled,,0
APT_004937,P_02498,DOC_031,DEPT_024,2024-03-29,13:00,Completed,Post-Operative Follow-up,58
APT_004938,P_00525,DOC_022,DEPT_001,2024-07-23,17:15,Completed,Routine Follow-up,50
APT_004939,P_01949,DOC_028,DEPT_005,2024-01-12,12:00,Scheduled,Chronic Disease Review,0
APT_004940,P_02359,DOC_008,DEPT_005,2024-03-05,11:30,Completed,Annual Health Checkup,63
APT_004941,P_00847,DOC_033,DEPT_002,2024-04-24,12:45,Completed,Chest Discomfort,18
APT_004942,P_00628,DOC_031,DEPT_024,2025-01-05,11:30,completed,Respiratory Symptoms,14
APT_004943,P_03053,DOC_025,DEPT_032,2024-08-22,11:45,Scheduled,Diabetes Monitoring,0
APT_004944,P_00075,DOC_029,DEPT_036,2024-05-01,15:45,Completed,Diabetes Monitoring,48
APT_004945,P_03330,DOC_036,DEPT_016,2024-03-30,14:00,No-Show,Chest Discomfort,0
APT_004946,P_03126,DOC_023,DEPT_007,2024-07-21,11:15,Cancelled,,0
APT_004947,P_01607,DOC_018,DEPT_039,2024-12-14,08:30,Completed,Annual Health Checkup,50
APT_004948,P_03085,DOC_018,DEPT_039,2024-11-11,08:30,Completed,Medication Adjustment,25
APT_004949,P_02286,DOC_028,DEPT_005,2024-12-31,12:15,Completed,Post-Operative Follow-up,25
APT_004950,P_01000,DOC_027,DEPT_037,2024-04-22,09:00,Completed,Routine Follow-up,24
APT_004951,P_01121,DOC_010,DEPT_021,2025-04-16,08:15,Completed,,26
APT_004952,P_02735,DOC_014,DEPT_009,2024-12-04,16:30,Completed,Routine Follow-up,35
APT_004953,P_02875,DOC_024,DEPT_024,2024-07-21,08:00,Completed,Chronic Disease Review,40
APT_004954,P_00087,DOC_011,DEPT_021,2024-08-24,16:45,Cancelled,Annual Health Checkup,0
APT_004955,P_03478,DOC_032,DEPT_016,2024-05-11,16:00,Scheduled,Medication Adjustment,0
APT_004956,P_02604,DOC_027,DEPT_037,07/09/2024,15:15,Completed,Chest Discomfort,15
APT_004957,P_01663,DOC_039,DEPT_007,13-12-2024,16:00,Scheduled,Post-Operative Follow-up,0
APT_004958,P_02200,DOC_001,DEPT_023,2025-02-24,14:30,Cancelled,Diabetes Monitoring,0
APT_004959,P_02679,DOC_034,DEPT_005,2024-08-23,15:30,Scheduled,,0
APT_004960,P_02431,DOC_038,DEPT_031,2025-02-01,13:00,Completed,Respiratory Symptoms,31
APT_004961,P_03453,DOC_002,DEPT_035,2024-01-15,14:15,Completed,Diabetes Monitoring,65
APT_004962,P_03048,DOC_023,DEPT_007,2025-01-14,09:45,Completed,Post-Operative Follow-up,9
APT_004963,P_01474,DOC_002,DEPT_035,2025-03-20,10:45,Completed,Diabetes Monitoring,16
APT_004964,P_02363,DOC_025,DEPT_032,2024-12-24,08:00,Completed,Respiratory Symptoms,35
APT_004965,P_01131,DOC_021,DEPT_019,2024-05-04,11:30,completed,Routine Follow-up,52
APT_004966,P_00893,DOC_015,DEPT_038,2025-01-13,12:45,  Completed  ,Chest Discomfort,36
APT_004967,P_03330,DOC_021,DEPT_019,2024-03-29,10:00,Completed,Respiratory Symptoms,32
APT_004968,P_03273,DOC_014,DEPT_009,2024-09-10,15:30,  Scheduled  ,Post-Operative Follow-up,0
APT_004969,P_03492,DOC_021,DEPT_019,2024-02-10,17:30,Completed,Chest Discomfort,30
APT_004970,P_02388,DOC_009,DEPT_030,2024-05-07,17:45,Completed,Annual Health Checkup,27
APT_004971,P_03290,DOC_033,DEPT_002,2024-08-28,10:15,Completed,Post-Operative Follow-up,25
APT_004972,P_00660,DOC_014,DEPT_009,2024-01-08,17:15,Cancelled,Post-Operative Follow-up,0
APT_004973,P_02061,DOC_040,DEPT_027,2025-02-05,17:45,Scheduled,Chest Discomfort,0
APT_004974,P_01959,DOC_039,DEPT_007,2024-09-23,16:30,Completed,Chest Discomfort,56
APT_004975,P_00432,DOC_021,DEPT_019,2024-06-26,17:00,  Completed  ,Post-Operative Follow-up,37
APT_004976,P_01604,DOC_011,DEPT_021,2024-05-14,14:00,Completed,Chronic Disease Review,21
APT_004977,P_01830,DOC_037,DEPT_035,2024-04-24,11:45,Completed,Medication Adjustment,52
APT_004978,P_01836,DOC_022,DEPT_001,2024-12-26,12:15,Completed,Medication Adjustment,43
APT_004979,P_02780,DOC_019,DEPT_039,2024-05-11,14:30,Completed,Routine Follow-up,12
APT_004980,P_01419,DOC_005,DEPT_006,2024-08-28,16:15,Completed,,43
APT_004981,P_00977,DOC_012,DEPT_014,2025-03-03,17:15,Completed,Chest Discomfort,61
APT_004982,P_01823,DOC_002,DEPT_035,2024-08-22,16:00,Scheduled,,0
APT_004983,P_00887,DOC_001,DEPT_023,2025-03-27,09:15,Completed,Routine Follow-up,9
APT_004984,P_01949,DOC_034,DEPT_005,2024-07-22,16:00,Completed,Chest Discomfort,41
APT_004985,P_03351,DOC_005,DEPT_006,2024-09-03,13:00,Completed,Post-Operative Follow-up,29
APT_004986,P_01317,DOC_037,DEPT_035,2024-03-07,13:15,Completed,Medication Adjustment,46
APT_004987,P_01961,DOC_018,DEPT_039,2024-06-21,14:00,Completed,Respiratory Symptoms,41
APT_004988,P_02999,DOC_019,DEPT_039,2024-06-10,10:45,  Completed  ,Medication Adjustment,35
APT_004989,P_00256,DOC_007,DEPT_024,2025-01-21,10:00,Completed,Annual Health Checkup,37
APT_004990,P_01241,DOC_022,DEPT_001,2024-08-09,08:45,Completed,Diabetes Monitoring,24
APT_004991,P_00866,DOC_009,DEPT_030,2024-09-30,16:45,  Completed  ,Medication Adjustment,49
APT_004992,P_01737,DOC_035,DEPT_003,2024-06-30,14:30,Completed,Chest Discomfort,52
APT_004993,P_03370,DOC_012,DEPT_014,2025-03-23,12:15,Cancelled,Chronic Disease Review,0
APT_004994,P_02435,DOC_021,DEPT_019,2024-10-02,10:30,Completed,Chronic Disease Review,63
APT_004995,P_00394,DOC_012,DEPT_014,2025-02-06,08:15,Completed,Chest Discomfort,39
APT_004996,P_00022,DOC_033,DEPT_002,2025-03-05,12:00,Completed,Post-Operative Follow-up,48
APT_004997,P_00618,DOC_018,DEPT_039,2024-04-02,17:30,Completed,Respiratory Symptoms,51
APT_004998,P_02026,DOC_032,DEPT_016,2024-03-14,09:15,Completed,Routine Follow-up,60
APT_004999,P_03232,DOC_021,DEPT_019,2024-09-03,13:30,Scheduled,Respiratory Symptoms,0
APT_005000,P_00856,DOC_001,DEPT_023,2024-12-13,16:30,Completed,Respiratory Symptoms,16
APT_005001,P_03326,DOC_016,DEPT_009,2024-10-17,10:45,Completed,Post-Operative Follow-up,35
APT_005002,P_00708,DOC_014,DEPT_009,2024-01-31,12:45,Completed,Medication Adjustment,10
APT_005003,P_01017,DOC_036,DEPT_016,2024-07-02,12:00,Completed,Chest Discomfort,52
APT_005004,P_01008,DOC_028,DEPT_005,2024-01-31,09:30,No-Show,Diabetes Monitoring,0
APT_005005,P_02401,DOC_035,DEPT_003,2025-03-15,13:00,Completed,Annual Health Checkup,63
APT_005006,P_02625,DOC_032,DEPT_016,2025-03-27,16:00,Completed,Routine Follow-up,14
APT_005007,P_01403,DOC_004,DEPT_005,2024-01-21,17:30,COMPLETED,Medication Adjustment,38
APT_005008,P_01646,DOC_037,DEPT_035,2025-03-29,10:15,Completed,Post-Operative Follow-up,52
APT_005009,P_01095,DOC_035,DEPT_003,2024-01-25,16:00,Completed,Respiratory Symptoms,45
APT_005010,P_00706,DOC_035,DEPT_003,2024-10-29,09:45,Completed,Respiratory Symptoms,12
APT_005011,P_01780,DOC_011,DEPT_021,2024-05-07,15:00,Completed,Respiratory Symptoms,34
APT_005012,P_03150,DOC_015,DEPT_038,2024-02-20,11:00,Completed,Post-Operative Follow-up,50
APT_005013,P_02961,DOC_004,DEPT_005,2024-05-04,15:00,Completed,Chest Discomfort,59
APT_005014,P_02465,DOC_005,DEPT_006,2024-08-20,16:45,Scheduled,Medication Adjustment,0
APT_005015,P_03063,DOC_015,DEPT_038,2024-02-23,16:30,Completed,Annual Health Checkup,29
APT_005016,P_02436,DOC_004,DEPT_005,2024-01-27,17:45,Completed,Chronic Disease Review,38
APT_005017,P_00898,DOC_009,DEPT_030,2024-07-12,08:45,Completed,Diabetes Monitoring,38
APT_005018,P_01327,DOC_028,DEPT_005,2025-02-12,13:30,Cancelled,Annual Health Checkup,0
APT_005019,P_00877,DOC_018,DEPT_039,2024-10-04,10:15,Completed,Diabetes Monitoring,51
APT_005020,P_00761,DOC_006,DEPT_018,2024-02-25,16:00,Completed,Chronic Disease Review,32
APT_005021,P_00700,DOC_033,DEPT_002,2024/07/15 00:00:00,10:00,Completed,Diabetes Monitoring,19
APT_005022,P_02077,DOC_018,DEPT_039,2024-03-19,10:15,Completed,Post-Operative Follow-up,13
APT_005023,P_03070,DOC_002,DEPT_035,2024-12-06,13:00,Completed,Annual Health Checkup,37
APT_005024,P_03478,DOC_038,DEPT_031,2025-03-07,12:00,Completed,Respiratory Symptoms,37
APT_005025,P_01475,DOC_004,DEPT_005,2024-02-11,09:30,Completed,Diabetes Monitoring,43
APT_005026,P_01743,DOC_005,DEPT_006,2024-03-27,08:00,Completed,Chest Discomfort,55
APT_005027,P_00032,DOC_037,DEPT_035,2024-12-06,12:45,Completed,Medication Adjustment,51
APT_005028,P_01998,DOC_036,DEPT_016,2025-04-19,14:30,Completed,Chronic Disease Review,62
APT_005029,P_00456,DOC_011,DEPT_021,2024-07-30,11:30,Completed,Routine Follow-up,24
APT_005030,P_02789,DOC_012,DEPT_014,2025-03-23,15:15,Completed,Chest Discomfort,61
APT_005031,P_00458,DOC_028,DEPT_005,2024-06-11,14:45,Scheduled,Respiratory Symptoms,0
APT_005032,P_02736,DOC_025,DEPT_032,2024-09-05,16:30,Scheduled,,0
APT_005033,P_00655,DOC_016,DEPT_009,2025-01-20,16:00,Completed,Post-Operative Follow-up,35
APT_005034,P_02542,DOC_010,DEPT_021,2024-09-27,08:30,Completed,Diabetes Monitoring,25
APT_005035,P_00350,DOC_029,DEPT_036,2024-01-29,08:45,Completed,Respiratory Symptoms,61
APT_005036,P_02259,DOC_012,DEPT_014,2024-05-17,16:30,Completed,Routine Follow-up,10
APT_005037,P_02655,DOC_026,DEPT_020,2024-05-26,09:15,Completed,Diabetes Monitoring,10
APT_005038,P_02653,DOC_005,DEPT_006,2025-03-19,10:00,Completed,Annual Health Checkup,64
APT_005039,P_02791,DOC_003,DEPT_036,2025-02-04,08:45,CANCELLED,Chronic Disease Review,0
APT_005040,P_03189,DOC_004,DEPT_005,2025-02-04,13:15,Completed,Respiratory Symptoms,19
APT_005041,P_02761,DOC_033,DEPT_002,2025-03-09,12:00,Completed,,29
APT_005042,P_01044,DOC_034,DEPT_005,2024-09-20,10:00,Scheduled,Post-Operative Follow-up,0
APT_005043,P_02712,DOC_024,DEPT_024,2024-10-26,12:45,Completed,Diabetes Monitoring,57
APT_005044,P_00528,DOC_013,DEPT_026,2024-02-21,16:15,Completed,Chronic Disease Review,23
APT_005045,P_03144,DOC_014,DEPT_009,2024/09/13 00:00:00,15:15,Completed,Annual Health Checkup,50
APT_005046,P_01448,DOC_025,DEPT_032,2024-08-23,17:45,Completed,Chronic Disease Review,49
APT_005047,P_02091,DOC_029,DEPT_036,2024-01-18,08:15,Completed,Chest Discomfort,33
APT_005048,P_00466,DOC_016,DEPT_009,2024-03-29,16:15,Completed,Post-Operative Follow-up,57
APT_005049,P_01366,DOC_025,DEPT_032,2024-10-17,13:30,Completed,Chronic Disease Review,46
APT_005050,P_02877,DOC_005,DEPT_006,2025-01-08,15:30,Scheduled,Chest Discomfort,0
APT_005051,P_00964,DOC_014,DEPT_009,2024-02-22,08:15,Scheduled,Routine Follow-up,0
APT_005052,P_01842,DOC_039,DEPT_007,2024-07-16,16:00,Completed,Respiratory Symptoms,24
APT_005053,P_02310,DOC_004,DEPT_005,2024-09-23,16:30,Completed,Respiratory Symptoms,52
APT_005054,P_00598,DOC_036,DEPT_016,2024-01-11,14:00,Completed,,10
APT_005055,P_02670,DOC_010,DEPT_021,2024-08-19,16:45,Completed,Medication Adjustment,24
APT_005056,P_03447,DOC_035,DEPT_003,2024-09-30,12:15,Cancelled,Annual Health Checkup,0
APT_005057,P_01514,DOC_002,DEPT_035,2024-05-03,10:00,Scheduled,Medication Adjustment,0
APT_005058,P_02619,DOC_019,DEPT_039,2024-03-23,12:45,Completed,Post-Operative Follow-up,35
APT_005059,P_00557,DOC_009,DEPT_030,2024/05/31 00:00:00,14:45,Completed,Chest Discomfort,22
APT_005060,P_03091,DOC_015,DEPT_038,2025-01-26,14:45,Completed,Chest Discomfort,34
APT_005061,P_00105,DOC_017,DEPT_008,01/02/2025,16:00,Cancelled,Medication Adjustment,0
APT_005062,P_00990,DOC_018,DEPT_039,2024-02-07,09:30,scheduled,Post-Operative Follow-up,0
APT_005063,P_00543,DOC_035,DEPT_003,2024-12-15,11:30,Scheduled,Chest Discomfort,0
APT_005064,P_01842,DOC_029,DEPT_036,2024-10-30,16:45,Completed,Chronic Disease Review,55
APT_005065,P_00506,DOC_020,DEPT_008,2024-12-07,10:45,Completed,Annual Health Checkup,28
APT_005066,P_00348,DOC_033,DEPT_002,2024-02-13,10:45,Completed,Chronic Disease Review,55
APT_005067,P_00452,DOC_013,DEPT_026,2024-07-09,10:45,Scheduled,Medication Adjustment,0
APT_005068,P_00736,DOC_018,DEPT_039,2024-01-03,08:15,No-Show,Chronic Disease Review,0
APT_005069,P_00770,DOC_037,DEPT_035,2025-01-22,17:45,Scheduled,Medication Adjustment,0
APT_005070,P_00021,DOC_034,DEPT_005,2024-08-15,16:15,Completed,Respiratory Symptoms,64
APT_005071,P_01946,DOC_029,DEPT_036,2024-07-10,12:00,No-Show,Routine Follow-up,0
APT_005072,P_01026,DOC_032,DEPT_016,2024-09-06,14:30,Completed,Post-Operative Follow-up,47
APT_005073,P_00228,DOC_019,DEPT_039,2024-10-04,11:00,Completed,Medication Adjustment,39
APT_005074,P_03169,DOC_019,DEPT_039,2025-04-16,08:00,Completed,Chest Discomfort,43
APT_005075,P_00805,DOC_030,DEPT_014,2024-07-01,16:30,Completed,Routine Follow-up,17
APT_005076,P_00178,DOC_013,DEPT_026,2024-08-27,16:00,Scheduled,Chest Discomfort,0
APT_005077,P_01863,DOC_031,DEPT_024,2025-02-25,11:15,Completed,Routine Follow-up,28
APT_005078,P_01348,DOC_024,DEPT_024,2024-02-16,13:30,Completed,Medication Adjustment,9
APT_005079,P_00346,DOC_034,DEPT_005,2024-10-02,10:00,Completed,Diabetes Monitoring,14
APT_005080,P_00429,DOC_024,DEPT_024,2024-11-16,12:15,Scheduled,Annual Health Checkup,0
APT_005081,P_03261,DOC_015,DEPT_038,2025-03-08,14:45,Scheduled,Routine Follow-up,0
APT_005082,P_01744,DOC_032,DEPT_016,2024-09-12,12:30,Completed,Chronic Disease Review,49
APT_005083,P_03094,DOC_021,DEPT_019,2024-05-17,14:45,cancelled,Routine Follow-up,0
APT_005084,P_01150,DOC_039,DEPT_007,2025-03-29,13:15,No-Show,Annual Health Checkup,0
APT_005085,P_03402,DOC_020,DEPT_008,2024-07-30,09:00,Completed,Chronic Disease Review,46
APT_005086,P_02734,DOC_040,DEPT_027,2024-11-02,08:30,Completed,Respiratory Symptoms,24
APT_005087,P_00152,DOC_034,DEPT_005,2024-10-26,16:00,Completed,Chronic Disease Review,44
APT_005088,P_01732,DOC_006,DEPT_018,2024-05-02,16:30,Completed,Annual Health Checkup,55
APT_005089,P_02048,DOC_005,DEPT_006,2024-11-12,14:15,Completed,Routine Follow-up,43
APT_005090,P_01159,DOC_027,DEPT_037,2024-05-03,14:00,Completed,Medication Adjustment,51
APT_005091,P_00894,DOC_026,DEPT_020,2024-06-06,17:00,Completed,Medication Adjustment,63
APT_005092,P_01319,DOC_027,DEPT_037,2024-03-04,08:15,Cancelled,Annual Health Checkup,0
APT_005093,P_03449,DOC_040,DEPT_027,2025-04-08,14:30,Completed,,12
APT_005094,P_02714,DOC_028,DEPT_005,2024-01-10,11:15,Completed,Routine Follow-up,28
APT_005095,P_02995,DOC_009,DEPT_030,2024-07-10,11:30,Completed,Chronic Disease Review,29
APT_005096,P_02931,DOC_006,DEPT_018,2024-05-28,16:00,no-show,Chest Discomfort,0
APT_005097,P_02101,DOC_012,DEPT_014,2025-03-04,14:15,Completed,Routine Follow-up,17
APT_005098,P_00388,DOC_024,DEPT_024,2025-01-27,15:30,Scheduled,Diabetes Monitoring,0
APT_005099,P_01343,DOC_007,DEPT_024,2024-11-14,13:00,Completed,Post-Operative Follow-up,24
APT_005100,P_00734,DOC_020,DEPT_008,2024-02-24,11:15,Completed,Annual Health Checkup,44
APT_005101,P_01198,DOC_002,DEPT_035,2024-12-02,14:45,Completed,Chest Discomfort,21
APT_005102,P_00553,DOC_026,DEPT_020,2025-01-13,10:00,Completed,Diabetes Monitoring,18
APT_005103,P_03359,DOC_016,DEPT_009,2025-02-07,08:15,Completed,Medication Adjustment,38
APT_005104,P_00648,DOC_022,DEPT_001,2024-03-13,16:45,Completed,Diabetes Monitoring,62
APT_005105,P_00006,DOC_006,DEPT_018,2025-02-21,11:45,Completed,Respiratory Symptoms,46
APT_005106,P_03394,DOC_029,DEPT_036,2025-02-18,11:30,Completed,Medication Adjustment,57
APT_005107,P_01291,DOC_010,DEPT_021,2024-10-11,17:15,Completed,Medication Adjustment,29
APT_005108,P_00919,DOC_003,DEPT_036,04/18/2025,14:45,Cancelled,Post-Operative Follow-up,0
APT_005109,P_00477,DOC_015,DEPT_038,2024-11-01,17:30,Completed,Post-Operative Follow-up,33
APT_005110,P_00430,DOC_031,DEPT_024,2024-06-03,11:15,Completed,Respiratory Symptoms,60
APT_005111,P_00041,DOC_031,DEPT_024,2025-03-28,09:15,No-Show,Medication Adjustment,0
APT_005112,P_03356,DOC_029,DEPT_036,2024-05-10,15:30,Completed,,10
APT_005113,P_01509,DOC_026,DEPT_020,2024-10-01,08:45,Completed,Diabetes Monitoring,37
APT_005114,P_02217,DOC_024,DEPT_024,2025-01-05,14:00,Completed,Chest Discomfort,41
APT_005115,P_01653,DOC_036,DEPT_016,2024/03/21 00:00:00,10:15,Scheduled,Annual Health Checkup,0
APT_005116,P_02025,DOC_015,DEPT_038,15-12-2024,11:45,Scheduled,,0
APT_005117,P_00524,DOC_005,DEPT_006,2024-05-10,11:30,Completed,,9
APT_005118,P_00598,DOC_008,DEPT_005,2024-08-14,09:30,Scheduled,Annual Health Checkup,0
APT_005119,P_02088,DOC_013,DEPT_026,2024-11-29,12:45,Completed,Post-Operative Follow-up,34
APT_005120,P_00649,DOC_001,DEPT_023,2025/03/05 00:00:00,17:15,Completed,Routine Follow-up,46
APT_005121,P_01383,DOC_018,DEPT_039,2024-04-06,13:15,Completed,Medication Adjustment,38
APT_005122,P_01974,DOC_025,DEPT_032,2025-02-27,13:00,completed,Chronic Disease Review,9
APT_005123,P_01821,DOC_034,DEPT_005,2025-04-22,15:15,Scheduled,Respiratory Symptoms,0
APT_005124,P_03067,DOC_036,DEPT_016,07/25/2024,15:00,  Completed  ,Routine Follow-up,10
APT_005125,P_02407,DOC_018,DEPT_039,2024-06-02,17:30,Completed,Diabetes Monitoring,40
APT_005126,P_02925,DOC_027,DEPT_037,2025-02-01,17:00,Completed,Routine Follow-up,40
APT_005127,P_00640,DOC_010,DEPT_021,2025-02-09,13:15,Completed,Chest Discomfort,12
APT_005128,P_01152,DOC_017,DEPT_008,2025-03-08,11:45,Completed,Respiratory Symptoms,50
APT_005129,P_00353,DOC_021,DEPT_019,2024-02-28,12:45,Completed,Chest Discomfort,28
APT_005130,P_01555,DOC_002,DEPT_035,2024-04-09,12:15,Completed,Routine Follow-up,37
APT_005131,P_02387,DOC_034,DEPT_005,2024-12-16,12:30,Completed,Chest Discomfort,59
APT_005132,P_00215,DOC_016,DEPT_009,2024-05-08,12:00,Scheduled,Respiratory Symptoms,0
APT_005133,P_02097,DOC_025,DEPT_032,2024-03-24,13:45,Scheduled,Post-Operative Follow-up,0
APT_005134,P_01230,DOC_009,DEPT_030,2024-09-01,08:45,Completed,Diabetes Monitoring,15
APT_005135,P_00985,DOC_005,DEPT_006,2024-02-08,17:15,  Completed  ,Post-Operative Follow-up,12
APT_005136,P_02932,DOC_024,DEPT_024,2024-11-24,13:45,Completed,Chronic Disease Review,35
APT_005137,P_03368,DOC_024,DEPT_024,2024-05-10,17:00,Completed,Chest Discomfort,44
APT_005138,P_00686,DOC_008,DEPT_005,2024-10-23,09:45,COMPLETED,Medication Adjustment,20
APT_005139,P_00548,DOC_008,DEPT_005,2025-02-22,14:30,Completed,,49
APT_005140,P_00178,DOC_033,DEPT_002,2024-01-17,11:15,Completed,Routine Follow-up,15
APT_005141,P_01031,DOC_021,DEPT_019,2024-02-29,09:00,Completed,Diabetes Monitoring,22
APT_005142,P_01664,DOC_020,DEPT_008,2024-08-08,11:00,Completed,Post-Operative Follow-up,21
APT_005143,P_00960,DOC_038,DEPT_031,2024-10-28,17:15,Completed,Chest Discomfort,35
APT_005144,P_01888,DOC_014,DEPT_009,2024/06/23 00:00:00,12:45,Completed,Annual Health Checkup,8
APT_005145,P_02842,DOC_030,DEPT_014,2024-04-02,10:00,Completed,Medication Adjustment,15
APT_005146,P_01868,DOC_007,DEPT_024,2024-03-11,10:15,Scheduled,Diabetes Monitoring,0
APT_005147,P_02154,DOC_018,DEPT_039,2024-07-01,11:45,Completed,Routine Follow-up,21
APT_005148,P_01941,DOC_015,DEPT_038,2025-03-21,12:30,Cancelled,Medication Adjustment,0
APT_005149,P_03204,DOC_020,DEPT_008,2024-09-12,12:45,Completed,Annual Health Checkup,15
APT_005150,P_02176,DOC_039,DEPT_007,2024-12-03,08:30,  Completed  ,Chest Discomfort,22
APT_005151,P_00170,DOC_010,DEPT_021,2025-01-19,08:30,Completed,Post-Operative Follow-up,59
APT_005152,P_00738,DOC_034,DEPT_005,2025-04-07,15:30,Completed,Chest Discomfort,46
APT_005153,P_03402,DOC_029,DEPT_036,2025-01-01,13:15,Scheduled,Chest Discomfort,0
APT_005154,P_01944,DOC_002,DEPT_035,2024-05-28,11:45,Completed,Annual Health Checkup,31
APT_005155,P_00927,DOC_033,DEPT_002,2024-03-05,09:15,Completed,Annual Health Checkup,15
APT_005156,P_03333,DOC_031,DEPT_024,2025-02-27,09:30,Completed,Chest Discomfort,48
APT_005157,P_00478,DOC_003,DEPT_036,2025-01-16,08:00,No-Show,Annual Health Checkup,0
APT_005158,P_02169,DOC_027,DEPT_037,2024-07-05,14:30,Completed,Chronic Disease Review,33
APT_005159,P_02164,DOC_025,DEPT_032,2025-03-02,14:30,Completed,Routine Follow-up,24
APT_005160,P_00118,DOC_034,DEPT_005,2024-12-23,14:00,Completed,Chronic Disease Review,58
APT_005161,P_00422,DOC_019,DEPT_039,2024-11-14,12:45,Completed,Annual Health Checkup,16
APT_005162,P_01031,DOC_031,DEPT_024,2024-04-09,08:15,Completed,Respiratory Symptoms,28
APT_005163,P_02448,DOC_017,DEPT_008,2024-08-30,17:45,Completed,Respiratory Symptoms,62
APT_005164,P_00484,DOC_004,DEPT_005,2024-05-09,12:00,  Completed  ,,63
APT_005165,P_03460,DOC_018,DEPT_039,2024-05-07,14:15,Completed,Chronic Disease Review,27
APT_005166,P_02273,DOC_008,DEPT_005,2024-06-15,09:30,Completed,,54
APT_005167,P_03333,DOC_037,DEPT_035,2024-03-19,15:45,Completed,Medication Adjustment,60
APT_005168,P_00636,DOC_012,DEPT_014,2024-01-19,11:00,Completed,Respiratory Symptoms,15
APT_005169,P_02954,DOC_009,DEPT_030,2025-02-17,12:45,Completed,Chest Discomfort,64
APT_005170,P_02670,DOC_039,DEPT_007,2024-01-17,15:45,Completed,Chronic Disease Review,19
APT_005171,P_01094,DOC_034,DEPT_005,2024-07-22,10:45,Completed,Annual Health Checkup,12
APT_005172,P_01145,DOC_031,DEPT_024,2024-09-07,10:00,COMPLETED,Annual Health Checkup,52
APT_005173,P_03096,DOC_020,DEPT_008,2024-06-21,13:15,No-Show,Chronic Disease Review,0
APT_005174,P_02296,DOC_012,DEPT_014,2024-12-08,09:45,Completed,Post-Operative Follow-up,64
APT_005175,P_02540,DOC_032,DEPT_016,2024-08-12,11:30,Completed,Respiratory Symptoms,43
APT_005176,P_03234,DOC_035,DEPT_003,2024-04-03,11:00,Completed,Respiratory Symptoms,65
APT_005177,P_00389,DOC_017,DEPT_008,2024-07-25,15:15,Completed,Chronic Disease Review,12
APT_005178,P_02388,DOC_029,DEPT_036,2024-12-18,14:45,Scheduled,Medication Adjustment,0
APT_005179,P_03270,DOC_004,DEPT_005,2024-11-29,17:00,No-Show,Respiratory Symptoms,0
APT_005180,P_02390,DOC_016,DEPT_009,2025-03-19,08:15,Completed,Post-Operative Follow-up,11
APT_005181,P_03486,DOC_029,DEPT_036,2024-03-03,16:15,Completed,Respiratory Symptoms,56
APT_005182,P_00754,DOC_029,DEPT_036,2024-01-21,10:30,Completed,Annual Health Checkup,44
APT_005183,P_01149,DOC_022,DEPT_001,2024-11-15,09:15,Completed,Medication Adjustment,43
APT_005184,P_02868,DOC_003,DEPT_036,2024-12-10,08:45,Cancelled,,0
APT_005185,P_01671,DOC_019,DEPT_039,2025-01-21,16:30,Cancelled,Medication Adjustment,0
APT_005186,P_01304,DOC_019,DEPT_039,2024/02/06 00:00:00,16:45,Completed,Respiratory Symptoms,49
APT_005187,P_01175,DOC_008,DEPT_005,2024-01-17,12:15,Completed,Routine Follow-up,27
APT_005188,P_03445,DOC_005,DEPT_006,2024-03-23,17:00,Completed,Chest Discomfort,8
APT_005189,P_02568,DOC_011,DEPT_021,2024-11-14,14:45,Completed,Chronic Disease Review,61
APT_005190,P_02321,DOC_010,DEPT_021,2024-11-14,09:30,Completed,Medication Adjustment,28
APT_005191,P_01363,DOC_004,DEPT_005,2025-02-07,15:00,Scheduled,Annual Health Checkup,0
APT_005192,P_02817,DOC_020,DEPT_008,2024-02-22,13:00,Completed,,11
APT_005193,P_00303,DOC_028,DEPT_005,2025-04-04,16:00,Scheduled,Annual Health Checkup,0
APT_005194,P_00690,DOC_012,DEPT_014,08/21/2024,14:45,Completed,Diabetes Monitoring,63
APT_005195,P_01598,DOC_014,DEPT_009,2025-03-18,12:30,completed,,62
APT_005196,P_02192,DOC_020,DEPT_008,2024-10-24,12:30,Completed,Annual Health Checkup,21
APT_005197,P_03476,DOC_003,DEPT_036,2024-04-30,14:00,Completed,Respiratory Symptoms,57
APT_005198,P_01117,DOC_002,DEPT_035,2025-02-16,09:30,completed,Annual Health Checkup,33
APT_005199,P_01277,DOC_028,DEPT_005,2024-09-09,12:00,Completed,Chest Discomfort,20
APT_005200,P_00369,DOC_004,DEPT_005,2024-05-31,13:30,Completed,Chronic Disease Review,15
APT_005201,P_01640,DOC_037,DEPT_035,2025-02-15,11:15,Scheduled,Annual Health Checkup,0
APT_005202,P_01851,DOC_026,DEPT_020,2024-04-29,11:00,Completed,Respiratory Symptoms,8
APT_005203,P_02650,DOC_006,DEPT_018,2024-04-18,14:15,Completed,Respiratory Symptoms,13
APT_005204,P_01343,DOC_002,DEPT_035,2024-05-02,08:15,Completed,Respiratory Symptoms,38
APT_005205,P_01963,DOC_024,DEPT_024,2024-07-25,09:15,Scheduled,Chronic Disease Review,0
APT_005206,P_03190,DOC_015,DEPT_038,2024-12-26,16:30,Scheduled,Respiratory Symptoms,0
APT_005207,P_02646,DOC_035,DEPT_003,2024-10-24,16:30,No-Show,Routine Follow-up,0
APT_005208,P_03081,DOC_016,DEPT_009,2024-07-19,16:00,Completed,Routine Follow-up,53
APT_005209,P_00395,DOC_010,DEPT_021,2024-07-22,09:30,Completed,Diabetes Monitoring,65
APT_005210,P_01836,DOC_013,DEPT_026,2024-11-16,10:00,Scheduled,Chest Discomfort,0
APT_005211,P_03077,DOC_031,DEPT_024,2024-10-30,13:45,No-Show,Routine Follow-up,0
APT_005212,P_01844,DOC_032,DEPT_016,2025-02-03,16:30,Completed,Respiratory Symptoms,8
APT_005213,P_00492,DOC_027,DEPT_037,2025-02-21,09:15,Completed,Medication Adjustment,18
APT_005214,P_02494,DOC_034,DEPT_005,2025-01-03,13:45,Completed,Routine Follow-up,27
APT_005215,P_01029,DOC_002,DEPT_035,2024-03-29,08:00,Completed,Annual Health Checkup,24
APT_005216,P_02605,DOC_026,DEPT_020,2024-09-02,17:15,Completed,Respiratory Symptoms,52
APT_005217,P_02714,DOC_009,DEPT_030,2024-10-03,16:30,Completed,Post-Operative Follow-up,60
APT_005218,P_02203,DOC_015,DEPT_038,2024-01-22,17:00,Completed,Diabetes Monitoring,58
APT_005219,P_02430,DOC_008,DEPT_005,2024-12-31,13:30,No-Show,Chronic Disease Review,0
APT_005220,P_00825,DOC_037,DEPT_035,2024-08-12,13:15,Completed,Diabetes Monitoring,59
APT_005221,P_01970,DOC_034,DEPT_005,2024-06-15,15:45,Scheduled,Chronic Disease Review,0
APT_005222,P_00961,DOC_038,DEPT_031,2024-07-25,12:30,Completed,Annual Health Checkup,65
APT_005223,P_02544,DOC_009,DEPT_030,2025/04/20 00:00:00,09:15,Completed,Routine Follow-up,61
APT_005224,P_00731,DOC_002,DEPT_035,2024-02-05,15:30,Completed,Chest Discomfort,19
APT_005225,P_00951,DOC_036,DEPT_016,2024-08-17,14:30,Scheduled,Respiratory Symptoms,0
APT_005226,P_01615,DOC_018,DEPT_039,2025-03-08,09:30,Completed,Medication Adjustment,42
APT_005227,P_01184,DOC_038,DEPT_031,2024-05-09,15:00,Completed,,31
APT_005228,P_03059,DOC_013,DEPT_026,2024-10-22,16:30,Completed,Routine Follow-up,25
APT_005229,P_01760,DOC_019,DEPT_039,2024-09-23,12:00,Cancelled,Post-Operative Follow-up,0
APT_005230,P_03405,DOC_040,DEPT_027,2025-01-17,10:00,Completed,Medication Adjustment,55
APT_005231,P_02386,DOC_014,DEPT_009,2025-03-22,15:00,Completed,Post-Operative Follow-up,9
APT_005232,P_01246,DOC_019,DEPT_039,2024-04-09,13:45,Scheduled,Chronic Disease Review,0
APT_005233,P_00553,DOC_006,DEPT_018,2025-02-23,11:45,Completed,Routine Follow-up,43
APT_005234,P_00619,DOC_016,DEPT_009,2024-12-07,17:15,Cancelled,Medication Adjustment,0
APT_005235,P_01958,DOC_005,DEPT_006,2024-08-06,17:00,Completed,Annual Health Checkup,54
APT_005236,P_03265,DOC_008,DEPT_005,2024-03-25,09:00,Completed,Routine Follow-up,42
APT_005237,P_00356,DOC_029,DEPT_036,2024-12-18,11:00,Completed,Medication Adjustment,52
APT_005238,P_00098,DOC_037,DEPT_035,2024-07-01,14:30,Completed,Medication Adjustment,15
APT_005239,P_01734,DOC_022,DEPT_001,2024-06-11,08:45,Completed,Chest Discomfort,51
APT_005240,P_03464,DOC_018,DEPT_039,2024-05-25,09:45,Scheduled,Medication Adjustment,0
APT_005241,P_00768,DOC_009,DEPT_030,2024-06-26,08:15,No-Show,Chronic Disease Review,0
APT_005242,P_01998,DOC_036,DEPT_016,2024-02-23,10:15,Completed,Chronic Disease Review,12
APT_005243,P_01779,DOC_022,DEPT_001,2024-08-31,11:00,Completed,Post-Operative Follow-up,27
APT_005244,P_03328,DOC_012,DEPT_014,2025-01-15,08:45,  Scheduled  ,Medication Adjustment,0
APT_005245,P_02794,DOC_036,DEPT_016,2025-01-22,17:45,Completed,Chronic Disease Review,10
APT_005246,P_01335,DOC_034,DEPT_005,2024-12-24,12:00,Cancelled,Diabetes Monitoring,0
APT_005247,P_01151,DOC_033,DEPT_002,2024-01-20,15:00,Completed,Annual Health Checkup,56
APT_005248,P_02063,DOC_015,DEPT_038,2024-03-03,17:15,Scheduled,Chronic Disease Review,0
APT_005249,P_02243,DOC_028,DEPT_005,2024-04-16,08:45,Cancelled,Respiratory Symptoms,0
APT_005250,P_00241,DOC_034,DEPT_005,2024-05-31,13:15,Scheduled,Post-Operative Follow-up,0
APT_005251,P_03031,DOC_016,DEPT_009,2024-07-15,12:30,Completed,Respiratory Symptoms,26
APT_005252,P_01426,DOC_025,DEPT_032,2024-01-28,08:30,Completed,Diabetes Monitoring,31
APT_005253,P_00413,DOC_013,DEPT_026,2024-10-18,15:00,Completed,Annual Health Checkup,22
APT_005254,P_02667,DOC_004,DEPT_005,2024-08-22,15:30,Cancelled,Chest Discomfort,0
APT_005255,P_02663,DOC_035,DEPT_003,2024-09-16,13:30,Completed,Post-Operative Follow-up,58
APT_005256,P_02865,DOC_021,DEPT_019,2024-01-30,11:15,Cancelled,Annual Health Checkup,0
APT_005257,P_00985,DOC_018,DEPT_039,2025-04-09,09:15,Completed,Post-Operative Follow-up,53
APT_005258,P_03280,DOC_015,DEPT_038,2024-06-01,17:30,Cancelled,Chronic Disease Review,0
APT_005259,P_00637,DOC_003,DEPT_036,2024-06-13,12:15,Completed,Post-Operative Follow-up,47
APT_005260,P_03069,DOC_002,DEPT_035,2024-04-24,12:15,Completed,Routine Follow-up,47
APT_005261,P_02404,DOC_037,DEPT_035,2024-12-20,13:30,Completed,Diabetes Monitoring,56
APT_005262,P_01824,DOC_029,DEPT_036,2024-09-06,11:00,Completed,Post-Operative Follow-up,28
APT_005263,P_00760,DOC_034,DEPT_005,2024-10-21,17:45,No-Show,Annual Health Checkup,0
APT_005264,P_00648,DOC_025,DEPT_032,2024-06-01,09:00,Completed,Chronic Disease Review,63
APT_005265,P_01407,DOC_023,DEPT_007,2025-01-30,14:00,Completed,Respiratory Symptoms,14
APT_005266,P_01409,DOC_004,DEPT_005,2025-03-26,13:00,Completed,Post-Operative Follow-up,16
APT_005267,P_02816,DOC_015,DEPT_038,2024-04-04,15:45,Completed,Chest Discomfort,24
APT_005268,P_02857,DOC_012,DEPT_014,2024-07-03,11:15,Completed,Diabetes Monitoring,11
APT_005269,P_02844,DOC_025,DEPT_032,03/28/2024,14:15,No-Show,Annual Health Checkup,0
APT_005270,P_01478,DOC_007,DEPT_024,2024-04-09,12:45,Completed,Annual Health Checkup,26
APT_005271,P_00153,DOC_029,DEPT_036,2024-07-04,12:30,Completed,Medication Adjustment,55
APT_005272,P_00565,DOC_023,DEPT_007,2025-02-17,17:00,Cancelled,Medication Adjustment,0
APT_005273,P_02128,DOC_030,DEPT_014,2024-08-14,11:30,Scheduled,Chest Discomfort,0
APT_005274,P_01485,DOC_013,DEPT_026,2024-11-25,09:00,Completed,Respiratory Symptoms,18
APT_005275,P_02047,DOC_002,DEPT_035,2024-09-15,15:30,Scheduled,Routine Follow-up,0
APT_005276,P_01751,DOC_040,DEPT_027,2025-04-19,14:45,Completed,Respiratory Symptoms,17
APT_005277,P_02744,DOC_011,DEPT_021,2024-12-09,10:45,Cancelled,Chronic Disease Review,0
APT_005278,P_00600,DOC_004,DEPT_005,2025-04-01,17:15,Completed,Respiratory Symptoms,60
APT_005279,P_01072,DOC_016,DEPT_009,2024-06-29,12:00,Completed,Diabetes Monitoring,16
APT_005280,P_01801,DOC_028,DEPT_005,2025-02-26,17:15,Completed,Post-Operative Follow-up,35
APT_005281,P_03298,DOC_019,DEPT_039,09/27/2024,15:00,Completed,Respiratory Symptoms,48
APT_005282,P_01474,DOC_015,DEPT_038,2024-09-28,13:00,Completed,Post-Operative Follow-up,26
APT_005283,P_02014,DOC_022,DEPT_001,2025-03-07,12:15,Completed,Chronic Disease Review,61
APT_005284,P_01652,DOC_033,DEPT_002,29-01-2024,08:15,Completed,Annual Health Checkup,60
APT_005285,P_02159,DOC_026,DEPT_020,2024-08-11,10:30,Completed,Annual Health Checkup,36
APT_005286,P_03171,DOC_003,DEPT_036,2024-03-05,17:15,Completed,Diabetes Monitoring,29
APT_005287,P_03225,DOC_038,DEPT_031,2025-01-13,10:15,Completed,Diabetes Monitoring,27
APT_005288,P_01369,DOC_013,DEPT_026,2024-01-15,14:30,Completed,,45
APT_005289,P_01708,DOC_030,DEPT_014,2024-06-22,14:15,No-Show,Post-Operative Follow-up,0
APT_005290,P_02634,DOC_034,DEPT_005,2024-06-05,16:15,Scheduled,Annual Health Checkup,0
APT_005291,P_02497,DOC_023,DEPT_007,2024-01-12,14:45,Completed,Diabetes Monitoring,12
APT_005292,P_02089,DOC_032,DEPT_016,2024-07-02,13:00,Scheduled,Diabetes Monitoring,0
APT_005293,P_02073,DOC_009,DEPT_030,2024-04-27,17:00,Completed,Respiratory Symptoms,25
APT_005294,P_03436,DOC_020,DEPT_008,2024-08-27,16:00,Completed,Post-Operative Follow-up,42
APT_005295,P_01727,DOC_024,DEPT_024,2025-01-20,13:00,Completed,Routine Follow-up,54
APT_005296,P_03236,DOC_034,DEPT_005,2025-02-03,17:45,Completed,Annual Health Checkup,54
APT_005297,P_00925,DOC_038,DEPT_031,2024-04-15,14:15,Scheduled,Routine Follow-up,0
APT_005298,P_01759,DOC_005,DEPT_006,2024-10-03,10:15,Scheduled,Diabetes Monitoring,0
APT_005299,P_03423,DOC_020,DEPT_008,2025-02-11,08:00,Completed,Routine Follow-up,35
APT_005300,P_00167,DOC_026,DEPT_020,2024-05-17,12:30,Completed,Diabetes Monitoring,65
APT_005301,P_01978,DOC_032,DEPT_016,2024-02-04,14:15,COMPLETED,Post-Operative Follow-up,11
APT_005302,P_03131,DOC_040,DEPT_027,2024-06-24,13:45,Completed,Routine Follow-up,61
APT_005303,P_03111,DOC_011,DEPT_021,2025-01-04,09:30,Completed,Chest Discomfort,11
APT_005304,P_03208,DOC_020,DEPT_008,2025-02-13,10:45,Completed,Annual Health Checkup,62
APT_005305,P_00892,DOC_006,DEPT_018,2024-12-09,09:45,Cancelled,Post-Operative Follow-up,0
APT_005306,P_00544,DOC_035,DEPT_003,2024-04-11,15:45,Completed,Routine Follow-up,27
APT_005307,P_01950,DOC_014,DEPT_009,2025-01-30,08:45,Cancelled,Annual Health Checkup,0
APT_005308,P_00384,DOC_033,DEPT_002,2024-01-15,17:15,Completed,Annual Health Checkup,28
APT_005309,P_00475,DOC_036,DEPT_016,02/07/2024,15:00,Scheduled,Chest Discomfort,0
APT_005310,P_03313,DOC_004,DEPT_005,2025-02-12,12:30,Completed,Routine Follow-up,41
APT_005311,P_01391,DOC_003,DEPT_036,2025-03-17,08:30,No-Show,Chronic Disease Review,0
APT_005312,P_02306,DOC_012,DEPT_014,2025-02-02,15:00,Completed,Post-Operative Follow-up,17
APT_005313,P_03028,DOC_017,DEPT_008,2024-07-27,09:30,Scheduled,Medication Adjustment,0
APT_005314,P_01917,DOC_006,DEPT_018,2025-01-12,11:30,Scheduled,Medication Adjustment,0
APT_005315,P_01471,DOC_023,DEPT_007,2025-03-23,13:00,Cancelled,Post-Operative Follow-up,0
APT_005316,P_00330,DOC_003,DEPT_036,2024-05-31,17:30,Completed,Medication Adjustment,48
APT_005317,P_02882,DOC_003,DEPT_036,2024-05-24,16:30,Completed,Diabetes Monitoring,36
APT_005318,P_01303,DOC_005,DEPT_006,2024-12-22,13:00,Scheduled,Annual Health Checkup,0
APT_005319,P_00634,DOC_039,DEPT_007,2024-04-21,13:30,Completed,,54
APT_005320,P_01688,DOC_038,DEPT_031,2024-02-25,09:30,Scheduled,Routine Follow-up,0
APT_005321,P_00863,DOC_005,DEPT_006,2025-01-15,15:00,  Completed  ,Medication Adjustment,58
APT_005322,P_01972,DOC_038,DEPT_031,2024-01-30,08:45,Scheduled,Annual Health Checkup,0
APT_005323,P_02872,DOC_030,DEPT_014,2024-08-15,09:00,Completed,Post-Operative Follow-up,31
APT_005324,P_02769,DOC_035,DEPT_003,2024-06-02,12:00,No-Show,Chest Discomfort,0
APT_005325,P_03156,DOC_017,DEPT_008,2024-07-31,14:15,Completed,Post-Operative Follow-up,9
APT_005326,P_00520,DOC_024,DEPT_024,2025-01-13,12:15,Completed,Routine Follow-up,34
APT_005327,P_02564,DOC_020,DEPT_008,2024-10-29,13:15,COMPLETED,Annual Health Checkup,19
APT_005328,P_01521,DOC_016,DEPT_009,2024-01-05,10:00,Completed,Routine Follow-up,36
APT_005329,P_03451,DOC_020,DEPT_008,2024-12-01,11:00,Completed,Post-Operative Follow-up,17
APT_005330,P_03116,DOC_005,DEPT_006,2025-03-12,17:15,Completed,Routine Follow-up,34
APT_005331,P_00671,DOC_012,DEPT_014,2024-04-03,15:15,Completed,Annual Health Checkup,30
APT_005332,P_00759,DOC_003,DEPT_036,2024-01-07,12:30,UNKNOWN_VAL,,37
APT_005333,P_00838,DOC_013,DEPT_026,2024-01-26,13:45,Scheduled,Post-Operative Follow-up,0
APT_005334,P_02587,DOC_003,DEPT_036,2024-12-16,15:00,Scheduled,Chest Discomfort,0
APT_005335,P_01262,DOC_029,DEPT_036,2024-11-26,12:45,Completed,Respiratory Symptoms,25
APT_005336,P_03138,DOC_019,DEPT_039,2024-04-08,14:45,Cancelled,Diabetes Monitoring,0
APT_005337,P_01522,DOC_006,DEPT_018,2024-06-04,13:30,Completed,Chronic Disease Review,57
APT_005338,P_00165,DOC_021,DEPT_019,2024-07-25,09:30,Completed,Post-Operative Follow-up,33
APT_005339,P_03463,DOC_030,DEPT_014,2024-05-05,10:00,Completed,Annual Health Checkup,42
APT_005340,P_01970,DOC_030,DEPT_014,2024-11-27,15:30,Completed,Respiratory Symptoms,54
APT_005341,P_02257,DOC_011,DEPT_021,2024-11-20,16:00,No-Show,Diabetes Monitoring,0
APT_005342,P_01579,DOC_033,DEPT_002,2024-08-15,11:15,Completed,Post-Operative Follow-up,65
APT_005343,P_02355,DOC_007,DEPT_024,2025-01-11,16:30,Completed,Respiratory Symptoms,46
APT_005344,P_03373,DOC_035,DEPT_003,2024-11-30,15:15,Completed,Post-Operative Follow-up,37
APT_005345,P_00524,DOC_009,DEPT_030,2024-07-11,14:45,Completed,Chest Discomfort,39
APT_005346,P_02469,DOC_039,DEPT_007,2024-08-29,09:45,No-Show,Post-Operative Follow-up,0
APT_005347,P_03040,DOC_033,DEPT_002,2024-04-13,11:45,Completed,Routine Follow-up,47
APT_005348,P_00359,DOC_036,DEPT_016,2025-02-19,10:15,Completed,Respiratory Symptoms,16
APT_005349,P_03497,DOC_016,DEPT_009,2024-08-28,12:15,Completed,Respiratory Symptoms,46
APT_005350,P_02013,DOC_019,DEPT_039,2024-02-04,09:00,Completed,Diabetes Monitoring,24
APT_005351,P_01612,DOC_025,DEPT_032,2024/12/03 00:00:00,10:45,Completed,Routine Follow-up,48
APT_005352,P_00668,DOC_014,DEPT_009,22-02-2025,12:30,Completed,Annual Health Checkup,44
APT_005353,P_00848,DOC_025,DEPT_032,2024-04-05,15:00,Completed,Medication Adjustment,37
APT_005354,P_01665,DOC_001,DEPT_023,2024-08-10,12:15,Completed,Chest Discomfort,59
APT_005355,P_03049,DOC_031,DEPT_024,2024-10-17,17:30,Completed,Medication Adjustment,41
APT_005356,P_01441,DOC_029,DEPT_036,2024-02-01,16:00,Completed,Chronic Disease Review,62
APT_005357,P_01070,DOC_038,DEPT_031,2024-03-03,12:45,Completed,Chronic Disease Review,64
APT_005358,P_00166,DOC_040,DEPT_027,2025-04-06,10:15,Completed,Chest Discomfort,22
APT_005359,P_01876,DOC_017,DEPT_008,2024-07-06,17:30,Scheduled,Routine Follow-up,0
APT_005360,P_00624,DOC_009,DEPT_030,2025-02-24,13:00,Scheduled,Chronic Disease Review,0
APT_005361,P_02969,DOC_009,DEPT_030,2024-12-05,15:00,Completed,,38
APT_005362,P_00133,DOC_032,DEPT_016,2024-06-09,13:45,Completed,Post-Operative Follow-up,45
APT_005363,P_00379,DOC_039,DEPT_007,2024-03-16,17:30,  Completed  ,Routine Follow-up,19
APT_005364,P_02104,DOC_011,DEPT_021,2025-03-02,15:45,Scheduled,Respiratory Symptoms,0
APT_005365,P_00029,DOC_024,DEPT_024,2024-08-08,13:30,COMPLETED,,30
APT_005366,P_03396,DOC_030,DEPT_014,2024-09-28,09:30,COMPLETED,Chest Discomfort,46
APT_005367,P_03376,DOC_024,DEPT_024,2024-03-29,08:00,Completed,Respiratory Symptoms,41
APT_005368,P_01515,DOC_010,DEPT_021,2024-07-14,10:45,Completed,Annual Health Checkup,21
APT_005369,P_03493,DOC_007,DEPT_024,2024-02-28,08:15,Cancelled,Respiratory Symptoms,0
APT_005370,P_00749,DOC_012,DEPT_014,2024-12-16,10:30,Completed,Medication Adjustment,16
APT_005371,P_00280,DOC_017,DEPT_008,2024-11-14,13:15,Completed,Respiratory Symptoms,50
APT_005372,P_01939,DOC_013,DEPT_026,2025-03-23,08:45,Completed,Respiratory Symptoms,35
APT_005373,P_01266,DOC_037,DEPT_035,2024-10-28,16:30,Cancelled,Chronic Disease Review,0
APT_005374,P_03269,DOC_007,DEPT_024,2024-10-28,08:45,Completed,Post-Operative Follow-up,36
APT_005375,P_03045,DOC_014,DEPT_009,2024-09-28,13:00,Completed,Respiratory Symptoms,55
APT_005376,P_03185,DOC_014,DEPT_009,2024-06-26,09:00,Completed,Respiratory Symptoms,46
APT_005377,P_00855,DOC_016,DEPT_009,2024-04-20,12:00,Completed,Routine Follow-up,60
APT_005378,P_02608,DOC_030,DEPT_014,2024-02-12,12:00,Completed,Respiratory Symptoms,46
APT_005379,P_01640,DOC_040,DEPT_027,2024-07-20,08:45,Completed,Chronic Disease Review,24
APT_005380,P_00043,DOC_038,DEPT_031,2024-02-21,10:45,No-Show,Routine Follow-up,0
APT_005381,P_01770,DOC_007,DEPT_024,2024-11-06,08:30,  Completed  ,Diabetes Monitoring,58
APT_005382,P_01851,DOC_027,DEPT_037,2024-05-09,09:30,Completed,Post-Operative Follow-up,32
APT_005383,P_00649,DOC_004,DEPT_005,2025-01-08,15:00,Completed,Medication Adjustment,33
APT_005384,P_03119,DOC_031,DEPT_024,2024-02-28,11:45,Completed,Chronic Disease Review,62
APT_005385,P_03324,DOC_012,DEPT_014,2024-02-11,10:00,Completed,Routine Follow-up,37
APT_005386,P_00387,DOC_012,DEPT_014,2024-11-09,09:45,Completed,Routine Follow-up,15
APT_005387,P_00187,DOC_027,DEPT_037,2025-02-13,11:15,Cancelled,Chronic Disease Review,0
APT_005388,P_02802,DOC_017,DEPT_008,2024-12-17,08:45,No-Show,Respiratory Symptoms,0
APT_005389,P_00341,DOC_017,DEPT_008,2024-05-17,13:30,Completed,Chronic Disease Review,32
APT_005390,P_01595,DOC_023,DEPT_007,2024-10-04,12:45,Completed,Medication Adjustment,52
APT_005391,P_02954,DOC_029,DEPT_036,2024-11-19,16:30,Completed,Routine Follow-up,16
APT_005392,P_00768,DOC_016,DEPT_009,2024-05-10,08:30,Completed,Post-Operative Follow-up,12
APT_005393,P_00496,DOC_028,DEPT_005,2024-03-01,16:15,Completed,Routine Follow-up,16
APT_005394,P_02138,DOC_033,DEPT_002,2024-08-05,14:15,  Completed  ,Medication Adjustment,48
APT_005395,P_03277,DOC_020,DEPT_008,2024-01-18,10:00,Completed,Diabetes Monitoring,24
APT_005396,P_01576,DOC_017,DEPT_008,2024-12-15,15:30,No-Show,,0
APT_005397,P_02911,DOC_031,DEPT_024,2024-10-11,11:15,Completed,Respiratory Symptoms,33
APT_005398,P_00577,DOC_037,DEPT_035,2024-01-21,08:00,Completed,Medication Adjustment,27
APT_005399,P_02690,DOC_014,DEPT_009,2024-01-04,12:45,completed,Chest Discomfort,25
APT_005400,P_02315,DOC_007,DEPT_024,2025-02-26,08:45,Completed,Respiratory Symptoms,45
APT_005401,P_01574,DOC_012,DEPT_014,2024-11-09,13:15,Completed,Medication Adjustment,25
APT_005402,P_01874,DOC_022,DEPT_001,2024-08-31,09:45,Completed,Annual Health Checkup,25
APT_005403,P_03213,DOC_036,DEPT_016,2025-03-27,15:45,Scheduled,Annual Health Checkup,0
APT_005404,P_00142,DOC_007,DEPT_024,2024-05-13,12:30,Cancelled,Respiratory Symptoms,0
APT_005405,P_01833,DOC_011,DEPT_021,2024-03-27,16:45,Cancelled,Chronic Disease Review,0
APT_005406,P_00635,DOC_032,DEPT_016,2024-06-06,08:00,Completed,Respiratory Symptoms,38
APT_005407,P_01116,DOC_001,DEPT_023,2024-05-14,15:45,SCHEDULED,Chest Discomfort,0
APT_005408,P_01604,DOC_026,DEPT_020,2024-07-04,11:15,Completed,Chest Discomfort,58
APT_005409,P_01361,DOC_040,DEPT_027,2024-12-02,10:30,Scheduled,Chest Discomfort,0
APT_005410,P_00897,DOC_034,DEPT_005,2024-12-26,12:30,Scheduled,Post-Operative Follow-up,0
APT_005411,P_01572,DOC_031,DEPT_024,18-12-2024,09:30,completed,Chest Discomfort,24
APT_005412,P_02774,DOC_030,DEPT_014,2025-01-15,17:30,Cancelled,Chest Discomfort,0
APT_005413,P_00750,DOC_001,DEPT_023,2024-03-30,13:30,Completed,Chest Discomfort,36
APT_005414,P_00534,DOC_008,DEPT_005,2024-03-31,09:00,Scheduled,Post-Operative Follow-up,0
APT_005415,P_02047,DOC_002,DEPT_035,2024-06-19,10:00,Completed,Respiratory Symptoms,18
APT_005416,P_01056,DOC_005,DEPT_006,2024-12-25,13:45,Completed,Routine Follow-up,39
APT_005417,P_02024,DOC_019,DEPT_039,2025-01-01,09:15,Completed,Diabetes Monitoring,56
APT_005418,P_03266,DOC_032,DEPT_016,2024-07-11,17:15,Cancelled,Post-Operative Follow-up,0
APT_005419,P_02354,DOC_037,DEPT_035,2025-01-24,16:30,Scheduled,Routine Follow-up,0
APT_005420,P_00526,DOC_016,DEPT_009,2024-09-21,13:30,Scheduled,Diabetes Monitoring,0
APT_005421,P_01788,DOC_034,DEPT_005,2024-03-18,17:45,COMPLETED,,58
APT_005422,P_00414,DOC_010,DEPT_021,2024-05-28,11:00,  Completed  ,Post-Operative Follow-up,40
APT_005423,P_00443,DOC_009,DEPT_030,2025-04-08,10:30,Scheduled,Chronic Disease Review,0
APT_005424,P_03163,DOC_011,DEPT_021,2024-01-10,08:45,Completed,Post-Operative Follow-up,32
APT_005425,P_00721,DOC_015,DEPT_038,2025-02-07,11:30,Completed,Medication Adjustment,12
APT_005426,P_00656,DOC_031,DEPT_024,2025-02-07,10:00,Completed,,25
APT_005427,P_01358,DOC_014,DEPT_009,2024-06-28,11:15,CANCELLED,Routine Follow-up,0
APT_005428,P_02429,DOC_007,DEPT_024,2024-06-18,12:00,Scheduled,Respiratory Symptoms,0
APT_005429,P_02110,DOC_017,DEPT_008,2024-07-08,14:30,Scheduled,Chest Discomfort,0
APT_005430,P_01819,DOC_011,DEPT_021,2024-01-15,15:30,Scheduled,Chest Discomfort,0
APT_005431,P_02198,DOC_005,DEPT_006,2024-09-20,15:30,no-show,Chronic Disease Review,0
APT_005432,P_00092,DOC_021,DEPT_019,2024-04-08,09:15,Completed,Annual Health Checkup,21
APT_005433,P_00142,DOC_007,DEPT_024,2025-02-24,12:15,Completed,Chronic Disease Review,36
APT_005434,P_01138,DOC_008,DEPT_005,2024-11-03,12:45,Completed,Routine Follow-up,13
APT_005435,P_01402,DOC_034,DEPT_005,2024-11-02,16:45,Completed,Chronic Disease Review,10
APT_005436,P_01085,DOC_015,DEPT_038,2025-04-11,17:15,Completed,Respiratory Symptoms,10
APT_005437,P_01561,DOC_010,DEPT_021,2024-08-27,17:15,Scheduled,Annual Health Checkup,0
APT_005438,P_02189,DOC_006,DEPT_018,2024-04-22,09:30,Cancelled,Medication Adjustment,0
APT_005439,P_03364,DOC_027,DEPT_037,2025-01-31,16:15,Completed,Diabetes Monitoring,37
APT_005440,P_00763,DOC_015,DEPT_038,2024-03-28,10:00,Cancelled,Medication Adjustment,0
APT_005441,P_03149,DOC_017,DEPT_008,2024-01-29,11:15,No-Show,Respiratory Symptoms,0
APT_005442,P_02387,DOC_021,DEPT_019,2024-05-16,16:45,Completed,Post-Operative Follow-up,9
APT_005443,P_02890,DOC_023,DEPT_007,2024-12-18,17:30,Completed,Chronic Disease Review,42
APT_005444,P_02423,DOC_022,DEPT_001,2024-12-23,15:45,Completed,Diabetes Monitoring,15
APT_005445,P_01717,DOC_033,DEPT_002,2025-01-05,17:30,Completed,Chest Discomfort,45
APT_005446,P_02528,DOC_038,DEPT_031,2025-02-19,10:15,Completed,Medication Adjustment,52
APT_005447,P_01898,DOC_036,DEPT_016,2025-01-07,14:30,Scheduled,Post-Operative Follow-up,0
APT_005448,P_00380,DOC_022,DEPT_001,2024-06-27,10:15,Scheduled,Medication Adjustment,0
APT_005449,P_02086,DOC_039,DEPT_007,2024-07-08,13:45,Completed,Chronic Disease Review,48
APT_005450,P_03477,DOC_040,DEPT_027,2024-04-07,12:30,Completed,Medication Adjustment,27
APT_005451,P_01214,DOC_032,DEPT_016,2024-10-17,12:45,Completed,Diabetes Monitoring,56
APT_005452,P_00485,DOC_037,DEPT_035,2024-08-03,08:15,Completed,Diabetes Monitoring,9
APT_005453,P_01310,DOC_013,DEPT_026,2024-06-04,09:00,Cancelled,Diabetes Monitoring,0
APT_005454,P_00186,DOC_033,DEPT_002,2024-08-09,17:00,Completed,Post-Operative Follow-up,47
APT_005455,P_01248,DOC_038,DEPT_031,2024-02-17,16:00,Completed,Routine Follow-up,60
APT_005456,P_02098,DOC_005,DEPT_006,2024-06-13,12:30,No-Show,Medication Adjustment,0
APT_005457,P_03129,DOC_007,DEPT_024,2024-11-11,09:30,Completed,Routine Follow-up,30
APT_005458,P_03064,DOC_021,DEPT_019,2024-11-23,12:00,Completed,Routine Follow-up,46
APT_005459,P_01597,DOC_029,DEPT_036,2025-02-20,16:30,Completed,Routine Follow-up,57
APT_005460,P_02636,DOC_003,DEPT_036,2025-01-28,09:45,Cancelled,Diabetes Monitoring,0
APT_005461,P_02913,DOC_013,DEPT_026,2024-08-07,14:30,Completed,Respiratory Symptoms,61
APT_005462,P_01713,DOC_010,DEPT_021,2024-06-07,15:45,CANCELLED,Medication Adjustment,0
APT_005463,P_00373,DOC_023,DEPT_007,2024-10-08,08:45,Completed,Diabetes Monitoring,14
APT_005464,P_00071,DOC_016,DEPT_009,2024-05-15,14:30,Completed,Annual Health Checkup,31
APT_005465,P_01620,DOC_026,DEPT_020,2025-02-18,15:00,COMPLETED,Respiratory Symptoms,23
APT_005466,P_00155,DOC_031,DEPT_024,2024-10-31,16:15,Scheduled,Medication Adjustment,0
APT_005467,P_02905,DOC_034,DEPT_005,2024-05-07,10:00,Completed,Respiratory Symptoms,30
APT_005468,P_03287,DOC_023,DEPT_007,2024-04-01,12:45,Cancelled,Annual Health Checkup,0
APT_005469,P_01479,DOC_032,DEPT_016,2024-08-08,17:15,COMPLETED,Routine Follow-up,14
APT_005470,P_02186,DOC_005,DEPT_006,2024-07-09,17:00,Completed,Post-Operative Follow-up,35
APT_005471,P_02224,DOC_033,DEPT_002,2024-08-11,08:30,Completed,Post-Operative Follow-up,29
APT_005472,P_01675,DOC_010,DEPT_021,2024-05-08,16:00,No-Show,Chest Discomfort,0
APT_005473,P_01296,DOC_004,DEPT_005,2024-03-16,12:45,Completed,Respiratory Symptoms,52
APT_005474,P_01211,DOC_015,DEPT_038,2024-07-10,08:00,Completed,Post-Operative Follow-up,50
APT_005475,P_01447,DOC_035,DEPT_003,2024-08-01,12:45,Completed,Diabetes Monitoring,55
APT_005476,P_01928,DOC_028,DEPT_005,2024-05-19,12:15,Completed,Medication Adjustment,44
APT_005477,P_01825,DOC_013,DEPT_026,2024-11-02,11:00,Completed,Respiratory Symptoms,33
APT_005478,P_01457,DOC_002,DEPT_035,2025-02-17,12:15,Completed,Chest Discomfort,62
APT_005479,P_01089,DOC_009,DEPT_030,2024-12-28,08:30,Completed,Routine Follow-up,33
APT_005480,P_02186,DOC_033,DEPT_002,2025-02-09,17:30,Completed,Annual Health Checkup,13
APT_005481,P_03020,DOC_030,DEPT_014,2025-01-14,12:30,No-Show,Respiratory Symptoms,0
APT_005482,P_00477,DOC_006,DEPT_018,2024-05-01,10:45,Completed,Chronic Disease Review,46
APT_005483,P_00430,DOC_027,DEPT_037,2024-05-05,13:15,No-Show,Medication Adjustment,0
APT_005484,P_02709,DOC_026,DEPT_020,2024-03-31,09:15,Completed,Respiratory Symptoms,14
APT_005485,P_00139,DOC_007,DEPT_024,2024-05-09,15:00,Completed,Routine Follow-up,18
APT_005486,P_01678,DOC_029,DEPT_036,03/14/2024,14:15,Completed,Chronic Disease Review,26
APT_005487,P_01064,DOC_011,DEPT_021,2024-10-29,12:15,Completed,Post-Operative Follow-up,35
APT_005488,P_01075,DOC_011,DEPT_021,2024-12-02,15:00,Completed,Chronic Disease Review,24
APT_005489,P_00611,DOC_036,DEPT_016,2024-11-07,09:45,Completed,,29
APT_005490,P_02715,DOC_016,DEPT_009,12/26/2024,15:15,Completed,Chest Discomfort,10
APT_005491,P_01221,DOC_006,DEPT_018,2024-10-09,14:45,Completed,Routine Follow-up,23
APT_005492,P_01713,DOC_011,DEPT_021,2025-02-12,14:30,Completed,Respiratory Symptoms,58
APT_005493,P_02061,DOC_035,DEPT_003,2025-03-31,08:15,Completed,Respiratory Symptoms,9
APT_005494,P_02834,DOC_005,DEPT_006,2024-06-29,14:15,No-Show,Chest Discomfort,0
APT_005495,P_02737,DOC_037,DEPT_035,2024-02-08,10:45,Completed,Diabetes Monitoring,22
APT_005496,P_00168,DOC_002,DEPT_035,2024-01-05,09:00,Completed,Medication Adjustment,34
APT_005497,P_02500,DOC_034,DEPT_005,2024-06-29,12:45,Completed,Chronic Disease Review,11
APT_005498,P_02695,DOC_026,DEPT_020,2024-03-20,08:30,Completed,Medication Adjustment,40
APT_005499,P_03249,DOC_030,DEPT_014,2024-03-05,15:45,Completed,Chronic Disease Review,33
APT_005500,P_01720,DOC_040,DEPT_027,2024-04-06,13:00,Completed,Annual Health Checkup,19
APT_005501,P_00094,DOC_023,DEPT_007,2024-11-08,17:30,UNKNOWN_VAL,Diabetes Monitoring,54
APT_005502,P_01310,DOC_018,DEPT_039,2024-05-11,08:45,Completed,Routine Follow-up,47
APT_005503,P_01027,DOC_001,DEPT_023,2024-02-05,12:15,Completed,,8
APT_005504,P_01159,DOC_037,DEPT_035,2024-08-08,13:15,Scheduled,Diabetes Monitoring,0
APT_005505,P_01781,DOC_037,DEPT_035,2024-05-20,11:00,Completed,Diabetes Monitoring,22
APT_005506,P_01991,DOC_015,DEPT_038,2024-12-11,14:30,Completed,,33
APT_005507,P_03404,DOC_001,DEPT_023,2024-02-06,16:45,No-Show,Routine Follow-up,0
APT_005508,P_00586,DOC_005,DEPT_006,2024-10-18,14:00,Completed,Chest Discomfort,41
APT_005509,P_02205,DOC_008,DEPT_005,2024-06-03,08:15,Completed,Medication Adjustment,41
APT_005510,P_03172,DOC_017,DEPT_008,2024-04-28,17:15,completed,Post-Operative Follow-up,19
APT_005511,P_00173,DOC_032,DEPT_016,2025-03-16,13:45,Completed,Respiratory Symptoms,31
APT_005512,P_03174,DOC_024,DEPT_024,2024-11-11,15:15,Completed,Diabetes Monitoring,12
APT_005513,P_02300,DOC_039,DEPT_007,2024-06-03,09:30,SCHEDULED,Routine Follow-up,0
APT_005514,P_00511,DOC_025,DEPT_032,2024-12-28,13:15,Completed,Chronic Disease Review,33
APT_005515,P_02670,DOC_011,DEPT_021,2024-04-15,17:00,Cancelled,Annual Health Checkup,0
APT_005516,P_00505,DOC_023,DEPT_007,2024-02-22,15:15,Completed,Chronic Disease Review,64
APT_005517,P_00961,DOC_012,DEPT_014,12/18/2024,11:00,completed,Chronic Disease Review,61
APT_005518,P_02445,DOC_024,DEPT_024,2024-03-21,11:30,Completed,Routine Follow-up,24
APT_005519,P_03143,DOC_006,DEPT_018,2024-12-18,09:15,Completed,,36
APT_005520,P_02103,DOC_033,DEPT_002,2024-01-28,09:45,Completed,Routine Follow-up,15
APT_005521,P_01273,DOC_021,DEPT_019,2024-03-25,11:45,Completed,Chronic Disease Review,26
APT_005522,P_00152,DOC_032,DEPT_016,2025-04-16,11:45,Completed,Chronic Disease Review,14
APT_005523,P_02995,DOC_031,DEPT_024,2024-11-16,15:30,Cancelled,Respiratory Symptoms,0
APT_005524,P_00250,DOC_008,DEPT_005,2024-04-15,14:30,Completed,Chronic Disease Review,25
APT_005525,P_01562,DOC_012,DEPT_014,2024-12-01,10:00,Completed,Annual Health Checkup,38
APT_005526,P_01133,DOC_028,DEPT_005,03/25/2025,10:45,Completed,Chronic Disease Review,55
APT_005527,P_00439,DOC_028,DEPT_005,2024-10-17,13:15,Completed,Respiratory Symptoms,10
APT_005528,P_01037,DOC_017,DEPT_008,2024-04-03,14:45,Completed,Medication Adjustment,43
APT_005529,P_00551,DOC_021,DEPT_019,2024-09-29,11:45,Completed,Routine Follow-up,29
APT_005530,P_01425,DOC_007,DEPT_024,2024-05-30,14:45,Completed,Diabetes Monitoring,31
APT_005531,P_02983,DOC_024,DEPT_024,2024-08-21,11:45,Completed,Chest Discomfort,25
APT_005532,P_02647,DOC_021,DEPT_019,05/09/2024,15:15,Completed,Respiratory Symptoms,25
APT_005533,P_03027,DOC_031,DEPT_024,2024-03-12,09:45,Cancelled,Diabetes Monitoring,0
APT_005534,P_01553,DOC_028,DEPT_005,2024-12-03,08:30,Scheduled,Diabetes Monitoring,0
APT_005535,P_00724,DOC_007,DEPT_024,2024-02-15,14:45,No-Show,Respiratory Symptoms,0
APT_005536,P_02975,DOC_014,DEPT_009,2024-05-04,15:45,Completed,Annual Health Checkup,55
APT_005537,P_02440,DOC_012,DEPT_014,2024-11-07,12:30,Completed,Diabetes Monitoring,42
APT_005538,P_03360,DOC_022,DEPT_001,2024-05-30,11:15,Completed,Annual Health Checkup,10
APT_005539,P_03296,DOC_023,DEPT_007,2024-11-09,12:00,Completed,Chronic Disease Review,61
APT_005540,P_00640,DOC_036,DEPT_016,2024-08-08,15:30,Completed,Respiratory Symptoms,20
APT_005541,P_00171,DOC_038,DEPT_031,2024-03-03,13:30,Completed,Annual Health Checkup,11
APT_005542,P_02578,DOC_036,DEPT_016,2025-03-25,14:15,Completed,Routine Follow-up,65
APT_005543,P_00840,DOC_034,DEPT_005,2024-12-04,08:30,Completed,Post-Operative Follow-up,29
APT_005544,P_00316,DOC_005,DEPT_006,2025-04-24,11:30,Completed,Medication Adjustment,43
APT_005545,P_03050,DOC_027,DEPT_037,2024-03-02,16:00,Scheduled,Medication Adjustment,0
APT_005546,P_00777,DOC_037,DEPT_035,2024-10-24,16:00,Cancelled,Chronic Disease Review,0
APT_005547,P_01404,DOC_037,DEPT_035,2024-11-02,10:00,Completed,Medication Adjustment,36
APT_005548,P_01673,DOC_020,DEPT_008,2024-01-01,11:15,Completed,Diabetes Monitoring,18
APT_005549,P_01413,DOC_035,DEPT_003,2024-05-14,16:15,Completed,,12
APT_005550,P_03245,DOC_005,DEPT_006,2024-10-05,08:15,Completed,,55
APT_005551,P_02197,DOC_001,DEPT_023,2024-04-28,11:00,Completed,Diabetes Monitoring,57
APT_005552,P_01447,DOC_023,DEPT_007,2025-02-01,16:30,Completed,Respiratory Symptoms,25
APT_005553,P_01566,DOC_002,DEPT_035,2024-07-19,15:00,Scheduled,Annual Health Checkup,0
APT_005554,P_00691,DOC_033,DEPT_002,2024-10-10,11:45,No-Show,Annual Health Checkup,0
APT_005555,P_01763,DOC_008,DEPT_005,2024-08-01,08:15,Completed,Chronic Disease Review,43
APT_005556,P_03328,DOC_037,DEPT_035,2024-08-16,14:00,Completed,Post-Operative Follow-up,56
APT_005557,P_02845,DOC_002,DEPT_035,2024-10-28,08:45,Completed,Post-Operative Follow-up,46
APT_005558,P_01453,DOC_013,DEPT_026,2025-03-14,15:45,Completed,Annual Health Checkup,34
APT_005559,P_01438,DOC_013,DEPT_026,2024-07-04,10:00,Completed,Chronic Disease Review,31
APT_005560,P_02384,DOC_011,DEPT_021,2024-05-10,08:45,Completed,Post-Operative Follow-up,57
APT_005561,P_01362,DOC_037,DEPT_035,2024-03-11,14:30,Completed,Post-Operative Follow-up,50
APT_005562,P_02630,DOC_028,DEPT_005,09/09/2024,09:15,Completed,Routine Follow-up,11
APT_005563,P_03231,DOC_005,DEPT_006,2025-03-24,12:45,Completed,Diabetes Monitoring,22
APT_005564,P_03340,DOC_021,DEPT_019,2024-02-13,14:00,No-Show,,0
APT_005565,P_00564,DOC_006,DEPT_018,2024-08-24,10:45,Completed,Annual Health Checkup,33
APT_005566,P_00923,DOC_012,DEPT_014,2024-04-05,12:15,Completed,Routine Follow-up,59
APT_005567,P_01937,DOC_010,DEPT_021,2025-04-17,10:15,Completed,,31
APT_005568,P_00927,DOC_002,DEPT_035,2024-09-22,15:00,Completed,Medication Adjustment,41
APT_005569,P_02897,DOC_018,DEPT_039,2024-03-21,08:00,Completed,Post-Operative Follow-up,43
APT_005570,P_03052,DOC_011,DEPT_021,2025-01-24,10:15,Completed,Diabetes Monitoring,34
APT_005571,P_03389,DOC_022,DEPT_001,2025-04-23,09:15,Completed,Medication Adjustment,49
APT_005572,P_02517,DOC_034,DEPT_005,2024-08-04,17:15,No-Show,Post-Operative Follow-up,0
APT_005573,P_01644,DOC_020,DEPT_008,2024-12-12,08:30,Completed,Medication Adjustment,29
APT_005574,P_00952,DOC_017,DEPT_008,2024-03-29,11:00,Completed,Chest Discomfort,38
APT_005575,P_01491,DOC_030,DEPT_014,2024-12-02,13:30,Cancelled,Medication Adjustment,0
APT_005576,P_02629,DOC_011,DEPT_021,2024-12-03,15:15,Completed,Diabetes Monitoring,23
APT_005577,P_00753,DOC_013,DEPT_026,2024-12-25,13:15,Completed,Medication Adjustment,51
APT_005578,P_01987,DOC_022,DEPT_001,2025-01-22,09:15,Completed,Post-Operative Follow-up,31
APT_005579,P_02893,DOC_012,DEPT_014,2024-12-10,15:15,Completed,Respiratory Symptoms,35
APT_005580,P_00601,DOC_007,DEPT_024,2024-11-09,13:30,Cancelled,Respiratory Symptoms,0
APT_005581,P_03133,DOC_009,DEPT_030,2024-02-13,08:30,Completed,Chronic Disease Review,51
APT_005582,P_00973,DOC_014,DEPT_009,2024-12-04,16:15,Completed,Respiratory Symptoms,43
APT_005583,P_02561,DOC_014,DEPT_009,2024-10-07,08:15,Completed,Diabetes Monitoring,26
APT_005584,P_00115,DOC_039,DEPT_007,2024-04-24,17:00,Completed,Annual Health Checkup,14
APT_005585,P_02006,DOC_014,DEPT_009,2025-04-07,09:00,  Completed  ,,20
APT_005586,P_01270,DOC_024,DEPT_024,05/10/2024,08:15,Completed,Chest Discomfort,16
APT_005587,P_01875,DOC_036,DEPT_016,2024-04-03,12:30,Completed,Diabetes Monitoring,39
APT_005588,P_03470,DOC_029,DEPT_036,2024-04-02,09:15,Completed,Chest Discomfort,57
APT_005589,P_00497,DOC_001,DEPT_023,2024-12-12,12:30,Completed,Post-Operative Follow-up,56
APT_005590,P_03216,DOC_040,DEPT_027,2024-08-31,13:15,Scheduled,Medication Adjustment,0
APT_005591,P_00861,DOC_021,DEPT_019,2024-06-23,14:45,UNKNOWN_VAL,Respiratory Symptoms,57
APT_005592,P_03019,DOC_028,DEPT_005,2024-08-16,10:00,Completed,Medication Adjustment,65
APT_005593,P_01340,DOC_034,DEPT_005,2024-12-05,09:45,Completed,Chest Discomfort,19
APT_005594,P_00449,DOC_010,DEPT_021,2025-02-24,11:00,Completed,Diabetes Monitoring,63
APT_005595,P_00989,DOC_005,DEPT_006,2025-04-06,14:30,Completed,Routine Follow-up,59
APT_005596,P_00659,DOC_016,DEPT_009,2024-03-17,09:00,Completed,Diabetes Monitoring,34
APT_005597,P_01959,DOC_036,DEPT_016,2024-10-26,13:15,Scheduled,Medication Adjustment,0
APT_005598,P_00702,DOC_029,DEPT_036,2024-04-19,09:45,Completed,Post-Operative Follow-up,30
APT_005599,P_03417,DOC_012,DEPT_014,2024-03-07,10:15,Completed,Annual Health Checkup,35
APT_005600,P_00044,DOC_005,DEPT_006,2025-01-23,10:30,Completed,Annual Health Checkup,12
APT_005601,P_00577,DOC_029,DEPT_036,09/19/2024,15:00,Scheduled,Medication Adjustment,0
APT_005602,P_01444,DOC_034,DEPT_005,2024-09-08,08:30,Completed,Respiratory Symptoms,45
APT_005603,P_01439,DOC_031,DEPT_024,2025-02-24,14:15,Completed,Diabetes Monitoring,48
APT_005604,P_00490,DOC_003,DEPT_036,2025-01-12,11:30,  Cancelled  ,Medication Adjustment,0
APT_005605,P_03386,DOC_008,DEPT_005,06-04-2025,11:00,Completed,Chest Discomfort,15
APT_005606,P_00027,DOC_002,DEPT_035,2025-02-27,08:30,Completed,Post-Operative Follow-up,65
APT_005607,P_01167,DOC_015,DEPT_038,2024-08-19,08:00,  Completed  ,Routine Follow-up,35
APT_005608,P_00547,DOC_020,DEPT_008,2024-02-22,12:00,Completed,Routine Follow-up,43
APT_005609,P_02243,DOC_023,DEPT_007,2024-07-10,13:15,Cancelled,Medication Adjustment,0
APT_005610,P_01989,DOC_036,DEPT_016,2025-01-28,16:45,Completed,Medication Adjustment,56
APT_005611,P_02734,DOC_033,DEPT_002,2024-10-30,16:15,Completed,Medication Adjustment,30
APT_005612,P_01945,DOC_024,DEPT_024,2024-09-12,16:45,Cancelled,Respiratory Symptoms,0
APT_005613,P_01544,DOC_027,DEPT_037,2024-08-06,11:00,Completed,Respiratory Symptoms,8
APT_005614,P_00939,DOC_039,DEPT_007,2025-04-14,17:15,Completed,Chronic Disease Review,34
APT_005615,P_02340,DOC_035,DEPT_003,2024-03-25,09:30,Completed,Chest Discomfort,63
APT_005616,P_00847,DOC_029,DEPT_036,2024-09-14,09:30,No-Show,Annual Health Checkup,0
APT_005617,P_02593,DOC_037,DEPT_035,2024-09-30,08:15,Completed,Respiratory Symptoms,62
APT_005618,P_01366,DOC_031,DEPT_024,2024-05-25,11:45,Scheduled,Diabetes Monitoring,0
APT_005619,P_01231,DOC_004,DEPT_005,2024-11-02,14:45,Completed,Diabetes Monitoring,20
APT_005620,P_01061,DOC_027,DEPT_037,2024-01-12,10:15,Cancelled,Respiratory Symptoms,0
APT_005621,P_02277,DOC_034,DEPT_005,2024-06-11,10:00,Completed,Medication Adjustment,18
APT_005622,P_00573,DOC_027,DEPT_037,2024-11-30,09:45,COMPLETED,Post-Operative Follow-up,46
APT_005623,P_01833,DOC_020,DEPT_008,2024-12-10,11:45,Completed,Medication Adjustment,54
APT_005624,P_02314,DOC_036,DEPT_016,2025-04-07,10:00,Completed,Chronic Disease Review,48
APT_005625,P_00167,DOC_036,DEPT_016,2024-09-18,14:45,scheduled,Chest Discomfort,0
APT_005626,P_00577,DOC_015,DEPT_038,2025-03-29,17:45,Scheduled,Routine Follow-up,0
APT_005627,P_01802,DOC_011,DEPT_021,2024-04-11,09:45,  Scheduled  ,Chronic Disease Review,0
APT_005628,P_00718,DOC_023,DEPT_007,2024-01-08,14:45,Completed,Chronic Disease Review,64
APT_005629,P_00212,DOC_025,DEPT_032,2024-04-18,09:15,completed,Respiratory Symptoms,35
APT_005630,P_01021,DOC_031,DEPT_024,2025-04-16,15:30,Scheduled,Chronic Disease Review,0
APT_005631,P_01419,DOC_028,DEPT_005,2024-10-23,09:45,Completed,Medication Adjustment,64
APT_005632,P_03318,DOC_002,DEPT_035,2024-12-31,15:45,Scheduled,Medication Adjustment,0
APT_005633,P_03333,DOC_036,DEPT_016,10/08/2024,09:30,Completed,Medication Adjustment,50
APT_005634,P_02122,DOC_036,DEPT_016,2024-10-21,14:30,Completed,Chest Discomfort,39
APT_005635,P_00394,DOC_013,DEPT_026,2024-07-06,09:45,Completed,Diabetes Monitoring,54
APT_005636,P_03201,DOC_018,DEPT_039,2025-02-12,14:15,Completed,Annual Health Checkup,29
APT_005637,P_00468,DOC_002,DEPT_035,2024-05-01,11:45,No-Show,Diabetes Monitoring,0
APT_005638,P_01442,DOC_039,DEPT_007,2024-05-25,17:45,Completed,Medication Adjustment,48
APT_005639,P_00545,DOC_002,DEPT_035,2024-01-01,12:15,completed,Respiratory Symptoms,47
APT_005640,P_00472,DOC_013,DEPT_026,2025-03-19,16:30,Completed,Post-Operative Follow-up,65
APT_005641,P_01435,DOC_022,DEPT_001,2025-02-02,15:00,Completed,Annual Health Checkup,51
APT_005642,P_02668,DOC_021,DEPT_019,2024-05-12,13:30,Scheduled,Annual Health Checkup,0
APT_005643,P_00226,DOC_027,DEPT_037,2024-11-05,16:15,Completed,Post-Operative Follow-up,11
APT_005644,P_02087,DOC_008,DEPT_005,2024-04-12,17:15,Scheduled,Respiratory Symptoms,0
APT_005645,P_03487,DOC_019,DEPT_039,2025-03-06,13:00,Cancelled,Respiratory Symptoms,0
APT_005646,P_00623,DOC_035,DEPT_003,12/11/2024,17:30,Completed,Diabetes Monitoring,41
APT_005647,P_02697,DOC_010,DEPT_021,2024-12-16,11:30,Completed,Diabetes Monitoring,46
APT_005648,P_03328,DOC_006,DEPT_018,2024-10-05,08:15,Completed,Respiratory Symptoms,42
APT_005649,P_00930,DOC_035,DEPT_003,2025-02-26,14:00,Completed,Chest Discomfort,57
APT_005650,P_01782,DOC_020,DEPT_008,2024-06-11,11:30,Completed,Annual Health Checkup,23
APT_005651,P_01316,DOC_034,DEPT_005,2024-07-29,09:30,Completed,Medication Adjustment,36
APT_005652,P_01289,DOC_003,DEPT_036,2025-03-17,15:00,Completed,Routine Follow-up,26
APT_005653,P_02142,DOC_030,DEPT_014,2024-04-27,09:45,Completed,Annual Health Checkup,54
APT_005654,P_00799,DOC_038,DEPT_031,2024-05-15,16:15,Completed,Chest Discomfort,47
APT_005655,P_01557,DOC_009,DEPT_030,2024-12-07,17:15,Completed,Routine Follow-up,61
APT_005656,P_02089,DOC_017,DEPT_008,2024-11-26,14:45,Completed,Annual Health Checkup,33
APT_005657,P_01198,DOC_030,DEPT_014,28-01-2025,12:30,Completed,Diabetes Monitoring,51
APT_005658,P_01652,DOC_027,DEPT_037,2025-01-24,16:30,Completed,Routine Follow-up,57
APT_005659,P_02551,DOC_001,DEPT_023,2024-06-10,08:30,No-Show,Respiratory Symptoms,0
APT_005660,P_00554,DOC_006,DEPT_018,2025-02-04,16:00,No-Show,Chronic Disease Review,0
APT_005661,P_02575,DOC_024,DEPT_024,30-07-2024,11:00,Completed,Medication Adjustment,57
APT_005662,P_01665,DOC_040,DEPT_027,2024-09-25,11:00,completed,Chest Discomfort,40
APT_005663,P_00876,DOC_016,DEPT_009,2024/11/21 00:00:00,10:30,Completed,Chest Discomfort,11
APT_005664,P_00111,DOC_024,DEPT_024,2024-05-08,12:30,Completed,Annual Health Checkup,42
APT_005665,P_01065,DOC_023,DEPT_007,2024-04-12,12:15,Completed,Medication Adjustment,13
APT_005666,P_01176,DOC_002,DEPT_035,2025-02-06,08:15,No-Show,Respiratory Symptoms,0
APT_005667,P_00263,DOC_036,DEPT_016,2024-06-20,15:30,Completed,Post-Operative Follow-up,22
APT_005668,P_01440,DOC_019,DEPT_039,2024-04-17,16:15,completed,Respiratory Symptoms,35
APT_005669,P_02076,DOC_005,DEPT_006,2024-01-26,14:00,Completed,Post-Operative Follow-up,41
APT_005670,P_01653,DOC_040,DEPT_027,2024-06-29,14:00,Scheduled,Medication Adjustment,0
APT_005671,P_01164,DOC_003,DEPT_036,2024-12-07,09:45,Scheduled,Chronic Disease Review,0
APT_005672,P_00761,DOC_026,DEPT_020,2024-08-06,14:45,Completed,Chronic Disease Review,28
APT_005673,P_00386,DOC_025,DEPT_032,2025-01-16,12:00,Completed,Respiratory Symptoms,25
APT_005674,P_02624,DOC_036,DEPT_016,2024-07-30,15:00,Completed,Routine Follow-up,25
APT_005675,P_00171,DOC_013,DEPT_026,2025-01-07,09:30,Completed,Respiratory Symptoms,14
APT_005676,P_02913,DOC_025,DEPT_032,2024-06-15,12:45,Completed,Chest Discomfort,42
APT_005677,P_01606,DOC_036,DEPT_016,2024-09-22,13:15,Completed,Chronic Disease Review,63
APT_005678,P_01231,DOC_033,DEPT_002,2025-04-17,10:00,Completed,Chest Discomfort,16
APT_005679,P_02859,DOC_008,DEPT_005,2024-02-18,11:15,Completed,Annual Health Checkup,22
APT_005680,P_02394,DOC_031,DEPT_024,2024-01-10,08:00,Completed,Respiratory Symptoms,49
APT_005681,P_03075,DOC_010,DEPT_021,2024-08-12,12:30,Completed,Diabetes Monitoring,61
APT_005682,P_01234,DOC_003,DEPT_036,2024-07-07,10:15,Completed,Chest Discomfort,53
APT_005683,P_01611,DOC_018,DEPT_039,2024-09-01,09:45,No-Show,Diabetes Monitoring,0
APT_005684,P_02389,DOC_008,DEPT_005,2024-10-06,13:00,No-Show,Medication Adjustment,0
APT_005685,P_02899,DOC_007,DEPT_024,2025-02-14,15:45,  Cancelled  ,Annual Health Checkup,0
APT_005686,P_01428,DOC_003,DEPT_036,2024-11-25,17:00,Completed,Respiratory Symptoms,44
APT_005687,P_00110,DOC_015,DEPT_038,2024-07-03,16:30,Completed,Respiratory Symptoms,24
APT_005688,P_02945,DOC_035,DEPT_003,2024-09-14,12:45,Cancelled,Annual Health Checkup,0
APT_005689,P_01006,DOC_027,DEPT_037,2024-10-15,13:00,Completed,Routine Follow-up,17
APT_005690,P_02917,DOC_003,DEPT_036,2025-03-27,17:30,Completed,Medication Adjustment,51
APT_005691,P_03036,DOC_018,DEPT_039,2024-07-11,13:00,Completed,Respiratory Symptoms,21
APT_005692,P_01309,DOC_006,DEPT_018,2025-02-23,14:30,completed,Diabetes Monitoring,65
APT_005693,P_00675,DOC_017,DEPT_008,2024-12-27,15:00,Completed,Medication Adjustment,55
APT_005694,P_03102,DOC_023,DEPT_007,2024-05-26,12:00,Completed,,14
APT_005695,P_01106,DOC_009,DEPT_030,2024-02-29,10:00,Scheduled,Routine Follow-up,0
APT_005696,P_01542,DOC_021,DEPT_019,2024-12-05,16:45,Scheduled,Medication Adjustment,0
APT_005697,P_01498,DOC_005,DEPT_006,2024-12-12,12:30,COMPLETED,Medication Adjustment,25
APT_005698,P_01095,DOC_023,DEPT_007,2024-06-15,12:15,Cancelled,Routine Follow-up,0
APT_005699,P_02545,DOC_016,DEPT_009,2025-01-15,14:15,Scheduled,Annual Health Checkup,0
APT_005700,P_02477,DOC_011,DEPT_021,2024-12-14,10:15,Completed,Post-Operative Follow-up,57
APT_005701,P_00623,DOC_016,DEPT_009,2025-04-01,13:15,Scheduled,Annual Health Checkup,0
APT_005702,P_01813,DOC_004,DEPT_005,2024/09/12 00:00:00,13:30,Completed,Annual Health Checkup,33
APT_005703,P_01352,DOC_024,DEPT_024,2024-11-07,12:00,Completed,Routine Follow-up,8
APT_005704,P_00438,DOC_021,DEPT_019,2024-08-28,11:45,Completed,Annual Health Checkup,61
APT_005705,P_03375,DOC_033,DEPT_002,2025-02-20,11:15,  Scheduled  ,Medication Adjustment,0
APT_005706,P_01164,DOC_037,DEPT_035,2025-01-25,16:15,Completed,Diabetes Monitoring,34
APT_005707,P_00679,DOC_025,DEPT_032,2024-06-29,10:30,Completed,Chest Discomfort,22
APT_005708,P_02388,DOC_034,DEPT_005,2024-09-04,09:30,Completed,Chest Discomfort,47
APT_005709,P_02300,DOC_019,DEPT_039,2024-10-31,15:00,Scheduled,Medication Adjustment,0
APT_005710,P_00650,DOC_011,DEPT_021,2024-01-19,08:00,Completed,Diabetes Monitoring,56
APT_005711,P_02936,DOC_005,DEPT_006,2025-03-21,13:30,Completed,Diabetes Monitoring,53
APT_005712,P_02041,DOC_032,DEPT_016,03/30/2025,11:30,Cancelled,Routine Follow-up,0
APT_005713,P_01730,DOC_028,DEPT_005,2024-02-20,16:45,Completed,Chronic Disease Review,59
APT_005714,P_00398,DOC_009,DEPT_030,2025-02-06,14:00,Scheduled,Routine Follow-up,0
APT_005715,P_00283,DOC_013,DEPT_026,2024-02-01,17:30,Completed,Post-Operative Follow-up,29
APT_005716,P_01955,DOC_003,DEPT_036,2024-09-26,15:30,Completed,Respiratory Symptoms,61
APT_005717,P_03310,DOC_016,DEPT_009,2025-03-01,17:30,Completed,Medication Adjustment,37
APT_005718,P_02807,DOC_015,DEPT_038,2024-06-21,14:00,Completed,Medication Adjustment,29
APT_005719,P_01181,DOC_029,DEPT_036,11/08/2024,16:45,No-Show,,0
APT_005720,P_00009,DOC_007,DEPT_024,2024-09-03,17:15,Completed,Diabetes Monitoring,29
APT_005721,P_01047,DOC_001,DEPT_023,2025-03-21,08:45,Scheduled,Diabetes Monitoring,0
APT_005722,P_00689,DOC_028,DEPT_005,2025-03-06,16:00,Completed,Medication Adjustment,39
APT_005723,P_02994,DOC_037,DEPT_035,2025-04-05,09:00,UNKNOWN_VAL,Annual Health Checkup,55
APT_005724,P_01176,DOC_012,DEPT_014,2024-04-29,08:30,Scheduled,Annual Health Checkup,0
APT_005725,P_02351,DOC_002,DEPT_035,2024-06-28,08:30,Completed,Routine Follow-up,53
APT_005726,P_03377,DOC_030,DEPT_014,2025-04-11,17:30,Completed,Post-Operative Follow-up,11
APT_005727,P_01681,DOC_025,DEPT_032,2024-02-23,16:45,Completed,Post-Operative Follow-up,10
APT_005728,P_03141,DOC_011,DEPT_021,2025-01-31,13:45,Completed,Routine Follow-up,12
APT_005729,P_00578,DOC_031,DEPT_024,2024-06-04,17:45,Completed,Routine Follow-up,10
APT_005730,P_01005,DOC_014,DEPT_009,2024-11-28,14:15,Completed,Chest Discomfort,60
APT_005731,P_02319,DOC_034,DEPT_005,2024-10-14,08:15,Completed,Post-Operative Follow-up,17
APT_005732,P_00174,DOC_034,DEPT_005,2024-03-14,14:30,Completed,Chronic Disease Review,24
APT_005733,P_03428,DOC_020,DEPT_008,2024-01-13,13:00,Scheduled,Annual Health Checkup,0
APT_005734,P_02125,DOC_023,DEPT_007,2025-04-01,08:00,Completed,Medication Adjustment,47
APT_005735,P_02096,DOC_022,DEPT_001,2025-03-07,08:15,Completed,Chronic Disease Review,59
APT_005736,P_03179,DOC_030,DEPT_014,2024-01-08,16:00,Completed,Chronic Disease Review,57
APT_005737,P_03433,DOC_032,DEPT_016,2024-01-23,11:45,Completed,Annual Health Checkup,18
APT_005738,P_01681,DOC_012,DEPT_014,2024-12-19,17:00,Cancelled,Chest Discomfort,0
APT_005739,P_00888,DOC_025,DEPT_032,2024-02-18,15:00,Cancelled,Medication Adjustment,0
APT_005740,P_02127,DOC_012,DEPT_014,2024-01-03,15:00,Completed,Chest Discomfort,29
APT_005741,P_03243,DOC_011,DEPT_021,2025-02-15,08:45,Completed,Respiratory Symptoms,64
APT_005742,P_01416,DOC_036,DEPT_016,2025-01-27,17:15,Completed,Diabetes Monitoring,29
APT_005743,P_01769,DOC_002,DEPT_035,2024-12-04,12:15,Completed,Diabetes Monitoring,50
APT_005744,P_01527,DOC_033,DEPT_002,2024-07-11,11:45,Scheduled,Annual Health Checkup,0
APT_005745,P_00653,DOC_023,DEPT_007,2024-07-06,17:30,Completed,Routine Follow-up,26
APT_005746,P_01342,DOC_036,DEPT_016,2024-02-04,09:30,Completed,Routine Follow-up,48
APT_005747,P_00191,DOC_018,DEPT_039,2024-11-17,09:15,completed,Diabetes Monitoring,62
APT_005748,P_01586,DOC_030,DEPT_014,2025-01-31,11:00,completed,Medication Adjustment,19
APT_005749,P_02262,DOC_039,DEPT_007,2024-09-15,09:45,Completed,Respiratory Symptoms,54
APT_005750,P_02534,DOC_028,DEPT_005,2025-04-03,15:45,Completed,Chronic Disease Review,18
APT_005751,P_01167,DOC_021,DEPT_019,2024-01-19,16:00,Completed,Annual Health Checkup,45
APT_005752,P_01385,DOC_036,DEPT_016,2024-11-13,11:00,Completed,Post-Operative Follow-up,53
APT_005753,P_01557,DOC_022,DEPT_001,2024-01-12,09:15,Completed,Routine Follow-up,32
APT_005754,P_03396,DOC_008,DEPT_005,2024-03-11,14:00,Cancelled,Diabetes Monitoring,0
APT_005755,P_03214,DOC_019,DEPT_039,2024-07-02,16:45,COMPLETED,Diabetes Monitoring,40
APT_005756,P_02801,DOC_009,DEPT_030,2024-01-24,08:30,Completed,Chronic Disease Review,26
APT_005757,P_00233,DOC_021,DEPT_019,2025-02-12,09:15,Cancelled,Medication Adjustment,0
APT_005758,P_00151,DOC_018,DEPT_039,2024-09-07,08:00,Completed,Routine Follow-up,20
APT_005759,P_02296,DOC_010,DEPT_021,2024-12-31,15:15,Completed,,63
APT_005760,P_03105,DOC_005,DEPT_006,2024-06-06,14:30,Completed,Respiratory Symptoms,59
APT_005761,P_02490,DOC_014,DEPT_009,2024-03-06,12:30,Completed,Respiratory Symptoms,46
APT_005762,P_00409,DOC_015,DEPT_038,2024-10-31,13:15,No-Show,Diabetes Monitoring,0
APT_005763,P_01428,DOC_024,DEPT_024,2025-04-10,13:45,Completed,Respiratory Symptoms,23
APT_005764,P_01827,DOC_008,DEPT_005,2024-02-29,16:15,Completed,Chest Discomfort,38
APT_005765,P_02246,DOC_002,DEPT_035,2024-03-02,12:15,UNKNOWN_VAL,Post-Operative Follow-up,27
APT_005766,P_01570,DOC_001,DEPT_023,2024-11-11,13:00,Completed,Medication Adjustment,52
APT_005767,P_00329,DOC_006,DEPT_018,2024-03-06,16:30,Scheduled,Chest Discomfort,0
APT_005768,P_02587,DOC_027,DEPT_037,2025-03-13,10:45,Completed,Chronic Disease Review,16
APT_005769,P_01996,DOC_040,DEPT_027,2024-02-01,08:15,Completed,Routine Follow-up,64
APT_005770,P_00091,DOC_033,DEPT_002,2024-03-04,15:45,Completed,Annual Health Checkup,53
APT_005771,P_00305,DOC_033,DEPT_002,2025-01-29,17:15,Scheduled,Post-Operative Follow-up,0
APT_005772,P_02808,DOC_028,DEPT_005,2025-01-26,13:00,  Completed  ,Respiratory Symptoms,10
APT_005773,P_00895,DOC_021,DEPT_019,2024-06-03,12:15,Completed,Chest Discomfort,42
APT_005774,P_01062,DOC_037,DEPT_035,2024-04-23,16:30,Completed,Chronic Disease Review,63
APT_005775,P_00108,DOC_035,DEPT_003,2025-01-04,09:45,Completed,Respiratory Symptoms,43
APT_005776,P_00191,DOC_033,DEPT_002,2025-02-18,17:15,Scheduled,Chronic Disease Review,0
APT_005777,P_02905,DOC_039,DEPT_007,2024-11-15,09:00,UNKNOWN_VAL,Medication Adjustment,32
APT_005778,P_01433,DOC_029,DEPT_036,2025-01-25,16:30,Completed,Diabetes Monitoring,59
APT_005779,P_03304,DOC_034,DEPT_005,2025-04-04,11:00,Completed,Medication Adjustment,46
APT_005780,P_02648,DOC_018,DEPT_039,2024-01-13,09:15,Completed,Respiratory Symptoms,58
APT_005781,P_00386,DOC_007,DEPT_024,2024-05-25,13:00,Scheduled,Routine Follow-up,0
APT_005782,P_02314,DOC_008,DEPT_005,2024-11-15,15:15,Cancelled,Chronic Disease Review,0
APT_005783,P_00928,DOC_022,DEPT_001,2025-04-01,15:15,Completed,Annual Health Checkup,22
APT_005784,P_01893,DOC_037,DEPT_035,2024-09-08,08:30,Scheduled,Routine Follow-up,0
APT_005785,P_00798,DOC_034,DEPT_005,2024-08-29,16:15,Completed,Routine Follow-up,50
APT_005786,P_02234,DOC_018,DEPT_039,2024-12-08,13:15,Completed,Diabetes Monitoring,18
APT_005787,P_03160,DOC_039,DEPT_007,2024-06-25,17:45,Completed,,46
APT_005788,P_00704,DOC_004,DEPT_005,2024-09-04,13:00,Completed,Respiratory Symptoms,55
APT_005789,P_00849,DOC_017,DEPT_008,2025-01-08,09:00,Completed,Diabetes Monitoring,13
APT_005790,P_00956,DOC_013,DEPT_026,2024-03-02,12:30,Scheduled,Annual Health Checkup,0
APT_005791,P_02267,DOC_025,DEPT_032,2024-01-21,08:15,UNKNOWN_VAL,Respiratory Symptoms,25
APT_005792,P_00238,DOC_020,DEPT_008,2024-03-10,11:00,Scheduled,Chest Discomfort,0
APT_005793,P_01586,DOC_007,DEPT_024,2024-02-28,17:00,Scheduled,Chronic Disease Review,0
APT_005794,P_03472,DOC_033,DEPT_002,2024-11-22,11:00,Completed,Post-Operative Follow-up,56
APT_005795,P_00110,DOC_038,DEPT_031,2024-01-05,12:45,Completed,,14
APT_005796,P_00389,DOC_020,DEPT_008,2024-03-22,11:45,Completed,Chronic Disease Review,11
APT_005797,P_01614,DOC_002,DEPT_035,2025-02-27,17:30,Completed,Chronic Disease Review,39
APT_005798,P_03392,DOC_037,DEPT_035,2025-01-08,17:15,COMPLETED,Medication Adjustment,62
APT_005799,P_01022,DOC_002,DEPT_035,2025-02-08,16:30,No-Show,Chronic Disease Review,0
APT_005800,P_01104,DOC_029,DEPT_036,2025-04-10,15:15,Completed,Annual Health Checkup,37
APT_005801,P_00607,DOC_034,DEPT_005,2024-04-30,12:15,Completed,Medication Adjustment,47
APT_005802,P_01769,DOC_038,DEPT_031,2024-10-31,09:30,Completed,Annual Health Checkup,26
APT_005803,P_01347,DOC_033,DEPT_002,2024-09-17,11:45,COMPLETED,Diabetes Monitoring,32
APT_005804,P_00306,DOC_022,DEPT_001,2024-08-17,12:15,Completed,Diabetes Monitoring,43
APT_005805,P_01861,DOC_023,DEPT_007,2024-06-26,16:00,Completed,Annual Health Checkup,54
APT_005806,P_02281,DOC_036,DEPT_016,2024-02-13,14:00,Completed,,11
APT_005807,P_00151,DOC_036,DEPT_016,2024-11-15,12:00,Completed,Chest Discomfort,54
APT_005808,P_02703,DOC_025,DEPT_032,2024-05-13,11:30,Completed,,65
APT_005809,P_02401,DOC_039,DEPT_007,2024-02-29,14:15,Cancelled,Annual Health Checkup,0
APT_005810,P_02952,DOC_028,DEPT_005,2025-03-13,17:45,  Scheduled  ,,0
APT_005811,P_03019,DOC_019,DEPT_039,2025-03-28,08:15,No-Show,Annual Health Checkup,0
APT_005812,P_02530,DOC_035,DEPT_003,2024-02-16,14:45,Completed,Medication Adjustment,50
APT_005813,P_00743,DOC_017,DEPT_008,2025-01-27,16:30,COMPLETED,Medication Adjustment,16
APT_005814,P_03445,DOC_021,DEPT_019,2024-06-13,13:15,Cancelled,Routine Follow-up,0
APT_005815,P_00577,DOC_036,DEPT_016,2024-04-27,09:00,Completed,Medication Adjustment,23
APT_005816,P_00886,DOC_030,DEPT_014,2025-04-10,14:30,Completed,Annual Health Checkup,53
APT_005817,P_01031,DOC_036,DEPT_016,2024-07-21,12:00,Completed,Routine Follow-up,20
APT_005818,P_02466,DOC_017,DEPT_008,2024-07-06,13:45,Completed,Chronic Disease Review,17
APT_005819,P_02416,DOC_010,DEPT_021,2024-04-11,16:15,Completed,Routine Follow-up,45
APT_005820,P_03358,DOC_033,DEPT_002,2024-01-19,11:30,Completed,Respiratory Symptoms,50
APT_005821,P_01007,DOC_008,DEPT_005,2024-04-10,15:30,Completed,Diabetes Monitoring,54
APT_005822,P_02331,DOC_031,DEPT_024,2025-03-14,16:15,Completed,Medication Adjustment,47
APT_005823,P_02842,DOC_019,DEPT_039,2024-11-19,16:45,Cancelled,Post-Operative Follow-up,0
APT_005824,P_01358,DOC_028,DEPT_005,2024-05-26,12:00,Completed,Medication Adjustment,29
APT_005825,P_03139,DOC_014,DEPT_009,2024-02-22,13:00,Completed,Post-Operative Follow-up,53
APT_005826,P_02275,DOC_029,DEPT_036,2024-02-24,17:30,Completed,Chest Discomfort,54
APT_005827,P_02444,DOC_036,DEPT_016,2024-08-15,13:15,Completed,Routine Follow-up,52
APT_005828,P_00735,DOC_005,DEPT_006,2025-03-24,13:00,Completed,Diabetes Monitoring,37
APT_005829,P_02332,DOC_007,DEPT_024,2024-12-27,17:45,Completed,Respiratory Symptoms,62
APT_005830,P_02289,DOC_027,DEPT_037,2024-01-02,15:45,Completed,Diabetes Monitoring,22
APT_005831,P_01209,DOC_020,DEPT_008,2024-08-06,12:45,Scheduled,Chest Discomfort,0
APT_005832,P_00425,DOC_028,DEPT_005,2024-04-02,12:15,Completed,Post-Operative Follow-up,42
APT_005833,P_00608,DOC_035,DEPT_003,2024-02-26,08:30,Completed,Chronic Disease Review,33
APT_005834,P_01317,DOC_018,DEPT_039,2024-03-18,09:00,Completed,Respiratory Symptoms,64
APT_005835,P_02622,DOC_018,DEPT_039,2024-07-31,16:30,Completed,Chest Discomfort,51
APT_005836,P_02697,DOC_025,DEPT_032,2025-02-07,10:45,Scheduled,Respiratory Symptoms,0
APT_005837,P_02562,DOC_023,DEPT_007,2024-06-28,10:45,Completed,Post-Operative Follow-up,11
APT_005838,P_00510,DOC_003,DEPT_036,2024-04-13,15:00,No-Show,Post-Operative Follow-up,0
APT_005839,P_01724,DOC_028,DEPT_005,2024-06-26,10:00,Cancelled,Diabetes Monitoring,0
APT_005840,P_01376,DOC_001,DEPT_023,2025-01-04,08:45,Completed,Chronic Disease Review,27
APT_005841,P_03492,DOC_028,DEPT_005,2024-09-09,14:45,Scheduled,,0
APT_005842,P_03197,DOC_025,DEPT_032,2024-05-31,12:00,Scheduled,Chest Discomfort,0
APT_005843,P_02237,DOC_035,DEPT_003,2024-07-20,17:30,Completed,Routine Follow-up,9
APT_005844,P_01695,DOC_035,DEPT_003,2025-03-07,08:45,Completed,Chronic Disease Review,34
APT_005845,P_00309,DOC_004,DEPT_005,2024-08-18,15:45,Completed,Chronic Disease Review,30
APT_005846,P_00783,DOC_028,DEPT_005,2024-01-15,15:45,Completed,Post-Operative Follow-up,42
APT_005847,P_02524,DOC_025,DEPT_032,2025-03-18,17:45,Cancelled,Chest Discomfort,0
APT_005848,P_01938,DOC_007,DEPT_024,2024-01-13,09:30,Completed,Chest Discomfort,65
APT_005849,P_03321,DOC_019,DEPT_039,2024-04-17,08:30,Completed,Annual Health Checkup,59
APT_005850,P_02609,DOC_009,DEPT_030,2024-01-18,12:45,Completed,Routine Follow-up,39
APT_005851,P_01224,DOC_018,DEPT_039,2025-01-13,15:00,Completed,,37
APT_005852,P_01086,DOC_038,DEPT_031,2024-02-10,09:30,Completed,Diabetes Monitoring,42
APT_005853,P_02544,DOC_032,DEPT_016,2024-07-31,14:00,Cancelled,Annual Health Checkup,0
APT_005854,P_01751,DOC_013,DEPT_026,2024-05-15,10:45,Completed,Chronic Disease Review,63
APT_005855,P_03250,DOC_011,DEPT_021,2024-06-25,12:45,Completed,Diabetes Monitoring,51
APT_005856,P_03434,DOC_039,DEPT_007,2024-02-26,13:00,Completed,Diabetes Monitoring,45
APT_005857,P_02674,DOC_021,DEPT_019,2024-04-25,15:00,Scheduled,Diabetes Monitoring,0
APT_005858,P_00390,DOC_014,DEPT_009,2024-08-31,14:30,Scheduled,Medication Adjustment,0
APT_005859,P_02119,DOC_005,DEPT_006,2024-02-28,17:30,Completed,Respiratory Symptoms,46
APT_005860,P_00260,DOC_040,DEPT_027,2025-02-07,16:00,Scheduled,Respiratory Symptoms,0
APT_005861,P_02869,DOC_027,DEPT_037,2024-04-20,14:00,Scheduled,Post-Operative Follow-up,0
APT_005862,P_00760,DOC_033,DEPT_002,2024-09-08,09:00,Completed,Post-Operative Follow-up,26
APT_005863,P_01693,DOC_025,DEPT_032,2024-12-12,13:00,COMPLETED,Diabetes Monitoring,21
APT_005864,P_02028,DOC_003,DEPT_036,2024-08-27,12:00,Completed,Chest Discomfort,36
APT_005865,P_00305,DOC_035,DEPT_003,02/12/2024,17:30,Completed,Annual Health Checkup,65
APT_005866,P_00420,DOC_032,DEPT_016,2024-04-18,17:00,Completed,Diabetes Monitoring,12
APT_005867,P_00786,DOC_036,DEPT_016,2024-01-13,14:00,Scheduled,Chest Discomfort,0
APT_005868,P_01948,DOC_009,DEPT_030,2024-04-05,14:45,Completed,Medication Adjustment,52
APT_005869,P_01946,DOC_004,DEPT_005,2025-01-17,14:45,COMPLETED,Routine Follow-up,40
APT_005870,P_03295,DOC_004,DEPT_005,2024-05-21,08:45,Completed,Routine Follow-up,52
APT_005871,P_00289,DOC_030,DEPT_014,2025-03-31,15:00,Completed,,35
APT_005872,P_03299,DOC_007,DEPT_024,2024-11-20,13:00,Completed,Post-Operative Follow-up,39
APT_005873,P_02479,DOC_024,DEPT_024,2025-01-18,08:00,Scheduled,Annual Health Checkup,0
APT_005874,P_01616,DOC_037,DEPT_035,2024-12-26,12:15,Completed,Diabetes Monitoring,61
APT_005875,P_00040,DOC_018,DEPT_039,2025-03-08,09:45,Completed,Respiratory Symptoms,14
APT_005876,P_03021,DOC_021,DEPT_019,2024-01-23,11:30,Completed,Chronic Disease Review,45
APT_005877,P_02462,DOC_021,DEPT_019,2024-11-05,08:15,COMPLETED,Chest Discomfort,34
APT_005878,P_03311,DOC_010,DEPT_021,2024-02-08,14:30,Cancelled,Post-Operative Follow-up,0
APT_005879,P_02992,DOC_002,DEPT_035,2024-03-26,16:00,Completed,Chest Discomfort,13
APT_005880,P_02722,DOC_040,DEPT_027,2024-09-05,12:00,Scheduled,Medication Adjustment,0
APT_005881,P_00204,DOC_025,DEPT_032,2025-01-24,17:15,No-Show,Chronic Disease Review,0
APT_005882,P_00645,DOC_029,DEPT_036,2025-01-08,17:45,Completed,Chronic Disease Review,51
APT_005883,P_01274,DOC_003,DEPT_036,2024-11-10,11:45,Completed,Chest Discomfort,14
APT_005884,P_00228,DOC_019,DEPT_039,2024-09-06,17:00,Completed,Chronic Disease Review,13
APT_005885,P_02743,DOC_011,DEPT_021,2025-04-07,12:45,Completed,Annual Health Checkup,12
APT_005886,P_02760,DOC_020,DEPT_008,2024-09-02,13:00,Completed,Annual Health Checkup,63
APT_005887,P_01827,DOC_028,DEPT_005,2024-01-07,15:15,Scheduled,Chronic Disease Review,0
APT_005888,P_01936,DOC_005,DEPT_006,2024-09-20,14:45,Cancelled,Medication Adjustment,0
APT_005889,P_02983,DOC_022,DEPT_001,2024-05-25,15:15,Completed,Chest Discomfort,8
APT_005890,P_00466,DOC_024,DEPT_024,2024-12-21,16:45,Scheduled,Routine Follow-up,0
APT_005891,P_02536,DOC_034,DEPT_005,2024-04-25,13:45,Completed,Annual Health Checkup,11
APT_005892,P_01608,DOC_037,DEPT_035,2024-07-18,15:15,Completed,Chronic Disease Review,24
APT_005893,P_02775,DOC_036,DEPT_016,2024-10-21,11:15,Completed,Diabetes Monitoring,59
APT_005894,P_02895,DOC_003,DEPT_036,2024-09-26,16:00,Completed,Chronic Disease Review,21
APT_005895,P_01755,DOC_035,DEPT_003,2024-03-07,16:00,Completed,Diabetes Monitoring,14
APT_005896,P_02528,DOC_015,DEPT_038,2024-06-25,14:45,Completed,Routine Follow-up,40
APT_005897,P_02704,DOC_027,DEPT_037,2025-01-10,13:15,Completed,Post-Operative Follow-up,28
APT_005898,P_02377,DOC_003,DEPT_036,2024-01-02,17:15,Completed,Chronic Disease Review,31
APT_005899,P_03308,DOC_029,DEPT_036,2024-04-21,15:30,Completed,Medication Adjustment,52
APT_005900,P_00722,DOC_022,DEPT_001,2024-03-08,11:00,No-Show,Annual Health Checkup,0
APT_005901,P_01304,DOC_007,DEPT_024,2024-03-02,16:45,Completed,Diabetes Monitoring,35
APT_005902,P_03385,DOC_033,DEPT_002,2024-04-06,13:45,Completed,Respiratory Symptoms,23
APT_005903,P_00632,DOC_039,DEPT_007,2025-01-13,13:00,Completed,Post-Operative Follow-up,56
APT_005904,P_02553,DOC_023,DEPT_007,2024-06-16,17:45,Completed,Annual Health Checkup,12
APT_005905,P_02554,DOC_016,DEPT_009,2025-01-11,16:45,Completed,Medication Adjustment,43
APT_005906,P_02657,DOC_036,DEPT_016,2024/12/05 00:00:00,16:45,Completed,Respiratory Symptoms,54
APT_005907,P_01813,DOC_024,DEPT_024,2024-09-08,08:45,Completed,Annual Health Checkup,21
APT_005908,P_01901,DOC_018,DEPT_039,2024-10-08,15:45,Completed,Respiratory Symptoms,43
APT_005909,P_00310,DOC_007,DEPT_024,2024-05-16,09:45,Completed,Diabetes Monitoring,52
APT_005910,P_02700,DOC_031,DEPT_024,2025-03-14,15:30,Completed,Post-Operative Follow-up,23
APT_005911,P_01692,DOC_035,DEPT_003,17-02-2024,16:15,Completed,Post-Operative Follow-up,40
APT_005912,P_01958,DOC_020,DEPT_008,2024-01-05,16:00,Completed,Annual Health Checkup,20
APT_005913,P_01619,DOC_026,DEPT_020,2025-03-07,16:15,Scheduled,Chronic Disease Review,0
APT_005914,P_00067,DOC_035,DEPT_003,2024-07-06,13:45,Completed,Routine Follow-up,61
APT_005915,P_02902,DOC_009,DEPT_030,2024-10-31,11:15,Completed,Post-Operative Follow-up,60
APT_005916,P_00694,DOC_018,DEPT_039,2024-10-31,16:45,Cancelled,Routine Follow-up,0
APT_005917,P_01485,DOC_004,DEPT_005,2024-11-30,12:30,Completed,Chronic Disease Review,55
APT_005918,P_00711,DOC_032,DEPT_016,2024-10-25,13:30,completed,Medication Adjustment,36
APT_005919,P_00692,DOC_020,DEPT_008,2024-01-01,09:00,Completed,Chronic Disease Review,25
APT_005920,P_01860,DOC_013,DEPT_026,2024-03-15,16:45,Completed,Respiratory Symptoms,14
APT_005921,P_00498,DOC_003,DEPT_036,07/19/2024,12:30,Completed,Post-Operative Follow-up,31
APT_005922,P_00260,DOC_027,DEPT_037,2024-04-24,15:30,Completed,Post-Operative Follow-up,26
APT_005923,P_00186,DOC_021,DEPT_019,2025-03-20,15:15,Completed,Post-Operative Follow-up,60
APT_005924,P_02128,DOC_026,DEPT_020,2024-11-29,12:45,No-Show,Diabetes Monitoring,0
APT_005925,P_03109,DOC_025,DEPT_032,2024-08-24,09:45,Completed,Annual Health Checkup,54
APT_005926,P_02226,DOC_002,DEPT_035,2024-06-02,08:30,scheduled,Chest Discomfort,0
APT_005927,P_00203,DOC_006,DEPT_018,2024-01-17,08:00,Scheduled,Medication Adjustment,0
APT_005928,P_03057,DOC_020,DEPT_008,2024-12-10,09:00,Cancelled,Chest Discomfort,0
APT_005929,P_01390,DOC_001,DEPT_023,2024-04-02,08:45,Completed,Medication Adjustment,16
APT_005930,P_01324,DOC_007,DEPT_024,2024-04-24,16:15,Cancelled,Respiratory Symptoms,0
APT_005931,P_01999,DOC_025,DEPT_032,2025-01-26,10:00,Cancelled,Chest Discomfort,0
APT_005932,P_01574,DOC_012,DEPT_014,2024-04-24,11:15,Completed,Chronic Disease Review,55
APT_005933,P_00642,DOC_013,DEPT_026,2024-01-27,15:00,Completed,Chest Discomfort,52
APT_005934,P_00542,DOC_036,DEPT_016,2024-09-07,16:15,no-show,Post-Operative Follow-up,0
APT_005935,P_00440,DOC_011,DEPT_021,2024-11-20,16:30,Completed,Respiratory Symptoms,42
APT_005936,P_01448,DOC_038,DEPT_031,2024-02-06,09:00,Completed,Chest Discomfort,44
APT_005937,P_02102,DOC_039,DEPT_007,2024-03-05,08:45,Scheduled,Medication Adjustment,0
APT_005938,P_02449,DOC_028,DEPT_005,2025/04/24 00:00:00,13:00,Completed,Annual Health Checkup,50
APT_005939,P_01460,DOC_018,DEPT_039,2024/07/22 00:00:00,11:45,Completed,Diabetes Monitoring,51
APT_005940,P_00320,DOC_016,DEPT_009,2025-02-23,14:00,No-Show,Chronic Disease Review,0
APT_005941,P_02350,DOC_012,DEPT_014,2025-01-29,15:15,Completed,Annual Health Checkup,45
APT_005942,P_03117,DOC_021,DEPT_019,2024-03-30,11:30,Completed,Post-Operative Follow-up,61
APT_005943,P_02430,DOC_016,DEPT_009,2024-10-11,11:30,Completed,Routine Follow-up,36
APT_005944,P_00444,DOC_012,DEPT_014,2024-08-17,16:15,Completed,Chronic Disease Review,11
APT_005945,P_02667,DOC_009,DEPT_030,2025-01-09,16:30,Completed,Annual Health Checkup,39
APT_005946,P_01239,DOC_020,DEPT_008,2024-01-26,10:30,Completed,Chronic Disease Review,34
APT_005947,P_03356,DOC_034,DEPT_005,03/24/2025,15:00,Completed,Diabetes Monitoring,21
APT_005948,P_03216,DOC_024,DEPT_024,2024-06-26,14:30,Cancelled,Post-Operative Follow-up,0
APT_005949,P_01089,DOC_028,DEPT_005,2024-10-26,13:45,Completed,Chest Discomfort,39
APT_005950,P_01283,DOC_025,DEPT_032,2024-08-08,14:00,Completed,Medication Adjustment,26
APT_005951,P_01031,DOC_030,DEPT_014,2024-07-12,17:45,Completed,Diabetes Monitoring,43
APT_005952,P_00915,DOC_012,DEPT_014,2024-05-30,12:30,Completed,Routine Follow-up,50
APT_005953,P_00338,DOC_005,DEPT_006,2024-02-23,10:15,Completed,Routine Follow-up,49
APT_005954,P_02333,DOC_038,DEPT_031,2025-02-18,17:15,Completed,Annual Health Checkup,21
APT_005955,P_01470,DOC_007,DEPT_024,2025-01-06,11:00,Completed,Post-Operative Follow-up,54
APT_005956,P_01995,DOC_019,DEPT_039,2024-07-21,12:00,Scheduled,Chronic Disease Review,0
APT_005957,P_01753,DOC_005,DEPT_006,2024-03-09,15:45,Completed,Annual Health Checkup,61
APT_005958,P_01624,DOC_015,DEPT_038,2024-09-05,15:30,Completed,Annual Health Checkup,17
APT_005959,P_01240,DOC_015,DEPT_038,2025-02-14,14:00,COMPLETED,Chest Discomfort,46
APT_005960,P_02577,DOC_023,DEPT_007,2025-01-16,10:00,Completed,Chronic Disease Review,46
APT_005961,P_00186,DOC_008,DEPT_005,2024-04-03,15:30,Completed,Medication Adjustment,65
APT_005962,P_00904,DOC_019,DEPT_039,08-02-2024,10:15,Completed,Chest Discomfort,36
APT_005963,P_00692,DOC_007,DEPT_024,2024-01-12,16:15,No-Show,Medication Adjustment,0
APT_005964,P_03062,DOC_012,DEPT_014,2024-10-05,11:15,Completed,Chest Discomfort,63
APT_005965,P_01812,DOC_019,DEPT_039,2024-09-17,12:30,Completed,Chronic Disease Review,10
APT_005966,P_02709,DOC_040,DEPT_027,30-10-2024,10:30,Completed,Chest Discomfort,21
APT_005967,P_00123,DOC_036,DEPT_016,2024-01-01,12:30,Completed,Routine Follow-up,25
APT_005968,P_03007,DOC_031,DEPT_024,2025-01-28,08:00,Completed,Routine Follow-up,48
APT_005969,P_01058,DOC_007,DEPT_024,2025-01-19,13:45,Completed,Chest Discomfort,25
APT_005970,P_00796,DOC_011,DEPT_021,2024-10-21,10:45,Completed,Post-Operative Follow-up,33
APT_005971,P_02686,DOC_008,DEPT_005,2025-04-03,16:00,Completed,Medication Adjustment,61
APT_005972,P_02796,DOC_014,DEPT_009,2024-11-28,09:00,Completed,Diabetes Monitoring,10
APT_005973,P_00461,DOC_003,DEPT_036,2024-09-09,09:15,Completed,Respiratory Symptoms,54
APT_005974,P_03332,DOC_018,DEPT_039,2024-02-20,08:00,Completed,Respiratory Symptoms,29
APT_005975,P_01143,DOC_029,DEPT_036,2024-07-22,15:15,Completed,Post-Operative Follow-up,14
APT_005976,P_02861,DOC_035,DEPT_003,2025-03-12,16:45,Scheduled,Diabetes Monitoring,0
APT_005977,P_03422,DOC_007,DEPT_024,2025-02-11,13:15,Scheduled,Annual Health Checkup,0
APT_005978,P_00636,DOC_035,DEPT_003,2025-01-14,11:15,Scheduled,Diabetes Monitoring,0
APT_005979,P_00414,DOC_010,DEPT_021,2025-03-30,14:00,Completed,Routine Follow-up,50
APT_005980,P_00390,DOC_009,DEPT_030,2024-07-29,14:00,COMPLETED,Medication Adjustment,49
APT_005981,P_00738,DOC_031,DEPT_024,05-04-2025,09:15,UNKNOWN_VAL,Chest Discomfort,39
APT_005982,P_00692,DOC_029,DEPT_036,2024-12-12,11:00,Completed,Chronic Disease Review,44
APT_005983,P_00790,DOC_032,DEPT_016,2024/05/27 00:00:00,13:15,Completed,Annual Health Checkup,62
APT_005984,P_01281,DOC_037,DEPT_035,2024-07-13,10:30,Scheduled,Chronic Disease Review,0
APT_005985,P_01939,DOC_007,DEPT_024,2024-10-15,09:30,Completed,Routine Follow-up,39
APT_005986,P_00491,DOC_030,DEPT_014,2024-01-12,16:15,Completed,Post-Operative Follow-up,49
APT_005987,P_00160,DOC_024,DEPT_024,2024-04-24,17:15,Completed,Medication Adjustment,11
APT_005988,P_01982,DOC_022,DEPT_001,2025-02-12,09:45,Completed,Medication Adjustment,49
APT_005989,P_00894,DOC_020,DEPT_008,2024-06-08,12:00,COMPLETED,Routine Follow-up,42
APT_005990,P_00948,DOC_019,DEPT_039,2024-08-03,11:45,Completed,Medication Adjustment,38
APT_005991,P_03087,DOC_031,DEPT_024,2024-08-24,08:45,Completed,Chest Discomfort,10
APT_005992,P_02729,DOC_022,DEPT_001,2024-05-12,15:00,Completed,Routine Follow-up,50
APT_005993,P_02851,DOC_024,DEPT_024,2024-09-05,08:00,Completed,Diabetes Monitoring,36
APT_005994,P_02740,DOC_030,DEPT_014,2024-07-29,10:00,Completed,Medication Adjustment,31
APT_005995,P_02263,DOC_004,DEPT_005,01/15/2024,11:30,Completed,Diabetes Monitoring,54
APT_005996,P_01711,DOC_017,DEPT_008,2024-05-30,14:45,Completed,Chronic Disease Review,51
APT_005997,P_01494,DOC_014,DEPT_009,2024-01-25,16:45,No-Show,Diabetes Monitoring,0
APT_005998,P_01046,DOC_036,DEPT_016,2025-02-24,09:15,Completed,,42
APT_005999,P_03313,DOC_029,DEPT_036,2024-07-30,10:00,Completed,Chronic Disease Review,16
APT_006000,P_01794,DOC_011,DEPT_021,2024-12-16,17:00,Scheduled,Diabetes Monitoring,0
APT_006001,P_01854,DOC_027,DEPT_037,2024-01-12,12:00,No-Show,Chronic Disease Review,0
APT_006002,P_00818,DOC_007,DEPT_024,2024-01-31,09:30,COMPLETED,Chronic Disease Review,47
APT_006003,P_00659,DOC_030,DEPT_014,2024-12-13,15:45,Cancelled,Annual Health Checkup,0
APT_006004,P_03106,DOC_016,DEPT_009,2024-10-19,17:30,No-Show,Routine Follow-up,0
APT_006005,P_02776,DOC_033,DEPT_002,2024-01-12,15:15,Cancelled,Chest Discomfort,0
APT_006006,P_00722,DOC_016,DEPT_009,2024-06-17,15:00,Scheduled,Respiratory Symptoms,0
APT_006007,P_02830,DOC_037,DEPT_035,2024-06-05,11:30,Completed,,55
APT_006008,P_00217,DOC_030,DEPT_014,2024-05-02,13:00,Completed,Post-Operative Follow-up,19
APT_006009,P_03090,DOC_010,DEPT_021,2025-03-22,15:00,Scheduled,Routine Follow-up,0
APT_006010,P_00525,DOC_005,DEPT_006,2024-01-29,13:30,Completed,Respiratory Symptoms,55
APT_006011,P_03253,DOC_031,DEPT_024,2024-04-16,10:45,Completed,Chronic Disease Review,55
APT_006012,P_02100,DOC_031,DEPT_024,2025-04-03,10:45,Completed,Chest Discomfort,26
APT_006013,P_02915,DOC_014,DEPT_009,2024-09-02,10:00,Completed,Post-Operative Follow-up,27
APT_006014,P_02624,DOC_030,DEPT_014,2024-04-13,17:45,Scheduled,Annual Health Checkup,0
APT_006015,P_01092,DOC_034,DEPT_005,2024-02-06,17:00,Cancelled,Post-Operative Follow-up,0
APT_006016,P_00670,DOC_007,DEPT_024,2024-11-13,15:15,No-Show,Respiratory Symptoms,0
APT_006017,P_02168,DOC_039,DEPT_007,2024-07-07,11:30,Completed,Respiratory Symptoms,57
APT_006018,P_03486,DOC_029,DEPT_036,2025-01-30,13:15,Completed,Diabetes Monitoring,55
APT_006019,P_01053,DOC_038,DEPT_031,2024-03-09,08:45,Scheduled,Post-Operative Follow-up,0
APT_006020,P_00334,DOC_011,DEPT_021,2024-12-21,08:00,UNKNOWN_VAL,Annual Health Checkup,43
APT_006021,P_02983,DOC_007,DEPT_024,2024-03-26,10:15,Completed,Chest Discomfort,28
APT_006022,P_01286,DOC_021,DEPT_019,2024-08-18,08:45,Completed,Respiratory Symptoms,33
APT_006023,P_02166,DOC_025,DEPT_032,2024-08-24,12:15,Completed,Chest Discomfort,9
APT_006024,P_01925,DOC_005,DEPT_006,2024-08-25,08:15,Completed,Routine Follow-up,52
APT_006025,P_02077,DOC_010,DEPT_021,2025-03-19,16:45,Completed,Diabetes Monitoring,23
APT_006026,P_02075,DOC_005,DEPT_006,2024-05-20,13:00,Completed,Post-Operative Follow-up,54
APT_006027,P_02064,DOC_001,DEPT_023,2024-10-14,17:15,Completed,Respiratory Symptoms,17
APT_006028,P_01481,DOC_009,DEPT_030,2025/03/02 00:00:00,12:15,Completed,Annual Health Checkup,24
APT_006029,P_02479,DOC_026,DEPT_020,2024-02-23,14:30,Scheduled,Chronic Disease Review,0
APT_006030,P_01112,DOC_034,DEPT_005,2024-04-21,13:45,Completed,Medication Adjustment,36
APT_006031,P_01260,DOC_006,DEPT_018,2024-11-11,16:00,No-Show,Respiratory Symptoms,0
APT_006032,P_02876,DOC_023,DEPT_007,2024/10/25 00:00:00,08:00,Completed,Chest Discomfort,32
APT_006033,P_00087,DOC_011,DEPT_021,2024-02-07,09:45,Completed,Chronic Disease Review,15
APT_006034,P_03184,DOC_024,DEPT_024,2024-12-21,10:30,Completed,Chronic Disease Review,55
APT_006035,P_01283,DOC_024,DEPT_024,2024-11-22,11:15,Completed,Annual Health Checkup,23
APT_006036,P_00761,DOC_016,DEPT_009,2024-04-25,16:00,Completed,Respiratory Symptoms,16
APT_006037,P_01051,DOC_005,DEPT_006,2024-06-02,13:30,Scheduled,Post-Operative Follow-up,0
APT_006038,P_01897,DOC_012,DEPT_014,2024-05-31,10:15,completed,Routine Follow-up,10
APT_006039,P_02057,DOC_007,DEPT_024,2024-11-22,08:15,Completed,Diabetes Monitoring,38
APT_006040,P_00377,DOC_030,DEPT_014,2024-10-13,08:45,Completed,Annual Health Checkup,65
APT_006041,P_00554,DOC_023,DEPT_007,2025-02-22,09:45,No-Show,Chest Discomfort,0
APT_006042,P_03220,DOC_010,DEPT_021,2024-11-29,17:15,Completed,Annual Health Checkup,10
APT_006043,P_03285,DOC_014,DEPT_009,2024-05-03,17:15,Completed,Routine Follow-up,10
APT_006044,P_01108,DOC_010,DEPT_021,2025-03-28,10:00,Completed,Chronic Disease Review,30
APT_006045,P_00378,DOC_025,DEPT_032,2024-09-11,14:15,Completed,Chronic Disease Review,14
APT_006046,P_02499,DOC_023,DEPT_007,2025-03-09,08:45,Scheduled,Respiratory Symptoms,0
APT_006047,P_02167,DOC_010,DEPT_021,2024-06-07,08:00,Cancelled,Diabetes Monitoring,0
APT_006048,P_01397,DOC_031,DEPT_024,2024-12-09,13:15,Cancelled,Post-Operative Follow-up,0
APT_006049,P_02124,DOC_017,DEPT_008,2025-03-18,08:15,Completed,Post-Operative Follow-up,17
APT_006050,P_02398,DOC_025,DEPT_032,2024-08-17,09:30,Cancelled,Post-Operative Follow-up,0
APT_006051,P_03330,DOC_024,DEPT_024,2024-11-13,10:15,Completed,Chronic Disease Review,14
APT_006052,P_02384,DOC_018,DEPT_039,2024-05-28,10:15,COMPLETED,Chronic Disease Review,44
APT_006053,P_02474,DOC_007,DEPT_024,2024-11-04,08:00,Scheduled,Chronic Disease Review,0
APT_006054,P_00910,DOC_012,DEPT_014,2024-03-05,17:15,Completed,Routine Follow-up,27
APT_006055,P_03240,DOC_029,DEPT_036,2024-08-08,08:30,Completed,Chest Discomfort,52
APT_006056,P_01310,DOC_004,DEPT_005,2024-10-18,15:30,Scheduled,Annual Health Checkup,0
APT_006057,P_01563,DOC_033,DEPT_002,2024-05-28,11:30,Completed,Chronic Disease Review,27
APT_006058,P_00816,DOC_020,DEPT_008,2024-04-22,13:15,Completed,Routine Follow-up,22
APT_006059,P_02359,DOC_028,DEPT_005,2025-02-14,09:00,Completed,Annual Health Checkup,29
APT_006060,P_02993,DOC_019,DEPT_039,2024-03-23,09:45,Completed,Post-Operative Follow-up,56
APT_006061,P_02646,DOC_005,DEPT_006,2024-07-30,16:00,Completed,Post-Operative Follow-up,10
APT_006062,P_01242,DOC_026,DEPT_020,2024-06-01,11:30,Scheduled,Annual Health Checkup,0
APT_006063,P_03451,DOC_002,DEPT_035,2024-03-22,09:00,Scheduled,Respiratory Symptoms,0
APT_006064,P_02696,DOC_018,DEPT_039,2025-03-21,09:30,Completed,Chronic Disease Review,22
APT_006065,P_02918,DOC_010,DEPT_021,22-01-2024,16:00,No-Show,Respiratory Symptoms,0
APT_006066,P_02531,DOC_025,DEPT_032,2024-08-27,08:15,Completed,Annual Health Checkup,33
APT_006067,P_01584,DOC_036,DEPT_016,2024-04-02,08:45,Scheduled,Post-Operative Follow-up,0
APT_006068,P_02431,DOC_013,DEPT_026,2024-08-08,13:00,Completed,Chronic Disease Review,20
APT_006069,P_02853,DOC_003,DEPT_036,2024-09-10,09:45,UNKNOWN_VAL,Annual Health Checkup,63
APT_006070,P_03386,DOC_034,DEPT_005,2025-03-17,12:30,  Completed  ,Chronic Disease Review,42
APT_006071,P_03144,DOC_023,DEPT_007,2024-05-09,09:45,Completed,Annual Health Checkup,34
APT_006072,P_03120,DOC_003,DEPT_036,2024-04-09,10:15,Completed,Diabetes Monitoring,61
APT_006073,P_02681,DOC_014,DEPT_009,2024-01-29,10:45,Completed,Medication Adjustment,64
APT_006074,P_01003,DOC_026,DEPT_020,2024-10-21,09:15,Completed,Chronic Disease Review,43
APT_006075,P_01413,DOC_025,DEPT_032,2024-05-03,10:15,Completed,Medication Adjustment,14
APT_006076,P_03030,DOC_031,DEPT_024,2025-03-14,14:45,Scheduled,Routine Follow-up,0
APT_006077,P_02732,DOC_035,DEPT_003,2024-11-09,13:45,Scheduled,Respiratory Symptoms,0
APT_006078,P_01751,DOC_020,DEPT_008,2025-03-14,16:00,Cancelled,Chest Discomfort,0
APT_006079,P_03302,DOC_010,DEPT_021,2024-02-10,15:30,Completed,,42
APT_006080,P_00837,DOC_035,DEPT_003,2024-07-24,08:15,Completed,Annual Health Checkup,40
APT_006081,P_03231,DOC_009,DEPT_030,2024-02-08,14:15,Completed,Chest Discomfort,58
APT_006082,P_01321,DOC_003,DEPT_036,2025-02-02,09:45,Completed,Routine Follow-up,35
APT_006083,P_00191,DOC_018,DEPT_039,2024-11-05,16:15,Completed,Routine Follow-up,28
APT_006084,P_00758,DOC_016,DEPT_009,2025-01-08,12:45,Cancelled,Routine Follow-up,0
APT_006085,P_00393,DOC_012,DEPT_014,2025-03-03,11:30,Completed,Chest Discomfort,59
APT_006086,P_03324,DOC_025,DEPT_032,2025-01-12,08:00,Completed,Respiratory Symptoms,58
APT_006087,P_02704,DOC_033,DEPT_002,2025-02-26,14:15,Completed,Chronic Disease Review,50
APT_006088,P_01875,DOC_016,DEPT_009,07/11/2024,11:00,Completed,Chronic Disease Review,51
APT_006089,P_02863,DOC_040,DEPT_027,2024-10-17,16:45,Completed,Routine Follow-up,43
APT_006090,P_02829,DOC_028,DEPT_005,2024-10-05,14:30,Completed,Post-Operative Follow-up,41
APT_006091,P_02962,DOC_031,DEPT_024,2025-01-21,11:15,Completed,Respiratory Symptoms,35
APT_006092,P_01495,DOC_007,DEPT_024,2024-10-09,09:45,Completed,Diabetes Monitoring,64
APT_006093,P_02491,DOC_005,DEPT_006,2024-05-19,09:30,Completed,Annual Health Checkup,36
APT_006094,P_03133,DOC_001,DEPT_023,12/29/2024,08:15,Completed,Routine Follow-up,55
APT_006095,P_00686,DOC_005,DEPT_006,2024-05-01,12:00,Completed,Chest Discomfort,32
APT_006096,P_01103,DOC_006,DEPT_018,2024-12-30,15:00,Completed,Chest Discomfort,25
APT_006097,P_00232,DOC_003,DEPT_036,2024-09-27,14:30,Scheduled,Chest Discomfort,0
APT_006098,P_00459,DOC_016,DEPT_009,2024-04-04,14:30,Completed,Chronic Disease Review,20
APT_006099,P_02634,DOC_037,DEPT_035,2024-11-21,17:15,Completed,Medication Adjustment,31
APT_006100,P_01623,DOC_037,DEPT_035,2024-05-31,08:15,Completed,Medication Adjustment,14
APT_006101,P_02049,DOC_028,DEPT_005,2025-01-26,15:30,Scheduled,Respiratory Symptoms,0
APT_006102,P_02244,DOC_015,DEPT_038,2024-06-03,14:00,Completed,Routine Follow-up,17
APT_006103,P_00851,DOC_023,DEPT_007,2024-01-05,13:30,Completed,Chest Discomfort,47
APT_006104,P_00039,DOC_001,DEPT_023,2024/04/05 00:00:00,09:15,Scheduled,Chest Discomfort,0
APT_006105,P_02684,DOC_012,DEPT_014,2024-05-16,15:45,Completed,Post-Operative Follow-up,20
APT_006106,P_00779,DOC_017,DEPT_008,2024-05-15,14:30,Completed,Medication Adjustment,9
APT_006107,P_01283,DOC_029,DEPT_036,2024-12-11,16:00,Completed,Post-Operative Follow-up,55
APT_006108,P_00565,DOC_021,DEPT_019,2024-03-15,11:45,Completed,,47
APT_006109,P_01630,DOC_031,DEPT_024,2024-01-29,10:15,Completed,Chronic Disease Review,46
APT_006110,P_02866,DOC_002,DEPT_035,2024-12-07,14:30,Completed,Medication Adjustment,9
APT_006111,P_00310,DOC_026,DEPT_020,2024-08-22,11:30,Cancelled,Annual Health Checkup,0
APT_006112,P_02576,DOC_004,DEPT_005,2024-01-28,16:00,Completed,Medication Adjustment,60
APT_006113,P_02440,DOC_020,DEPT_008,2024-05-14,08:45,completed,Annual Health Checkup,58
APT_006114,P_01525,DOC_006,DEPT_018,2025-02-06,12:45,Scheduled,Post-Operative Follow-up,0
APT_006115,P_03038,DOC_008,DEPT_005,2024-06-02,09:45,Cancelled,Medication Adjustment,0
APT_006116,P_01622,DOC_019,DEPT_039,2024-12-03,10:00,Completed,Chronic Disease Review,11
APT_006117,P_01911,DOC_031,DEPT_024,2024-07-03,13:45,No-Show,Post-Operative Follow-up,0
APT_006118,P_02660,DOC_027,DEPT_037,2024-09-06,08:15,Completed,Diabetes Monitoring,26
APT_006119,P_02018,DOC_001,DEPT_023,2024-02-20,09:00,Completed,Post-Operative Follow-up,26
APT_006120,P_00592,DOC_038,DEPT_031,2024-07-09,12:30,Completed,Chronic Disease Review,39
APT_006121,P_02620,DOC_021,DEPT_019,2024-06-16,13:45,Completed,Routine Follow-up,63
APT_006122,P_01842,DOC_003,DEPT_036,2024-02-09,13:15,  Completed  ,Chronic Disease Review,62
APT_006123,P_02976,DOC_006,DEPT_018,2024-01-16,15:30,completed,Chronic Disease Review,29
APT_006124,P_02904,DOC_026,DEPT_020,30-07-2024,12:45,Cancelled,Annual Health Checkup,0
APT_006125,P_02082,DOC_004,DEPT_005,2025-03-14,10:00,Completed,Diabetes Monitoring,41
APT_006126,P_00990,DOC_024,DEPT_024,02-11-2024,14:00,Completed,Routine Follow-up,8
APT_006127,P_01697,DOC_026,DEPT_020,2024-11-11,14:15,Completed,Chronic Disease Review,24
APT_006128,P_01688,DOC_028,DEPT_005,2025-02-20,12:30,Completed,Routine Follow-up,15
APT_006129,P_00518,DOC_001,DEPT_023,2024-06-29,14:30,Completed,Post-Operative Follow-up,44
APT_006130,P_00693,DOC_039,DEPT_007,2025-03-16,09:30,Completed,Routine Follow-up,35
APT_006131,P_02448,DOC_020,DEPT_008,2025-04-24,08:00,  Completed  ,Chronic Disease Review,18
APT_006132,P_03453,DOC_038,DEPT_031,2024-04-27,10:30,Completed,Post-Operative Follow-up,8
APT_006133,P_00235,DOC_001,DEPT_023,2024-09-14,13:15,Completed,Chronic Disease Review,11
APT_006134,P_03159,DOC_015,DEPT_038,2025-02-22,09:45,Completed,,35
APT_006135,P_03437,DOC_025,DEPT_032,2024-09-26,13:45,Completed,Chronic Disease Review,23
APT_006136,P_02055,DOC_003,DEPT_036,2024-12-13,09:45,Completed,Medication Adjustment,46
APT_006137,P_00575,DOC_013,DEPT_026,2024-04-12,14:00,  Scheduled  ,Post-Operative Follow-up,0
APT_006138,P_02367,DOC_037,DEPT_035,2024-12-20,12:15,Completed,,30
APT_006139,P_00735,DOC_035,DEPT_003,2024-04-19,17:30,Scheduled,Medication Adjustment,0
APT_006140,P_03035,DOC_019,DEPT_039,2024-11-16,10:30,Completed,Chronic Disease Review,48
APT_006141,P_02559,DOC_039,DEPT_007,2024-05-07,12:30,Completed,Chest Discomfort,46
APT_006142,P_00454,DOC_026,DEPT_020,2024-08-26,14:15,Completed,Chronic Disease Review,47
APT_006143,P_02855,DOC_040,DEPT_027,2024-03-08,10:15,Completed,Respiratory Symptoms,22
APT_006144,P_01874,DOC_037,DEPT_035,2024-09-09,09:00,Completed,Chest Discomfort,65
APT_006145,P_03011,DOC_016,DEPT_009,2025-04-25,10:00,Completed,Diabetes Monitoring,11
APT_006146,P_00305,DOC_034,DEPT_005,2024-11-24,13:00,Completed,Chest Discomfort,32
APT_006147,P_00988,DOC_039,DEPT_007,07-03-2025,08:00,Completed,Annual Health Checkup,49
APT_006148,P_02280,DOC_005,DEPT_006,2025-02-10,15:45,Completed,Chronic Disease Review,16
APT_006149,P_01670,DOC_018,DEPT_039,2024-05-19,09:00,Scheduled,Diabetes Monitoring,0
APT_006150,P_01369,DOC_004,DEPT_005,2024-02-23,09:30,Completed,Chronic Disease Review,33
APT_006151,P_00629,DOC_010,DEPT_021,2025-01-05,11:30,  Cancelled  ,Annual Health Checkup,0
APT_006152,P_01315,DOC_011,DEPT_021,2025-02-12,13:15,Completed,Chest Discomfort,19
APT_006153,P_01531,DOC_037,DEPT_035,2024-06-03,16:00,Completed,Routine Follow-up,61
APT_006154,P_00553,DOC_001,DEPT_023,2024-05-30,13:00,Completed,Post-Operative Follow-up,14
APT_006155,P_01779,DOC_010,DEPT_021,2024-09-03,15:30,  Scheduled  ,Routine Follow-up,0
APT_006156,P_00123,DOC_035,DEPT_003,2024-08-29,16:30,Completed,Chronic Disease Review,55
APT_006157,P_01952,DOC_008,DEPT_005,2024-06-03,15:30,Completed,Chest Discomfort,20
APT_006158,P_02571,DOC_004,DEPT_005,2024-03-16,14:00,Cancelled,Diabetes Monitoring,0
APT_006159,P_02180,DOC_016,DEPT_009,2025-04-10,13:00,Completed,Chronic Disease Review,51
APT_006160,P_02794,DOC_039,DEPT_007,2024-06-16,11:15,Completed,Diabetes Monitoring,14
APT_006161,P_00282,DOC_001,DEPT_023,2024-09-01,17:45,SCHEDULED,Routine Follow-up,0
APT_006162,P_03359,DOC_018,DEPT_039,2024-10-04,10:30,No-Show,Chest Discomfort,0
APT_006163,P_03003,DOC_039,DEPT_007,2024-10-23,11:30,Completed,Medication Adjustment,52
APT_006164,P_02167,DOC_039,DEPT_007,2024-09-30,16:45,Completed,Annual Health Checkup,41
APT_006165,P_01435,DOC_013,DEPT_026,2024-05-05,11:00,Completed,Chronic Disease Review,44
APT_006166,P_02802,DOC_018,DEPT_039,2024-09-19,16:15,Completed,Routine Follow-up,56
APT_006167,P_02556,DOC_034,DEPT_005,2024-06-02,11:00,Completed,Routine Follow-up,58
APT_006168,P_01351,DOC_005,DEPT_006,2024-04-05,10:30,Completed,Chronic Disease Review,58
APT_006169,P_01296,DOC_007,DEPT_024,2024-06-26,09:45,No-Show,Routine Follow-up,0
APT_006170,P_00937,DOC_025,DEPT_032,2024-02-17,08:45,Scheduled,Chronic Disease Review,0
APT_006171,P_01193,DOC_012,DEPT_014,2024-01-26,12:30,Scheduled,Post-Operative Follow-up,0
APT_006172,P_00442,DOC_009,DEPT_030,2024-01-13,17:45,Scheduled,Diabetes Monitoring,0
APT_006173,P_00526,DOC_026,DEPT_020,2024/03/24 00:00:00,15:45,Completed,Routine Follow-up,33
APT_006174,P_02840,DOC_029,DEPT_036,2024-12-27,09:45,Completed,Chest Discomfort,60
APT_006175,P_00327,DOC_011,DEPT_021,2024-12-05,17:00,Completed,Annual Health Checkup,26
APT_006176,P_02918,DOC_003,DEPT_036,2025-04-01,13:15,cancelled,Diabetes Monitoring,0
APT_006177,P_02639,DOC_025,DEPT_032,2024/11/22 00:00:00,16:30,Cancelled,Routine Follow-up,0
APT_006178,P_01255,DOC_003,DEPT_036,2025-01-17,13:45,Completed,Medication Adjustment,14
APT_006179,P_02717,DOC_032,DEPT_016,2024-02-27,16:30,Completed,Respiratory Symptoms,11
APT_006180,P_01234,DOC_015,DEPT_038,2024-10-20,08:00,Completed,Respiratory Symptoms,13
APT_006181,P_03153,DOC_031,DEPT_024,2024-02-04,10:45,COMPLETED,Respiratory Symptoms,60
APT_006182,P_03494,DOC_036,DEPT_016,2024-09-03,17:00,Scheduled,Chest Discomfort,0
APT_006183,P_00551,DOC_020,DEPT_008,2024-02-16,17:00,Completed,Respiratory Symptoms,35
APT_006184,P_02146,DOC_014,DEPT_009,2024-12-16,08:00,Completed,Diabetes Monitoring,32
APT_006185,P_02829,DOC_031,DEPT_024,2024-07-21,08:30,Completed,Respiratory Symptoms,61
APT_006186,P_02981,DOC_002,DEPT_035,2024-01-07,09:15,Completed,Post-Operative Follow-up,55
APT_006187,P_01871,DOC_012,DEPT_014,2025-03-23,16:00,No-Show,,0
APT_006188,P_03163,DOC_012,DEPT_014,2024-06-18,12:30,Cancelled,Respiratory Symptoms,0
APT_006189,P_01205,DOC_023,DEPT_007,2025/03/19 00:00:00,10:45,Cancelled,Chronic Disease Review,0
APT_006190,P_03308,DOC_035,DEPT_003,2025-04-10,16:45,Cancelled,Post-Operative Follow-up,0
APT_006191,P_02107,DOC_032,DEPT_016,2024-02-25,11:00,Completed,Annual Health Checkup,44
APT_006192,P_02969,DOC_023,DEPT_007,2024-06-29,10:30,Scheduled,,0
APT_006193,P_00354,DOC_019,DEPT_039,2024-08-03,08:15,Completed,Respiratory Symptoms,37
APT_006194,P_01764,DOC_015,DEPT_038,2025-03-05,11:15,Completed,Chronic Disease Review,35
APT_006195,P_02774,DOC_027,DEPT_037,2024-05-31,15:30,Completed,Post-Operative Follow-up,18
APT_006196,P_00890,DOC_026,DEPT_020,2024-05-06,12:00,Completed,Respiratory Symptoms,21
APT_006197,P_01298,DOC_027,DEPT_037,2025-03-04,17:30,completed,Diabetes Monitoring,53
APT_006198,P_02689,DOC_037,DEPT_035,2024-08-23,17:00,Completed,Annual Health Checkup,15
APT_006199,P_01653,DOC_002,DEPT_035,2024-09-27,13:30,Completed,Chronic Disease Review,44
APT_006200,P_01497,DOC_025,DEPT_032,2024-05-06,11:45,Completed,Post-Operative Follow-up,12
APT_006201,P_00464,DOC_031,DEPT_024,2024-03-29,14:00,Completed,Respiratory Symptoms,14
APT_006202,P_03278,DOC_013,DEPT_026,2025-02-02,11:30,Scheduled,Post-Operative Follow-up,0
APT_006203,P_00291,DOC_015,DEPT_038,2025-04-14,10:30,Completed,Chest Discomfort,23
APT_006204,P_00811,DOC_002,DEPT_035,2024-03-15,10:30,Completed,Respiratory Symptoms,25
APT_006205,P_00755,DOC_035,DEPT_003,2024-04-18,11:30,Completed,Annual Health Checkup,24
APT_006206,P_00978,DOC_031,DEPT_024,2024-11-19,14:00,Completed,Post-Operative Follow-up,35
APT_006207,P_00078,DOC_017,DEPT_008,2025-04-13,15:30,Scheduled,Respiratory Symptoms,0
APT_006208,P_01522,DOC_001,DEPT_023,2024-12-04,14:00,Completed,Chest Discomfort,39
APT_006209,P_01608,DOC_004,DEPT_005,2025-02-27,14:15,Scheduled,Annual Health Checkup,0
APT_006210,P_00731,DOC_009,DEPT_030,2024-06-23,15:45,Completed,Respiratory Symptoms,12
APT_006211,P_00959,DOC_035,DEPT_003,2025-03-28,09:45,Completed,Chest Discomfort,16
APT_006212,P_02631,DOC_001,DEPT_023,2024-07-17,09:45,Cancelled,Post-Operative Follow-up,0
APT_006213,P_02313,DOC_026,DEPT_020,2025-01-25,17:00,Completed,Medication Adjustment,65
APT_006214,P_01508,DOC_024,DEPT_024,2025-02-22,08:00,Completed,Chronic Disease Review,53
APT_006215,P_02997,DOC_038,DEPT_031,2024-11-13,11:30,No-Show,Annual Health Checkup,0
APT_006216,P_03269,DOC_009,DEPT_030,2024-08-19,16:00,Completed,Post-Operative Follow-up,18
APT_006217,P_00237,DOC_012,DEPT_014,2024-07-05,09:15,completed,Medication Adjustment,42
APT_006218,P_00493,DOC_039,DEPT_007,2024-05-16,11:45,Completed,Diabetes Monitoring,38
APT_006219,P_00673,DOC_028,DEPT_005,2025-01-06,14:45,COMPLETED,Diabetes Monitoring,49
APT_006220,P_03229,DOC_026,DEPT_020,2024-05-18,10:15,No-Show,Routine Follow-up,0
APT_006221,P_02077,DOC_018,DEPT_039,2024-04-19,15:45,Completed,Diabetes Monitoring,24
APT_006222,P_01325,DOC_037,DEPT_035,2024-04-27,13:45,No-Show,Chest Discomfort,0
APT_006223,P_02671,DOC_023,DEPT_007,2025-02-16,09:45,Completed,Medication Adjustment,12
APT_006224,P_03379,DOC_015,DEPT_038,2024-02-04,15:00,Completed,Chronic Disease Review,8
APT_006225,P_02858,DOC_032,DEPT_016,2025-03-14,08:15,Completed,Chest Discomfort,28
APT_006226,P_00570,DOC_012,DEPT_014,2024-09-08,14:45,Completed,Annual Health Checkup,58
APT_006227,P_03336,DOC_040,DEPT_027,2024-02-26,17:00,Completed,Chest Discomfort,59
APT_006228,P_02986,DOC_023,DEPT_007,2024-10-30,12:30,Cancelled,Medication Adjustment,0
APT_006229,P_02939,DOC_008,DEPT_005,2024-02-25,09:30,Completed,Medication Adjustment,37
APT_006230,P_02968,DOC_009,DEPT_030,2024-03-18,09:15,Completed,Chest Discomfort,62
APT_006231,P_00278,DOC_012,DEPT_014,2025-01-18,15:15,Completed,Post-Operative Follow-up,26
APT_006232,P_01084,DOC_027,DEPT_037,2024-06-01,10:45,Completed,Medication Adjustment,60
APT_006233,P_00066,DOC_016,DEPT_009,2025-03-31,11:00,Completed,Chronic Disease Review,36
APT_006234,P_03056,DOC_032,DEPT_016,2024-12-14,11:45,Completed,Post-Operative Follow-up,43
APT_006235,P_00383,DOC_001,DEPT_023,2024-03-08,11:45,Completed,Chronic Disease Review,49
APT_006236,P_02346,DOC_013,DEPT_026,2024-04-27,08:00,Completed,Routine Follow-up,38
APT_006237,P_03269,DOC_003,DEPT_036,2024-10-23,09:00,Completed,Post-Operative Follow-up,26
APT_006238,P_01951,DOC_022,DEPT_001,2024-12-09,11:00,Completed,Routine Follow-up,62
APT_006239,P_01879,DOC_022,DEPT_001,2024-12-01,09:45,Scheduled,Post-Operative Follow-up,0
APT_006240,P_00554,DOC_020,DEPT_008,2025-03-26,12:45,Completed,Chronic Disease Review,18
APT_006241,P_02632,DOC_021,DEPT_019,2024-01-26,12:30,Completed,Chest Discomfort,48
APT_006242,P_01322,DOC_011,DEPT_021,2024-10-12,15:45,Completed,Chest Discomfort,50
APT_006243,P_01676,DOC_006,DEPT_018,2025-04-16,09:45,Completed,Respiratory Symptoms,33
APT_006244,P_00204,DOC_033,DEPT_002,2025-02-14,12:30,No-Show,Annual Health Checkup,0
APT_006245,P_01954,DOC_032,DEPT_016,2024-12-19,10:00,Completed,Respiratory Symptoms,64
APT_006246,P_03497,DOC_031,DEPT_024,2024-09-30,13:00,Completed,,37
APT_006247,P_03250,DOC_006,DEPT_018,2024-12-28,10:30,Completed,Routine Follow-up,33
APT_006248,P_02818,DOC_040,DEPT_027,2025-03-24,14:30,Scheduled,Medication Adjustment,0
APT_006249,P_02505,DOC_010,DEPT_021,2024-03-25,15:15,Completed,Respiratory Symptoms,54
APT_006250,P_03202,DOC_021,DEPT_019,2024-02-13,16:00,Completed,Medication Adjustment,30
APT_006251,P_00675,DOC_035,DEPT_003,2024-08-25,09:30,Scheduled,,0
APT_006252,P_01263,DOC_033,DEPT_002,2024-03-04,09:00,Completed,Medication Adjustment,10
APT_006253,P_02770,DOC_016,DEPT_009,2024-07-30,09:00,Completed,Diabetes Monitoring,34
APT_006254,P_00227,DOC_019,DEPT_039,2024-02-06,09:45,Scheduled,Routine Follow-up,0
APT_006255,P_00405,DOC_003,DEPT_036,2025-04-08,16:45,Completed,Diabetes Monitoring,58
APT_006256,P_03008,DOC_026,DEPT_020,2024-07-17,09:30,Completed,Respiratory Symptoms,64
APT_006257,P_00374,DOC_034,DEPT_005,2025-03-18,16:45,No-Show,Medication Adjustment,0
APT_006258,P_01310,DOC_027,DEPT_037,2025-01-30,10:00,Completed,Diabetes Monitoring,32
APT_006259,P_01794,DOC_038,DEPT_031,2024-09-09,09:00,Completed,Medication Adjustment,63
APT_006260,P_03361,DOC_018,DEPT_039,2024-06-01,10:15,Cancelled,Diabetes Monitoring,0
APT_006261,P_02709,DOC_026,DEPT_020,2025-02-26,16:15,Completed,Chronic Disease Review,9
APT_006262,P_00629,DOC_023,DEPT_007,2024-09-30,12:30,Scheduled,Post-Operative Follow-up,0
APT_006263,P_00183,DOC_038,DEPT_031,2025-03-02,13:30,Scheduled,Post-Operative Follow-up,0
APT_006264,P_00495,DOC_009,DEPT_030,2024-11-16,15:15,Completed,Annual Health Checkup,31
APT_006265,P_00720,DOC_007,DEPT_024,2024-05-13,08:00,Completed,Diabetes Monitoring,13
APT_006266,P_00160,DOC_024,DEPT_024,2024-05-01,08:45,Completed,Medication Adjustment,14
APT_006267,P_00122,DOC_006,DEPT_018,2024-04-05,17:45,Scheduled,Chronic Disease Review,0
APT_006268,P_01023,DOC_015,DEPT_038,2024-12-27,08:45,Completed,Chronic Disease Review,60
APT_006269,P_00162,DOC_015,DEPT_038,2024-06-10,13:30,Completed,Routine Follow-up,38
APT_006270,P_00310,DOC_004,DEPT_005,2024-03-18,14:15,Completed,Post-Operative Follow-up,64
APT_006271,P_00442,DOC_036,DEPT_016,2025-02-04,10:00,Scheduled,Chronic Disease Review,0
APT_006272,P_03368,DOC_018,DEPT_039,2024-11-22,16:45,Completed,Medication Adjustment,57
APT_006273,P_00290,DOC_037,DEPT_035,2024-08-11,13:00,Completed,Post-Operative Follow-up,56
APT_006274,P_00615,DOC_029,DEPT_036,2024-03-13,14:00,Completed,Medication Adjustment,63
APT_006275,P_00883,DOC_033,DEPT_002,2024-07-31,14:00,Completed,Routine Follow-up,63
APT_006276,P_01336,DOC_026,DEPT_020,2025-03-27,17:30,Completed,Annual Health Checkup,42
APT_006277,P_01261,DOC_040,DEPT_027,2025-02-19,10:15,Completed,Annual Health Checkup,20
APT_006278,P_00743,DOC_017,DEPT_008,2025-03-30,09:00,Scheduled,Chronic Disease Review,0
APT_006279,P_02885,DOC_010,DEPT_021,2025-03-26,16:45,Completed,Diabetes Monitoring,16
APT_006280,P_03209,DOC_024,DEPT_024,2025-01-09,17:30,Completed,Chronic Disease Review,43
APT_006281,P_02057,DOC_005,DEPT_006,2024-08-26,17:15,Completed,Chest Discomfort,48
APT_006282,P_00920,DOC_039,DEPT_007,2025-03-21,16:15,Scheduled,Routine Follow-up,0
APT_006283,P_00033,DOC_013,DEPT_026,2025-01-22,10:45,Completed,Diabetes Monitoring,18
APT_006284,P_01859,DOC_036,DEPT_016,2024-06-14,12:00,completed,Chest Discomfort,22
APT_006285,P_01785,DOC_010,DEPT_021,2024-03-14,08:00,No-Show,Diabetes Monitoring,0
APT_006286,P_02554,DOC_006,DEPT_018,2024-09-05,14:30,Completed,Annual Health Checkup,37
APT_006287,P_01821,DOC_018,DEPT_039,2024-01-13,13:15,Completed,Diabetes Monitoring,39
APT_006288,P_02421,DOC_004,DEPT_005,2025-03-28,13:45,Cancelled,,0
APT_006289,P_01294,DOC_015,DEPT_038,2024-05-31,16:45,No-Show,Chronic Disease Review,0
APT_006290,P_00053,DOC_003,DEPT_036,2024-08-01,17:30,No-Show,Chest Discomfort,0
APT_006291,P_01732,DOC_024,DEPT_024,2024/11/12 00:00:00,16:15,Completed,Annual Health Checkup,31
APT_006292,P_02914,DOC_020,DEPT_008,2024-06-16,13:45,Completed,Routine Follow-up,8
APT_006293,P_03322,DOC_022,DEPT_001,2024-11-01,10:30,Completed,Diabetes Monitoring,63
APT_006294,P_01153,DOC_011,DEPT_021,2024-02-23,17:30,Completed,Medication Adjustment,42
APT_006295,P_01336,DOC_029,DEPT_036,2024-03-28,09:30,Completed,Post-Operative Follow-up,19
APT_006296,P_00077,DOC_040,DEPT_027,2024-06-11,17:00,  Completed  ,Annual Health Checkup,17
APT_006297,P_03054,DOC_003,DEPT_036,2025-04-04,10:15,Completed,Diabetes Monitoring,32
APT_006298,P_03363,DOC_005,DEPT_006,2024-09-05,17:00,Completed,Post-Operative Follow-up,19
APT_006299,P_00126,DOC_014,DEPT_009,2024-03-14,14:30,Completed,Post-Operative Follow-up,24
APT_006300,P_02676,DOC_020,DEPT_008,2024-06-09,12:30,Completed,Chronic Disease Review,23
APT_006301,P_02757,DOC_019,DEPT_039,2024-07-08,10:15,Completed,Post-Operative Follow-up,23
APT_006302,P_00926,DOC_022,DEPT_001,2025-03-22,17:45,Completed,Chronic Disease Review,36
APT_006303,P_00824,DOC_002,DEPT_035,2024-07-30,10:30,Completed,Annual Health Checkup,64
APT_006304,P_02013,DOC_022,DEPT_001,2024-10-28,11:15,completed,Annual Health Checkup,61
APT_006305,P_00685,DOC_037,DEPT_035,2025-03-30,16:00,Completed,Chronic Disease Review,16
APT_006306,P_03308,DOC_001,DEPT_023,2024-07-25,14:00,Completed,Chest Discomfort,51
APT_006307,P_02122,DOC_028,DEPT_005,2024-05-29,16:30,No-Show,Chronic Disease Review,0
APT_006308,P_02014,DOC_011,DEPT_021,2025-02-07,16:30,Completed,Post-Operative Follow-up,23
APT_006309,P_02762,DOC_037,DEPT_035,2024-06-26,08:45,Completed,Annual Health Checkup,43
APT_006310,P_02642,DOC_008,DEPT_005,2024-01-15,15:30,Completed,Chronic Disease Review,36
APT_006311,P_01664,DOC_036,DEPT_016,2024-07-10,11:15,Completed,Chronic Disease Review,65
APT_006312,P_00917,DOC_032,DEPT_016,2024-11-18,17:15,Completed,Medication Adjustment,9
APT_006313,P_00013,DOC_012,DEPT_014,2024-01-19,10:15,Cancelled,Chronic Disease Review,0
APT_006314,P_02592,DOC_028,DEPT_005,2024-06-26,14:45,Completed,Routine Follow-up,41
APT_006315,P_01589,DOC_009,DEPT_030,2024-12-08,08:15,Cancelled,Respiratory Symptoms,0
APT_006316,P_02130,DOC_036,DEPT_016,2025-01-14,15:00,Completed,Post-Operative Follow-up,65
APT_006317,P_02367,DOC_015,DEPT_038,2024-03-18,12:45,Completed,,48
APT_006318,P_00837,DOC_034,DEPT_005,2024-12-27,12:45,Completed,Post-Operative Follow-up,29
APT_006319,P_01758,DOC_020,DEPT_008,2024-05-31,11:30,Completed,Respiratory Symptoms,44
APT_006320,P_00426,DOC_012,DEPT_014,2024-01-10,13:00,Completed,Diabetes Monitoring,64
APT_006321,P_00983,DOC_036,DEPT_016,2024-06-27,12:15,Completed,Chronic Disease Review,26
APT_006322,P_02585,DOC_038,DEPT_031,2024-05-21,15:00,Completed,Post-Operative Follow-up,20
APT_006323,P_03159,DOC_030,DEPT_014,2024-04-25,09:15,Cancelled,Annual Health Checkup,0
APT_006324,P_01054,DOC_015,DEPT_038,14-03-2025,11:15,Completed,Annual Health Checkup,25
APT_006325,P_00702,DOC_034,DEPT_005,2024-12-01,13:30,Completed,Chronic Disease Review,58
APT_006326,P_01041,DOC_011,DEPT_021,2024-07-15,17:15,Completed,Respiratory Symptoms,43
APT_006327,P_03474,DOC_024,DEPT_024,2024-01-27,10:15,Completed,Post-Operative Follow-up,18
APT_006328,P_01530,DOC_006,DEPT_018,13-01-2024,12:00,  Completed  ,Respiratory Symptoms,23
APT_006329,P_02255,DOC_019,DEPT_039,2025-02-25,15:30,Completed,Diabetes Monitoring,23
APT_006330,P_01746,DOC_002,DEPT_035,2024-02-16,14:45,Scheduled,,0
APT_006331,P_01409,DOC_040,DEPT_027,2025-02-08,14:30,Completed,Chronic Disease Review,8
APT_006332,P_02061,DOC_005,DEPT_006,2025-03-17,08:15,Completed,Chest Discomfort,20
APT_006333,P_02089,DOC_029,DEPT_036,2024-06-20,10:15,Completed,Chronic Disease Review,61
APT_006334,P_03260,DOC_040,DEPT_027,2024-12-01,14:00,Completed,Chest Discomfort,61
APT_006335,P_00713,DOC_004,DEPT_005,2024-05-22,16:45,Completed,Routine Follow-up,15
APT_006336,P_01339,DOC_038,DEPT_031,2024-04-16,16:30,COMPLETED,Annual Health Checkup,37
APT_006337,P_02010,DOC_030,DEPT_014,2024-02-17,10:00,Completed,Diabetes Monitoring,29
APT_006338,P_00411,DOC_005,DEPT_006,2024-04-07,11:30,Completed,Routine Follow-up,62
APT_006339,P_01577,DOC_031,DEPT_024,2024-07-25,08:30,Completed,Post-Operative Follow-up,19
APT_006340,P_01159,DOC_016,DEPT_009,2024-11-19,17:00,No-Show,Routine Follow-up,0
APT_006341,P_00243,DOC_016,DEPT_009,2024-01-27,15:45,Completed,Post-Operative Follow-up,43
APT_006342,P_02190,DOC_023,DEPT_007,2025-02-25,12:30,Completed,Routine Follow-up,54
APT_006343,P_02711,DOC_007,DEPT_024,2024-08-22,10:00,Scheduled,Post-Operative Follow-up,0
APT_006344,P_02027,DOC_014,DEPT_009,2025-01-24,17:45,Completed,Routine Follow-up,65
APT_006345,P_01367,DOC_022,DEPT_001,2024-05-02,09:45,Completed,Diabetes Monitoring,51
APT_006346,P_00205,DOC_003,DEPT_036,2024-02-12,09:00,Cancelled,Diabetes Monitoring,0
APT_006347,P_01090,DOC_023,DEPT_007,2024-11-07,12:00,Cancelled,Annual Health Checkup,0
APT_006348,P_00820,DOC_008,DEPT_005,2024-08-26,13:15,Scheduled,Chest Discomfort,0
APT_006349,P_02311,DOC_039,DEPT_007,2025-02-22,16:00,Completed,Post-Operative Follow-up,23
APT_006350,P_01924,DOC_018,DEPT_039,2024-02-25,12:00,Completed,Diabetes Monitoring,17
APT_006351,P_02937,DOC_001,DEPT_023,2024-03-07,15:15,Completed,Medication Adjustment,52
APT_006352,P_01370,DOC_006,DEPT_018,2025-03-09,16:00,Completed,Routine Follow-up,19
APT_006353,P_00762,DOC_032,DEPT_016,2024-07-20,14:15,completed,Chronic Disease Review,24
APT_006354,P_03106,DOC_019,DEPT_039,2024-01-10,14:00,Completed,Annual Health Checkup,25
APT_006355,P_03117,DOC_006,DEPT_018,2024-10-02,14:15,Completed,Post-Operative Follow-up,65
APT_006356,P_01018,DOC_012,DEPT_014,2024-06-19,16:00,Completed,Chronic Disease Review,63
APT_006357,P_00198,DOC_034,DEPT_005,2024-11-15,14:45,Cancelled,Diabetes Monitoring,0
APT_006358,P_02446,DOC_002,DEPT_035,2024-05-05,09:45,Completed,Post-Operative Follow-up,24
APT_006359,P_00075,DOC_013,DEPT_026,2024-11-17,15:30,Scheduled,Chronic Disease Review,0
APT_006360,P_03195,DOC_008,DEPT_005,2025-04-20,09:45,Scheduled,Routine Follow-up,0
APT_006361,P_03256,DOC_012,DEPT_014,2024-09-25,11:15,Completed,Respiratory Symptoms,43
APT_006362,P_02247,DOC_037,DEPT_035,2025-01-30,09:45,Completed,Chronic Disease Review,39
APT_006363,P_02594,DOC_036,DEPT_016,13-04-2025,16:30,Completed,Respiratory Symptoms,55
APT_006364,P_02840,DOC_008,DEPT_005,2024-07-12,15:45,Cancelled,Post-Operative Follow-up,0
APT_006365,P_02175,DOC_009,DEPT_030,2025-02-07,14:30,Completed,Diabetes Monitoring,36
APT_006366,P_03239,DOC_035,DEPT_003,2024-07-06,16:15,Cancelled,Annual Health Checkup,0
APT_006367,P_00236,DOC_005,DEPT_006,03/07/2024,12:45,Completed,Annual Health Checkup,57
APT_006368,P_00261,DOC_035,DEPT_003,2024-02-04,09:45,Cancelled,Respiratory Symptoms,0
APT_006369,P_02223,DOC_023,DEPT_007,2024-10-19,08:00,SCHEDULED,Medication Adjustment,0
APT_006370,P_00078,DOC_040,DEPT_027,2024-12-04,15:30,Completed,Chest Discomfort,40
APT_006371,P_02742,DOC_029,DEPT_036,2025/02/17 00:00:00,08:30,  Completed  ,Diabetes Monitoring,46
APT_006372,P_02441,DOC_019,DEPT_039,2025-01-14,09:30,Scheduled,Routine Follow-up,0
APT_006373,P_02397,DOC_026,DEPT_020,2024-11-26,13:45,Scheduled,Respiratory Symptoms,0
APT_006374,P_00897,DOC_002,DEPT_035,2024-02-16,15:45,Completed,Diabetes Monitoring,45
APT_006375,P_01923,DOC_001,DEPT_023,2024-08-08,13:30,Completed,Chronic Disease Review,47
APT_006376,P_01345,DOC_003,DEPT_036,2024-01-21,16:00,Scheduled,Chest Discomfort,0
APT_006377,P_02712,DOC_025,DEPT_032,2024-03-18,10:15,No-Show,Diabetes Monitoring,0
APT_006378,P_00925,DOC_006,DEPT_018,2024-09-01,14:00,Completed,Post-Operative Follow-up,56
APT_006379,P_01165,DOC_020,DEPT_008,2024-06-23,15:45,Scheduled,Chronic Disease Review,0
APT_006380,P_00450,DOC_012,DEPT_014,2024-11-04,11:00,Cancelled,Post-Operative Follow-up,0
APT_006381,P_03288,DOC_006,DEPT_018,2025-02-20,11:00,Completed,Annual Health Checkup,43
APT_006382,P_00302,DOC_025,DEPT_032,2024-10-06,11:45,Completed,,17
APT_006383,P_00466,DOC_036,DEPT_016,2024-11-02,15:45,No-Show,Chronic Disease Review,0
APT_006384,P_01474,DOC_029,DEPT_036,2025-03-25,14:30,Cancelled,Chest Discomfort,0
APT_006385,P_01104,DOC_032,DEPT_016,2024-06-13,11:00,No-Show,Medication Adjustment,0
APT_006386,P_00705,DOC_040,DEPT_027,2024-06-23,15:30,Completed,,15
APT_006387,P_03411,DOC_006,DEPT_018,2024-05-19,08:30,Scheduled,Chronic Disease Review,0
APT_006388,P_02223,DOC_037,DEPT_035,2024-05-21,14:00,Completed,Medication Adjustment,45
APT_006389,P_02624,DOC_018,DEPT_039,2025-01-27,15:30,Scheduled,Routine Follow-up,0
APT_006390,P_02459,DOC_011,DEPT_021,2024-08-25,10:00,Completed,Medication Adjustment,30
APT_006391,P_02553,DOC_012,DEPT_014,2024-08-28,08:00,Completed,Diabetes Monitoring,57
APT_006392,P_01864,DOC_036,DEPT_016,2024-08-17,14:45,Completed,Medication Adjustment,35
APT_006393,P_00298,DOC_031,DEPT_024,2025-02-07,10:15,Completed,Post-Operative Follow-up,20
APT_006394,P_00445,DOC_023,DEPT_007,2024-12-30,11:00,Completed,Chronic Disease Review,27
APT_006395,P_03273,DOC_040,DEPT_027,2024-01-03,08:15,Completed,Medication Adjustment,23
APT_006396,P_00539,DOC_001,DEPT_023,2024-05-04,09:45,Completed,Chest Discomfort,38
APT_006397,P_00083,DOC_001,DEPT_023,2024-07-22,12:30,Completed,Respiratory Symptoms,65
APT_006398,P_01565,DOC_033,DEPT_002,2024-08-27,11:45,Completed,Annual Health Checkup,31
APT_006399,P_02477,DOC_025,DEPT_032,2024-05-03,17:45,No-Show,Post-Operative Follow-up,0
APT_006400,P_02804,DOC_015,DEPT_038,2024-04-20,09:00,Completed,Chest Discomfort,11
APT_006401,P_02866,DOC_005,DEPT_006,2024-12-30,15:00,Cancelled,Post-Operative Follow-up,0
APT_006402,P_00706,DOC_031,DEPT_024,2024-11-16,15:45,Scheduled,Chest Discomfort,0
APT_006403,P_01261,DOC_027,DEPT_037,2024-08-27,08:00,Completed,Medication Adjustment,52
APT_006404,P_02613,DOC_017,DEPT_008,2024-01-14,17:00,Completed,Post-Operative Follow-up,47
APT_006405,P_02364,DOC_009,DEPT_030,2024-08-20,14:15,COMPLETED,Post-Operative Follow-up,12
APT_006406,P_01647,DOC_013,DEPT_026,12/15/2024,15:45,Completed,Post-Operative Follow-up,58
APT_006407,P_01410,DOC_024,DEPT_024,2024-08-25,10:15,Cancelled,Post-Operative Follow-up,0
APT_006408,P_01252,DOC_002,DEPT_035,2024-11-30,16:15,Completed,Chronic Disease Review,10
APT_006409,P_02132,DOC_006,DEPT_018,2024-11-22,15:30,Completed,Medication Adjustment,51
APT_006410,P_01110,DOC_011,DEPT_021,2024-12-30,16:00,Scheduled,Chronic Disease Review,0
APT_006411,P_01349,DOC_035,DEPT_003,2025-02-08,16:30,Scheduled,Diabetes Monitoring,0
APT_006412,P_01998,DOC_018,DEPT_039,28-08-2024,12:15,Completed,Post-Operative Follow-up,19
APT_006413,P_00320,DOC_008,DEPT_005,2024-06-04,12:15,Scheduled,Annual Health Checkup,0
APT_006414,P_03220,DOC_027,DEPT_037,2024-09-02,16:30,Scheduled,Chronic Disease Review,0
APT_006415,P_02806,DOC_023,DEPT_007,2024-12-13,15:45,Completed,Diabetes Monitoring,35
APT_006416,P_02485,DOC_029,DEPT_036,2024-01-17,09:30,Completed,Post-Operative Follow-up,26
APT_006417,P_02173,DOC_016,DEPT_009,2025-01-18,14:30,  Completed  ,Annual Health Checkup,16
APT_006418,P_01609,DOC_035,DEPT_003,2025-04-07,12:15,Completed,,32
APT_006419,P_02268,DOC_003,DEPT_036,2024-05-28,09:15,Completed,Chest Discomfort,10
APT_006420,P_00258,DOC_022,DEPT_001,2025-03-30,09:00,Completed,Post-Operative Follow-up,53
APT_006421,P_03207,DOC_005,DEPT_006,2025-01-16,17:00,completed,Respiratory Symptoms,59
APT_006422,P_00740,DOC_004,DEPT_005,2024-05-04,10:30,Cancelled,Respiratory Symptoms,0
APT_006423,P_00319,DOC_037,DEPT_035,2025-02-25,11:45,Completed,Annual Health Checkup,56
APT_006424,P_01155,DOC_023,DEPT_007,2025-01-15,08:15,Scheduled,Chest Discomfort,0
APT_006425,P_01978,DOC_019,DEPT_039,2024-01-24,11:15,Completed,Medication Adjustment,32
APT_006426,P_01679,DOC_009,DEPT_030,2024-02-17,12:00,Scheduled,Chronic Disease Review,0
APT_006427,P_02530,DOC_010,DEPT_021,2024-11-18,15:45,COMPLETED,Chest Discomfort,17
APT_006428,P_01120,DOC_029,DEPT_036,2025-01-28,15:15,Cancelled,Diabetes Monitoring,0
APT_006429,P_01671,DOC_013,DEPT_026,2024-09-28,13:15,Completed,Chest Discomfort,63
APT_006430,P_02236,DOC_031,DEPT_024,2025-04-23,16:15,Completed,Post-Operative Follow-up,49
APT_006431,P_01523,DOC_003,DEPT_036,2024-06-17,09:00,Completed,Diabetes Monitoring,14
APT_006432,P_00040,DOC_029,DEPT_036,2024-11-02,09:00,Completed,Diabetes Monitoring,52
APT_006433,P_00676,DOC_013,DEPT_026,2024/06/03 00:00:00,08:45,Completed,Diabetes Monitoring,61
APT_006434,P_03218,DOC_006,DEPT_018,2025-04-25,10:30,Completed,Routine Follow-up,49
APT_006435,P_00869,DOC_014,DEPT_009,12/27/2024,17:00,Completed,Chronic Disease Review,64
APT_006436,P_00391,DOC_010,DEPT_021,2024-10-13,16:00,Completed,Chronic Disease Review,38
APT_006437,P_02229,DOC_004,DEPT_005,2024-05-10,12:30,Completed,Chronic Disease Review,63
APT_006438,P_03440,DOC_033,DEPT_002,2024-09-08,12:00,Scheduled,Medication Adjustment,0
APT_006439,P_01266,DOC_003,DEPT_036,2024-11-18,12:15,Completed,Post-Operative Follow-up,36
APT_006440,P_01046,DOC_013,DEPT_026,2024-07-20,10:30,Completed,Chronic Disease Review,50
APT_006441,P_02623,DOC_036,DEPT_016,2024-01-03,16:00,completed,Diabetes Monitoring,28
APT_006442,P_01532,DOC_012,DEPT_014,2024-07-24,15:15,Completed,Medication Adjustment,20
APT_006443,P_01802,DOC_019,DEPT_039,2024-08-08,17:00,Scheduled,Diabetes Monitoring,0
APT_006444,P_02474,DOC_032,DEPT_016,2024-06-25,13:00,No-Show,Annual Health Checkup,0
APT_006445,P_00327,DOC_006,DEPT_018,2025-04-16,13:45,Scheduled,Routine Follow-up,0
APT_006446,P_00979,DOC_019,DEPT_039,2024-07-19,15:45,Scheduled,Annual Health Checkup,0
APT_006447,P_02861,DOC_024,DEPT_024,2024-08-23,16:00,Cancelled,Medication Adjustment,0
APT_006448,P_02242,DOC_017,DEPT_008,2024-05-07,10:15,Scheduled,Chronic Disease Review,0
APT_006449,P_02616,DOC_033,DEPT_002,2024-08-19,12:15,COMPLETED,Routine Follow-up,28
APT_006450,P_00908,DOC_003,DEPT_036,2024-06-02,12:30,scheduled,Diabetes Monitoring,0
APT_006451,P_01028,DOC_029,DEPT_036,2024-01-15,13:00,Completed,Chronic Disease Review,46
APT_006452,P_01925,DOC_038,DEPT_031,2024-12-12,16:00,Scheduled,Annual Health Checkup,0
APT_006453,P_01745,DOC_028,DEPT_005,2024-09-27,14:45,Completed,Medication Adjustment,53
APT_006454,P_03457,DOC_018,DEPT_039,2025-01-20,11:30,Completed,Annual Health Checkup,25
APT_006455,P_01454,DOC_001,DEPT_023,2024-09-09,11:30,Completed,Medication Adjustment,46
APT_006456,P_03036,DOC_013,DEPT_026,2024-02-13,15:15,completed,Chest Discomfort,36
APT_006457,P_00911,DOC_031,DEPT_024,2024-07-10,14:00,No-Show,Post-Operative Follow-up,0
APT_006458,P_03217,DOC_003,DEPT_036,01/08/2024,17:45,Completed,Chest Discomfort,50
APT_006459,P_01676,DOC_020,DEPT_008,2024-07-21,08:00,Scheduled,Annual Health Checkup,0
APT_006460,P_01789,DOC_026,DEPT_020,2025-02-03,13:30,Completed,Medication Adjustment,31
APT_006461,P_02321,DOC_007,DEPT_024,2024-07-07,12:45,Completed,Routine Follow-up,31
APT_006462,P_01646,DOC_018,DEPT_039,2024-03-11,14:30,No-Show,Chronic Disease Review,0
APT_006463,P_02790,DOC_014,DEPT_009,2024-11-20,13:30,Completed,Chronic Disease Review,34
APT_006464,P_03342,DOC_025,DEPT_032,2025-02-10,14:15,Completed,Post-Operative Follow-up,39
APT_006465,P_01857,DOC_010,DEPT_021,2024-08-27,10:45,Cancelled,Annual Health Checkup,0
APT_006466,P_01694,DOC_018,DEPT_039,2024-12-01,08:00,Completed,Chronic Disease Review,38
APT_006467,P_00667,DOC_034,DEPT_005,2024-07-06,14:00,  Completed  ,Medication Adjustment,41
APT_006468,P_01969,DOC_030,DEPT_014,2024-03-16,08:45,Completed,Annual Health Checkup,36
APT_006469,P_00070,DOC_036,DEPT_016,2024-01-01,17:30,completed,Respiratory Symptoms,20
APT_006470,P_01753,DOC_032,DEPT_016,2025-02-12,12:15,Scheduled,Annual Health Checkup,0
APT_006471,P_00916,DOC_035,DEPT_003,2025-04-23,12:00,COMPLETED,Annual Health Checkup,50
APT_006472,P_02546,DOC_029,DEPT_036,2025-01-29,16:00,Completed,Annual Health Checkup,15
APT_006473,P_01677,DOC_037,DEPT_035,2024-12-21,15:15,Completed,Diabetes Monitoring,14
APT_006474,P_01210,DOC_036,DEPT_016,2025-01-04,14:00,Completed,Annual Health Checkup,24
APT_006475,P_01697,DOC_017,DEPT_008,2024-07-06,15:30,Completed,Post-Operative Follow-up,9
APT_006476,P_01706,DOC_005,DEPT_006,2024-12-18,15:30,completed,Routine Follow-up,28
APT_006477,P_03072,DOC_032,DEPT_016,2024-11-02,15:30,Scheduled,Chronic Disease Review,0
APT_006478,P_00285,DOC_031,DEPT_024,2024-11-30,16:15,Completed,Routine Follow-up,32
APT_006479,P_01490,DOC_014,DEPT_009,2025-03-14,15:45,Completed,Medication Adjustment,45
APT_006480,P_02113,DOC_024,DEPT_024,2024-10-26,13:15,Completed,Diabetes Monitoring,35
APT_006481,P_02966,DOC_034,DEPT_005,2024-06-27,15:00,SCHEDULED,Respiratory Symptoms,0
APT_006482,P_01148,DOC_001,DEPT_023,2024-01-18,12:45,No-Show,Diabetes Monitoring,0
APT_006483,P_00504,DOC_033,DEPT_002,2025-04-24,09:45,Completed,Medication Adjustment,10
APT_006484,P_02787,DOC_016,DEPT_009,2024-08-13,14:30,Completed,Medication Adjustment,50
APT_006485,P_00563,DOC_022,DEPT_001,2024-02-03,11:15,Completed,Chronic Disease Review,22
APT_006486,P_03392,DOC_014,DEPT_009,2024-01-14,10:30,Completed,Chronic Disease Review,12
APT_006487,P_00246,DOC_025,DEPT_032,2024-10-18,16:15,Completed,Medication Adjustment,33
APT_006488,P_01495,DOC_020,DEPT_008,2025-04-13,11:15,Completed,Post-Operative Follow-up,29
APT_006489,P_02730,DOC_022,DEPT_001,2025-03-02,11:15,Scheduled,Respiratory Symptoms,0
APT_006490,P_02719,DOC_016,DEPT_009,2024-04-27,09:30,  Completed  ,Medication Adjustment,43
APT_006491,P_03449,DOC_015,DEPT_038,2024-09-26,09:30,Completed,Post-Operative Follow-up,40
APT_006492,P_01761,DOC_029,DEPT_036,2024-03-19,08:15,Cancelled,Medication Adjustment,0
APT_006493,P_02434,DOC_007,DEPT_024,2024-07-29,12:30,Scheduled,Annual Health Checkup,0
APT_006494,P_02546,DOC_028,DEPT_005,2024-09-07,17:45,Completed,Diabetes Monitoring,32
APT_006495,P_01131,DOC_037,DEPT_035,2024-04-26,09:15,Completed,Medication Adjustment,64
APT_006496,P_02495,DOC_004,DEPT_005,2024-04-09,13:15,Completed,Medication Adjustment,24
APT_006497,P_02853,DOC_025,DEPT_032,2025-04-24,17:00,Completed,Chest Discomfort,15
APT_006498,P_01046,DOC_013,DEPT_026,2024-05-04,14:45,Completed,Routine Follow-up,35
APT_006499,P_03096,DOC_036,DEPT_016,2024-10-07,12:00,Completed,Respiratory Symptoms,39
APT_006500,P_03240,DOC_002,DEPT_035,2025-03-29,15:45,Completed,Respiratory Symptoms,12
APT_006501,P_01976,DOC_015,DEPT_038,2024-05-24,15:45,Cancelled,Respiratory Symptoms,0
APT_006502,P_01028,DOC_015,DEPT_038,2025-01-29,10:45,Completed,Routine Follow-up,44
APT_006503,P_03174,DOC_015,DEPT_038,2025-04-23,10:45,Completed,,49
APT_006504,P_03255,DOC_040,DEPT_027,2025-03-09,16:45,Completed,Medication Adjustment,19
APT_006505,P_03147,DOC_025,DEPT_032,2025-03-19,12:00,Completed,Routine Follow-up,57
APT_006506,P_03482,DOC_023,DEPT_007,2025-04-06,15:45,Completed,Post-Operative Follow-up,56
APT_006507,P_03275,DOC_013,DEPT_026,2024-11-01,08:30,  Completed  ,Respiratory Symptoms,19
APT_006508,P_01382,DOC_009,DEPT_030,2024-12-06,08:15,Completed,Respiratory Symptoms,10
APT_006509,P_01137,DOC_013,DEPT_026,2024-04-29,15:15,Scheduled,Medication Adjustment,0
APT_006510,P_00199,DOC_021,DEPT_019,2024-11-21,14:30,Completed,Annual Health Checkup,54
APT_006511,P_03174,DOC_030,DEPT_014,2024-12-24,12:15,Completed,Chronic Disease Review,41
APT_006512,P_01896,DOC_037,DEPT_035,2024-10-29,09:15,Completed,Annual Health Checkup,54
APT_006513,P_01487,DOC_027,DEPT_037,2024-05-12,08:00,Completed,Routine Follow-up,19
APT_006514,P_02051,DOC_015,DEPT_038,2024-06-19,12:30,Completed,Routine Follow-up,34
APT_006515,P_00672,DOC_016,DEPT_009,2024-04-04,08:45,Completed,Chronic Disease Review,44
APT_006516,P_01912,DOC_008,DEPT_005,2024-12-02,09:45,Completed,Annual Health Checkup,39
APT_006517,P_00107,DOC_032,DEPT_016,2024-06-06,14:15,Completed,Medication Adjustment,29
APT_006518,P_00410,DOC_014,DEPT_009,2024-06-17,17:45,Completed,Chest Discomfort,38
APT_006519,P_01459,DOC_009,DEPT_030,2024-11-03,17:00,Completed,Medication Adjustment,19
APT_006520,P_02512,DOC_018,DEPT_039,2024-01-25,15:45,Completed,Chest Discomfort,47
APT_006521,P_01155,DOC_022,DEPT_001,2024-03-11,08:45,Completed,Chronic Disease Review,15
APT_006522,P_00134,DOC_026,DEPT_020,2024-05-21,16:45,Completed,Routine Follow-up,62
APT_006523,P_01297,DOC_015,DEPT_038,2024-04-29,14:15,Completed,Respiratory Symptoms,41
APT_006524,P_01995,DOC_011,DEPT_021,2025-03-01,13:30,Completed,Routine Follow-up,39
APT_006525,P_01518,DOC_012,DEPT_014,2025-03-12,17:00,Completed,Medication Adjustment,31
APT_006526,P_01908,DOC_032,DEPT_016,2024-08-07,16:15,Completed,Annual Health Checkup,63
APT_006527,P_02664,DOC_016,DEPT_009,2024-09-15,14:00,Completed,Annual Health Checkup,36
APT_006528,P_01602,DOC_002,DEPT_035,2024-09-28,09:30,SCHEDULED,Post-Operative Follow-up,0
APT_006529,P_02855,DOC_009,DEPT_030,2025-01-13,08:15,Scheduled,Respiratory Symptoms,0
APT_006530,P_00353,DOC_005,DEPT_006,2025-03-03,13:00,Completed,Diabetes Monitoring,26
APT_006531,P_00861,DOC_029,DEPT_036,2024-05-09,12:15,Completed,Post-Operative Follow-up,42
APT_006532,P_01971,DOC_013,DEPT_026,2024-11-11,14:30,completed,Chest Discomfort,16
APT_006533,P_01610,DOC_013,DEPT_026,2024-12-17,11:15,Cancelled,Chest Discomfort,0
APT_006534,P_00046,DOC_035,DEPT_003,2024-02-15,15:45,Scheduled,Chest Discomfort,0
APT_006535,P_01622,DOC_037,DEPT_035,2024-07-14,09:45,Completed,Chest Discomfort,31
APT_006536,P_00809,DOC_024,DEPT_024,2025-01-31,11:45,Completed,Medication Adjustment,55
APT_006537,P_02635,DOC_030,DEPT_014,2024-11-24,16:00,Completed,Chronic Disease Review,40
APT_006538,P_01119,DOC_035,DEPT_003,2024-02-12,17:15,Completed,Medication Adjustment,53
APT_006539,P_02479,DOC_015,DEPT_038,2024-11-24,12:00,Scheduled,,0
APT_006540,P_02398,DOC_038,DEPT_031,2025-04-11,15:30,Completed,Chest Discomfort,60
APT_006541,P_02821,DOC_010,DEPT_021,2024-07-28,17:00,Completed,Respiratory Symptoms,17
APT_006542,P_02578,DOC_019,DEPT_039,2024-11-08,10:45,Completed,Annual Health Checkup,22
APT_006543,P_02604,DOC_021,DEPT_019,2024-05-09,08:00,Scheduled,Routine Follow-up,0
APT_006544,P_03325,DOC_022,DEPT_001,2024-12-23,13:15,Completed,Chest Discomfort,43
APT_006545,P_02890,DOC_026,DEPT_020,2024-11-02,12:45,Completed,Diabetes Monitoring,8
APT_006546,P_03320,DOC_026,DEPT_020,2024-10-09,17:45,Completed,Annual Health Checkup,53
APT_006547,P_01363,DOC_009,DEPT_030,2025-02-07,08:15,Scheduled,,0
APT_006548,P_02935,DOC_014,DEPT_009,2024-04-08,12:15,Completed,Routine Follow-up,57
APT_006549,P_00890,DOC_007,DEPT_024,2025-01-02,09:30,Completed,,45
APT_006550,P_00991,DOC_027,DEPT_037,2024/09/16 00:00:00,10:30,Completed,Routine Follow-up,35
APT_006551,P_00734,DOC_018,DEPT_039,2024-05-19,11:45,No-Show,Chest Discomfort,0
APT_006552,P_03270,DOC_018,DEPT_039,2024-05-09,09:30,Completed,,39
APT_006553,P_01365,DOC_037,DEPT_035,2024-04-22,10:00,  Completed  ,Diabetes Monitoring,53
APT_006554,P_02899,DOC_011,DEPT_021,2025-03-13,11:45,Completed,Chest Discomfort,58
APT_006555,P_02935,DOC_004,DEPT_005,2024-08-14,16:45,completed,Routine Follow-up,53
APT_006556,P_00805,DOC_020,DEPT_008,2024-07-29,16:30,Cancelled,Annual Health Checkup,0
APT_006557,P_03031,DOC_025,DEPT_032,2024-08-15,16:15,Completed,Post-Operative Follow-up,39
APT_006558,P_01550,DOC_020,DEPT_008,2024-06-24,15:45,Completed,Diabetes Monitoring,16
APT_006559,P_00336,DOC_020,DEPT_008,2024-06-04,09:45,Scheduled,Chest Discomfort,0
APT_006560,P_00027,DOC_022,DEPT_001,2024-10-22,11:45,Completed,Medication Adjustment,23
APT_006561,P_01397,DOC_020,DEPT_008,2024-03-20,16:00,Completed,Chronic Disease Review,59
APT_006562,P_03041,DOC_011,DEPT_021,2024-06-09,17:30,Completed,Medication Adjustment,50
APT_006563,P_02377,DOC_003,DEPT_036,2024-05-09,13:30,Completed,Diabetes Monitoring,31
APT_006564,P_01671,DOC_011,DEPT_021,2024/08/16 00:00:00,11:45,Completed,Diabetes Monitoring,23
APT_006565,P_03415,DOC_038,DEPT_031,2024-03-31,16:30,Completed,Annual Health Checkup,59
APT_006566,P_03200,DOC_034,DEPT_005,2024-03-25,12:00,Completed,Chest Discomfort,16
APT_006567,P_00528,DOC_011,DEPT_021,2024-07-10,09:45,Completed,Chest Discomfort,40
APT_006568,P_01389,DOC_038,DEPT_031,2024-05-10,08:30,UNKNOWN_VAL,Diabetes Monitoring,45
APT_006569,P_00727,DOC_031,DEPT_024,2024-05-09,12:15,Completed,Post-Operative Follow-up,25
APT_006570,P_01105,DOC_034,DEPT_005,2024-03-15,08:45,Scheduled,Chest Discomfort,0
APT_006571,P_00279,DOC_015,DEPT_038,2024-03-04,09:00,Completed,Medication Adjustment,30
APT_006572,P_00921,DOC_037,DEPT_035,2025-01-04,10:15,Scheduled,Chest Discomfort,0
APT_006573,P_00888,DOC_012,DEPT_014,2024-09-07,08:30,Completed,Diabetes Monitoring,9
APT_006574,P_03380,DOC_021,DEPT_019,2025-01-03,13:15,cancelled,Post-Operative Follow-up,0
APT_006575,P_00207,DOC_017,DEPT_008,2025-01-03,16:00,Completed,Respiratory Symptoms,18
APT_006576,P_01290,DOC_027,DEPT_037,2024-11-18,10:45,Completed,Diabetes Monitoring,20
APT_006577,P_00909,DOC_001,DEPT_023,2024-07-22,09:00,Completed,Chronic Disease Review,34
APT_006578,P_01505,DOC_001,DEPT_023,2024-01-25,15:30,Completed,Chronic Disease Review,18
APT_006579,P_00557,DOC_020,DEPT_008,2025-03-09,10:30,Scheduled,,0
APT_006580,P_02632,DOC_004,DEPT_005,2024-03-20,09:15,Completed,Diabetes Monitoring,25
APT_006581,P_01342,DOC_038,DEPT_031,2024-12-09,08:45,Completed,Respiratory Symptoms,33
APT_006582,P_01582,DOC_027,DEPT_037,2024-11-28,17:15,Scheduled,Routine Follow-up,0
APT_006583,P_03367,DOC_040,DEPT_027,2024-11-05,10:30,Scheduled,,0
APT_006584,P_01358,DOC_003,DEPT_036,2024-06-28,10:30,Completed,Routine Follow-up,40
APT_006585,P_01396,DOC_018,DEPT_039,2024-05-31,11:00,Scheduled,Diabetes Monitoring,0
APT_006586,P_02742,DOC_019,DEPT_039,2024-05-10,15:15,Completed,,43
APT_006587,P_01111,DOC_026,DEPT_020,2024-06-05,09:00,completed,Chronic Disease Review,39
APT_006588,P_02835,DOC_019,DEPT_039,2024-06-21,16:45,Completed,Chronic Disease Review,40
APT_006589,P_00556,DOC_023,DEPT_007,11/13/2024,11:00,Completed,Post-Operative Follow-up,26
APT_006590,P_00581,DOC_002,DEPT_035,2024-09-27,08:30,Completed,Respiratory Symptoms,10
APT_006591,P_02035,DOC_025,DEPT_032,2024-09-16,14:30,Completed,Post-Operative Follow-up,41
APT_006592,P_03024,DOC_024,DEPT_024,2025-02-20,12:45,Completed,Routine Follow-up,45
APT_006593,P_01400,DOC_009,DEPT_030,2024-04-13,13:45,Completed,Annual Health Checkup,49
APT_006594,P_01332,DOC_007,DEPT_024,2024-03-27,10:00,Completed,Diabetes Monitoring,60
APT_006595,P_03036,DOC_008,DEPT_005,2024-05-06,11:00,Completed,Annual Health Checkup,64
APT_006596,P_00836,DOC_039,DEPT_007,2024-11-04,08:00,Completed,Routine Follow-up,40
APT_006597,P_01226,DOC_016,DEPT_009,2024-06-10,17:00,Completed,Chest Discomfort,11
APT_006598,P_01030,DOC_005,DEPT_006,2024-06-12,11:00,Cancelled,Routine Follow-up,0
APT_006599,P_00342,DOC_017,DEPT_008,2024-04-01,15:15,Cancelled,Chest Discomfort,0
APT_006600,P_00395,DOC_022,DEPT_001,2025-03-02,14:15,Scheduled,Respiratory Symptoms,0
APT_006601,P_01754,DOC_030,DEPT_014,2024-10-10,10:15,Completed,Diabetes Monitoring,15
APT_006602,P_01399,DOC_018,DEPT_039,2024-03-15,11:00,Completed,Annual Health Checkup,36
APT_006603,P_02835,DOC_035,DEPT_003,2024-07-26,14:00,Completed,Chest Discomfort,58
APT_006604,P_00367,DOC_005,DEPT_006,2024-04-16,17:15,Completed,Medication Adjustment,40
APT_006605,P_03098,DOC_027,DEPT_037,2024-05-13,16:30,Scheduled,Chest Discomfort,0
APT_006606,P_01038,DOC_018,DEPT_039,2024-06-08,12:15,Scheduled,Medication Adjustment,0
APT_006607,P_03415,DOC_030,DEPT_014,2024-09-10,10:15,Completed,Annual Health Checkup,32
APT_006608,P_00821,DOC_001,DEPT_023,2024-01-01,09:15,Completed,Diabetes Monitoring,59
APT_006609,P_00763,DOC_032,DEPT_016,2024-02-06,12:45,completed,Annual Health Checkup,58
APT_006610,P_03029,DOC_005,DEPT_006,2024-10-15,15:15,Scheduled,Diabetes Monitoring,0
APT_006611,P_00522,DOC_026,DEPT_020,2024-03-11,16:00,Completed,Respiratory Symptoms,49
APT_006612,P_03285,DOC_031,DEPT_024,2024/06/27 00:00:00,13:45,Completed,Medication Adjustment,33
APT_006613,P_01729,DOC_001,DEPT_023,2024-01-30,11:00,Completed,Annual Health Checkup,20
APT_006614,P_00991,DOC_020,DEPT_008,2024-08-09,14:45,Cancelled,Annual Health Checkup,0
APT_006615,P_02424,DOC_010,DEPT_021,2025-01-13,15:00,Scheduled,Chronic Disease Review,0
APT_006616,P_00894,DOC_016,DEPT_009,2024-04-19,15:45,Completed,Chest Discomfort,55
APT_006617,P_03142,DOC_036,DEPT_016,2024-09-08,14:30,Completed,Annual Health Checkup,50
APT_006618,P_01074,DOC_017,DEPT_008,2025/03/19 00:00:00,11:30,Completed,Chest Discomfort,36
APT_006619,P_01391,DOC_023,DEPT_007,2024-11-29,16:30,Completed,Respiratory Symptoms,36
APT_006620,P_02263,DOC_020,DEPT_008,2025-01-08,14:45,Scheduled,Diabetes Monitoring,0
APT_006621,P_01787,DOC_020,DEPT_008,2024-10-21,16:15,Completed,Post-Operative Follow-up,40
APT_006622,P_00056,DOC_017,DEPT_008,2024-04-07,16:30,Scheduled,Diabetes Monitoring,0
APT_006623,P_02165,DOC_037,DEPT_035,2024-05-16,12:00,Completed,Routine Follow-up,49
APT_006624,P_03032,DOC_003,DEPT_036,2025-02-24,09:30,Cancelled,Chronic Disease Review,0
APT_006625,P_00741,DOC_024,DEPT_024,2024-04-15,15:00,cancelled,Annual Health Checkup,0
APT_006626,P_03134,DOC_003,DEPT_036,2024-08-28,17:00,Completed,Respiratory Symptoms,60
APT_006627,P_00959,DOC_003,DEPT_036,2024-09-08,14:15,Completed,Respiratory Symptoms,44
APT_006628,P_03197,DOC_001,DEPT_023,2024-12-02,17:00,Completed,Respiratory Symptoms,28
APT_006629,P_01235,DOC_019,DEPT_039,2024-12-31,14:30,No-Show,Chest Discomfort,0
APT_006630,P_00131,DOC_027,DEPT_037,2024-07-18,11:15,Scheduled,Chronic Disease Review,0
APT_006631,P_01178,DOC_020,DEPT_008,2024-01-11,13:15,Completed,Post-Operative Follow-up,31
APT_006632,P_01849,DOC_024,DEPT_024,2024-05-28,08:30,Completed,Medication Adjustment,23
APT_006633,P_00559,DOC_008,DEPT_005,2025-02-17,10:45,Completed,Annual Health Checkup,39
APT_006634,P_00822,DOC_003,DEPT_036,2024-07-11,13:30,No-Show,Annual Health Checkup,0
APT_006635,P_01196,DOC_003,DEPT_036,2024-01-28,13:30,Completed,Respiratory Symptoms,45
APT_006636,P_01186,DOC_027,DEPT_037,2024-10-18,11:15,No-Show,Medication Adjustment,0
APT_006637,P_00843,DOC_018,DEPT_039,2024-10-06,10:00,Completed,Medication Adjustment,63
APT_006638,P_00928,DOC_004,DEPT_005,2024-07-17,13:30,Cancelled,Respiratory Symptoms,0
APT_006639,P_01037,DOC_026,DEPT_020,2024-03-03,10:45,Completed,Diabetes Monitoring,55
APT_006640,P_00228,DOC_035,DEPT_003,2025-03-17,12:15,Completed,Post-Operative Follow-up,11
APT_006641,P_00479,DOC_025,DEPT_032,2024-07-30,10:00,Scheduled,Routine Follow-up,0
APT_006642,P_00084,DOC_040,DEPT_027,2024-04-25,14:45,Completed,Diabetes Monitoring,62
APT_006643,P_02157,DOC_008,DEPT_005,2025-04-06,15:45,Completed,Chest Discomfort,12
APT_006644,P_00960,DOC_009,DEPT_030,2024-03-04,09:15,Completed,Post-Operative Follow-up,47
APT_006645,P_02051,DOC_005,DEPT_006,2024-01-09,14:15,Completed,Annual Health Checkup,50
APT_006646,P_01844,DOC_021,DEPT_019,2024-04-13,13:45,Scheduled,Medication Adjustment,0
APT_006647,P_00188,DOC_014,DEPT_009,2024-10-16,14:00,Scheduled,Post-Operative Follow-up,0
APT_006648,P_02336,DOC_035,DEPT_003,2025-03-08,09:45,Completed,Post-Operative Follow-up,32
APT_006649,P_00280,DOC_001,DEPT_023,2024-08-17,11:15,Scheduled,Routine Follow-up,0
APT_006650,P_01155,DOC_034,DEPT_005,2024-05-16,09:00,Completed,Chest Discomfort,11
APT_006651,P_00376,DOC_016,DEPT_009,18-05-2024,09:30,Completed,Medication Adjustment,22
APT_006652,P_00419,DOC_009,DEPT_030,2024-11-16,08:45,Scheduled,Respiratory Symptoms,0
APT_006653,P_02560,DOC_006,DEPT_018,2024-10-17,09:30,Completed,Annual Health Checkup,15
APT_006654,P_03195,DOC_019,DEPT_039,2024-06-29,09:15,Completed,Annual Health Checkup,36
APT_006655,P_02426,DOC_001,DEPT_023,2024-06-30,16:30,Completed,Respiratory Symptoms,9
APT_006656,P_02738,DOC_036,DEPT_016,2025-02-04,13:00,UNKNOWN_VAL,Respiratory Symptoms,44
APT_006657,P_01648,DOC_006,DEPT_018,2024-12-02,10:30,Scheduled,Chest Discomfort,0
APT_006658,P_01518,DOC_020,DEPT_008,2024-01-16,09:15,Completed,Routine Follow-up,9
APT_006659,P_01793,DOC_017,DEPT_008,25-12-2024,15:15,Completed,Chest Discomfort,32
APT_006660,P_02140,DOC_012,DEPT_014,2024-04-15,12:15,Scheduled,Chronic Disease Review,0
APT_006661,P_02475,DOC_026,DEPT_020,2024-08-02,11:45,Completed,Post-Operative Follow-up,15
APT_006662,P_02843,DOC_039,DEPT_007,2024-06-07,09:00,completed,Respiratory Symptoms,24
APT_006663,P_02473,DOC_024,DEPT_024,2024-01-22,12:45,Completed,Diabetes Monitoring,15
APT_006664,P_02442,DOC_021,DEPT_019,2024-11-16,13:45,Completed,Chest Discomfort,25
APT_006665,P_00531,DOC_035,DEPT_003,2024-03-10,15:30,  Scheduled  ,Post-Operative Follow-up,0
APT_006666,P_00507,DOC_030,DEPT_014,2025-01-27,10:15,No-Show,Annual Health Checkup,0
APT_006667,P_00338,DOC_038,DEPT_031,2024-04-04,11:15,Completed,Respiratory Symptoms,21
APT_006668,P_02129,DOC_027,DEPT_037,2025-01-20,10:30,Scheduled,Chest Discomfort,0
APT_006669,P_02187,DOC_009,DEPT_030,01/16/2025,08:45,Completed,Annual Health Checkup,38
APT_006670,P_02264,DOC_027,DEPT_037,2024-05-02,15:15,Completed,Post-Operative Follow-up,52
APT_006671,P_02186,DOC_019,DEPT_039,2024-09-02,15:45,UNKNOWN_VAL,Post-Operative Follow-up,0
APT_006672,P_01341,DOC_019,DEPT_039,2025-03-08,17:15,Completed,Chest Discomfort,44
APT_006673,P_02714,DOC_034,DEPT_005,2024-04-14,11:15,Completed,Routine Follow-up,38
APT_006674,P_02495,DOC_012,DEPT_014,2025-02-21,15:00,Scheduled,Chronic Disease Review,0
APT_006675,P_01020,DOC_025,DEPT_032,2024-09-30,14:30,Completed,Diabetes Monitoring,60
APT_006676,P_01107,DOC_001,DEPT_023,2024-03-20,10:45,Completed,Chronic Disease Review,65
APT_006677,P_00311,DOC_022,DEPT_001,2024-01-04,14:30,Completed,Medication Adjustment,21
APT_006678,P_00128,DOC_014,DEPT_009,2024-05-27,11:00,Completed,Annual Health Checkup,31
APT_006679,P_00001,DOC_003,DEPT_036,2024-07-31,08:00,Completed,Chest Discomfort,45
APT_006680,P_01131,DOC_009,DEPT_030,2024-07-16,10:15,Completed,Medication Adjustment,64
APT_006681,P_00140,DOC_018,DEPT_039,2025-03-25,13:15,Completed,,41
APT_006682,P_02062,DOC_034,DEPT_005,2024-07-30,08:45,Cancelled,Respiratory Symptoms,0
APT_006683,P_02111,DOC_020,DEPT_008,2024-01-11,10:00,Completed,Annual Health Checkup,33
APT_006684,P_03335,DOC_002,DEPT_035,2024-11-14,10:30,Completed,Diabetes Monitoring,58
APT_006685,P_01135,DOC_025,DEPT_032,2024-05-01,15:00,Cancelled,Post-Operative Follow-up,0
APT_006686,P_02421,DOC_005,DEPT_006,2024-03-31,10:00,Cancelled,Chronic Disease Review,0
APT_006687,P_00535,DOC_037,DEPT_035,2024-08-24,14:45,Scheduled,Annual Health Checkup,0
APT_006688,P_02770,DOC_008,DEPT_005,2024-10-21,11:30,Completed,Medication Adjustment,21
APT_006689,P_00626,DOC_022,DEPT_001,2025-04-03,14:45,Scheduled,Diabetes Monitoring,0
APT_006690,P_01496,DOC_009,DEPT_030,2024-09-12,08:45,No-Show,Routine Follow-up,0
APT_006691,P_00189,DOC_013,DEPT_026,2024-01-26,12:45,Completed,Routine Follow-up,57
APT_006692,P_00512,DOC_032,DEPT_016,08/25/2024,14:45,Completed,Chest Discomfort,31
APT_006693,P_03476,DOC_024,DEPT_024,2024-08-17,15:15,  Completed  ,Medication Adjustment,34
APT_006694,P_01436,DOC_028,DEPT_005,2025-02-12,17:45,Completed,Chronic Disease Review,59
APT_006695,P_00905,DOC_030,DEPT_014,2025-01-28,09:30,Cancelled,Chronic Disease Review,0
APT_006696,P_00813,DOC_037,DEPT_035,2024-08-16,09:15,Completed,Respiratory Symptoms,47
APT_006697,P_00834,DOC_032,DEPT_016,2024-11-21,10:15,Completed,Medication Adjustment,20
APT_006698,P_02240,DOC_032,DEPT_016,2024-01-22,10:30,Completed,Post-Operative Follow-up,22
APT_006699,P_00570,DOC_020,DEPT_008,2024-10-30,10:30,Completed,Chronic Disease Review,58
APT_006700,P_02670,DOC_016,DEPT_009,2025-01-15,14:45,Completed,Diabetes Monitoring,29
APT_006701,P_03484,DOC_004,DEPT_005,2024-02-27,14:45,Scheduled,Annual Health Checkup,0
APT_006702,P_02682,DOC_025,DEPT_032,2025-02-17,12:45,Completed,Annual Health Checkup,41
APT_006703,P_03094,DOC_010,DEPT_021,2024-03-05,10:15,Completed,Annual Health Checkup,55
APT_006704,P_01441,DOC_015,DEPT_038,2024-04-24,15:30,Completed,Post-Operative Follow-up,25
APT_006705,P_01969,DOC_006,DEPT_018,2024-04-05,11:15,Completed,Respiratory Symptoms,9
APT_006706,P_00820,DOC_039,DEPT_007,2025-03-13,11:15,Completed,Chronic Disease Review,40
APT_006707,P_00958,DOC_007,DEPT_024,2024-06-24,12:00,No-Show,Respiratory Symptoms,0
APT_006708,P_01995,DOC_007,DEPT_024,2025-02-22,14:30,  Completed  ,Chest Discomfort,31
APT_006709,P_00267,DOC_008,DEPT_005,2024-06-10,14:15,No-Show,Annual Health Checkup,0
APT_006710,P_00096,DOC_011,DEPT_021,2024-11-25,09:15,Completed,Medication Adjustment,60
APT_006711,P_01117,DOC_029,DEPT_036,2024-02-22,09:00,Completed,,54
APT_006712,P_01805,DOC_025,DEPT_032,2024-03-31,12:30,COMPLETED,Post-Operative Follow-up,15
APT_006713,P_01275,DOC_036,DEPT_016,27-08-2024,14:30,Completed,Diabetes Monitoring,47
APT_006714,P_02388,DOC_034,DEPT_005,2024-01-10,10:15,Completed,Post-Operative Follow-up,26
APT_006715,P_01743,DOC_001,DEPT_023,2024-04-18,12:00,Cancelled,Medication Adjustment,0
APT_006716,P_01894,DOC_028,DEPT_005,2024-06-14,10:15,Completed,Annual Health Checkup,16
APT_006717,P_01936,DOC_008,DEPT_005,2025-02-25,13:15,COMPLETED,Respiratory Symptoms,38
APT_006718,P_03222,DOC_008,DEPT_005,2024-06-02,17:45,Completed,Post-Operative Follow-up,65
APT_006719,P_03011,DOC_020,DEPT_008,2024-09-09,14:15,No-Show,Medication Adjustment,0
APT_006720,P_03047,DOC_012,DEPT_014,2024/03/22 00:00:00,13:30,Scheduled,Chronic Disease Review,0
APT_006721,P_01522,DOC_039,DEPT_007,2024-06-29,16:30,Completed,Post-Operative Follow-up,30
APT_006722,P_01871,DOC_001,DEPT_023,2024-06-17,15:30,No-Show,Medication Adjustment,0
APT_006723,P_02722,DOC_030,DEPT_014,2024-03-30,08:30,Completed,Routine Follow-up,56
APT_006724,P_02559,DOC_009,DEPT_030,2024-05-30,17:30,Completed,Post-Operative Follow-up,44
APT_006725,P_03160,DOC_014,DEPT_009,2024-01-08,11:45,Completed,Routine Follow-up,51
APT_006726,P_00070,DOC_035,DEPT_003,2025-01-31,16:30,Scheduled,Chronic Disease Review,0
APT_006727,P_00247,DOC_004,DEPT_005,2024-05-01,11:00,No-Show,Annual Health Checkup,0
APT_006728,P_02860,DOC_013,DEPT_026,2024-01-02,08:30,Cancelled,Chest Discomfort,0
APT_006729,P_01126,DOC_019,DEPT_039,2024-06-29,14:45,Completed,Chest Discomfort,32
APT_006730,P_02438,DOC_012,DEPT_014,2024-12-16,16:15,Cancelled,Routine Follow-up,0
APT_006731,P_03086,DOC_040,DEPT_027,2024-08-27,17:15,Completed,Chest Discomfort,23
APT_006732,P_00339,DOC_022,DEPT_001,2024-08-22,08:45,No-Show,Post-Operative Follow-up,0
APT_006733,P_00434,DOC_020,DEPT_008,2024-07-06,15:00,Completed,,58
APT_006734,P_01177,DOC_038,DEPT_031,2024-08-24,10:15,Completed,Post-Operative Follow-up,59
APT_006735,P_02523,DOC_037,DEPT_035,2024-10-31,08:00,Completed,Medication Adjustment,47
APT_006736,P_01536,DOC_003,DEPT_036,2025-04-24,11:00,Completed,Routine Follow-up,24
APT_006737,P_01604,DOC_003,DEPT_036,2024-09-23,11:15,Completed,Chronic Disease Review,17
APT_006738,P_03276,DOC_037,DEPT_035,2024-12-11,13:15,Completed,Chronic Disease Review,9
APT_006739,P_00656,DOC_032,DEPT_016,2024-03-28,11:30,Scheduled,,0
APT_006740,P_00784,DOC_026,DEPT_020,29-01-2025,09:15,Scheduled,Chronic Disease Review,0
APT_006741,P_02007,DOC_010,DEPT_021,2024-12-06,10:30,Completed,Respiratory Symptoms,25
APT_006742,P_00350,DOC_017,DEPT_008,2025-01-23,08:15,Completed,Chest Discomfort,56
APT_006743,P_01288,DOC_017,DEPT_008,2024-03-23,12:45,Cancelled,Post-Operative Follow-up,0
APT_006744,P_03160,DOC_011,DEPT_021,2024-08-11,14:30,Completed,Diabetes Monitoring,63
APT_006745,P_00272,DOC_035,DEPT_003,2024-01-21,14:00,completed,Post-Operative Follow-up,47
APT_006746,P_00593,DOC_024,DEPT_024,2024-09-03,12:00,Completed,Post-Operative Follow-up,31
APT_006747,P_02255,DOC_032,DEPT_016,2024-06-14,15:15,Completed,Post-Operative Follow-up,14
APT_006748,P_00566,DOC_025,DEPT_032,2024-12-16,10:30,completed,Chest Discomfort,23
APT_006749,P_02011,DOC_024,DEPT_024,2024-10-17,09:00,UNKNOWN_VAL,Chronic Disease Review,49
APT_006750,P_00455,DOC_025,DEPT_032,2025-04-06,14:00,Completed,Diabetes Monitoring,31
APT_006751,P_03266,DOC_002,DEPT_035,2024-02-22,14:30,Cancelled,Chest Discomfort,0
APT_006752,P_00567,DOC_033,DEPT_002,2024-08-15,11:30,Completed,Diabetes Monitoring,51
APT_006753,P_00659,DOC_037,DEPT_035,2024-01-01,14:00,Completed,Respiratory Symptoms,52
APT_006754,P_00885,DOC_033,DEPT_002,2025-04-02,15:30,Completed,Diabetes Monitoring,55
APT_006755,P_00022,DOC_034,DEPT_005,2025-03-28,08:45,Completed,Medication Adjustment,16
APT_006756,P_01281,DOC_005,DEPT_006,2024-03-02,11:15,Cancelled,Diabetes Monitoring,0
APT_006757,P_03462,DOC_004,DEPT_005,2024-09-17,13:15,Completed,Chest Discomfort,37
APT_006758,P_03003,DOC_032,DEPT_016,2024-06-04,16:00,  Completed  ,Post-Operative Follow-up,32
APT_006759,P_02721,DOC_035,DEPT_003,2024-05-28,11:15,Completed,Chronic Disease Review,51
APT_006760,P_01970,DOC_020,DEPT_008,2024-08-05,17:30,Scheduled,Chronic Disease Review,0
APT_006761,P_01996,DOC_002,DEPT_035,2025-01-30,08:30,Scheduled,Post-Operative Follow-up,0
APT_006762,P_03207,DOC_009,DEPT_030,2024-08-01,15:45,Scheduled,Medication Adjustment,0
APT_006763,P_01519,DOC_012,DEPT_014,03-01-2024,17:30,Completed,,58
APT_006764,P_01684,DOC_028,DEPT_005,2025-01-03,14:30,Completed,Diabetes Monitoring,47
APT_006765,P_02826,DOC_032,DEPT_016,2025-04-17,16:30,Completed,Medication Adjustment,43
APT_006766,P_01741,DOC_001,DEPT_023,2024-07-10,09:45,Completed,Routine Follow-up,16
APT_006767,P_03394,DOC_014,DEPT_009,2024-06-11,15:00,Completed,Routine Follow-up,37
APT_006768,P_00690,DOC_006,DEPT_018,2024-12-30,16:45,Cancelled,Annual Health Checkup,0
APT_006769,P_03442,DOC_002,DEPT_035,2024-02-27,16:15,Completed,Medication Adjustment,41
APT_006770,P_02355,DOC_037,DEPT_035,2025-02-03,14:30,Completed,Chronic Disease Review,35
APT_006771,P_02601,DOC_040,DEPT_027,2024-10-13,15:45,Completed,,42
APT_006772,P_01646,DOC_012,DEPT_014,2024/05/04 00:00:00,17:15,Completed,Medication Adjustment,48
APT_006773,P_00820,DOC_009,DEPT_030,2024-01-29,08:30,Completed,Annual Health Checkup,14
APT_006774,P_00702,DOC_003,DEPT_036,2025-04-03,08:30,Completed,Chest Discomfort,59
APT_006775,P_01147,DOC_026,DEPT_020,2024-04-23,13:00,Completed,Chronic Disease Review,32
APT_006776,P_02841,DOC_039,DEPT_007,2024-04-04,12:15,Completed,Chest Discomfort,40
APT_006777,P_01229,DOC_013,DEPT_026,2024-02-12,08:30,Completed,Post-Operative Follow-up,34
APT_006778,P_02301,DOC_002,DEPT_035,2024-02-08,16:15,Completed,Respiratory Symptoms,17
APT_006779,P_03213,DOC_037,DEPT_035,2025-03-26,11:30,Scheduled,Respiratory Symptoms,0
APT_006780,P_03179,DOC_022,DEPT_001,2024-08-24,12:30,Completed,Post-Operative Follow-up,34
APT_006781,P_01773,DOC_025,DEPT_032,2024-03-18,13:00,Completed,Medication Adjustment,22
APT_006782,P_01383,DOC_020,DEPT_008,2024-08-03,13:45,Completed,Respiratory Symptoms,11
APT_006783,P_01663,DOC_025,DEPT_032,2024-03-08,12:00,Cancelled,Routine Follow-up,0
APT_006784,P_02850,DOC_029,DEPT_036,2025-04-06,09:45,Completed,Routine Follow-up,20
APT_006785,P_02558,DOC_026,DEPT_020,2024-05-05,16:00,COMPLETED,Post-Operative Follow-up,44
APT_006786,P_01749,DOC_005,DEPT_006,2025-02-08,13:00,Completed,Medication Adjustment,35
APT_006787,P_02841,DOC_032,DEPT_016,2024-08-09,17:30,Completed,Chest Discomfort,47
APT_006788,P_01094,DOC_035,DEPT_003,2025-03-05,17:45,Completed,Medication Adjustment,33
APT_006789,P_02316,DOC_016,DEPT_009,2025-02-27,11:00,Completed,Post-Operative Follow-up,33
APT_006790,P_01354,DOC_012,DEPT_014,2024-07-03,16:00,Scheduled,Routine Follow-up,0
APT_006791,P_03259,DOC_001,DEPT_023,2024-02-04,15:00,No-Show,Annual Health Checkup,0
APT_006792,P_00778,DOC_005,DEPT_006,2024-06-19,10:30,Completed,Diabetes Monitoring,29
APT_006793,P_01277,DOC_019,DEPT_039,2024-10-02,13:15,Completed,Medication Adjustment,46
APT_006794,P_02783,DOC_020,DEPT_008,2025-04-24,17:30,No-Show,Annual Health Checkup,0
APT_006795,P_02564,DOC_034,DEPT_005,2024-03-07,13:30,Completed,Diabetes Monitoring,19
APT_006796,P_00180,DOC_004,DEPT_005,2024-10-28,12:15,Completed,Routine Follow-up,50
APT_006797,P_02003,DOC_012,DEPT_014,2025-04-13,15:30,Scheduled,Post-Operative Follow-up,0
APT_006798,P_01550,DOC_023,DEPT_007,2024-11-08,10:15,Completed,Routine Follow-up,10
APT_006799,P_01363,DOC_018,DEPT_039,2024-07-25,10:15,Completed,Routine Follow-up,39
APT_006800,P_01906,DOC_003,DEPT_036,2025-01-02,09:45,Completed,Diabetes Monitoring,24
APT_006801,P_01690,DOC_017,DEPT_008,2024-12-14,12:45,Completed,Chronic Disease Review,59
APT_006802,P_02676,DOC_005,DEPT_006,2024-08-31,09:45,No-Show,Chronic Disease Review,0
APT_006803,P_01690,DOC_040,DEPT_027,2024-03-29,15:30,Completed,Routine Follow-up,20
APT_006804,P_00596,DOC_028,DEPT_005,2024-04-24,13:15,Scheduled,Post-Operative Follow-up,0
APT_006805,P_03068,DOC_035,DEPT_003,2025-03-28,13:30,Scheduled,Respiratory Symptoms,0
APT_006806,P_03346,DOC_012,DEPT_014,2025-03-28,16:15,Completed,Chronic Disease Review,27
APT_006807,P_01848,DOC_001,DEPT_023,2024-05-31,16:30,Completed,Medication Adjustment,35
APT_006808,P_01321,DOC_021,DEPT_019,2024-03-26,08:15,Completed,Chronic Disease Review,21
APT_006809,P_01500,DOC_036,DEPT_016,2024-11-15,10:15,Completed,Chest Discomfort,55
APT_006810,P_02374,DOC_035,DEPT_003,2024-05-10,14:00,Completed,Chronic Disease Review,64
APT_006811,P_02373,DOC_021,DEPT_019,2025-03-06,16:00,Completed,Annual Health Checkup,28
APT_006812,P_02897,DOC_032,DEPT_016,2024-04-28,16:45,Completed,Medication Adjustment,54
APT_006813,P_02954,DOC_001,DEPT_023,2024-05-17,13:00,Completed,Medication Adjustment,33
APT_006814,P_00566,DOC_016,DEPT_009,2024-10-03,13:45,Cancelled,Respiratory Symptoms,0
APT_006815,P_02312,DOC_021,DEPT_019,2024-06-06,17:00,Completed,Medication Adjustment,57
APT_006816,P_02414,DOC_013,DEPT_026,2024-07-17,11:30,Completed,Chronic Disease Review,23
APT_006817,P_01153,DOC_005,DEPT_006,2025-04-17,14:30,Completed,Post-Operative Follow-up,44
APT_006818,P_01893,DOC_037,DEPT_035,2024-09-04,10:15,Completed,Annual Health Checkup,14
APT_006819,P_03230,DOC_040,DEPT_027,2024-12-15,14:00,COMPLETED,Medication Adjustment,33
APT_006820,P_03378,DOC_034,DEPT_005,2025-01-21,13:30,  Completed  ,Post-Operative Follow-up,14
APT_006821,P_03413,DOC_015,DEPT_038,2024-01-17,09:30,Completed,Diabetes Monitoring,14
APT_006822,P_01170,DOC_031,DEPT_024,2025-02-23,11:00,Completed,Annual Health Checkup,59
APT_006823,P_02234,DOC_006,DEPT_018,2024-01-13,16:15,Cancelled,,0
APT_006824,P_03014,DOC_004,DEPT_005,2024-05-01,08:45,Completed,Chest Discomfort,40
APT_006825,P_02540,DOC_013,DEPT_026,2024-08-23,14:30,Completed,Medication Adjustment,8
APT_006826,P_01676,DOC_032,DEPT_016,2024-02-08,17:15,cancelled,Annual Health Checkup,0
APT_006827,P_02030,DOC_029,DEPT_036,2025-03-31,08:45,Completed,Diabetes Monitoring,65
APT_006828,P_02019,DOC_031,DEPT_024,2024-09-16,09:15,Scheduled,Medication Adjustment,0
APT_006829,P_02538,DOC_038,DEPT_031,2025-03-14,11:45,Completed,Routine Follow-up,10
APT_006830,P_01632,DOC_031,DEPT_024,2024-12-14,11:15,Completed,Chest Discomfort,47
APT_006831,P_02199,DOC_028,DEPT_005,2024-11-04,14:15,Completed,Medication Adjustment,23
APT_006832,P_03135,DOC_004,DEPT_005,2024-11-12,11:45,Completed,Chronic Disease Review,59
APT_006833,P_02806,DOC_006,DEPT_018,2024-07-26,08:00,No-Show,Post-Operative Follow-up,0
APT_006834,P_02994,DOC_020,DEPT_008,2024-07-17,12:45,Completed,Annual Health Checkup,17
APT_006835,P_03106,DOC_029,DEPT_036,2024-05-06,17:00,Completed,Chronic Disease Review,30
APT_006836,P_03109,DOC_028,DEPT_005,2025-01-12,16:00,Scheduled,Routine Follow-up,0
APT_006837,P_00043,DOC_026,DEPT_020,2025-02-22,13:00,Cancelled,Respiratory Symptoms,0
APT_006838,P_03068,DOC_031,DEPT_024,2024-07-25,10:15,completed,Diabetes Monitoring,59
APT_006839,P_00419,DOC_015,DEPT_038,2024-03-04,16:45,Completed,Chronic Disease Review,42
APT_006840,P_00141,DOC_016,DEPT_009,2024-10-15,08:45,Completed,Diabetes Monitoring,35
APT_006841,P_03057,DOC_034,DEPT_005,2024-06-27,11:30,Completed,Routine Follow-up,37
APT_006842,P_00944,DOC_036,DEPT_016,2024-11-04,10:45,Completed,Chest Discomfort,29
APT_006843,P_01971,DOC_028,DEPT_005,2024-02-28,14:30,Completed,Respiratory Symptoms,62
APT_006844,P_01057,DOC_014,DEPT_009,2024-07-10,09:30,No-Show,Chest Discomfort,0
APT_006845,P_00749,DOC_016,DEPT_009,2024-10-03,08:15,Completed,Diabetes Monitoring,49
APT_006846,P_01930,DOC_029,DEPT_036,2024-09-09,13:45,Cancelled,Chest Discomfort,0
APT_006847,P_01247,DOC_006,DEPT_018,2024-08-11,13:45,Completed,Diabetes Monitoring,15
APT_006848,P_03471,DOC_017,DEPT_008,2024-08-15,16:30,Completed,Routine Follow-up,17
APT_006849,P_03229,DOC_035,DEPT_003,2024-07-26,10:30,Completed,Respiratory Symptoms,53
APT_006850,P_01078,DOC_005,DEPT_006,2024-10-25,11:30,Scheduled,Chronic Disease Review,0
APT_006851,P_03364,DOC_033,DEPT_002,2024-08-10,09:15,Completed,Respiratory Symptoms,46
APT_006852,P_00880,DOC_010,DEPT_021,2024-03-02,13:30,Scheduled,Routine Follow-up,0
APT_006853,P_01717,DOC_001,DEPT_023,2024-07-26,16:45,Completed,Medication Adjustment,65
APT_006854,P_03090,DOC_029,DEPT_036,2025-04-23,12:30,Cancelled,Annual Health Checkup,0
APT_006855,P_00554,DOC_037,DEPT_035,2024-10-20,17:00,Completed,Chest Discomfort,54
APT_006856,P_01087,DOC_027,DEPT_037,2024-06-12,15:30,Scheduled,Diabetes Monitoring,0
APT_006857,P_01981,DOC_015,DEPT_038,2024-04-24,17:30,Completed,Respiratory Symptoms,50
APT_006858,P_01498,DOC_023,DEPT_007,2024-05-20,09:30,Completed,Medication Adjustment,39
APT_006859,P_00451,DOC_023,DEPT_007,2024-05-04,14:00,Completed,Chest Discomfort,37
APT_006860,P_02705,DOC_028,DEPT_005,2024-10-08,14:30,Completed,Medication Adjustment,43
APT_006861,P_02543,DOC_002,DEPT_035,2025-02-22,08:30,Completed,Respiratory Symptoms,44
APT_006862,P_03447,DOC_019,DEPT_039,2024/11/24 00:00:00,15:45,COMPLETED,Medication Adjustment,26
APT_006863,P_01291,DOC_018,DEPT_039,2024-09-13,16:30,Completed,Medication Adjustment,65
APT_006864,P_00208,DOC_002,DEPT_035,2025-04-18,11:30,Scheduled,Annual Health Checkup,0
APT_006865,P_02269,DOC_009,DEPT_030,2025-01-06,13:00,Completed,Chronic Disease Review,33
APT_006866,P_01759,DOC_001,DEPT_023,2025-01-18,08:45,Completed,Chronic Disease Review,37
APT_006867,P_01388,DOC_023,DEPT_007,2024-02-03,12:15,Completed,Routine Follow-up,16
APT_006868,P_03125,DOC_017,DEPT_008,2024-11-27,12:15,Completed,Annual Health Checkup,45
APT_006869,P_03138,DOC_008,DEPT_005,2024-12-22,16:45,Completed,Medication Adjustment,30
APT_006870,P_00204,DOC_008,DEPT_005,2024-06-11,12:00,Completed,Post-Operative Follow-up,63
APT_006871,P_02135,DOC_015,DEPT_038,2024-02-28,14:30,Completed,Post-Operative Follow-up,31
APT_006872,P_03066,DOC_034,DEPT_005,2025-01-02,14:45,SCHEDULED,,0
APT_006873,P_00416,DOC_036,DEPT_016,2024-05-04,11:30,Completed,Chest Discomfort,14
APT_006874,P_01001,DOC_031,DEPT_024,2024/11/20 00:00:00,10:30,No-Show,Chest Discomfort,0
APT_006875,P_01208,DOC_014,DEPT_009,2025-02-23,14:15,Completed,Routine Follow-up,60
APT_006876,P_02021,DOC_009,DEPT_030,2024-08-18,12:15,Completed,Diabetes Monitoring,40
APT_006877,P_00523,DOC_034,DEPT_005,2024-11-20,17:45,Completed,Routine Follow-up,15
APT_006878,P_00525,DOC_017,DEPT_008,2024-11-03,10:00,Completed,Annual Health Checkup,49
APT_006879,P_02568,DOC_032,DEPT_016,2024-08-02,17:45,Cancelled,Chronic Disease Review,0
APT_006880,P_00812,DOC_033,DEPT_002,2024-12-30,15:15,Completed,Medication Adjustment,30
APT_006881,P_02676,DOC_021,DEPT_019,2024-02-16,14:00,Completed,Post-Operative Follow-up,50
APT_006882,P_00822,DOC_008,DEPT_005,2024-05-07,10:15,Completed,Diabetes Monitoring,63
APT_006883,P_00862,DOC_025,DEPT_032,2024-05-04,14:15,Completed,Post-Operative Follow-up,12
APT_006884,P_00563,DOC_024,DEPT_024,2024-07-23,13:45,  Completed  ,Chronic Disease Review,41
APT_006885,P_01440,DOC_010,DEPT_021,2024-05-01,08:45,Scheduled,Post-Operative Follow-up,0
APT_006886,P_01574,DOC_006,DEPT_018,2024-10-11,09:30,Cancelled,Routine Follow-up,0
APT_006887,P_00618,DOC_025,DEPT_032,2024-04-15,09:15,Completed,Diabetes Monitoring,59
APT_006888,P_00259,DOC_031,DEPT_024,2025-03-20,15:00,Completed,Annual Health Checkup,33
APT_006889,P_03278,DOC_033,DEPT_002,2024-06-28,08:45,Scheduled,Annual Health Checkup,0
APT_006890,P_02565,DOC_033,DEPT_002,2025-04-21,12:45,Completed,Respiratory Symptoms,51
APT_006891,P_02229,DOC_003,DEPT_036,2025-01-23,14:00,Completed,Medication Adjustment,22
APT_006892,P_00377,DOC_009,DEPT_030,2025-01-29,14:45,COMPLETED,Chest Discomfort,48
APT_006893,P_00620,DOC_026,DEPT_020,2024-10-01,16:45,Completed,Respiratory Symptoms,8
APT_006894,P_03223,DOC_011,DEPT_021,2025-02-12,11:00,Completed,Respiratory Symptoms,64
APT_006895,P_03493,DOC_031,DEPT_024,2025-01-18,15:30,Completed,Routine Follow-up,55
APT_006896,P_00129,DOC_022,DEPT_001,2024-01-31,10:15,Completed,Chest Discomfort,34
APT_006897,P_01520,DOC_032,DEPT_016,2024-11-18,11:30,Completed,Routine Follow-up,20
APT_006898,P_02102,DOC_028,DEPT_005,2024-02-02,10:30,Completed,Chest Discomfort,54
APT_006899,P_01371,DOC_032,DEPT_016,2024-06-16,10:30,Completed,Medication Adjustment,62
APT_006900,P_00504,DOC_039,DEPT_007,2024-04-27,08:15,Scheduled,,0
APT_006901,P_02700,DOC_025,DEPT_032,28-01-2025,12:15,Completed,,24
APT_006902,P_02258,DOC_004,DEPT_005,2024-05-14,09:45,Completed,Post-Operative Follow-up,11
APT_006903,P_02599,DOC_022,DEPT_001,2024-11-25,17:45,Completed,Respiratory Symptoms,20
APT_006904,P_01622,DOC_012,DEPT_014,2024-05-14,11:45,Completed,Chest Discomfort,25
APT_006905,P_03373,DOC_035,DEPT_003,2024-11-20,13:45,Completed,Respiratory Symptoms,46
APT_006906,P_02771,DOC_015,DEPT_038,2024-09-28,11:15,Completed,Annual Health Checkup,41
APT_006907,P_00242,DOC_027,DEPT_037,2024-07-27,15:00,Scheduled,Post-Operative Follow-up,0
APT_006908,P_00867,DOC_006,DEPT_018,2025-03-17,13:15,Completed,Chest Discomfort,11
APT_006909,P_02363,DOC_017,DEPT_008,2025-02-04,16:00,Completed,Medication Adjustment,12
APT_006910,P_03103,DOC_019,DEPT_039,2024-08-21,16:00,Completed,Post-Operative Follow-up,11
APT_006911,P_02789,DOC_038,DEPT_031,2024-02-17,12:00,completed,Routine Follow-up,60
APT_006912,P_02072,DOC_034,DEPT_005,2024-09-23,15:30,Completed,Chronic Disease Review,23
APT_006913,P_00702,DOC_034,DEPT_005,2024-11-25,08:00,Cancelled,Chest Discomfort,0
APT_006914,P_02030,DOC_021,DEPT_019,2024-04-07,17:15,Cancelled,Post-Operative Follow-up,0
APT_006915,P_01147,DOC_033,DEPT_002,2024-04-18,10:30,Completed,Medication Adjustment,61
APT_006916,P_00428,DOC_019,DEPT_039,2025-04-25,10:30,Completed,Chest Discomfort,65
APT_006917,P_01706,DOC_021,DEPT_019,2024-12-05,14:00,No-Show,Diabetes Monitoring,0
APT_006918,P_00514,DOC_008,DEPT_005,2024-06-06,10:15,Completed,Chest Discomfort,10
APT_006919,P_02698,DOC_021,DEPT_019,2025-04-15,15:30,  Completed  ,Diabetes Monitoring,26
APT_006920,P_00487,DOC_004,DEPT_005,2024-10-28,13:30,Cancelled,Respiratory Symptoms,0
APT_006921,P_00104,DOC_012,DEPT_014,2024-01-08,16:15,Completed,Chest Discomfort,16
APT_006922,P_01112,DOC_020,DEPT_008,2024-03-07,09:30,Completed,Respiratory Symptoms,22
APT_006923,P_02204,DOC_016,DEPT_009,2025-01-30,14:30,Completed,Post-Operative Follow-up,56
APT_006924,P_02718,DOC_024,DEPT_024,28-01-2024,14:15,Completed,Chest Discomfort,11
APT_006925,P_03140,DOC_015,DEPT_038,2024-10-18,14:00,Completed,Medication Adjustment,58
APT_006926,P_00861,DOC_012,DEPT_014,2024-02-29,12:30,Completed,Annual Health Checkup,43
APT_006927,P_02525,DOC_021,DEPT_019,2024-12-28,14:45,  Completed  ,Post-Operative Follow-up,38
APT_006928,P_01786,DOC_007,DEPT_024,2024-09-08,14:45,Completed,Medication Adjustment,65
APT_006929,P_00443,DOC_003,DEPT_036,2024-04-09,11:45,Completed,Chest Discomfort,32
APT_006930,P_01138,DOC_014,DEPT_009,2025-03-17,10:00,Completed,Diabetes Monitoring,52
APT_006931,P_00565,DOC_025,DEPT_032,2025-04-13,10:15,Cancelled,Annual Health Checkup,0
APT_006932,P_02261,DOC_015,DEPT_038,2024-10-14,10:45,Cancelled,Medication Adjustment,0
APT_006933,P_01682,DOC_024,DEPT_024,2024-07-31,17:15,Completed,Routine Follow-up,61
APT_006934,P_01221,DOC_001,DEPT_023,2024-11-10,09:15,Cancelled,Diabetes Monitoring,0
APT_006935,P_02124,DOC_001,DEPT_023,2024-07-18,10:30,Scheduled,Routine Follow-up,0
APT_006936,P_00280,DOC_015,DEPT_038,2024-03-10,08:15,Cancelled,Chest Discomfort,0
APT_006937,P_03436,DOC_036,DEPT_016,2024-02-22,10:30,Cancelled,Chest Discomfort,0
APT_006938,P_01969,DOC_031,DEPT_024,2024-08-12,14:15,Completed,Respiratory Symptoms,24
APT_006939,P_03140,DOC_002,DEPT_035,2024-07-31,10:15,Completed,Medication Adjustment,14
APT_006940,P_03367,DOC_008,DEPT_005,2024-06-27,08:00,Completed,Annual Health Checkup,55
APT_006941,P_01780,DOC_030,DEPT_014,2024-08-06,11:15,Completed,Annual Health Checkup,31
APT_006942,P_03202,DOC_037,DEPT_035,2025-02-08,15:45,Scheduled,Chest Discomfort,0
APT_006943,P_00287,DOC_024,DEPT_024,2025-01-16,13:45,Scheduled,,0
APT_006944,P_03288,DOC_017,DEPT_008,08/10/2024,16:15,Completed,Routine Follow-up,60
APT_006945,P_00845,DOC_008,DEPT_005,2024-05-27,16:15,Completed,Routine Follow-up,60
APT_006946,P_03375,DOC_032,DEPT_016,2024-09-12,12:15,No-Show,Respiratory Symptoms,0
APT_006947,P_00684,DOC_023,DEPT_007,2024-02-05,11:00,Cancelled,Diabetes Monitoring,0
APT_006948,P_02727,DOC_010,DEPT_021,2024-10-15,08:30,Completed,Routine Follow-up,36
APT_006949,P_00919,DOC_032,DEPT_016,2024-02-27,17:15,Scheduled,Annual Health Checkup,0
APT_006950,P_01733,DOC_026,DEPT_020,2024-08-02,15:15,Scheduled,Post-Operative Follow-up,0
APT_006951,P_01764,DOC_021,DEPT_019,2024-02-12,12:45,Completed,Annual Health Checkup,56
APT_006952,P_01917,DOC_025,DEPT_032,2024-05-05,09:15,completed,Respiratory Symptoms,65
APT_006953,P_02970,DOC_019,DEPT_039,2024-11-06,08:30,Scheduled,Annual Health Checkup,0
APT_006954,P_01769,DOC_036,DEPT_016,2024-09-16,10:00,Completed,Annual Health Checkup,26
APT_006955,P_00795,DOC_025,DEPT_032,2024-11-07,14:15,Completed,Chronic Disease Review,47
APT_006956,P_01442,DOC_025,DEPT_032,2025-03-09,14:00,Completed,Post-Operative Follow-up,40
APT_006957,P_01158,DOC_006,DEPT_018,2024-07-01,10:15,Cancelled,Respiratory Symptoms,0
APT_006958,P_02221,DOC_006,DEPT_018,2025-03-01,11:00,Completed,Routine Follow-up,8
APT_006959,P_00906,DOC_032,DEPT_016,2024-09-04,17:15,Cancelled,Medication Adjustment,0
APT_006960,P_00844,DOC_033,DEPT_002,2024-07-04,08:30,Completed,Chronic Disease Review,47
APT_006961,P_02539,DOC_034,DEPT_005,2024-09-16,08:30,Completed,Respiratory Symptoms,43
APT_006962,P_00231,DOC_030,DEPT_014,2024-05-07,14:00,Scheduled,Medication Adjustment,0
APT_006963,P_01467,DOC_015,DEPT_038,2024-06-10,08:30,Completed,Chronic Disease Review,30
APT_006964,P_03057,DOC_033,DEPT_002,2025-04-24,10:15,Completed,Respiratory Symptoms,17
APT_006965,P_01368,DOC_003,DEPT_036,2024-06-27,16:15,Completed,Annual Health Checkup,47
APT_006966,P_00751,DOC_009,DEPT_030,2024-12-25,13:30,Completed,Post-Operative Follow-up,41
APT_006967,P_01633,DOC_037,DEPT_035,2024-09-16,13:45,Scheduled,Annual Health Checkup,0
APT_006968,P_02889,DOC_039,DEPT_007,2025-01-18,14:00,Completed,Routine Follow-up,40
APT_006969,P_03488,DOC_022,DEPT_001,2024-04-08,13:15,Completed,,45
APT_006970,P_03152,DOC_031,DEPT_024,2024-06-26,10:15,Completed,Chronic Disease Review,65
APT_006971,P_03479,DOC_003,DEPT_036,2025-01-15,17:45,Completed,Diabetes Monitoring,36
APT_006972,P_00501,DOC_026,DEPT_020,2024-11-22,13:00,Completed,Chronic Disease Review,43
APT_006973,P_00543,DOC_028,DEPT_005,2024-08-28,15:15,Completed,Post-Operative Follow-up,12
APT_006974,P_02545,DOC_008,DEPT_005,2025-03-05,15:00,NO-SHOW,Routine Follow-up,0
APT_006975,P_00484,DOC_036,DEPT_016,2024-11-25,08:00,Completed,Routine Follow-up,28
APT_006976,P_02397,DOC_020,DEPT_008,2024-10-17,12:30,Completed,Medication Adjustment,49
APT_006977,P_00997,DOC_034,DEPT_005,2024-10-26,16:45,Scheduled,Chest Discomfort,0
APT_006978,P_01567,DOC_017,DEPT_008,2024-05-31,14:15,UNKNOWN_VAL,Medication Adjustment,0
APT_006979,P_03426,DOC_035,DEPT_003,2024-05-27,16:30,Completed,Chest Discomfort,34
APT_006980,P_02765,DOC_025,DEPT_032,2024-02-19,09:45,Completed,Chest Discomfort,55
APT_006981,P_03268,DOC_002,DEPT_035,2024-10-03,08:30,Completed,Diabetes Monitoring,35
APT_006982,P_00329,DOC_038,DEPT_031,2024-02-04,09:30,Completed,Chronic Disease Review,26
APT_006983,P_01419,DOC_002,DEPT_035,2024-02-22,17:00,  Completed  ,Chronic Disease Review,23
APT_006984,P_02415,DOC_037,DEPT_035,2025-02-14,12:15,Completed,Chronic Disease Review,20
APT_006985,P_01144,DOC_012,DEPT_014,2024-01-27,11:00,No-Show,Chest Discomfort,0
APT_006986,P_00582,DOC_008,DEPT_005,2024-06-27,09:45,Completed,Respiratory Symptoms,25
APT_006987,P_03067,DOC_040,DEPT_027,2025-02-02,14:15,Completed,Medication Adjustment,18
APT_006988,P_02960,DOC_008,DEPT_005,2024-12-24,17:30,Completed,Annual Health Checkup,42
APT_006989,P_02009,DOC_014,DEPT_009,2025-04-19,12:45,Completed,Routine Follow-up,26
APT_006990,P_01156,DOC_008,DEPT_005,2024-01-22,08:15,NO-SHOW,Post-Operative Follow-up,0
APT_006991,P_01499,DOC_023,DEPT_007,2024-04-26,13:15,No-Show,Routine Follow-up,0
APT_006992,P_02523,DOC_022,DEPT_001,2024-05-05,16:45,Completed,Routine Follow-up,60
APT_006993,P_00463,DOC_025,DEPT_032,2025-04-25,17:45,Completed,Medication Adjustment,64
APT_006994,P_01144,DOC_023,DEPT_007,2025-01-21,16:00,Completed,Post-Operative Follow-up,19
APT_006995,P_02011,DOC_040,DEPT_027,2024-05-03,09:45,Scheduled,Chest Discomfort,0
APT_006996,P_03373,DOC_004,DEPT_005,2024-02-24,15:45,Completed,Chronic Disease Review,39
APT_006997,P_00243,DOC_003,DEPT_036,2024-04-23,14:00,Completed,Chronic Disease Review,53
APT_006998,P_02864,DOC_018,DEPT_039,2024-01-16,10:30,Completed,Medication Adjustment,39
APT_006999,P_01683,DOC_006,DEPT_018,2024-05-03,16:45,Completed,Medication Adjustment,61
APT_007000,P_01107,DOC_004,DEPT_005,2024-12-06,08:15,no-show,Post-Operative Follow-up,0
APT_007001,P_02041,DOC_004,DEPT_005,2024-05-23,17:00,Completed,Diabetes Monitoring,8
APT_007002,P_02037,DOC_008,DEPT_005,2025-04-25,09:15,Completed,Routine Follow-up,61
APT_007003,P_02629,DOC_016,DEPT_009,2025-03-05,11:15,Completed,Respiratory Symptoms,23
APT_007004,P_00839,DOC_017,DEPT_008,2025-01-07,08:00,Scheduled,Post-Operative Follow-up,0
APT_007005,P_00495,DOC_036,DEPT_016,2025-04-12,08:45,Scheduled,Diabetes Monitoring,0
APT_007006,P_03222,DOC_004,DEPT_005,2024-09-10,17:00,Scheduled,Chronic Disease Review,0
APT_007007,P_01376,DOC_034,DEPT_005,2024-03-04,12:00,Scheduled,Chronic Disease Review,0
APT_007008,P_01136,DOC_026,DEPT_020,29-04-2024,17:45,Completed,Routine Follow-up,10
APT_007009,P_01224,DOC_040,DEPT_027,2024-04-18,10:45,Completed,Chest Discomfort,42
APT_007010,P_01045,DOC_022,DEPT_001,2024-11-20,14:45,Completed,,64
APT_007011,P_02993,DOC_029,DEPT_036,2025-04-14,10:00,Completed,Diabetes Monitoring,28
APT_007012,P_02065,DOC_030,DEPT_014,2024-02-20,14:00,Completed,Respiratory Symptoms,61
APT_007013,P_00856,DOC_020,DEPT_008,03/23/2025,16:30,Completed,Routine Follow-up,26
APT_007014,P_01519,DOC_013,DEPT_026,2025-04-11,09:30,Scheduled,Medication Adjustment,0
APT_007015,P_00486,DOC_035,DEPT_003,2024-06-13,09:15,Cancelled,Annual Health Checkup,0
APT_007016,P_02982,DOC_023,DEPT_007,2024-04-05,14:30,Completed,Chest Discomfort,15
APT_007017,P_02063,DOC_012,DEPT_014,2025-03-04,15:00,Cancelled,Respiratory Symptoms,0
APT_007018,P_00196,DOC_004,DEPT_005,2024-03-14,16:30,Scheduled,Diabetes Monitoring,0
APT_007019,P_01779,DOC_005,DEPT_006,2024-03-26,14:15,  Completed  ,Annual Health Checkup,50
APT_007020,P_01402,DOC_035,DEPT_003,2024-07-16,16:45,Completed,Respiratory Symptoms,62
APT_007021,P_00154,DOC_011,DEPT_021,2024-03-03,14:15,COMPLETED,Respiratory Symptoms,57
APT_007022,P_03452,DOC_021,DEPT_019,2024-02-07,17:30,Scheduled,Post-Operative Follow-up,0
APT_007023,P_02626,DOC_040,DEPT_027,2024-03-03,09:15,Completed,Medication Adjustment,13
APT_007024,P_03251,DOC_012,DEPT_014,2024-10-17,15:45,No-Show,Routine Follow-up,0
APT_007025,P_02935,DOC_005,DEPT_006,2024-02-19,13:15,Scheduled,Chest Discomfort,0
APT_007026,P_02927,DOC_035,DEPT_003,2024-05-09,17:00,Completed,Annual Health Checkup,28
APT_007027,P_03105,DOC_032,DEPT_016,2024-01-05,13:45,Completed,Medication Adjustment,45
APT_007028,P_00392,DOC_037,DEPT_035,2024-11-12,10:30,no-show,Annual Health Checkup,0
APT_007029,P_01397,DOC_015,DEPT_038,2025-01-13,13:45,Scheduled,Post-Operative Follow-up,0
APT_007030,P_00457,DOC_016,DEPT_009,2024-03-09,08:45,Scheduled,Chest Discomfort,0
APT_007031,P_02096,DOC_035,DEPT_003,2024-12-09,11:30,Cancelled,Medication Adjustment,0
APT_007032,P_02805,DOC_018,DEPT_039,2024-07-12,17:30,Completed,Annual Health Checkup,21
APT_007033,P_01424,DOC_020,DEPT_008,2024-02-21,08:15,Completed,Diabetes Monitoring,41
APT_007034,P_02993,DOC_030,DEPT_014,2025-04-06,09:15,Completed,Post-Operative Follow-up,11
APT_007035,P_00889,DOC_026,DEPT_020,2024-10-15,14:00,Completed,Chest Discomfort,13
APT_007036,P_00773,DOC_001,DEPT_023,2024-04-11,17:30,  No-Show  ,Post-Operative Follow-up,0
APT_007037,P_02432,DOC_032,DEPT_016,2024-03-19,15:00,No-Show,Post-Operative Follow-up,0
APT_007038,P_01135,DOC_009,DEPT_030,2024-12-16,08:00,Cancelled,Medication Adjustment,0
APT_007039,P_01201,DOC_030,DEPT_014,2025-04-21,14:15,Cancelled,Chest Discomfort,0
APT_007040,P_03078,DOC_025,DEPT_032,2024-04-01,15:00,Completed,Medication Adjustment,51
APT_007041,P_00354,DOC_024,DEPT_024,2025-03-12,13:45,Scheduled,Medication Adjustment,0
APT_007042,P_01579,DOC_023,DEPT_007,2024-09-21,16:45,Completed,Chest Discomfort,62
APT_007043,P_01939,DOC_010,DEPT_021,2024-04-23,16:45,Completed,Routine Follow-up,56
APT_007044,P_01092,DOC_037,DEPT_035,2025-03-04,12:15,COMPLETED,Medication Adjustment,56
APT_007045,P_02054,DOC_002,DEPT_035,2025-01-03,08:15,Completed,Annual Health Checkup,60
APT_007046,P_02870,DOC_025,DEPT_032,2025-01-18,12:30,Completed,Diabetes Monitoring,18
APT_007047,P_00165,DOC_024,DEPT_024,2025-01-05,08:45,No-Show,Medication Adjustment,0
APT_007048,P_03421,DOC_037,DEPT_035,2024-01-27,11:15,Cancelled,Diabetes Monitoring,0
APT_007049,P_00537,DOC_025,DEPT_032,2024-10-30,17:00,Completed,Annual Health Checkup,34
APT_007050,P_02541,DOC_011,DEPT_021,2024-02-25,09:00,Completed,Chronic Disease Review,46
APT_007051,P_02798,DOC_016,DEPT_009,2025-03-10,11:30,Completed,Annual Health Checkup,48
APT_007052,P_03400,DOC_026,DEPT_020,2024-09-28,11:45,Scheduled,Annual Health Checkup,0
APT_007053,P_00467,DOC_016,DEPT_009,2024-05-18,10:15,Completed,Annual Health Checkup,9
APT_007054,P_03041,DOC_026,DEPT_020,2024-12-20,10:15,Scheduled,,0
APT_007055,P_02859,DOC_004,DEPT_005,2024-08-29,12:15,  Completed  ,Chest Discomfort,24
APT_007056,P_00537,DOC_015,DEPT_038,2024-03-24,15:45,Completed,Post-Operative Follow-up,30
APT_007057,P_03304,DOC_026,DEPT_020,2024-12-01,08:30,Completed,Annual Health Checkup,8
APT_007058,P_01342,DOC_002,DEPT_035,2024-10-05,12:00,Completed,Chest Discomfort,18
APT_007059,P_00830,DOC_030,DEPT_014,15-11-2024,17:15,completed,Diabetes Monitoring,30
APT_007060,P_01823,DOC_023,DEPT_007,2024-03-15,11:45,Completed,Chest Discomfort,56
APT_007061,P_00600,DOC_025,DEPT_032,2025-03-12,17:30,Completed,Medication Adjustment,56
APT_007062,P_02845,DOC_039,DEPT_007,2024-02-12,12:45,Scheduled,Chest Discomfort,0
APT_007063,P_02538,DOC_004,DEPT_005,2025-02-02,08:00,Completed,Respiratory Symptoms,59
APT_007064,P_00465,DOC_021,DEPT_019,2024-11-03,12:45,Scheduled,Chronic Disease Review,0
APT_007065,P_01031,DOC_038,DEPT_031,2024-10-15,14:45,Completed,Routine Follow-up,16
APT_007066,P_02234,DOC_024,DEPT_024,2024-06-22,17:45,Completed,Diabetes Monitoring,45
APT_007067,P_01065,DOC_001,DEPT_023,2024-07-17,17:45,Scheduled,Routine Follow-up,0
APT_007068,P_00909,DOC_028,DEPT_005,2024-03-18,12:15,COMPLETED,Annual Health Checkup,46
APT_007069,P_00713,DOC_027,DEPT_037,2024-10-26,14:15,Completed,Medication Adjustment,32
APT_007070,P_03500,DOC_014,DEPT_009,2024-01-28,15:15,Completed,Routine Follow-up,48
APT_007071,P_00946,DOC_009,DEPT_030,2024-03-08,09:45,No-Show,Post-Operative Follow-up,0
APT_007072,P_03220,DOC_028,DEPT_005,2024-10-20,10:15,Completed,Respiratory Symptoms,57
APT_007073,P_01631,DOC_032,DEPT_016,2024-11-16,08:00,completed,Post-Operative Follow-up,30
APT_007074,P_03447,DOC_026,DEPT_020,2024-10-02,09:15,Completed,Respiratory Symptoms,18
APT_007075,P_02586,DOC_015,DEPT_038,2024-09-11,16:00,Completed,Chest Discomfort,50
APT_007076,P_02990,DOC_032,DEPT_016,2024-10-19,17:15,Completed,Chest Discomfort,24
APT_007077,P_02049,DOC_007,DEPT_024,2024/06/27 00:00:00,09:00,Completed,Routine Follow-up,62
APT_007078,P_02823,DOC_020,DEPT_008,2025-03-07,14:15,Completed,Routine Follow-up,58
APT_007079,P_03058,DOC_035,DEPT_003,2024-02-06,10:45,Scheduled,Post-Operative Follow-up,0
APT_007080,P_02524,DOC_011,DEPT_021,2024-02-25,16:30,Completed,Chronic Disease Review,10
APT_007081,P_01818,DOC_017,DEPT_008,2024-09-14,08:45,Completed,Diabetes Monitoring,57
APT_007082,P_03242,DOC_001,DEPT_023,2024-07-21,17:00,Scheduled,Routine Follow-up,0
APT_007083,P_01226,DOC_033,DEPT_002,2025-02-28,13:45,Completed,,33
APT_007084,P_01468,DOC_016,DEPT_009,08-06-2024,16:00,Completed,Routine Follow-up,36
APT_007085,P_01584,DOC_030,DEPT_014,2024-04-08,12:45,Cancelled,,0
APT_007086,P_03436,DOC_024,DEPT_024,2025-01-24,14:30,Completed,,65
APT_007087,P_03187,DOC_031,DEPT_024,2025-01-31,10:15,No-Show,Chest Discomfort,0
APT_007088,P_01364,DOC_027,DEPT_037,2024-10-06,15:45,No-Show,Annual Health Checkup,0
APT_007089,P_01760,DOC_030,DEPT_014,2024-04-22,09:00,Completed,Chest Discomfort,28
APT_007090,P_00007,DOC_038,DEPT_031,2024-02-18,10:15,scheduled,Annual Health Checkup,0
APT_007091,P_03412,DOC_012,DEPT_014,2024-09-26,14:00,COMPLETED,Chest Discomfort,43
APT_007092,P_02873,DOC_026,DEPT_020,2025-01-01,08:00,Completed,Medication Adjustment,39
APT_007093,P_03357,DOC_036,DEPT_016,2024-06-26,11:00,completed,Chronic Disease Review,34
APT_007094,P_02976,DOC_001,DEPT_023,2024-02-04,09:45,Cancelled,Post-Operative Follow-up,0
APT_007095,P_03304,DOC_001,DEPT_023,01/13/2024,08:45,No-Show,Chronic Disease Review,0
APT_007096,P_02767,DOC_009,DEPT_030,2024-09-13,11:45,Completed,Chest Discomfort,45
APT_007097,P_00612,DOC_019,DEPT_039,2025-01-22,17:30,completed,Respiratory Symptoms,22
APT_007098,P_01205,DOC_002,DEPT_035,23-04-2025,12:30,Completed,Annual Health Checkup,42
APT_007099,P_01282,DOC_037,DEPT_035,2024/07/25 00:00:00,14:15,Completed,Respiratory Symptoms,35
APT_007100,P_01349,DOC_010,DEPT_021,2024-07-06,14:00,Completed,Routine Follow-up,24
APT_007101,P_00513,DOC_029,DEPT_036,2024-08-09,15:30,Completed,Routine Follow-up,57
APT_007102,P_01720,DOC_015,DEPT_038,2024-05-23,11:45,Completed,Routine Follow-up,50
APT_007103,P_02987,DOC_009,DEPT_030,2024-08-24,14:30,Completed,Chest Discomfort,46
APT_007104,P_03372,DOC_011,DEPT_021,2024-08-12,15:00,Completed,Respiratory Symptoms,33
APT_007105,P_00832,DOC_038,DEPT_031,2024-02-20,10:15,Completed,Diabetes Monitoring,61
APT_007106,P_00511,DOC_026,DEPT_020,2025-02-09,08:30,Completed,Annual Health Checkup,45
APT_007107,P_02333,DOC_036,DEPT_016,2024-11-02,17:15,Scheduled,Post-Operative Follow-up,0
APT_007108,P_02720,DOC_007,DEPT_024,2024-11-05,08:15,Completed,,37
APT_007109,P_00209,DOC_029,DEPT_036,2024-06-27,12:15,Completed,Annual Health Checkup,15
APT_007110,P_00141,DOC_030,DEPT_014,2024-07-22,16:00,Completed,Chest Discomfort,57
APT_007111,P_01155,DOC_033,DEPT_002,2024-01-28,11:00,Cancelled,Chronic Disease Review,0
APT_007112,P_02419,DOC_006,DEPT_018,2024-12-17,08:15,Completed,Post-Operative Follow-up,16
APT_007113,P_01957,DOC_037,DEPT_035,2025-01-09,13:45,  Cancelled  ,Medication Adjustment,0
APT_007114,P_00493,DOC_029,DEPT_036,2024-05-09,13:00,No-Show,Chest Discomfort,0
APT_007115,P_00812,DOC_031,DEPT_024,2024-07-16,12:15,Completed,Chronic Disease Review,44
APT_007116,P_00242,DOC_020,DEPT_008,2024-11-03,16:30,Completed,Medication Adjustment,39
APT_007117,P_00229,DOC_013,DEPT_026,2024-07-30,16:00,Scheduled,,0
APT_007118,P_01872,DOC_026,DEPT_020,2024-04-16,14:15,Completed,Chronic Disease Review,54
APT_007119,P_00714,DOC_006,DEPT_018,2024-05-10,13:00,Completed,Medication Adjustment,40
APT_007120,P_01371,DOC_029,DEPT_036,2025-01-07,12:15,Completed,Post-Operative Follow-up,30
APT_007121,P_02118,DOC_028,DEPT_005,2025-01-26,15:15,Cancelled,Diabetes Monitoring,0
APT_007122,P_00948,DOC_027,DEPT_037,2024-01-07,11:30,Completed,Medication Adjustment,36
APT_007123,P_01145,DOC_008,DEPT_005,2024-02-16,12:45,Completed,Chronic Disease Review,25
APT_007124,P_01727,DOC_037,DEPT_035,2025-04-17,12:15,Completed,Annual Health Checkup,50
APT_007125,P_01730,DOC_033,DEPT_002,2024-02-02,15:15,Completed,Chronic Disease Review,42
APT_007126,P_03199,DOC_020,DEPT_008,2024-09-13,14:30,Scheduled,Chronic Disease Review,0
APT_007127,P_00160,DOC_005,DEPT_006,2024-05-22,08:45,  Completed  ,Respiratory Symptoms,10
APT_007128,P_01189,DOC_029,DEPT_036,2024-02-09,08:15,Completed,Diabetes Monitoring,27
APT_007129,P_01960,DOC_009,DEPT_030,15-12-2024,11:00,Completed,Chest Discomfort,12
APT_007130,P_03413,DOC_005,DEPT_006,2025-02-09,08:30,  Scheduled  ,Respiratory Symptoms,0
APT_007131,P_00775,DOC_021,DEPT_019,2024-02-23,17:00,  Scheduled  ,Post-Operative Follow-up,0
APT_007132,P_00150,DOC_020,DEPT_008,16-01-2025,10:30,Completed,Respiratory Symptoms,37
APT_007133,P_00895,DOC_028,DEPT_005,2025-02-12,10:45,Cancelled,Medication Adjustment,0
APT_007134,P_03140,DOC_030,DEPT_014,2024-02-10,11:00,Completed,Annual Health Checkup,17
APT_007135,P_02640,DOC_027,DEPT_037,2024-05-19,08:30,Completed,Annual Health Checkup,17
APT_007136,P_00972,DOC_010,DEPT_021,2025-01-27,17:30,Completed,Routine Follow-up,15
APT_007137,P_01218,DOC_019,DEPT_039,2024-10-10,14:15,Completed,Respiratory Symptoms,27
APT_007138,P_02396,DOC_034,DEPT_005,2024-05-24,10:45,Completed,Diabetes Monitoring,19
APT_007139,P_00804,DOC_016,DEPT_009,2024-08-17,09:30,Completed,Chronic Disease Review,46
APT_007140,P_03479,DOC_009,DEPT_030,2024-10-15,08:00,completed,Annual Health Checkup,26
APT_007141,P_03289,DOC_029,DEPT_036,2024-02-11,10:30,Completed,Respiratory Symptoms,56
APT_007142,P_03366,DOC_030,DEPT_014,2024-06-15,08:00,Completed,Routine Follow-up,56
APT_007143,P_01531,DOC_027,DEPT_037,2024-04-13,10:30,Completed,Diabetes Monitoring,51
APT_007144,P_03074,DOC_001,DEPT_023,2024-07-28,12:45,No-Show,Annual Health Checkup,0
APT_007145,P_00198,DOC_031,DEPT_024,2024-02-15,15:45,Completed,Chest Discomfort,25
APT_007146,P_00250,DOC_036,DEPT_016,2024-01-30,08:30,Completed,Routine Follow-up,64
APT_007147,P_00429,DOC_013,DEPT_026,2025-02-12,17:30,No-Show,Chest Discomfort,0
APT_007148,P_00989,DOC_009,DEPT_030,2024-03-20,14:30,Completed,Annual Health Checkup,32
APT_007149,P_00516,DOC_036,DEPT_016,2024-08-03,15:45,Scheduled,Routine Follow-up,0
APT_007150,P_02949,DOC_019,DEPT_039,2024-05-13,10:30,  Completed  ,Routine Follow-up,40
APT_007151,P_01041,DOC_039,DEPT_007,2024-08-09,12:15,Completed,Respiratory Symptoms,30
APT_007152,P_01857,DOC_004,DEPT_005,2024-11-14,11:30,Completed,Chronic Disease Review,58
APT_007153,P_02430,DOC_002,DEPT_035,2025-01-04,15:00,Cancelled,Post-Operative Follow-up,0
APT_007154,P_02943,DOC_033,DEPT_002,2024-08-14,09:30,Completed,Diabetes Monitoring,41
APT_007155,P_02089,DOC_027,DEPT_037,2024-08-26,13:30,Completed,Annual Health Checkup,49
APT_007156,P_00011,DOC_022,DEPT_001,2024-06-28,08:15,Cancelled,Chest Discomfort,0
APT_007157,P_00081,DOC_026,DEPT_020,2025-01-08,17:00,Completed,Annual Health Checkup,55
APT_007158,P_02606,DOC_022,DEPT_001,2024-03-06,13:15,Completed,Chest Discomfort,61
APT_007159,P_00263,DOC_012,DEPT_014,2024-12-30,11:00,Cancelled,Chronic Disease Review,0
APT_007160,P_01075,DOC_021,DEPT_019,2025-03-17,13:30,Cancelled,Diabetes Monitoring,0
APT_007161,P_00835,DOC_008,DEPT_005,2024-01-29,09:15,Completed,Diabetes Monitoring,53
APT_007162,P_01298,DOC_008,DEPT_005,2024-08-03,09:00,No-Show,Post-Operative Follow-up,0
APT_007163,P_01942,DOC_026,DEPT_020,2024-07-13,15:15,Completed,Respiratory Symptoms,11
APT_007164,P_01041,DOC_029,DEPT_036,2024-03-05,14:30,Completed,Diabetes Monitoring,20
APT_007165,P_00364,DOC_040,DEPT_027,2024-06-24,13:15,Scheduled,Chest Discomfort,0
APT_007166,P_00689,DOC_008,DEPT_005,2024-09-05,13:30,Completed,Diabetes Monitoring,51
APT_007167,P_01125,DOC_016,DEPT_009,2024-03-12,14:00,No-Show,Chronic Disease Review,0
APT_007168,P_00955,DOC_027,DEPT_037,2024-05-28,16:15,Scheduled,Respiratory Symptoms,0
APT_007169,P_02978,DOC_025,DEPT_032,2024-07-27,15:15,Completed,Medication Adjustment,33
APT_007170,P_03111,DOC_007,DEPT_024,2024-05-12,16:45,Completed,Post-Operative Follow-up,52
APT_007171,P_03278,DOC_013,DEPT_026,2024-11-04,17:00,Scheduled,Routine Follow-up,0
APT_007172,P_00152,DOC_039,DEPT_007,2025-01-06,10:15,Scheduled,Routine Follow-up,0
APT_007173,P_02454,DOC_040,DEPT_027,2024-12-19,09:00,Completed,Respiratory Symptoms,22
APT_007174,P_00147,DOC_025,DEPT_032,2024-04-27,13:15,  Completed  ,Annual Health Checkup,56
APT_007175,P_01186,DOC_021,DEPT_019,2025-03-06,17:00,Completed,Routine Follow-up,64
APT_007176,P_01294,DOC_024,DEPT_024,2024-07-16,17:45,Completed,Routine Follow-up,49
APT_007177,P_01565,DOC_027,DEPT_037,2024-06-28,17:15,Completed,Chronic Disease Review,35
APT_007178,P_03134,DOC_027,DEPT_037,2025-01-10,12:45,Completed,Post-Operative Follow-up,49
APT_007179,P_01620,DOC_019,DEPT_039,2024-11-24,15:45,Completed,Medication Adjustment,47
APT_007180,P_03470,DOC_002,DEPT_035,2025-02-26,15:15,  Cancelled  ,,0
APT_007181,P_00866,DOC_033,DEPT_002,2024-08-04,14:45,completed,Respiratory Symptoms,26
APT_007182,P_01822,DOC_004,DEPT_005,2024-01-04,08:45,  Completed  ,Chronic Disease Review,17
APT_007183,P_00083,DOC_020,DEPT_008,2024-09-19,12:30,No-Show,Annual Health Checkup,0
APT_007184,P_02284,DOC_028,DEPT_005,2024-04-11,16:00,Completed,Diabetes Monitoring,40
APT_007185,P_01360,DOC_012,DEPT_014,2024-03-07,15:30,Completed,Chest Discomfort,44
APT_007186,P_00770,DOC_018,DEPT_039,2024-04-23,12:15,Completed,Chest Discomfort,59
APT_007187,P_03273,DOC_035,DEPT_003,2024-04-07,12:45,No-Show,Chest Discomfort,0
APT_007188,P_00538,DOC_019,DEPT_039,03/03/2025,11:45,Completed,Diabetes Monitoring,8
APT_007189,P_03465,DOC_034,DEPT_005,2024-05-05,09:00,Scheduled,Respiratory Symptoms,0
APT_007190,P_02711,DOC_021,DEPT_019,2025-03-11,12:30,Completed,Chest Discomfort,15
APT_007191,P_01477,DOC_037,DEPT_035,2024-11-21,14:45,Completed,Respiratory Symptoms,32
APT_007192,P_03406,DOC_023,DEPT_007,2025-04-04,16:30,Cancelled,Chronic Disease Review,0
APT_007193,P_02141,DOC_028,DEPT_005,2024-08-03,08:00,Scheduled,Routine Follow-up,0
APT_007194,P_02406,DOC_001,DEPT_023,2025-02-26,15:30,Completed,Chest Discomfort,24
APT_007195,P_02500,DOC_013,DEPT_026,2024-02-16,11:15,Completed,Chronic Disease Review,39
APT_007196,P_03189,DOC_017,DEPT_008,2024-10-14,14:15,Completed,Post-Operative Follow-up,11
APT_007197,P_02840,DOC_033,DEPT_002,2024-05-06,10:30,Completed,Medication Adjustment,16
APT_007198,P_02235,DOC_012,DEPT_014,2024-09-20,12:30,Completed,Routine Follow-up,50
APT_007199,P_02970,DOC_017,DEPT_008,2024-08-11,09:15,Scheduled,Routine Follow-up,0
APT_007200,P_00390,DOC_023,DEPT_007,2025-04-05,11:15,Completed,Routine Follow-up,29
APT_007201,P_02323,DOC_026,DEPT_020,2024-07-24,08:00,Scheduled,Routine Follow-up,0
APT_007202,P_01698,DOC_016,DEPT_009,2024-04-02,08:00,Completed,Annual Health Checkup,53
APT_007203,P_00365,DOC_028,DEPT_005,2025-04-07,10:45,UNKNOWN_VAL,,43
APT_007204,P_01438,DOC_003,DEPT_036,2024-01-23,15:00,No-Show,Respiratory Symptoms,0
APT_007205,P_00219,DOC_010,DEPT_021,2024-12-23,14:45,Completed,Routine Follow-up,9
APT_007206,P_02846,DOC_029,DEPT_036,2024-12-20,09:15,Completed,Diabetes Monitoring,61
APT_007207,P_01675,DOC_002,DEPT_035,2024-09-16,16:15,Completed,Respiratory Symptoms,33
APT_007208,P_02903,DOC_035,DEPT_003,23-04-2024,08:45,Completed,Chest Discomfort,20
APT_007209,P_00252,DOC_038,DEPT_031,2024-05-11,11:45,Completed,Annual Health Checkup,22
APT_007210,P_03065,DOC_030,DEPT_014,2025-02-04,14:00,Scheduled,Respiratory Symptoms,0
APT_007211,P_00045,DOC_003,DEPT_036,2024-01-09,09:15,Cancelled,Post-Operative Follow-up,0
APT_007212,P_02714,DOC_030,DEPT_014,2025-03-29,15:45,Completed,Chronic Disease Review,8
APT_007213,P_02644,DOC_023,DEPT_007,2024-04-08,10:15,Completed,Chest Discomfort,9
APT_007214,P_00897,DOC_011,DEPT_021,2024-07-19,17:15,Completed,Post-Operative Follow-up,27
APT_007215,P_02601,DOC_012,DEPT_014,2025-03-07,09:30,Completed,Chest Discomfort,55
APT_007216,P_02614,DOC_014,DEPT_009,2024-04-18,09:15,Completed,Routine Follow-up,23
APT_007217,P_01998,DOC_018,DEPT_039,2024-04-07,10:30,Completed,Medication Adjustment,33
APT_007218,P_01884,DOC_032,DEPT_016,2024-06-19,09:30,Scheduled,Chest Discomfort,0
APT_007219,P_01760,DOC_019,DEPT_039,2025-04-19,15:45,Cancelled,Post-Operative Follow-up,0
APT_007220,P_00586,DOC_014,DEPT_009,2024-12-11,09:45,Completed,Annual Health Checkup,28
APT_007221,P_01656,DOC_028,DEPT_005,2024-06-10,11:00,Completed,Annual Health Checkup,15
APT_007222,P_00640,DOC_003,DEPT_036,2025/02/26 00:00:00,14:30,Completed,Medication Adjustment,51
APT_007223,P_01578,DOC_016,DEPT_009,2024-08-18,11:30,Completed,Post-Operative Follow-up,8
APT_007224,P_03204,DOC_031,DEPT_024,2025-04-05,10:00,Completed,Post-Operative Follow-up,30
APT_007225,P_00411,DOC_004,DEPT_005,2025-04-16,17:15,Completed,Chest Discomfort,51
APT_007226,P_01218,DOC_023,DEPT_007,2024-08-25,17:00,Completed,Chest Discomfort,16
APT_007227,P_01911,DOC_024,DEPT_024,2024-10-23,09:45,Scheduled,Respiratory Symptoms,0
APT_007228,P_00125,DOC_014,DEPT_009,23-04-2025,11:00,Completed,Post-Operative Follow-up,12
APT_007229,P_01943,DOC_040,DEPT_027,2025-03-21,15:00,Completed,Respiratory Symptoms,8
APT_007230,P_00496,DOC_015,DEPT_038,2024-06-17,14:00,Completed,Medication Adjustment,55
APT_007231,P_01230,DOC_039,DEPT_007,2024-05-20,14:15,Completed,Post-Operative Follow-up,30
APT_007232,P_00548,DOC_015,DEPT_038,2025-01-13,12:00,Completed,Chest Discomfort,31
APT_007233,P_02086,DOC_003,DEPT_036,2024-02-22,10:15,Completed,Post-Operative Follow-up,51
APT_007234,P_01334,DOC_022,DEPT_001,2025-01-06,15:45,Cancelled,Medication Adjustment,0
APT_007235,P_02304,DOC_037,DEPT_035,2025-01-14,16:15,Scheduled,Medication Adjustment,0
APT_007236,P_00939,DOC_029,DEPT_036,2025-03-09,15:00,Scheduled,Annual Health Checkup,0
APT_007237,P_00187,DOC_028,DEPT_005,2024-04-04,16:30,Completed,Medication Adjustment,9
APT_007238,P_02697,DOC_036,DEPT_016,2025-02-26,14:15,Cancelled,Diabetes Monitoring,0
APT_007239,P_01036,DOC_011,DEPT_021,2024/08/09 00:00:00,11:00,Cancelled,Chronic Disease Review,0
APT_007240,P_00813,DOC_037,DEPT_035,2024-06-14,17:45,Completed,Chronic Disease Review,19
APT_007241,P_00602,DOC_002,DEPT_035,2025-02-23,12:30,Completed,Annual Health Checkup,18
APT_007242,P_00242,DOC_008,DEPT_005,2024-12-03,09:00,Completed,Diabetes Monitoring,47
APT_007243,P_01758,DOC_025,DEPT_032,2024-11-14,15:00,No-Show,Annual Health Checkup,0
APT_007244,P_01869,DOC_032,DEPT_016,2024-02-11,10:00,Completed,Annual Health Checkup,10
APT_007245,P_00729,DOC_012,DEPT_014,2025-03-11,09:00,Scheduled,Chronic Disease Review,0
APT_007246,P_02195,DOC_013,DEPT_026,2024-12-01,08:30,Completed,Chronic Disease Review,28
APT_007247,P_02757,DOC_002,DEPT_035,2024-08-13,10:00,Completed,Routine Follow-up,21
APT_007248,P_00680,DOC_019,DEPT_039,2024-11-16,13:15,SCHEDULED,Respiratory Symptoms,0
APT_007249,P_03159,DOC_035,DEPT_003,2024-09-13,12:30,Completed,Chest Discomfort,21
APT_007250,P_03198,DOC_037,DEPT_035,2025-02-23,17:15,Completed,Medication Adjustment,62
APT_007251,P_02669,DOC_012,DEPT_014,2024-09-08,10:00,Cancelled,Chronic Disease Review,0
APT_007252,P_03067,DOC_009,DEPT_030,2024-02-26,14:45,Completed,Respiratory Symptoms,39
APT_007253,P_02020,DOC_005,DEPT_006,2024-03-21,15:15,Completed,Annual Health Checkup,34
APT_007254,P_00573,DOC_037,DEPT_035,2024-11-22,17:15,Completed,Chest Discomfort,39
APT_007255,P_02035,DOC_019,DEPT_039,2025-04-05,13:15,Completed,Chest Discomfort,20
APT_007256,P_01316,DOC_021,DEPT_019,2025-02-27,17:15,Completed,Chronic Disease Review,19
APT_007257,P_02965,DOC_019,DEPT_039,2024-01-08,08:30,Cancelled,Routine Follow-up,0
APT_007258,P_00499,DOC_030,DEPT_014,2024-01-30,14:45,Completed,,10
APT_007259,P_00971,DOC_011,DEPT_021,2024-07-09,17:15,Completed,Annual Health Checkup,47
APT_007260,P_01262,DOC_007,DEPT_024,2025/01/07 00:00:00,14:15,Cancelled,Chest Discomfort,0
APT_007261,P_00645,DOC_014,DEPT_009,2024-04-21,13:30,Completed,Medication Adjustment,27
APT_007262,P_00782,DOC_018,DEPT_039,2025-02-08,10:45,Completed,Chronic Disease Review,64
APT_007263,P_02114,DOC_001,DEPT_023,2025-02-12,09:30,Cancelled,Chest Discomfort,0
APT_007264,P_03088,DOC_016,DEPT_009,2024-04-03,10:00,Completed,Chronic Disease Review,53
APT_007265,P_02063,DOC_019,DEPT_039,2024-03-10,16:30,Completed,Annual Health Checkup,32
APT_007266,P_01700,DOC_004,DEPT_005,2024-02-21,11:00,Completed,Chronic Disease Review,59
APT_007267,P_03444,DOC_034,DEPT_005,2024-10-14,10:30,Scheduled,Diabetes Monitoring,0
APT_007268,P_03173,DOC_035,DEPT_003,2024-12-19,12:45,scheduled,Routine Follow-up,0
APT_007269,P_02183,DOC_032,DEPT_016,2024-02-04,16:00,Cancelled,Annual Health Checkup,0
APT_007270,P_02069,DOC_011,DEPT_021,2025-03-21,12:30,Scheduled,Post-Operative Follow-up,0
APT_007271,P_02299,DOC_036,DEPT_016,2024/09/23 00:00:00,11:30,Completed,Medication Adjustment,15
APT_007272,P_01537,DOC_007,DEPT_024,2024-06-19,14:45,completed,Respiratory Symptoms,15
APT_007273,P_00467,DOC_033,DEPT_002,2024-07-03,09:00,Completed,Annual Health Checkup,17
APT_007274,P_00382,DOC_001,DEPT_023,2025-03-30,08:30,Completed,Respiratory Symptoms,48
APT_007275,P_01734,DOC_011,DEPT_021,2024-11-21,13:30,No-Show,Medication Adjustment,0
APT_007276,P_00221,DOC_010,DEPT_021,2024-02-02,14:15,Completed,Chronic Disease Review,61
APT_007277,P_02168,DOC_030,DEPT_014,2025-02-05,09:30,No-Show,Routine Follow-up,0
APT_007278,P_01334,DOC_016,DEPT_009,2024-07-02,12:30,Completed,Routine Follow-up,53
APT_007279,P_01152,DOC_021,DEPT_019,2024-10-08,17:00,Completed,Chest Discomfort,26
APT_007280,P_00200,DOC_027,DEPT_037,2024-09-12,13:45,Completed,Respiratory Symptoms,53
APT_007281,P_03008,DOC_018,DEPT_039,04/10/2024,16:45,Cancelled,Diabetes Monitoring,0
APT_007282,P_01760,DOC_016,DEPT_009,2024-10-25,12:15,Completed,Respiratory Symptoms,60
APT_007283,P_02169,DOC_017,DEPT_008,2024-02-01,16:30,Completed,Medication Adjustment,28
APT_007284,P_01564,DOC_005,DEPT_006,2024-01-18,09:00,COMPLETED,Chronic Disease Review,43
APT_007285,P_02852,DOC_019,DEPT_039,2024-11-06,16:30,Completed,Medication Adjustment,28
APT_007286,P_01224,DOC_001,DEPT_023,2024-03-24,12:45,Completed,Post-Operative Follow-up,41
APT_007287,P_01668,DOC_007,DEPT_024,2024-07-30,16:00,Completed,Medication Adjustment,42
APT_007288,P_02582,DOC_029,DEPT_036,2024-05-12,17:45,Completed,Chest Discomfort,52
APT_007289,P_02717,DOC_025,DEPT_032,2025-03-16,10:15,Completed,Diabetes Monitoring,11
APT_007290,P_01356,DOC_014,DEPT_009,2024-12-09,17:30,Completed,Annual Health Checkup,10
APT_007291,P_02914,DOC_039,DEPT_007,2024-12-09,10:30,Completed,Chronic Disease Review,16
APT_007292,P_01547,DOC_025,DEPT_032,2024-12-31,11:45,Completed,Post-Operative Follow-up,56
APT_007293,P_01411,DOC_024,DEPT_024,2024-05-22,10:45,Completed,Annual Health Checkup,19
APT_007294,P_02971,DOC_015,DEPT_038,2024-06-17,13:15,COMPLETED,Annual Health Checkup,8
APT_007295,P_01600,DOC_022,DEPT_001,2025-01-09,08:15,Completed,Medication Adjustment,54
APT_007296,P_01183,DOC_037,DEPT_035,2024-03-19,16:30,Completed,Respiratory Symptoms,63
APT_007297,P_02425,DOC_002,DEPT_035,2024-05-22,12:00,completed,Diabetes Monitoring,37
APT_007298,P_03451,DOC_005,DEPT_006,2024-05-20,08:45,Completed,Routine Follow-up,40
APT_007299,P_03174,DOC_022,DEPT_001,2025-04-17,10:45,Completed,Chest Discomfort,63
APT_007300,P_02374,DOC_016,DEPT_009,2024-07-14,08:00,  Completed  ,Annual Health Checkup,25
APT_007301,P_00840,DOC_021,DEPT_019,2024-07-27,10:45,Completed,Diabetes Monitoring,64
APT_007302,P_01644,DOC_026,DEPT_020,2024-06-26,13:00,UNKNOWN_VAL,Medication Adjustment,12
APT_007303,P_01112,DOC_012,DEPT_014,2024-03-22,14:15,Scheduled,Routine Follow-up,0
APT_007304,P_00043,DOC_002,DEPT_035,2024-03-03,16:45,Cancelled,Medication Adjustment,0
APT_007305,P_00081,DOC_026,DEPT_020,2025-04-09,10:30,Scheduled,Respiratory Symptoms,0
APT_007306,P_01272,DOC_010,DEPT_021,2025-02-22,12:15,Scheduled,Post-Operative Follow-up,0
APT_007307,P_01835,DOC_007,DEPT_024,2024-07-26,12:15,Completed,Routine Follow-up,39
APT_007308,P_00560,DOC_013,DEPT_026,2024-08-06,15:45,Completed,Medication Adjustment,55
APT_007309,P_00917,DOC_022,DEPT_001,2024-12-17,13:00,Scheduled,Routine Follow-up,0
APT_007310,P_00178,DOC_037,DEPT_035,2024-03-07,12:00,Completed,Post-Operative Follow-up,8
APT_007311,P_01771,DOC_001,DEPT_023,2024/03/20 00:00:00,16:45,Completed,Post-Operative Follow-up,58
APT_007312,P_00905,DOC_018,DEPT_039,2024-06-12,14:30,Cancelled,Chest Discomfort,0
APT_007313,P_00052,DOC_035,DEPT_003,2024-11-15,09:00,Completed,Annual Health Checkup,51
APT_007314,P_01546,DOC_032,DEPT_016,2024-07-30,11:00,Completed,Chest Discomfort,36
APT_007315,P_03209,DOC_040,DEPT_027,2024-01-02,11:00,Completed,Post-Operative Follow-up,55
APT_007316,P_01989,DOC_011,DEPT_021,2024-12-07,15:45,Completed,Post-Operative Follow-up,35
APT_007317,P_03175,DOC_035,DEPT_003,2025-01-28,10:30,Scheduled,Diabetes Monitoring,0
APT_007318,P_02132,DOC_015,DEPT_038,2024-12-31,15:45,Completed,Respiratory Symptoms,40
APT_007319,P_01579,DOC_014,DEPT_009,2024-12-23,10:30,Cancelled,,0
APT_007320,P_03264,DOC_023,DEPT_007,2024-01-14,17:45,No-Show,Post-Operative Follow-up,0
APT_007321,P_00588,DOC_022,DEPT_001,2024-08-14,15:15,Completed,Respiratory Symptoms,65
APT_007322,P_00374,DOC_009,DEPT_030,2024-03-20,11:30,Completed,Respiratory Symptoms,11
APT_007323,P_03196,DOC_005,DEPT_006,2024-03-02,13:30,Completed,Diabetes Monitoring,37
APT_007324,P_01220,DOC_023,DEPT_007,2024-10-08,11:45,Completed,Diabetes Monitoring,20
APT_007325,P_01067,DOC_013,DEPT_026,2024-08-21,11:15,Completed,Medication Adjustment,25
APT_007326,P_02855,DOC_022,DEPT_001,2024-10-01,09:30,Completed,Medication Adjustment,59
APT_007327,P_01578,DOC_016,DEPT_009,2024-04-15,12:00,Completed,Respiratory Symptoms,42
APT_007328,P_00307,DOC_009,DEPT_030,2024-05-05,16:45,Completed,Respiratory Symptoms,52
APT_007329,P_00795,DOC_009,DEPT_030,2024-02-19,08:30,Scheduled,Respiratory Symptoms,0
APT_007330,P_01997,DOC_014,DEPT_009,2024-02-19,09:15,Completed,Chronic Disease Review,12
APT_007331,P_01408,DOC_017,DEPT_008,2024-02-04,14:15,Scheduled,Post-Operative Follow-up,0
APT_007332,P_02834,DOC_006,DEPT_018,02-02-2024,15:00,Completed,Diabetes Monitoring,62
APT_007333,P_03254,DOC_025,DEPT_032,2024-09-29,16:45,Completed,Annual Health Checkup,30
APT_007334,P_00569,DOC_030,DEPT_014,2024-02-01,16:15,Completed,Annual Health Checkup,51
APT_007335,P_00839,DOC_001,DEPT_023,2025-02-10,15:30,No-Show,Diabetes Monitoring,0
APT_007336,P_02612,DOC_040,DEPT_027,2024-02-06,13:15,Completed,Annual Health Checkup,35
APT_007337,P_02729,DOC_021,DEPT_019,2025-01-16,17:30,Completed,Medication Adjustment,33
APT_007338,P_01356,DOC_035,DEPT_003,2024-01-21,12:30,Completed,Post-Operative Follow-up,58
APT_007339,P_02090,DOC_001,DEPT_023,2024-06-18,14:00,Completed,Routine Follow-up,65
APT_007340,P_00336,DOC_036,DEPT_016,2024-07-24,13:45,Completed,Routine Follow-up,54
APT_007341,P_00864,DOC_036,DEPT_016,2025-03-14,14:45,Completed,Medication Adjustment,20
APT_007342,P_00386,DOC_027,DEPT_037,2025-04-16,13:30,Completed,Annual Health Checkup,52
APT_007343,P_02016,DOC_035,DEPT_003,2024-10-13,11:45,completed,Routine Follow-up,24
APT_007344,P_01356,DOC_038,DEPT_031,2024-03-19,08:00,COMPLETED,Diabetes Monitoring,45
APT_007345,P_02404,DOC_026,DEPT_020,2024-05-06,08:15,Completed,Annual Health Checkup,34
APT_007346,P_01359,DOC_015,DEPT_038,2025-01-11,17:15,Completed,Annual Health Checkup,63
APT_007347,P_03466,DOC_026,DEPT_020,2025-01-06,08:45,Completed,Medication Adjustment,29
APT_007348,P_00713,DOC_003,DEPT_036,2025-04-18,14:30,cancelled,Chest Discomfort,0
APT_007349,P_01497,DOC_008,DEPT_005,2025-04-20,09:45,Completed,Chronic Disease Review,50
APT_007350,P_00459,DOC_036,DEPT_016,2025-02-08,16:00,Completed,Respiratory Symptoms,52
APT_007351,P_03327,DOC_038,DEPT_031,2024-07-18,10:30,Completed,Post-Operative Follow-up,56
APT_007352,P_03060,DOC_032,DEPT_016,2024-03-30,15:45,Completed,Respiratory Symptoms,40
APT_007353,P_03025,DOC_014,DEPT_009,2024-02-05,08:15,Completed,Respiratory Symptoms,36
APT_007354,P_00291,DOC_009,DEPT_030,2024-08-25,17:00,Scheduled,Chest Discomfort,0
APT_007355,P_03344,DOC_033,DEPT_002,2024-05-26,14:45,Completed,Diabetes Monitoring,36
APT_007356,P_01812,DOC_011,DEPT_021,2024-05-04,15:15,Completed,Post-Operative Follow-up,47
APT_007357,P_00142,DOC_008,DEPT_005,2025-01-24,12:15,Completed,Chronic Disease Review,23
APT_007358,P_02905,DOC_018,DEPT_039,2024-03-07,10:30,Completed,Chest Discomfort,44
APT_007359,P_02072,DOC_028,DEPT_005,2025-01-27,10:30,Completed,Respiratory Symptoms,15
APT_007360,P_00790,DOC_034,DEPT_005,2024-10-02,14:30,Completed,Chronic Disease Review,49
APT_007361,P_01729,DOC_007,DEPT_024,2024-09-16,11:45,Completed,Annual Health Checkup,9
APT_007362,P_00680,DOC_010,DEPT_021,2024-07-19,16:15,Completed,Annual Health Checkup,63
APT_007363,P_00278,DOC_033,DEPT_002,2024-08-25,12:30,Completed,Chest Discomfort,33
APT_007364,P_00127,DOC_011,DEPT_021,09/13/2024,10:00,Cancelled,Medication Adjustment,0
APT_007365,P_01035,DOC_014,DEPT_009,2024-09-22,15:00,Completed,Chest Discomfort,51
APT_007366,P_01703,DOC_033,DEPT_002,2024-11-13,12:45,Scheduled,Annual Health Checkup,0
APT_007367,P_00620,DOC_016,DEPT_009,2024-07-31,12:15,Completed,Chest Discomfort,28
APT_007368,P_01921,DOC_019,DEPT_039,2024-11-15,15:30,Completed,Medication Adjustment,52
APT_007369,P_02547,DOC_022,DEPT_001,2024-09-18,11:30,Cancelled,Chronic Disease Review,0
APT_007370,P_02531,DOC_012,DEPT_014,2024-04-15,13:30,Cancelled,Respiratory Symptoms,0
APT_007371,P_02807,DOC_018,DEPT_039,2024-03-19,11:00,COMPLETED,Annual Health Checkup,12
APT_007372,P_00079,DOC_019,DEPT_039,2024-10-29,16:30,Completed,Routine Follow-up,8
APT_007373,P_01388,DOC_035,DEPT_003,2025-01-06,09:30,Completed,Respiratory Symptoms,52
APT_007374,P_02435,DOC_027,DEPT_037,2024-09-25,17:15,Completed,Routine Follow-up,28
APT_007375,P_03347,DOC_015,DEPT_038,2024-03-18,14:30,Cancelled,Chronic Disease Review,0
APT_007376,P_03195,DOC_007,DEPT_024,2024-07-26,14:30,Completed,Medication Adjustment,35
APT_007377,P_02068,DOC_006,DEPT_018,2024-05-25,11:30,Completed,Routine Follow-up,29
APT_007378,P_01939,DOC_019,DEPT_039,2024-11-30,08:30,completed,Diabetes Monitoring,49
APT_007379,P_00794,DOC_015,DEPT_038,2025-03-03,17:00,completed,Respiratory Symptoms,27
APT_007380,P_03340,DOC_034,DEPT_005,2024-01-29,09:30,Completed,Chest Discomfort,49
APT_007381,P_02987,DOC_021,DEPT_019,2024-06-14,17:00,Completed,Chest Discomfort,40
APT_007382,P_00364,DOC_013,DEPT_026,2024-08-29,08:45,Completed,Chronic Disease Review,62
APT_007383,P_01685,DOC_023,DEPT_007,2025-04-06,10:15,Scheduled,Post-Operative Follow-up,0
APT_007384,P_03425,DOC_038,DEPT_031,2024-07-09,17:15,Completed,Routine Follow-up,30
APT_007385,P_03459,DOC_007,DEPT_024,2024-02-17,10:30,Completed,Annual Health Checkup,39
APT_007386,P_02164,DOC_010,DEPT_021,2024-12-04,11:00,Completed,Respiratory Symptoms,29
APT_007387,P_02507,DOC_001,DEPT_023,2024-10-12,16:15,Scheduled,Chest Discomfort,0
APT_007388,P_02443,DOC_025,DEPT_032,2025-04-15,09:45,Completed,Annual Health Checkup,40
APT_007389,P_01860,DOC_019,DEPT_039,2024-05-21,10:15,Completed,Annual Health Checkup,33
APT_007390,P_00399,DOC_004,DEPT_005,2024-06-28,14:15,Completed,Routine Follow-up,60
APT_007391,P_00993,DOC_034,DEPT_005,2024-06-18,17:15,Completed,Respiratory Symptoms,11
APT_007392,P_00950,DOC_001,DEPT_023,2024-08-14,12:15,Cancelled,,0
APT_007393,P_03278,DOC_021,DEPT_019,2024-06-27,09:15,Completed,Medication Adjustment,56
APT_007394,P_00186,DOC_036,DEPT_016,2024-03-04,14:15,Scheduled,Diabetes Monitoring,0
APT_007395,P_01586,DOC_020,DEPT_008,2024-11-29,12:00,No-Show,,0
APT_007396,P_02316,DOC_018,DEPT_039,2025-01-18,16:15,Completed,Chronic Disease Review,56
APT_007397,P_03390,DOC_025,DEPT_032,2025-01-13,10:15,Completed,Annual Health Checkup,13
APT_007398,P_00929,DOC_026,DEPT_020,2024-06-06,13:15,Completed,Medication Adjustment,65
APT_007399,P_01559,DOC_027,DEPT_037,2024-08-09,17:30,Completed,Routine Follow-up,23
APT_007400,P_03060,DOC_023,DEPT_007,2025/02/28 00:00:00,11:15,No-Show,Chronic Disease Review,0
APT_007401,P_00839,DOC_014,DEPT_009,2024-07-16,13:30,Completed,Diabetes Monitoring,29
APT_007402,P_02018,DOC_008,DEPT_005,03/23/2025,10:00,Completed,Chronic Disease Review,45
APT_007403,P_00612,DOC_010,DEPT_021,2024-08-31,17:15,Completed,Respiratory Symptoms,9
APT_007404,P_02698,DOC_027,DEPT_037,2024-04-20,11:30,Cancelled,,0
APT_007405,P_00582,DOC_013,DEPT_026,2025-04-24,17:30,No-Show,Chest Discomfort,0
APT_007406,P_02235,DOC_003,DEPT_036,2024-03-18,12:00,Completed,Routine Follow-up,32
APT_007407,P_00698,DOC_022,DEPT_001,2024/03/02 00:00:00,11:00,Completed,Annual Health Checkup,54
APT_007408,P_02607,DOC_035,DEPT_003,2024-01-10,14:45,Completed,Annual Health Checkup,26
APT_007409,P_02214,DOC_014,DEPT_009,2024-05-07,15:15,Scheduled,Routine Follow-up,0
APT_007410,P_02002,DOC_029,DEPT_036,2025-03-17,15:45,Completed,Diabetes Monitoring,48
APT_007411,P_02391,DOC_021,DEPT_019,2024-12-18,08:15,No-Show,Diabetes Monitoring,0
APT_007412,P_02118,DOC_012,DEPT_014,2024-12-16,09:30,Completed,Chronic Disease Review,29
APT_007413,P_00945,DOC_005,DEPT_006,2025-02-16,08:15,Completed,Routine Follow-up,34
APT_007414,P_03066,DOC_024,DEPT_024,2024-01-30,11:30,Completed,Annual Health Checkup,36
APT_007415,P_01920,DOC_010,DEPT_021,2025-02-20,15:30,COMPLETED,Diabetes Monitoring,37
APT_007416,P_00467,DOC_028,DEPT_005,2025-01-30,08:00,Completed,Medication Adjustment,54
APT_007417,P_00498,DOC_015,DEPT_038,2024-04-06,14:30,Completed,Diabetes Monitoring,29
APT_007418,P_01907,DOC_006,DEPT_018,2024-01-17,15:45,No-Show,Annual Health Checkup,0
APT_007419,P_00910,DOC_021,DEPT_019,2025/03/20 00:00:00,11:15,Completed,Post-Operative Follow-up,17
APT_007420,P_00481,DOC_013,DEPT_026,2024-09-01,12:00,Completed,Chest Discomfort,54
APT_007421,P_00473,DOC_035,DEPT_003,2024-09-11,13:15,Cancelled,Respiratory Symptoms,0
APT_007422,P_02495,DOC_012,DEPT_014,2024-08-07,15:15,Completed,Chronic Disease Review,44
APT_007423,P_01623,DOC_037,DEPT_035,2024-04-16,10:00,Scheduled,Chronic Disease Review,0
APT_007424,P_03481,DOC_018,DEPT_039,2025-04-10,08:30,Completed,Respiratory Symptoms,34
APT_007425,P_01645,DOC_033,DEPT_002,2024-01-21,10:15,Completed,Medication Adjustment,14
APT_007426,P_03432,DOC_009,DEPT_030,2024-01-13,10:30,Completed,Routine Follow-up,65
APT_007427,P_02898,DOC_013,DEPT_026,2024-04-05,12:15,No-Show,Respiratory Symptoms,0
APT_007428,P_02639,DOC_027,DEPT_037,2024-04-21,09:15,Cancelled,Respiratory Symptoms,0
APT_007429,P_02443,DOC_019,DEPT_039,2024-09-12,12:15,Completed,Respiratory Symptoms,41
APT_007430,P_00399,DOC_012,DEPT_014,2024-02-21,11:15,SCHEDULED,Routine Follow-up,0
APT_007431,P_00851,DOC_025,DEPT_032,2024-12-15,11:00,Completed,Diabetes Monitoring,51
APT_007432,P_02878,DOC_034,DEPT_005,2024-07-15,16:45,Completed,Chest Discomfort,56
APT_007433,P_02538,DOC_010,DEPT_021,2025-04-24,10:45,No-Show,Medication Adjustment,0
APT_007434,P_00480,DOC_026,DEPT_020,2024-10-10,11:15,Completed,Routine Follow-up,12
APT_007435,P_00819,DOC_004,DEPT_005,2025-03-09,17:45,Scheduled,Chest Discomfort,0
APT_007436,P_00203,DOC_029,DEPT_036,2024-01-01,15:00,Completed,Medication Adjustment,61
APT_007437,P_02692,DOC_016,DEPT_009,2024-03-16,09:00,Completed,Respiratory Symptoms,32
APT_007438,P_00177,DOC_012,DEPT_014,2024-03-21,08:30,Completed,Routine Follow-up,46
APT_007439,P_00022,DOC_018,DEPT_039,2025-04-23,13:45,Cancelled,Medication Adjustment,0
APT_007440,P_02475,DOC_005,DEPT_006,2024-09-25,15:15,Completed,Medication Adjustment,33
APT_007441,P_00610,DOC_018,DEPT_039,2024-12-12,13:00,No-Show,Annual Health Checkup,0
APT_007442,P_01829,DOC_028,DEPT_005,2024-05-06,08:30,Completed,Chest Discomfort,29
APT_007443,P_01510,DOC_005,DEPT_006,2024-11-20,08:00,Completed,Post-Operative Follow-up,38
APT_007444,P_02782,DOC_002,DEPT_035,2024-01-30,15:15,Completed,Post-Operative Follow-up,59
APT_007445,P_02091,DOC_028,DEPT_005,2025-03-25,17:15,Completed,Chest Discomfort,22
APT_007446,P_02520,DOC_039,DEPT_007,2025-01-10,14:30,Completed,Medication Adjustment,32
APT_007447,P_01182,DOC_016,DEPT_009,2025-03-23,14:30,Completed,,20
APT_007448,P_02430,DOC_005,DEPT_006,2025-03-21,11:00,No-Show,Chronic Disease Review,0
APT_007449,P_01936,DOC_015,DEPT_038,2025-01-17,15:45,Completed,Annual Health Checkup,58
APT_007450,P_01133,DOC_039,DEPT_007,2024-01-31,09:15,No-Show,Respiratory Symptoms,0
APT_007451,P_00005,DOC_014,DEPT_009,2024-12-27,14:45,Completed,Chronic Disease Review,43
APT_007452,P_02533,DOC_029,DEPT_036,2024-07-11,15:45,Completed,Chronic Disease Review,40
APT_007453,P_00592,DOC_038,DEPT_031,2024-11-30,15:45,Completed,Chest Discomfort,62
APT_007454,P_00297,DOC_016,DEPT_009,2024-03-04,08:45,Completed,Chronic Disease Review,16
APT_007455,P_01127,DOC_030,DEPT_014,2024-10-07,13:30,Completed,Annual Health Checkup,51
APT_007456,P_03237,DOC_027,DEPT_037,2024-11-22,10:15,completed,Annual Health Checkup,58
APT_007457,P_00496,DOC_030,DEPT_014,2024-10-11,16:45,Cancelled,Medication Adjustment,0
APT_007458,P_01050,DOC_001,DEPT_023,2024-01-28,12:15,Scheduled,Chest Discomfort,0
APT_007459,P_03206,DOC_018,DEPT_039,2024-01-24,15:45,Completed,Medication Adjustment,16
APT_007460,P_03392,DOC_029,DEPT_036,2024-10-28,09:30,Completed,Diabetes Monitoring,25
APT_007461,P_00375,DOC_004,DEPT_005,2025-03-24,11:30,Completed,Post-Operative Follow-up,37
APT_007462,P_01461,DOC_009,DEPT_030,2024-08-16,09:15,Completed,Chronic Disease Review,53
APT_007463,P_00270,DOC_015,DEPT_038,2024-09-06,12:15,Completed,Medication Adjustment,43
APT_007464,P_01642,DOC_002,DEPT_035,2024-03-16,14:15,Completed,Routine Follow-up,62
APT_007465,P_03106,DOC_021,DEPT_019,2025-04-18,14:15,Completed,Chest Discomfort,20
APT_007466,P_02401,DOC_001,DEPT_023,2025-01-28,14:45,Completed,Respiratory Symptoms,39
APT_007467,P_02132,DOC_003,DEPT_036,04/04/2024,09:15,Completed,Chest Discomfort,40
APT_007468,P_00468,DOC_039,DEPT_007,2024-06-24,11:30,Completed,Post-Operative Follow-up,26
APT_007469,P_01880,DOC_008,DEPT_005,2024-12-03,14:30,Completed,Chronic Disease Review,60
APT_007470,P_02574,DOC_001,DEPT_023,2025-02-01,11:30,Completed,Annual Health Checkup,51
APT_007471,P_01203,DOC_020,DEPT_008,2024-11-20,17:45,Completed,Post-Operative Follow-up,11
APT_007472,P_00377,DOC_004,DEPT_005,2025-02-01,15:45,No-Show,Annual Health Checkup,0
APT_007473,P_02544,DOC_004,DEPT_005,2024-06-12,14:45,Completed,Routine Follow-up,17
APT_007474,P_00738,DOC_024,DEPT_024,2024-02-13,08:00,Completed,Diabetes Monitoring,63
APT_007475,P_02555,DOC_023,DEPT_007,2025-01-06,09:30,Completed,Medication Adjustment,39
APT_007476,P_03140,DOC_038,DEPT_031,2024-06-11,09:30,Completed,Routine Follow-up,41
APT_007477,P_00816,DOC_022,DEPT_001,2024-06-10,13:00,Completed,Chest Discomfort,37
APT_007478,P_02985,DOC_018,DEPT_039,2025-04-05,16:15,Completed,,47
APT_007479,P_00088,DOC_024,DEPT_024,2024-07-23,15:45,Completed,Annual Health Checkup,56
APT_007480,P_02020,DOC_019,DEPT_039,2024-05-26,15:00,Completed,Annual Health Checkup,38
APT_007481,P_00310,DOC_023,DEPT_007,2024-10-03,15:15,Cancelled,Diabetes Monitoring,0
APT_007482,P_01964,DOC_027,DEPT_037,2025-01-11,17:45,Scheduled,Annual Health Checkup,0
APT_007483,P_01406,DOC_017,DEPT_008,2024-08-03,09:00,No-Show,Post-Operative Follow-up,0
APT_007484,P_01597,DOC_035,DEPT_003,2024-07-29,13:45,Scheduled,,0
APT_007485,P_03381,DOC_012,DEPT_014,2025-01-19,14:15,COMPLETED,Chronic Disease Review,21
APT_007486,P_00791,DOC_010,DEPT_021,2024-06-02,11:30,Scheduled,Annual Health Checkup,0
APT_007487,P_00741,DOC_039,DEPT_007,2024-01-17,17:45,Cancelled,Respiratory Symptoms,0
APT_007488,P_02572,DOC_013,DEPT_026,2025-04-03,15:15,completed,Chronic Disease Review,19
APT_007489,P_00938,DOC_028,DEPT_005,2024-03-23,13:30,Completed,Respiratory Symptoms,64
APT_007490,P_00336,DOC_010,DEPT_021,2024-05-06,17:00,Completed,Respiratory Symptoms,17
APT_007491,P_01719,DOC_008,DEPT_005,2024-10-31,16:15,Completed,Chest Discomfort,45
APT_007492,P_03302,DOC_023,DEPT_007,2024-01-12,13:15,Completed,Annual Health Checkup,64
APT_007493,P_01085,DOC_019,DEPT_039,2024-02-18,12:00,Cancelled,Diabetes Monitoring,0
APT_007494,P_01452,DOC_004,DEPT_005,2024-06-12,09:30,Completed,Medication Adjustment,23
APT_007495,P_01971,DOC_010,DEPT_021,2024-05-11,13:00,Completed,Chronic Disease Review,51
APT_007496,P_02720,DOC_007,DEPT_024,2024-07-13,10:45,Completed,Post-Operative Follow-up,57
APT_007497,P_03149,DOC_014,DEPT_009,2024-08-06,09:45,No-Show,Post-Operative Follow-up,0
APT_007498,P_00253,DOC_018,DEPT_039,2024-10-04,13:30,completed,Routine Follow-up,58
APT_007499,P_01988,DOC_005,DEPT_006,2024-06-17,16:00,Completed,Post-Operative Follow-up,54
APT_007500,P_00394,DOC_038,DEPT_031,2024-03-24,09:15,  No-Show  ,Post-Operative Follow-up,0
APT_007501,P_00198,DOC_033,DEPT_002,2025-03-14,08:45,Completed,Post-Operative Follow-up,30
APT_007502,P_03253,DOC_019,DEPT_039,2025-01-25,15:15,Completed,Diabetes Monitoring,31
APT_007503,P_01812,DOC_032,DEPT_016,2024-10-21,13:00,Scheduled,Chest Discomfort,0
APT_007504,P_02038,DOC_004,DEPT_005,2024-12-11,10:45,Completed,Respiratory Symptoms,12
APT_007505,P_03317,DOC_026,DEPT_020,2024-04-08,11:45,Cancelled,Routine Follow-up,0
APT_007506,P_00972,DOC_024,DEPT_024,2024-12-13,09:30,Completed,Medication Adjustment,31
APT_007507,P_02838,DOC_009,DEPT_030,2024-04-06,08:15,Scheduled,,0
APT_007508,P_03410,DOC_016,DEPT_009,2025-03-20,17:15,  Completed  ,Chronic Disease Review,51
APT_007509,P_01715,DOC_004,DEPT_005,2024-12-01,11:15,Completed,Post-Operative Follow-up,17
APT_007510,P_00317,DOC_008,DEPT_005,2024-04-02,11:00,Completed,Post-Operative Follow-up,49
APT_007511,P_01820,DOC_024,DEPT_024,2024-12-09,09:30,Scheduled,Chronic Disease Review,0
APT_007512,P_01229,DOC_013,DEPT_026,2024-10-06,17:45,no-show,Medication Adjustment,0
APT_007513,P_03390,DOC_014,DEPT_009,2025-03-19,14:15,Scheduled,Chest Discomfort,0
APT_007514,P_01453,DOC_017,DEPT_008,2025-01-14,16:15,  Completed  ,Routine Follow-up,58
APT_007515,P_03067,DOC_018,DEPT_039,2024-07-20,08:30,Completed,Diabetes Monitoring,51
APT_007516,P_00893,DOC_013,DEPT_026,2024-03-09,08:45,Scheduled,Routine Follow-up,0
APT_007517,P_02341,DOC_010,DEPT_021,2024-05-27,13:30,Cancelled,Annual Health Checkup,0
APT_007518,P_02181,DOC_025,DEPT_032,2024-09-29,11:45,Completed,Routine Follow-up,30
APT_007519,P_02318,DOC_038,DEPT_031,2024-01-24,11:45,Completed,Routine Follow-up,40
APT_007520,P_02593,DOC_002,DEPT_035,2024-07-31,08:15,Scheduled,Annual Health Checkup,0
APT_007521,P_00027,DOC_022,DEPT_001,2025-04-06,17:00,Cancelled,Annual Health Checkup,0
APT_007522,P_00720,DOC_005,DEPT_006,2025-04-02,12:45,Completed,Diabetes Monitoring,58
APT_007523,P_03136,DOC_038,DEPT_031,2024-02-07,13:00,Completed,Annual Health Checkup,33
APT_007524,P_00723,DOC_026,DEPT_020,2024-02-04,17:45,Completed,Respiratory Symptoms,39
APT_007525,P_01096,DOC_026,DEPT_020,2024-06-03,09:00,Completed,Post-Operative Follow-up,63
APT_007526,P_02570,DOC_015,DEPT_038,2025-03-22,10:00,Completed,Diabetes Monitoring,40
APT_007527,P_02051,DOC_018,DEPT_039,2024-04-24,12:15,Completed,Routine Follow-up,29
APT_007528,P_00202,DOC_006,DEPT_018,2024-06-28,15:00,Completed,Chronic Disease Review,57
APT_007529,P_03355,DOC_037,DEPT_035,2025-01-14,09:30,Completed,Chronic Disease Review,26
APT_007530,P_00626,DOC_021,DEPT_019,2024-09-08,17:00,COMPLETED,Post-Operative Follow-up,64
APT_007531,P_01373,DOC_017,DEPT_008,2025-04-22,10:15,Completed,Chronic Disease Review,47
APT_007532,P_02555,DOC_025,DEPT_032,2024-06-14,14:45,Completed,Diabetes Monitoring,48
APT_007533,P_02835,DOC_016,DEPT_009,2024-05-06,17:30,Completed,Post-Operative Follow-up,23
APT_007534,P_02858,DOC_037,DEPT_035,2024-10-01,14:30,Completed,Post-Operative Follow-up,9
APT_007535,P_01087,DOC_011,DEPT_021,2025-03-08,12:00,Scheduled,Respiratory Symptoms,0
APT_007536,P_01623,DOC_026,DEPT_020,2024-12-24,14:15,  Completed  ,Annual Health Checkup,24
APT_007537,P_02749,DOC_040,DEPT_027,2025-03-03,08:45,Scheduled,Diabetes Monitoring,0
APT_007538,P_02696,DOC_024,DEPT_024,2024-05-09,15:30,Completed,Medication Adjustment,49
APT_007539,P_02185,DOC_005,DEPT_006,2024-04-10,08:15,Completed,Annual Health Checkup,50
APT_007540,P_03491,DOC_031,DEPT_024,2024-04-08,16:45,Cancelled,Medication Adjustment,0
APT_007541,P_00702,DOC_021,DEPT_019,2024-09-06,10:15,Completed,Chronic Disease Review,52
APT_007542,P_02906,DOC_034,DEPT_005,2024-03-28,11:00,Completed,Annual Health Checkup,11
APT_007543,P_00259,DOC_025,DEPT_032,2025-03-22,12:45,Completed,Routine Follow-up,8
APT_007544,P_01843,DOC_017,DEPT_008,2024-03-28,12:00,Scheduled,Chest Discomfort,0
APT_007545,P_02731,DOC_026,DEPT_020,2025-03-06,12:30,Completed,Chronic Disease Review,56
APT_007546,P_02707,DOC_032,DEPT_016,2024-12-03,14:45,Completed,Chest Discomfort,8
APT_007547,P_01605,DOC_016,DEPT_009,2024-08-07,13:45,Completed,Medication Adjustment,58
APT_007548,P_03440,DOC_023,DEPT_007,2025-01-09,12:30,Cancelled,Routine Follow-up,0
APT_007549,P_00522,DOC_005,DEPT_006,2024-05-23,08:45,  Completed  ,Chest Discomfort,50
APT_007550,P_01231,DOC_014,DEPT_009,2025-02-07,10:45,Completed,Respiratory Symptoms,33
APT_007551,P_01881,DOC_008,DEPT_005,2024-02-09,13:00,Cancelled,Chronic Disease Review,0
APT_007552,P_02883,DOC_010,DEPT_021,2025-03-27,11:15,Completed,Chronic Disease Review,15
APT_007553,P_00492,DOC_003,DEPT_036,2025-04-20,16:30,Completed,Post-Operative Follow-up,24
APT_007554,P_02045,DOC_001,DEPT_023,2025-04-17,12:45,completed,Routine Follow-up,52
APT_007555,P_02557,DOC_009,DEPT_030,2025-03-19,10:30,Completed,,58
APT_007556,P_02988,DOC_006,DEPT_018,2024-04-17,09:15,Completed,Chest Discomfort,55
APT_007557,P_03075,DOC_025,DEPT_032,2024-04-22,16:30,Completed,Routine Follow-up,53
APT_007558,P_01476,DOC_016,DEPT_009,2024-12-22,11:45,Scheduled,Post-Operative Follow-up,0
APT_007559,P_03386,DOC_032,DEPT_016,2025-04-20,10:45,Scheduled,Post-Operative Follow-up,0
APT_007560,P_01133,DOC_022,DEPT_001,2024-09-27,12:45,Cancelled,Post-Operative Follow-up,0
APT_007561,P_02101,DOC_036,DEPT_016,2025-03-24,11:45,Completed,,39
APT_007562,P_00837,DOC_040,DEPT_027,2025-04-04,12:00,Completed,Chronic Disease Review,13
APT_007563,P_01963,DOC_023,DEPT_007,2024-06-26,08:30,Completed,Diabetes Monitoring,38
APT_007564,P_00988,DOC_014,DEPT_009,2024-01-24,11:15,Completed,Chest Discomfort,38
APT_007565,P_00613,DOC_038,DEPT_031,2024-12-17,12:00,Completed,Medication Adjustment,12
APT_007566,P_01354,DOC_019,DEPT_039,2024-12-27,14:45,Completed,Annual Health Checkup,32
APT_007567,P_01522,DOC_038,DEPT_031,2024-02-06,08:00,Completed,Chronic Disease Review,17
APT_007568,P_01863,DOC_020,DEPT_008,2025-03-28,10:45,Completed,Chest Discomfort,19
APT_007569,P_02168,DOC_036,DEPT_016,2024-10-02,14:00,Completed,Annual Health Checkup,22
APT_007570,P_02337,DOC_009,DEPT_030,2024-01-11,11:00,Completed,Chronic Disease Review,9
APT_007571,P_02336,DOC_024,DEPT_024,2024-05-16,14:00,Completed,Routine Follow-up,19
APT_007572,P_02493,DOC_009,DEPT_030,2024-06-10,14:00,Scheduled,Routine Follow-up,0
APT_007573,P_01378,DOC_038,DEPT_031,2024-12-07,08:30,Completed,Chest Discomfort,27
APT_007574,P_01227,DOC_004,DEPT_005,2025-02-21,09:15,Completed,Medication Adjustment,19
APT_007575,P_01159,DOC_027,DEPT_037,2024-04-04,08:00,Cancelled,Respiratory Symptoms,0
APT_007576,P_02470,DOC_024,DEPT_024,2024-02-27,17:45,Completed,Chest Discomfort,13
APT_007577,P_03198,DOC_037,DEPT_035,2024-11-15,09:45,Cancelled,Routine Follow-up,0
APT_007578,P_00255,DOC_040,DEPT_027,2024-11-02,09:15,Completed,Diabetes Monitoring,44
APT_007579,P_01599,DOC_014,DEPT_009,2024-01-04,13:00,Completed,Chronic Disease Review,58
APT_007580,P_02948,DOC_039,DEPT_007,2024-06-28,11:15,Completed,Post-Operative Follow-up,39
APT_007581,P_00786,DOC_033,DEPT_002,2024-07-16,13:00,Completed,Chronic Disease Review,62
APT_007582,P_03386,DOC_022,DEPT_001,2024-08-02,15:30,Completed,Diabetes Monitoring,18
APT_007583,P_02901,DOC_038,DEPT_031,2024-09-08,14:15,Completed,Routine Follow-up,37
APT_007584,P_03030,DOC_035,DEPT_003,2024-03-01,13:15,Completed,Diabetes Monitoring,42
APT_007585,P_01980,DOC_013,DEPT_026,2024-03-24,16:00,Completed,Post-Operative Follow-up,27
APT_007586,P_02963,DOC_015,DEPT_038,2024-12-03,15:30,Cancelled,Diabetes Monitoring,0
APT_007587,P_03038,DOC_039,DEPT_007,2024-10-17,09:30,Scheduled,Diabetes Monitoring,0
APT_007588,P_00989,DOC_033,DEPT_002,2024-09-25,08:45,Scheduled,Annual Health Checkup,0
APT_007589,P_00199,DOC_038,DEPT_031,2024-03-12,09:30,Completed,Respiratory Symptoms,63
APT_007590,P_01602,DOC_033,DEPT_002,2024-11-13,17:30,Completed,Diabetes Monitoring,43
APT_007591,P_03150,DOC_038,DEPT_031,2024-08-19,10:00,Completed,Chronic Disease Review,20
APT_007592,P_02517,DOC_036,DEPT_016,2024-02-11,16:00,Completed,Diabetes Monitoring,26
APT_007593,P_00055,DOC_030,DEPT_014,2025-02-15,08:30,Completed,Medication Adjustment,30
APT_007594,P_01147,DOC_035,DEPT_003,2025-01-11,17:15,Completed,Chronic Disease Review,38
APT_007595,P_03094,DOC_009,DEPT_030,2024-02-09,15:45,Cancelled,Medication Adjustment,0
APT_007596,P_02039,DOC_025,DEPT_032,2024-01-10,13:00,Completed,Chest Discomfort,34
APT_007597,P_01278,DOC_010,DEPT_021,2024-04-09,08:45,No-Show,Diabetes Monitoring,0
APT_007598,P_00849,DOC_033,DEPT_002,2025-04-12,08:45,Completed,Medication Adjustment,23
APT_007599,P_00011,DOC_026,DEPT_020,2024-07-18,14:00,Completed,Medication Adjustment,41
APT_007600,P_02282,DOC_010,DEPT_021,2025-01-14,14:45,Completed,Routine Follow-up,63
APT_007601,P_00012,DOC_006,DEPT_018,2024-06-02,13:00,Completed,Annual Health Checkup,57
APT_007602,P_01445,DOC_002,DEPT_035,2025-03-09,15:45,Completed,Post-Operative Follow-up,10
APT_007603,P_02648,DOC_007,DEPT_024,2024-07-02,16:00,Completed,Diabetes Monitoring,29
APT_007604,P_00809,DOC_036,DEPT_016,2025-02-03,11:30,Completed,Post-Operative Follow-up,65
APT_007605,P_02285,DOC_002,DEPT_035,2025-03-20,16:15,COMPLETED,Routine Follow-up,32
APT_007606,P_03417,DOC_024,DEPT_024,2024-07-30,16:45,  Completed  ,Medication Adjustment,57
APT_007607,P_00703,DOC_016,DEPT_009,2025-01-09,10:30,Completed,Chronic Disease Review,43
APT_007608,P_02324,DOC_033,DEPT_002,2024-07-15,14:30,Scheduled,Post-Operative Follow-up,0
APT_007609,P_00157,DOC_032,DEPT_016,2025-01-16,14:15,SCHEDULED,Chronic Disease Review,0
APT_007610,P_02236,DOC_031,DEPT_024,2024-09-19,16:45,Completed,Routine Follow-up,33
APT_007611,P_02480,DOC_037,DEPT_035,2024-07-30,13:15,Completed,Respiratory Symptoms,28
APT_007612,P_02834,DOC_033,DEPT_002,2024-02-07,10:15,SCHEDULED,Diabetes Monitoring,0
APT_007613,P_02648,DOC_020,DEPT_008,2024-01-10,12:15,Cancelled,Chest Discomfort,0
APT_007614,P_02515,DOC_031,DEPT_024,2024-04-17,11:45,Cancelled,Chronic Disease Review,0
APT_007615,P_00250,DOC_006,DEPT_018,2024-11-24,08:00,  Scheduled  ,Post-Operative Follow-up,0
APT_007616,P_02038,DOC_014,DEPT_009,2024-09-28,13:30,Completed,Medication Adjustment,65
APT_007617,P_02952,DOC_029,DEPT_036,2024-03-01,09:30,Completed,Annual Health Checkup,9
APT_007618,P_01328,DOC_001,DEPT_023,2025-02-25,09:00,Completed,Chest Discomfort,21
APT_007619,P_00183,DOC_007,DEPT_024,2024-12-04,17:45,Completed,Annual Health Checkup,13
APT_007620,P_00662,DOC_027,DEPT_037,2025-04-05,11:30,UNKNOWN_VAL,Respiratory Symptoms,63
APT_007621,P_01292,DOC_002,DEPT_035,2024-08-29,11:15,Completed,,26
APT_007622,P_01076,DOC_011,DEPT_021,2025-02-19,08:00,Completed,Respiratory Symptoms,65
APT_007623,P_03128,DOC_038,DEPT_031,2024-03-09,17:45,Completed,Medication Adjustment,31
APT_007624,P_01995,DOC_015,DEPT_038,2025-04-10,15:30,Completed,Diabetes Monitoring,14
APT_007625,P_00519,DOC_004,DEPT_005,2025-02-21,11:00,Completed,Chest Discomfort,9
APT_007626,P_02963,DOC_027,DEPT_037,2024-03-27,08:30,Completed,Routine Follow-up,32
APT_007627,P_02702,DOC_022,DEPT_001,2024-03-20,16:45,Completed,Post-Operative Follow-up,12
APT_007628,P_01157,DOC_006,DEPT_018,2024-11-12,10:00,Completed,,18
APT_007629,P_02251,DOC_028,DEPT_005,2024-07-25,17:15,Scheduled,Annual Health Checkup,0
APT_007630,P_00746,DOC_019,DEPT_039,2024-04-23,17:15,Cancelled,Diabetes Monitoring,0
APT_007631,P_02588,DOC_036,DEPT_016,2025-03-03,17:15,completed,Diabetes Monitoring,11
APT_007632,P_02697,DOC_040,DEPT_027,2024-07-21,13:30,completed,Respiratory Symptoms,12
APT_007633,P_02406,DOC_012,DEPT_014,2024-07-25,11:00,Scheduled,Chronic Disease Review,0
APT_007634,P_02183,DOC_026,DEPT_020,2024-11-28,10:30,Scheduled,Routine Follow-up,0
APT_007635,P_01121,DOC_029,DEPT_036,2024-09-09,16:00,Completed,Post-Operative Follow-up,44
APT_007636,P_01313,DOC_022,DEPT_001,2024-08-03,16:00,Completed,Post-Operative Follow-up,41
APT_007637,P_02389,DOC_014,DEPT_009,2025-02-13,11:30,Completed,Chronic Disease Review,59
APT_007638,P_01786,DOC_013,DEPT_026,2025-01-13,16:15,Completed,Chronic Disease Review,48
APT_007639,P_02434,DOC_003,DEPT_036,2024-08-17,08:15,Completed,Medication Adjustment,8
APT_007640,P_02694,DOC_012,DEPT_014,2025-01-11,12:30,Completed,Chest Discomfort,20
APT_007641,P_01672,DOC_029,DEPT_036,2025-02-23,10:00,Completed,Chest Discomfort,8
APT_007642,P_00100,DOC_012,DEPT_014,2024-02-11,10:45,Completed,Chronic Disease Review,18
APT_007643,P_00290,DOC_023,DEPT_007,2025-04-18,09:30,Completed,Routine Follow-up,57
APT_007644,P_01963,DOC_035,DEPT_003,2024-04-03,09:00,Completed,Respiratory Symptoms,57
APT_007645,P_02091,DOC_037,DEPT_035,2024-09-21,09:15,No-Show,Respiratory Symptoms,0
APT_007646,P_02451,DOC_026,DEPT_020,2024-12-03,14:45,Completed,Medication Adjustment,8
APT_007647,P_02552,DOC_035,DEPT_003,2025-02-18,08:45,Completed,Chest Discomfort,59
APT_007648,P_00352,DOC_024,DEPT_024,2024-03-22,09:00,Completed,Respiratory Symptoms,13
APT_007649,P_00574,DOC_023,DEPT_007,2024-07-22,11:30,Completed,Chronic Disease Review,35
APT_007650,P_01826,DOC_036,DEPT_016,2024-08-26,17:00,Completed,Diabetes Monitoring,34
APT_007651,P_00647,DOC_009,DEPT_030,2024-11-05,11:15,Completed,Medication Adjustment,20
APT_007652,P_03365,DOC_015,DEPT_038,2025-01-27,10:15,Completed,Diabetes Monitoring,40
APT_007653,P_01587,DOC_007,DEPT_024,2025-04-14,15:15,Completed,Respiratory Symptoms,52
APT_007654,P_03265,DOC_029,DEPT_036,2024-02-17,16:15,completed,Annual Health Checkup,44
APT_007655,P_00729,DOC_028,DEPT_005,2024-07-29,15:30,Completed,Chest Discomfort,59
APT_007656,P_03432,DOC_032,DEPT_016,2024-06-06,11:15,Completed,Respiratory Symptoms,43
APT_007657,P_03252,DOC_020,DEPT_008,2024-03-29,09:30,Completed,Chest Discomfort,52
APT_007658,P_02424,DOC_038,DEPT_031,2025-01-29,16:45,Completed,Post-Operative Follow-up,39
APT_007659,P_01112,DOC_019,DEPT_039,2024-07-05,08:45,Completed,Respiratory Symptoms,9
APT_007660,P_01358,DOC_024,DEPT_024,2024-10-18,17:30,Completed,Diabetes Monitoring,35
APT_007661,P_00947,DOC_039,DEPT_007,2024-03-24,16:00,Completed,Respiratory Symptoms,49
APT_007662,P_01036,DOC_014,DEPT_009,2024-01-26,17:00,Completed,Diabetes Monitoring,28
APT_007663,P_03291,DOC_010,DEPT_021,2025-02-05,16:45,Completed,Chest Discomfort,53
APT_007664,P_01565,DOC_020,DEPT_008,2024-06-20,09:30,Completed,Chronic Disease Review,62
APT_007665,P_02669,DOC_009,DEPT_030,2024-03-26,17:45,Completed,Post-Operative Follow-up,46
APT_007666,P_01835,DOC_040,DEPT_027,02/17/2025,15:15,  Completed  ,Medication Adjustment,38
APT_007667,P_03098,DOC_021,DEPT_019,2024-01-03,16:00,Cancelled,Diabetes Monitoring,0
APT_007668,P_02496,DOC_017,DEPT_008,2024-02-09,13:30,completed,,15
APT_007669,P_00843,DOC_022,DEPT_001,2024-03-16,17:00,Completed,Routine Follow-up,16
APT_007670,P_00688,DOC_017,DEPT_008,2024-03-24,16:15,Completed,Annual Health Checkup,48
APT_007671,P_03452,DOC_019,DEPT_039,2024-07-15,13:45,Scheduled,Chronic Disease Review,0
APT_007672,P_01608,DOC_003,DEPT_036,2024/02/18 00:00:00,16:45,Completed,Diabetes Monitoring,16
APT_007673,P_01106,DOC_036,DEPT_016,2024-10-11,15:00,Cancelled,Diabetes Monitoring,0
APT_007674,P_01681,DOC_011,DEPT_021,2024-06-04,16:15,Scheduled,Routine Follow-up,0
APT_007675,P_02216,DOC_031,DEPT_024,2024-06-12,17:00,Completed,,27
APT_007676,P_03129,DOC_033,DEPT_002,2024-03-11,15:15,Completed,Diabetes Monitoring,35
APT_007677,P_00304,DOC_028,DEPT_005,2024-02-03,10:45,Completed,Medication Adjustment,10
APT_007678,P_01010,DOC_013,DEPT_026,2024-09-25,13:45,Completed,Post-Operative Follow-up,44
APT_007679,P_02075,DOC_012,DEPT_014,2024-04-06,10:00,Completed,Chest Discomfort,25
APT_007680,P_03441,DOC_011,DEPT_021,2024-07-13,15:30,Completed,Annual Health Checkup,48
APT_007681,P_01106,DOC_026,DEPT_020,2024-09-07,17:00,COMPLETED,Diabetes Monitoring,35
APT_007682,P_01335,DOC_018,DEPT_039,2024-10-05,17:45,Completed,,14
APT_007683,P_00692,DOC_019,DEPT_039,2024-06-26,16:00,Completed,Post-Operative Follow-up,31
APT_007684,P_00180,DOC_034,DEPT_005,2024-08-07,10:30,Cancelled,Chest Discomfort,0
APT_007685,P_00605,DOC_017,DEPT_008,2025-01-12,11:15,Scheduled,Respiratory Symptoms,0
APT_007686,P_00581,DOC_037,DEPT_035,2024-10-12,13:45,Scheduled,Chronic Disease Review,0
APT_007687,P_02632,DOC_012,DEPT_014,2025-01-29,17:15,Cancelled,Respiratory Symptoms,0
APT_007688,P_01002,DOC_033,DEPT_002,2024-09-07,17:30,Scheduled,Routine Follow-up,0
APT_007689,P_02467,DOC_001,DEPT_023,04-12-2024,10:15,No-Show,Chronic Disease Review,0
APT_007690,P_03400,DOC_026,DEPT_020,2024-09-02,16:45,Completed,Medication Adjustment,22
APT_007691,P_00700,DOC_025,DEPT_032,2024-11-27,16:00,Completed,Chronic Disease Review,48
APT_007692,P_02425,DOC_024,DEPT_024,2025-01-15,11:15,Completed,Respiratory Symptoms,53
APT_007693,P_01304,DOC_027,DEPT_037,2024-05-31,11:00,Completed,Post-Operative Follow-up,21
APT_007694,P_00448,DOC_011,DEPT_021,2025-04-05,17:30,No-Show,Chronic Disease Review,0
APT_007695,P_01976,DOC_002,DEPT_035,2024-01-04,12:00,Completed,Respiratory Symptoms,10
APT_007696,P_02267,DOC_020,DEPT_008,2024-02-15,13:15,No-Show,,0
APT_007697,P_01087,DOC_007,DEPT_024,2024-04-26,08:15,Scheduled,Chronic Disease Review,0
APT_007698,P_02781,DOC_019,DEPT_039,2024-02-18,16:15,Completed,Respiratory Symptoms,9
APT_007699,P_02336,DOC_028,DEPT_005,2024-01-29,09:45,Completed,Annual Health Checkup,62
APT_007700,P_03062,DOC_031,DEPT_024,2024-12-07,16:00,Completed,Medication Adjustment,23
APT_007701,P_01248,DOC_022,DEPT_001,2024-01-07,08:00,Scheduled,Chronic Disease Review,0
APT_007702,P_02028,DOC_040,DEPT_027,2025-02-06,12:30,Cancelled,Chest Discomfort,0
APT_007703,P_02600,DOC_008,DEPT_005,02-06-2024,11:00,Completed,Annual Health Checkup,55
APT_007704,P_01014,DOC_031,DEPT_024,2025-02-22,15:30,Completed,Routine Follow-up,55
APT_007705,P_00338,DOC_027,DEPT_037,2024-10-27,16:30,Completed,Post-Operative Follow-up,65
APT_007706,P_01049,DOC_031,DEPT_024,2025-01-14,12:45,Completed,Annual Health Checkup,26
APT_007707,P_02467,DOC_030,DEPT_014,2024-11-09,13:30,Scheduled,Chest Discomfort,0
APT_007708,P_02348,DOC_017,DEPT_008,2024-08-30,15:00,completed,Post-Operative Follow-up,59
APT_007709,P_01040,DOC_020,DEPT_008,2024-08-27,15:00,Completed,Post-Operative Follow-up,60
APT_007710,P_01363,DOC_020,DEPT_008,2024-02-27,12:30,Scheduled,Medication Adjustment,0
APT_007711,P_01058,DOC_017,DEPT_008,2025-04-03,16:15,Completed,Annual Health Checkup,43
APT_007712,P_01302,DOC_037,DEPT_035,2024-09-28,12:30,COMPLETED,Medication Adjustment,13
APT_007713,P_00147,DOC_003,DEPT_036,2024-09-23,09:15,Cancelled,Annual Health Checkup,0
APT_007714,P_01026,DOC_035,DEPT_003,2024-06-03,12:00,Completed,Post-Operative Follow-up,28
APT_007715,P_02418,DOC_022,DEPT_001,2024-10-09,13:15,Completed,Diabetes Monitoring,46
APT_007716,P_02049,DOC_013,DEPT_026,2024-03-08,09:00,Completed,Medication Adjustment,21
APT_007717,P_01962,DOC_024,DEPT_024,2024/07/01 00:00:00,12:00,Completed,Chest Discomfort,53
APT_007718,P_01584,DOC_013,DEPT_026,2024-06-28,13:00,Completed,Chest Discomfort,42
APT_007719,P_01519,DOC_018,DEPT_039,2024-04-05,12:45,Completed,Post-Operative Follow-up,10
APT_007720,P_01141,DOC_010,DEPT_021,2024-12-11,10:30,Scheduled,Medication Adjustment,0
APT_007721,P_00189,DOC_009,DEPT_030,2024-11-10,11:45,Completed,Post-Operative Follow-up,51
APT_007722,P_02021,DOC_024,DEPT_024,2024-04-30,11:15,Cancelled,Diabetes Monitoring,0
APT_007723,P_00302,DOC_015,DEPT_038,2024-06-09,13:15,Completed,Respiratory Symptoms,11
APT_007724,P_00173,DOC_018,DEPT_039,2024-08-11,16:15,Completed,Chronic Disease Review,38
APT_007725,P_02042,DOC_013,DEPT_026,2024-02-20,12:45,Completed,Respiratory Symptoms,64
APT_007726,P_01110,DOC_037,DEPT_035,2024-11-23,14:15,Completed,Medication Adjustment,53
APT_007727,P_02898,DOC_035,DEPT_003,2024-11-11,13:15,Completed,Post-Operative Follow-up,10
APT_007728,P_00335,DOC_021,DEPT_019,12/15/2024,12:15,Completed,Post-Operative Follow-up,39
APT_007729,P_00127,DOC_039,DEPT_007,2024-01-24,12:00,no-show,Chronic Disease Review,0
APT_007730,P_00643,DOC_013,DEPT_026,2024-12-30,08:45,Completed,Respiratory Symptoms,44
APT_007731,P_03269,DOC_020,DEPT_008,2024-09-28,13:30,Completed,Medication Adjustment,26
APT_007732,P_02380,DOC_023,DEPT_007,2025-02-24,17:00,completed,Chest Discomfort,19
APT_007733,P_01595,DOC_021,DEPT_019,2025-01-02,12:45,Completed,Annual Health Checkup,9
APT_007734,P_00597,DOC_031,DEPT_024,2025-03-19,09:00,Completed,Medication Adjustment,24
APT_007735,P_01500,DOC_040,DEPT_027,2024-09-02,16:00,Scheduled,Post-Operative Follow-up,0
APT_007736,P_03012,DOC_024,DEPT_024,2024-11-13,09:30,Completed,Post-Operative Follow-up,57
APT_007737,P_01547,DOC_035,DEPT_003,2024-04-14,08:15,  Completed  ,Medication Adjustment,61
APT_007738,P_02773,DOC_020,DEPT_008,2025-03-12,16:15,Completed,Respiratory Symptoms,19
APT_007739,P_02467,DOC_012,DEPT_014,2024-04-06,12:00,Cancelled,Chronic Disease Review,0
APT_007740,P_00612,DOC_028,DEPT_005,2024-06-24,11:30,Completed,Post-Operative Follow-up,28
APT_007741,P_00722,DOC_008,DEPT_005,2024-01-29,16:15,Scheduled,Diabetes Monitoring,0
APT_007742,P_02383,DOC_030,DEPT_014,2025-02-28,13:00,Scheduled,Annual Health Checkup,0
APT_007743,P_01865,DOC_036,DEPT_016,2024-01-25,08:45,Completed,Medication Adjustment,15
APT_007744,P_01525,DOC_027,DEPT_037,2024-11-01,09:15,Completed,Chest Discomfort,26
APT_007745,P_01735,DOC_016,DEPT_009,2024-05-20,11:45,Completed,Annual Health Checkup,9
APT_007746,P_01720,DOC_032,DEPT_016,2025-03-01,08:00,Completed,Annual Health Checkup,10
APT_007747,P_00923,DOC_024,DEPT_024,2024-03-10,12:30,Scheduled,Respiratory Symptoms,0
APT_007748,P_00263,DOC_008,DEPT_005,2024-11-16,13:15,Completed,Diabetes Monitoring,22
APT_007749,P_02134,DOC_018,DEPT_039,2025-03-24,14:30,Completed,Post-Operative Follow-up,31
APT_007750,P_00227,DOC_016,DEPT_009,01/11/2024,17:30,COMPLETED,Routine Follow-up,34
APT_007751,P_02685,DOC_037,DEPT_035,2024-11-16,12:30,Completed,Chronic Disease Review,12
APT_007752,P_02020,DOC_028,DEPT_005,2024-04-17,15:45,Completed,Medication Adjustment,31
APT_007753,P_03071,DOC_032,DEPT_016,2024-02-19,15:00,completed,Routine Follow-up,57
APT_007754,P_00824,DOC_037,DEPT_035,2025-02-26,17:00,Completed,Annual Health Checkup,12
APT_007755,P_01571,DOC_007,DEPT_024,2024-01-30,17:15,Completed,Annual Health Checkup,54
APT_007756,P_02672,DOC_033,DEPT_002,2024-12-25,11:00,No-Show,Routine Follow-up,0
APT_007757,P_00002,DOC_019,DEPT_039,2025-04-13,14:00,Completed,Annual Health Checkup,51
APT_007758,P_02708,DOC_013,DEPT_026,2024-07-30,16:45,Cancelled,Medication Adjustment,0
APT_007759,P_01425,DOC_009,DEPT_030,2024-10-20,09:30,No-Show,Chest Discomfort,0
APT_007760,P_02157,DOC_033,DEPT_002,2025-03-27,17:30,Completed,Medication Adjustment,23
APT_007761,P_03385,DOC_019,DEPT_039,2025-03-04,12:30,Completed,Chronic Disease Review,36
APT_007762,P_00335,DOC_016,DEPT_009,2024-02-11,08:45,Completed,Post-Operative Follow-up,29
APT_007763,P_02793,DOC_013,DEPT_026,2025-02-15,17:15,Cancelled,Chronic Disease Review,0
APT_007764,P_01701,DOC_039,DEPT_007,2024-02-20,12:30,Completed,Routine Follow-up,13
APT_007765,P_01167,DOC_027,DEPT_037,2024-03-15,13:00,Completed,Medication Adjustment,45
APT_007766,P_02456,DOC_015,DEPT_038,2024-02-16,17:45,Completed,Chronic Disease Review,50
APT_007767,P_02081,DOC_027,DEPT_037,2024-10-15,14:30,Completed,Respiratory Symptoms,48
APT_007768,P_01171,DOC_015,DEPT_038,2025-04-01,11:45,Completed,Routine Follow-up,60
APT_007769,P_00568,DOC_026,DEPT_020,2025-01-30,09:45,Scheduled,Annual Health Checkup,0
APT_007770,P_00179,DOC_008,DEPT_005,2024-03-10,11:45,Completed,Post-Operative Follow-up,27
APT_007771,P_02368,DOC_017,DEPT_008,30-09-2024,09:00,Completed,Respiratory Symptoms,43
APT_007772,P_03048,DOC_018,DEPT_039,2024-07-02,10:00,Completed,Chest Discomfort,30
APT_007773,P_01667,DOC_017,DEPT_008,2024-06-08,10:15,Scheduled,Routine Follow-up,0
APT_007774,P_03341,DOC_018,DEPT_039,2024-04-09,15:30,No-Show,Diabetes Monitoring,0
APT_007775,P_02486,DOC_039,DEPT_007,2024-10-31,16:15,Completed,Respiratory Symptoms,43
APT_007776,P_00861,DOC_003,DEPT_036,2024-07-10,14:45,No-Show,Respiratory Symptoms,0
APT_007777,P_02015,DOC_024,DEPT_024,2025-01-18,15:00,Completed,Chest Discomfort,21
APT_007778,P_02264,DOC_026,DEPT_020,2024-08-21,11:15,Cancelled,Respiratory Symptoms,0
APT_007779,P_00154,DOC_028,DEPT_005,20-02-2024,13:00,Completed,Annual Health Checkup,39
APT_007780,P_00943,DOC_019,DEPT_039,2024-09-17,14:30,Cancelled,Annual Health Checkup,0
APT_007781,P_02218,DOC_037,DEPT_035,2024-10-03,16:15,Completed,Medication Adjustment,39
APT_007782,P_02735,DOC_014,DEPT_009,2024-10-12,16:15,Completed,Chest Discomfort,25
APT_007783,P_01889,DOC_030,DEPT_014,2024-01-09,17:00,CANCELLED,,0
APT_007784,P_02802,DOC_032,DEPT_016,2024-11-05,09:30,Completed,Post-Operative Follow-up,42
APT_007785,P_01755,DOC_022,DEPT_001,2024-04-22,16:00,Scheduled,Annual Health Checkup,0
APT_007786,P_00750,DOC_033,DEPT_002,2024-11-17,09:00,Scheduled,Annual Health Checkup,0
APT_007787,P_00309,DOC_036,DEPT_016,2025-01-30,15:45,Completed,Chronic Disease Review,8
APT_007788,P_02372,DOC_019,DEPT_039,2024-12-07,17:00,Completed,Routine Follow-up,37
APT_007789,P_00977,DOC_015,DEPT_038,2024-09-19,17:00,Cancelled,Respiratory Symptoms,0
APT_007790,P_03376,DOC_015,DEPT_038,2024-11-19,12:15,  No-Show  ,Respiratory Symptoms,0
APT_007791,P_02821,DOC_014,DEPT_009,2024-01-19,10:00,  Scheduled  ,Respiratory Symptoms,0
APT_007792,P_01094,DOC_006,DEPT_018,2024-06-28,13:30,Cancelled,Routine Follow-up,0
APT_007793,P_03055,DOC_034,DEPT_005,2024-07-11,17:45,Completed,Annual Health Checkup,59
APT_007794,P_02287,DOC_024,DEPT_024,2024-09-01,10:15,Completed,Chest Discomfort,55
APT_007795,P_01468,DOC_005,DEPT_006,2024-08-02,11:45,Completed,Annual Health Checkup,52
APT_007796,P_00124,DOC_037,DEPT_035,2024-08-28,11:00,Completed,Annual Health Checkup,8
APT_007797,P_02288,DOC_002,DEPT_035,2024-04-26,08:00,Completed,Medication Adjustment,9
APT_007798,P_03071,DOC_028,DEPT_005,28-11-2024,17:15,Completed,Diabetes Monitoring,39
APT_007799,P_02272,DOC_032,DEPT_016,2025-01-21,08:45,Completed,Respiratory Symptoms,19
APT_007800,P_01670,DOC_034,DEPT_005,2024-03-16,11:45,Cancelled,Routine Follow-up,0
APT_007801,P_00193,DOC_001,DEPT_023,2024-04-05,09:00,Completed,Diabetes Monitoring,38
APT_007802,P_01465,DOC_022,DEPT_001,2024-08-15,17:30,Completed,,59
APT_007803,P_00022,DOC_012,DEPT_014,2024-09-17,08:00,Completed,Diabetes Monitoring,38
APT_007804,P_00480,DOC_007,DEPT_024,2024-09-30,09:00,Completed,Annual Health Checkup,35
APT_007805,P_01208,DOC_005,DEPT_006,2025-01-26,09:30,Completed,Respiratory Symptoms,36
APT_007806,P_00505,DOC_007,DEPT_024,2024-12-25,15:15,No-Show,Medication Adjustment,0
APT_007807,P_01040,DOC_006,DEPT_018,2024-03-15,12:45,Completed,Diabetes Monitoring,33
APT_007808,P_00017,DOC_012,DEPT_014,2024-09-13,10:00,Completed,Chronic Disease Review,11
APT_007809,P_00198,DOC_018,DEPT_039,2024-04-25,11:45,Completed,Post-Operative Follow-up,53
APT_007810,P_01698,DOC_034,DEPT_005,2024-01-29,17:45,Completed,Diabetes Monitoring,45
APT_007811,P_00779,DOC_008,DEPT_005,2024-05-17,14:15,Scheduled,Respiratory Symptoms,0
APT_007812,P_02211,DOC_018,DEPT_039,2025-02-06,17:45,Completed,Annual Health Checkup,48
APT_007813,P_01810,DOC_020,DEPT_008,2024-12-13,13:45,Completed,,47
APT_007814,P_00031,DOC_039,DEPT_007,2024-08-23,09:45,Scheduled,Post-Operative Follow-up,0
APT_007815,P_02382,DOC_002,DEPT_035,2024-02-26,15:00,Completed,Post-Operative Follow-up,31
APT_007816,P_02557,DOC_006,DEPT_018,2025-02-20,13:30,Scheduled,Annual Health Checkup,0
APT_007817,P_01350,DOC_032,DEPT_016,2024-07-13,17:15,Cancelled,Diabetes Monitoring,0
APT_007818,P_00622,DOC_033,DEPT_002,2024-05-21,10:30,Scheduled,Post-Operative Follow-up,0
APT_007819,P_02927,DOC_009,DEPT_030,2024-11-05,08:45,  Completed  ,Medication Adjustment,52
APT_007820,P_02136,DOC_006,DEPT_018,2024-01-13,10:45,Scheduled,Routine Follow-up,0
APT_007821,P_03447,DOC_020,DEPT_008,2024-02-11,16:45,Completed,Medication Adjustment,34
APT_007822,P_03056,DOC_028,DEPT_005,2024-06-05,17:00,Completed,Respiratory Symptoms,62
APT_007823,P_02594,DOC_028,DEPT_005,2024-03-05,10:45,No-Show,Routine Follow-up,0
APT_007824,P_00689,DOC_004,DEPT_005,2024-05-01,15:00,Completed,Routine Follow-up,31
APT_007825,P_01721,DOC_039,DEPT_007,2024-10-27,11:15,Completed,Annual Health Checkup,53
APT_007826,P_01065,DOC_010,DEPT_021,2024-12-31,13:30,Completed,Annual Health Checkup,26
APT_007827,P_01619,DOC_018,DEPT_039,2024-03-16,17:00,Completed,Post-Operative Follow-up,11
APT_007828,P_01801,DOC_037,DEPT_035,2025-04-11,09:30,Scheduled,Annual Health Checkup,0
APT_007829,P_00362,DOC_019,DEPT_039,2024-06-20,13:30,Scheduled,Chest Discomfort,0
APT_007830,P_01151,DOC_035,DEPT_003,2024-02-22,09:30,Cancelled,Medication Adjustment,0
APT_007831,P_01169,DOC_037,DEPT_035,2025-04-20,10:15,Completed,Chronic Disease Review,23
APT_007832,P_01236,DOC_003,DEPT_036,2024-06-05,16:30,Completed,Chronic Disease Review,63
APT_007833,P_01953,DOC_032,DEPT_016,2025-01-29,15:00,Cancelled,Routine Follow-up,0
APT_007834,P_02234,DOC_009,DEPT_030,03/24/2025,17:45,Completed,Post-Operative Follow-up,38
APT_007835,P_00290,DOC_005,DEPT_006,2024-06-30,08:15,Cancelled,Chronic Disease Review,0
APT_007836,P_01566,DOC_004,DEPT_005,2025-04-04,12:00,Completed,,58
APT_007837,P_02633,DOC_032,DEPT_016,2025-01-28,10:30,Cancelled,Annual Health Checkup,0
APT_007838,P_01324,DOC_026,DEPT_020,2024-03-02,15:15,Completed,Annual Health Checkup,45
APT_007839,P_00054,DOC_032,DEPT_016,2024-08-10,08:00,COMPLETED,Chronic Disease Review,41
APT_007840,P_02553,DOC_005,DEPT_006,2025-01-05,08:15,Scheduled,Annual Health Checkup,0
APT_007841,P_02030,DOC_013,DEPT_026,2024-05-08,14:00,Completed,Diabetes Monitoring,48
APT_007842,P_02066,DOC_029,DEPT_036,2024-11-07,11:45,Completed,Chest Discomfort,8
APT_007843,P_03423,DOC_021,DEPT_019,2025-03-10,14:45,  Completed  ,,39
APT_007844,P_00825,DOC_003,DEPT_036,2024-03-31,10:30,Completed,Routine Follow-up,23
APT_007845,P_02308,DOC_032,DEPT_016,2024-08-28,17:15,Completed,Diabetes Monitoring,13
APT_007846,P_01122,DOC_010,DEPT_021,2024-04-12,10:00,Completed,Chest Discomfort,25
APT_007847,P_01749,DOC_035,DEPT_003,2024-09-28,10:45,Completed,Respiratory Symptoms,64
APT_007848,P_02752,DOC_002,DEPT_035,2025-04-24,16:00,Cancelled,Chest Discomfort,0
APT_007849,P_01157,DOC_021,DEPT_019,2025-02-08,16:00,Completed,Chest Discomfort,18
APT_007850,P_00927,DOC_014,DEPT_009,2024-05-29,10:45,Completed,Routine Follow-up,48
APT_007851,P_02188,DOC_039,DEPT_007,12-12-2024,14:30,No-Show,Respiratory Symptoms,0
APT_007852,P_02617,DOC_027,DEPT_037,2024-08-06,17:45,Completed,Annual Health Checkup,31
APT_007853,P_03392,DOC_015,DEPT_038,2025-03-26,10:00,Scheduled,Diabetes Monitoring,0
APT_007854,P_01895,DOC_016,DEPT_009,2024-01-29,11:15,Completed,Respiratory Symptoms,39
APT_007855,P_00727,DOC_006,DEPT_018,2024-08-10,11:45,Cancelled,Chronic Disease Review,0
APT_007856,P_01924,DOC_036,DEPT_016,2024-06-19,12:45,Completed,Medication Adjustment,36
APT_007857,P_02920,DOC_002,DEPT_035,2024-10-15,11:15,Cancelled,Annual Health Checkup,0
APT_007858,P_02735,DOC_025,DEPT_032,2025-02-26,17:00,CANCELLED,Post-Operative Follow-up,0
APT_007859,P_02000,DOC_004,DEPT_005,2024-02-14,08:00,Completed,Chronic Disease Review,8
APT_007860,P_02649,DOC_031,DEPT_024,2024-04-02,08:00,Completed,Annual Health Checkup,45
APT_007861,P_00396,DOC_013,DEPT_026,2024-11-14,12:00,  Completed  ,Routine Follow-up,65
APT_007862,P_03331,DOC_038,DEPT_031,2024-08-09,11:15,Scheduled,Post-Operative Follow-up,0
APT_007863,P_03178,DOC_002,DEPT_035,2025-02-05,14:15,Completed,Routine Follow-up,52
APT_007864,P_01431,DOC_030,DEPT_014,2024-08-02,08:15,completed,Diabetes Monitoring,36
APT_007865,P_02665,DOC_034,DEPT_005,2024-06-16,13:30,Completed,Medication Adjustment,31
APT_007866,P_01725,DOC_028,DEPT_005,2024-09-12,14:45,Scheduled,,0
APT_007867,P_00343,DOC_033,DEPT_002,2024-01-06,08:00,Cancelled,Diabetes Monitoring,0
APT_007868,P_03424,DOC_007,DEPT_024,2024-05-21,17:00,Completed,Diabetes Monitoring,24
APT_007869,P_02472,DOC_029,DEPT_036,2025-01-18,17:15,Completed,Annual Health Checkup,45
APT_007870,P_02606,DOC_019,DEPT_039,2024-09-26,09:00,Completed,Routine Follow-up,53
APT_007871,P_00121,DOC_013,DEPT_026,2025-03-03,09:45,Completed,Medication Adjustment,18
APT_007872,P_02292,DOC_027,DEPT_037,2024-02-21,15:45,Completed,Chest Discomfort,29
APT_007873,P_00484,DOC_022,DEPT_001,2024-01-27,15:15,Scheduled,Diabetes Monitoring,0
APT_007874,P_02980,DOC_039,DEPT_007,2024-06-21,14:15,Completed,Medication Adjustment,19
APT_007875,P_01526,DOC_037,DEPT_035,2024-02-09,09:00,Completed,Annual Health Checkup,21
APT_007876,P_02472,DOC_024,DEPT_024,2024-01-04,09:00,Completed,Chronic Disease Review,60
APT_007877,P_02148,DOC_002,DEPT_035,2024-01-04,14:45,COMPLETED,Routine Follow-up,64
APT_007878,P_01630,DOC_027,DEPT_037,2024-03-15,08:30,Completed,Chronic Disease Review,55
APT_007879,P_00594,DOC_031,DEPT_024,2024-01-03,11:45,Completed,Chronic Disease Review,57
APT_007880,P_02412,DOC_002,DEPT_035,2024-09-13,08:00,Scheduled,Chronic Disease Review,0
APT_007881,P_02795,DOC_009,DEPT_030,2024-12-05,08:30,Completed,Annual Health Checkup,62
APT_007882,P_00426,DOC_024,DEPT_024,2024-12-08,12:15,Scheduled,Post-Operative Follow-up,0
APT_007883,P_00897,DOC_015,DEPT_038,2024-08-11,12:00,Completed,Respiratory Symptoms,17
APT_007884,P_02436,DOC_007,DEPT_024,2024-12-26,15:45,Completed,Annual Health Checkup,13
APT_007885,P_00473,DOC_003,DEPT_036,2024-08-31,16:30,Completed,Diabetes Monitoring,65
APT_007886,P_03458,DOC_037,DEPT_035,2024-10-06,13:15,completed,Chronic Disease Review,39
APT_007887,P_02280,DOC_024,DEPT_024,2024-01-04,17:30,Completed,Annual Health Checkup,60
APT_007888,P_01004,DOC_035,DEPT_003,2025-04-13,15:15,Completed,Annual Health Checkup,15
APT_007889,P_02129,DOC_009,DEPT_030,2024-11-22,09:00,Cancelled,Annual Health Checkup,0
APT_007890,P_00643,DOC_027,DEPT_037,2024-07-29,16:30,No-Show,Medication Adjustment,0
APT_007891,P_02090,DOC_009,DEPT_030,2025-03-19,12:00,Completed,Medication Adjustment,27
APT_007892,P_01824,DOC_034,DEPT_005,2025-02-08,09:00,Completed,Chest Discomfort,50
APT_007893,P_02539,DOC_004,DEPT_005,2024-11-21,16:15,Completed,Diabetes Monitoring,45
APT_007894,P_00821,DOC_025,DEPT_032,2025-01-24,14:15,Completed,Post-Operative Follow-up,62
APT_007895,P_00312,DOC_011,DEPT_021,2024-10-08,10:30,Completed,Routine Follow-up,18
APT_007896,P_00174,DOC_001,DEPT_023,2024-11-01,13:00,Completed,Post-Operative Follow-up,57
APT_007897,P_03212,DOC_001,DEPT_023,2025-01-03,12:15,Completed,Chest Discomfort,15
APT_007898,P_01999,DOC_004,DEPT_005,2024-06-02,16:00,Completed,Chronic Disease Review,31
APT_007899,P_01009,DOC_030,DEPT_014,2024-09-08,14:30,Completed,Chest Discomfort,20
APT_007900,P_02662,DOC_017,DEPT_008,2024-05-22,08:30,Completed,Chest Discomfort,16
APT_007901,P_03116,DOC_038,DEPT_031,2025-04-12,15:15,Cancelled,Respiratory Symptoms,0
APT_007902,P_02772,DOC_022,DEPT_001,2024-12-12,08:30,Completed,Post-Operative Follow-up,64
APT_007903,P_02313,DOC_030,DEPT_014,2025-01-31,09:45,Completed,Diabetes Monitoring,38
APT_007904,P_00611,DOC_030,DEPT_014,2024/01/17 00:00:00,13:30,Completed,Medication Adjustment,21
APT_007905,P_02704,DOC_032,DEPT_016,2025-04-21,15:30,Completed,Routine Follow-up,63
APT_007906,P_01224,DOC_008,DEPT_005,2024-11-25,09:15,Scheduled,Chronic Disease Review,0
APT_007907,P_00915,DOC_024,DEPT_024,2024-02-07,14:30,Scheduled,Routine Follow-up,0
APT_007908,P_02766,DOC_028,DEPT_005,2025-02-06,12:15,Completed,Chest Discomfort,28
APT_007909,P_02637,DOC_011,DEPT_021,2024-02-18,15:30,Completed,Annual Health Checkup,29
APT_007910,P_02500,DOC_022,DEPT_001,2024-10-26,16:00,Completed,Respiratory Symptoms,51
APT_007911,P_02849,DOC_020,DEPT_008,2024-07-07,08:15,Cancelled,Respiratory Symptoms,0
APT_007912,P_01764,DOC_014,DEPT_009,2024-09-09,10:00,completed,Diabetes Monitoring,50
APT_007913,P_02131,DOC_017,DEPT_008,2025-02-12,12:15,Completed,Routine Follow-up,32
APT_007914,P_03243,DOC_025,DEPT_032,2025-01-02,10:45,Completed,Post-Operative Follow-up,12
APT_007915,P_00617,DOC_040,DEPT_027,2024-05-10,16:15,Completed,Post-Operative Follow-up,35
APT_007916,P_03125,DOC_003,DEPT_036,2024-07-18,16:45,Completed,Chest Discomfort,22
APT_007917,P_02255,DOC_017,DEPT_008,2024-07-21,11:45,Cancelled,Chest Discomfort,0
APT_007918,P_02566,DOC_036,DEPT_016,2025-03-29,09:45,Completed,Chest Discomfort,27
APT_007919,P_00759,DOC_037,DEPT_035,2024-08-25,09:45,Scheduled,Chronic Disease Review,0
APT_007920,P_00952,DOC_030,DEPT_014,2024-08-08,10:45,Completed,Medication Adjustment,32
APT_007921,P_02917,DOC_031,DEPT_024,01/10/2024,14:00,Completed,Annual Health Checkup,61
APT_007922,P_03017,DOC_033,DEPT_002,2024-10-16,15:30,No-Show,Chronic Disease Review,0
APT_007923,P_00133,DOC_012,DEPT_014,2024-10-03,11:30,Completed,Annual Health Checkup,61
APT_007924,P_00455,DOC_005,DEPT_006,2025-02-17,11:00,Completed,Respiratory Symptoms,40
APT_007925,P_01439,DOC_006,DEPT_018,2025-02-11,11:30,Completed,Medication Adjustment,13
APT_007926,P_01503,DOC_006,DEPT_018,2024-04-24,10:00,Completed,Post-Operative Follow-up,63
APT_007927,P_00343,DOC_031,DEPT_024,2024-07-17,09:45,Completed,Chest Discomfort,53
APT_007928,P_00010,DOC_015,DEPT_038,2024-05-06,10:30,Completed,Diabetes Monitoring,18
APT_007929,P_02464,DOC_040,DEPT_027,2025-04-06,12:30,No-Show,Routine Follow-up,0
APT_007930,P_02486,DOC_009,DEPT_030,2025-04-07,12:30,Completed,Respiratory Symptoms,19
APT_007931,P_01933,DOC_001,DEPT_023,2025-02-17,16:15,Completed,Routine Follow-up,58
APT_007932,P_01808,DOC_023,DEPT_007,2024-11-30,12:15,Completed,Routine Follow-up,23
APT_007933,P_00389,DOC_021,DEPT_019,2024-10-23,13:30,Completed,Medication Adjustment,34
APT_007934,P_02861,DOC_010,DEPT_021,2024-09-06,16:00,Completed,Respiratory Symptoms,33
APT_007935,P_00986,DOC_038,DEPT_031,2024-01-08,12:00,Scheduled,Chronic Disease Review,0
APT_007936,P_03492,DOC_003,DEPT_036,2024-11-07,15:15,Completed,Medication Adjustment,61
APT_007937,P_00170,DOC_018,DEPT_039,2024-03-08,17:00,Scheduled,Post-Operative Follow-up,0
APT_007938,P_00875,DOC_002,DEPT_035,2024-02-13,15:30,Completed,Chronic Disease Review,55
APT_007939,P_03374,DOC_010,DEPT_021,2025-04-10,15:45,completed,Routine Follow-up,33
APT_007940,P_03310,DOC_033,DEPT_002,2024-12-29,16:45,Completed,Respiratory Symptoms,39
APT_007941,P_00877,DOC_025,DEPT_032,2025-01-12,09:45,Completed,Diabetes Monitoring,44
APT_007942,P_00552,DOC_008,DEPT_005,2024-05-22,10:45,Completed,Respiratory Symptoms,60
APT_007943,P_00404,DOC_040,DEPT_027,2024-04-20,11:15,Completed,Respiratory Symptoms,8
APT_007944,P_02944,DOC_009,DEPT_030,2024-08-10,17:15,Completed,Respiratory Symptoms,25
APT_007945,P_00940,DOC_009,DEPT_030,2024-06-26,13:15,Completed,Post-Operative Follow-up,19
APT_007946,P_01222,DOC_031,DEPT_024,2024-06-26,16:45,Completed,Routine Follow-up,27
APT_007947,P_01126,DOC_029,DEPT_036,2024-10-10,11:15,Completed,Chest Discomfort,43
APT_007948,P_00525,DOC_036,DEPT_016,2024-04-05,16:00,Scheduled,Annual Health Checkup,0
APT_007949,P_02914,DOC_015,DEPT_038,2024-12-25,14:30,Completed,Diabetes Monitoring,64
APT_007950,P_01941,DOC_038,DEPT_031,2025-03-13,11:30,Completed,Medication Adjustment,65
APT_007951,P_02071,DOC_030,DEPT_014,2024-07-01,09:45,Completed,Chest Discomfort,25
APT_007952,P_01057,DOC_008,DEPT_005,2024-02-16,15:30,Scheduled,Diabetes Monitoring,0
APT_007953,P_02530,DOC_037,DEPT_035,2024-03-08,14:30,Completed,Diabetes Monitoring,45
APT_007954,P_01442,DOC_032,DEPT_016,2024-06-19,17:00,No-Show,Respiratory Symptoms,0
APT_007955,P_01760,DOC_013,DEPT_026,2024-07-23,12:45,Completed,Routine Follow-up,35
APT_007956,P_00732,DOC_032,DEPT_016,2025-03-11,09:00,Cancelled,Post-Operative Follow-up,0
APT_007957,P_00467,DOC_028,DEPT_005,2025-03-27,13:00,Scheduled,Annual Health Checkup,0
APT_007958,P_03245,DOC_034,DEPT_005,2024-09-18,15:30,Completed,Chronic Disease Review,29
APT_007959,P_02561,DOC_030,DEPT_014,2024-06-16,10:45,Completed,Diabetes Monitoring,56
APT_007960,P_00404,DOC_024,DEPT_024,2025-01-24,14:45,Completed,,52
APT_007961,P_02734,DOC_007,DEPT_024,2024-02-18,11:00,Completed,Routine Follow-up,37
APT_007962,P_00602,DOC_026,DEPT_020,2025-02-14,13:00,Scheduled,Diabetes Monitoring,0
APT_007963,P_02739,DOC_036,DEPT_016,2024-05-12,09:30,Completed,,31
APT_007964,P_03002,DOC_019,DEPT_039,2024-04-23,08:45,Cancelled,Chest Discomfort,0
APT_007965,P_02487,DOC_039,DEPT_007,2025-01-06,17:45,Completed,Chronic Disease Review,36
APT_007966,P_02880,DOC_016,DEPT_009,2024-11-03,17:15,Completed,Diabetes Monitoring,23
APT_007967,P_01363,DOC_036,DEPT_016,22-01-2025,08:15,Scheduled,Respiratory Symptoms,0
APT_007968,P_02419,DOC_019,DEPT_039,2024-07-10,15:45,Scheduled,Respiratory Symptoms,0
APT_007969,P_00533,DOC_034,DEPT_005,2024-08-14,09:45,  Completed  ,Diabetes Monitoring,21
APT_007970,P_02577,DOC_022,DEPT_001,2025-02-20,14:15,Completed,Respiratory Symptoms,56
APT_007971,P_00795,DOC_003,DEPT_036,2024-07-23,09:00,Completed,Post-Operative Follow-up,40
APT_007972,P_03374,DOC_024,DEPT_024,2025-02-27,11:45,Completed,Chest Discomfort,14
APT_007973,P_03180,DOC_002,DEPT_035,2024-02-08,17:00,Completed,Diabetes Monitoring,8
APT_007974,P_02095,DOC_034,DEPT_005,2024-11-16,14:30,Completed,Post-Operative Follow-up,50
APT_007975,P_00600,DOC_004,DEPT_005,2024-04-21,08:30,Completed,Annual Health Checkup,59
APT_007976,P_03035,DOC_019,DEPT_039,2025-01-02,17:30,Completed,Annual Health Checkup,57
APT_007977,P_01371,DOC_031,DEPT_024,2025-01-08,09:30,Completed,Post-Operative Follow-up,41
APT_007978,P_00288,DOC_016,DEPT_009,2024-04-23,16:00,Completed,Diabetes Monitoring,28
APT_007979,P_03128,DOC_012,DEPT_014,2024-08-21,15:00,Scheduled,Respiratory Symptoms,0
APT_007980,P_00550,DOC_006,DEPT_018,2024-11-07,14:45,No-Show,Medication Adjustment,0
APT_007981,P_00837,DOC_032,DEPT_016,2024-07-12,15:15,Completed,Medication Adjustment,20
APT_007982,P_02221,DOC_004,DEPT_005,2025-01-29,09:45,Completed,Routine Follow-up,15
APT_007983,P_00338,DOC_014,DEPT_009,2025-02-10,10:45,Completed,Chronic Disease Review,51
APT_007984,P_03323,DOC_024,DEPT_024,2025-02-03,11:30,Completed,Annual Health Checkup,65
APT_007985,P_02301,DOC_020,DEPT_008,2024-08-09,09:15,Completed,Medication Adjustment,57
APT_007986,P_02508,DOC_022,DEPT_001,2024-07-20,17:15,Completed,Annual Health Checkup,30
APT_007987,P_01193,DOC_017,DEPT_008,2025-03-22,11:45,Completed,Chest Discomfort,46
APT_007988,P_00252,DOC_011,DEPT_021,2024-09-26,08:15,Completed,Diabetes Monitoring,33
APT_007989,P_00453,DOC_029,DEPT_036,2024-02-21,11:15,No-Show,Annual Health Checkup,0
APT_007990,P_00113,DOC_001,DEPT_023,2024-06-20,08:45,Completed,Post-Operative Follow-up,24
APT_007991,P_03038,DOC_031,DEPT_024,2024-05-23,09:45,Completed,,61
APT_007992,P_01915,DOC_037,DEPT_035,2025-03-24,09:15,Completed,Chest Discomfort,47
APT_007993,P_01388,DOC_028,DEPT_005,2024-05-01,08:00,No-Show,Respiratory Symptoms,0
APT_007994,P_00018,DOC_004,DEPT_005,2024-02-08,14:30,Completed,Annual Health Checkup,56
APT_007995,P_02136,DOC_005,DEPT_006,2024-10-16,13:15,Completed,Respiratory Symptoms,12
APT_007996,P_01871,DOC_032,DEPT_016,2025-04-19,15:30,Cancelled,Medication Adjustment,0
APT_007997,P_02538,DOC_009,DEPT_030,2024-07-25,11:00,Completed,Post-Operative Follow-up,58
APT_007998,P_00621,DOC_010,DEPT_021,2024-11-22,12:45,Completed,Respiratory Symptoms,47
APT_007999,P_00206,DOC_021,DEPT_019,2024-02-20,16:15,Completed,Diabetes Monitoring,25
APT_008000,P_03184,DOC_040,DEPT_027,2024-12-15,14:30,Completed,Diabetes Monitoring,50
APT_000083,P_02278,DOC_020,DEPT_008,2024-07-23,13:15,Completed,Chest Discomfort,29
APT_007151,P_01041,DOC_039,DEPT_007,2024-08-09,12:15,Completed,Respiratory Symptoms,30
APT_004901,P_03081,DOC_034,DEPT_005,2024-02-11,09:30,Completed,Post-Operative Follow-up,57
APT_002229,P_03487,DOC_011,DEPT_021,2024-02-10,13:00,Completed,Chest Discomfort,30
APT_004489,P_01302,DOC_021,DEPT_019,2025-03-13,15:15,Completed,Chronic Disease Review,29
APT_007719,P_01519,DOC_018,DEPT_039,05-04-2024,12:45,completed,Post-Operative Follow-up,10
APT_003278,P_00257,DOC_028,DEPT_005,2025-03-24,13:30,Completed,,15
APT_006935,P_02124,DOC_001,DEPT_023,2024-07-18,10:30,Scheduled,Routine Follow-up,0
APT_003471,P_02144,DOC_038,DEPT_031,2025-01-17,12:00,completed,Chronic Disease Review,61
APT_003701,P_03041,DOC_017,DEPT_008,2024-06-26,13:30,Completed,Medication Adjustment,63
APT_002305,P_01155,DOC_007,DEPT_024,2024-12-13,13:15,Completed,Diabetes Monitoring,55
APT_000035,P_01637,DOC_015,DEPT_038,2025-03-26,12:15,Completed,Chronic Disease Review,14
APT_003022,P_02316,DOC_029,DEPT_036,2024-08-03,08:30,Cancelled,Chronic Disease Review,0
APT_003893,P_02063,DOC_029,DEPT_036,2025-02-09,12:00,completed,Medication Adjustment,64
APT_006807,P_01848,DOC_001,DEPT_023,2024-05-31,16:30,Completed,Medication Adjustment,35
APT_006155,P_01779,DOC_010,DEPT_021,2024-09-03,15:30,Scheduled,Routine Follow-up,0
APT_004609,P_02697,DOC_012,DEPT_014,2024-10-01,12:30,Cancelled,Chest Discomfort,0
APT_006721,P_01522,DOC_039,DEPT_007,29-06-2024,16:30,Completed,Post-Operative Follow-up,30
APT_006097,P_00232,DOC_003,DEPT_036,2024-09-27,14:30,Scheduled,Chest Discomfort,0
APT_005875,P_00040,DOC_018,DEPT_039,2025-03-08,09:45,completed,Respiratory Symptoms,14
APT_006991,P_01499,DOC_023,DEPT_007,2024-04-26,13:15,No-Show,Routine Follow-up,0
APT_005114,P_02217,DOC_024,DEPT_024,2025-01-05,14:00,Completed,Chest Discomfort,41
APT_001331,P_00402,DOC_002,DEPT_035,2024-01-04,15:00,Cancelled,Diabetes Monitoring,0
APT_007496,P_02720,DOC_007,DEPT_024,2024-07-13,10:45,Completed,Post-Operative Follow-up,57
APT_006993,P_00463,DOC_025,DEPT_032,04/25/2025,17:45,Completed,Medication Adjustment,64
APT_006003,P_00659,DOC_030,DEPT_014,2024-12-13,15:45,Cancelled,Annual Health Checkup,0
APT_003826,P_01661,DOC_005,DEPT_006,07-04-2024,14:15,Cancelled,Medication Adjustment,0
APT_003873,P_00474,DOC_026,DEPT_020,2024-05-28,14:45,Completed,Diabetes Monitoring,64
APT_006098,P_00459,DOC_016,DEPT_009,2024-04-04,14:30,Completed,Chronic Disease Review,20
APT_004290,P_02772,DOC_038,DEPT_031,2024-09-18,08:45,Scheduled,Diabetes Monitoring,0
APT_000540,P_00957,DOC_014,DEPT_009,2024-10-17,13:00,Completed,Post-Operative Follow-up,13
APT_004432,P_00721,DOC_038,DEPT_031,2024-04-24,16:00,Scheduled,Annual Health Checkup,0
APT_001940,P_02709,DOC_007,DEPT_024,2025-02-05,13:15,Scheduled,Post-Operative Follow-up,0
APT_007587,P_03038,DOC_039,DEPT_007,2024-10-17,09:30,Scheduled,Diabetes Monitoring,0
APT_004161,P_02562,DOC_002,DEPT_035,2024-10-11,15:45,Scheduled,Respiratory Symptoms,0
APT_005000,P_00856,DOC_001,DEPT_023,2024-12-13,16:30,Completed,Respiratory Symptoms,16
APT_007968,P_02419,DOC_019,DEPT_039,2024-07-10,15:45,Scheduled,Respiratory Symptoms,0
APT_003532,P_00342,DOC_005,DEPT_006,2024-09-25,10:15,Completed,Chronic Disease Review,25
APT_006685,P_01135,DOC_025,DEPT_032,2024-05-01,15:00,Cancelled,Post-Operative Follow-up,0
APT_007706,P_01049,DOC_031,DEPT_024,2025-01-14,12:45,  Completed  ,Annual Health Checkup,26
APT_001256,P_02853,DOC_012,DEPT_014,2024-12-07,11:00,Completed,Respiratory Symptoms,61
APT_001311,P_02244,DOC_015,DEPT_038,2025-03-07,09:15,Completed,Post-Operative Follow-up,56
APT_007792,P_01094,DOC_006,DEPT_018,2024-06-28,13:30,Cancelled,Routine Follow-up,0
APT_007440,P_02475,DOC_005,DEPT_006,2024-09-25,15:15,Completed,Medication Adjustment,33
APT_007490,P_00336,DOC_010,DEPT_021,2024-05-06,17:00,Completed,Respiratory Symptoms,17
APT_006701,P_03484,DOC_004,DEPT_005,2024-02-27,14:45,Scheduled,Annual Health Checkup,0
APT_000459,P_02689,DOC_015,DEPT_038,2025-03-21,11:45,Completed,Post-Operative Follow-up,64
APT_002996,P_03032,DOC_023,DEPT_007,2024-08-10,13:45,  Completed  ,Medication Adjustment,30
APT_001355,P_01333,DOC_024,DEPT_024,2024-04-07,14:15,Completed,Annual Health Checkup,31
APT_005695,P_01106,DOC_009,DEPT_030,2024-02-29,10:00,Scheduled,Routine Follow-up,0
APT_000118,P_01234,DOC_024,DEPT_024,2025-02-27,12:15,Completed,Chronic Disease Review,40
APT_001374,P_00878,DOC_038,DEPT_031,2024-07-22,10:15,No-Show,Chronic Disease Review,0
APT_006073,P_02681,DOC_014,DEPT_009,01/29/2024,10:45,Completed,Medication Adjustment,64
APT_001992,P_01093,DOC_039,DEPT_007,2024-02-16,09:45,  Completed  ,Diabetes Monitoring,20
APT_004960,P_02431,DOC_038,DEPT_031,2025-02-01,13:00,Completed,Respiratory Symptoms,31
APT_001504,P_00609,DOC_015,DEPT_038,2024-10-07,09:15,scheduled,Post-Operative Follow-up,0
APT_006510,P_00199,DOC_021,DEPT_019,2024-11-21,14:30,Completed,Annual Health Checkup,54
APT_000772,P_00448,DOC_020,DEPT_008,2024-04-08,13:45,Cancelled,Chest Discomfort,0
APT_002417,P_02793,DOC_024,DEPT_024,2024-05-27,12:15,scheduled,Respiratory Symptoms,0
APT_006712,P_01805,DOC_025,DEPT_032,2024-03-31,12:30,Completed,Post-Operative Follow-up,15
APT_005493,P_02061,DOC_035,DEPT_003,2025-03-31,08:15,Completed,Respiratory Symptoms,9
APT_000553,P_02344,DOC_003,DEPT_036,2025-02-06,08:00,Completed,Medication Adjustment,53
APT_005669,P_02076,DOC_005,DEPT_006,2024-01-26,14:00,Completed,Post-Operative Follow-up,41
APT_006687,P_00535,DOC_037,DEPT_035,2024-08-24,14:45,Scheduled,Annual Health Checkup,0
APT_005576,P_02629,DOC_011,DEPT_021,2024-12-03,15:15,Completed,Diabetes Monitoring,23
APT_005924,P_02128,DOC_026,DEPT_020,2024-11-29,12:45,No-Show,Diabetes Monitoring,0
APT_002008,P_01283,DOC_003,DEPT_036,2024-08-12,09:45,Completed,Post-Operative Follow-up,44
APT_007952,P_01057,DOC_008,DEPT_005,2024-02-16,15:30,Scheduled,Diabetes Monitoring,0
APT_003364,P_03152,DOC_021,DEPT_019,2024-03-19,08:00,Completed,Chest Discomfort,37
APT_002593,P_02810,DOC_006,DEPT_018,2024-04-05,11:00,Completed,Annual Health Checkup,44
APT_007635,P_01121,DOC_029,DEPT_036,2024-09-09,16:00,Completed,Post-Operative Follow-up,44
APT_007337,P_02729,DOC_021,DEPT_019,2025-01-16,17:30,Completed,Medication Adjustment,33
APT_006994,P_01144,DOC_023,DEPT_007,2025-01-21,16:00,Completed,Post-Operative Follow-up,19
APT_000314,P_02547,DOC_009,DEPT_030,2024-07-31,15:45,completed,Routine Follow-up,57
APT_004068,P_02159,DOC_024,DEPT_024,2025-01-05,15:30,Completed,Chest Discomfort,43
APT_002654,P_02050,DOC_014,DEPT_009,2024-04-14,12:30,Scheduled,Chronic Disease Review,0
APT_004503,P_01072,DOC_007,DEPT_024,2024-01-03,15:00,Scheduled,Post-Operative Follow-up,0
APT_005594,P_00449,DOC_010,DEPT_021,2025-02-24,11:00,Completed,Diabetes Monitoring,63
APT_004197,P_00699,DOC_040,DEPT_027,2024-06-30,17:45,Completed,Respiratory Symptoms,16
APT_007081,P_01818,DOC_017,DEPT_008,2024-09-14,08:45,Completed,Diabetes Monitoring,57
