bill_id,patient_id,admission_id,bill_date,total_amount,insurance_covered,patient_payable,payment_status,payment_method
BILL_000001,P_03276,ADM_00001,2025-01-22,10400.53,7086.64,3313.89,Paid,Commercial Insurance
BILL_000002,P_00570,ADM_00002,2024-09-13,7686.34,7093.05,593.29,Paid,Commercial Insurance
BILL_000003,P_01868,ADM_00003,2024-12-30,9444.15,8812.9,631.25,Paid,Cash
BILL_000004,P_02644,ADM_00004,2025-04-16,8012.55,7218.16,794.39,Paid,Cash
BILL_000005,P_02021,ADM_00005,2024-05-20,25360.97,20276.1,5084.87,Paid,Direct Debit
BILL_000006,P_00501,ADM_00006,2024-11-15,10170.14,8220.9,1949.24,Paid,Credit Card
BILL_000007,P_02938,ADM_00007,2024-06-21,5011.58,3514.18,1497.4,Paid,Cash
BILL_000008,P_03289,ADM_00008,2025-01-02,12377.09,11356.65,1020.44,Paid,Direct Debit
BILL_000009,P_02114,ADM_00009,2024-01-14,8700.55,5773.93,2926.62,Paid,Medicare
BILL_000010,P_00118,ADM_00010,2025-02-10,4499.28,3824.49,674.79,Paid,Direct Debit
BILL_000011,P_01715,ADM_00011,2025-03-11,4371.33,3809.41,561.92,Paid,cash
BILL_000012,P_03296,ADM_00012,2024-12-25,11629.31,8000.98,3628.33,Paid,Commercial Insurance
BILL_000013,P_02941,ADM_00013,2024-01-21,16735.24,13542.22,3193.02,Paid,Cash
BILL_000014,P_02985,ADM_00014,2024-09-19,8492.0,6886.39,1605.61,Pending,Direct Debit
BILL_000015,P_01064,ADM_00015,2024-01-22,6905.12,5746.5,1158.62,Paid,Medicare
BILL_000016,P_03445,ADM_00016,2024-08-13,10421.62,8371.63,2049.99,Paid,
BILL_000017,P_02016,ADM_00017,2024-09-20,8304.69,5687.28,2617.41,Paid,Direct Debit
BILL_000018,P_01561,ADM_00018,2024-08-09,9608.97,6829.71,2779.26,Paid,Cash
BILL_000019,P_01561,ADM_00019,2024-08-25,10599.18,8786.41,1812.77,Paid,
BILL_000020,P_00844,ADM_00020,2024-12-05,4907.03,4243.76,663.27,Pending,Cash
BILL_000021,P_00566,ADM_00021,2024-01-19,14441.6,10464.74,3976.86,  Paid  ,Direct Debit
BILL_000022,P_02978,ADM_00022,2024-10-13,5190.86,3836.0,1354.86,Paid,Credit Card
BILL_000023,P_03403,ADM_00023,2024-05-23,4416.2,3848.36,567.84,Pending,Medicare
BILL_000024,P_03403,ADM_00024,2024-06-20,10937.23,7340.76,3596.47,Paid,Credit Card
BILL_000025,P_00064,ADM_00025,2024-09-24,11144.86,7582.31,3562.55,Paid,Medicare
BILL_000026,P_02954,ADM_00026,2025-03-19,13278.64,10239.23,3039.41,Paid,Medicare
BILL_000027,P_01322,ADM_00027,2024-10-17,7668.4,6633.59,1034.81,Paid,Direct Debit
BILL_000028,P_01322,ADM_00028,2024-11-12,9829.35,6463.92,3365.43,Paid,direct debit
BILL_000029,P_03087,ADM_00029,2024-05-15,7269.09,4932.0,2337.09,Paid,Medicare
BILL_000030,P_00956,ADM_00030,2024-08-21,18504.71,13538.16,4966.55,Paid,Cash
BILL_000031,P_00381,ADM_00031,2024-09-04,11086.68,7959.52,3127.16,Paid,Direct Debit
BILL_000032,P_00381,ADM_00032,2024-09-19,12306.47,9691.83,2614.64,Paid,Credit Card
BILL_000033,P_02694,ADM_00033,2024-09-12,8320.68,6706.56,1614.12,Paid,Credit Card
BILL_000034,P_02092,ADM_00034,2024-07-31,11941.79,8857.35,3084.44,Paid,Credit Card
BILL_000035,P_02092,ADM_00035,2024-09-07,16418.15,11174.13,5244.02,Paid,Direct Debit
BILL_000036,P_01557,ADM_00036,2024-11-06,15006.71,13167.82,1838.89,Pending,Commercial Insurance
BILL_000037,P_02714,ADM_00037,2024-12-08,5722.67,3739.53,1983.14,Pending,Medicare
BILL_000038,P_00675,ADM_00038,2025-04-10,9812.23,6690.82,3121.41,Paid,Commercial Insurance
BILL_000039,P_00895,ADM_00039,2024-05-08,7704.48,5126.73,2577.75,Paid,Commercial Insurance
BILL_000040,P_02089,ADM_00040,2024-06-28,7001.08,5656.93,1344.15,Paid,Cash
BILL_000041,P_03408,ADM_00041,2024-09-12,14641.19,10405.62,4235.57,Paid,Direct Debit
BILL_000042,P_00076,ADM_00042,2025-05-09,19008.34,17818.7,1189.64,paid,CASH
BILL_000043,P_00897,ADM_00043,2025-05-18,14021.76,12898.99,1122.77,Pending,  Medicare  
BILL_000044,P_03404,ADM_00044,2024-09-03,9157.6,6142.33,3015.27,Overdue,  Direct Debit  
BILL_000045,P_02606,ADM_00045,2024-02-15,9195.79,7171.03,2024.76,Paid,Medicare
BILL_000046,P_02801,ADM_00046,2024-11-13,19671.82,15825.62,3846.2,paid,cash
BILL_000047,P_02551,ADM_00047,2024-05-25,11852.68,10663.42,1189.26,Paid,Cash
BILL_000048,P_02551,ADM_00048,2024-06-23,9836.53,7863.3,1973.23,Paid,Commercial Insurance
BILL_000049,P_02891,ADM_00049,2025-05-16,7228.09,6728.55,499.54,Pending,Commercial Insurance
BILL_000050,P_02891,ADM_00050,2025-06-09,15088.79,10440.06,4648.73,Paid,Credit Card
BILL_000051,P_03116,ADM_00051,2025-03-08,6897.1,5691.35,1205.75,Paid,Direct Debit
BILL_000052,P_03116,ADM_00052,2025-03-29,8628.69,7857.66,771.03,Paid,
BILL_000053,P_01371,ADM_00053,2024-05-24,16909.83,15894.48,1015.35,Paid,Credit Card
BILL_000054,P_00295,ADM_00054,2025-02-07,10053.65,9078.42,975.23,Paid,Credit Card
BILL_000055,P_00295,ADM_00055,2025-03-03,16060.5,10560.19,5500.31,Paid,Commercial Insurance
BILL_000056,P_02453,ADM_00056,2024-05-08,13372.13,10773.93,2598.2,Paid,Medicare
BILL_000057,P_00205,ADM_00057,05/07/2025,7644.76,7146.12,498.64,Paid,Cash
BILL_000058,P_00753,ADM_00058,2025-03-07,10125.85,6649.05,3476.8,Paid,Direct Debit
BILL_000059,P_00753,ADM_00059,2025-04-10,16771.29,14838.37,1932.92,Overdue,Commercial Insurance
BILL_000060,P_01341,ADM_00060,2024-09-05,12389.3,11235.81,1153.49,Paid,Credit Card
BILL_000061,P_01341,ADM_00061,2024-09-15,4232.81,3150.87,1081.94,Paid,Medicare
BILL_000062,P_01151,ADM_00062,2025-02-13,6930.07,4759.1,2170.97,Paid,Commercial Insurance
BILL_000063,P_02459,ADM_00063,2024-09-06,6696.26,5223.2,1473.06,Paid,Credit Card
BILL_000064,P_02575,ADM_00064,2025-02-02,15945.5,13853.11,2092.39,Paid,Direct Debit
BILL_000065,P_00340,ADM_00065,2025-05-17,7819.96,7176.15,643.81,Paid,Cash
BILL_000066,P_00806,ADM_00066,2024-10-14,8744.07,6742.09,2001.98,Paid,UNKNOWN_VAL
BILL_000067,P_01797,ADM_00067,2024-07-11,2906.96,1912.9,994.06,Overdue,Cash
BILL_000068,P_03060,ADM_00068,2024-02-27,11895.46,10858.14,1037.32,Paid,Credit Card
BILL_000069,P_01708,ADM_00069,2024-06-30,7903.95,5920.83,1983.12,Pending,Cash
BILL_000070,P_01708,ADM_00070,2024-08-03,30399.45,24565.18,5834.27,Pending,cash
BILL_000071,P_01095,ADM_00071,2024-11-24,7878.41,5192.6,2685.81,Paid,CASH
BILL_000072,P_02577,ADM_00072,2025-01-23,9712.99,6400.32,3312.67,Paid,COMMERCIAL INSURANCE
BILL_000073,P_03250,ADM_00073,2024-11-23,11408.47,8332.73,3075.74,Paid,Cash
BILL_000074,P_00628,ADM_00074,2025-03-03,13099.64,12042.89,1056.75,Paid,Credit Card
BILL_000075,P_02567,ADM_00075,2025-02-24,12952.41,10746.32,2206.09,Paid,Commercial Insurance
BILL_000076,P_00351,ADM_00076,2025-05-13,4568.22,2982.33,1585.89,Paid,Cash
BILL_000077,P_02659,ADM_00077,15-10-2024,8836.56,7491.35,1345.21,Paid,Direct Debit
BILL_000078,P_01860,ADM_00078,2025-03-26,7996.15,5928.89,2067.26,Pending,Cash
BILL_000079,P_00651,ADM_00079,2024-04-05,5856.48,5035.95,820.53,Pending,Medicare
BILL_000080,P_01519,ADM_00080,2024-09-06,10186.75,7442.07,2744.68,Paid,Credit Card
BILL_000081,P_01519,ADM_00081,2024-09-27,7789.85,6852.28,937.57,Pending,Direct Debit
BILL_000082,P_02497,ADM_00082,2025-03-11,18401.58,16937.96,1463.62,Paid,Cash
BILL_000083,P_03201,ADM_00083,2024-12-25,8295.37,7766.62,528.75,Paid,Medicare
BILL_000084,P_00265,ADM_00084,2024-09-08,8055.55,7403.08,652.47,Paid,Commercial Insurance
BILL_000085,P_02776,ADM_00085,2024-06-09,15673.19,11929.14,3744.05,Paid,Credit Card
BILL_000086,P_00677,ADM_00086,2024-04-17,4858.01,4050.7,807.31,Paid,Direct Debit
BILL_000087,P_02540,ADM_00087,2024-04-03,4588.39,4249.71,338.68,  Overdue  ,Medicare
BILL_000088,P_02540,ADM_00088,2024-05-03,17445.64,14864.97,2580.67,Pending,Medicare
BILL_000089,P_02716,ADM_00089,2024-09-05,7929.29,6947.21,982.08,Paid,Cash
BILL_000090,P_01554,ADM_00090,2024-11-01,10870.04,7696.17,3173.87,Paid,Credit Card
BILL_000091,P_01336,ADM_00091,2025-01-12,9166.12,6165.84,3000.28,Paid,Commercial Insurance
BILL_000092,P_00862,ADM_00092,28-04-2024,9884.71,6572.96,3311.75,Paid,Commercial Insurance
BILL_000093,P_02693,ADM_00093,2024-02-25,8786.38,7633.67,1152.71,Paid,Credit Card
BILL_000094,P_00716,ADM_00094,2025-01-11,14387.41,12246.11,2141.3,paid,Medicare
BILL_000095,P_00716,ADM_00095,2025-01-22,16164.52,14093.52,2071.0,Paid,Medicare
BILL_000096,P_01659,ADM_00096,2024-06-04,5901.01,3926.61,1974.4,Paid,Credit Card
BILL_000097,P_01659,ADM_00097,2024-07-06,19379.67,17684.82,1694.85,Paid,Credit Card
BILL_000098,P_00209,ADM_00098,2024-03-03,11151.54,9873.76,1277.78,Paid,Commercial Insurance
BILL_000099,P_01894,ADM_00099,2025-03-18,6412.53,4720.49,1692.04,Paid,Direct Debit
BILL_000100,P_01077,ADM_00100,2024-12-12,10930.51,8684.67,2245.84,Paid,Commercial Insurance
BILL_000101,P_02844,ADM_00101,2024-09-11,15205.62,12729.18,2476.44,Paid,Credit Card
BILL_000102,P_02844,ADM_00102,2024-10-08,13325.52,12031.64,1293.88,Paid,Direct Debit
BILL_000103,P_01644,ADM_00103,2024-02-27,9099.55,7408.0,1691.55,Pending,Cash
BILL_000104,P_02996,ADM_00104,2024-06-10,6421.34,5294.43,1126.91,Paid,Commercial Insurance
BILL_000105,P_02658,ADM_00105,2024-08-31,6683.35,5504.39,1178.96,Paid,Medicare
BILL_000106,P_00974,ADM_00106,2024-10-06,10427.46,8003.93,2423.53,Paid,Credit Card
BILL_000107,P_00073,ADM_00107,2025-02-11,12687.48,11983.14,704.34,Paid,Credit Card
BILL_000108,P_02449,ADM_00108,2025-03-11,20763.63,14221.31,6542.32,Paid,Cash
BILL_000109,P_01649,ADM_00109,2024-03-26,9673.38,8622.38,1051.0,Paid,Cash
BILL_000110,P_01076,ADM_00110,2025-02-04,7482.06,5509.12,1972.94,Pending,Credit Card
BILL_000111,P_02684,ADM_00111,2024-08-17,3758.33,3203.2,555.13,Pending,  Credit Card  
BILL_000112,P_01031,ADM_00112,2025-02-23,10340.63,8987.76,1352.87,Paid,Commercial Insurance
BILL_000113,P_02935,ADM_00113,2024-05-14,10962.94,8744.27,2218.67,Paid,Medicare
BILL_000114,P_02004,ADM_00114,2025-05-20,13052.56,9626.01,3426.55,Paid,Commercial Insurance
BILL_000115,P_01309,ADM_00115,2024-06-29,15375.02,12984.65,2390.37,Pending,Credit Card
BILL_000116,P_02046,ADM_00116,2024-07-13,11327.03,9621.44,1705.59,Paid,Direct Debit
BILL_000117,P_01891,ADM_00117,2024-04-10,5468.91,4726.24,742.67,Paid,Direct Debit
BILL_000118,P_01891,ADM_00118,2024-04-27,7742.17,6060.95,1681.22,Overdue,direct debit
BILL_000119,P_02777,ADM_00119,2024-12-08,9213.28,7527.98,1685.3,Paid,Medicare
BILL_000120,P_03071,ADM_00120,2025-04-28,5591.26,5001.29,589.97,Paid,Credit Card
BILL_000121,P_01105,ADM_00121,01/21/2024,7152.45,6708.37,444.08,Paid,Direct Debit
BILL_000122,P_00730,ADM_00122,2024-06-14,10143.62,7437.89,2705.73,Pending,Cash
BILL_000123,P_02883,ADM_00123,2024-03-02,9367.15,6496.19,2870.96,Paid,Commercial Insurance
BILL_000124,P_03198,ADM_00124,2024-12-08,4299.42,2818.2,1481.22,Paid,Credit Card
BILL_000125,P_03198,ADM_00125,2025-01-02,24630.48,17029.25,7601.23,Paid,direct debit
BILL_000126,P_01024,ADM_00126,2024-04-19,15658.73,14528.57,1130.16,Paid,Medicare
BILL_000127,P_01508,ADM_00127,2025-01-01,8126.6,6525.73,1600.87,Paid,Cash
BILL_000128,P_01508,ADM_00128,2025-01-16,18010.46,15139.08,2871.38,Paid,commercial insurance
BILL_000129,P_02188,ADM_00129,2024-04-25,12750.84,8489.44,4261.4,Paid,Cash
BILL_000130,P_00945,ADM_00130,2025-03-02,13393.45,9628.41,3765.04,PAID,  Credit Card  
BILL_000131,P_00945,ADM_00131,2025-03-20,19612.72,13369.0,6243.72,Paid,Cash
BILL_000132,P_02473,ADM_00132,2025-04-14,7232.7,5757.04,1475.66,Paid,
BILL_000133,P_01269,ADM_00133,2024-04-30,8728.37,7373.27,1355.1,Paid,Direct Debit
BILL_000134,P_00922,ADM_00134,2024-09-15,23223.24,17764.66,5458.58,Paid,Cash
BILL_000135,P_01809,ADM_00135,2025-05-02,3137.59,2971.0,166.59,Paid,Commercial Insurance
BILL_000136,P_00803,ADM_00136,2024-12-09,7518.99,6051.04,1467.95,Paid,Cash
BILL_000137,P_00803,ADM_00137,2025-01-02,18183.54,16161.37,2022.17,Paid,Direct Debit
BILL_000138,P_02576,ADM_00138,2025-03-10,7853.83,6956.51,897.32,Pending,Medicare
BILL_000139,P_02104,ADM_00139,2025-05-19,13869.82,9603.21,4266.61,Paid,Medicare
BILL_000140,P_01701,ADM_00140,2025-04-09,11966.69,8975.3,2991.39,Paid,Direct Debit
BILL_000141,P_01084,ADM_00141,2024-03-16,7758.01,7089.3,668.71,Pending,Medicare
BILL_000142,P_01599,ADM_00142,2025-04-26,3932.71,2882.43,1050.28,Paid,Commercial Insurance
BILL_000143,P_02754,ADM_00143,2025-05-09,8815.87,7641.31,1174.56,Paid,Direct Debit
BILL_000144,P_02754,ADM_00144,2025-06-06,7996.65,7499.84,496.81,Paid,Credit Card
BILL_000145,P_01321,ADM_00145,2025-02-20,9244.47,7369.23,1875.24,Pending,commercial insurance
BILL_000146,P_02004,ADM_00146,2024-10-23,12579.2,10814.57,1764.63,  Paid  ,Credit Card
BILL_000147,P_03318,ADM_00147,2025-03-25,17960.69,16317.8,1642.89,Pending,Medicare
BILL_000148,P_01305,ADM_00148,2025-05-11,8384.98,7028.53,1356.45,Paid,Direct Debit
BILL_000149,P_01525,ADM_00149,2024-04-05,6458.83,4294.61,2164.22,Paid,Direct Debit
BILL_000150,P_01174,ADM_00150,2024-02-28,5517.67,5195.0,322.67,Paid,Medicare
BILL_000151,P_02181,ADM_00151,2024-02-20,9830.26,8411.69,1418.57,Paid,Direct Debit
BILL_000152,P_02094,ADM_00152,2024-12-29,28710.06,20968.39,7741.67,Paid,cash
BILL_000153,P_02636,ADM_00153,2024-02-29,19411.15,13603.12,5808.03,Paid,Direct Debit
BILL_000154,P_01757,ADM_00154,2024-06-11,11238.69,8855.14,2383.55,Pending,Direct Debit
BILL_000155,P_01145,ADM_00155,2025-04-28,8724.71,7471.93,1252.78,Paid,Direct Debit
BILL_000156,P_00680,ADM_00156,2025-05-05,8439.3,6860.83,1578.47,Overdue,Credit Card
BILL_000157,P_00813,ADM_00157,2024-06-21,9966.81,7254.61,2712.2,PAID,  Credit Card  
BILL_000158,P_00456,ADM_00158,2024-08-15,2786.13,2103.39,682.74,Pending,
BILL_000159,P_00047,ADM_00159,2024-01-03,5205.0,4214.29,990.71,Paid,Medicare
BILL_000160,P_01193,ADM_00160,2025-04-19,22477.45,16457.81,6019.64,Paid,Credit Card
BILL_000161,P_01728,ADM_00161,2024-08-12,4910.35,4077.59,832.76,Paid,
BILL_000162,P_01728,ADM_00162,2024-08-31,16060.91,11297.38,4763.53,Paid,
BILL_000163,P_02473,ADM_00163,2024-01-04,4337.61,2948.12,1389.49,Paid,
BILL_000164,P_03434,ADM_00164,2024-11-24,4990.87,4189.13,801.74,Paid,Cash
BILL_000165,P_00604,ADM_00165,2024-05-30,13362.44,11922.7,1439.74,Pending,Cash
BILL_000166,P_00604,ADM_00166,2024-06-29,12890.03,11337.01,1553.02,Paid,Medicare
BILL_000167,P_00422,ADM_00167,2024-07-22,6659.4,5144.9,1514.5,Paid,Direct Debit
BILL_000168,P_02750,ADM_00168,2024-07-27,19105.88,15943.79,3162.09,Paid,commercial insurance
BILL_000169,P_02750,ADM_00169,2024-08-21,7665.79,7228.87,436.92,Paid,Cash
BILL_000170,P_01914,ADM_00170,2024-02-29,9999.65,8601.65,1398.0,Pending,Commercial Insurance
BILL_000171,P_01914,ADM_00171,2024-04-01,15578.04,12121.87,3456.17,Pending,Medicare
BILL_000172,P_00945,ADM_00172,2024-12-20,9734.22,6662.11,3072.11,paid,Credit Card
BILL_000173,P_02332,ADM_00173,2025-05-12,7239.0,5931.04,1307.96,Paid,Commercial Insurance
BILL_000174,P_02332,ADM_00174,2025-05-27,8684.25,7396.23,1288.02,Paid,Cash
BILL_000175,P_00536,ADM_00175,2025-02-27,12833.73,9828.66,3005.07,Pending,commercial insurance
BILL_000176,P_02442,ADM_00176,2024-12-22,11799.48,8097.33,3702.15,Paid,Credit Card
BILL_000177,P_01531,ADM_00177,2024-10-25,10306.16,6910.64,3395.52,Paid,cash
BILL_000178,P_00583,ADM_00178,2024-07-22,8786.35,6208.07,2578.28,Overdue,Direct Debit
BILL_000179,P_00718,ADM_00179,2025-05-09,8606.28,7382.7,1223.58,Paid,Cash
BILL_000180,P_01020,ADM_00180,2025-01-12,11370.9,10065.94,1304.96,Paid,Direct Debit
BILL_000181,P_00704,ADM_00181,2025-02-16,11250.13,9733.46,1516.67,paid,commercial insurance
BILL_000182,P_02341,ADM_00182,14-10-2024,10491.6,9232.3,1259.3,Paid,Credit Card
BILL_000183,P_01132,ADM_00183,2024-01-10,10251.36,6900.49,3350.87,Paid,direct debit
BILL_000184,P_01132,ADM_00184,2024-02-15,21827.07,18325.62,3501.45,Paid,Medicare
BILL_000185,P_02234,ADM_00185,2025-01-29,9368.88,8786.07,582.81,Pending,Cash
BILL_000186,P_03438,ADM_00186,2024-12-02,17928.13,15361.9,2566.23,Paid,Direct Debit
BILL_000187,P_00981,ADM_00187,2025-03-16,9482.65,8490.57,992.08,Paid,Cash
BILL_000188,P_00981,ADM_00188,2025-04-13,15603.46,13757.59,1845.87,Paid,Direct Debit
BILL_000189,P_03161,ADM_00189,2024-03-07,9480.91,7471.65,2009.26,Paid,Direct Debit
BILL_000190,P_03161,ADM_00190,2024-04-08,8517.12,6209.93,2307.19,Paid,MEDICARE
BILL_000191,P_00363,ADM_00191,2025-04-23,25300.94,20542.03,4758.91,Paid,Credit Card
BILL_000192,P_01354,ADM_00192,2024-09-27,14276.98,9440.71,4836.27,Paid,Medicare
BILL_000193,P_01354,ADM_00193,2024-10-09,22201.69,15307.52,6894.17,Paid,Medicare
BILL_000194,P_00904,ADM_00194,2025-02-21,7393.12,7000.39,392.73,  Pending  ,  Commercial Insurance  
BILL_000195,P_02019,ADM_00195,2024-02-14,6132.77,4094.17,2038.6,Paid,Credit Card
BILL_000196,P_00134,ADM_00196,2024-08-05,11697.68,7879.33,3818.35,Paid,Commercial Insurance
BILL_000197,P_02348,ADM_00197,2024-02-11,8215.72,5908.82,2306.9,Paid,Cash
BILL_000198,P_01565,ADM_00198,2024-06-23,12559.44,11226.54,1332.9,Paid,Direct Debit
BILL_000199,P_03315,ADM_00199,2025-01-27,7466.21,6632.89,833.32,Pending,Medicare
BILL_000200,P_00856,ADM_00200,2024-08-22,13245.33,12528.68,716.65,Paid,Commercial Insurance
BILL_000201,P_02283,ADM_00201,2025-01-29,6251.4,4098.42,2152.98,Paid,Cash
BILL_000202,P_02733,ADM_00202,2025-03-18,5410.07,3970.62,1439.45,Paid,Commercial Insurance
BILL_000203,P_01271,ADM_00203,2025-05-02,12372.35,11431.36,940.99,Paid,Cash
BILL_000204,P_01271,ADM_00204,2025/05/30 00:00:00,7087.48,4936.46,2151.02,Paid,Credit Card
BILL_000205,P_02771,ADM_00205,2025-03-09,5968.85,5040.53,928.32,Paid,Cash
BILL_000206,P_00969,ADM_00206,2024-04-29,7508.87,4883.16,2625.71,Pending,Medicare
BILL_000207,P_01722,ADM_00207,2024-06-23,9689.29,8411.18,1278.11,Paid,Credit Card
BILL_000208,P_01082,ADM_00208,2024-03-07,18643.33,14469.0,4174.33,Paid,Cash
BILL_000209,P_02185,ADM_00209,2024-10-31,10750.21,7763.17,2987.04,Pending,Direct Debit
BILL_000210,P_02972,ADM_00210,2025-03-11,9966.57,8127.34,1839.23,Pending,Commercial Insurance
BILL_000211,P_01586,ADM_00211,2025-03-18,10692.6,8111.79,2580.81,Paid,Commercial Insurance
BILL_000212,P_00211,ADM_00212,2024-11-05,8851.76,8065.11,786.65,Paid,Cash
BILL_000213,P_00211,ADM_00213,2024-11-30,9915.72,8272.54,1643.18,Paid,Commercial Insurance
BILL_000214,P_01225,ADM_00214,2024-08-03,10067.1,8213.65,1853.45,Overdue,Cash
BILL_000215,P_01983,ADM_00215,2024-09-05,10821.78,8848.8,1972.98,Paid,CREDIT CARD
BILL_000216,P_01188,ADM_00216,2024-08-07,11366.83,9906.91,1459.92,Paid,Credit Card
BILL_000217,P_03237,ADM_00217,2024-03-23,8265.41,7125.89,1139.52,Paid,Credit Card
BILL_000218,P_03237,ADM_00218,2024-04-11,12964.09,9567.39,3396.7,Paid,
BILL_000219,P_02787,ADM_00219,2025-01-29,11908.57,8922.54,2986.03,Paid,Cash
BILL_000220,P_02787,ADM_00220,2025-03-10,24940.27,22182.73,2757.54,Pending,UNKNOWN_VAL
BILL_000221,P_02165,ADM_00221,2025-01-17,5766.61,4038.69,1727.92,Paid,Cash
BILL_000222,P_02964,ADM_00222,2025-01-21,21229.61,16359.04,4870.57,Paid,Medicare
BILL_000223,P_02663,ADM_00223,2024-02-07,6108.1,4620.18,1487.92,Paid,Medicare
BILL_000224,P_01952,ADM_00224,2024-11-16,3303.62,2968.29,335.33,Paid,Commercial Insurance
BILL_000225,P_01869,ADM_00225,2024-11-04,6371.29,5221.6,1149.69,Pending,Commercial Insurance
BILL_000226,P_00841,ADM_00226,2024-10-21,12146.6,9326.49,2820.11,Paid,Commercial Insurance
BILL_000227,P_00913,ADM_00227,2024/09/07 00:00:00,18238.32,12587.6,5650.72,Paid,Medicare
BILL_000228,P_03109,ADM_00228,2024-02-08,7189.73,4700.32,2489.41,Pending,Medicare
BILL_000229,P_03109,ADM_00229,2024-02-26,15768.23,14654.96,1113.27,Paid,Credit Card
BILL_000230,P_00505,ADM_00230,2024-10-12,5750.82,4939.99,810.83,Paid,Commercial Insurance
BILL_000231,P_03249,ADM_00231,2024-08-07,26959.99,20673.89,6286.1,Paid,Direct Debit
BILL_000232,P_03249,ADM_00232,2024-08-27,22001.67,14621.2,7380.47,Pending,Medicare
BILL_000233,P_00950,ADM_00233,2024-12-19,7309.48,6433.31,876.17,Paid,Medicare
BILL_000234,P_00950,ADM_00234,2025-01-22,15454.53,10897.78,4556.75,Paid,  Medicare  
BILL_000235,P_00942,ADM_00235,2024-05-27,7390.54,4929.37,2461.17,Paid,cash
BILL_000236,P_02902,ADM_00236,2025-03-11,21465.58,14626.64,6838.94,Paid,Cash
BILL_000237,P_01060,ADM_00237,2024-12-19,7640.39,6174.7,1465.69,Paid,Direct Debit
BILL_000238,P_00782,ADM_00238,2024-08-17,8048.81,6459.95,1588.86,Paid,Medicare
BILL_000239,P_00576,ADM_00239,2024-06-08,5995.77,4176.48,1819.29,Paid,Medicare
BILL_000240,P_01976,ADM_00240,01/23/2024,11485.38,7785.73,3699.65,Paid,Medicare
BILL_000241,P_01040,ADM_00241,2025-04-03,12995.47,9123.01,3872.46,Paid,Credit Card
BILL_000242,P_01040,ADM_00242,2025-04-24,16003.2,11687.29,4315.91,Paid,Commercial Insurance
BILL_000243,P_00437,ADM_00243,2025-05-09,7378.36,6018.73,1359.63,Paid,Medicare
BILL_000244,P_00437,ADM_00244,2025-05-23,25423.05,18566.16,6856.89,Paid,Cash
BILL_000245,P_00683,ADM_00245,2024-07-08,13701.5,9504.74,4196.76,Paid,Commercial Insurance
BILL_000246,P_03286,ADM_00246,2024-06-19,11436.7,8538.27,2898.43,PAID,Credit Card
BILL_000247,P_01240,ADM_00247,2024-07-17,28838.79,23230.9,5607.89,Paid,Direct Debit
BILL_000248,P_01738,ADM_00248,2024-10-09,16079.5,13281.93,2797.57,Paid,Credit Card
BILL_000249,P_00113,ADM_00249,2024-01-28,10220.78,7322.79,2897.99,Pending,Medicare
BILL_000250,P_00113,ADM_00250,2024-02-19,30472.37,24729.43,5742.94,Paid,Direct Debit
BILL_000251,P_00308,ADM_00251,2024-01-26,14430.7,12357.88,2072.82,Paid,Direct Debit
BILL_000252,P_02938,ADM_00252,2024-10-15,5949.88,5433.54,516.34,Paid,Commercial Insurance
BILL_000253,P_02425,ADM_00253,2024-12-08,10315.34,9517.72,797.62,Pending,
BILL_000254,P_02425,ADM_00254,2025-01-04,17508.41,16263.0,1245.41,Paid,Medicare
BILL_000255,P_02128,ADM_00255,2024-04-23,15776.1,14762.49,1013.61,Paid,
BILL_000256,P_03283,ADM_00256,2025-02-18,5392.99,3773.49,1619.5,Pending,
BILL_000257,P_03283,ADM_00257,2025-03-21,5779.66,3857.95,1921.71,Paid,Cash
BILL_000258,P_01942,ADM_00258,2024-07-23,9623.02,6954.7,2668.32,Paid,Direct Debit
BILL_000259,P_00961,ADM_00259,2025-01-25,3513.16,2335.81,1177.35,Paid,
BILL_000260,P_01930,ADM_00260,2024-01-14,6432.01,5306.1,1125.91,Paid,Credit Card
BILL_000261,P_01930,ADM_00261,2024-02-02,11148.74,8877.8,2270.94,Overdue,Commercial Insurance
BILL_000262,P_02805,ADM_00262,2024-03-20,6266.31,4650.54,1615.77,Paid,Credit Card
BILL_000263,P_02993,ADM_00263,2024-02-16,8413.35,7574.47,838.88,Paid,Cash
BILL_000264,P_01502,ADM_00264,2024-02-11,16761.4,11050.06,5711.34,Paid,Credit Card
BILL_000265,P_01502,ADM_00265,2024-03-12,10904.14,9944.87,959.27,Paid,Commercial Insurance
BILL_000266,P_00228,ADM_00266,2024-07-29,6753.64,6346.58,407.06,Paid,Medicare
BILL_000267,P_00074,ADM_00267,2024-07-05,8375.29,6413.25,1962.04,Paid,Cash
BILL_000268,P_01833,ADM_00268,2024-05-23,3773.53,2963.75,809.78,Pending,Medicare
BILL_000269,P_02955,ADM_00269,2024/02/10 00:00:00,22654.3,20642.09,2012.21,Paid,Cash
BILL_000270,P_01198,ADM_00270,2025-04-27,12355.89,11581.65,774.24,Paid,Commercial Insurance
BILL_000271,P_02347,ADM_00271,2024-09-19,8369.64,6422.42,1947.22,  Paid  ,Medicare
BILL_000272,P_00886,ADM_00272,2024-10-05,7559.76,6819.63,740.13,Paid,Commercial Insurance
BILL_000273,P_01064,ADM_00273,2024-08-20,8312.61,6176.09,2136.52,Paid,Commercial Insurance
BILL_000274,P_01644,ADM_00274,2024-02-12,6508.68,6038.91,469.77,paid,CREDIT CARD
BILL_000275,P_02049,ADM_00275,2024-11-16,6859.41,5330.23,1529.18,Paid,Commercial Insurance
BILL_000276,P_00182,ADM_00276,2024-10-19,8274.99,7122.87,1152.12,Paid,Direct Debit
BILL_000277,P_01980,ADM_00277,2024-01-17,6819.75,4786.98,2032.77,Paid,Direct Debit
BILL_000278,P_00536,ADM_00278,2024-03-11,18476.85,12782.66,5694.19,Paid,Commercial Insurance
BILL_000279,P_02953,ADM_00279,2024-03-11,14414.37,13370.2,1044.17,Paid,Credit Card
BILL_000280,P_02315,ADM_00280,2025-03-11,11213.22,10005.52,1207.7,Paid,Direct Debit
BILL_000281,P_03486,ADM_00281,2025-01-25,11108.2,7951.0,3157.2,Paid,MEDICARE
BILL_000282,P_02431,ADM_00282,2024-06-27,6938.06,6115.6,822.46,Pending,Credit Card
BILL_000283,P_01524,ADM_00283,02/22/2025,7930.01,5936.08,1993.93,Paid,DIRECT DEBIT
BILL_000284,P_03286,ADM_00284,2024-11-28,4317.2,3848.33,468.87,Paid,Direct Debit
BILL_000285,P_00080,ADM_00285,2024-06-23,8671.65,7754.78,916.87,paid,Cash
BILL_000286,P_00454,ADM_00286,2025-04-15,5248.37,3543.45,1704.92,paid,Direct Debit
BILL_000287,P_02388,ADM_00287,2024-04-01,23425.35,19361.52,4063.83,Paid,Commercial Insurance
BILL_000288,P_02119,ADM_00288,2024-05-08,9658.35,7136.74,2521.61,Paid,Direct Debit
BILL_000289,P_02119,ADM_00289,2024-06-11,12590.57,11547.94,1042.63,Paid,direct debit
BILL_000290,P_01925,ADM_00290,2024-05-03,6829.19,5298.29,1530.9,Paid,Medicare
BILL_000291,P_03234,ADM_00291,2024-09-04,6487.23,4265.18,2222.05,Paid,Direct Debit
BILL_000292,P_00784,ADM_00292,2024-04-15,7412.75,5731.12,1681.63,Overdue,Commercial Insurance
BILL_000293,P_00784,ADM_00293,2024/05/12 00:00:00,14694.16,13774.2,919.96,Paid,Direct Debit
BILL_000294,P_02030,ADM_00294,2024-11-07,6329.54,4123.95,2205.59,Paid,CASH
BILL_000295,P_00452,ADM_00295,2025-04-13,14918.59,13769.15,1149.44,Paid,Cash
BILL_000296,P_00913,ADM_00296,2025-03-22,7462.87,5270.22,2192.65,Paid,Commercial Insurance
BILL_000297,P_02513,ADM_00297,2024-01-28,7360.79,5900.0,1460.79,Paid,Credit Card
BILL_000298,P_02188,ADM_00298,2024-11-29,10081.47,6747.18,3334.29,Paid,Commercial Insurance
BILL_000299,P_01716,ADM_00299,2024-11-19,9012.55,7928.38,1084.17,Paid,Commercial Insurance
BILL_000300,P_01716,ADM_00300,2024-11-29,12172.49,8345.88,3826.61,Paid,Cash
BILL_000301,P_02864,ADM_00301,2024-09-07,5729.63,3781.47,1948.16,Paid,Cash
BILL_000302,P_00688,ADM_00302,2024-07-17,6969.7,5007.0,1962.7,Overdue,Credit Card
BILL_000303,P_00688,ADM_00303,2024-08-09,23132.21,21586.84,1545.37,Paid,MEDICARE
BILL_000304,P_02433,ADM_00304,2025-04-22,7974.83,5363.18,2611.65,Paid,Cash
BILL_000305,P_00946,ADM_00305,2024-11-07,17148.28,14554.58,2593.7,pending,cash
BILL_000306,P_03401,ADM_00306,2025-04-15,8237.02,6893.26,1343.76,Pending,Direct Debit
BILL_000307,P_03401,ADM_00307,2025-05-18,20657.22,15905.62,4751.6,Paid,Commercial Insurance
BILL_000308,P_03081,ADM_00308,2024-04-06,4518.05,3982.55,535.5,Paid,  Medicare  
BILL_000309,P_00270,ADM_00309,2024-09-13,9336.87,8719.78,617.09,Paid,Credit Card
BILL_000310,P_03228,ADM_00310,2025-03-31,13363.49,11403.98,1959.51,Pending,Credit Card
BILL_000311,P_00516,ADM_00311,2025-02-14,4021.42,3750.28,271.14,Paid,Direct Debit
BILL_000312,P_00516,ADM_00312,2025-03-16,6700.12,6208.99,491.13,Pending,Credit Card
BILL_000313,P_01837,ADM_00313,2024-03-29,9541.15,7479.52,2061.63,Pending,Medicare
BILL_000314,P_03417,ADM_00314,2024-11-19,14070.78,10579.26,3491.52,Paid,Medicare
BILL_000315,P_01972,ADM_00315,2025-02-15,7024.24,6368.16,656.08,Pending,Credit Card
BILL_000316,P_02438,ADM_00316,2025-02-14,13179.56,11416.43,1763.13,Paid,Medicare
BILL_000317,P_02438,ADM_00317,2025-03-10,17158.22,12799.82,4358.4,Paid,Credit Card
BILL_000318,P_02985,ADM_00318,2024-07-31,11090.24,9145.88,1944.36,Paid,Commercial Insurance
BILL_000319,P_00587,ADM_00319,2024-10-19,11729.25,7639.45,4089.8,Overdue,Commercial Insurance
BILL_000320,P_02606,ADM_00320,2024-08-14,11973.7,8924.63,3049.07,Paid,UNKNOWN_VAL
BILL_000321,P_03444,ADM_00321,2024-06-06,7733.65,6319.29,1414.36,Paid,Credit Card
BILL_000322,P_03449,ADM_00322,2024-06-16,10978.82,7730.57,3248.25,paid,Medicare
BILL_000323,P_01164,ADM_00323,2024-11-28,9359.91,6714.98,2644.93,Paid,Commercial Insurance
BILL_000324,P_01164,ADM_00324,2024-12-31,17838.36,12215.4,5622.96,Pending,Commercial Insurance
BILL_000325,P_03072,ADM_00325,2025-01-15,6686.45,5411.57,1274.88,Paid,Direct Debit
BILL_000326,P_01097,ADM_00326,2024-05-01,10406.69,6779.5,3627.19,Paid,Medicare
BILL_000327,P_02802,ADM_00327,2024-07-27,8193.73,6130.12,2063.61,Paid,Commercial Insurance
BILL_000328,P_00869,ADM_00328,2025-03-25,11238.68,10533.16,705.52,Paid,Credit Card
BILL_000329,P_00715,ADM_00329,2024-09-01,10074.58,7955.49,2119.09,Paid,  Credit Card  
BILL_000330,P_00812,ADM_00330,2025-02-28,3694.58,3191.9,502.68,Paid,Commercial Insurance
BILL_000331,P_00907,ADM_00331,2024-01-14,4192.7,3052.02,1140.68,Paid,Commercial Insurance
BILL_000332,P_01019,ADM_00332,2024-01-31,11064.56,8342.15,2722.41,Paid,Commercial Insurance
BILL_000333,P_01019,ADM_00333,2024-02-21,23531.78,19283.9,4247.88,Paid,Cash
BILL_000334,P_01201,ADM_00334,2025-04-29,16672.87,12375.23,4297.64,Pending,Credit Card
BILL_000335,P_01534,ADM_00335,2025-01-01,3539.97,2883.3,656.67,PAID,Commercial Insurance
BILL_000336,P_01534,ADM_00336,2025-01-08,6417.0,6079.48,337.52,pending,Medicare
BILL_000337,P_00298,ADM_00337,2024-02-02,13842.52,12483.41,1359.11,Paid,Credit Card
BILL_000338,P_00393,ADM_00338,2024-09-12,13250.59,10918.29,2332.3,Paid,Medicare
BILL_000339,P_00393,ADM_00339,2024-10-17,35771.94,25417.34,10354.6,Paid,Medicare
BILL_000340,P_03294,ADM_00340,2025-05-07,6299.23,4332.89,1966.34,Paid,Medicare
BILL_000341,P_00215,ADM_00341,2024-03-21,5887.97,4609.21,1278.76,Paid,Cash
BILL_000342,P_02766,ADM_00342,04-05-2025,11200.64,9675.28,1525.36,Paid,Commercial Insurance
BILL_000343,P_02766,ADM_00343,2025-05-17,12213.86,10001.91,2211.95,Overdue,Cash
BILL_000344,P_03331,ADM_00344,2025-03-22,12425.4,8542.31,3883.09,  Paid  ,Credit Card
BILL_000345,P_03281,ADM_00345,2025-04-29,6103.97,4772.17,1331.8,paid,Direct Debit
BILL_000346,P_00374,ADM_00346,03/01/2025,10077.27,8286.05,1791.22,Paid,Medicare
BILL_000347,P_00088,ADM_00347,2025-01-04,5510.0,3618.04,1891.96,Paid,Cash
BILL_000348,P_02504,ADM_00348,2025-04-28,17156.13,13783.09,3373.04,Paid,Direct Debit
BILL_000349,P_00451,ADM_00349,2024-12-23,8006.32,5840.93,2165.39,Paid,Cash
BILL_000350,P_02033,ADM_00350,2025-04-08,14665.38,12075.39,2589.99,paid,Cash
BILL_000351,P_00712,ADM_00351,2024-11-30,24399.84,22604.6,1795.24,Paid,Medicare
BILL_000352,P_01008,ADM_00352,2025-03-08,4954.85,3898.03,1056.82,Pending,Commercial Insurance
BILL_000353,P_01008,ADM_00353,2025-03-25,19500.63,14820.96,4679.67,Paid,Credit Card
BILL_000354,P_02743,ADM_00354,2024-12-07,11655.75,9299.57,2356.18,Paid,cash
BILL_000355,P_00973,ADM_00355,2024-03-10,3334.93,2872.44,462.49,Paid,Credit Card
BILL_000356,P_00973,ADM_00356,2024-03-22,10933.04,7571.12,3361.92,Paid,UNKNOWN_VAL
BILL_000357,P_00171,ADM_00357,2024-03-26,15364.12,13306.49,2057.63,Paid,Direct Debit
BILL_000358,P_01579,ADM_00358,2025-02-21,6349.34,4542.83,1806.51,Paid,Direct Debit
BILL_000359,P_01579,ADM_00359,06-03-2025,14439.06,10600.38,3838.68,Paid,Credit Card
BILL_000360,P_00778,ADM_00360,2024-12-30,16406.8,10850.36,5556.44,Paid,Medicare
BILL_000361,P_00778,ADM_00361,2025-01-30,11876.92,10976.58,900.34,Paid,Commercial Insurance
BILL_000362,P_02429,ADM_00362,2024-02-28,7658.91,6631.86,1027.05,Paid,
BILL_000363,P_03090,ADM_00363,2025-01-14,10571.88,9754.66,817.22,Paid,Cash
BILL_000364,P_02458,ADM_00364,2024-09-10,8128.25,6066.38,2061.87,PAID,Cash
BILL_000365,P_02458,ADM_00365,2024-10-12,22408.65,15669.8,6738.85,Paid,Commercial Insurance
BILL_000366,P_00157,ADM_00366,2025-02-17,11188.43,9887.39,1301.04,Paid,Direct Debit
BILL_000367,P_01581,ADM_00367,2024-10-15,9032.11,7673.95,1358.16,Paid,Medicare
BILL_000368,P_01938,ADM_00368,2025-01-12,5060.44,4783.21,277.23,Paid,Medicare
BILL_000369,P_01447,ADM_00369,2025-04-23,4704.37,3362.53,1341.84,Paid,Cash
BILL_000370,P_00145,ADM_00370,2024-07-16,5740.52,4249.36,1491.16,Paid,Direct Debit
BILL_000371,P_02197,ADM_00371,2024-07-15,5516.16,3877.21,1638.95,Paid,Direct Debit
BILL_000372,P_01963,ADM_00372,2025-01-04,5468.9,4501.17,967.73,Paid,Medicare
BILL_000373,P_01963,ADM_00373,2025-01-27,6521.07,4968.53,1552.54,Paid,COMMERCIAL INSURANCE
BILL_000374,P_02758,ADM_00374,2024-08-21,8220.85,7563.31,657.54,Paid,Direct Debit
BILL_000375,P_01441,ADM_00375,2024-06-04,20300.7,13560.51,6740.19,Paid,Medicare
BILL_000376,P_02968,ADM_00376,2025-05-14,15566.42,11857.83,3708.59,Pending,Cash
BILL_000377,P_02473,ADM_00377,2025-05-06,10043.44,9174.78,868.66,Overdue,Credit Card
BILL_000378,P_02576,ADM_00378,2024-07-24,22500.72,15558.74,6941.98,Overdue,Commercial Insurance
BILL_000379,P_02576,ADM_00379,2024-08-08,8316.58,5585.47,2731.11,Paid,Direct Debit
BILL_000380,P_01891,ADM_00380,2024-05-18,9275.53,6976.01,2299.52,PAID,Direct Debit
BILL_000381,P_01553,ADM_00381,2024-09-24,7665.14,6171.97,1493.17,Paid,Cash
BILL_000382,P_02299,ADM_00382,2025-01-29,11174.5,7725.67,3448.83,Paid,Cash
BILL_000383,P_01247,ADM_00383,2024-08-11,5417.58,3692.36,1725.22,Paid,Commercial Insurance
BILL_000384,P_01497,ADM_00384,2024-04-20,8511.5,7452.28,1059.22,Paid,Credit Card
BILL_000385,P_01497,ADM_00385,2024-05-07,21828.97,17171.88,4657.09,Paid,Cash
BILL_000386,P_02564,ADM_00386,2024-04-25,18649.43,14845.65,3803.78,Paid,Credit Card
BILL_000387,P_00133,ADM_00387,2024-06-28,3086.18,2388.97,697.21,Paid,Credit Card
BILL_000388,P_00133,ADM_00388,2024-07-29,5336.1,4416.53,919.57,Paid,Cash
BILL_000389,P_00984,ADM_00389,2024-12-29,5153.58,4774.13,379.45,Paid,Medicare
BILL_000390,P_00408,ADM_00390,2024-09-17,14434.86,12262.59,2172.27,Paid,Commercial Insurance
BILL_000391,P_03207,ADM_00391,2025-03-13,13565.54,12615.62,949.92,Paid,Direct Debit
BILL_000392,P_01969,ADM_00392,2024-01-14,15085.63,13469.35,1616.28,Paid,Direct Debit
BILL_000393,P_00236,ADM_00393,2025-05-05,5342.43,4988.74,353.69,Paid,Medicare
BILL_000394,P_01316,ADM_00394,2024-12-05,5733.07,5077.1,655.97,Pending,Direct Debit
BILL_000395,P_00129,ADM_00395,2025-01-22,11155.91,7686.34,3469.57,Paid,Commercial Insurance
BILL_000396,P_02256,ADM_00396,2024-10-21,6614.25,6279.11,335.14,Paid,Cash
BILL_000397,P_00971,ADM_00397,2024-09-22,9247.92,7069.97,2177.95,Paid,Cash
BILL_000398,P_01605,ADM_00398,2024-01-11,8079.64,6862.67,1216.97,Paid,Medicare
BILL_000399,P_01019,ADM_00399,2024-04-30,16537.99,10991.29,5546.7,Paid,  Cash  
BILL_000400,P_01019,ADM_00400,2024-05-20,11362.08,9797.81,1564.27,PAID,Direct Debit
BILL_000401,P_01282,ADM_00401,2024-11-14,11138.9,10124.65,1014.25,Paid,Cash
BILL_000402,P_01282,ADM_00402,2024-12-16,18076.48,15302.04,2774.44,Paid,  Commercial Insurance  
BILL_000403,P_00436,ADM_00403,2024-10-19,6136.64,5523.8,612.84,Paid,Commercial Insurance
BILL_000404,P_01112,ADM_00404,2025-01-24,7841.55,6298.35,1543.2,Paid,medicare
BILL_000405,P_02840,ADM_00405,2024-07-10,18319.61,13371.65,4947.96,Paid,Commercial Insurance
BILL_000406,P_00643,ADM_00406,2024-06-23,5523.47,4689.55,833.92,Paid,Cash
BILL_000407,P_01656,ADM_00407,2024-01-09,8921.6,7541.84,1379.76,Pending,  Commercial Insurance  
BILL_000408,P_01656,ADM_00408,2024-01-23,6073.89,4962.6,1111.29,Paid,Medicare
BILL_000409,P_01525,ADM_00409,2025-01-25,21743.48,14181.08,7562.4,Paid,Cash
BILL_000410,P_00419,ADM_00410,2024-07-06,7309.05,6016.57,1292.48,Paid,
BILL_000411,P_03018,ADM_00411,2025-03-04,9557.87,7202.59,2355.28,PAID,Credit Card
BILL_000412,P_02577,ADM_00412,2025-02-04,8878.8,6402.85,2475.95,Paid,Direct Debit
BILL_000413,P_01380,ADM_00413,2024-08-04,13484.11,11884.44,1599.67,Paid,DIRECT DEBIT
BILL_000414,P_03481,ADM_00414,2024-04-26,11011.77,10311.26,700.51,Pending,Direct Debit
BILL_000415,P_01204,ADM_00415,2024-09-07,3261.52,2200.63,1060.89,Paid,Commercial Insurance
BILL_000416,P_01564,ADM_00416,2024-08-06,6976.59,5550.75,1425.84,Paid,Credit Card
BILL_000417,P_01564,ADM_00417,2024-09-10,11509.36,7837.64,3671.72,PAID,Medicare
BILL_000418,P_03320,ADM_00418,2024-06-07,8510.22,7999.21,511.01,Paid,
BILL_000419,P_03274,ADM_00419,2024-12-24,6912.7,4910.34,2002.36,Overdue,Medicare
BILL_000420,P_03426,ADM_00420,2024-04-12,11394.39,8394.53,2999.86,Pending,Credit Card
BILL_000421,P_00962,ADM_00421,2024-02-12,6164.89,4805.77,1359.12,Pending,Commercial Insurance
BILL_000422,P_00302,ADM_00422,2025-04-20,17903.94,13657.05,4246.89,Pending,Direct Debit
BILL_000423,P_02782,ADM_00423,2024-11-25,10407.83,8218.1,2189.73,Paid,Cash
BILL_000424,P_03228,ADM_00424,2024-11-10,10124.85,7374.1,2750.75,Paid,Commercial Insurance
BILL_000425,P_00027,ADM_00425,2024-02-20,12098.77,11020.58,1078.19,Paid,
BILL_000426,P_03228,ADM_00426,2025-03-24,2414.25,2015.83,398.42,Paid,Direct Debit
BILL_000427,P_03404,ADM_00427,2025-02-23,5954.34,4047.96,1906.38,  Pending  ,Credit Card
BILL_000428,P_03005,ADM_00428,2025-03-15,14811.35,11568.9,3242.45,Paid,Cash
BILL_000429,P_02455,ADM_00429,2025-04-02,6348.48,5501.57,846.91,Paid,Commercial Insurance
BILL_000430,P_02262,ADM_00430,2024-05-31,8597.8,6646.61,1951.19,Paid,
BILL_000431,P_00322,ADM_00431,2024-02-19,6479.94,4589.39,1890.55,Paid,Direct Debit
BILL_000432,P_00322,ADM_00432,2024-03-14,8386.58,7895.05,491.53,Overdue,Direct Debit
BILL_000433,P_00425,ADM_00433,2024-01-13,20044.23,17088.22,2956.01,Paid,Cash
BILL_000434,P_02857,ADM_00434,2024-03-27,10620.96,7771.44,2849.52,Paid,Commercial Insurance
BILL_000435,P_02406,ADM_00435,2024-06-12,9759.85,6856.01,2903.84,paid,Credit Card
BILL_000436,P_01697,ADM_00436,2024-10-23,6139.6,4044.04,2095.56,Pending,Cash
BILL_000437,P_01583,ADM_00437,2024-02-26,13185.54,8923.36,4262.18,Pending,DIRECT DEBIT
BILL_000438,P_02157,ADM_00438,2024-02-13,11638.8,10015.7,1623.1,Paid,Direct Debit
BILL_000439,P_03125,ADM_00439,2024-05-22,5919.49,4666.41,1253.08,Paid,Medicare
BILL_000440,P_00625,ADM_00440,2024-06-20,9948.59,7438.17,2510.42,Paid,Medicare
BILL_000441,P_03239,ADM_00441,2024-08-31,27163.14,23496.27,3666.87,Paid,commercial insurance
BILL_000442,P_01843,ADM_00442,2024-05-18,12672.74,11160.22,1512.52,Pending,Medicare
BILL_000443,P_01843,ADM_00443,2024-11-08,5808.12,4816.01,992.11,Paid,Medicare
BILL_000444,P_01611,ADM_00444,2024-06-02,8709.16,6653.65,2055.51,Pending,Direct Debit
BILL_000445,P_01231,ADM_00445,2024-01-05,6909.86,6343.39,566.47,Paid,Credit Card
BILL_000446,P_01748,ADM_00446,2024-07-02,8813.76,8242.88,570.88,Paid,Cash
BILL_000447,P_02280,ADM_00447,2024-07-03,14522.5,11922.91,2599.59,Paid,Credit Card
BILL_000448,P_00359,ADM_00448,2024-02-17,14794.44,11295.16,3499.28,Paid,Commercial Insurance
BILL_000449,P_02638,ADM_00449,2024-06-06,12100.44,9663.74,2436.7,Pending,Cash
BILL_000450,P_00926,ADM_00450,2024-01-27,12929.47,8456.14,4473.33,Paid,Commercial Insurance
BILL_000451,P_00926,ADM_00451,2024-02-16,14341.4,11959.23,2382.17,Pending,Credit Card
BILL_000452,P_02135,ADM_00452,2024-08-31,14382.04,10139.87,4242.17,Paid,Commercial Insurance
BILL_000453,P_03174,ADM_00453,2025-02-26,10996.65,7235.56,3761.09,Paid,Direct Debit
BILL_000454,P_02117,ADM_00454,2024-08-29,5692.32,4602.78,1089.54,Paid,  Credit Card  
BILL_000455,P_03311,ADM_00455,2024-01-21,12072.27,8529.37,3542.9,Paid,Cash
BILL_000456,P_03269,ADM_00456,2024-01-07,7606.59,6882.99,723.6,Paid,Direct Debit
BILL_000457,P_03135,ADM_00457,2024-12-06,11251.03,7568.86,3682.17,Paid,Commercial Insurance
BILL_000458,P_02440,ADM_00458,2025-02-25,11683.53,10916.5,767.03,Paid,Cash
BILL_000459,P_01820,ADM_00459,2024-02-25,6112.5,4064.54,2047.96,Paid,Medicare
BILL_000460,P_00437,ADM_00460,2024-12-30,8235.16,5496.26,2738.9,Paid,Direct Debit
BILL_000461,P_00437,ADM_00461,2025-01-07,8173.35,5347.83,2825.52,Paid,Commercial Insurance
BILL_000462,P_00381,ADM_00462,2024-06-03,17176.1,11441.2,5734.9,Paid,Direct Debit
BILL_000463,P_00381,ADM_00463,2024-06-28,6489.18,5547.85,941.33,Overdue,Commercial Insurance
BILL_000464,P_01834,ADM_00464,2024-05-05,20681.29,17207.33,3473.96,Paid,  Medicare  
BILL_000465,P_01242,ADM_00465,2025-01-13,9677.8,7929.99,1747.81,Paid,Medicare
BILL_000466,P_01242,ADM_00466,2025-01-28,10975.0,9872.57,1102.43,Paid,Credit Card
BILL_000467,P_02325,ADM_00467,2024-09-09,17077.21,12225.96,4851.25,Paid,Cash
BILL_000468,P_02978,ADM_00468,2024-07-08,7431.92,5002.63,2429.29,Paid,Commercial Insurance
BILL_000469,P_03102,ADM_00469,2024-06-16,12325.68,11297.89,1027.79,Pending,Credit Card
BILL_000470,P_00738,ADM_00470,2024-11-19,8217.47,7272.29,945.18,Paid,Cash
BILL_000471,P_01581,ADM_00471,2025-05-14,12408.93,11585.38,823.55,Paid,Credit Card
BILL_000472,P_01870,ADM_00472,2024-02-27,8328.58,6912.01,1416.57,Paid,Commercial Insurance
BILL_000473,P_01243,ADM_00473,2024-12-30,21062.34,17533.89,3528.45,Paid,Cash
BILL_000474,P_02940,ADM_00474,2025-04-24,8401.33,6126.87,2274.46,Paid,Cash
BILL_000475,P_02940,ADM_00475,2025-05-13,10057.45,9503.27,554.18,Paid,Commercial Insurance
BILL_000476,P_02155,ADM_00476,2025-03-18,7141.7,4785.54,2356.16,Paid,Credit Card
BILL_000477,P_02547,ADM_00477,2025-03-22,9245.25,8291.67,953.58,Paid,Medicare
BILL_000478,P_01857,ADM_00478,2024-05-17,10130.36,7553.59,2576.77,Paid,Credit Card
BILL_000479,P_00989,ADM_00479,2024-10-27,10006.91,7264.57,2742.34,Paid,Direct Debit
BILL_000480,P_01973,ADM_00480,2024-07-25,13764.77,10470.14,3294.63,Paid,Medicare
BILL_000481,P_01497,ADM_00481,2024-10-17,11159.43,9560.3,1599.13,Paid,Medicare
BILL_000482,P_01895,ADM_00482,2024-03-07,5109.25,3496.83,1612.42,Paid,Commercial Insurance
BILL_000483,P_00559,ADM_00483,2024-01-19,9975.31,7936.72,2038.59,Paid,Commercial Insurance
BILL_000484,P_00559,ADM_00484,2024-02-09,17600.08,13951.47,3648.61,PAID,Medicare
BILL_000485,P_01078,ADM_00485,2024-06-09,15652.95,10304.85,5348.1,Paid,Cash
BILL_000486,P_02843,ADM_00486,2024-08-20,8491.49,7584.51,906.98,Paid,Medicare
BILL_000487,P_02574,ADM_00487,2024-07-06,7823.19,6621.08,1202.11,Paid,Medicare
BILL_000488,P_02455,ADM_00488,2024-05-11,5524.33,3656.02,1868.31,Paid,Credit Card
BILL_000489,P_00406,ADM_00489,2024-07-29,17817.53,15553.99,2263.54,Paid,Cash
BILL_000490,P_00619,ADM_00490,2024/06/22 00:00:00,12210.81,11570.44,640.37,Paid,
BILL_000491,P_00225,ADM_00491,2024-01-16,5929.39,5250.62,678.77,Paid,Direct Debit
BILL_000492,P_00225,ADM_00492,2024-02-14,12074.56,11435.89,638.67,Paid,Direct Debit
BILL_000493,P_03211,ADM_00493,2024-12-13,11540.27,8781.3,2758.97,Paid,Commercial Insurance
BILL_000494,P_01339,ADM_00494,2024-02-17,22298.33,16889.16,5409.17,Paid,Medicare
BILL_000495,P_01339,ADM_00495,2024-03-13,29068.42,19108.74,9959.68,Paid,Cash
BILL_000496,P_01034,ADM_00496,2024-11-19,8278.98,7250.35,1028.63,Paid,Medicare
BILL_000497,P_00947,ADM_00497,2024-01-29,6750.92,4965.04,1785.88,Paid,Commercial Insurance
BILL_000498,P_02684,ADM_00498,10/03/2024,13148.96,9799.66,3349.3,Pending,  Direct Debit  
BILL_000499,P_03409,ADM_00499,2024-11-20,12114.81,8589.08,3525.73,Paid,Commercial Insurance
BILL_000500,P_02904,ADM_00500,2025-03-16,9525.88,6460.11,3065.77,Paid,Commercial Insurance
BILL_000501,P_00894,ADM_00501,2024-02-04,7970.07,6888.82,1081.25,Overdue,Cash
BILL_000502,P_02023,ADM_00502,2025/05/04 00:00:00,9611.08,8045.44,1565.64,Paid,Medicare
BILL_000503,P_01487,ADM_00503,2025-01-17,27903.67,23907.87,3995.8,Paid,Credit Card
BILL_000504,P_00295,ADM_00504,2024-10-10,7863.25,6321.51,1541.74,Paid,cash
BILL_000505,P_00295,ADM_00505,2024-10-22,12214.51,11462.64,751.87,Pending,Commercial Insurance
BILL_000506,P_02979,ADM_00506,2025-03-10,25471.05,21155.13,4315.92,Overdue,Credit Card
BILL_000507,P_02614,ADM_00507,2025-03-03,7673.58,5004.55,2669.03,Paid,Credit Card
BILL_000508,P_02828,ADM_00508,2024-11-13,14642.51,11385.08,3257.43,Pending,Direct Debit
BILL_000509,P_02563,ADM_00509,2024-11-09,21612.53,20418.06,1194.47,Pending,Credit Card
BILL_000510,P_01122,ADM_00510,2025-03-10,10481.03,8602.4,1878.63,Paid,
BILL_000511,P_02730,ADM_00511,2025-01-08,16224.95,12123.49,4101.46,Paid,Medicare
BILL_000512,P_01407,ADM_00512,2025-02-14,15370.1,10872.72,4497.38,  Paid  ,Medicare
BILL_000513,P_01407,ADM_00513,2025-03-09,14762.61,9695.81,5066.8,Paid,Commercial Insurance
BILL_000514,P_01861,ADM_00514,2024-04-08,15388.83,10293.5,5095.33,Paid,Cash
BILL_000515,P_02389,ADM_00515,2024-11-11,16089.87,14134.98,1954.89,Paid,Medicare
BILL_000516,P_00764,ADM_00516,2024-04-08,7177.68,4917.54,2260.14,Paid,Cash
BILL_000517,P_01058,ADM_00517,2024-12-21,13358.91,9676.35,3682.56,Pending,Commercial Insurance
BILL_000518,P_03060,ADM_00518,2025-02-01,13182.36,8942.83,4239.53,Pending,Medicare
BILL_000519,P_00463,ADM_00519,2024-02-12,7527.46,6565.87,961.59,Paid,Direct Debit
BILL_000520,P_00190,ADM_00520,2024-05-16,8319.19,6617.56,1701.63,Paid,Commercial Insurance
BILL_000521,P_01313,ADM_00521,2024-09-17,9959.33,6513.41,3445.92,Paid,Credit Card
BILL_000522,P_02878,ADM_00522,2024-11-06,12387.76,8715.8,3671.96,Paid,Commercial Insurance
BILL_000523,P_03158,ADM_00523,2025-01-04,20966.68,16296.35,4670.33,Paid,Credit Card
BILL_000524,P_01962,ADM_00524,2024-02-01,9716.72,6663.49,3053.23,Pending,Direct Debit
BILL_000525,P_02819,ADM_00525,2024-01-19,23477.89,21016.76,2461.13,Paid,Credit Card
BILL_000526,P_00965,ADM_00526,2024-04-02,14458.11,13559.21,898.9,Paid,  Cash  
BILL_000527,P_01626,ADM_00527,2025-01-11,11439.12,7449.74,3989.38,Paid,Commercial Insurance
BILL_000528,P_02084,ADM_00528,2024-02-11,6854.65,6099.87,754.78,Paid,Medicare
BILL_000529,P_02084,ADM_00529,2024-03-13,12071.61,7913.43,4158.18,Paid,Medicare
BILL_000530,P_02415,ADM_00530,2025-05-07,11142.43,7495.56,3646.87,Paid,credit card
BILL_000531,P_01866,ADM_00531,2024-04-13,6902.76,5451.0,1451.76,Pending,Direct Debit
BILL_000532,P_01294,ADM_00532,2024-02-07,7003.61,5580.72,1422.89,Paid,Medicare
BILL_000533,P_01044,ADM_00533,2024-05-22,13075.89,11843.7,1232.19,Pending,  Direct Debit  
BILL_000534,P_02767,ADM_00534,2024/07/29 00:00:00,23732.65,21282.83,2449.82,Paid,COMMERCIAL INSURANCE
BILL_000535,P_02911,ADM_00535,2024-08-09,6472.16,5499.63,972.53,Paid,Direct Debit
BILL_000536,P_02675,ADM_00536,2025-03-19,4526.67,3317.71,1208.96,Pending,Medicare
BILL_000537,P_02276,ADM_00537,2025/01/09 00:00:00,4139.05,2913.23,1225.82,paid,Direct Debit
BILL_000538,P_03263,ADM_00538,2024-10-07,4839.18,3162.54,1676.64,paid,Medicare
BILL_000539,P_00132,ADM_00539,2024-12-30,9121.47,6011.24,3110.23,Overdue,Credit Card
BILL_000540,P_01036,ADM_00540,2024-03-14,5930.78,4071.54,1859.24,Paid,Cash
BILL_000541,P_03435,ADM_00541,2025-02-20,12771.79,11480.04,1291.75,Paid,Direct Debit
BILL_000542,P_02934,ADM_00542,2024-10-01,10104.89,8770.54,1334.35,Paid,Medicare
BILL_000543,P_00941,ADM_00543,2024-07-03,9758.3,9040.01,718.29,Paid,Commercial Insurance
BILL_000544,P_00612,ADM_00544,2024-01-05,8339.65,6004.09,2335.56,PAID,Direct Debit
BILL_000545,P_01840,ADM_00545,2024-10-12,7367.4,5387.23,1980.17,PAID,Direct Debit
BILL_000546,P_03399,ADM_00546,2024-08-16,7711.26,5259.53,2451.73,Paid,Credit Card
BILL_000547,P_02860,ADM_00547,2025-01-27,3852.61,3551.18,301.43,Pending,Cash
BILL_000548,P_00272,ADM_00548,2024-11-24,12452.74,9024.35,3428.39,Paid,Commercial Insurance
BILL_000549,P_00375,ADM_00549,2024-01-15,8753.43,7213.64,1539.79,Paid,Cash
BILL_000550,P_02103,ADM_00550,2024-11-18,9878.38,9307.31,571.07,Paid,  Cash  
BILL_000551,P_02909,ADM_00551,2024-03-12,13172.75,10643.61,2529.14,Paid,Credit Card
BILL_000552,P_00196,ADM_00552,2024-04-26,18602.71,13312.51,5290.2,Paid,Commercial Insurance
BILL_000553,P_00529,ADM_00553,2024-06-18,11892.25,8343.09,3549.16,Paid,Direct Debit
BILL_000554,P_00946,ADM_00554,2025-01-03,11391.04,9557.24,1833.8,Overdue,Cash
BILL_000555,P_00584,ADM_00555,2024-04-14,8347.2,6482.26,1864.94,Pending,Direct Debit
BILL_000556,P_02353,ADM_00556,2024-08-21,22182.71,14484.29,7698.42,Paid,
BILL_000557,P_02353,ADM_00557,2024-09-19,12437.13,10399.6,2037.53,Paid,Commercial Insurance
BILL_000558,P_01703,ADM_00558,2024-04-26,7231.17,4874.34,2356.83,Paid,Cash
BILL_000559,P_01747,ADM_00559,2024-07-20,7355.56,5890.87,1464.69,Paid,Credit Card
BILL_000560,P_01747,ADM_00560,08/01/2024,6080.23,5103.4,976.83,Paid,Credit Card
BILL_000561,P_00006,ADM_00561,2024-07-13,5343.2,4126.59,1216.61,Paid,UNKNOWN_VAL
BILL_000562,P_00078,ADM_00562,2024-02-21,2837.9,2222.57,615.33,Paid,Commercial Insurance
BILL_000563,P_00078,ADM_00563,2024-03-25,16166.96,11425.76,4741.2,Pending,Medicare
BILL_000564,P_01178,ADM_00564,2025-02-13,13868.7,11602.29,2266.41,Paid,Medicare
BILL_000565,P_01178,ADM_00565,2025-03-12,7065.39,5938.74,1126.65,Paid,CASH
BILL_000566,P_02007,ADM_00566,2024-06-06,8486.36,7212.75,1273.61,Paid,Cash
BILL_000567,P_02840,ADM_00567,2024-09-25,11383.8,9156.18,2227.62,Paid,Credit Card
BILL_000568,P_00488,ADM_00568,2024-01-06,4230.54,2771.14,1459.4,Overdue,Credit Card
BILL_000569,P_01671,ADM_00569,2024-10-24,9541.24,7929.1,1612.14,Overdue,credit card
BILL_000570,P_02945,ADM_00570,2024-03-08,12147.73,11428.1,719.63,Pending,Medicare
BILL_000571,P_01526,ADM_00571,2024-12-27,10736.84,8392.45,2344.39,Paid,Credit Card
BILL_000572,P_03249,ADM_00572,2025-04-26,4876.81,3203.04,1673.77,Paid,
BILL_000573,P_03249,ADM_00573,2025-05-17,9160.0,8315.66,844.34,Paid,Medicare
BILL_000574,P_01823,ADM_00574,2024-05-04,7954.33,6528.12,1426.21,Paid,Commercial Insurance
BILL_000575,P_02865,ADM_00575,2024-09-14,6005.61,4871.43,1134.18,Paid,Credit Card
BILL_000576,P_03057,ADM_00576,2024-11-07,9719.21,6601.8,3117.41,Pending,Cash
BILL_000577,P_00475,ADM_00577,2025-02-10,17818.48,15728.82,2089.66,Paid,Commercial Insurance
BILL_000578,P_02810,ADM_00578,2025-03-10,12820.98,10044.34,2776.64,Pending,Cash
BILL_000579,P_02262,ADM_00579,2024-04-05,9169.76,7961.68,1208.08,Paid,Direct Debit
BILL_000580,P_01132,ADM_00580,2024-10-30,7573.65,5278.56,2295.09,Pending,
BILL_000581,P_01470,ADM_00581,2025-04-08,12490.54,9855.18,2635.36,Paid,Credit Card
BILL_000582,P_02429,ADM_00582,2024-03-07,14303.99,13056.02,1247.97,Pending,Credit Card
BILL_000583,P_03480,ADM_00583,2025-03-08,14267.13,10141.08,4126.05,Paid,Credit Card
BILL_000584,P_03480,ADM_00584,2025-04-09,18095.05,12154.46,5940.59,Pending,Cash
BILL_000585,P_02835,ADM_00585,2024-12-14,18758.4,16647.92,2110.48,Paid,Cash
BILL_000586,P_00186,ADM_00586,2025-01-17,11528.21,10036.52,1491.69,Overdue,Cash
BILL_000587,P_01316,ADM_00587,2024-09-13,7880.71,5749.39,2131.32,Paid,Direct Debit
BILL_000588,P_00439,ADM_00588,2025-02-09,6275.55,5860.92,414.63,PAID,Direct Debit
BILL_000589,P_00916,ADM_00589,2025-01-03,16447.21,12924.36,3522.85,Pending,Credit Card
BILL_000590,P_01812,ADM_00590,2024-06-18,7881.31,5362.82,2518.49,Paid,Credit Card
BILL_000591,P_01594,ADM_00591,2024-10-18,24857.06,23387.27,1469.79,Paid,Medicare
BILL_000592,P_02174,ADM_00592,2024-08-31,11401.04,10573.97,827.07,Overdue,Direct Debit
BILL_000593,P_00447,ADM_00593,2024-12-08,8663.9,6687.54,1976.36,Paid,cash
BILL_000594,P_03181,ADM_00594,2024-04-18,8408.44,6323.14,2085.3,Paid,Medicare
BILL_000595,P_01540,ADM_00595,2024-01-08,7639.68,5720.96,1918.72,paid,Commercial Insurance
BILL_000596,P_01773,ADM_00596,2024-03-09,5183.51,3467.55,1715.96,Paid,Commercial Insurance
BILL_000597,P_01773,ADM_00597,2024-04-05,13490.02,10375.52,3114.5,Paid,Medicare
BILL_000598,P_00931,ADM_00598,2024-12-27,22889.02,15840.24,7048.78,Paid,Commercial Insurance
BILL_000599,P_00434,ADM_00599,2025-01-22,11272.8,8122.02,3150.78,Paid,Credit Card
BILL_000600,P_03093,ADM_00600,2024-10-30,20535.36,13385.69,7149.67,Paid,Commercial Insurance
BILL_000601,P_01911,ADM_00601,2024-11-28,20093.24,17033.02,3060.22,Paid,Credit Card
BILL_000602,P_03208,ADM_00602,2024-04-22,6801.11,4783.2,2017.91,Paid,UNKNOWN_VAL
BILL_000603,P_02127,ADM_00603,2025-04-02,16726.26,13598.24,3128.02,Paid,Credit Card
BILL_000604,P_02633,ADM_00604,2025-03-18,4538.47,3151.66,1386.81,Paid,Commercial Insurance
BILL_000605,P_02633,ADM_00605,2025-04-26,19988.06,13535.95,6452.11,Paid,Cash
BILL_000606,P_01058,ADM_00606,2025-05-20,15173.31,13395.14,1778.17,Paid,Direct Debit
BILL_000607,P_01058,ADM_00607,2025-06-18,13638.26,9469.28,4168.98,Pending,Medicare
BILL_000608,P_02643,ADM_00608,2024-09-02,11242.52,10272.72,969.8,Paid,Medicare
BILL_000609,P_02643,ADM_00609,2024-09-30,15468.21,11474.08,3994.13,Paid,Cash
BILL_000610,P_03207,ADM_00610,2025-02-12,20491.85,17809.34,2682.51,Paid,Credit Card
BILL_000611,P_02632,ADM_00611,2025/03/28 00:00:00,15483.93,12766.1,2717.83,paid,Commercial Insurance
BILL_000612,P_01851,ADM_00612,2024-10-25,3773.37,3094.26,679.11,Paid,Direct Debit
BILL_000613,P_00555,ADM_00613,2024-11-27,6707.45,4547.65,2159.8,Paid,Cash
BILL_000614,P_00952,ADM_00614,2025-01-30,5394.67,4596.82,797.85,Paid,Credit Card
BILL_000615,P_00447,ADM_00615,2024-01-18,4351.04,3238.52,1112.52,Paid,Medicare
BILL_000616,P_01397,ADM_00616,2024-12-07,16355.18,12014.18,4341.0,Pending,Medicare
BILL_000617,P_02113,ADM_00617,2025-05-07,9957.34,6504.1,3453.24,Paid,Direct Debit
BILL_000618,P_03035,ADM_00618,2024-08-30,9725.72,9007.7,718.02,Paid,Cash
BILL_000619,P_01491,ADM_00619,2025-03-18,13564.06,9555.97,4008.09,Paid,Commercial Insurance
BILL_000620,P_02753,ADM_00620,2024-06-19,4962.96,3432.5,1530.46,Paid,credit card
BILL_000621,P_00296,ADM_00621,2024-09-03,5605.99,4941.09,664.9,Paid,Direct Debit
BILL_000622,P_01256,ADM_00622,2024-09-11,11306.9,10090.11,1216.79,Paid,Medicare
BILL_000623,P_02672,ADM_00623,20-02-2025,5620.05,4336.74,1283.31,Pending,Commercial Insurance
BILL_000624,P_01589,ADM_00624,2025-03-30,8970.9,6484.62,2486.28,Pending,Medicare
BILL_000625,P_01296,ADM_00625,2024-11-28,6849.55,6141.74,707.81,Paid,Medicare
BILL_000626,P_00893,ADM_00626,2024-11-06,23671.22,21301.9,2369.32,Pending,Commercial Insurance
BILL_000627,P_02915,ADM_00627,2024-06-21,19417.5,16944.05,2473.45,Paid,Credit Card
BILL_000628,P_01675,ADM_00628,2024-11-01,12274.1,8680.62,3593.48,Paid,Credit Card
BILL_000629,P_01365,ADM_00629,2025-01-11,9288.34,6761.54,2526.8,Paid,Cash
BILL_000630,P_00567,ADM_00630,2024-06-14,9218.21,6327.51,2890.7,Paid,Commercial Insurance
BILL_000631,P_02912,ADM_00631,2025-02-25,11895.29,10430.57,1464.72,  Paid  ,Credit Card
BILL_000632,P_02912,ADM_00632,2025-03-28,8255.86,6638.21,1617.65,Pending,
BILL_000633,P_00772,ADM_00633,2025-05-17,14501.25,10893.1,3608.15,Pending,Credit Card
BILL_000634,P_00307,ADM_00634,2024-08-10,11324.12,8175.24,3148.88,Paid,Direct Debit
BILL_000635,P_02397,ADM_00635,2025-01-10,26338.98,17455.23,8883.75,Paid,commercial insurance
BILL_000636,P_01850,ADM_00636,2025-04-16,8048.77,6095.31,1953.46,Overdue,  Credit Card  
BILL_000637,P_00466,ADM_00637,2024-05-16,15260.57,12069.22,3191.35,Paid,
BILL_000638,P_01088,ADM_00638,2024/10/17 00:00:00,4622.69,3265.21,1357.48,Paid,Credit Card
BILL_000639,P_00456,ADM_00639,2024-02-28,6668.85,5926.41,742.44,Pending,Direct Debit
BILL_000640,P_02446,ADM_00640,2025-05-15,15952.42,10713.75,5238.67,Paid,Direct Debit
BILL_000641,P_03096,ADM_00641,2025-03-14,9567.17,6283.56,3283.61,Pending,Medicare
BILL_000642,P_01660,ADM_00642,2025-04-14,14398.8,11449.71,2949.09,Paid,Medicare
BILL_000643,P_02217,ADM_00643,2024-12-15,28059.99,25620.39,2439.6,Overdue,Commercial Insurance
BILL_000644,P_01213,ADM_00644,2024-08-06,6896.11,6343.26,552.85,Paid,Commercial Insurance
BILL_000645,P_00018,ADM_00645,2024-07-16,18143.58,15235.26,2908.32,Paid,DIRECT DEBIT
BILL_000646,P_02379,ADM_00646,2024-02-04,12605.82,10164.71,2441.11,Paid,Medicare
BILL_000647,P_01364,ADM_00647,2024-01-14,13572.61,8891.36,4681.25,Paid,Direct Debit
BILL_000648,P_02482,ADM_00648,2025-04-19,7133.1,5128.88,2004.22,Paid,Cash
BILL_000649,P_02000,ADM_00649,2025-03-19,11418.83,8588.9,2829.93,Paid,Commercial Insurance
BILL_000650,P_00253,ADM_00650,2024-12-18,13282.77,10973.51,2309.26,Pending,Medicare
BILL_000651,P_00729,ADM_00651,2024-08-02,22367.5,19344.26,3023.24,Paid,CREDIT CARD
BILL_000652,P_01738,ADM_00652,2024-01-15,12521.86,11596.32,925.54,Paid,Cash
BILL_000653,P_00255,ADM_00653,2024-08-23,16807.08,14122.96,2684.12,Paid,Direct Debit
BILL_000654,P_01641,ADM_00654,2024-08-24,6405.89,5049.72,1356.17,Paid,Credit Card
BILL_000655,P_01894,ADM_00655,2025-04-18,6491.89,5008.63,1483.26,Paid,Commercial Insurance
BILL_000656,P_00442,ADM_00656,2024-01-29,15695.56,10753.24,4942.32,Paid,Commercial Insurance
BILL_000657,P_01036,ADM_00657,2024-11-13,6288.21,5728.2,560.01,Pending,Commercial Insurance
BILL_000658,P_00671,ADM_00658,2024-07-19,8334.0,7185.33,1148.67,Pending,Medicare
BILL_000659,P_00794,ADM_00659,31-01-2025,19181.02,14186.33,4994.69,Paid,Cash
BILL_000660,P_02602,ADM_00660,2025-01-17,5354.09,3938.05,1416.04,PAID,Commercial Insurance
BILL_000661,P_03208,ADM_00661,2024-03-19,3965.0,3019.55,945.45,Paid,Direct Debit
BILL_000662,P_00102,ADM_00662,2024-02-15,4283.72,2833.91,1449.81,Paid,Commercial Insurance
BILL_000663,P_00228,ADM_00663,2024-03-15,23678.81,17017.45,6661.36,Paid,  Direct Debit  
BILL_000664,P_00228,ADM_00664,2024-04-20,22567.58,14879.29,7688.29,Paid,Commercial Insurance
BILL_000665,P_00745,ADM_00665,2025-02-10,16680.81,13424.96,3255.85,paid,Direct Debit
BILL_000666,P_01328,ADM_00666,2025-01-15,9350.9,7074.66,2276.24,Paid,Medicare
BILL_000667,P_01328,ADM_00667,2025-02-07,4880.84,4254.33,626.51,Paid,Commercial Insurance
BILL_000668,P_00596,ADM_00668,2024-07-25,5425.3,5141.58,283.72,Paid,Direct Debit
BILL_000669,P_02124,ADM_00669,2025-05-15,15942.61,12588.01,3354.6,Paid,Cash
BILL_000670,P_02364,ADM_00670,2024-02-03,12871.17,11843.44,1027.73,Paid,Medicare
BILL_000671,P_01717,ADM_00671,2024-09-21,10679.49,8943.95,1735.54,Paid,Medicare
BILL_000672,P_01109,ADM_00672,2024-08-02,8491.51,6386.73,2104.78,Paid,COMMERCIAL INSURANCE
BILL_000673,P_02837,ADM_00673,2024-11-30,7464.35,6429.85,1034.5,Pending,Cash
BILL_000674,P_01803,ADM_00674,2024-12-25,8112.44,5675.84,2436.6,Paid,Credit Card
BILL_000675,P_00725,ADM_00675,2024-08-27,4715.27,3750.28,964.99,Paid,Direct Debit
BILL_000676,P_01027,ADM_00676,2024-09-12,4064.9,3338.41,726.49,Paid,Direct Debit
BILL_000677,P_01809,ADM_00677,2025-02-25,18177.25,12029.59,6147.66,Paid,Commercial Insurance
BILL_000678,P_01303,ADM_00678,2024-08-29,4897.69,3942.67,955.02,Pending,Commercial Insurance
BILL_000679,P_00354,ADM_00679,2025-04-11,4692.16,3753.51,938.65,Paid,Medicare
BILL_000680,P_00628,ADM_00680,2024-06-09,10477.21,8078.22,2398.99,Paid,Credit Card
BILL_000681,P_02453,ADM_00681,2024-09-24,9388.55,8898.86,489.69,Paid,Commercial Insurance
BILL_000682,P_02815,ADM_00682,2024-12-30,4430.91,4044.64,386.27,Paid,Medicare
BILL_000683,P_01793,ADM_00683,03-01-2024,4785.23,3647.22,1138.01,Paid,Cash
BILL_000684,P_02644,ADM_00684,2025-05-03,15693.6,13647.07,2046.53,Pending,  Credit Card  
BILL_000685,P_02938,ADM_00685,2024-10-09,9212.89,6840.89,2372.0,Paid,Medicare
BILL_000686,P_02827,ADM_00686,2024-07-21,22190.97,16786.79,5404.18,Paid,Direct Debit
BILL_000687,P_02365,ADM_00687,2024-11-26,9510.62,8238.35,1272.27,Paid,Cash
BILL_000688,P_02365,ADM_00688,2024-12-10,12496.69,9626.25,2870.44,Paid,Commercial Insurance
BILL_000689,P_00714,ADM_00689,2024-03-12,8414.64,5972.79,2441.85,Overdue,Direct Debit
BILL_000690,P_02754,ADM_00690,2024-02-15,6602.69,6198.73,403.96,Paid,Credit Card
BILL_000691,P_02754,ADM_00691,2024-02-23,7064.17,6126.71,937.46,Paid,  Cash  
BILL_000692,P_02279,ADM_00692,2024-10-14,6751.69,4830.23,1921.46,Paid,Medicare
BILL_000693,P_02878,ADM_00693,2024-09-02,8117.98,6449.6,1668.38,Paid,Credit Card
BILL_000694,P_02807,ADM_00694,2024-09-13,16197.95,13438.94,2759.01,Paid,Credit Card
BILL_000695,P_00162,ADM_00695,2024-08-30,8065.41,6266.22,1799.19,Paid,CASH
BILL_000696,P_01931,ADM_00696,2024-02-11,18873.21,14002.12,4871.09,Paid,Commercial Insurance
BILL_000697,P_02245,ADM_00697,07/15/2024,11487.66,9793.86,1693.8,PAID,Direct Debit
BILL_000698,P_02865,ADM_00698,2024-12-03,15748.34,10403.39,5344.95,  Paid  ,Cash
BILL_000699,P_00220,ADM_00699,2025-05-18,11027.99,7618.35,3409.64,Pending,Direct Debit
BILL_000700,P_02338,ADM_00700,2024-01-31,7930.46,6339.01,1591.45,Paid,Credit Card
BILL_000701,P_02338,ADM_00701,2024-03-02,7847.18,5955.81,1891.37,Pending,Medicare
BILL_000702,P_00116,ADM_00702,2024-01-09,5428.12,4708.95,719.17,Paid,Direct Debit
BILL_000703,P_01184,ADM_00703,2024-09-02,6265.46,5241.6,1023.86,Pending,Cash
BILL_000704,P_00941,ADM_00704,2024-04-09,20775.07,15896.77,4878.3,Paid,Medicare
BILL_000705,P_00706,ADM_00705,2025-04-12,10913.56,10258.29,655.27,Pending,DIRECT DEBIT
BILL_000706,P_03239,ADM_00706,2024-09-09,15201.89,13957.75,1244.14,Paid,Commercial Insurance
BILL_000707,P_02679,ADM_00707,2024-11-26,6504.7,4231.56,2273.14,Paid,Credit Card
BILL_000708,P_02438,ADM_00708,2025-01-20,6694.05,5206.75,1487.3,Paid,Medicare
BILL_000709,P_02438,ADM_00709,2025-02-10,10356.33,8300.44,2055.89,Paid,Direct Debit
BILL_000710,P_02778,ADM_00710,2025-01-28,8423.58,6140.83,2282.75,Paid,Direct Debit
BILL_000711,P_00231,ADM_00711,2024-02-17,9305.07,8666.41,638.66,Paid,  Credit Card  
BILL_000712,P_02945,ADM_00712,2024-08-15,4518.66,3921.14,597.52,  Pending  ,Direct Debit
BILL_000713,P_02786,ADM_00713,2024-02-18,3509.69,2493.21,1016.48,Paid,Cash
BILL_000714,P_01879,ADM_00714,2025-02-01,8552.08,6567.94,1984.14,Paid,Credit Card
BILL_000715,P_03262,ADM_00715,2025-01-24,16748.02,14174.9,2573.12,Paid,Credit Card
BILL_000716,P_01833,ADM_00716,2024-10-06,15135.6,13866.22,1269.38,Overdue,
BILL_000717,P_03143,ADM_00717,2025-03-10,12970.2,8738.54,4231.66,Paid,Commercial Insurance
BILL_000718,P_00363,ADM_00718,2024-06-08,10750.82,7311.39,3439.43,Paid,Cash
BILL_000719,P_02134,ADM_00719,2024-11-16,8838.49,8360.42,478.07,Paid,Medicare
BILL_000720,P_01127,ADM_00720,2024-10-30,6756.36,4960.54,1795.82,Pending,Commercial Insurance
BILL_000721,P_03357,ADM_00721,2024-09-17,8907.88,7151.91,1755.97,Paid,medicare
BILL_000722,P_02761,ADM_00722,2024-08-23,12459.61,9125.76,3333.85,Paid,Medicare
BILL_000723,P_02529,ADM_00723,2024-10-14,5743.09,4907.04,836.05,Paid,Credit Card
BILL_000724,P_03133,ADM_00724,2024-06-15,9776.68,7458.31,2318.37,Paid,MEDICARE
BILL_000725,P_03133,ADM_00725,2024-07-02,15536.54,10971.05,4565.49,  Pending  ,Direct Debit
BILL_000726,P_02833,ADM_00726,2025-04-16,7783.23,5829.14,1954.09,Paid,Direct Debit
BILL_000727,P_00291,ADM_00727,2024-05-13,12934.42,10009.36,2925.06,Paid,credit card
BILL_000728,P_02498,ADM_00728,2024-12-12,8639.02,7989.76,649.26,Paid,Cash
BILL_000729,P_03353,ADM_00729,2024-02-15,11426.88,8731.32,2695.56,Paid,UNKNOWN_VAL
BILL_000730,P_00483,ADM_00730,2024-12-13,13537.98,11827.13,1710.85,Paid,Cash
BILL_000731,P_02963,ADM_00731,2024-12-02,7215.69,5302.04,1913.65,Paid,Credit Card
BILL_000732,P_02963,ADM_00732,2025-01-01,4585.33,4264.93,320.4,Paid,Commercial Insurance
BILL_000733,P_00640,ADM_00733,2024-12-03,2450.99,1904.26,546.73,Paid,Direct Debit
BILL_000734,P_02524,ADM_00734,2024-12-11,13216.75,12251.45,965.3,Paid,
BILL_000735,P_01360,ADM_00735,2024-10-12,8396.48,6362.19,2034.29,Paid,Cash
BILL_000736,P_01984,ADM_00736,2025-04-01,29257.86,24862.73,4395.13,Paid,Cash
BILL_000737,P_00264,ADM_00737,2024-09-02,8047.68,7439.25,608.43,Pending,Cash
BILL_000738,P_02212,ADM_00738,2024-08-20,8496.85,7054.84,1442.01,Paid,Commercial Insurance
BILL_000739,P_02392,ADM_00739,2025-04-28,12785.54,11364.76,1420.78,  Paid  ,Credit Card
BILL_000740,P_02244,ADM_00740,12/20/2024,12874.25,10625.54,2248.71,Paid,Commercial Insurance
BILL_000741,P_02244,ADM_00741,2025-01-11,11451.71,8029.5,3422.21,Paid,Credit Card
BILL_000742,P_01877,ADM_00742,2024-09-15,5148.74,3725.36,1423.38,Paid,
BILL_000743,P_01410,ADM_00743,2024-11-19,11729.9,9270.99,2458.91,Paid,Cash
BILL_000744,P_03437,ADM_00744,2024-11-17,6779.78,5491.08,1288.7,Paid,Commercial Insurance
BILL_000745,P_01864,ADM_00745,2024-10-08,5913.09,3929.71,1983.38,Paid,Commercial Insurance
BILL_000746,P_01201,ADM_00746,2024-06-24,16297.94,12958.16,3339.78,Paid,Cash
BILL_000747,P_01208,ADM_00747,2024-05-05,13154.45,11776.65,1377.8,Paid,Direct Debit
BILL_000748,P_00558,ADM_00748,2024-12-22,6681.56,5338.68,1342.88,Paid,Direct Debit
BILL_000749,P_00014,ADM_00749,2025-05-10,6951.47,5133.65,1817.82,Paid,Commercial Insurance
BILL_000750,P_01364,ADM_00750,2024-12-27,8276.43,6613.43,1663.0,Paid,Direct Debit
BILL_000751,P_01021,ADM_00751,2024-11-09,12351.95,11137.02,1214.93,Paid,Medicare
BILL_000752,P_02163,ADM_00752,2025-02-13,12833.17,10532.89,2300.28,Paid,Credit Card
BILL_000753,P_02945,ADM_00753,2024-08-01,7896.35,6031.9,1864.45,Pending,Credit Card
BILL_000754,P_01678,ADM_00754,2025-02-16,4030.58,3153.8,876.78,Paid,Credit Card
BILL_000755,P_00984,ADM_00755,2025-05-11,5131.97,4687.66,444.31,Paid,Cash
BILL_000756,P_00984,ADM_00756,2025-06-10,19051.05,16203.45,2847.6,Paid,Credit Card
BILL_000757,P_02124,ADM_00757,2025-03-23,6537.19,5250.78,1286.41,Paid,MEDICARE
BILL_000758,P_00144,ADM_00758,2025/01/01 00:00:00,10063.17,9412.89,650.28,Paid,Direct Debit
BILL_000759,P_00989,ADM_00759,2024-02-01,8513.94,6731.87,1782.07,Paid,Commercial Insurance
BILL_000760,P_00722,ADM_00760,2024-02-07,8090.48,6992.02,1098.46,Paid,Cash
BILL_000761,P_01165,ADM_00761,2024-08-25,7855.05,5188.92,2666.13,Paid,Cash
BILL_000762,P_03276,ADM_00762,2024-03-12,12142.24,8666.38,3475.86,Paid,Direct Debit
BILL_000763,P_00059,ADM_00763,2024-10-10,9342.58,8544.14,798.44,Paid,Direct Debit
BILL_000764,P_02211,ADM_00764,2025-04-15,16268.94,11168.94,5100.0,Pending,Direct Debit
BILL_000765,P_01224,ADM_00765,2024-11-16,4650.76,4205.81,444.95,Paid,Direct Debit
BILL_000766,P_01543,ADM_00766,07/02/2024,6365.94,5173.82,1192.12,Paid,Direct Debit
BILL_000767,P_00328,ADM_00767,2025-04-25,7191.35,5693.13,1498.22,Paid,Credit Card
BILL_000768,P_02788,ADM_00768,2024-04-06,13201.62,9869.71,3331.91,Paid,Medicare
BILL_000769,P_02144,ADM_00769,2024-07-21,16994.58,14570.43,2424.15,Paid,DIRECT DEBIT
BILL_000770,P_01295,ADM_00770,2024-05-22,9568.63,7596.73,1971.9,Paid,Direct Debit
BILL_000771,P_02155,ADM_00771,2024-03-31,2774.08,1858.54,915.54,paid,Direct Debit
BILL_000772,P_03444,ADM_00772,2024-05-29,5456.06,3660.88,1795.18,Paid,Commercial Insurance
BILL_000773,P_00183,ADM_00773,2024-02-16,9508.74,8356.61,1152.13,Paid,Medicare
BILL_000774,P_03337,ADM_00774,2024-10-07,10584.92,8510.67,2074.25,paid,Direct Debit
BILL_000775,P_03247,ADM_00775,2024-04-23,9153.83,6187.05,2966.78,Paid,
BILL_000776,P_01564,ADM_00776,2024-08-19,13427.08,11323.51,2103.57,Paid,Direct Debit
BILL_000777,P_03068,ADM_00777,2024-10-10,7628.58,5243.93,2384.65,Paid,Cash
BILL_000778,P_02878,ADM_00778,2024-04-09,11784.43,8313.0,3471.43,Paid,Commercial Insurance
BILL_000779,P_01552,ADM_00779,2025-01-07,8434.18,5822.4,2611.78,Paid,Credit Card
BILL_000780,P_01979,ADM_00780,2024-10-16,6262.36,5470.9,791.46,Paid,Commercial Insurance
BILL_000781,P_00328,ADM_00781,2024-07-29,5424.61,3594.27,1830.34,Pending,Commercial Insurance
BILL_000782,P_00909,ADM_00782,2024-11-25,8116.25,7618.25,498.0,Paid,Commercial Insurance
BILL_000783,P_03100,ADM_00783,09/10/2024,19935.08,13992.17,5942.91,Paid,Cash
BILL_000784,P_00791,ADM_00784,2025-03-21,11138.41,10050.26,1088.15,Paid,Commercial Insurance
BILL_000785,P_02640,ADM_00785,01-02-2024,5001.88,4509.52,492.36,Paid,Medicare
BILL_000786,P_01461,ADM_00786,2024-09-09,17740.92,16643.47,1097.45,Paid,Commercial Insurance
BILL_000787,P_01894,ADM_00787,2025-01-19,6738.85,6364.65,374.2,Paid,Commercial Insurance
BILL_000788,P_02256,ADM_00788,2025-03-02,22138.75,20404.64,1734.11,Paid,Commercial Insurance
BILL_000789,P_00093,ADM_00789,2025-01-08,22893.69,16539.54,6354.15,Paid,Direct Debit
BILL_000790,P_00625,ADM_00790,2024-06-30,12744.51,10029.22,2715.29,Paid,Medicare
BILL_000791,P_02473,ADM_00791,2024-10-26,7424.84,6189.87,1234.97,Paid,Direct Debit
BILL_000792,P_02660,ADM_00792,2024-06-03,11084.19,8957.63,2126.56,Paid,Credit Card
BILL_000793,P_02286,ADM_00793,2025-03-18,10969.19,8051.73,2917.46,Paid,Commercial Insurance
BILL_000794,P_01726,ADM_00794,2024-07-25,5742.84,5431.02,311.82,Paid,Credit Card
BILL_000795,P_01726,ADM_00795,2024-08-26,6040.28,5323.55,716.73,Paid,Cash
BILL_000796,P_01407,ADM_00796,2024-11-09,3981.74,3558.41,423.33,Paid,Direct Debit
BILL_000797,P_01407,ADM_00797,2024-11-28,19206.52,15325.53,3880.99,Paid,Medicare
BILL_000798,P_02749,ADM_00798,2024-09-20,18106.14,13943.22,4162.92,Pending,Cash
BILL_000799,P_02749,ADM_00799,2024-10-04,15201.1,12689.95,2511.15,Paid,Cash
BILL_000800,P_02826,ADM_00800,2024-06-01,12051.63,10653.81,1397.82,Overdue,Credit Card
BILL_000801,P_01906,ADM_00801,2024-01-18,8492.5,6446.86,2045.64,Paid,Commercial Insurance
BILL_000802,P_00663,ADM_00802,2024-12-16,6682.46,4946.44,1736.02,Paid,Commercial Insurance
BILL_000803,P_03442,ADM_00803,2024-12-16,7315.11,5791.73,1523.38,Paid,Direct Debit
BILL_000804,P_03442,ADM_00804,2025-01-11,15054.11,14247.21,806.9,Pending,Commercial Insurance
BILL_000805,P_00099,ADM_00805,2024-11-03,4738.08,3783.75,954.33,Paid,Direct Debit
BILL_000806,P_02943,ADM_00806,2024-05-02,16205.99,12199.58,4006.41,Paid,Cash
BILL_000807,P_00119,ADM_00807,2024-05-13,21220.52,19742.85,1477.67,  Paid  ,Commercial Insurance
BILL_000808,P_01540,ADM_00808,2024-10-11,8821.29,7170.2,1651.09,Paid,UNKNOWN_VAL
BILL_000809,P_02559,ADM_00809,2024-06-17,7877.83,6768.7,1109.13,Paid,Commercial Insurance
BILL_000810,P_00157,ADM_00810,2024-12-13,9320.73,7682.88,1637.85,Overdue,Cash
BILL_000811,P_00895,ADM_00811,2024-08-24,4131.27,3074.82,1056.45,Paid,Direct Debit
BILL_000812,P_01654,ADM_00812,2024-01-12,4392.64,3944.45,448.19,Paid,Direct Debit
BILL_000813,P_00679,ADM_00813,2025-01-31,10858.9,7847.43,3011.47,Paid,Medicare
BILL_000814,P_01561,ADM_00814,2024-11-11,10339.5,7129.78,3209.72,Paid,Cash
BILL_000815,P_02382,ADM_00815,2024-07-06,15404.49,13421.53,1982.96,Paid,cash
BILL_000816,P_02506,ADM_00816,2024-07-11,8480.98,5935.3,2545.68,  Paid  ,Credit Card
BILL_000817,P_01328,ADM_00817,2024-12-22,7030.34,5813.12,1217.22,paid,Credit Card
BILL_000818,P_01328,ADM_00818,2025-01-15,10257.25,9385.1,872.15,Paid,Credit Card
BILL_000819,P_01231,ADM_00819,2024-07-11,13948.19,10010.39,3937.8,Paid,Credit Card
BILL_000820,P_00305,ADM_00820,2024-05-01,17769.86,14092.18,3677.68,Paid,Commercial Insurance
BILL_000821,P_01282,ADM_00821,2025-01-18,10375.36,9174.83,1200.53,Paid,medicare
BILL_000822,P_00253,ADM_00822,2025-04-04,5049.74,3812.54,1237.2,Paid,Commercial Insurance
BILL_000823,P_02051,ADM_00823,2025-02-06,14516.46,9588.52,4927.94,Overdue,Direct Debit
BILL_000824,P_00395,ADM_00824,2024-11-11,6548.76,4985.62,1563.14,Pending,Medicare
BILL_000825,P_03409,ADM_00825,2024-09-16,19979.14,16450.51,3528.63,Pending,
BILL_000826,P_00246,ADM_00826,2024-01-26,11962.11,8512.32,3449.79,  Paid  ,Medicare
BILL_000827,P_00246,ADM_00827,2024-02-29,18481.39,16926.58,1554.81,Paid,Medicare
BILL_000828,P_01074,ADM_00828,2024-04-28,26102.62,21566.94,4535.68,Paid,credit card
BILL_000829,P_00580,ADM_00829,2025-05-08,16845.9,11176.21,5669.69,Paid,Commercial Insurance
BILL_000830,P_00992,ADM_00830,2025-01-11,7777.46,5450.66,2326.8,Paid,Credit Card
BILL_000831,P_01171,ADM_00831,2025-01-16,10592.62,8718.74,1873.88,Pending,Commercial Insurance
BILL_000832,P_01171,ADM_00832,2025-01-31,5102.61,3369.04,1733.57,Paid,Cash
BILL_000833,P_03423,ADM_00833,2024-10-25,6502.63,4927.14,1575.49,Paid,Credit Card
BILL_000834,P_00363,ADM_00834,2025-04-09,8277.4,5713.34,2564.06,Paid,Medicare
BILL_000835,P_00675,ADM_00835,2024-09-11,16360.95,12705.98,3654.97,paid,Credit Card
BILL_000836,P_02898,ADM_00836,2024-05-30,13576.11,10635.52,2940.59,Paid,Direct Debit
BILL_000837,P_02898,ADM_00837,2024-06-17,21275.27,19702.64,1572.63,Paid,Credit Card
BILL_000838,P_02685,ADM_00838,2025-04-10,5914.57,4997.63,916.94,Paid,Credit Card
BILL_000839,P_00354,ADM_00839,2025-04-08,6711.65,5730.62,981.03,Paid,Direct Debit
BILL_000840,P_00467,ADM_00840,2025-02-19,14879.81,9675.16,5204.65,Paid,
BILL_000841,P_01074,ADM_00841,2025-01-01,7223.14,5068.57,2154.57,Paid,Cash
BILL_000842,P_02461,ADM_00842,2024-08-13,8975.81,6317.23,2658.58,Overdue,Commercial Insurance
BILL_000843,P_02240,ADM_00843,2024-02-24,14020.74,12344.06,1676.68,  Paid  ,Cash
BILL_000844,P_00527,ADM_00844,2025-02-01,9409.57,7814.03,1595.54,Paid,Commercial Insurance
BILL_000845,P_02537,ADM_00845,2025-03-30,5620.49,4202.97,1417.52,Paid,Credit Card
BILL_000846,P_00917,ADM_00846,2024-02-19,5572.87,4638.83,934.04,Paid,MEDICARE
BILL_000847,P_00141,ADM_00847,2024-11-14,5926.12,5467.34,458.78,Paid,Cash
BILL_000848,P_02233,ADM_00848,2025-01-07,13274.76,12138.55,1136.21,Paid,Commercial Insurance
BILL_000849,P_01238,ADM_00849,2024-03-24,5963.96,5375.41,588.55,Pending,Direct Debit
BILL_000850,P_02770,ADM_00850,2025-04-04,28799.32,24168.78,4630.54,Paid,Commercial Insurance
BILL_000851,P_02748,ADM_00851,2024-04-18,24353.92,21284.55,3069.37,Pending,Commercial Insurance
BILL_000852,P_00848,ADM_00852,2024-08-26,18221.3,12463.04,5758.26,Paid,Medicare
BILL_000853,P_02565,ADM_00853,2024-09-15,20198.72,14775.85,5422.87,Paid,Commercial Insurance
BILL_000854,P_02915,ADM_00854,2025-04-17,9085.69,6920.28,2165.41,Paid,Commercial Insurance
BILL_000855,P_00892,ADM_00855,2025-04-09,5519.36,4775.49,743.87,Pending,  Direct Debit  
BILL_000856,P_02074,ADM_00856,2024-06-01,7590.7,6817.55,773.15,Paid,Cash
BILL_000857,P_02074,ADM_00857,2024-07-06,19928.38,15863.12,4065.26,Paid,credit card
BILL_000858,P_03202,ADM_00858,2024-01-19,11181.39,9965.08,1216.31,Paid,Direct Debit
BILL_000859,P_03273,ADM_00859,2024-11-01,5575.98,5272.53,303.45,Paid,Credit Card
BILL_000860,P_00314,ADM_00860,2025-04-06,10792.9,9392.98,1399.92,Overdue,Direct Debit
BILL_000861,P_00314,ADM_00861,2025-05-07,11409.04,8918.35,2490.69,Paid,Commercial Insurance
BILL_000862,P_01859,ADM_00862,2025/01/23 00:00:00,6151.09,4492.8,1658.29,Overdue,Direct Debit
BILL_000863,P_00623,ADM_00863,2024-02-10,5637.84,4396.01,1241.83,Paid,Credit Card
BILL_000864,P_00623,ADM_00864,2024-02-27,26898.15,19390.16,7507.99,Paid,Medicare
BILL_000865,P_00803,ADM_00865,2025-05-10,10493.75,7155.32,3338.43,Paid,Commercial Insurance
BILL_000866,P_03493,ADM_00866,2024-06-13,7487.81,5045.72,2442.09,Paid,Commercial Insurance
BILL_000867,P_03469,ADM_00867,2025-05-14,21895.59,19728.06,2167.53,Paid,Credit Card
BILL_000868,P_03469,ADM_00868,2025-06-23,21650.33,15506.11,6144.22,Paid,Direct Debit
BILL_000869,P_00248,ADM_00869,2024-07-28,8609.35,5805.63,2803.72,Paid,Credit Card
BILL_000870,P_02433,ADM_00870,2024-05-25,6344.9,4409.24,1935.66,Paid,Cash
BILL_000871,P_01626,ADM_00871,2024-12-20,6958.96,5203.99,1754.97,Paid,
BILL_000872,P_03137,ADM_00872,2024-04-23,7044.67,4987.46,2057.21,Pending,Commercial Insurance
BILL_000873,P_03137,ADM_00873,2024-05-25,15060.21,11426.14,3634.07,Paid,Credit Card
BILL_000874,P_02142,ADM_00874,2025-02-07,7039.77,5536.87,1502.9,Paid,Cash
BILL_000875,P_00270,ADM_00875,2024-12-05,10481.13,8804.02,1677.11,Overdue,Medicare
BILL_000876,P_00748,ADM_00876,2024-06-12,17444.02,12056.42,5387.6,Paid,Direct Debit
BILL_000877,P_01664,ADM_00877,2025-04-03,4771.66,4189.09,582.57,PENDING,Credit Card
BILL_000878,P_02851,ADM_00878,2024-12-27,14999.74,12997.09,2002.65,Paid,Credit Card
BILL_000879,P_00997,ADM_00879,2024-06-27,12675.97,11929.18,746.79,Paid,Commercial Insurance
BILL_000880,P_02019,ADM_00880,2024-03-21,13765.91,10217.1,3548.81,  Paid  ,Direct Debit
BILL_000881,P_02219,ADM_00881,2024-12-21,7779.15,5720.92,2058.23,Paid,Cash
BILL_000882,P_01124,ADM_00882,14-06-2024,8842.06,7920.09,921.97,Paid,Commercial Insurance
BILL_000883,P_03152,ADM_00883,2025-04-06,8323.09,6467.85,1855.24,Paid,Commercial Insurance
BILL_000884,P_00880,ADM_00884,2024-09-27,7019.8,4789.74,2230.06,Paid,Credit Card
BILL_000885,P_01755,ADM_00885,13-10-2024,22945.04,16833.1,6111.94,Paid,Cash
BILL_000886,P_02004,ADM_00886,2024-07-25,9354.32,8587.73,766.59,Paid,medicare
BILL_000887,P_00596,ADM_00887,2024-09-30,3442.44,2860.97,581.47,Paid,Medicare
BILL_000888,P_01685,ADM_00888,2024-08-19,12307.64,9074.92,3232.72,Paid,Credit Card
BILL_000889,P_01121,ADM_00889,2024-08-13,9098.11,7595.46,1502.65,Paid,Credit Card
BILL_000890,P_00403,ADM_00890,2024-05-04,15460.44,13342.78,2117.66,paid,Medicare
BILL_000891,P_00403,ADM_00891,2024-05-13,5179.24,3577.24,1602.0,PENDING,Commercial Insurance
BILL_000892,P_01364,ADM_00892,2025-04-03,6958.78,5255.26,1703.52,Pending,Commercial Insurance
BILL_000893,P_00153,ADM_00893,2024-05-20,14236.18,9720.31,4515.87,Paid,Commercial Insurance
BILL_000894,P_00153,ADM_00894,2024-06-18,7013.76,4703.48,2310.28,Paid,Direct Debit
BILL_000895,P_01104,ADM_00895,2025-02-19,12505.8,11412.46,1093.34,Paid,Direct Debit
BILL_000896,P_00462,ADM_00896,2025-01-03,9986.04,8721.89,1264.15,Paid,Cash
BILL_000897,P_00298,ADM_00897,2024-10-05,5448.2,3637.69,1810.51,Paid,medicare
BILL_000898,P_00128,ADM_00898,2025-03-28,5547.05,5253.84,293.21,Pending,Cash
BILL_000899,P_00682,ADM_00899,2025-01-20,5836.3,4302.02,1534.28,Overdue,Cash
BILL_000900,P_00682,ADM_00900,2025-02-18,9716.53,9050.79,665.74,Paid,Commercial Insurance
BILL_000901,P_01553,ADM_00901,2025-04-15,9805.11,7460.44,2344.67,Paid,Cash
BILL_000902,P_01011,ADM_00902,2024-09-20,9366.61,8655.23,711.38,Paid,Cash
BILL_000903,P_03191,ADM_00903,2024-09-14,4437.8,3987.8,450.0,Paid,Direct Debit
BILL_000904,P_00112,ADM_00904,2024-06-03,13402.49,12183.5,1218.99,Paid,Commercial Insurance
BILL_000905,P_02810,ADM_00905,2024-05-30,14657.66,12405.02,2252.64,Paid,  Credit Card  
BILL_000906,P_02764,ADM_00906,2025-02-13,15256.93,12210.98,3045.95,Paid,Direct Debit
BILL_000907,P_03487,ADM_00907,2024-02-29,18320.98,12612.18,5708.8,pending,Credit Card
BILL_000908,P_00624,ADM_00908,2025-02-05,11757.72,10797.34,960.38,Paid,Credit Card
BILL_000909,P_01542,ADM_00909,2024-09-07,21120.24,18486.68,2633.56,Paid,Credit Card
BILL_000910,P_01542,ADM_00910,2024-10-07,8333.89,5965.37,2368.52,Paid,Direct Debit
BILL_000911,P_03138,ADM_00911,2025-01-18,6659.17,5524.57,1134.6,Paid,Cash
BILL_000912,P_02173,ADM_00912,2024-10-05,11901.93,10700.91,1201.02,Paid,Cash
BILL_000913,P_02380,ADM_00913,2025-03-14,14766.03,13876.06,889.97,Paid,Cash
BILL_000914,P_02399,ADM_00914,2024-05-16,9353.39,8827.54,525.85,Paid,Commercial Insurance
BILL_000915,P_00349,ADM_00915,17-12-2024,6555.12,6059.12,496.0,Paid,Cash
BILL_000916,P_00349,ADM_00916,2025-01-05,16852.46,15717.79,1134.67,Paid,UNKNOWN_VAL
BILL_000917,P_03292,ADM_00917,2025-03-18,7765.02,5142.72,2622.3,Paid,Cash
BILL_000918,P_03292,ADM_00918,2025-04-23,11178.73,8530.75,2647.98,Paid,Credit Card
BILL_000919,P_02574,ADM_00919,2024-10-17,8251.03,6332.63,1918.4,Paid,Direct Debit
BILL_000920,P_01941,ADM_00920,2024-01-23,12157.1,11179.42,977.68,Paid,Medicare
BILL_000921,P_01995,ADM_00921,2024-06-20,4972.21,4458.62,513.59,Paid,Direct Debit
BILL_000922,P_01249,ADM_00922,2024-11-11,20475.4,18237.39,2238.01,Pending,Direct Debit
BILL_000923,P_03068,ADM_00923,2024-08-15,19635.98,13350.06,6285.92,Paid,Credit Card
BILL_000924,P_00347,ADM_00924,2025-03-12,7363.92,6761.26,602.66,Paid,Direct Debit
BILL_000925,P_00347,ADM_00925,2025-04-08,19726.89,14087.54,5639.35,Paid,Direct Debit
BILL_000926,P_00691,ADM_00926,2024-01-07,5405.64,3909.64,1496.0,Paid,Direct Debit
BILL_000927,P_03042,ADM_00927,2024-12-05,19414.68,16156.82,3257.86,  Paid  ,Medicare
BILL_000928,P_03042,ADM_00928,2025-01-03,13609.65,11429.72,2179.93,Paid,Direct Debit
BILL_000929,P_01166,ADM_00929,2024-10-30,6094.11,4784.5,1309.61,Pending,Medicare
BILL_000930,P_03343,ADM_00930,2025-01-02,5694.78,4853.96,840.82,Paid,Direct Debit
BILL_000931,P_01731,ADM_00931,2025-04-16,15655.3,11319.58,4335.72,Paid,Credit Card
BILL_000932,P_01731,ADM_00932,2025-05-16,15875.2,11421.14,4454.06,Paid,CREDIT CARD
BILL_000933,P_00190,ADM_00933,2024-02-25,12743.91,11054.06,1689.85,Paid,Direct Debit
BILL_000934,P_00424,ADM_00934,2024-12-17,4906.31,4100.92,805.39,Paid,Medicare
BILL_000935,P_01384,ADM_00935,2024-08-01,15454.91,12675.1,2779.81,Paid,Medicare
BILL_000936,P_00168,ADM_00936,2025-03-31,12077.51,10845.58,1231.93,Paid,Credit Card
BILL_000937,P_01236,ADM_00937,2024-06-08,27958.1,23177.51,4780.59,Paid,Direct Debit
BILL_000938,P_00712,ADM_00938,2024-06-14,7448.12,5924.1,1524.02,Paid,Commercial Insurance
BILL_000939,P_03333,ADM_00939,2024-04-17,9292.3,7250.23,2042.07,Paid,Medicare
BILL_000940,P_03333,ADM_00940,2024-05-12,11832.37,9346.33,2486.04,Paid,Credit Card
BILL_000941,P_01472,ADM_00941,2024-12-12,22897.64,16168.69,6728.95,Paid,Credit Card
BILL_000942,P_02702,ADM_00942,2024-02-03,13782.88,11500.18,2282.7,Paid,Medicare
BILL_000943,P_01550,ADM_00943,2024-11-26,10573.78,8541.29,2032.49,Paid,Medicare
BILL_000944,P_03392,ADM_00944,2024-07-02,18005.47,12680.78,5324.69,Paid,  Medicare  
BILL_000945,P_00266,ADM_00945,2025-03-23,10969.11,7832.55,3136.56,Paid,Cash
BILL_000946,P_02766,ADM_00946,2025-02-15,14168.49,11930.63,2237.86,Pending,Commercial Insurance
BILL_000947,P_01998,ADM_00947,2024-03-08,9394.24,8031.7,1362.54,Pending,Commercial Insurance
BILL_000948,P_01232,ADM_00948,2024-05-15,8669.36,6138.58,2530.78,Paid,Credit Card
BILL_000949,P_02387,ADM_00949,2024-05-06,5397.52,5013.12,384.4,Paid,Medicare
BILL_000950,P_03278,ADM_00950,2024-04-06,18133.59,13143.15,4990.44,Paid,Medicare
BILL_000951,P_02005,ADM_00951,2025-05-16,24413.51,20910.31,3503.2,Paid,Medicare
BILL_000952,P_02239,ADM_00952,2025-05-17,9558.42,6827.88,2730.54,Paid,Commercial Insurance
BILL_000953,P_02741,ADM_00953,2025-05-15,10939.43,9106.55,1832.88,Paid,Credit Card
BILL_000954,P_02982,ADM_00954,2024-08-24,4640.2,3465.6,1174.6,Paid,
BILL_000955,P_02591,ADM_00955,2024-07-01,14114.78,12520.66,1594.12,Paid,Credit Card
BILL_000956,P_00643,ADM_00956,2025-01-24,10258.07,8836.67,1421.4,Paid,Commercial Insurance
BILL_000957,P_00127,ADM_00957,2025-05-15,8073.28,6519.13,1554.15,Paid,Cash
BILL_000958,P_02342,ADM_00958,2024-02-07,18508.27,16401.66,2106.61,Pending,Credit Card
BILL_000959,P_02982,ADM_00959,2024-03-18,4970.42,4133.68,836.74,Paid,Credit Card
BILL_000960,P_02250,ADM_00960,2025-03-03,7934.38,5428.99,2505.39,Paid,Direct Debit
BILL_000961,P_00259,ADM_00961,2024-06-09,9496.36,7727.77,1768.59,Paid,Cash
BILL_000962,P_00548,ADM_00962,2025-02-03,9043.27,7023.38,2019.89,Pending,Direct Debit
BILL_000963,P_03052,ADM_00963,2024-01-10,11308.4,8177.31,3131.09,Paid,Credit Card
BILL_000964,P_00087,ADM_00964,2024-01-30,15563.86,14473.65,1090.21,Paid,Direct Debit
BILL_000965,P_00249,ADM_00965,2024-11-27,14617.72,11667.94,2949.78,Paid,Cash
BILL_000966,P_02923,ADM_00966,2025-01-25,7678.37,6085.52,1592.85,Paid,Commercial Insurance
BILL_000967,P_00150,ADM_00967,2025-02-24,27021.58,22765.36,4256.22,Pending,
BILL_000968,P_02338,ADM_00968,2024-05-08,13602.69,9501.63,4101.06,Paid,MEDICARE
BILL_000969,P_02833,ADM_00969,2024-09-12,7704.1,5388.16,2315.94,Paid,Direct Debit
BILL_000970,P_01677,ADM_00970,2024-11-14,7106.25,4735.93,2370.32,Paid,Direct Debit
BILL_000971,P_03271,ADM_00971,2024-12-14,7586.08,6884.78,701.3,paid,medicare
BILL_000972,P_03271,ADM_00972,2024-12-30,17806.53,12854.21,4952.32,Pending,Commercial Insurance
BILL_000973,P_01929,ADM_00973,2024-07-07,7100.46,6739.84,360.62,Paid,Medicare
BILL_000974,P_02089,ADM_00974,2024-09-21,16901.3,13118.2,3783.1,Paid,Cash
BILL_000975,P_02042,ADM_00975,2024-10-28,13928.12,10706.87,3221.25,Paid,  Commercial Insurance  
BILL_000976,P_00166,ADM_00976,2024-06-09,7688.34,6132.51,1555.83,Paid,Commercial Insurance
BILL_000977,P_00250,ADM_00977,2024-08-19,15530.57,12200.85,3329.72,Paid,Direct Debit
BILL_000978,P_00239,ADM_00978,2024-03-10,8481.77,5907.32,2574.45,Paid,Commercial Insurance
BILL_000979,P_01415,ADM_00979,2025-05-13,17973.91,13630.54,4343.37,Pending,Commercial Insurance
BILL_000980,P_00990,ADM_00980,2024-11-13,9104.98,6910.28,2194.7,Paid,
BILL_000981,P_03087,ADM_00981,2025-02-05,7052.41,6226.81,825.6,Paid,credit card
BILL_000982,P_03087,ADM_00982,2025-02-24,6173.8,4549.18,1624.62,Paid,Cash
BILL_000983,P_01405,ADM_00983,2024-11-29,4287.5,3434.77,852.73,Paid,Credit Card
BILL_000984,P_01961,ADM_00984,2024-03-10,11498.76,9057.03,2441.73,Paid,UNKNOWN_VAL
BILL_000985,P_01976,ADM_00985,2024-11-09,18159.92,14891.52,3268.4,Paid,
BILL_000986,P_01468,ADM_00986,2024-07-27,5669.2,5181.03,488.17,Paid,  Cash  
BILL_000987,P_00856,ADM_00987,14-03-2024,8312.32,6596.28,1716.04,paid,Medicare
BILL_000988,P_00531,ADM_00988,2024-10-04,9907.13,8259.17,1647.96,Paid,Direct Debit
BILL_000989,P_03168,ADM_00989,2024-05-06,15848.87,13782.53,2066.34,Paid,Credit Card
BILL_000990,P_03333,ADM_00990,2024-09-14,7053.42,4936.7,2116.72,PAID,Medicare
BILL_000991,P_03333,ADM_00991,2024/09/27 00:00:00,11400.49,10022.79,1377.7,Paid,Cash
BILL_000992,P_00955,ADM_00992,2025-01-09,9565.3,7695.51,1869.79,paid,Direct Debit
BILL_000993,P_02927,ADM_00993,2024-01-10,13950.08,10351.33,3598.75,Paid,
BILL_000994,P_02683,ADM_00994,2024-05-09,3434.08,3110.76,323.32,Paid,  Cash  
BILL_000995,P_01826,ADM_00995,22-05-2024,12113.44,11494.86,618.58,Pending,Credit Card
BILL_000996,P_01826,ADM_00996,2024-06-05,20582.72,15657.55,4925.17,Paid,Medicare
BILL_000997,P_02568,ADM_00997,2025-04-08,18033.15,13032.48,5000.67,Pending,Medicare
BILL_000998,P_01504,ADM_00998,2024-11-30,23519.84,18890.53,4629.31,Paid,Commercial Insurance
BILL_000999,P_02645,ADM_00999,2025-04-10,21926.78,17114.58,4812.2,Overdue,Credit Card
BILL_001000,P_02645,ADM_01000,2025-05-03,14131.05,9760.79,4370.26,Paid,Cash
BILL_001001,P_02427,ADM_01001,2025-02-16,5063.39,3734.71,1328.68,Paid,Commercial Insurance
BILL_001002,P_02815,ADM_01002,2024-09-05,11701.46,8133.02,3568.44,Pending,  Direct Debit  
BILL_001003,P_02214,ADM_01003,2025-04-07,11875.88,9490.13,2385.75,Pending,Direct Debit
BILL_001004,P_01514,ADM_01004,2024-06-16,24791.24,20240.93,4550.31,Paid,CREDIT CARD
BILL_001005,P_00393,ADM_01005,2024-09-10,6056.87,3940.12,2116.75,Paid,Credit Card
BILL_001006,P_00393,ADM_01006,2024-10-07,5791.68,4096.85,1694.83,paid,Cash
BILL_001007,P_01783,ADM_01007,2024-01-20,11655.57,7758.61,3896.96,PAID,Cash
BILL_001008,P_03375,ADM_01008,2024-04-14,5634.44,4056.4,1578.04,Pending,Credit Card
BILL_001009,P_01756,ADM_01009,2024-09-30,6667.69,5888.02,779.67,Paid,Commercial Insurance
BILL_001010,P_00544,ADM_01010,2024-10-15,11077.27,10004.32,1072.95,Pending,Commercial Insurance
BILL_001011,P_00906,ADM_01011,2024-08-26,11509.71,8617.47,2892.24,Paid,Commercial Insurance
BILL_001012,P_02773,ADM_01012,2025-03-19,5058.16,3833.93,1224.23,Paid,Cash
BILL_001013,P_02773,ADM_01013,2025-04-03,11737.49,8110.54,3626.95,Paid,Direct Debit
BILL_001014,P_00388,ADM_01014,2024-09-21,6443.14,5141.92,1301.22,Paid,Direct Debit
BILL_001015,P_01723,ADM_01015,2025-02-13,3398.5,2352.32,1046.18,Paid,Credit Card
BILL_001016,P_02980,ADM_01016,2024-03-11,9168.67,8528.67,640.0,Paid,Credit Card
BILL_001017,P_03017,ADM_01017,2024-07-31,11565.55,9135.18,2430.37,Paid,Credit Card
BILL_001018,P_02647,ADM_01018,2024-04-27,5627.85,5226.45,401.4,Paid,  Direct Debit  
BILL_001019,P_00384,ADM_01019,2025-03-08,16843.28,11375.87,5467.41,Paid,Direct Debit
BILL_001020,P_01011,ADM_01020,2024-10-18,9453.16,6163.29,3289.87,Paid,Direct Debit
BILL_001021,P_02994,ADM_01021,2024-05-01,8975.36,8287.08,688.28,Paid,
BILL_001022,P_01924,ADM_01022,2024-03-29,5485.66,4910.24,575.42,Paid,Credit Card
BILL_001023,P_03111,ADM_01023,2024-05-08,9817.91,9251.03,566.88,Paid,Cash
BILL_001024,P_03111,ADM_01024,2024-06-01,16395.84,11279.36,5116.48,Paid,Commercial Insurance
BILL_001025,P_02444,ADM_01025,2024-05-14,5572.31,4995.76,576.55,Paid,  Credit Card  
BILL_001026,P_00030,ADM_01026,2024-10-16,7803.87,5886.5,1917.37,Paid,Cash
BILL_001027,P_01172,ADM_01027,2024-07-14,12155.07,9002.74,3152.33,Paid,Medicare
BILL_001028,P_00813,ADM_01028,2024-09-04,9785.64,8646.72,1138.92,Paid,Credit Card
BILL_001029,P_00220,ADM_01029,2025-01-14,2465.78,1899.58,566.2,Pending,Cash
BILL_001030,P_03016,ADM_01030,2025-04-29,5643.55,4345.94,1297.61,PAID,Credit Card
BILL_001031,P_02798,ADM_01031,2024-07-02,8382.18,7731.5,650.68,Paid,Cash
BILL_001032,P_02798,ADM_01032,2024-08-02,14453.83,11526.72,2927.11,Paid,Direct Debit
BILL_001033,P_00762,ADM_01033,2025-05-04,13711.8,10509.96,3201.84,Paid,
BILL_001034,P_00762,ADM_01034,2025-06-02,18473.98,17101.93,1372.05,Paid,Medicare
BILL_001035,P_02452,ADM_01035,2024-08-10,8584.5,6337.72,2246.78,Pending,Direct Debit
BILL_001036,P_02377,ADM_01036,2024-01-23,11037.99,9418.34,1619.65,Overdue,Medicare
BILL_001037,P_01765,ADM_01037,2025-01-10,12318.57,9123.14,3195.43,PAID,Direct Debit
BILL_001038,P_00852,ADM_01038,2024-08-04,11762.97,10492.35,1270.62,paid,Direct Debit
BILL_001039,P_02285,ADM_01039,2024-11-19,6138.76,4714.31,1424.45,Paid,Direct Debit
BILL_001040,P_01464,ADM_01040,2024-07-09,8986.2,5918.69,3067.51,PAID,  Medicare  
BILL_001041,P_03257,ADM_01041,2025-02-10,10462.32,8297.93,2164.39,Pending,Commercial Insurance
BILL_001042,P_00811,ADM_01042,2024-02-20,3063.76,2368.38,695.38,Pending,Credit Card
BILL_001043,P_03159,ADM_01043,2024-11-27,12852.66,10306.47,2546.19,Paid,Commercial Insurance
BILL_001044,P_03159,ADM_01044,2024-12-19,7062.18,5228.46,1833.72,Paid,Commercial Insurance
BILL_001045,P_01012,ADM_01045,2024-08-09,12919.28,11858.75,1060.53,Paid,Credit Card
BILL_001046,P_01045,ADM_01046,2025-02-15,12012.0,11129.46,882.54,Paid,Cash
BILL_001047,P_02211,ADM_01047,2025-01-30,6216.98,4348.1,1868.88,Pending,Credit Card
BILL_001048,P_03222,ADM_01048,2024-03-14,13731.65,12686.08,1045.57,Paid,Commercial Insurance
BILL_001049,P_01359,ADM_01049,2024-08-20,15817.05,13445.67,2371.38,Paid,Credit Card
BILL_001050,P_00784,ADM_01050,2024-10-08,7450.94,5876.56,1574.38,Paid,Direct Debit
BILL_001051,P_00784,ADM_01051,2024-11-04,10898.07,9320.15,1577.92,Paid,Direct Debit
BILL_001052,P_03087,ADM_01052,2024-09-21,14731.59,13583.37,1148.22,Overdue,Direct Debit
BILL_001053,P_01454,ADM_01053,2024-11-15,12787.75,10782.74,2005.01,Overdue,Direct Debit
BILL_001054,P_00878,ADM_01054,2024-01-23,6409.18,4926.01,1483.17,Paid,Commercial Insurance
BILL_001055,P_00614,ADM_01055,2024-01-26,6833.12,5189.42,1643.7,Paid,Cash
BILL_001056,P_03395,ADM_01056,2024-05-27,6707.7,5670.18,1037.52,Paid,Medicare
BILL_001057,P_00678,ADM_01057,2025/04/25 00:00:00,8779.24,8201.43,577.81,Paid,Commercial Insurance
BILL_001058,P_01468,ADM_01058,2024-10-04,9538.66,6714.67,2823.99,Paid,medicare
BILL_001059,P_00765,ADM_01059,2024/12/26 00:00:00,14861.16,12711.84,2149.32,Paid,Credit Card
BILL_001060,P_02067,ADM_01060,2024-02-11,13326.03,8672.11,4653.92,Paid,Credit Card
BILL_001061,P_02067,ADM_01061,2024-02-25,5852.79,4174.97,1677.82,Paid,Direct Debit
BILL_001062,P_02548,ADM_01062,2024-07-17,7535.13,5803.54,1731.59,paid,  Direct Debit  
BILL_001063,P_00869,ADM_01063,2024-07-27,4463.43,3070.28,1393.15,Paid,Commercial Insurance
BILL_001064,P_03010,ADM_01064,2024-03-06,5757.4,3836.54,1920.86,Paid,  Credit Card  
BILL_001065,P_03010,ADM_01065,2024-03-18,7834.31,6545.82,1288.49,  Pending  ,Credit Card
BILL_001066,P_03328,ADM_01066,2024-01-29,10719.91,8180.06,2539.85,Paid,Credit Card
BILL_001067,P_03343,ADM_01067,2024-12-29,12383.57,10888.28,1495.29,Paid,Medicare
BILL_001068,P_01675,ADM_01068,2025-01-04,7730.85,5596.55,2134.3,Paid,Cash
BILL_001069,P_02617,ADM_01069,2024-01-26,7451.52,6265.14,1186.38,Pending,Medicare
BILL_001070,P_02135,ADM_01070,2024-04-27,8157.05,7098.49,1058.56,  Overdue  ,Cash
BILL_001071,P_02228,ADM_01071,2025-01-04,9970.84,9321.43,649.41,Paid,Credit Card
BILL_001072,P_03338,ADM_01072,2024-09-30,20203.73,16361.5,3842.23,Overdue,Medicare
BILL_001073,P_00107,ADM_01073,2024-11-02,12584.68,11703.25,881.43,Pending,Commercial Insurance
BILL_001074,P_03236,ADM_01074,2024-01-10,10427.37,7573.46,2853.91,PENDING,Commercial Insurance
BILL_001075,P_00281,ADM_01075,2025-03-18,11711.26,7676.3,4034.96,Paid,Commercial Insurance
BILL_001076,P_00388,ADM_01076,2024-02-23,8346.74,6264.49,2082.25,Paid,credit card
BILL_001077,P_03063,ADM_01077,2024-11-04,5954.17,4119.44,1834.73,Paid,Cash
BILL_001078,P_00475,ADM_01078,2025-04-17,12041.2,11091.88,949.32,Paid,CREDIT CARD
BILL_001079,P_00149,ADM_01079,2024-06-27,12599.73,11887.62,712.11,Overdue,Medicare
BILL_001080,P_03030,ADM_01080,2024-04-29,10703.16,8557.81,2145.35,Paid,credit card
BILL_001081,P_03030,ADM_01081,2024-05-22,9272.68,7368.91,1903.77,Paid,DIRECT DEBIT
BILL_001082,P_03257,ADM_01082,2024-02-12,7717.62,5273.07,2444.55,PAID,Credit Card
BILL_001083,P_01275,ADM_01083,2025-05-01,3026.28,2368.75,657.53,paid,Commercial Insurance
BILL_001084,P_01275,ADM_01084,2025-06-08,13412.75,9181.43,4231.32,Paid,Credit Card
BILL_001085,P_03481,ADM_01085,2025-04-21,28391.89,23101.95,5289.94,Paid,Medicare
BILL_001086,P_01498,ADM_01086,2024-09-11,6556.36,4891.72,1664.64,Paid,Medicare
BILL_001087,P_01731,ADM_01087,2024-03-27,15396.18,10390.8,5005.38,Pending,Commercial Insurance
BILL_001088,P_01731,ADM_01088,2024-05-08,36503.04,32451.25,4051.79,Paid,Medicare
BILL_001089,P_01145,ADM_01089,2024-07-02,5003.11,4173.48,829.63,Paid,Credit Card
BILL_001090,P_03161,ADM_01090,2024-01-26,8826.36,5875.69,2950.67,Paid,Cash
BILL_001091,P_03161,ADM_01091,2024-02-26,13703.63,9712.11,3991.52,Paid,Credit Card
BILL_001092,P_01930,ADM_01092,2024-07-10,9577.71,8999.36,578.35,Paid,Medicare
BILL_001093,P_01045,ADM_01093,2024-01-09,9371.87,7544.7,1827.17,Paid,Medicare
BILL_001094,P_00743,ADM_01094,2025-02-11,8078.16,5910.14,2168.02,Paid,DIRECT DEBIT
BILL_001095,P_02662,ADM_01095,2025-04-20,9804.1,8139.58,1664.52,Paid,Medicare
BILL_001096,P_01518,ADM_01096,2024-08-11,9274.83,8772.09,502.74,Paid,Credit Card
BILL_001097,P_00452,ADM_01097,2024-10-15,9914.89,8944.39,970.5,Pending,Direct Debit
BILL_001098,P_02221,ADM_01098,2025-04-09,10517.97,9939.35,578.62,Paid,Credit Card
BILL_001099,P_02737,ADM_01099,2025-03-25,4900.94,4022.22,878.72,Paid,Medicare
BILL_001100,P_00908,ADM_01100,2024-02-08,20079.84,14964.34,5115.5,Paid,
BILL_001101,P_03054,ADM_01101,2025-01-31,6495.36,4964.56,1530.8,Pending,Commercial Insurance
BILL_001102,P_00244,ADM_01102,2025-02-16,21482.46,15809.61,5672.85,paid,MEDICARE
BILL_001103,P_01397,ADM_01103,2024-08-16,19732.08,13255.86,6476.22,Paid,Commercial Insurance
BILL_001104,P_02480,ADM_01104,2025-03-14,12804.94,8773.2,4031.74,Paid,Medicare
BILL_001105,P_02480,ADM_01105,2025-04-12,17922.05,14345.09,3576.96,Paid,Commercial Insurance
BILL_001106,P_01658,ADM_01106,2024-01-31,11285.05,9748.75,1536.3,Pending,Commercial Insurance
BILL_001107,P_00669,ADM_01107,2024-02-07,11081.37,10016.16,1065.21,Paid,Credit Card
BILL_001108,P_00025,ADM_01108,2024-03-07,8381.14,7307.04,1074.1,Pending,Commercial Insurance
BILL_001109,P_02823,ADM_01109,2025-02-03,9949.38,8861.27,1088.11,Pending,  Medicare  
BILL_001110,P_03307,ADM_01110,2025-03-09,6874.07,6331.33,542.74,Paid,Commercial Insurance
BILL_001111,P_02047,ADM_01111,2024-05-15,9356.16,7661.46,1694.7,Paid,MEDICARE
BILL_001112,P_00968,ADM_01112,2024-08-08,6755.92,4894.23,1861.69,Paid,DIRECT DEBIT
BILL_001113,P_01444,ADM_01113,2025-03-01,13587.15,12898.54,688.61,Paid,Cash
BILL_001114,P_03481,ADM_01114,2025-03-03,6953.46,5043.78,1909.68,Paid,  Medicare  
BILL_001115,P_03391,ADM_01115,2024-12-27,16887.22,16006.11,881.11,Paid,Credit Card
BILL_001116,P_01771,ADM_01116,2024-10-19,13514.98,11887.03,1627.95,Pending,DIRECT DEBIT
BILL_001117,P_01427,ADM_01117,2024-12-06,11243.84,10548.35,695.49,Paid,Commercial Insurance
BILL_001118,P_01124,ADM_01118,2024-06-12,14945.53,11895.87,3049.66,Overdue,Medicare
BILL_001119,P_01190,ADM_01119,2024-07-08,9237.0,6882.26,2354.74,Pending,Direct Debit
BILL_001120,P_01190,ADM_01120,2024-08-02,19930.88,13412.5,6518.38,Paid,Medicare
BILL_001121,P_01296,ADM_01121,2024-12-18,13641.54,9786.25,3855.29,Paid,Direct Debit
BILL_001122,P_01664,ADM_01122,2024-11-10,8275.97,7506.71,769.26,Paid,
BILL_001123,P_00800,ADM_01123,2024-02-27,10791.21,8960.86,1830.35,Pending,Direct Debit
BILL_001124,P_02030,ADM_01124,2024-09-29,8088.82,5823.21,2265.61,Paid,cash
BILL_001125,P_01203,ADM_01125,04/03/2025,4733.41,4459.33,274.08,Paid,Cash
BILL_001126,P_00552,ADM_01126,2024-03-10,5584.22,5015.39,568.83,Paid,Credit Card
BILL_001127,P_00348,ADM_01127,2025-01-27,11066.07,10370.09,695.98,Overdue,Commercial Insurance
BILL_001128,P_02213,ADM_01128,2024-08-11,3860.25,2785.97,1074.28,Paid,Commercial Insurance
BILL_001129,P_02139,ADM_01129,2024-05-23,8591.65,6729.18,1862.47,Paid,MEDICARE
BILL_001130,P_02436,ADM_01130,2024-09-10,13365.92,8751.44,4614.48,Paid,Cash
BILL_001131,P_01551,ADM_01131,2025/03/12 00:00:00,17248.77,15510.06,1738.71,Paid,Credit Card
BILL_001132,P_01551,ADM_01132,2025-03-22,5842.8,5293.87,548.93,Paid,Commercial Insurance
BILL_001133,P_01491,ADM_01133,2025-05-05,5627.49,4239.02,1388.47,Paid,Credit Card
BILL_001134,P_00605,ADM_01134,23-03-2024,10464.46,7364.11,3100.35,Paid,Direct Debit
BILL_001135,P_00621,ADM_01135,2025-03-03,9464.06,7966.99,1497.07,Paid,UNKNOWN_VAL
BILL_001136,P_02135,ADM_01136,2025-01-22,10028.29,8915.65,1112.64,Paid,Direct Debit
BILL_001137,P_02459,ADM_01137,2025-03-27,3374.63,3072.04,302.59,Paid,Direct Debit
BILL_001138,P_03479,ADM_01138,2024-07-01,16801.69,14314.93,2486.76,  Paid  ,Cash
BILL_001139,P_00933,ADM_01139,2024-04-13,5885.42,4164.92,1720.5,Paid,  Credit Card  
BILL_001140,P_02110,ADM_01140,2024-07-14,6905.65,5578.58,1327.07,Paid,Commercial Insurance
BILL_001141,P_02555,ADM_01141,2024-06-01,13183.09,9697.27,3485.82,Paid,
BILL_001142,P_02973,ADM_01142,2024-01-07,4988.17,4367.72,620.45,Paid,Commercial Insurance
BILL_001143,P_02371,ADM_01143,2025-04-20,9965.29,7215.63,2749.66,Paid,Direct Debit
BILL_001144,P_00447,ADM_01144,2025-04-16,9265.27,8021.93,1243.34,Paid,Commercial Insurance
BILL_001145,P_00127,ADM_01145,2025-04-25,15441.17,11831.72,3609.45,Paid,Direct Debit
BILL_001146,P_02846,ADM_01146,2024-12-17,6923.14,6298.17,624.97,Paid,Direct Debit
BILL_001147,P_01974,ADM_01147,2025-01-28,7206.86,6654.41,552.45,Paid,Credit Card
BILL_001148,P_00185,ADM_01148,2024-02-23,7082.01,5259.81,1822.2,Pending,Credit Card
BILL_001149,P_00604,ADM_01149,2024-02-20,5888.73,4251.14,1637.59,Paid,Medicare
BILL_001150,P_03055,ADM_01150,2024-02-19,19859.41,18050.84,1808.57,Paid,Direct Debit
BILL_001151,P_00175,ADM_01151,2024-07-19,7162.83,5528.61,1634.22,Pending,Cash
BILL_001152,P_01673,ADM_01152,2024-08-30,10201.18,8362.3,1838.88,Paid,Cash
BILL_001153,P_01673,ADM_01153,2024/09/17 00:00:00,20869.18,16465.8,4403.38,Paid,Commercial Insurance
BILL_001154,P_01362,ADM_01154,2024-09-18,6694.75,5159.1,1535.65,Paid,Medicare
BILL_001155,P_01421,ADM_01155,2024-08-03,6464.74,4393.08,2071.66,Paid,Credit Card
BILL_001156,P_02141,ADM_01156,2024-03-17,6467.07,4948.19,1518.88,Paid,Medicare
BILL_001157,P_00611,ADM_01157,2024-06-13,10126.96,6900.96,3226.0,Pending,Cash
BILL_001158,P_01319,ADM_01158,2024-06-21,11876.7,9655.38,2221.32,Paid,Medicare
BILL_001159,P_02157,ADM_01159,2025-01-28,10906.2,7655.37,3250.83,PAID,
BILL_001160,P_01032,ADM_01160,2024-07-10,9766.38,8436.21,1330.17,Paid,Commercial Insurance
BILL_001161,P_02093,ADM_01161,2024-03-23,2820.58,2244.81,575.77,Paid,Cash
BILL_001162,P_01937,ADM_01162,2024-07-17,6194.95,4114.51,2080.44,Paid,Commercial Insurance
BILL_001163,P_00527,ADM_01163,2024-10-13,9101.17,7842.93,1258.24,Paid,DIRECT DEBIT
BILL_001164,P_02853,ADM_01164,2024-08-24,14776.66,12506.19,2270.47,  Paid  ,Direct Debit
BILL_001165,P_02564,ADM_01165,2024-06-14,9307.68,7218.95,2088.73,Paid,Medicare
BILL_001166,P_00882,ADM_01166,2024-10-16,10461.61,9270.9,1190.71,paid,Direct Debit
BILL_001167,P_02906,ADM_01167,2024-07-27,11440.93,10744.19,696.74,Paid,Cash
BILL_001168,P_01970,ADM_01168,2025-01-07,17312.61,13571.82,3740.79,Paid,  Medicare  
BILL_001169,P_00901,ADM_01169,2024-11-26,7578.4,5872.82,1705.58,Pending,Credit Card
BILL_001170,P_00901,ADM_01170,2024-12-16,16091.43,10857.87,5233.56,Pending,
BILL_001171,P_00584,ADM_01171,2025-02-10,8443.44,6775.81,1667.63,Pending,Credit Card
BILL_001172,P_01444,ADM_01172,2024-06-10,5272.08,4315.88,956.2,Paid,Cash
BILL_001173,P_02438,ADM_01173,2025-03-14,6213.88,4577.63,1636.25,Paid,Cash
BILL_001174,P_00929,ADM_01174,2025-03-04,13604.1,11875.43,1728.67,Pending,Credit Card
BILL_001175,P_01847,ADM_01175,2024-11-20,15150.62,12348.31,2802.31,PAID,Cash
BILL_001176,P_00378,ADM_01176,2025-01-21,4409.24,3069.98,1339.26,Pending,Cash
BILL_001177,P_01240,ADM_01177,2024-06-05,11102.69,9622.84,1479.85,Paid,Medicare
BILL_001178,P_03027,ADM_01178,2024-12-26,7005.17,5402.36,1602.81,Paid,Credit Card
BILL_001179,P_03027,ADM_01179,2025-01-28,16188.85,13090.59,3098.26,Paid,Credit Card
BILL_001180,P_02145,ADM_01180,2024-02-20,5203.51,3681.63,1521.88,Paid,Direct Debit
BILL_001181,P_02145,ADM_01181,2024-03-19,8926.87,6985.4,1941.47,Paid,Medicare
BILL_001182,P_03314,ADM_01182,2024-03-10,19652.06,16364.81,3287.25,Paid,Cash
BILL_001183,P_02487,ADM_01183,2024-04-25,7037.58,6079.15,958.43,Paid,
BILL_001184,P_02110,ADM_01184,2024-09-14,8657.41,7821.64,835.77,Paid,Direct Debit
BILL_001185,P_00863,ADM_01185,2024-03-06,12251.15,8659.05,3592.1,Paid,Commercial Insurance
BILL_001186,P_02467,ADM_01186,2024-05-18,7855.66,6838.1,1017.56,Paid,Medicare
BILL_001187,P_00057,ADM_01187,2024-08-22,10587.65,7566.53,3021.12,Paid,Direct Debit
BILL_001188,P_02998,ADM_01188,2024-04-24,7714.75,6087.71,1627.04,Paid,medicare
BILL_001189,P_01884,ADM_01189,2025-01-19,32396.51,25087.55,7308.96,Paid,Credit Card
BILL_001190,P_00074,ADM_01190,2024-08-01,9739.53,7197.75,2541.78,Paid,Credit Card
BILL_001191,P_01447,ADM_01191,2024-01-12,7946.77,6560.14,1386.63,Paid,Direct Debit
BILL_001192,P_02938,ADM_01192,2024-03-29,12457.94,8613.45,3844.49,Paid,
BILL_001193,P_00493,ADM_01193,2025-02-14,13023.91,9740.5,3283.41,paid,Direct Debit
BILL_001194,P_02380,ADM_01194,2025-03-22,11208.48,8908.06,2300.42,Paid,Cash
BILL_001195,P_02201,ADM_01195,2024-09-09,15672.82,12422.16,3250.66,Paid,  Direct Debit  
BILL_001196,P_02201,ADM_01196,2024-09-28,16973.74,15407.12,1566.62,PAID,Commercial Insurance
BILL_001197,P_03238,ADM_01197,2024-11-07,8860.91,6279.4,2581.51,PAID,Medicare
BILL_001198,P_01227,ADM_01198,2024-12-05,22018.67,15300.59,6718.08,Pending,Credit Card
BILL_001199,P_00681,ADM_01199,2025-04-10,7589.09,5753.08,1836.01,Pending,Credit Card
BILL_001200,P_00133,ADM_01200,2024-10-10,8784.24,8289.81,494.43,Overdue,Medicare
BILL_001201,P_00133,ADM_01201,2024-11-09,12459.01,8281.93,4177.08,Overdue,Commercial Insurance
BILL_001202,P_01084,ADM_01202,2024-06-28,11539.65,7598.22,3941.43,Pending,Cash
BILL_001203,P_02304,ADM_01203,2024-02-29,4417.1,3170.95,1246.15,Paid,Direct Debit
BILL_001204,P_03270,ADM_01204,2024-07-01,8636.37,5969.98,2666.39,Paid,Medicare
BILL_001205,P_03270,ADM_01205,2024-07-22,14680.62,11510.78,3169.84,Paid,Credit Card
BILL_001206,P_00963,ADM_01206,2024-10-14,5442.93,4696.29,746.64,Paid,Commercial Insurance
BILL_001207,P_00078,ADM_01207,2024-10-18,13218.41,12086.11,1132.3,Paid,Credit Card
BILL_001208,P_00078,ADM_01208,2024-11-17,16733.46,13886.38,2847.08,Paid,Medicare
BILL_001209,P_02167,ADM_01209,2024-02-14,6114.85,4267.38,1847.47,Paid,Commercial Insurance
BILL_001210,P_01433,ADM_01210,2025-01-15,7695.17,6349.18,1345.99,Paid,Medicare
BILL_001211,P_02908,ADM_01211,2024-10-29,17305.72,13456.93,3848.79,Paid,Credit Card
BILL_001212,P_01011,ADM_01212,2024-10-26,13241.27,11775.5,1465.77,Pending,Credit Card
BILL_001213,P_03126,ADM_01213,2024-04-15,14702.41,13524.85,1177.56,Paid,Commercial Insurance
BILL_001214,P_02034,ADM_01214,2024-09-15,17298.47,15240.3,2058.17,PAID,Medicare
BILL_001215,P_02034,ADM_01215,2024-10-03,6330.68,4948.59,1382.09,Paid,
BILL_001216,P_00859,ADM_01216,2025-02-09,3677.36,3030.47,646.89,Pending,Medicare
BILL_001217,P_00366,ADM_01217,2024-05-18,17639.49,15736.55,1902.94,Paid,Medicare
BILL_001218,P_00902,ADM_01218,2024-01-17,7201.3,6375.85,825.45,Paid,Cash
BILL_001219,P_01220,ADM_01219,2024-08-12,5255.68,4304.75,950.93,Paid,Commercial Insurance
BILL_001220,P_00822,ADM_01220,2024-11-08,5065.1,3558.26,1506.84,Paid,Direct Debit
BILL_001221,P_01664,ADM_01221,2024-07-10,13720.06,9762.07,3957.99,Paid,Commercial Insurance
BILL_001222,P_00336,ADM_01222,2024-11-12,7691.78,5832.5,1859.28,pending,Direct Debit
BILL_001223,P_00001,ADM_01223,2024-05-28,7422.04,5887.93,1534.11,Paid,Cash
BILL_001224,P_00001,ADM_01224,2024/06/21 00:00:00,5090.04,3352.94,1737.1,Overdue,Credit Card
BILL_001225,P_03106,ADM_01225,2024-05-23,19460.91,17611.34,1849.57,Paid,Credit Card
BILL_001226,P_00011,ADM_01226,2025-05-03,4705.32,3301.84,1403.48,Paid,Cash
BILL_001227,P_03373,ADM_01227,2025-03-02,10567.32,6972.71,3594.61,Paid,Cash
BILL_001228,P_03438,ADM_01228,2024-10-23,6496.8,4350.08,2146.72,Paid,Cash
BILL_001229,P_01972,ADM_01229,2024-10-04,11904.02,8316.15,3587.87,Pending,Cash
BILL_001230,P_02512,ADM_01230,2024-07-16,5836.2,5389.68,446.52,Paid,Cash
BILL_001231,P_02512,ADM_01231,2024-07-28,18215.45,12398.94,5816.51,Pending,Credit Card
BILL_001232,P_02768,ADM_01232,2024-03-06,12095.67,11412.7,682.97,Paid,Cash
BILL_001233,P_01877,ADM_01233,2024-08-12,4788.73,4147.87,640.86,Paid,Commercial Insurance
BILL_001234,P_01491,ADM_01234,2025-02-18,14586.44,11854.19,2732.25,Paid,Credit Card
BILL_001235,P_01094,ADM_01235,2024-11-18,13776.21,11895.16,1881.05,Paid,Cash
BILL_001236,P_01492,ADM_01236,2025-04-24,14320.36,13029.73,1290.63,Paid,Medicare
BILL_001237,P_03147,ADM_01237,2024-08-31,8161.63,5724.51,2437.12,Pending,Credit Card
BILL_001238,P_01263,ADM_01238,2024-02-22,7272.43,5710.71,1561.72,Paid,Medicare
BILL_001239,P_01263,ADM_01239,2024-03-29,12057.75,10414.34,1643.41,Paid,Medicare
BILL_001240,P_02991,ADM_01240,2024/01/07 00:00:00,11355.69,10298.92,1056.77,Paid,Medicare
BILL_001241,P_01394,ADM_01241,2024-09-21,7321.79,6421.96,899.83,Paid,Cash
BILL_001242,P_01721,ADM_01242,2024-01-20,4887.86,3650.55,1237.31,Paid,Credit Card
BILL_001243,P_02478,ADM_01243,2024-04-18,8792.18,7074.98,1717.2,PAID,Direct Debit
BILL_001244,P_01962,ADM_01244,2024-06-02,4849.46,4166.47,682.99,Paid,Credit Card
BILL_001245,P_00797,ADM_01245,2024-05-25,8858.37,6678.24,2180.13,Pending,Commercial Insurance
BILL_001246,P_01568,ADM_01246,2024-03-29,17232.7,11913.79,5318.91,Paid,Direct Debit
BILL_001247,P_01738,ADM_01247,2024-11-04,10311.36,6896.1,3415.26,Paid,Cash
BILL_001248,P_03013,ADM_01248,2024-09-29,8984.0,6770.71,2213.29,Paid,  Cash  
BILL_001249,P_03013,ADM_01249,2024-11-03,14397.26,12626.14,1771.12,Overdue,Commercial Insurance
BILL_001250,P_02593,ADM_01250,2025-05-15,5936.23,5032.15,904.08,Paid,Direct Debit
BILL_001251,P_03315,ADM_01251,2024-05-29,11672.3,8527.99,3144.31,Paid,Cash
BILL_001252,P_01310,ADM_01252,2025-01-03,4751.13,3814.68,936.45,Paid,Credit Card
BILL_001253,P_01310,ADM_01253,2025-01-30,22290.96,17546.73,4744.23,Paid,Credit Card
BILL_001254,P_00695,ADM_01254,2024-11-28,3919.1,3162.37,756.73,Paid,  Direct Debit  
BILL_001255,P_03407,ADM_01255,2024-11-15,16110.54,12733.9,3376.64,Paid,Cash
BILL_001256,P_02555,ADM_01256,2024-06-24,7757.75,6549.81,1207.94,Paid,Commercial Insurance
BILL_001257,P_03338,ADM_01257,2024-05-26,6775.51,5853.17,922.34,Paid,Medicare
BILL_001258,P_01975,ADM_01258,2024-01-08,10143.26,6828.61,3314.65,Paid,Medicare
BILL_001259,P_02988,ADM_01259,2024-07-15,15460.87,11522.86,3938.01,Paid,commercial insurance
BILL_001260,P_02956,ADM_01260,2024-03-14,20976.49,18899.37,2077.12,  Paid  ,Medicare
BILL_001261,P_02150,ADM_01261,2024-12-24,5951.81,4504.03,1447.78,paid,Cash
BILL_001262,P_01945,ADM_01262,2024-08-25,8544.34,5712.26,2832.08,Paid,Commercial Insurance
BILL_001263,P_01945,ADM_01263,09/11/2024,8760.37,6128.26,2632.11,paid,Direct Debit
BILL_001264,P_02957,ADM_01264,2024-04-25,11212.05,8024.91,3187.14,Paid,Medicare
BILL_001265,P_03435,ADM_01265,2024-06-16,15401.33,10590.16,4811.17,Paid,Commercial Insurance
BILL_001266,P_00579,ADM_01266,2024-07-05,3934.33,2719.96,1214.37,Paid,Commercial Insurance
BILL_001267,P_00579,ADM_01267,2024-07-27,14155.39,10227.78,3927.61,Paid,Commercial Insurance
BILL_001268,P_00828,ADM_01268,2025-04-25,11339.52,7876.57,3462.95,Paid,Cash
BILL_001269,P_01092,ADM_01269,2025-03-22,6637.22,4766.04,1871.18,Paid,Cash
BILL_001270,P_03485,ADM_01270,2025-04-12,9488.78,6345.96,3142.82,Paid,Credit Card
BILL_001271,P_02537,ADM_01271,2024-05-23,15233.64,10051.87,5181.77,Paid,Medicare
BILL_001272,P_00220,ADM_01272,2024-05-27,3576.79,2915.39,661.4,PAID,Credit Card
BILL_001273,P_00364,ADM_01273,2024-04-03,3419.83,2414.88,1004.95,Paid,Medicare
BILL_001274,P_00452,ADM_01274,2024-06-21,11528.8,8458.02,3070.78,Pending,Direct Debit
BILL_001275,P_01075,ADM_01275,2025-04-01,9587.56,6365.6,3221.96,PAID,Cash
BILL_001276,P_00829,ADM_01276,2024-04-13,7742.49,5539.95,2202.54,Paid,Commercial Insurance
BILL_001277,P_01750,ADM_01277,2024-05-17,5368.72,4498.54,870.18,Paid,Direct Debit
BILL_001278,P_02685,ADM_01278,2024-05-23,10597.26,7162.2,3435.06,Paid,  Cash  
BILL_001279,P_00862,ADM_01279,2024-01-14,5105.87,4503.14,602.73,Pending,Commercial Insurance
BILL_001280,P_03103,ADM_01280,2024-07-30,5383.21,3523.26,1859.95,Paid,Medicare
BILL_001281,P_02975,ADM_01281,2025-03-22,14985.78,14086.35,899.43,Pending,Direct Debit
BILL_001282,P_01927,ADM_01282,2024-09-05,5122.76,4700.89,421.87,Overdue,
BILL_001283,P_01927,ADM_01283,2024-09-13,5869.11,4340.26,1528.85,Paid,Cash
BILL_001284,P_00656,ADM_01284,2024-04-06,7710.4,6905.98,804.42,Paid,Direct Debit
BILL_001285,P_00656,ADM_01285,2024/04/20 00:00:00,11867.48,10680.27,1187.21,Paid,Cash
BILL_001286,P_00450,ADM_01286,2024-04-12,14026.58,12547.22,1479.36,Paid,Cash
BILL_001287,P_02641,ADM_01287,2024-09-26,6249.71,4077.57,2172.14,Paid,Medicare
BILL_001288,P_02867,ADM_01288,04/19/2025,22866.1,15525.62,7340.48,Paid,Commercial Insurance
BILL_001289,P_02051,ADM_01289,2024-01-10,10014.26,7212.05,2802.21,Paid,Direct Debit
BILL_001290,P_00048,ADM_01290,2024-10-26,8774.06,7837.82,936.24,Paid,Direct Debit
BILL_001291,P_03088,ADM_01291,2025-03-14,13451.59,9471.74,3979.85,paid,Credit Card
BILL_001292,P_03354,ADM_01292,2024-05-25,23546.43,19723.75,3822.68,Paid,Commercial Insurance
BILL_001293,P_02162,ADM_01293,2025-01-30,10853.43,8593.77,2259.66,Paid,Commercial Insurance
BILL_001294,P_02175,ADM_01294,2024-09-21,3647.65,3206.31,441.34,Paid,  Cash  
BILL_001295,P_01042,ADM_01295,2025-03-10,8311.32,6074.82,2236.5,Pending,Direct Debit
BILL_001296,P_01346,ADM_01296,2024-12-24,9739.36,7146.08,2593.28,Paid,Credit Card
BILL_001297,P_01075,ADM_01297,2024-03-13,10382.83,9068.27,1314.56,Pending,
BILL_001298,P_00041,ADM_01298,2024/03/05 00:00:00,6399.32,5984.37,414.95,Paid,Cash
BILL_001299,P_02073,ADM_01299,2025-02-13,8444.87,7605.86,839.01,Paid,COMMERCIAL INSURANCE
BILL_001300,P_01007,ADM_01300,2024-08-18,24694.13,18024.89,6669.24,Paid,Cash
BILL_001301,P_02557,ADM_01301,2025-03-06,10584.86,9874.68,710.18,Paid,Medicare
BILL_001302,P_00171,ADM_01302,2024-10-20,9928.02,6518.31,3409.71,Pending,cash
BILL_001303,P_02407,ADM_01303,16-01-2024,6787.2,6253.87,533.33,Paid,Cash
BILL_001304,P_02407,ADM_01304,2024-02-11,5832.92,4735.81,1097.11,Paid,Credit Card
BILL_001305,P_01523,ADM_01305,2024-01-09,12702.35,11573.22,1129.13,Overdue,Credit Card
BILL_001306,P_01734,ADM_01306,2024-11-22,14521.79,12116.58,2405.21,paid,Direct Debit
BILL_001307,P_00652,ADM_01307,2025-03-06,11684.7,10215.79,1468.91,Paid,Credit Card
BILL_001308,P_02487,ADM_01308,2024-12-09,15301.93,10481.9,4820.03,Paid,  Credit Card  
BILL_001309,P_00088,ADM_01309,2025-03-03,12338.83,10696.66,1642.17,Pending,Cash
BILL_001310,P_03481,ADM_01310,2024-07-06,11820.86,9484.08,2336.78,Paid,Medicare
BILL_001311,P_00121,ADM_01311,2024-11-03,5261.78,4746.19,515.59,Paid,Cash
BILL_001312,P_01128,ADM_01312,2025-02-19,6654.46,4436.56,2217.9,Pending,
BILL_001313,P_00670,ADM_01313,2024-03-07,11326.48,9655.02,1671.46,Paid,Credit Card
BILL_001314,P_01464,ADM_01314,2024-02-22,12051.26,9795.55,2255.71,Pending,Medicare
BILL_001315,P_01464,ADM_01315,2024-03-09,17454.7,12301.55,5153.15,Pending,Direct Debit
BILL_001316,P_00322,ADM_01316,2024-03-18,13256.44,11028.21,2228.23,Overdue,Cash
BILL_001317,P_02119,ADM_01317,2025-02-18,2530.57,2353.97,176.6,Paid,Medicare
BILL_001318,P_02119,ADM_01318,2025-03-25,18454.85,13308.48,5146.37,Paid,Medicare
BILL_001319,P_02321,ADM_01319,2025/04/13 00:00:00,5850.68,4130.75,1719.93,Paid,Cash
BILL_001320,P_01218,ADM_01320,2024-05-30,5985.36,4642.19,1343.17,Paid,Credit Card
BILL_001321,P_01471,ADM_01321,2025-01-30,11781.39,7855.63,3925.76,Paid,Direct Debit
BILL_001322,P_00838,ADM_01322,2025-02-25,14492.74,13067.34,1425.4,Paid,Credit Card
BILL_001323,P_01350,ADM_01323,2024-05-09,15843.96,12601.06,3242.9,Pending,Medicare
BILL_001324,P_00347,ADM_01324,2024/03/26 00:00:00,12503.82,9807.15,2696.67,  Pending  ,Medicare
BILL_001325,P_00566,ADM_01325,2025-04-26,6671.36,4776.36,1895.0,Paid,Credit Card
BILL_001326,P_00404,ADM_01326,2024-06-29,10458.04,7403.13,3054.91,Paid,Credit Card
BILL_001327,P_01913,ADM_01327,2025-02-02,5766.15,3986.72,1779.43,Paid,Direct Debit
BILL_001328,P_00325,ADM_01328,2025-04-10,4413.95,3778.74,635.21,Paid,Commercial Insurance
BILL_001329,P_02103,ADM_01329,2024-10-24,5166.26,3398.64,1767.62,Paid,Commercial Insurance
BILL_001330,P_02542,ADM_01330,2025-03-18,20610.7,16825.45,3785.25,Paid,Medicare
BILL_001331,P_01588,ADM_01331,2024-12-14,8167.95,7359.79,808.16,Paid,  Cash  
BILL_001332,P_03122,ADM_01332,2024-09-21,4327.74,3316.46,1011.28,Paid,Direct Debit
BILL_001333,P_03463,ADM_01333,2025-01-16,9382.37,7104.67,2277.7,Paid,Cash
BILL_001334,P_01046,ADM_01334,2024-07-30,8967.31,6151.13,2816.18,Paid,Medicare
BILL_001335,P_01362,ADM_01335,2024-08-23,17368.27,16174.37,1193.9,pending,Direct Debit
BILL_001336,P_01362,ADM_01336,2024/10/02 00:00:00,16997.57,13984.89,3012.68,Paid,Commercial Insurance
BILL_001337,P_02464,ADM_01337,2024-07-11,9952.33,7117.7,2834.63,Pending,Medicare
BILL_001338,P_00254,ADM_01338,2025-01-27,13009.16,10563.08,2446.08,Paid,Commercial Insurance
BILL_001339,P_01797,ADM_01339,2024-06-07,8540.97,7939.19,601.78,Pending,CASH
BILL_001340,P_02035,ADM_01340,2024-05-23,9837.41,7568.15,2269.26,Paid,Credit Card
BILL_001341,P_01163,ADM_01341,2024-03-09,10813.33,7223.02,3590.31,Paid,Cash
BILL_001342,P_01182,ADM_01342,2025-02-22,9048.68,8269.45,779.23,Paid,Direct Debit
BILL_001343,P_02522,ADM_01343,2024-01-10,4430.49,3353.69,1076.8,Paid,Credit Card
BILL_001344,P_01356,ADM_01344,2024-11-06,5134.76,3543.47,1591.29,paid,UNKNOWN_VAL
BILL_001345,P_02332,ADM_01345,2024-08-28,6978.17,4844.14,2134.03,Paid,Credit Card
BILL_001346,P_01788,ADM_01346,2024-03-10,5498.2,4024.77,1473.43,Paid,Medicare
BILL_001347,P_01728,ADM_01347,2024-03-06,12716.9,9237.44,3479.46,Paid,Commercial Insurance
BILL_001348,P_01728,ADM_01348,2024-03-15,13348.46,11777.67,1570.79,Paid,Medicare
BILL_001349,P_00692,ADM_01349,2024-08-11,6996.23,5289.74,1706.49,Paid,Direct Debit
BILL_001350,P_00086,ADM_01350,07-06-2024,11427.1,9208.1,2219.0,Paid,Cash
BILL_001351,P_02011,ADM_01351,2024-12-15,6596.55,5993.04,603.51,Paid,Direct Debit
BILL_001352,P_00258,ADM_01352,2025-03-01,17477.12,16195.15,1281.97,Paid,Direct Debit
BILL_001353,P_00258,ADM_01353,2025-03-16,20553.74,16625.06,3928.68,Pending,Direct Debit
BILL_001354,P_02610,ADM_01354,2024-01-31,6214.97,4921.05,1293.92,Paid,Medicare
BILL_001355,P_02277,ADM_01355,2025-02-10,4662.98,3699.94,963.04,Paid,Commercial Insurance
BILL_001356,P_01378,ADM_01356,2025-04-20,5846.11,5046.53,799.58,Paid,Commercial Insurance
BILL_001357,P_01737,ADM_01357,2025-05-10,10153.98,6775.8,3378.18,Paid,Medicare
BILL_001358,P_03254,ADM_01358,2024-12-29,8525.01,6281.03,2243.98,Paid,Credit Card
BILL_001359,P_02085,ADM_01359,2024-10-21,13651.65,10192.67,3458.98,Paid,Medicare
BILL_001360,P_00032,ADM_01360,2025-02-23,20395.09,13524.6,6870.49,Overdue,Direct Debit
BILL_001361,P_01710,ADM_01361,2024-06-01,6236.13,4532.52,1703.61,Paid,Commercial Insurance
BILL_001362,P_02788,ADM_01362,2024-10-19,15715.31,10911.88,4803.43,Paid,MEDICARE
BILL_001363,P_01872,ADM_01363,2024-05-06,20227.51,19184.09,1043.42,Paid,Medicare
BILL_001364,P_01872,ADM_01364,2024-06-02,10588.06,8586.84,2001.22,Paid,Credit Card
BILL_001365,P_00994,ADM_01365,2024-12-12,11070.06,8950.98,2119.08,Paid,Commercial Insurance
BILL_001366,P_02121,ADM_01366,2024-10-10,8564.11,5961.75,2602.36,Pending,Credit Card
BILL_001367,P_00137,ADM_01367,2024-07-13,10405.58,7828.65,2576.93,Paid,Commercial Insurance
BILL_001368,P_00137,ADM_01368,2024-07-28,22273.37,14682.35,7591.02,Paid,Cash
BILL_001369,P_03446,ADM_01369,2024-04-08,22729.93,19799.93,2930.0,Paid,Commercial Insurance
BILL_001370,P_00136,ADM_01370,2025-01-06,17181.66,11996.1,5185.56,Paid,Commercial Insurance
BILL_001371,P_02899,ADM_01371,2025-04-29,8492.31,6617.71,1874.6,Paid,Credit Card
BILL_001372,P_02899,ADM_01372,2025-05-09,14238.88,10121.98,4116.9,Paid,Medicare
BILL_001373,P_02741,ADM_01373,2024-10-08,6312.32,4434.14,1878.18,  Paid  ,Medicare
BILL_001374,P_02683,ADM_01374,2024-10-16,4780.17,3116.65,1663.52,Pending,Cash
BILL_001375,P_01161,ADM_01375,2024-09-27,11083.99,8791.85,2292.14,Overdue,commercial insurance
BILL_001376,P_01161,ADM_01376,2024-10-16,10321.77,8856.2,1465.57,Pending,Commercial Insurance
BILL_001377,P_03063,ADM_01377,2025-03-29,6515.32,6072.76,442.56,Paid,Commercial Insurance
BILL_001378,P_02227,ADM_01378,2024-06-07,11388.14,10093.17,1294.97,Paid,Commercial Insurance
BILL_001379,P_00764,ADM_01379,08/16/2024,8532.85,6048.63,2484.22,Paid,Cash
BILL_001380,P_03344,ADM_01380,12-06-2024,15522.62,12982.37,2540.25,Paid,Direct Debit
BILL_001381,P_02656,ADM_01381,2024-04-15,13446.84,9560.67,3886.17,Paid,Cash
BILL_001382,P_02028,ADM_01382,2025-02-26,5659.04,5004.3,654.74,Paid,  Medicare  
BILL_001383,P_03215,ADM_01383,2024-09-25,7422.71,6498.44,924.27,Paid,credit card
BILL_001384,P_01818,ADM_01384,2024-05-24,11427.76,10117.23,1310.53,Paid,Direct Debit
BILL_001385,P_02157,ADM_01385,2024-12-13,13479.19,10271.41,3207.78,paid,
BILL_001386,P_02157,ADM_01386,01/22/2025,40412.12,28561.67,11850.45,Paid,Credit Card
BILL_001387,P_03249,ADM_01387,2024-11-16,12456.91,9987.12,2469.79,Pending,Medicare
BILL_001388,P_03249,ADM_01388,2024-12-23,21732.03,20065.48,1666.55,Pending,Credit Card
BILL_001389,P_01653,ADM_01389,2024-12-02,6171.59,5147.22,1024.37,Pending,  Medicare  
BILL_001390,P_00626,ADM_01390,2025-02-15,13597.57,12708.81,888.76,Paid,Credit Card
BILL_001391,P_00626,ADM_01391,2025-03-23,31711.79,25662.92,6048.87,Pending,Cash
BILL_001392,P_01537,ADM_01392,2025-01-30,7845.42,5543.57,2301.85,Paid,Commercial Insurance
BILL_001393,P_03309,ADM_01393,2024-02-05,7813.98,5206.17,2607.81,Paid,Cash
BILL_001394,P_00746,ADM_01394,2024-10-29,10790.42,7368.82,3421.6,Paid,Credit Card
BILL_001395,P_03163,ADM_01395,2024-05-21,7727.19,5056.84,2670.35,Paid,Commercial Insurance
BILL_001396,P_00215,ADM_01396,2024-08-28,2158.44,1601.0,557.44,Paid,Cash
BILL_001397,P_03169,ADM_01397,2024-01-31,6448.56,4282.07,2166.49,Paid,Commercial Insurance
BILL_001398,P_00835,ADM_01398,2024-08-08,12441.84,8314.25,4127.59,Paid,Cash
BILL_001399,P_01339,ADM_01399,2024-09-17,9968.57,7191.86,2776.71,  Pending  ,Direct Debit
BILL_001400,P_01339,ADM_01400,2024-10-13,9708.99,7646.91,2062.08,Paid,Medicare
BILL_001401,P_02812,ADM_01401,2024-12-18,15958.77,10965.53,4993.24,Paid,Credit Card
BILL_001402,P_03357,ADM_01402,2025-03-03,12915.98,11568.73,1347.25,Paid,Cash
BILL_001403,P_02773,ADM_01403,2024-02-01,6291.64,5172.9,1118.74,Paid,Cash
BILL_001404,P_01621,ADM_01404,2024-12-02,6733.69,4836.45,1897.24,Paid,Cash
BILL_001405,P_02465,ADM_01405,2024-05-06,21895.08,15005.26,6889.82,Paid,Credit Card
BILL_001406,P_01913,ADM_01406,2024-07-15,13905.82,9125.46,4780.36,Paid,Medicare
BILL_001407,P_01455,ADM_01407,2025-04-02,10984.05,8673.76,2310.29,Paid,Credit Card
BILL_001408,P_00252,ADM_01408,2024-03-24,9321.8,7316.76,2005.04,paid,Commercial Insurance
BILL_001409,P_01815,ADM_01409,25-08-2024,9749.48,7728.79,2020.69,Paid,Commercial Insurance
BILL_001410,P_00208,ADM_01410,2024-06-20,13085.69,9626.05,3459.64,Overdue,Cash
BILL_001411,P_02162,ADM_01411,2024-12-13,11308.77,9137.59,2171.18,Paid,Credit Card
BILL_001412,P_01675,ADM_01412,2024-11-20,5419.74,3998.29,1421.45,Pending,Cash
BILL_001413,P_03491,ADM_01413,2024-06-17,7184.88,5072.27,2112.61,Paid,Credit Card
BILL_001414,P_00769,ADM_01414,06-03-2025,10409.53,9014.85,1394.68,Paid,Commercial Insurance
BILL_001415,P_01949,ADM_01415,2024-08-04,13871.62,10395.27,3476.35,Paid,Direct Debit
BILL_001416,P_02007,ADM_01416,2024-12-26,12789.83,8412.53,4377.3,Overdue,Medicare
BILL_001417,P_00849,ADM_01417,2024-10-13,12567.17,11576.93,990.24,Paid,Commercial Insurance
BILL_001418,P_03048,ADM_01418,2024-11-14,5120.58,4810.36,310.22,Paid,Medicare
BILL_001419,P_00178,ADM_01419,2024-07-09,6021.15,5569.75,451.4,Paid,Direct Debit
BILL_001420,P_01095,ADM_01420,2024-08-27,10600.61,9641.35,959.26,Paid,Cash
BILL_001421,P_01211,ADM_01421,2025-03-08,9453.26,6431.89,3021.37,Paid,Commercial Insurance
BILL_001422,P_00086,ADM_01422,2025-03-16,14452.39,9686.5,4765.89,Paid,Direct Debit
BILL_001423,P_00086,ADM_01423,2025-04-11,8821.72,5933.38,2888.34,Pending,Cash
BILL_001424,P_00392,ADM_01424,2025-02-16,4496.63,4063.83,432.8,Paid,Medicare
BILL_001425,P_00184,ADM_01425,2025-05-11,34581.09,25644.78,8936.31,Paid,Direct Debit
BILL_001426,P_03040,ADM_01426,2024-03-10,16707.12,12133.92,4573.2,paid,  Commercial Insurance  
BILL_001427,P_02439,ADM_01427,2025-04-06,5546.17,4784.59,761.58,Paid,Direct Debit
BILL_001428,P_02252,ADM_01428,2024-08-24,6345.15,4956.91,1388.24,Paid,Credit Card
BILL_001429,P_03372,ADM_01429,2024-03-05,14245.02,11670.3,2574.72,Paid,Credit Card
BILL_001430,P_03418,ADM_01430,2024-02-04,25909.92,18414.31,7495.61,Paid,Medicare
BILL_001431,P_01817,ADM_01431,2024-05-18,19426.24,14828.87,4597.37,Pending,Credit Card
BILL_001432,P_01685,ADM_01432,2024-07-28,7313.46,6267.92,1045.54,Paid,Direct Debit
BILL_001433,P_01685,ADM_01433,2024-08-19,14746.92,13338.92,1408.0,Paid,Medicare
BILL_001434,P_01458,ADM_01434,2024-09-20,5190.8,3731.38,1459.42,Paid,Direct Debit
BILL_001435,P_01458,ADM_01435,2024-10-09,9774.04,8469.27,1304.77,Paid,Medicare
BILL_001436,P_00614,ADM_01436,2024-08-24,7589.11,5644.9,1944.21,Pending,Commercial Insurance
BILL_001437,P_00992,ADM_01437,2024-11-22,9750.15,6917.24,2832.91,Paid,Commercial Insurance
BILL_001438,P_00992,ADM_01438,2024-12-14,20586.46,14222.0,6364.46,Paid,Commercial Insurance
BILL_001439,P_00032,ADM_01439,2025-04-04,9068.81,6741.11,2327.7,Paid,Medicare
BILL_001440,P_03449,ADM_01440,2024-10-12,8018.23,6857.92,1160.31,Paid,Direct Debit
BILL_001441,P_01308,ADM_01441,2025-05-08,10330.57,9528.99,801.58,Pending,Credit Card
BILL_001442,P_00341,ADM_01442,2024-03-02,26281.17,17089.23,9191.94,Pending,direct debit
BILL_001443,P_02453,ADM_01443,2025-02-20,4375.16,4000.9,374.26,Paid,Direct Debit
BILL_001444,P_03260,ADM_01444,2024-10-26,14033.56,12525.97,1507.59,Paid,Credit Card
BILL_001445,P_03260,ADM_01445,2024-12-02,27071.54,21185.07,5886.47,paid,Medicare
BILL_001446,P_01518,ADM_01446,2024-10-02,8587.71,7427.05,1160.66,Paid,Cash
BILL_001447,P_00336,ADM_01447,2024-06-26,10554.03,9780.15,773.88,Paid,Medicare
BILL_001448,P_02383,ADM_01448,2024-04-08,4871.61,3917.49,954.12,Paid,Cash
BILL_001449,P_00931,ADM_01449,2024-03-20,7838.78,5236.51,2602.27,Paid,Medicare
BILL_001450,P_01689,ADM_01450,2025-02-08,6446.24,4705.1,1741.14,Paid,Commercial Insurance
BILL_001451,P_03028,ADM_01451,2024-10-24,7490.28,6145.57,1344.71,Paid,DIRECT DEBIT
BILL_001452,P_00282,ADM_01452,2024-06-18,7166.36,6685.82,480.54,Paid,Commercial Insurance
BILL_001453,P_03192,ADM_01453,2024-02-25,12785.98,8766.92,4019.06,Paid,Medicare
BILL_001454,P_01603,ADM_01454,2025-01-12,10306.07,9398.66,907.41,Paid,Medicare
BILL_001455,P_03130,ADM_01455,2024-01-05,3426.21,2987.24,438.97,Paid,Credit Card
BILL_001456,P_00793,ADM_01456,2024-12-27,5284.76,4055.15,1229.61,Pending,Credit Card
BILL_001457,P_00793,ADM_01457,2025-01-15,10615.19,7253.13,3362.06,Paid,Credit Card
BILL_001458,P_01662,ADM_01458,2024-04-30,2845.22,2301.76,543.46,Overdue,Medicare
BILL_001459,P_02650,ADM_01459,2024-02-25,11068.19,8906.6,2161.59,Paid,Cash
BILL_001460,P_01806,ADM_01460,2024-02-29,7163.07,6800.54,362.53,Pending,Cash
BILL_001461,P_02550,ADM_01461,2024/10/13 00:00:00,7907.58,6019.16,1888.42,Paid,Credit Card
BILL_001462,P_00870,ADM_01462,2025-01-23,14144.1,12803.67,1340.43,Paid,
BILL_001463,P_01533,ADM_01463,2024-10-06,18790.32,12350.07,6440.25,Paid,CREDIT CARD
BILL_001464,P_01536,ADM_01464,2024-07-06,10784.05,8220.21,2563.84,Overdue,
BILL_001465,P_01536,ADM_01465,2024-08-03,6073.18,4982.55,1090.63,Pending,direct debit
BILL_001466,P_02306,ADM_01466,2024-01-22,14572.89,13721.25,851.64,Paid,Cash
BILL_001467,P_02954,ADM_01467,2025-04-07,13333.6,11521.91,1811.69,Paid,Credit Card
BILL_001468,P_02485,ADM_01468,2024-04-12,13166.73,8678.62,4488.11,Pending,Credit Card
BILL_001469,P_02412,ADM_01469,2025-04-09,20012.36,15367.43,4644.93,Paid,Direct Debit
BILL_001470,P_02412,ADM_01470,2025-05-10,12075.65,8230.1,3845.55,Paid,Direct Debit
BILL_001471,P_01056,ADM_01471,2024-02-01,15007.33,14119.69,887.64,Paid,
BILL_001472,P_02579,ADM_01472,2025-04-29,16672.56,15257.43,1415.13,Paid,Direct Debit
BILL_001473,P_03032,ADM_01473,2024-10-25,9629.03,8598.45,1030.58,Paid,Commercial Insurance
BILL_001474,P_00088,ADM_01474,2025-03-17,9514.27,8134.32,1379.95,Paid,Direct Debit
BILL_001475,P_00028,ADM_01475,2024-05-19,12435.06,10804.44,1630.62,Paid,Commercial Insurance
BILL_001476,P_02204,ADM_01476,2024-08-15,21192.1,18979.4,2212.7,Paid,Direct Debit
BILL_001477,P_02204,ADM_01477,2024-09-15,26163.93,22393.48,3770.45,Paid,Direct Debit
BILL_001478,P_03354,ADM_01478,2024-07-31,5597.1,5076.03,521.07,Paid,Medicare
BILL_001479,P_03401,ADM_01479,2025-02-13,10251.85,7809.77,2442.08,Paid,Direct Debit
BILL_001480,P_03401,ADM_01480,2025-03-08,9101.6,6054.25,3047.35,Paid,Credit Card
BILL_001481,P_00082,ADM_01481,2024-01-17,8525.79,5715.64,2810.15,Paid,Medicare
BILL_001482,P_00082,ADM_01482,20-02-2024,9632.12,8917.39,714.73,Overdue,Medicare
BILL_001483,P_02407,ADM_01483,2024-10-30,6586.13,5565.55,1020.58,Paid,
BILL_001484,P_02407,ADM_01484,2024-11-26,10326.19,9724.51,601.68,Paid,Cash
BILL_001485,P_00201,ADM_01485,2025-03-31,21380.8,14703.76,6677.04,Pending,Cash
BILL_001486,P_01664,ADM_01486,2024-09-30,8869.67,7993.08,876.59,Paid,Credit Card
BILL_001487,P_02738,ADM_01487,2024-08-31,13216.66,9823.58,3393.08,Paid,Medicare
BILL_001488,P_03215,ADM_01488,2024-02-18,11674.73,9547.22,2127.51,Paid,Medicare
BILL_001489,P_02858,ADM_01489,2024-09-22,12310.22,11528.74,781.48,Paid,Medicare
BILL_001490,P_02307,ADM_01490,2024-08-12,11089.0,8978.29,2110.71,Paid,Credit Card
BILL_001491,P_01644,ADM_01491,2024-08-13,7406.94,5868.83,1538.11,Paid,Direct Debit
BILL_001492,P_02604,ADM_01492,2025-05-14,15535.3,11902.73,3632.57,Pending,Medicare
BILL_001493,P_02306,ADM_01493,2024-11-01,5212.05,4788.55,423.5,Paid,Medicare
BILL_001494,P_03459,ADM_01494,2025-05-15,7328.07,6890.22,437.85,Pending,medicare
BILL_001495,P_02988,ADM_01495,2025-04-29,13542.88,9573.91,3968.97,Paid,Cash
BILL_001496,P_02993,ADM_01496,2025/02/07 00:00:00,6408.41,4810.25,1598.16,Paid,Cash
BILL_001497,P_00200,ADM_01497,2024-07-02,3776.53,3550.82,225.71,Pending,Medicare
BILL_001498,P_02960,ADM_01498,2024-08-06,8252.29,7793.83,458.46,Paid,Cash
BILL_001499,P_00495,ADM_01499,2024-03-09,4734.5,3129.94,1604.56,Paid,Medicare
BILL_001500,P_01074,ADM_01500,24-08-2024,14817.76,9701.2,5116.56,Paid,Cash
BILL_001501,P_02488,ADM_01501,2024-07-14,10238.68,6972.22,3266.46,PENDING,Commercial Insurance
BILL_001502,P_02731,ADM_01502,2024-12-06,12122.52,10513.28,1609.24,Paid,Cash
BILL_001503,P_01528,ADM_01503,2024-11-10,8956.21,7945.21,1011.0,Paid,Cash
BILL_001504,P_01528,ADM_01504,2024-11-26,13815.47,11331.03,2484.44,Paid,Medicare
BILL_001505,P_00148,ADM_01505,2024-11-15,11971.84,9823.53,2148.31,Paid,Cash
BILL_001506,P_01042,ADM_01506,2024-11-25,4914.98,4430.19,484.79,Overdue,Medicare
BILL_001507,P_02011,ADM_01507,2024-10-26,6947.72,5263.41,1684.31,Paid,Credit Card
BILL_001508,P_02357,ADM_01508,2024-04-22,10343.91,7049.46,3294.45,Paid,
BILL_001509,P_02569,ADM_01509,2024-05-14,21918.77,15851.85,6066.92,Paid,Credit Card
BILL_001510,P_00163,ADM_01510,2024-11-30,9345.66,6713.74,2631.92,Paid,Commercial Insurance
BILL_001511,P_03024,ADM_01511,2024-07-19,18506.9,13072.0,5434.9,Pending,Credit Card
BILL_001512,P_03024,ADM_01512,2024-08-21,17806.32,13199.45,4606.87,Paid,Commercial Insurance
BILL_001513,P_00219,ADM_01513,2024-11-10,16490.3,15075.41,1414.89,Paid,Cash
BILL_001514,P_02011,ADM_01514,2024-09-07,7537.46,6456.4,1081.06,Pending,Credit Card
BILL_001515,P_00646,ADM_01515,2024-11-06,12187.58,8324.63,3862.95,Pending,Commercial Insurance
BILL_001516,P_03056,ADM_01516,2024/03/07 00:00:00,8110.07,6747.5,1362.57,Paid,Direct Debit
BILL_001517,P_03280,ADM_01517,2024-03-21,22752.9,16774.24,5978.66,PAID,
BILL_001518,P_01885,ADM_01518,2024-08-14,11763.56,10899.36,864.2,Paid,Direct Debit
BILL_001519,P_01001,ADM_01519,2024-12-01,5029.83,4376.78,653.05,Paid,Direct Debit
BILL_001520,P_01001,ADM_01520,2025-01-06,12318.72,10284.06,2034.66,Paid,Credit Card
BILL_001521,P_02639,ADM_01521,2024-06-16,13311.55,12383.64,927.91,Paid,Credit Card
BILL_001522,P_02028,ADM_01522,2025-02-10,16074.48,14233.45,1841.03,Overdue,Credit Card
BILL_001523,P_00835,ADM_01523,2025-04-24,21725.86,14749.89,6975.97,Paid,Medicare
BILL_001524,P_00835,ADM_01524,2025-05-08,10110.45,6574.47,3535.98,  Paid  ,Cash
BILL_001525,P_01015,ADM_01525,2025-04-29,28312.74,23482.56,4830.18,Paid,Commercial Insurance
BILL_001526,P_02028,ADM_01526,2024-01-22,11711.41,10274.31,1437.1,Paid,Commercial Insurance
BILL_001527,P_01882,ADM_01527,2024-01-29,5374.22,4516.31,857.91,Pending,Commercial Insurance
BILL_001528,P_03225,ADM_01528,2024-07-16,8933.66,7018.91,1914.75,Paid,Direct Debit
BILL_001529,P_02637,ADM_01529,2024-08-07,12084.39,8481.19,3603.2,Pending,Medicare
BILL_001530,P_00818,ADM_01530,2024-02-24,6592.89,5984.06,608.83,Pending,Credit Card
BILL_001531,P_03240,ADM_01531,2025-05-18,9226.38,7834.24,1392.14,Paid,Direct Debit
BILL_001532,P_03240,ADM_01532,2025-06-09,14562.57,11851.27,2711.3,paid,Cash
BILL_001533,P_03109,ADM_01533,2024-05-06,15136.55,13754.68,1381.87,Paid,Direct Debit
BILL_001534,P_03109,ADM_01534,2024-06-12,21651.16,14893.39,6757.77,Pending,Cash
BILL_001535,P_00248,ADM_01535,2024-01-14,10633.34,8872.21,1761.13,Paid,Medicare
BILL_001536,P_03067,ADM_01536,2024-09-05,8472.75,6158.81,2313.94,Pending,Commercial Insurance
BILL_001537,P_00616,ADM_01537,2025-04-21,8808.71,6574.88,2233.83,paid,Credit Card
BILL_001538,P_02069,ADM_01538,2025-03-27,5076.83,4289.45,787.38,Overdue,Cash
BILL_001539,P_02550,ADM_01539,2024-04-30,18042.18,14235.47,3806.71,  Pending  ,Commercial Insurance
BILL_001540,P_02571,ADM_01540,2024-05-15,17898.04,15307.31,2590.73,Paid,credit card
BILL_001541,P_00861,ADM_01541,2024-06-10,8850.31,6475.2,2375.11,Paid,medicare
BILL_001542,P_00861,ADM_01542,2024-06-28,8603.92,7309.15,1294.77,Paid,Cash
BILL_001543,P_02046,ADM_01543,2025-03-15,3926.55,2889.39,1037.16,Paid,Medicare
BILL_001544,P_00218,ADM_01544,2025-03-27,14628.34,10209.87,4418.47,Paid,Direct Debit
BILL_001545,P_02815,ADM_01545,2024-07-21,13987.92,11487.83,2500.09,Overdue,Cash
BILL_001546,P_01325,ADM_01546,2024-08-04,7024.54,6172.24,852.3,Paid,Cash
BILL_001547,P_00506,ADM_01547,2024-06-28,13363.04,11365.89,1997.15,Pending,Credit Card
BILL_001548,P_00695,ADM_01548,2024-12-12,13017.18,8955.71,4061.47,Paid,Direct Debit
BILL_001549,P_03427,ADM_01549,2025-01-22,6561.15,4913.1,1648.05,Paid,Commercial Insurance
BILL_001550,P_01132,ADM_01550,2024-07-19,11191.62,9309.22,1882.4,Paid,Direct Debit
BILL_001551,P_01132,ADM_01551,2024-08-07,15479.39,14513.25,966.14,Pending,Commercial Insurance
BILL_001552,P_01062,ADM_01552,2024-12-19,5951.06,4450.38,1500.68,Paid,Cash
BILL_001553,P_01062,ADM_01553,2025-01-22,10043.1,9336.84,706.26,Paid,Cash
BILL_001554,P_02338,ADM_01554,2025-03-14,5195.11,3627.0,1568.11,Paid,Direct Debit
BILL_001555,P_01465,ADM_01555,2024-07-23,8201.35,7702.22,499.13,Paid,Commercial Insurance
BILL_001556,P_02591,ADM_01556,2025-01-17,11511.43,10138.31,1373.12,Paid,Direct Debit
BILL_001557,P_01193,ADM_01557,2024-09-10,7415.99,5056.12,2359.87,  Paid  ,Cash
BILL_001558,P_00171,ADM_01558,2024-06-27,9668.55,9069.88,598.67,Paid,Medicare
BILL_001559,P_02166,ADM_01559,2024-05-20,3487.79,3035.54,452.25,Paid,Direct Debit
BILL_001560,P_01781,ADM_01560,2024-07-05,5761.85,4374.38,1387.47,Paid,Medicare
BILL_001561,P_01781,ADM_01561,2024-07-31,9837.37,9030.3,807.07,Paid,Direct Debit
BILL_001562,P_00276,ADM_01562,2025-04-10,6184.42,5707.14,477.28,Paid,Direct Debit
BILL_001563,P_00276,ADM_01563,2025-05-05,16856.9,11421.47,5435.43,Paid,Medicare
BILL_001564,P_02510,ADM_01564,2024-12-10,6263.02,4485.87,1777.15,Paid,Direct Debit
BILL_001565,P_02318,ADM_01565,2024-12-30,5881.23,5227.11,654.12,Paid,Medicare
BILL_001566,P_02428,ADM_01566,2024-03-31,8289.76,7699.87,589.89,Paid,Credit Card
BILL_001567,P_02635,ADM_01567,2024-12-03,6459.22,4507.14,1952.08,Paid,Commercial Insurance
BILL_001568,P_02489,ADM_01568,2024-09-19,9096.14,8602.61,493.53,Paid,Direct Debit
BILL_001569,P_03077,ADM_01569,2024-04-25,13918.64,12961.0,957.64,Paid,Medicare
BILL_001570,P_02881,ADM_01570,2025-04-09,6411.24,4833.57,1577.67,Pending,Cash
BILL_001571,P_02881,ADM_01571,2025-04-23,16236.05,12286.26,3949.79,Paid,Direct Debit
BILL_001572,P_01317,ADM_01572,2024-01-06,7910.97,7280.5,630.47,Paid,direct debit
BILL_001573,P_02911,ADM_01573,2024-02-29,9126.08,6259.31,2866.77,Pending,Direct Debit
BILL_001574,P_00212,ADM_01574,2025-04-09,8629.78,6918.85,1710.93,Paid,Direct Debit
BILL_001575,P_00212,ADM_01575,2025-05-12,24558.78,16833.56,7725.22,Paid,Cash
BILL_001576,P_02133,ADM_01576,2024-08-01,16156.04,14597.81,1558.23,  Paid  ,Direct Debit
BILL_001577,P_02831,ADM_01577,2024-03-22,11924.35,7871.56,4052.79,Paid,Commercial Insurance
BILL_001578,P_00511,ADM_01578,2024-12-08,7014.0,5620.24,1393.76,Paid,Commercial Insurance
BILL_001579,P_00417,ADM_01579,2024-06-15,17454.31,14830.36,2623.95,Paid,Credit Card
BILL_001580,P_00417,ADM_01580,2024-07-04,7694.68,5955.3,1739.38,Paid,Credit Card
BILL_001581,P_03260,ADM_01581,2025-01-13,24743.97,21030.66,3713.31,Paid,Direct Debit
BILL_001582,P_03260,ADM_01582,2025-02-01,16547.64,15086.7,1460.94,Paid,Commercial Insurance
BILL_001583,P_02120,ADM_01583,2025-03-31,9767.11,7299.39,2467.72,Paid,Direct Debit
BILL_001584,P_02186,ADM_01584,2025-04-09,14165.41,9422.19,4743.22,Pending,Cash
BILL_001585,P_01027,ADM_01585,2025-01-11,10475.26,9396.93,1078.33,  Paid  ,Direct Debit
BILL_001586,P_03010,ADM_01586,2024-08-01,16924.31,11423.0,5501.31,Paid,Medicare
BILL_001587,P_03010,ADM_01587,2024-08-24,28412.61,25171.33,3241.28,Paid,Credit Card
BILL_001588,P_00648,ADM_01588,2024-03-17,11617.31,8164.02,3453.29,Paid,Cash
BILL_001589,P_03104,ADM_01589,2024-03-24,4574.89,3751.95,822.94,Paid,Medicare
BILL_001590,P_00162,ADM_01590,2024-09-04,7113.08,6487.4,625.68,Paid,Commercial Insurance
BILL_001591,P_02536,ADM_01591,2024-12-01,5634.44,4537.32,1097.12,Paid,  Commercial Insurance  
BILL_001592,P_02417,ADM_01592,2024-09-12,8974.88,8269.17,705.71,Paid,Credit Card
BILL_001593,P_02902,ADM_01593,2025-04-13,6993.68,5514.73,1478.95,Paid,Medicare
BILL_001594,P_02871,ADM_01594,2024-09-08,4553.65,3748.48,805.17,Pending,Cash
BILL_001595,P_00732,ADM_01595,2025-03-12,12435.74,11784.7,651.04,Paid,Medicare
BILL_001596,P_00896,ADM_01596,2025-03-30,7444.57,5755.08,1689.49,Paid,Medicare
BILL_001597,P_02818,ADM_01597,2025-01-04,10931.39,9608.21,1323.18,Paid,Commercial Insurance
BILL_001598,P_01162,ADM_01598,2025-02-18,7232.61,6087.92,1144.69,Pending,Cash
BILL_001599,P_01771,ADM_01599,2024-06-03,10157.95,7083.09,3074.86,Paid,Cash
BILL_001600,P_02179,ADM_01600,2024-12-15,14156.32,10377.64,3778.68,Paid,Cash
BILL_001601,P_02179,ADM_01601,2025-01-15,10021.03,6528.25,3492.78,Paid,Credit Card
BILL_001602,P_03087,ADM_01602,2024-10-30,11199.32,8622.54,2576.78,Paid,Credit Card
BILL_001603,P_03087,ADM_01603,2024/11/16 00:00:00,22002.05,15823.8,6178.25,Pending,Medicare
BILL_001604,P_02259,ADM_01604,2025-02-12,2441.55,2079.88,361.67,Paid,Medicare
BILL_001605,P_01562,ADM_01605,2025-05-14,9274.12,8173.17,1100.95,Pending,Credit Card
BILL_001606,P_01562,ADM_01606,2025-06-10,10124.1,8878.3,1245.8,Paid,  Credit Card  
BILL_001607,P_02114,ADM_01607,04-09-2024,6020.91,5345.03,675.88,Overdue,Commercial Insurance
BILL_001608,P_01124,ADM_01608,2024-11-30,2548.51,1932.92,615.59,Paid,Medicare
BILL_001609,P_01871,ADM_01609,11-02-2024,2624.12,2156.98,467.14,Paid,Cash
BILL_001610,P_01871,ADM_01610,2024-03-12,3216.44,2249.57,966.87,  Pending  ,Credit Card
BILL_001611,P_02972,ADM_01611,2024-12-18,7791.27,6764.49,1026.78,Pending,Medicare
BILL_001612,P_02666,ADM_01612,2024-06-15,8985.51,7075.39,1910.12,Paid,Medicare
BILL_001613,P_00234,ADM_01613,2024-01-13,16475.87,15107.89,1367.98,Pending,Commercial Insurance
BILL_001614,P_00014,ADM_01614,2024-09-07,8827.63,7606.8,1220.83,Paid,Medicare
BILL_001615,P_03172,ADM_01615,2024-10-22,10596.56,7406.74,3189.82,Paid,Cash
BILL_001616,P_03246,ADM_01616,2024-05-05,27794.3,22415.3,5379.0,Paid,Credit Card
BILL_001617,P_01705,ADM_01617,2024-03-06,3361.1,2508.71,852.39,Paid,Medicare
BILL_001618,P_00048,ADM_01618,2025-04-21,15619.98,11314.43,4305.55,Pending,Commercial Insurance
BILL_001619,P_03372,ADM_01619,2024-10-13,8388.81,7865.22,523.59,Paid,Medicare
BILL_001620,P_00702,ADM_01620,2025-04-09,9919.26,6715.51,3203.75,Overdue,Credit Card
BILL_001621,P_00804,ADM_01621,2024-12-31,6616.55,4846.53,1770.02,Paid,Credit Card
BILL_001622,P_00804,ADM_01622,2025-01-13,13412.99,12502.78,910.21,Paid,Commercial Insurance
BILL_001623,P_01694,ADM_01623,2024-12-07,9606.18,7377.51,2228.67,Paid,credit card
BILL_001624,P_00408,ADM_01624,2024-11-03,5448.18,5098.11,350.07,Paid,Medicare
BILL_001625,P_02755,ADM_01625,2025-05-18,6267.83,5199.45,1068.38,Paid,Cash
BILL_001626,P_01647,ADM_01626,2025-01-15,14124.98,12023.29,2101.69,PAID,Cash
BILL_001627,P_01032,ADM_01627,2024-09-14,14975.98,9851.48,5124.5,Paid,Commercial Insurance
BILL_001628,P_00584,ADM_01628,2024-05-12,19920.21,18208.74,1711.47,Paid,  Direct Debit  
BILL_001629,P_01995,ADM_01629,2025-02-11,12444.57,8416.78,4027.79,Overdue,Commercial Insurance
BILL_001630,P_01995,ADM_01630,2025-03-19,14738.64,13425.98,1312.66,Paid,Direct Debit
BILL_001631,P_03384,ADM_01631,2024-04-24,8014.95,5753.83,2261.12,Paid,Direct Debit
BILL_001632,P_02114,ADM_01632,2024-08-17,7220.05,6331.26,888.79,Paid,Commercial Insurance
BILL_001633,P_03343,ADM_01633,2024-12-04,6806.72,5150.48,1656.24,Pending,Commercial Insurance
BILL_001634,P_01259,ADM_01634,2025-01-19,13752.92,11206.32,2546.6,Paid,Credit Card
BILL_001635,P_01259,ADM_01635,2025-02-26,13444.19,9891.83,3552.36,Paid,Credit Card
BILL_001636,P_00290,ADM_01636,2024-08-16,4828.94,4341.31,487.63,Paid,Credit Card
BILL_001637,P_01001,ADM_01637,2025-04-04,6379.98,5906.1,473.88,Paid,Credit Card
BILL_001638,P_01001,ADM_01638,2025-04-23,13449.79,10192.96,3256.83,Paid,Medicare
BILL_001639,P_00431,ADM_01639,2024-10-07,16755.91,14183.64,2572.27,Paid,Cash
BILL_001640,P_00221,ADM_01640,2025-01-18,19914.25,16597.86,3316.39,Paid,Medicare
BILL_001641,P_01063,ADM_01641,2024-01-17,8414.33,6136.15,2278.18,Paid,Direct Debit
BILL_001642,P_02087,ADM_01642,2024-05-08,9689.22,8093.9,1595.32,paid,MEDICARE
BILL_001643,P_02087,ADM_01643,2024-05-23,23520.2,20804.3,2715.9,Overdue,
BILL_001644,P_00154,ADM_01644,2024-03-10,7501.46,6047.1,1454.36,Pending,Cash
BILL_001645,P_02894,ADM_01645,2024-01-19,13404.75,10758.12,2646.63,Pending,  Credit Card  
BILL_001646,P_02121,ADM_01646,2025-05-16,8310.44,5618.57,2691.87,Pending,Commercial Insurance
BILL_001647,P_01928,ADM_01647,2024-08-21,12825.07,10657.6,2167.47,Paid,Cash
BILL_001648,P_03111,ADM_01648,2024-05-26,5712.17,3935.41,1776.76,Paid,Direct Debit
BILL_001649,P_00045,ADM_01649,2024-12-11,12725.12,8722.55,4002.57,Paid,Cash
BILL_001650,P_02639,ADM_01650,2024-12-07,3264.54,2165.75,1098.79,Paid,Credit Card
BILL_001651,P_01257,ADM_01651,2024-03-15,11347.54,9735.19,1612.35,Overdue,Medicare
BILL_001652,P_03297,ADM_01652,2024-06-06,17394.86,14882.7,2512.16,Paid,Commercial Insurance
BILL_001653,P_02577,ADM_01653,2024-02-29,7548.75,6912.64,636.11,Paid,Direct Debit
BILL_001654,P_01368,ADM_01654,2024-10-29,23885.72,18393.56,5492.16,Paid,Cash
BILL_001655,P_03113,ADM_01655,2024-12-24,20698.92,16047.02,4651.9,Paid,Medicare
BILL_001656,P_01464,ADM_01656,2025-01-23,3942.0,2928.9,1013.1,Paid,Direct Debit
BILL_001657,P_02004,ADM_01657,2025-02-13,8058.9,5545.65,2513.25,Paid,Credit Card
BILL_001658,P_03131,ADM_01658,2025-04-03,6127.73,4246.16,1881.57,Paid,Credit Card
BILL_001659,P_02035,ADM_01659,2025-04-13,6688.17,5493.98,1194.19,Paid,Direct Debit
BILL_001660,P_01951,ADM_01660,2025-04-17,6243.42,5289.46,953.96,Paid,Credit Card
BILL_001661,P_01951,ADM_01661,2025-05-13,3603.68,2497.83,1105.85,PAID,Credit Card
BILL_001662,P_00528,ADM_01662,2024-11-10,10955.61,9681.93,1273.68,Paid,Commercial Insurance
BILL_001663,P_00915,ADM_01663,2024-08-28,15751.11,14920.74,830.37,Paid,Cash
BILL_001664,P_01138,ADM_01664,2024-09-05,7683.82,6882.78,801.04,overdue,Cash
BILL_001665,P_01138,ADM_01665,2024-09-26,19074.98,14216.96,4858.02,Paid,MEDICARE
BILL_001666,P_03029,ADM_01666,2024-08-02,12104.96,10093.83,2011.13,Paid,
BILL_001667,P_02643,ADM_01667,2025-03-07,10596.8,7261.86,3334.94,Pending,Direct Debit
BILL_001668,P_02643,ADM_01668,2025-04-07,14839.34,10060.83,4778.51,Paid,Cash
BILL_001669,P_02043,ADM_01669,2024-12-06,8500.49,5876.67,2623.82,Paid,Medicare
BILL_001670,P_00165,ADM_01670,2024-11-21,13884.88,10955.86,2929.02,Paid,Credit Card
BILL_001671,P_01985,ADM_01671,2024-09-27,16227.1,13240.85,2986.25,Paid,Commercial Insurance
BILL_001672,P_01985,ADM_01672,2024-10-25,16146.63,13470.54,2676.09,Paid,Commercial Insurance
BILL_001673,P_01333,ADM_01673,2024-12-07,5363.9,4819.38,544.52,Paid,Credit Card
BILL_001674,P_01143,ADM_01674,08-11-2024,12520.37,8547.11,3973.26,Paid,Credit Card
BILL_001675,P_01836,ADM_01675,2024-12-16,13122.96,8631.75,4491.21,Pending,Medicare
BILL_001676,P_01836,ADM_01676,2025-01-10,15189.13,12061.45,3127.68,Paid,Cash
BILL_001677,P_03472,ADM_01677,2025-04-04,3552.25,3219.66,332.59,OVERDUE,Direct Debit
BILL_001678,P_03027,ADM_01678,2025/05/11 00:00:00,8076.88,7262.56,814.32,Paid,Credit Card
BILL_001679,P_03027,ADM_01679,2025-06-09,12060.62,9471.08,2589.54,Paid,Commercial Insurance
BILL_001680,P_00762,ADM_01680,2024-12-28,21475.4,17253.11,4222.29,Paid,Cash
BILL_001681,P_00762,ADM_01681,2025-01-18,14538.62,10823.41,3715.21,  Pending  ,Direct Debit
BILL_001682,P_00898,ADM_01682,2024-05-18,3224.67,2860.05,364.62,Pending,Medicare
BILL_001683,P_01844,ADM_01683,2025-01-01,7304.06,4931.26,2372.8,Paid,UNKNOWN_VAL
BILL_001684,P_02062,ADM_01684,2024-10-11,15651.16,11579.07,4072.09,Paid,Credit Card
BILL_001685,P_00675,ADM_01685,2025-05-17,4778.49,3564.43,1214.06,Paid,Direct Debit
BILL_001686,P_00129,ADM_01686,2024-08-29,10779.09,8279.84,2499.25,Paid,Commercial Insurance
BILL_001687,P_01136,ADM_01687,2025-01-30,4810.13,4385.78,424.35,Paid,Commercial Insurance
BILL_001688,P_00279,ADM_01688,2025-02-05,2196.85,1882.65,314.2,Paid,Cash
BILL_001689,P_01817,ADM_01689,2024-12-16,15103.04,13937.91,1165.13,Paid,Direct Debit
BILL_001690,P_01145,ADM_01690,2025-04-30,5250.11,4465.02,785.09,Paid,Medicare
BILL_001691,P_02261,ADM_01691,2024-07-29,3001.04,2348.29,652.75,  Paid  ,
BILL_001692,P_00611,ADM_01692,2024-03-09,6703.21,5135.19,1568.02,Paid,Medicare
BILL_001693,P_02039,ADM_01693,2024-12-27,13535.55,12616.45,919.1,Paid,Medicare
BILL_001694,P_00337,ADM_01694,2025/02/22 00:00:00,15874.92,11292.34,4582.58,Pending,Medicare
BILL_001695,P_00337,ADM_01695,2025-02-26,4558.87,3004.74,1554.13,Paid,Commercial Insurance
BILL_001696,P_00993,ADM_01696,2024-06-19,6766.8,6410.06,356.74,Paid,cash
BILL_001697,P_02702,ADM_01697,2024-04-29,9571.26,7575.0,1996.26,Pending,Cash
BILL_001698,P_00552,ADM_01698,2025-03-12,11959.72,8895.02,3064.7,Paid,Medicare
BILL_001699,P_02320,ADM_01699,03/26/2025,7918.98,7499.35,419.63,Pending,Credit Card
BILL_001700,P_03324,ADM_01700,2025-01-25,9346.83,7239.58,2107.25,paid,Cash
BILL_001701,P_00933,ADM_01701,2024-02-24,8842.88,7340.5,1502.38,Paid,Credit Card
BILL_001702,P_03034,ADM_01702,2025-04-27,8106.76,6994.89,1111.87,Paid,Cash
BILL_001703,P_00659,ADM_01703,2024/09/04 00:00:00,11199.08,10451.7,747.38,Pending,Credit Card
BILL_001704,P_00432,ADM_01704,2024-02-04,7271.29,6294.85,976.44,PAID,Cash
BILL_001705,P_01004,ADM_01705,2024-05-08,6241.32,4284.4,1956.92,Paid,Credit Card
BILL_001706,P_03341,ADM_01706,2024-02-22,4766.46,3491.02,1275.44,Paid,Medicare
BILL_001707,P_01505,ADM_01707,2024-02-21,14738.36,11392.38,3345.98,Paid,Credit Card
BILL_001708,P_01007,ADM_01708,2024-05-06,4568.45,3285.63,1282.82,PENDING,Cash
BILL_001709,P_02986,ADM_01709,2024-07-02,4115.37,3510.29,605.08,Paid,Credit Card
BILL_001710,P_01213,ADM_01710,2025-05-16,9627.68,8025.56,1602.12,Paid,Direct Debit
BILL_001711,P_01355,ADM_01711,2024-07-17,9821.12,7966.65,1854.47,Paid,Commercial Insurance
BILL_001712,P_02752,ADM_01712,2024-04-18,8230.88,6358.99,1871.89,Paid,Credit Card
BILL_001713,P_00448,ADM_01713,2024-03-01,7191.57,5203.9,1987.67,Paid,Cash
BILL_001714,P_02622,ADM_01714,2024-01-20,13721.08,9661.53,4059.55,Paid,Cash
BILL_001715,P_03019,ADM_01715,2024-12-03,12628.95,11033.59,1595.36,Paid,Direct Debit
BILL_001716,P_01477,ADM_01716,2024-04-06,8473.16,7870.12,603.04,Paid,Direct Debit
BILL_001717,P_01477,ADM_01717,2024-04-29,11998.55,8596.13,3402.42,Paid,Medicare
BILL_001718,P_01793,ADM_01718,2025-01-28,22521.8,16344.55,6177.25,Paid,Commercial Insurance
BILL_001719,P_01088,ADM_01719,2024-06-17,16790.88,14308.17,2482.71,Paid,Commercial Insurance
BILL_001720,P_01677,ADM_01720,2025-05-14,13344.85,9054.33,4290.52,paid,Credit Card
BILL_001721,P_02339,ADM_01721,06/16/2024,12986.61,10107.27,2879.34,Paid,Direct Debit
BILL_001722,P_02188,ADM_01722,2025-03-16,12428.6,8783.19,3645.41,Paid,Direct Debit
BILL_001723,P_03127,ADM_01723,2024-10-05,10177.8,6777.32,3400.48,Paid,MEDICARE
BILL_001724,P_02949,ADM_01724,2024-07-12,14062.07,9639.89,4422.18,Paid,direct debit
BILL_001725,P_02507,ADM_01725,2025-02-23,4408.16,3222.17,1185.99,Paid,Commercial Insurance
BILL_001726,P_00750,ADM_01726,2024-03-14,10569.26,9554.85,1014.41,Paid,Direct Debit
BILL_001727,P_00943,ADM_01727,2024-09-22,6649.3,6140.27,509.03,Paid,  Cash  
BILL_001728,P_02575,ADM_01728,2025-03-30,10633.63,9008.37,1625.26,Pending,Credit Card
BILL_001729,P_01377,ADM_01729,2025-04-27,17851.04,13000.64,4850.4,Paid,Credit Card
BILL_001730,P_02037,ADM_01730,2024-02-21,9705.49,8439.49,1266.0,Pending,Cash
BILL_001731,P_03364,ADM_01731,2025-02-20,7968.81,6281.36,1687.45,Paid,Cash
BILL_001732,P_00539,ADM_01732,2024-04-09,12312.15,8731.0,3581.15,Paid,Medicare
BILL_001733,P_02002,ADM_01733,05/19/2024,18863.81,17167.0,1696.81,Paid,Commercial Insurance
BILL_001734,P_01600,ADM_01734,2025-02-18,16763.4,15446.1,1317.3,Paid,Medicare
BILL_001735,P_01157,ADM_01735,2024-01-27,4875.88,3901.71,974.17,Paid,Medicare
BILL_001736,P_02094,ADM_01736,2024-07-24,11184.77,8510.72,2674.05,Paid,Medicare
BILL_001737,P_01874,ADM_01737,2025-02-18,4383.15,3649.53,733.62,Paid,Medicare
BILL_001738,P_02432,ADM_01738,2025-02-10,7513.33,5426.42,2086.91,Paid,Credit Card
BILL_001739,P_02669,ADM_01739,2024-12-06,11336.0,8891.7,2444.3,Paid,  Credit Card  
BILL_001740,P_00573,ADM_01740,2024-01-17,13275.56,12259.52,1016.04,Paid,Direct Debit
BILL_001741,P_00644,ADM_01741,2024-05-17,13381.44,12414.17,967.27,Paid,Commercial Insurance
BILL_001742,P_00644,ADM_01742,2024-06-03,29217.33,24579.09,4638.24,Paid,Medicare
BILL_001743,P_03096,ADM_01743,2024-02-06,13423.7,9396.15,4027.55,Paid,Medicare
BILL_001744,P_03336,ADM_01744,2024-03-17,9236.62,6735.41,2501.21,PAID,Direct Debit
BILL_001745,P_03336,ADM_01745,2024-04-09,3871.75,3416.1,455.65,Paid,CREDIT CARD
BILL_001746,P_01627,ADM_01746,2024-07-12,16172.24,12895.35,3276.89,Paid,Medicare
BILL_001747,P_02895,ADM_01747,2024-06-04,7676.96,6004.18,1672.78,Paid,Credit Card
BILL_001748,P_00233,ADM_01748,2024-03-12,7804.77,6571.59,1233.18,Paid,
BILL_001749,P_03071,ADM_01749,2024-06-06,10902.21,8161.9,2740.31,Paid,Commercial Insurance
BILL_001750,P_02176,ADM_01750,2025-05-06,9060.84,6281.42,2779.42,Pending,Credit Card
BILL_001751,P_02348,ADM_01751,2024-03-26,14720.44,12855.35,1865.09,Paid,Direct Debit
BILL_001752,P_03221,ADM_01752,2024-11-02,6161.81,4957.24,1204.57,Paid,Medicare
BILL_001753,P_01076,ADM_01753,2025-04-23,8285.93,7102.62,1183.31,  Paid  ,MEDICARE
BILL_001754,P_02914,ADM_01754,2024-07-03,8742.08,6895.86,1846.22,Paid,Direct Debit
BILL_001755,P_00476,ADM_01755,2024-08-20,6304.52,4145.47,2159.05,Paid,Commercial Insurance
BILL_001756,P_02907,ADM_01756,2024-12-17,8072.19,6296.73,1775.46,Paid,
BILL_001757,P_01800,ADM_01757,2024-10-01,7755.45,5311.57,2443.88,Paid,COMMERCIAL INSURANCE
BILL_001758,P_00097,ADM_01758,2024-04-22,6115.15,5066.95,1048.2,Paid,Credit Card
BILL_001759,P_02727,ADM_01759,09/01/2024,3352.98,2428.96,924.02,Paid,Medicare
BILL_001760,P_02911,ADM_01760,2025-01-31,7579.05,5119.14,2459.91,Paid,Commercial Insurance
BILL_001761,P_02984,ADM_01761,2024-06-23,6376.96,5459.72,917.24,Pending,Commercial Insurance
BILL_001762,P_02263,ADM_01762,2024-05-03,7511.82,4912.14,2599.68,Paid,Credit Card
BILL_001763,P_00066,ADM_01763,2024-01-07,8631.61,5919.44,2712.17,Pending,Medicare
BILL_001764,P_00538,ADM_01764,2025-01-08,13217.99,9627.38,3590.61,Paid,Cash
BILL_001765,P_02662,ADM_01765,2024-12-15,3184.67,2209.07,975.6,PAID,Cash
BILL_001766,P_03249,ADM_01766,2025-05-17,5842.4,5230.2,612.2,Paid,Direct Debit
BILL_001767,P_01721,ADM_01767,09/07/2024,7940.53,5771.24,2169.29,Paid,Cash
BILL_001768,P_00861,ADM_01768,2024-12-27,8977.57,8191.47,786.1,Paid,Credit Card
BILL_001769,P_01872,ADM_01769,2025-01-11,6331.87,5189.1,1142.77,Paid,Cash
BILL_001770,P_02491,ADM_01770,2025-02-05,9810.14,7398.74,2411.4,Paid,Direct Debit
BILL_001771,P_01412,ADM_01771,25-01-2024,6055.05,4841.57,1213.48,Paid,Commercial Insurance
BILL_001772,P_01807,ADM_01772,2024-02-07,5785.71,3813.6,1972.11,Paid,Credit Card
BILL_001773,P_01807,ADM_01773,2024-03-13,13889.01,11871.74,2017.27,Paid,Credit Card
BILL_001774,P_01579,ADM_01774,2024-12-13,10661.9,7587.43,3074.47,Pending,Commercial Insurance
BILL_001775,P_00888,ADM_01775,2024-02-06,5145.08,3376.14,1768.94,Pending,Cash
BILL_001776,P_00457,ADM_01776,2024-07-05,10438.88,6881.15,3557.73,Paid,Commercial Insurance
BILL_001777,P_00797,ADM_01777,2024-10-13,4789.34,4178.24,611.1,OVERDUE,Commercial Insurance
BILL_001778,P_02328,ADM_01778,2024-02-03,18093.75,14054.25,4039.5,Paid,Direct Debit
BILL_001779,P_01914,ADM_01779,2025-03-18,14017.05,12617.16,1399.89,  Paid  ,Credit Card
BILL_001780,P_01914,ADM_01780,2025-04-10,20826.65,15160.64,5666.01,Pending,Cash
BILL_001781,P_01128,ADM_01781,2025-01-27,22411.41,20553.65,1857.76,Paid,direct debit
BILL_001782,P_03143,ADM_01782,2024-12-19,7736.08,7095.29,640.79,Paid,Commercial Insurance
BILL_001783,P_02485,ADM_01783,2024-10-03,16624.71,11137.02,5487.69,Pending,cash
BILL_001784,P_00002,ADM_01784,2024-02-01,3255.15,2822.12,433.03,Paid,Cash
BILL_001785,P_02684,ADM_01785,2024-02-18,7608.04,5445.62,2162.42,Paid,Cash
BILL_001786,P_02140,ADM_01786,2025-03-14,9704.4,8605.35,1099.05,Paid,Cash
BILL_001787,P_01005,ADM_01787,2024-11-28,7934.92,6410.73,1524.19,Paid,Cash
BILL_001788,P_00155,ADM_01788,2024-05-03,7860.2,5419.33,2440.87,Pending,Commercial Insurance
BILL_001789,P_00155,ADM_01789,06/09/2024,13087.51,10431.0,2656.51,Paid,  Medicare  
BILL_001790,P_02556,ADM_01790,2025-01-10,14548.83,13115.91,1432.92,Paid,Credit Card
BILL_001791,P_01478,ADM_01791,2025-02-18,14483.52,10877.95,3605.57,Pending,Medicare
BILL_001792,P_00057,ADM_01792,2024-10-06,17166.52,11477.43,5689.09,Paid,Medicare
BILL_001793,P_00013,ADM_01793,2024-05-26,6704.98,5885.94,819.04,Paid,DIRECT DEBIT
BILL_001794,P_00694,ADM_01794,2024-03-06,6367.92,5588.96,778.96,Paid,Medicare
BILL_001795,P_01818,ADM_01795,2024-11-18,4236.26,3207.15,1029.11,Paid,Direct Debit
BILL_001796,P_02113,ADM_01796,2024-06-22,11898.98,10956.9,942.08,Paid,Medicare
BILL_001797,P_00021,ADM_01797,2024-06-27,13464.13,11817.36,1646.77,  Paid  ,Medicare
BILL_001798,P_00177,ADM_01798,2024-11-15,5328.55,4221.7,1106.85,Paid,Medicare
BILL_001799,P_01017,ADM_01799,2024-08-02,6531.63,5746.91,784.72,Pending,Medicare
BILL_001800,P_01825,ADM_01800,2024-09-21,12570.48,8337.61,4232.87,Paid,Direct Debit
BILL_001801,P_00512,ADM_01801,2025-01-31,10982.73,8915.44,2067.29,Paid,Direct Debit
BILL_001802,P_00926,ADM_01802,2024-05-19,3772.56,3018.9,753.66,PAID,Commercial Insurance
BILL_001803,P_02822,ADM_01803,2025-04-11,4344.78,4114.61,230.17,Paid,Commercial Insurance
BILL_001804,P_01582,ADM_01804,2024-12-16,22897.79,20104.65,2793.14,Paid,Credit Card
BILL_001805,P_00825,ADM_01805,2025-04-15,18952.98,12770.62,6182.36,Pending,Cash
BILL_001806,P_02929,ADM_01806,2024-08-19,4992.31,3440.97,1551.34,Paid,Credit Card
BILL_001807,P_02781,ADM_01807,2024-12-15,11016.59,10350.38,666.21,Paid,Credit Card
BILL_001808,P_03014,ADM_01808,2024-10-06,14566.59,11384.92,3181.67,Paid,Credit Card
BILL_001809,P_03078,ADM_01809,2024-01-30,5886.49,4925.91,960.58,Paid,Medicare
BILL_001810,P_01875,ADM_01810,2025-05-23,14359.95,11188.12,3171.83,Paid,  Commercial Insurance  
BILL_001811,P_01875,ADM_01811,2025-06-10,13100.27,11065.57,2034.7,PAID,Commercial Insurance
BILL_001812,P_02372,ADM_01812,2024-10-05,8118.49,5548.5,2569.99,Paid,Cash
BILL_001813,P_01937,ADM_01813,2024-02-13,9849.3,7260.02,2589.28,PAID,Credit Card
BILL_001814,P_03456,ADM_01814,2024-08-13,7507.29,5561.66,1945.63,Pending,Direct Debit
BILL_001815,P_02448,ADM_01815,2024-03-21,7944.55,6394.12,1550.43,Paid,Commercial Insurance
BILL_001816,P_01797,ADM_01816,2024-01-13,6672.82,5260.64,1412.18,Paid,Commercial Insurance
BILL_001817,P_01977,ADM_01817,2024-04-15,9151.64,7137.31,2014.33,Paid,Cash
BILL_001818,P_03433,ADM_01818,2024-07-13,6710.41,5140.64,1569.77,Overdue,Commercial Insurance
BILL_001819,P_02856,ADM_01819,2024-03-16,11100.77,10230.27,870.5,Paid,Credit Card
BILL_001820,P_03185,ADM_01820,2024-12-13,11631.1,8575.27,3055.83,Paid,Credit Card
BILL_001821,P_00854,ADM_01821,2025-02-07,12214.46,10400.95,1813.51,Paid,
BILL_001822,P_00757,ADM_01822,2024-03-31,19259.58,17209.97,2049.61,Paid,Commercial Insurance
BILL_001823,P_03197,ADM_01823,2024-08-27,8240.75,5614.44,2626.31,Paid,Medicare
BILL_001824,P_00472,ADM_01824,2024-05-05,14102.32,12226.82,1875.5,Paid,Direct Debit
BILL_001825,P_03177,ADM_01825,2024-07-20,10305.33,8912.94,1392.39,paid,Commercial Insurance
BILL_001826,P_00004,ADM_01826,2025-04-21,17470.75,12737.41,4733.34,  Paid  ,Direct Debit
BILL_001827,P_02677,ADM_01827,2024-01-27,8613.76,8131.34,482.42,Paid,Commercial Insurance
BILL_001828,P_01101,ADM_01828,2025-03-05,12671.39,9450.95,3220.44,Paid,Direct Debit
BILL_001829,P_01662,ADM_01829,2024-12-08,16985.77,14710.26,2275.51,Pending,Commercial Insurance
BILL_001830,P_01777,ADM_01830,2024-05-21,8294.47,6279.04,2015.43,Pending,Commercial Insurance
BILL_001831,P_01777,ADM_01831,2024-06-20,10775.87,8310.01,2465.86,Paid,  Direct Debit  
BILL_001832,P_01808,ADM_01832,2025-01-17,8163.39,7283.83,879.56,Paid,
BILL_001833,P_00102,ADM_01833,2024-05-21,6417.74,5238.14,1179.6,Pending,Cash
BILL_001834,P_03225,ADM_01834,2024-05-15,23740.27,16285.95,7454.32,Paid,Medicare
BILL_001835,P_03211,ADM_01835,2025-01-13,8219.97,5459.51,2760.46,Paid,Commercial Insurance
BILL_001836,P_02000,ADM_01836,2025-04-05,7749.44,5859.01,1890.43,Paid,Medicare
BILL_001837,P_01793,ADM_01837,2024-12-13,13185.16,11466.7,1718.46,Pending,Credit Card
BILL_001838,P_01563,ADM_01838,2024-09-23,14072.21,10282.44,3789.77,Paid,direct debit
BILL_001839,P_01466,ADM_01839,2025-01-02,8542.09,6673.01,1869.08,Paid,Cash
BILL_001840,P_03028,ADM_01840,2024-05-20,13210.2,11580.15,1630.05,Paid,Direct Debit
BILL_001841,P_01758,ADM_01841,2024-09-28,8128.85,6819.6,1309.25,Paid,Medicare
BILL_001842,P_02046,ADM_01842,2024-02-09,7897.9,6692.75,1205.15,Paid,Credit Card
BILL_001843,P_00958,ADM_01843,2024-05-11,7386.4,5100.93,2285.47,Pending,Cash
BILL_001844,P_00958,ADM_01844,05/30/2024,24687.21,16283.65,8403.56,Paid,Cash
BILL_001845,P_00849,ADM_01845,2024-12-25,16517.79,14497.44,2020.35,Paid,Credit Card
BILL_001846,P_00559,ADM_01846,2025-01-11,28533.42,19034.9,9498.52,Paid,Commercial Insurance
BILL_001847,P_03444,ADM_01847,2024-03-07,8110.51,6860.99,1249.52,Paid,Commercial Insurance
BILL_001848,P_01889,ADM_01848,2024-04-30,21058.29,13695.08,7363.21,Overdue,Commercial Insurance
BILL_001849,P_01889,ADM_01849,2024-05-29,8806.81,7534.79,1272.02,Paid,Commercial Insurance
BILL_001850,P_02095,ADM_01850,2025-04-21,6215.74,4348.59,1867.15,Paid,Credit Card
BILL_001851,P_03257,ADM_01851,2024-02-09,8667.44,6330.86,2336.58,Paid,Direct Debit
BILL_001852,P_00453,ADM_01852,2024/12/03 00:00:00,12301.32,8889.19,3412.13,Paid,Direct Debit
BILL_001853,P_01293,ADM_01853,2024/10/10 00:00:00,4838.2,3682.68,1155.52,Paid,Commercial Insurance
BILL_001854,P_01647,ADM_01854,2024-07-16,14723.7,10389.01,4334.69,paid,Commercial Insurance
BILL_001855,P_02734,ADM_01855,2025-01-25,10705.24,8656.3,2048.94,paid,Commercial Insurance
BILL_001856,P_01941,ADM_01856,2024-07-18,5128.36,3787.86,1340.5,Paid,Commercial Insurance
BILL_001857,P_01615,ADM_01857,2024-10-21,15700.3,10523.86,5176.44,Paid,Cash
BILL_001858,P_03021,ADM_01858,2025-03-21,23384.22,21324.57,2059.65,Pending,Cash
BILL_001859,P_01350,ADM_01859,2025-04-25,15572.76,13243.85,2328.91,Overdue,Direct Debit
BILL_001860,P_01178,ADM_01860,2024-11-17,5994.97,4328.23,1666.74,Paid,Medicare
BILL_001861,P_01178,ADM_01861,2024-12-12,16183.92,10748.34,5435.58,Paid,Commercial Insurance
BILL_001862,P_00589,ADM_01862,2024-07-09,14091.33,9533.49,4557.84,Pending,Credit Card
BILL_001863,P_00021,ADM_01863,2024-02-13,6831.14,5976.16,854.98,Paid,Direct Debit
BILL_001864,P_00167,ADM_01864,2025-04-02,4229.56,3101.7,1127.86,Overdue,Cash
BILL_001865,P_01915,ADM_01865,2024-12-04,11078.45,9903.34,1175.11,Paid,Credit Card
BILL_001866,P_00143,ADM_01866,2024-07-17,8442.53,5744.36,2698.17,Paid,Medicare
BILL_001867,P_01769,ADM_01867,2024-11-05,17476.62,12772.49,4704.13,Paid,Credit Card
BILL_001868,P_00360,ADM_01868,2024-05-09,5374.93,3650.63,1724.3,PAID,Credit Card
BILL_001869,P_00778,ADM_01869,2025-02-28,8751.76,6503.73,2248.03,Paid,Cash
BILL_001870,P_00445,ADM_01870,2025-02-17,7533.79,5789.57,1744.22,Pending,Credit Card
BILL_001871,P_01641,ADM_01871,2024-05-12,11039.14,7861.76,3177.38,pending,Credit Card
BILL_001872,P_02041,ADM_01872,2024-07-15,15981.13,13318.41,2662.72,Paid,Medicare
BILL_001873,P_02333,ADM_01873,2024-02-26,8009.39,6052.73,1956.66,Paid,Medicare
BILL_001874,P_02493,ADM_01874,2025-04-26,4217.86,3235.28,982.58,Paid,Commercial Insurance
BILL_001875,P_02144,ADM_01875,2024-06-13,3816.73,2559.81,1256.92,Paid,Direct Debit
BILL_001876,P_02238,ADM_01876,2024-11-30,5732.69,5308.75,423.94,Paid,Commercial Insurance
BILL_001877,P_02690,ADM_01877,2024-06-19,7089.37,6060.63,1028.74,Paid,Credit Card
BILL_001878,P_02530,ADM_01878,2025-05-16,7396.92,6258.51,1138.41,Paid,Cash
BILL_001879,P_03310,ADM_01879,2025-01-04,14274.2,10322.79,3951.41,Paid,Credit Card
BILL_001880,P_01792,ADM_01880,2024-02-10,9656.7,6585.25,3071.45,Paid,Cash
BILL_001881,P_01340,ADM_01881,2025-04-12,7906.58,6413.86,1492.72,Paid,Commercial Insurance
BILL_001882,P_03072,ADM_01882,2024-03-06,22920.33,15211.79,7708.54,Paid,Commercial Insurance
BILL_001883,P_00529,ADM_01883,2025-03-27,21959.33,20178.61,1780.72,Paid,Medicare
BILL_001884,P_01928,ADM_01884,2024-12-30,6355.26,4325.03,2030.23,Overdue,Commercial Insurance
BILL_001885,P_03284,ADM_01885,2024-05-28,7145.34,4738.55,2406.79,Paid,Direct Debit
BILL_001886,P_03427,ADM_01886,2024-09-17,26237.67,21362.11,4875.56,Paid,Medicare
BILL_001887,P_01972,ADM_01887,2025-01-15,11112.1,8678.0,2434.1,Paid,Commercial Insurance
BILL_001888,P_00371,ADM_01888,2024-03-16,17975.71,13964.49,4011.22,Paid,Commercial Insurance
BILL_001889,P_02026,ADM_01889,2024-11-09,6664.94,5367.87,1297.07,Paid,Medicare
BILL_001890,P_01282,ADM_01890,2025-03-11,15557.62,11278.68,4278.94,Paid,Commercial Insurance
BILL_001891,P_01282,ADM_01891,2025-03-24,15724.58,14762.67,961.91,Paid,direct debit
BILL_001892,P_00527,ADM_01892,2025-02-05,5329.6,4413.01,916.59,PAID,  Medicare  
BILL_001893,P_02344,ADM_01893,2024-11-24,7848.22,5705.44,2142.78,  Pending  ,Credit Card
BILL_001894,P_01568,ADM_01894,2025-03-05,8691.6,7880.95,810.65,  Paid  ,medicare
BILL_001895,P_01709,ADM_01895,2024-03-27,15601.49,11080.66,4520.83,PAID,Cash
BILL_001896,P_01672,ADM_01896,2024-12-02,22066.2,14465.97,7600.23,Paid,Cash
BILL_001897,P_01446,ADM_01897,2024-09-28,8497.23,6225.87,2271.36,Paid,Commercial Insurance
BILL_001898,P_01570,ADM_01898,2024-06-19,8272.19,6190.67,2081.52,Paid,Credit Card
BILL_001899,P_01133,ADM_01899,2024-05-04,8845.46,8028.95,816.51,Paid,Credit Card
BILL_001900,P_02439,ADM_01900,2025-03-11,9482.08,7112.08,2370.0,  Paid  ,Cash
BILL_001901,P_00654,ADM_01901,2024-03-17,7148.49,6662.96,485.53,Paid,Medicare
BILL_001902,P_03085,ADM_01902,2024-02-07,26001.32,22350.34,3650.98,Paid,Cash
BILL_001903,P_03055,ADM_01903,2024-04-21,5927.45,5072.73,854.72,Paid,Cash
BILL_001904,P_02112,ADM_01904,2025-03-17,12026.72,8510.29,3516.43,Paid,CASH
BILL_001905,P_02491,ADM_01905,2024-01-16,7969.79,7156.45,813.34,Paid,Credit Card
BILL_001906,P_03227,ADM_01906,2024-02-18,7444.32,7016.39,427.93,paid,Commercial Insurance
BILL_001907,P_01984,ADM_01907,2024-12-10,5899.35,4455.97,1443.38,Paid,Credit Card
BILL_001908,P_02878,ADM_01908,2025-04-28,8721.62,5791.11,2930.51,Pending,Direct Debit
BILL_001909,P_01945,ADM_01909,2024-09-13,12148.4,8615.1,3533.3,Paid,
BILL_001910,P_01945,ADM_01910,2024-10-08,20162.88,16548.11,3614.77,Paid,Credit Card
BILL_001911,P_01818,ADM_01911,2024-09-05,12672.13,8763.21,3908.92,Overdue,Medicare
BILL_001912,P_02284,ADM_01912,2024-06-05,11734.49,10367.77,1366.72,Pending,Cash
BILL_001913,P_02284,ADM_01913,2024-06-29,20148.18,16941.54,3206.64,Overdue,Commercial Insurance
BILL_001914,P_01391,ADM_01914,2024-11-02,14521.62,11505.32,3016.3,Overdue,Cash
BILL_001915,P_02488,ADM_01915,2024-04-14,23098.64,20504.22,2594.42,Pending,  Credit Card  
BILL_001916,P_00283,ADM_01916,2024-02-07,16561.94,12759.4,3802.54,Paid,Direct Debit
BILL_001917,P_01044,ADM_01917,2024-11-23,5820.32,4558.7,1261.62,Paid,
BILL_001918,P_01936,ADM_01918,2025-03-18,13149.47,10857.66,2291.81,Paid,Direct Debit
BILL_001919,P_02066,ADM_01919,2025-04-06,9288.84,7882.82,1406.02,Paid,Cash
BILL_001920,P_00882,ADM_01920,2024-02-15,20760.28,19381.86,1378.42,Paid,Medicare
BILL_001921,P_00906,ADM_01921,2025-04-19,11139.18,8590.84,2548.34,paid,Cash
BILL_001922,P_01809,ADM_01922,2024-11-05,5855.65,4004.48,1851.17,Paid,Direct Debit
BILL_001923,P_01291,ADM_01923,2024-12-10,6636.46,5464.93,1171.53,Paid,Medicare
BILL_001924,P_00741,ADM_01924,2025-02-10,3397.4,2305.25,1092.15,Paid,Medicare
BILL_001925,P_00741,ADM_01925,2025-02-19,4282.4,2896.29,1386.11,Overdue,Credit Card
BILL_001926,P_03413,ADM_01926,2025-03-26,20603.43,15086.63,5516.8,Paid,Medicare
BILL_001927,P_00364,ADM_01927,2024-01-07,12243.2,10620.52,1622.68,  Paid  ,Direct Debit
BILL_001928,P_00364,ADM_01928,2024-01-19,7874.28,5488.88,2385.4,Paid,Commercial Insurance
BILL_001929,P_01094,ADM_01929,2024-05-18,23196.05,17736.51,5459.54,Paid,Commercial Insurance
BILL_001930,P_01094,ADM_01930,2024-06-30,26202.89,21513.33,4689.56,  Paid  ,Credit Card
BILL_001931,P_02410,ADM_01931,2024-05-14,10084.29,8019.45,2064.84,Paid,Commercial Insurance
BILL_001932,P_02587,ADM_01932,2024-08-27,4701.69,3347.84,1353.85,Paid,Credit Card
BILL_001933,P_01631,ADM_01933,2024-05-05,9370.09,8827.29,542.8,Paid,Cash
BILL_001934,P_03471,ADM_01934,2025-04-11,7415.33,5132.04,2283.29,Overdue,Direct Debit
BILL_001935,P_01310,ADM_01935,2024-02-29,9507.09,7318.84,2188.25,Pending,Credit Card
BILL_001936,P_01310,ADM_01936,2024-03-17,5210.52,4109.74,1100.78,Paid,  Credit Card  
BILL_001937,P_00162,ADM_01937,2024-01-30,14091.73,9874.53,4217.2,Paid,Medicare
BILL_001938,P_01733,ADM_01938,2024-11-21,3243.3,2243.45,999.85,Paid,Direct Debit
BILL_001939,P_01738,ADM_01939,30-04-2025,15300.3,11395.96,3904.34,Paid,Commercial Insurance
BILL_001940,P_01515,ADM_01940,2024-08-08,18762.93,12204.62,6558.31,Paid,Medicare
BILL_001941,P_01266,ADM_01941,2024-12-04,9751.62,7385.92,2365.7,Paid,
BILL_001942,P_01726,ADM_01942,2024-04-26,9423.94,8848.16,575.78,Paid,Credit Card
BILL_001943,P_01726,ADM_01943,2024/06/06 00:00:00,18732.67,16184.42,2548.25,Pending,  Credit Card  
BILL_001944,P_03116,ADM_01944,2025-03-20,14022.4,11722.8,2299.6,Paid,Commercial Insurance
BILL_001945,P_01369,ADM_01945,2025-01-22,6948.07,6180.73,767.34,Paid,credit card
BILL_001946,P_01907,ADM_01946,2024-09-14,7665.63,5441.0,2224.63,Paid,Cash
BILL_001947,P_00279,ADM_01947,2024-07-12,15307.25,13615.7,1691.55,Pending,  Credit Card  
BILL_001948,P_01622,ADM_01948,2024-12-22,18249.48,17242.46,1007.02,Pending,Direct Debit
BILL_001949,P_01479,ADM_01949,2024-08-01,8964.03,7354.53,1609.5,Pending,Cash
BILL_001950,P_02624,ADM_01950,2024-12-31,6888.4,5821.82,1066.58,Pending,Commercial Insurance
BILL_001951,P_00747,ADM_01951,2025-03-12,8828.38,6439.32,2389.06,Paid,Commercial Insurance
BILL_001952,P_02611,ADM_01952,2024-02-20,13852.93,11050.3,2802.63,Paid,Medicare
BILL_001953,P_00524,ADM_01953,2024-02-22,12242.92,10437.36,1805.56,Paid,commercial insurance
BILL_001954,P_02408,ADM_01954,2025-03-09,9818.97,8216.88,1602.09,Paid,Commercial Insurance
BILL_001955,P_02408,ADM_01955,2025-04-04,24515.5,17559.45,6956.05,Paid,Commercial Insurance
BILL_001956,P_00185,ADM_01956,2024/02/08 00:00:00,7033.77,5605.5,1428.27,Paid,Cash
BILL_001957,P_00877,ADM_01957,2024-04-10,12565.23,10777.18,1788.05,Paid,Medicare
BILL_001958,P_00318,ADM_01958,2025-02-14,14824.48,11561.95,3262.53,Overdue,Credit Card
BILL_001959,P_00585,ADM_01959,2024-01-12,8614.64,6171.32,2443.32,Paid,Direct Debit
BILL_001960,P_03102,ADM_01960,2024-06-14,15715.43,10556.08,5159.35,Paid,Medicare
BILL_001961,P_00626,ADM_01961,2024-11-12,13198.94,9353.03,3845.91,Paid,Direct Debit
BILL_001962,P_02733,ADM_01962,2024-10-18,2397.1,2006.76,390.34,Paid,Direct Debit
BILL_001963,P_00105,ADM_01963,02/19/2025,7856.99,6533.18,1323.81,Pending,Direct Debit
BILL_001964,P_03318,ADM_01964,2024-04-21,25425.07,19126.2,6298.87,Paid,Commercial Insurance
BILL_001965,P_02206,ADM_01965,2024-12-06,7175.29,6087.11,1088.18,Paid,Medicare
BILL_001966,P_01651,ADM_01966,19-12-2024,5829.15,4651.41,1177.74,  Paid  ,Cash
BILL_001967,P_01651,ADM_01967,2025-01-02,3515.09,2788.09,727.0,Paid,Cash
BILL_001968,P_01636,ADM_01968,2024-07-21,5736.65,3900.06,1836.59,Paid,Direct Debit
BILL_001969,P_00910,ADM_01969,2025-04-24,6278.48,4174.55,2103.93,Paid,Medicare
BILL_001970,P_02315,ADM_01970,2024-04-19,7053.99,5144.48,1909.51,Paid,Credit Card
BILL_001971,P_02795,ADM_01971,2025-04-14,13216.64,8877.58,4339.06,Paid,Direct Debit
BILL_001972,P_02373,ADM_01972,2024-06-23,7328.43,5679.77,1648.66,Paid,Credit Card
BILL_001973,P_01953,ADM_01973,2024-07-17,14303.97,10492.86,3811.11,Paid,Medicare
BILL_001974,P_01953,ADM_01974,2024-08-25,26181.5,21128.17,5053.33,Paid,Credit Card
BILL_001975,P_01342,ADM_01975,2025-01-20,21552.75,17385.74,4167.01,Paid,Credit Card
BILL_001976,P_02941,ADM_01976,2025-04-21,8498.16,7428.9,1069.26,Paid,Credit Card
BILL_001977,P_00679,ADM_01977,2025-05-09,5881.28,5079.68,801.6,  Paid  ,Direct Debit
BILL_001978,P_00725,ADM_01978,2025-02-07,9840.11,8323.52,1516.59,Paid,Cash
BILL_001979,P_01030,ADM_01979,2024-08-06,8360.34,5944.06,2416.28,paid,Medicare
BILL_001980,P_01222,ADM_01980,2025-01-22,18901.45,12708.24,6193.21,Paid,Medicare
BILL_001981,P_01551,ADM_01981,2024-07-22,2826.45,2190.73,635.72,Paid,Cash
BILL_001982,P_03057,ADM_01982,2024-12-26,8787.04,7260.16,1526.88,Paid,Credit Card
BILL_001983,P_00694,ADM_01983,2025-05-18,15365.08,12303.15,3061.93,Paid,Medicare
BILL_001984,P_00078,ADM_01984,2024-12-19,7173.21,5922.78,1250.43,Paid,Cash
BILL_001985,P_01476,ADM_01985,2024-09-28,13444.54,11550.75,1893.79,Paid,Credit Card
BILL_001986,P_01709,ADM_01986,2024-04-30,4989.0,3994.24,994.76,Paid,Medicare
BILL_001987,P_02300,ADM_01987,2024-05-03,12589.12,10593.18,1995.94,Paid,UNKNOWN_VAL
BILL_001988,P_02231,ADM_01988,2024-10-10,9800.76,6511.68,3289.08,Paid,Commercial Insurance
BILL_001989,P_00781,ADM_01989,2024-09-02,9552.92,6874.29,2678.63,Paid,Cash
BILL_001990,P_02644,ADM_01990,2024-09-17,16677.58,15429.98,1247.6,Paid,Direct Debit
BILL_001991,P_01015,ADM_01991,2024-10-13,9484.27,8186.57,1297.7,Pending,Commercial Insurance
BILL_001992,P_00647,ADM_01992,2025-04-30,21798.44,15051.86,6746.58,Paid,Commercial Insurance
BILL_001993,P_00393,ADM_01993,2025-01-28,4127.07,3391.22,735.85,Paid,Credit Card
BILL_001994,P_00393,ADM_01994,2025-02-25,16205.76,12684.75,3521.01,Paid,Medicare
BILL_001995,P_01491,ADM_01995,2024-04-23,6820.27,5919.36,900.91,  Pending  ,Commercial Insurance
BILL_001996,P_03384,ADM_01996,2024-11-24,3659.52,3304.25,355.27,Pending,Credit Card
BILL_001997,P_01193,ADM_01997,2024-11-10,18383.17,17345.02,1038.15,Paid,Direct Debit
BILL_001998,P_00187,ADM_01998,2024-05-07,6322.5,5975.54,346.96,Paid,Cash
BILL_001999,P_00187,ADM_01999,2024-05-17,8385.0,6840.34,1544.66,Paid,Cash
BILL_002000,P_00461,ADM_02000,2024-11-16,5099.78,3930.37,1169.41,Paid,Cash
BILL_002001,P_01004,ADM_02001,2024-12-13,16329.82,11156.91,5172.91,Paid,Medicare
BILL_002002,P_01004,ADM_02002,2025-01-08,12686.2,11405.35,1280.85,Pending,Cash
BILL_002003,P_02824,ADM_02003,2024-01-12,17815.52,13606.09,4209.43,Paid,credit card
BILL_002004,P_02824,ADM_02004,2024-02-16,19093.71,16623.91,2469.8,Paid,Direct Debit
BILL_002005,P_00325,ADM_02005,2024-07-24,27083.26,21951.23,5132.03,Pending,Commercial Insurance
BILL_002006,P_00871,ADM_02006,2025-04-27,4775.81,3912.82,862.99,Paid,Commercial Insurance
BILL_002007,P_01054,ADM_02007,2025-02-08,8835.93,5870.74,2965.19,Paid,Commercial Insurance
BILL_002008,P_00466,ADM_02008,2025-04-20,17590.14,15636.16,1953.98,Overdue,Medicare
BILL_002009,P_01248,ADM_02009,2024-11-17,9291.72,7760.37,1531.35,Overdue,Credit Card
BILL_002010,P_00240,ADM_02010,2024-08-23,6976.17,6559.15,417.02,Paid,Medicare
BILL_002011,P_00764,ADM_02011,2025-03-20,19843.63,18737.13,1106.5,Paid,Credit Card
BILL_002012,P_02691,ADM_02012,2024-01-10,8474.12,6207.69,2266.43,Paid,Direct Debit
BILL_002013,P_00828,ADM_02013,2024-11-20,7809.56,5582.24,2227.32,Paid,Commercial Insurance
BILL_002014,P_03430,ADM_02014,2024-04-03,15812.8,12004.52,3808.28,Paid,Credit Card
BILL_002015,P_00103,ADM_02015,2025-03-21,10759.07,10043.05,716.02,Paid,Direct Debit
BILL_002016,P_00103,ADM_02016,2025-04-02,12164.04,8095.76,4068.28,Paid,Direct Debit
BILL_002017,P_00957,ADM_02017,2024-12-21,12400.04,10185.4,2214.64,Paid,Medicare
BILL_002018,P_01847,ADM_02018,30-03-2024,14603.84,10257.8,4346.04,Overdue,Cash
BILL_002019,P_00672,ADM_02019,04/25/2024,7316.74,4976.11,2340.63,Paid,Direct Debit
BILL_002020,P_01419,ADM_02020,2024-03-29,6757.47,6155.12,602.35,Paid,Cash
BILL_002021,P_00686,ADM_02021,2024-09-11,5758.16,4304.76,1453.4,Paid,Medicare
BILL_002022,P_00342,ADM_02022,2024-08-21,11575.69,8324.73,3250.96,Paid,Commercial Insurance
BILL_002023,P_01919,ADM_02023,2024-08-09,14128.43,10944.95,3183.48,Paid,Direct Debit
BILL_002024,P_00736,ADM_02024,2024-02-22,7015.04,6014.88,1000.16,  Paid  ,Commercial Insurance
BILL_002025,P_01051,ADM_02025,2024-08-11,4263.78,3708.54,555.24,Paid,Medicare
BILL_002026,P_00701,ADM_02026,2024-11-13,5150.3,4460.86,689.44,Paid,COMMERCIAL INSURANCE
BILL_002027,P_03306,ADM_02027,2024-04-20,10628.43,9876.97,751.46,Paid,Medicare
BILL_002028,P_01479,ADM_02028,2024-02-16,18255.6,12088.69,6166.91,Paid,Medicare
BILL_002029,P_01479,ADM_02029,2024-03-05,8966.76,7207.24,1759.52,Paid,Cash
BILL_002030,P_01833,ADM_02030,2025-02-16,13196.83,11996.14,1200.69,Paid,Direct Debit
BILL_002031,P_01311,ADM_02031,2024-10-10,8705.25,8169.3,535.95,Paid,Commercial Insurance
BILL_002032,P_00256,ADM_02032,2025-02-08,9973.12,7569.22,2403.9,Paid,Cash
BILL_002033,P_02499,ADM_02033,2024-01-29,7827.43,5823.42,2004.01,Paid,Direct Debit
BILL_002034,P_00931,ADM_02034,2024-12-01,5360.21,3976.15,1384.06,Paid,Commercial Insurance
BILL_002035,P_03403,ADM_02035,2024-06-29,10374.66,7736.36,2638.3,Paid,Cash
BILL_002036,P_00032,ADM_02036,2024-09-15,9471.67,6449.13,3022.54,Paid,Medicare
BILL_002037,P_02627,ADM_02037,2024-08-20,14272.52,10410.86,3861.66,Paid,Commercial Insurance
BILL_002038,P_02627,ADM_02038,2024-08-27,9429.0,6948.87,2480.13,Paid,Medicare
BILL_002039,P_03469,ADM_02039,2025-04-14,9471.74,8935.55,536.19,Paid,  Credit Card  
BILL_002040,P_03469,ADM_02040,2025-04-24,4700.88,4324.76,376.12,Paid,COMMERCIAL INSURANCE
BILL_002041,P_03386,ADM_02041,2024-05-14,10316.4,7947.12,2369.28,Paid,Commercial Insurance
BILL_002042,P_01571,ADM_02042,2024-01-19,8800.1,8275.51,524.59,Paid,cash
BILL_002043,P_01571,ADM_02043,2024-02-07,15908.67,13368.56,2540.11,Paid,Commercial Insurance
BILL_002044,P_00170,ADM_02044,2024-06-12,4627.21,4276.14,351.07,Paid,Direct Debit
BILL_002045,P_02922,ADM_02045,2025-03-18,7759.73,6239.19,1520.54,Paid,Cash
BILL_002046,P_00364,ADM_02046,2024-01-31,12760.35,8583.04,4177.31,Paid,Credit Card
BILL_002047,P_01802,ADM_02047,2024-08-19,13767.5,11584.18,2183.32,Overdue,Commercial Insurance
BILL_002048,P_01802,ADM_02048,2024-09-21,18985.72,13373.47,5612.25,Pending,Commercial Insurance
BILL_002049,P_00670,ADM_02049,2025-03-04,6199.76,5732.42,467.34,Paid,Medicare
BILL_002050,P_00104,ADM_02050,2024-11-25,9397.45,6194.76,3202.69,Paid,Cash
BILL_002051,P_01010,ADM_02051,2024-12-10,14329.5,12876.81,1452.69,Paid,Medicare
BILL_002052,P_00510,ADM_02052,2025-01-24,6035.4,5469.01,566.39,Paid,Direct Debit
BILL_002053,P_00510,ADM_02053,2025-02-16,9219.44,6580.63,2638.81,Paid,Medicare
BILL_002054,P_03260,ADM_02054,2024-09-02,15090.35,11764.28,3326.07,Paid,Direct Debit
BILL_002055,P_00530,ADM_02055,2024-10-30,25041.16,16901.67,8139.49,Paid,DIRECT DEBIT
BILL_002056,P_00160,ADM_02056,2024-03-24,12347.69,11065.32,1282.37,Paid,Commercial Insurance
BILL_002057,P_00160,ADM_02057,2024-04-19,20561.29,16499.63,4061.66,  Paid  ,Credit Card
BILL_002058,P_01912,ADM_02058,2024-03-14,13073.24,10031.8,3041.44,Paid,
BILL_002059,P_00018,ADM_02059,2025-01-03,18707.18,17392.27,1314.91,  Paid  ,Cash
BILL_002060,P_01852,ADM_02060,2025-03-31,15937.08,12080.22,3856.86,Paid,Commercial Insurance
BILL_002061,P_01322,ADM_02061,2025-01-11,7658.47,6913.73,744.74,Pending,Direct Debit
BILL_002062,P_01322,ADM_02062,2025-02-10,18480.33,16934.78,1545.55,Paid,Medicare
BILL_002063,P_00748,ADM_02063,25-05-2024,20227.16,18797.0,1430.16,Paid,Direct Debit
BILL_002064,P_00966,ADM_02064,2025-01-06,15775.53,14272.19,1503.34,Paid,Credit Card
BILL_002065,P_00703,ADM_02065,2024-11-11,10880.45,9974.08,906.37,Paid,
BILL_002066,P_02969,ADM_02066,2024-12-29,13179.36,9096.93,4082.43,Paid,Direct Debit
BILL_002067,P_00670,ADM_02067,2024-01-22,9822.98,6989.02,2833.96,Overdue,Cash
BILL_002068,P_02061,ADM_02068,2024-12-11,11185.15,7898.81,3286.34,Paid,Credit Card
BILL_002069,P_02165,ADM_02069,2025-02-01,9464.7,7016.96,2447.74,Paid,Commercial Insurance
BILL_002070,P_00555,ADM_02070,2024-05-08,3663.76,2844.5,819.26,Pending,Commercial Insurance
BILL_002071,P_03109,ADM_02071,2025-03-02,30525.23,24043.35,6481.88,Paid,Cash
BILL_002072,P_03109,ADM_02072,2025-03-28,9555.79,6654.48,2901.31,Paid,Credit Card
BILL_002073,P_02265,ADM_02073,2024-12-08,9612.77,8467.62,1145.15,Paid,Cash
BILL_002074,P_00638,ADM_02074,2024-05-09,5035.12,4161.19,873.93,Paid,Commercial Insurance
BILL_002075,P_03402,ADM_02075,2025-03-16,7183.05,5203.65,1979.4,PENDING,Direct Debit
BILL_002076,P_02584,ADM_02076,2024-02-04,13765.25,9884.16,3881.09,Paid,Cash
BILL_002077,P_01007,ADM_02077,2025-02-11,17852.97,16276.92,1576.05,Paid,Medicare
BILL_002078,P_00546,ADM_02078,2024-07-17,14519.75,13292.44,1227.31,Paid,Credit Card
BILL_002079,P_01407,ADM_02079,2025-05-15,7090.54,6573.89,516.65,Pending,Medicare
BILL_002080,P_02164,ADM_02080,2024-08-09,18171.6,12414.66,5756.94,Paid,Credit Card
BILL_002081,P_01882,ADM_02081,2024-05-29,8278.01,6252.77,2025.24,Paid,Commercial Insurance
BILL_002082,P_02936,ADM_02082,2025-01-17,9690.84,6308.02,3382.82,paid,Direct Debit
BILL_002083,P_00834,ADM_02083,2025-03-24,6029.67,5114.04,915.63,Paid,Cash
BILL_002084,P_00834,ADM_02084,2025-04-10,6074.99,4085.71,1989.28,paid,Cash
BILL_002085,P_02359,ADM_02085,2024-06-05,16312.06,10897.16,5414.9,Paid,
BILL_002086,P_01184,ADM_02086,2025-01-31,13462.5,11509.08,1953.42,Pending,Credit Card
BILL_002087,P_02944,ADM_02087,2024-04-06,10309.9,9630.13,679.77,Paid,Medicare
BILL_002088,P_02944,ADM_02088,2024-04-14,3547.35,2729.84,817.51,Paid,Credit Card
BILL_002089,P_01504,ADM_02089,03/28/2024,7903.96,5327.52,2576.44,Paid,Cash
BILL_002090,P_01671,ADM_02090,2025-01-23,7773.35,6386.63,1386.72,paid,Medicare
BILL_002091,P_01031,ADM_02091,01-06-2024,8166.8,5845.72,2321.08,Paid,Commercial Insurance
BILL_002092,P_01812,ADM_02092,2024-05-17,16416.7,12012.8,4403.9,Paid,Cash
BILL_002093,P_02670,ADM_02093,2024-11-15,7992.66,5376.0,2616.66,Paid,Commercial Insurance
BILL_002094,P_02670,ADM_02094,20-12-2024,10294.09,8276.08,2018.01,Paid,
BILL_002095,P_01476,ADM_02095,2025-03-25,18073.95,15309.91,2764.04,Pending,Direct Debit
BILL_002096,P_00489,ADM_02096,2024-07-12,8977.36,6479.19,2498.17,paid,Direct Debit
BILL_002097,P_02167,ADM_02097,2025-03-18,8538.23,6379.59,2158.64,Paid,Credit Card
BILL_002098,P_02816,ADM_02098,2024-01-28,8027.38,6867.09,1160.29,Paid,Commercial Insurance
BILL_002099,P_02285,ADM_02099,2024-05-20,15202.79,13036.21,2166.58,Pending,Credit Card
BILL_002100,P_00106,ADM_02100,2024-02-19,7738.05,5998.0,1740.05,Pending,  Commercial Insurance  
BILL_002101,P_00978,ADM_02101,2024-10-09,12788.26,11077.96,1710.3,Paid,Cash
BILL_002102,P_00689,ADM_02102,2024/04/21 00:00:00,9262.1,6361.74,2900.36,Paid,Medicare
BILL_002103,P_00291,ADM_02103,2024-11-22,6801.83,6035.6,766.23,Pending,Commercial Insurance
BILL_002104,P_03046,ADM_02104,2024-07-21,7832.93,5963.63,1869.3,Paid,Credit Card
BILL_002105,P_02437,ADM_02105,2024-05-07,6086.93,5053.21,1033.72,Paid,Cash
BILL_002106,P_00420,ADM_02106,15-02-2025,6435.15,5432.81,1002.34,PAID,Credit Card
BILL_002107,P_00420,ADM_02107,2025-03-20,12404.49,11628.56,775.93,Paid,  Direct Debit  
BILL_002108,P_00152,ADM_02108,2024-06-23,2932.59,2570.57,362.02,Paid,Credit Card
BILL_002109,P_01091,ADM_02109,2024-02-16,8335.39,7488.23,847.16,Paid,Credit Card
BILL_002110,P_00675,ADM_02110,2024-01-06,9455.67,7504.97,1950.7,Pending,Credit Card
BILL_002111,P_01702,ADM_02111,2024-01-05,8018.16,5823.17,2194.99,Overdue,Commercial Insurance
BILL_002112,P_01969,ADM_02112,2024-10-18,12749.96,9217.88,3532.08,Paid,Medicare
BILL_002113,P_03233,ADM_02113,2025-05-10,7407.23,6354.01,1053.22,Paid,Credit Card
BILL_002114,P_00708,ADM_02114,2024-10-15,11693.66,8586.23,3107.43,Paid,Commercial Insurance
BILL_002115,P_02876,ADM_02115,2024-10-16,16406.52,10854.79,5551.73,Paid,Credit Card
BILL_002116,P_01893,ADM_02116,2024-07-27,11440.9,9664.0,1776.9,Paid,
BILL_002117,P_02608,ADM_02117,2024-09-19,11414.47,9768.37,1646.1,Paid,Cash
BILL_002118,P_00253,ADM_02118,05/31/2024,13327.8,12587.23,740.57,Paid,  Cash  
BILL_002119,P_01055,ADM_02119,2024-01-12,8664.04,7712.7,951.34,Paid,medicare
BILL_002120,P_01055,ADM_02120,2024-02-12,14973.51,14188.26,785.25,Pending,Cash
BILL_002121,P_02185,ADM_02121,2024-02-09,13198.49,10846.59,2351.9,Paid,Direct Debit
BILL_002122,P_00695,ADM_02122,2024-12-28,6004.59,4146.65,1857.94,Paid,Commercial Insurance
BILL_002123,P_02903,ADM_02123,2024-05-21,6601.32,5465.45,1135.87,Pending,Direct Debit
BILL_002124,P_02858,ADM_02124,2024-04-22,8322.27,7628.51,693.76,Paid,Cash
BILL_002125,P_03133,ADM_02125,2024-09-20,11027.59,7621.05,3406.54,PAID,
BILL_002126,P_03133,ADM_02126,2024-10-17,20382.58,14782.02,5600.56,Paid,Commercial Insurance
BILL_002127,P_01922,ADM_02127,2024-12-01,17950.35,15282.91,2667.44,Paid,Direct Debit
BILL_002128,P_01817,ADM_02128,2024-01-12,8961.24,6000.53,2960.71,Paid,
BILL_002129,P_00166,ADM_02129,2024-11-01,9174.55,7337.02,1837.53,  Paid  ,  Credit Card  
BILL_002130,P_02194,ADM_02130,2024-06-15,8332.17,7130.71,1201.46,Overdue,Cash
BILL_002131,P_02194,ADM_02131,2024-06-25,10200.52,6830.65,3369.87,Paid,direct debit
BILL_002132,P_00969,ADM_02132,2025-05-17,8043.81,6068.19,1975.62,PAID,
BILL_002133,P_00547,ADM_02133,2024-07-06,12744.16,9886.26,2857.9,Paid,  Medicare  
BILL_002134,P_02592,ADM_02134,2024-08-08,8497.27,6405.34,2091.93,Paid,credit card
BILL_002135,P_00867,ADM_02135,2024-06-14,12755.96,11577.88,1178.08,Pending,Direct Debit
BILL_002136,P_00071,ADM_02136,2024-06-24,14062.16,12798.83,1263.33,Pending,Commercial Insurance
BILL_002137,P_00071,ADM_02137,2024-07-21,19025.61,13313.62,5711.99,Paid,Commercial Insurance
BILL_002138,P_00531,ADM_02138,02-04-2024,10863.34,9111.28,1752.06,Paid,Credit Card
BILL_002139,P_02685,ADM_02139,2025-04-15,6150.98,4856.24,1294.74,paid,Commercial Insurance
BILL_002140,P_00536,ADM_02140,2024-07-03,11577.35,9962.38,1614.97,Paid,Medicare
BILL_002141,P_03221,ADM_02141,2024-11-26,13050.02,11681.43,1368.59,Paid,Direct Debit
BILL_002142,P_01378,ADM_02142,2025-02-17,6888.44,4559.67,2328.77,Paid,Commercial Insurance
BILL_002143,P_01857,ADM_02143,2024-06-21,7036.38,5336.32,1700.06,Pending,Medicare
BILL_002144,P_01710,ADM_02144,2025-02-10,16676.84,15135.32,1541.52,Paid,CREDIT CARD
BILL_002145,P_01710,ADM_02145,2025-03-02,22383.11,14578.95,7804.16,Paid,Credit Card
BILL_002146,P_03328,ADM_02146,2025-01-11,8995.34,5889.73,3105.61,Paid,Commercial Insurance
BILL_002147,P_00699,ADM_02147,2025-04-29,4843.2,3238.01,1605.19,Pending,Credit Card
BILL_002148,P_01718,ADM_02148,2025-02-19,16022.25,10999.83,5022.42,Paid,Medicare
BILL_002149,P_03300,ADM_02149,2025-02-01,5207.13,3828.3,1378.83,Paid,Medicare
BILL_002150,P_02413,ADM_02150,2024-11-18,9331.32,6297.56,3033.76,Paid,Cash
BILL_002151,P_01343,ADM_02151,2024-04-21,11348.41,10753.46,594.95,Pending,Commercial Insurance
BILL_002152,P_02396,ADM_02152,2024-11-14,5659.22,5055.47,603.75,Paid,Commercial Insurance
BILL_002153,P_01391,ADM_02153,2024-01-24,5948.93,4760.66,1188.27,paid,  Commercial Insurance  
BILL_002154,P_01403,ADM_02154,2025-01-04,9110.04,7216.44,1893.6,Paid,Direct Debit
BILL_002155,P_01700,ADM_02155,2025-01-17,6773.23,5991.32,781.91,Paid,Direct Debit
BILL_002156,P_02226,ADM_02156,2024-02-10,8736.03,7485.4,1250.63,Overdue,Direct Debit
BILL_002157,P_02492,ADM_02157,2024-07-21,24017.95,18583.39,5434.56,Paid,Medicare
BILL_002158,P_02492,ADM_02158,2024-07-29,6851.68,5045.44,1806.24,Paid,Cash
BILL_002159,P_00536,ADM_02159,2025-01-22,13423.14,11918.3,1504.84,Paid,
BILL_002160,P_01451,ADM_02160,2024-01-14,3715.11,3214.16,500.95,Paid,Credit Card
BILL_002161,P_00313,ADM_02161,2024-09-28,6419.84,5776.18,643.66,Paid,Direct Debit
BILL_002162,P_00313,ADM_02162,2024-10-27,25662.97,21392.05,4270.92,Paid,Credit Card
BILL_002163,P_02666,ADM_02163,2025-04-11,9839.57,8547.29,1292.28,Pending,Cash
BILL_002164,P_00773,ADM_02164,2024-12-22,4124.69,2792.59,1332.1,Paid,Medicare
BILL_002165,P_02511,ADM_02165,2024-09-07,9338.01,7806.29,1531.72,Pending,Commercial Insurance
BILL_002166,P_00198,ADM_02166,2024-04-16,5992.5,4810.41,1182.09,Paid,Medicare
BILL_002167,P_00948,ADM_02167,2024-09-19,7091.92,4974.29,2117.63,Paid,Direct Debit
BILL_002168,P_02168,ADM_02168,2024-05-13,9294.89,8818.72,476.17,Overdue,Medicare
BILL_002169,P_02168,ADM_02169,2024-05-29,11705.43,9704.58,2000.85,Paid,Direct Debit
BILL_002170,P_00066,ADM_02170,19-04-2025,10597.02,9370.46,1226.56,PAID,Credit Card
BILL_002171,P_02267,ADM_02171,2024-02-01,17219.54,11629.17,5590.37,  Paid  ,Medicare
BILL_002172,P_00129,ADM_02172,2024-05-12,14281.78,10842.54,3439.24,  Paid  ,Cash
BILL_002173,P_02963,ADM_02173,2024-09-19,14605.55,13786.64,818.91,Paid,Credit Card
BILL_002174,P_02963,ADM_02174,2024-10-10,6650.8,5438.55,1212.25,Paid,Direct Debit
BILL_002175,P_03135,ADM_02175,2024-07-16,8062.68,5820.47,2242.21,Pending,Cash
BILL_002176,P_02530,ADM_02176,2024-04-26,18079.84,15235.26,2844.58,Paid,COMMERCIAL INSURANCE
BILL_002177,P_02513,ADM_02177,2025-02-20,5967.99,5379.27,588.72,Paid,Cash
BILL_002178,P_03161,ADM_02178,2024-03-02,14451.55,13075.45,1376.1,Paid,Medicare
BILL_002179,P_03161,ADM_02179,2024-03-19,9161.62,8295.81,865.81,Pending,Commercial Insurance
BILL_002180,P_00842,ADM_02180,2025-03-05,19115.05,13534.17,5580.88,Pending,Direct Debit
BILL_002181,P_00842,ADM_02181,2025-04-03,8610.75,7358.23,1252.52,Paid,Medicare
BILL_002182,P_00773,ADM_02182,2024-04-19,8342.76,7459.32,883.44,Paid,Medicare
BILL_002183,P_01276,ADM_02183,2024-06-16,13962.02,12471.52,1490.5,Paid,Direct Debit
BILL_002184,P_00094,ADM_02184,2024-07-22,22519.51,19651.6,2867.91,Pending,Cash
BILL_002185,P_00059,ADM_02185,18-08-2024,11848.46,9246.94,2601.52,Paid,Cash
BILL_002186,P_00506,ADM_02186,06/09/2024,7040.39,5838.68,1201.71,Paid,Medicare
BILL_002187,P_00506,ADM_02187,2024-06-30,7144.66,4940.03,2204.63,Paid,
BILL_002188,P_01171,ADM_02188,2024-05-12,18210.68,15703.11,2507.57,Paid,Commercial Insurance
BILL_002189,P_01171,ADM_02189,2024-06-18,19068.29,13385.0,5683.29,Paid,Commercial Insurance
BILL_002190,P_02372,ADM_02190,2024-05-13,8841.9,7334.07,1507.83,Paid,Cash
BILL_002191,P_01790,ADM_02191,06/26/2024,25365.0,19523.42,5841.58,Paid,Medicare
BILL_002192,P_00688,ADM_02192,2024-03-26,9062.43,7137.21,1925.22,Paid,Direct Debit
BILL_002193,P_00688,ADM_02193,2024-04-25,13254.68,11015.32,2239.36,Paid,Cash
BILL_002194,P_01860,ADM_02194,2025-02-01,9233.41,7783.23,1450.18,PAID,Medicare
BILL_002195,P_02200,ADM_02195,2024-10-01,5574.08,4394.41,1179.67,Paid,Cash
BILL_002196,P_02200,ADM_02196,2024-10-29,10221.4,6999.99,3221.41,Paid,
BILL_002197,P_03389,ADM_02197,2025-05-04,3156.47,2677.04,479.43,Paid,Commercial Insurance
BILL_002198,P_01574,ADM_02198,2024-11-21,10231.85,6854.05,3377.8,Paid,Commercial Insurance
BILL_002199,P_02392,ADM_02199,2024-06-15,11607.53,9730.89,1876.64,Pending,Cash
BILL_002200,P_01223,ADM_02200,2024-05-14,10983.7,7859.57,3124.13,Paid,Cash
BILL_002201,P_02393,ADM_02201,2024-01-19,8398.65,6544.11,1854.54,Paid,Commercial Insurance
BILL_002202,P_01242,ADM_02202,2025-05-18,5634.84,3681.72,1953.12,  Paid  ,Direct Debit
BILL_002203,P_01242,ADM_02203,2025-06-11,8783.77,8147.49,636.28,Pending,Direct Debit
BILL_002204,P_01353,ADM_02204,2024-09-17,20286.14,15676.54,4609.6,Overdue,Commercial Insurance
BILL_002205,P_01353,ADM_02205,2024-10-21,12494.45,8808.41,3686.04,Paid,Commercial Insurance
BILL_002206,P_02454,ADM_02206,2025-01-31,10393.14,9001.44,1391.7,Paid,Medicare
BILL_002207,P_01540,ADM_02207,2025-05-02,15100.1,10302.74,4797.36,Paid,Credit Card
BILL_002208,P_03087,ADM_02208,2024-08-07,6989.7,6230.79,758.91,Paid,Direct Debit
BILL_002209,P_03087,ADM_02209,2024-08-18,11812.82,8268.91,3543.91,Paid,Credit Card
BILL_002210,P_00526,ADM_02210,2025-01-04,19316.31,14764.08,4552.23,Paid,Direct Debit
BILL_002211,P_01891,ADM_02211,2025-04-14,15640.98,11201.16,4439.82,Paid,Commercial Insurance
BILL_002212,P_01891,ADM_02212,2025-05-16,18589.75,16006.52,2583.23,Paid,Credit Card
BILL_002213,P_01735,ADM_02213,2024-12-15,8535.52,7125.57,1409.95,Paid,Medicare
BILL_002214,P_00052,ADM_02214,2024-11-02,14169.67,12475.26,1694.41,Paid,credit card
BILL_002215,P_00360,ADM_02215,2025-04-07,20758.57,19300.65,1457.92,Pending,Medicare
BILL_002216,P_00727,ADM_02216,2024-07-04,19140.66,13796.65,5344.01,Paid,Commercial Insurance
BILL_002217,P_02915,ADM_02217,2025-03-31,25426.84,23038.27,2388.57,Paid,Commercial Insurance
BILL_002218,P_02007,ADM_02218,2024/06/27 00:00:00,8524.1,5872.09,2652.01,  Pending  ,Cash
BILL_002219,P_00214,ADM_02219,2025-04-10,2958.51,2571.26,387.25,Paid,Direct Debit
BILL_002220,P_00214,ADM_02220,2025-05-09,19142.08,17442.64,1699.44,Paid,CASH
BILL_002221,P_01918,ADM_02221,2024-12-23,6091.64,5454.32,637.32,Paid,Commercial Insurance
BILL_002222,P_01706,ADM_02222,2025-03-23,11418.11,9825.96,1592.15,Pending,Credit Card
BILL_002223,P_01236,ADM_02223,17-10-2024,3671.53,2488.3,1183.23,Paid,Commercial Insurance
BILL_002224,P_01590,ADM_02224,2024-08-01,11450.39,9434.74,2015.65,Paid,Cash
BILL_002225,P_01590,ADM_02225,2024-08-09,5094.36,3876.1,1218.26,Paid,  Credit Card  
BILL_002226,P_01693,ADM_02226,2025-03-22,9374.61,7925.55,1449.06,Paid,Cash
BILL_002227,P_01369,ADM_02227,2024-04-16,21959.81,16011.41,5948.4,Paid,Commercial Insurance
BILL_002228,P_00306,ADM_02228,2024-03-22,7854.03,6203.02,1651.01,Paid,  Commercial Insurance  
BILL_002229,P_02431,ADM_02229,16-02-2024,12410.78,10377.91,2032.87,Paid,Credit Card
BILL_002230,P_02325,ADM_02230,2025-03-14,14581.37,13607.38,973.99,Paid,Credit Card
BILL_002231,P_03113,ADM_02231,2024-10-24,2453.22,1792.72,660.5,Paid,Cash
BILL_002232,P_02340,ADM_02232,2024-11-20,7726.14,5565.24,2160.9,Paid,Credit Card
BILL_002233,P_00350,ADM_02233,2024-08-08,5540.3,4827.48,712.82,Paid,Direct Debit
BILL_002234,P_02027,ADM_02234,2024-05-19,14862.63,13381.96,1480.67,Pending,Credit Card
BILL_002235,P_03403,ADM_02235,2024-04-05,7574.12,6678.89,895.23,PAID,  Commercial Insurance  
BILL_002236,P_03403,ADM_02236,2024-04-23,13663.66,10582.56,3081.1,Paid,Cash
BILL_002237,P_00963,ADM_02237,2025-04-30,10711.02,7743.46,2967.56,Paid,Credit Card
BILL_002238,P_02402,ADM_02238,2024-02-29,6903.91,6223.42,680.49,Paid,Commercial Insurance
BILL_002239,P_03085,ADM_02239,2024-02-19,7698.25,6348.83,1349.42,  Paid  ,Credit Card
BILL_002240,P_00999,ADM_02240,2024-12-19,8950.48,6678.23,2272.25,Paid,Medicare
BILL_002241,P_02734,ADM_02241,2024-04-26,4014.71,3746.04,268.67,Paid,Credit Card
BILL_002242,P_00615,ADM_02242,2024-04-15,11132.68,8499.56,2633.12,Pending,Commercial Insurance
BILL_002243,P_00615,ADM_02243,2024-05-12,10993.9,7255.87,3738.03,Pending,Cash
BILL_002244,P_01446,ADM_02244,2024-08-24,7580.64,7034.66,545.98,PAID,Credit Card
BILL_002245,P_00681,ADM_02245,2024-10-03,20195.18,16756.7,3438.48,Paid,Direct Debit
BILL_002246,P_01221,ADM_02246,2025-03-12,14822.25,12450.55,2371.7,Pending,Credit Card
BILL_002247,P_01921,ADM_02247,2024-01-12,5657.62,5067.49,590.13,Paid,Credit Card
BILL_002248,P_02146,ADM_02248,2024-12-30,3057.46,2364.56,692.9,Paid,credit card
BILL_002249,P_00848,ADM_02249,2024-03-12,13249.81,8698.12,4551.69,Pending,Medicare
BILL_002250,P_03437,ADM_02250,2024-02-15,11249.52,8392.23,2857.29,Paid,Direct Debit
BILL_002251,P_00620,ADM_02251,2025-05-14,10798.04,8067.96,2730.08,Paid,Medicare
BILL_002252,P_02813,ADM_02252,2025-03-21,10572.07,9899.57,672.5,Paid,Direct Debit
BILL_002253,P_02813,ADM_02253,2025-04-24,16600.5,13968.37,2632.13,Pending,Cash
BILL_002254,P_00569,ADM_02254,2024-10-18,8727.28,6611.93,2115.35,paid,Commercial Insurance
BILL_002255,P_02723,ADM_02255,2025-01-02,8883.34,5970.99,2912.35,Paid,Commercial Insurance
BILL_002256,P_02059,ADM_02256,2024-09-01,13924.05,9366.86,4557.19,Paid,Direct Debit
BILL_002257,P_00857,ADM_02257,2024-08-11,14753.72,10353.86,4399.86,Paid,Direct Debit
BILL_002258,P_02950,ADM_02258,2024-06-09,8265.3,7821.48,443.82,Paid,Medicare
BILL_002259,P_02950,ADM_02259,2024-07-07,30776.69,20992.31,9784.38,Paid,Credit Card
BILL_002260,P_03478,ADM_02260,2024-10-30,9027.69,6092.76,2934.93,Paid,Credit Card
BILL_002261,P_03478,ADM_02261,2024-12-02,12648.58,10847.88,1800.7,Paid,Medicare
BILL_002262,P_02504,ADM_02262,07-01-2025,12696.11,11291.14,1404.97,Paid,  Credit Card  
BILL_002263,P_00127,ADM_02263,2024-09-11,6357.1,5155.66,1201.44,Paid,Credit Card
BILL_002264,P_00811,ADM_02264,2024-12-06,7753.53,5592.57,2160.96,Paid,Commercial Insurance
BILL_002265,P_01405,ADM_02265,2025-03-10,5719.3,4818.81,900.49,Paid,Cash
BILL_002266,P_01699,ADM_02266,2025-03-09,11623.55,10247.13,1376.42,Paid,
BILL_002267,P_03332,ADM_02267,2024-01-30,4936.58,3770.19,1166.39,Paid,cash
BILL_002268,P_00253,ADM_02268,2025-02-12,9962.38,7506.34,2456.04,Paid,Cash
BILL_002269,P_01631,ADM_02269,2024-03-22,8277.71,7352.87,924.84,Paid,Medicare
BILL_002270,P_03259,ADM_02270,2024-11-09,6615.65,4737.02,1878.63,Paid,Commercial Insurance
BILL_002271,P_02963,ADM_02271,2025-05-08,7176.75,5715.9,1460.85,Paid,Commercial Insurance
BILL_002272,P_02963,ADM_02272,2025-05-24,16898.54,11800.47,5098.07,Pending,Commercial Insurance
BILL_002273,P_02921,ADM_02273,2024-06-17,4928.28,3920.45,1007.83,Paid,MEDICARE
BILL_002274,P_02035,ADM_02274,2024-05-26,16426.53,15145.98,1280.55,Paid,Cash
BILL_002275,P_00348,ADM_02275,2025-03-18,8547.85,5599.88,2947.97,Paid,Medicare
BILL_002276,P_00564,ADM_02276,2025-04-13,11030.49,9638.64,1391.85,Pending,
BILL_002277,P_03298,ADM_02277,2024-03-01,8538.01,6852.67,1685.34,Paid,COMMERCIAL INSURANCE
BILL_002278,P_01102,ADM_02278,2024-12-09,5079.64,4161.93,917.71,Paid,Medicare
BILL_002279,P_01102,ADM_02279,2025-01-02,20455.36,13922.51,6532.85,Paid,Medicare
BILL_002280,P_01080,ADM_02280,2025-02-10,17550.17,15403.18,2146.99,Paid,Commercial Insurance
BILL_002281,P_03336,ADM_02281,2025-01-16,5244.37,3682.87,1561.5,Paid,Cash
BILL_002282,P_01677,ADM_02282,2024-02-15,9359.3,8600.58,758.72,Paid,Direct Debit
BILL_002283,P_02196,ADM_02283,2024-06-27,7675.12,5253.45,2421.67,Pending,Medicare
BILL_002284,P_00140,ADM_02284,2025-03-13,3867.29,3206.96,660.33,Paid,Commercial Insurance
BILL_002285,P_02951,ADM_02285,2025-01-19,6657.24,4998.46,1658.78,Paid,Commercial Insurance
BILL_002286,P_00854,ADM_02286,2024-12-31,19825.48,14414.32,5411.16,Paid,credit card
BILL_002287,P_00854,ADM_02287,2025-02-06,21067.65,17820.83,3246.82,Paid,Cash
BILL_002288,P_03100,ADM_02288,2024-07-19,9112.81,7914.54,1198.27,Paid,MEDICARE
BILL_002289,P_03196,ADM_02289,2024-02-23,19908.81,13713.22,6195.59,Paid,Credit Card
BILL_002290,P_01569,ADM_02290,2024-10-22,14379.83,10610.46,3769.37,Paid,
BILL_002291,P_00141,ADM_02291,2024-09-12,7192.29,6791.93,400.36,Paid,Direct Debit
BILL_002292,P_00557,ADM_02292,2024-12-18,16425.31,14347.72,2077.59,Paid,Cash
BILL_002293,P_00557,ADM_02293,2025-01-15,9795.65,7452.04,2343.61,Paid,Direct Debit
BILL_002294,P_00880,ADM_02294,2025-04-30,8577.94,7738.12,839.82,Paid,Credit Card
BILL_002295,P_00047,ADM_02295,2024-11-13,3076.79,2648.07,428.72,Paid,Medicare
BILL_002296,P_00901,ADM_02296,2024-03-27,7136.68,4904.4,2232.28,Paid,Direct Debit
BILL_002297,P_00901,ADM_02297,2024-04-29,12780.74,8788.35,3992.39,Paid,Cash
BILL_002298,P_02062,ADM_02298,2025-04-08,11026.8,9616.81,1409.99,Paid,Medicare
BILL_002299,P_01885,ADM_02299,2024/10/25 00:00:00,3599.18,2560.49,1038.69,Paid,Commercial Insurance
BILL_002300,P_02701,ADM_02300,2024-09-11,6533.27,6094.59,438.68,Paid,Commercial Insurance
BILL_002301,P_00794,ADM_02301,2024-08-06,21817.54,18532.49,3285.05,Paid,Medicare
BILL_002302,P_01602,ADM_02302,2024-04-21,16264.73,14062.73,2202.0,Paid,Medicare
BILL_002303,P_02973,ADM_02303,2024-01-11,14869.26,12690.98,2178.28,Paid,Commercial Insurance
BILL_002304,P_01109,ADM_02304,2025-04-06,10785.55,8391.0,2394.55,Paid,Medicare
BILL_002305,P_00988,ADM_02305,2025-01-26,12301.48,9049.38,3252.1,Paid,Credit Card
BILL_002306,P_02187,ADM_02306,2024-02-05,12150.47,8395.69,3754.78,Paid,Commercial Insurance
BILL_002307,P_00560,ADM_02307,2025-02-24,15807.0,14525.78,1281.22,Paid,direct debit
BILL_002308,P_00524,ADM_02308,2024-05-21,5546.35,4590.98,955.37,Paid,Medicare
BILL_002309,P_00200,ADM_02309,2024-10-18,7338.99,6871.09,467.9,Paid,  Direct Debit  
BILL_002310,P_03194,ADM_02310,2024-07-21,13263.85,11813.11,1450.74,Paid,Credit Card
BILL_002311,P_01913,ADM_02311,01/26/2024,7965.47,5439.05,2526.42,Paid,Cash
BILL_002312,P_00228,ADM_02312,2024-08-21,5070.02,3588.46,1481.56,Paid,Direct Debit
BILL_002313,P_00228,ADM_02313,2024-09-15,19938.0,16948.82,2989.18,Paid,Cash
BILL_002314,P_03106,ADM_02314,2024-11-21,5113.48,4287.13,826.35,Overdue,Medicare
BILL_002315,P_03460,ADM_02315,2025-01-25,12267.72,10206.38,2061.34,Overdue,Cash
BILL_002316,P_00133,ADM_02316,2024-11-11,12014.74,9078.44,2936.3,Paid,Medicare
BILL_002317,P_00133,ADM_02317,2024-12-07,12057.58,8630.23,3427.35,Paid,
BILL_002318,P_02040,ADM_02318,2024-10-02,10316.74,7728.67,2588.07,Paid,Credit Card
BILL_002319,P_00055,ADM_02319,2024-06-06,16254.79,14506.99,1747.8,Paid,Cash
BILL_002320,P_01037,ADM_02320,2024-07-05,8927.31,7049.05,1878.26,Pending,Credit Card
BILL_002321,P_02388,ADM_02321,2024-04-13,8318.9,7374.1,944.8,Pending,Direct Debit
BILL_002322,P_03064,ADM_02322,2024-10-25,7272.01,5224.59,2047.42,Paid,Cash
BILL_002323,P_00259,ADM_02323,2024-06-13,6892.84,5664.47,1228.37,Paid,Direct Debit
BILL_002324,P_03361,ADM_02324,2024-01-24,9363.42,6224.56,3138.86,Paid,Cash
BILL_002325,P_00572,ADM_02325,2024-10-16,10526.41,8089.27,2437.14,Paid,Cash
BILL_002326,P_01918,ADM_02326,2025-03-17,7695.41,5018.8,2676.61,Pending,Medicare
BILL_002327,P_03406,ADM_02327,2025-03-09,6833.97,6449.34,384.63,Paid,Medicare
BILL_002328,P_03431,ADM_02328,2025-04-05,6647.45,6122.37,525.08,Paid,Commercial Insurance
BILL_002329,P_00069,ADM_02329,2024-10-20,11845.73,7935.16,3910.57,Paid,Credit Card
BILL_002330,P_00069,ADM_02330,2024-11-11,14570.98,9639.35,4931.63,Paid,Medicare
BILL_002331,P_01189,ADM_02331,2024-01-15,10000.42,8384.66,1615.76,Paid,Commercial Insurance
BILL_002332,P_00979,ADM_02332,2024-12-25,11279.05,8185.84,3093.21,Paid,medicare
BILL_002333,P_02554,ADM_02333,2025-01-01,10138.3,6755.96,3382.34,Paid,Direct Debit
BILL_002334,P_00993,ADM_02334,2024/03/29 00:00:00,8098.01,5564.0,2534.01,Paid,Credit Card
BILL_002335,P_01266,ADM_02335,2024-02-18,15589.54,12652.63,2936.91,Pending,
BILL_002336,P_03379,ADM_02336,2024-02-11,6806.37,6431.19,375.18,Overdue,Cash
BILL_002337,P_01398,ADM_02337,2025-03-01,2976.57,2811.18,165.39,Pending,Credit Card
BILL_002338,P_01398,ADM_02338,2025-03-16,12111.86,7987.42,4124.44,Paid,Direct Debit
BILL_002339,P_03205,ADM_02339,2024-10-14,13633.59,12861.49,772.1,Paid,Credit Card
BILL_002340,P_03205,ADM_02340,2024-10-24,7862.22,6644.87,1217.35,  Paid  ,Medicare
BILL_002341,P_01819,ADM_02341,2025-02-20,9828.08,7576.65,2251.43,Pending,Direct Debit
BILL_002342,P_02557,ADM_02342,2024-05-04,7215.92,6774.72,441.2,Paid,Commercial Insurance
BILL_002343,P_00054,ADM_02343,2024-08-18,9951.89,8047.47,1904.42,Paid,Medicare
BILL_002344,P_02636,ADM_02344,2024-05-17,3195.13,3024.08,171.05,Pending,Medicare
BILL_002345,P_02636,ADM_02345,2024-06-04,11774.37,10822.62,951.75,Paid,Direct Debit
BILL_002346,P_03075,ADM_02346,2024-02-05,9072.45,6257.67,2814.78,Pending,Commercial Insurance
BILL_002347,P_03447,ADM_02347,2024-09-08,13586.79,9094.33,4492.46,Paid,Medicare
BILL_002348,P_01267,ADM_02348,2024-04-28,3093.32,2525.03,568.29,Paid,Medicare
BILL_002349,P_01817,ADM_02349,2025-05-17,10656.66,7543.02,3113.64,Paid,Cash
BILL_002350,P_03374,ADM_02350,2024-10-05,8633.97,7542.01,1091.96,Paid,Medicare
BILL_002351,P_02951,ADM_02351,2024-12-12,25574.35,22368.48,3205.87,Paid,Credit Card
BILL_002352,P_00199,ADM_02352,2025-02-24,7457.39,6738.35,719.04,Paid,Cash
BILL_002353,P_00422,ADM_02353,2024-06-15,9872.47,6555.09,3317.38,Paid,Credit Card
BILL_002354,P_02226,ADM_02354,2024-02-10,6460.73,4751.98,1708.75,Pending,Direct Debit
BILL_002355,P_01723,ADM_02355,2024-01-23,8326.38,7486.1,840.28,Pending,Medicare
BILL_002356,P_03076,ADM_02356,2024-01-13,16205.72,13238.16,2967.56,Paid,Medicare
BILL_002357,P_03012,ADM_02357,2024-02-15,23094.17,21465.41,1628.76,Paid,Medicare
BILL_002358,P_01326,ADM_02358,2024-04-06,10250.55,9084.85,1165.7,Paid,Direct Debit
BILL_002359,P_01326,ADM_02359,2024-04-19,6004.74,5350.5,654.24,Paid,Commercial Insurance
BILL_002360,P_02563,ADM_02360,2025-01-26,13380.83,9480.9,3899.93,Paid,Cash
BILL_002361,P_02819,ADM_02361,2025-03-15,5558.94,3908.89,1650.05,paid,commercial insurance
BILL_002362,P_01001,ADM_02362,2024-11-17,4240.62,3859.09,381.53,  Paid  ,Commercial Insurance
BILL_002363,P_01852,ADM_02363,2024-07-01,16009.61,10883.68,5125.93,Paid,Commercial Insurance
BILL_002364,P_01382,ADM_02364,2025-03-16,7054.44,4880.29,2174.15,Paid,Commercial Insurance
BILL_002365,P_01649,ADM_02365,2024-10-04,8793.83,7158.64,1635.19,Paid,Direct Debit
BILL_002366,P_03294,ADM_02366,2025-05-13,13910.77,9896.77,4014.0,paid,Commercial Insurance
BILL_002367,P_00596,ADM_02367,2024-02-20,6542.52,5347.65,1194.87,Pending,Direct Debit
BILL_002368,P_02752,ADM_02368,2025-02-07,19871.86,15451.48,4420.38,Paid,Cash
BILL_002369,P_02589,ADM_02369,2024-10-28,12762.97,8690.63,4072.34,Paid,Cash
BILL_002370,P_01972,ADM_02370,2025-01-10,11262.73,8625.18,2637.55,Overdue,Direct Debit
BILL_002371,P_02592,ADM_02371,2024-01-21,14150.37,9627.52,4522.85,Paid,Cash
BILL_002372,P_01144,ADM_02372,2024-10-17,11238.21,7385.16,3853.05,Paid,Medicare
BILL_002373,P_00760,ADM_02373,2024-09-29,7468.06,6670.25,797.81,Pending,Medicare
BILL_002374,P_00504,ADM_02374,2024-03-27,17070.69,13578.74,3491.95,Paid,Commercial Insurance
BILL_002375,P_00370,ADM_02375,2025-04-26,5888.91,5501.35,387.56,Paid,Commercial Insurance
BILL_002376,P_00004,ADM_02376,2024-04-09,13050.91,10764.61,2286.3,Paid,Direct Debit
BILL_002377,P_03000,ADM_02377,2025-04-12,4096.54,3279.49,817.05,Paid,Medicare
BILL_002378,P_03000,ADM_02378,2025-05-17,10049.59,6740.06,3309.53,PAID,Commercial Insurance
BILL_002379,P_02511,ADM_02379,2024-06-14,5154.04,4385.17,768.87,Paid,Credit Card
BILL_002380,P_00980,ADM_02380,2024-05-14,2633.25,2021.5,611.75,Paid,Commercial Insurance
BILL_002381,P_01422,ADM_02381,2024-04-29,10655.89,9956.94,698.95,Overdue,  Commercial Insurance  
BILL_002382,P_01422,ADM_02382,2024-05-21,10500.64,8592.23,1908.41,Paid,Commercial Insurance
BILL_002383,P_00782,ADM_02383,2024-12-12,12582.82,9144.71,3438.11,Paid,Direct Debit
BILL_002384,P_01830,ADM_02384,2025-02-28,17276.74,11513.44,5763.3,Paid,Medicare
BILL_002385,P_01815,ADM_02385,2024-08-13,12266.37,9027.66,3238.71,Paid,Commercial Insurance
BILL_002386,P_01789,ADM_02386,2024-02-20,7854.4,5314.28,2540.12,Paid,Medicare
BILL_002387,P_01502,ADM_02387,2024-09-30,11238.42,10135.27,1103.15,Paid,Medicare
BILL_002388,P_01286,ADM_02388,2024-06-04,8723.77,5696.97,3026.8,Paid,Commercial Insurance
BILL_002389,P_01584,ADM_02389,2024-12-20,8409.42,5638.18,2771.24,Paid,Credit Card
BILL_002390,P_02205,ADM_02390,2024-04-19,5450.02,4084.31,1365.71,Paid,Medicare
BILL_002391,P_02205,ADM_02391,2024-05-03,13876.0,9498.1,4377.9,Paid,Medicare
BILL_002392,P_02450,ADM_02392,2024-07-29,14103.84,10428.47,3675.37,Paid,Credit Card
BILL_002393,P_02450,ADM_02393,2024-08-06,4882.27,3638.56,1243.71,Paid,Medicare
BILL_002394,P_00829,ADM_02394,2024-01-12,8412.3,5491.01,2921.29,Paid,Cash
BILL_002395,P_00423,ADM_02395,2024-03-24,5550.71,4436.82,1113.89,Pending,Credit Card
BILL_002396,P_00423,ADM_02396,2024-03-31,6235.36,4163.08,2072.28,Paid,Credit Card
BILL_002397,P_00850,ADM_02397,2024-06-14,10969.12,7831.13,3137.99,Paid,Credit Card
BILL_002398,P_00850,ADM_02398,2024-07-12,9432.45,7534.15,1898.3,Paid,  Direct Debit  
BILL_002399,P_01153,ADM_02399,2024-02-18,16603.17,12373.36,4229.81,paid,Direct Debit
BILL_002400,P_01153,ADM_02400,2024-03-18,12730.62,8568.66,4161.96,Paid,Cash
BILL_002401,P_00912,ADM_02401,2024-04-29,4879.42,4533.99,345.43,paid,Direct Debit
BILL_002402,P_02825,ADM_02402,2024-07-21,11141.6,8770.74,2370.86,Paid,Direct Debit
BILL_002403,P_00733,ADM_02403,2024-10-03,16653.05,13570.97,3082.08,Paid,Cash
BILL_002404,P_00297,ADM_02404,2025-01-24,11804.09,10216.24,1587.85,Paid,Commercial Insurance
BILL_002405,P_02521,ADM_02405,2024-03-22,9070.9,7947.06,1123.84,Paid,Cash
BILL_002406,P_03129,ADM_02406,2024-11-28,16149.03,14757.02,1392.01,Pending,Commercial Insurance
BILL_002407,P_00327,ADM_02407,2024-07-16,4518.3,3259.86,1258.44,Paid,Cash
BILL_002408,P_00180,ADM_02408,2024-04-06,9425.14,7617.73,1807.41,Paid,Medicare
BILL_002409,P_01716,ADM_02409,2024-01-17,14811.74,11249.75,3561.99,Pending,Direct Debit
BILL_002410,P_00817,ADM_02410,2025-03-06,8355.75,6406.79,1948.96,Paid,Commercial Insurance
BILL_002411,P_02946,ADM_02411,2025-04-03,5456.96,4904.7,552.26,Pending,Medicare
BILL_002412,P_00298,ADM_02412,2024-08-07,11500.71,8952.53,2548.18,Paid,CREDIT CARD
BILL_002413,P_01180,ADM_02413,2024-08-31,7847.26,6884.08,963.18,paid,Cash
BILL_002414,P_01180,ADM_02414,2024-09-07,4350.69,3611.77,738.92,Pending,Cash
BILL_002415,P_01431,ADM_02415,2025-03-27,8491.61,7442.39,1049.22,  Paid  ,Medicare
BILL_002416,P_03172,ADM_02416,2024/10/30 00:00:00,24199.79,20146.45,4053.34,Paid,Medicare
BILL_002417,P_03470,ADM_02417,08/31/2024,16480.52,13419.4,3061.12,Paid,Direct Debit
BILL_002418,P_03470,ADM_02418,2024-09-23,14422.54,13669.38,753.16,Pending,Direct Debit
BILL_002419,P_00703,ADM_02419,2024-09-23,5284.09,3672.53,1611.56,Paid,Commercial Insurance
BILL_002420,P_02699,ADM_02420,2024/06/27 00:00:00,3249.87,2133.54,1116.33,Paid,Medicare
BILL_002421,P_02699,ADM_02421,2024-07-20,14247.45,12430.4,1817.05,  Paid  ,Medicare
BILL_002422,P_01035,ADM_02422,2024-06-28,11706.16,9761.81,1944.35,Paid,Direct Debit
BILL_002423,P_03180,ADM_02423,2024-09-19,16270.5,14056.51,2213.99,Paid,Direct Debit
BILL_002424,P_01462,ADM_02424,2025-01-17,9470.56,6409.5,3061.06,Paid,  Commercial Insurance  
BILL_002425,P_03276,ADM_02425,2024-12-27,10107.61,8592.09,1515.52,Overdue,Medicare
BILL_002426,P_00729,ADM_02426,2024-01-08,11181.61,9579.43,1602.18,Paid,Credit Card
BILL_002427,P_02249,ADM_02427,2024-07-09,14394.12,12453.49,1940.63,Paid,
BILL_002428,P_02249,ADM_02428,2024-08-07,11087.1,9767.92,1319.18,Paid,direct debit
BILL_002429,P_00569,ADM_02429,2025-03-13,13490.68,11535.78,1954.9,Paid,
BILL_002430,P_00493,ADM_02430,2024-08-03,6740.6,5019.7,1720.9,Paid,CREDIT CARD
BILL_002431,P_00187,ADM_02431,2025-01-26,8539.62,5758.92,2780.7,Paid,Direct Debit
BILL_002432,P_00187,ADM_02432,2025-03-03,20715.95,18350.72,2365.23,Paid,Cash
BILL_002433,P_02459,ADM_02433,2024-05-04,16339.47,13697.54,2641.93,Paid,direct debit
BILL_002434,P_01012,ADM_02434,2024-07-07,4420.59,3514.54,906.05,Paid,Credit Card
BILL_002435,P_01027,ADM_02435,2024-08-03,18978.42,17542.45,1435.97,Paid,Cash
BILL_002436,P_02299,ADM_02436,2024-09-20,8197.58,6878.47,1319.11,Paid,Cash
BILL_002437,P_02782,ADM_02437,2024-09-08,10455.23,9931.75,523.48,Paid,Commercial Insurance
BILL_002438,P_02442,ADM_02438,2024-11-02,5195.97,4582.45,613.52,Paid,Medicare
BILL_002439,P_03103,ADM_02439,2025-01-16,9867.26,8330.98,1536.28,Paid,Cash
BILL_002440,P_02142,ADM_02440,2024-11-28,10690.8,7942.82,2747.98,Paid,Direct Debit
BILL_002441,P_01686,ADM_02441,2025-03-06,10810.18,8095.0,2715.18,Paid,Direct Debit
BILL_002442,P_01686,ADM_02442,2025-03-16,10942.24,9028.09,1914.15,Pending,Direct Debit
BILL_002443,P_00235,ADM_02443,2025-04-27,7772.41,6957.22,815.19,Paid,Commercial Insurance
BILL_002444,P_00434,ADM_02444,2024-10-29,7139.65,5728.79,1410.86,Paid,Direct Debit
BILL_002445,P_00514,ADM_02445,2024-08-29,6693.34,6024.01,669.33,Paid,Credit Card
BILL_002446,P_00213,ADM_02446,2024-05-17,16915.56,11404.51,5511.05,Paid,Cash
BILL_002447,P_00213,ADM_02447,2024-06-02,15473.44,13798.29,1675.15,Paid,Commercial Insurance
BILL_002448,P_00294,ADM_02448,2024-03-10,12127.71,11446.3,681.41,Paid,Cash
BILL_002449,P_00041,ADM_02449,2024-04-20,19504.33,12888.71,6615.62,Paid,Credit Card
BILL_002450,P_02784,ADM_02450,2024-12-22,7610.47,5893.15,1717.32,Paid,Credit Card
BILL_002451,P_02784,ADM_02451,01/18/2025,13566.08,9020.72,4545.36,Paid,
BILL_002452,P_00853,ADM_02452,2024-06-05,13810.21,9288.28,4521.93,Paid,Cash
BILL_002453,P_01545,ADM_02453,2024-08-21,16386.37,10757.45,5628.92,Paid,Commercial Insurance
BILL_002454,P_00238,ADM_02454,2025-03-13,5029.06,4530.13,498.93,paid,Commercial Insurance
BILL_002455,P_00238,ADM_02455,2025-04-03,3314.89,2617.01,697.88,  Paid  ,DIRECT DEBIT
BILL_002456,P_02226,ADM_02456,04/13/2024,6943.05,6200.22,742.83,Paid,Cash
BILL_002457,P_02620,ADM_02457,2024-07-05,11945.97,8614.08,3331.89,pending,Credit Card
BILL_002458,P_02779,ADM_02458,2024-11-17,3263.86,2932.78,331.08,Paid,Commercial Insurance
BILL_002459,P_01012,ADM_02459,2024-03-08,19943.88,17039.44,2904.44,Paid,Medicare
BILL_002460,P_03171,ADM_02460,2024-09-11,18044.5,14352.84,3691.66,  Paid  ,Direct Debit
BILL_002461,P_01764,ADM_02461,2024-10-19,9238.14,6049.25,3188.89,Paid,Medicare
BILL_002462,P_00889,ADM_02462,2024-08-09,6977.49,5984.22,993.27,Paid,Direct Debit
BILL_002463,P_01884,ADM_02463,2024-03-19,5334.74,4379.11,955.63,Pending,Credit Card
BILL_002464,P_01018,ADM_02464,2024-05-05,3262.86,2474.05,788.81,Pending,Medicare
BILL_002465,P_02498,ADM_02465,2024-04-30,7630.15,5549.42,2080.73,Paid,Commercial Insurance
BILL_002466,P_02557,ADM_02466,2024-05-09,14903.74,12726.94,2176.8,Pending,Direct Debit
BILL_002467,P_03479,ADM_02467,2024-01-26,10289.59,7514.25,2775.34,Pending,Medicare
BILL_002468,P_03479,ADM_02468,2024-02-25,20576.07,19110.7,1465.37,Paid,Credit Card
BILL_002469,P_02290,ADM_02469,2025-04-01,9090.95,6406.27,2684.68,Paid,Commercial Insurance
BILL_002470,P_00381,ADM_02470,16-05-2024,12880.95,9374.25,3506.7,  Paid  ,Direct Debit
BILL_002471,P_01865,ADM_02471,2024-05-20,3777.29,2844.82,932.47,Paid,Credit Card
BILL_002472,P_01898,ADM_02472,2024-05-24,6464.83,5382.78,1082.05,Paid,Credit Card
BILL_002473,P_01898,ADM_02473,2024-06-17,20396.25,13593.84,6802.41,Paid,Direct Debit
BILL_002474,P_02188,ADM_02474,13-11-2024,13455.61,10556.32,2899.29,Pending,Commercial Insurance
BILL_002475,P_01378,ADM_02475,2024-09-10,19067.82,12738.68,6329.14,Paid,Cash
BILL_002476,P_00386,ADM_02476,2024-12-10,9636.43,7323.85,2312.58,Paid,Medicare
BILL_002477,P_01406,ADM_02477,2024-04-23,16050.55,11622.28,4428.27,Paid,Credit Card
BILL_002478,P_02378,ADM_02478,2025-04-22,8166.77,6472.53,1694.24,PAID,Commercial Insurance
BILL_002479,P_01202,ADM_02479,2024-12-29,4048.08,2864.96,1183.12,Paid,Cash
BILL_002480,P_01759,ADM_02480,2024-11-29,15013.8,9815.94,5197.86,Paid,Medicare
BILL_002481,P_02923,ADM_02481,2025/02/24 00:00:00,12962.63,8459.48,4503.15,Paid,Direct Debit
BILL_002482,P_03249,ADM_02482,2024-09-01,14456.19,12186.94,2269.25,Paid,Medicare
BILL_002483,P_02361,ADM_02483,2024-02-24,6693.58,5417.95,1275.63,Pending,Commercial Insurance
BILL_002484,P_00949,ADM_02484,2024-05-08,4834.18,3957.57,876.61,PENDING,Credit Card
BILL_002485,P_00949,ADM_02485,2024-05-30,12470.31,10777.09,1693.22,Paid,Direct Debit
BILL_002486,P_02278,ADM_02486,2024-08-24,8549.29,6232.2,2317.09,paid,Credit Card
BILL_002487,P_01578,ADM_02487,2025-02-23,8898.63,7654.26,1244.37,Overdue,Direct Debit
BILL_002488,P_01578,ADM_02488,2025-03-13,19073.7,13427.19,5646.51,Pending,Commercial Insurance
BILL_002489,P_03155,ADM_02489,2025-03-13,16699.12,14124.35,2574.77,Pending,Commercial Insurance
BILL_002490,P_02303,ADM_02490,2024-11-30,12540.69,11224.32,1316.37,Paid,DIRECT DEBIT
BILL_002491,P_02303,ADM_02491,2024-12-16,10196.56,8406.78,1789.78,PAID,Cash
BILL_002492,P_02760,ADM_02492,2024-02-09,10665.64,7040.96,3624.68,Paid,  Medicare  
BILL_002493,P_02171,ADM_02493,2024-02-23,5841.68,5401.23,440.45,Paid,Cash
BILL_002494,P_03189,ADM_02494,2025-03-29,10953.83,9514.58,1439.25,Pending,Cash
BILL_002495,P_00253,ADM_02495,2024-04-23,10153.9,7193.01,2960.89,Paid,Commercial Insurance
BILL_002496,P_02170,ADM_02496,2024-07-09,3828.33,3022.35,805.98,  Paid  ,Credit Card
BILL_002497,P_02020,ADM_02497,2024-08-16,14187.95,12814.32,1373.63,Paid,Credit Card
BILL_002498,P_02243,ADM_02498,2024-05-21,4851.84,3992.95,858.89,Paid,Commercial Insurance
BILL_002499,P_01114,ADM_02499,2025-02-11,13332.91,11309.92,2022.99,Paid,Credit Card
BILL_002500,P_00977,ADM_02500,2024-01-30,6011.31,4592.47,1418.84,Paid,Medicare
BILL_002501,P_00166,ADM_02501,2025-02-04,17201.13,14496.37,2704.76,Pending,Direct Debit
BILL_002502,P_01684,ADM_02502,2025-01-24,21822.13,20691.56,1130.57,Paid,Medicare
BILL_002503,P_02711,ADM_02503,2025-01-20,6247.21,4146.64,2100.57,  Paid  ,MEDICARE
BILL_002504,P_00845,ADM_02504,2024-05-15,6441.68,4957.18,1484.5,Paid,Commercial Insurance
BILL_002505,P_03371,ADM_02505,2024-03-19,5632.31,4347.87,1284.44,paid,Credit Card
BILL_002506,P_03493,ADM_02506,2024-09-06,6724.82,4697.2,2027.62,Paid,Commercial Insurance
BILL_002507,P_02585,ADM_02507,2024-05-27,9597.59,6942.05,2655.54,Paid,
BILL_002508,P_01891,ADM_02508,2024-12-31,9755.37,9263.89,491.48,Paid,Medicare
BILL_002509,P_01891,ADM_02509,2025-01-31,12710.94,11821.82,889.12,Paid,Medicare
BILL_002510,P_00275,ADM_02510,2025-03-11,9994.42,8524.31,1470.11,Pending,  Credit Card  
BILL_002511,P_00586,ADM_02511,2024-12-01,8216.88,7147.77,1069.11,Paid,Credit Card
BILL_002512,P_02840,ADM_02512,2024-08-26,6611.83,5760.47,851.36,Paid,Credit Card
BILL_002513,P_01644,ADM_02513,2025-01-31,6263.48,4258.05,2005.43,Paid,Direct Debit
BILL_002514,P_00920,ADM_02514,2024-05-15,11146.78,9856.58,1290.2,Paid,Credit Card
BILL_002515,P_01545,ADM_02515,2024-01-27,5121.21,3415.06,1706.15,Paid,Credit Card
BILL_002516,P_01676,ADM_02516,2025-03-14,14178.2,13087.46,1090.74,Paid,medicare
BILL_002517,P_00003,ADM_02517,2024-02-29,7128.6,5769.4,1359.2,PAID,  Credit Card  
BILL_002518,P_02895,ADM_02518,2024-02-25,8665.2,6934.92,1730.28,Paid,Direct Debit
BILL_002519,P_01335,ADM_02519,2024-08-06,12536.39,10923.17,1613.22,Paid,Credit Card
BILL_002520,P_01879,ADM_02520,2024-10-26,12554.28,9375.78,3178.5,Paid,Commercial Insurance
BILL_002521,P_01205,ADM_02521,2024-09-27,10641.72,6924.87,3716.85,Paid,Cash
BILL_002522,P_01892,ADM_02522,2024-03-14,9929.5,6799.97,3129.53,Paid,Credit Card
BILL_002523,P_01796,ADM_02523,2024/03/17 00:00:00,7285.93,6734.46,551.47,Paid,Cash
BILL_002524,P_00295,ADM_02524,2024-11-29,10066.57,8614.82,1451.75,Paid,Credit Card
BILL_002525,P_00295,ADM_02525,2024-12-15,7399.76,6345.65,1054.11,Paid,Direct Debit
BILL_002526,P_01118,ADM_02526,2024-03-12,11247.63,9044.5,2203.13,Overdue,Credit Card
BILL_002527,P_01573,ADM_02527,2025-04-04,5238.96,3954.91,1284.05,Paid,CASH
BILL_002528,P_02794,ADM_02528,2024-08-15,6573.16,4801.65,1771.51,Paid,Commercial Insurance
BILL_002529,P_02794,ADM_02529,2024-09-18,19457.46,17558.46,1899.0,Paid,MEDICARE
BILL_002530,P_02880,ADM_02530,2024-01-18,3644.29,3196.0,448.29,PAID,Credit Card
BILL_002531,P_02880,ADM_02531,2024-02-02,10138.45,8477.56,1660.89,Paid,Cash
BILL_002532,P_02874,ADM_02532,2025-03-26,12692.33,9843.14,2849.19,paid,Commercial Insurance
BILL_002533,P_00554,ADM_02533,2025-02-15,11671.05,8358.61,3312.44,Paid,Medicare
BILL_002534,P_02918,ADM_02534,2024-07-21,9334.31,7257.02,2077.29,Paid,Cash
BILL_002535,P_01174,ADM_02535,2024-06-19,8720.4,5732.63,2987.77,Paid,Medicare
BILL_002536,P_00643,ADM_02536,2024-12-27,9346.51,7033.41,2313.1,Pending,Commercial Insurance
BILL_002537,P_00907,ADM_02537,2024-04-27,7142.84,4957.33,2185.51,Paid,Direct Debit
BILL_002538,P_03054,ADM_02538,2025-04-15,5689.1,4478.68,1210.42,Paid,Commercial Insurance
BILL_002539,P_01498,ADM_02539,2025-04-05,6821.78,4993.09,1828.69,Pending,Cash
BILL_002540,P_00132,ADM_02540,2024-08-21,4940.87,3978.99,961.88,Paid,Commercial Insurance
BILL_002541,P_03178,ADM_02541,2025-03-24,17893.5,14499.89,3393.61,Paid,Direct Debit
BILL_002542,P_03178,ADM_02542,2025-04-10,10988.26,7606.57,3381.69,Paid,
BILL_002543,P_01361,ADM_02543,2024-03-16,15792.52,11896.73,3895.79,Paid,Credit Card
BILL_002544,P_01805,ADM_02544,2025-01-13,4109.15,2859.77,1249.38,Paid,Medicare
BILL_002545,P_00035,ADM_02545,2025-05-17,15928.82,12249.76,3679.06,Paid,CASH
BILL_002546,P_00148,ADM_02546,2024-07-28,13763.84,11603.57,2160.27,Overdue,Cash
BILL_002547,P_01185,ADM_02547,2024-03-08,8512.18,7847.37,664.81,Pending,Credit Card
BILL_002548,P_02404,ADM_02548,2025-03-08,6355.83,4746.85,1608.98,Paid,  Cash  
BILL_002549,P_01778,ADM_02549,2025-04-25,6631.6,5043.53,1588.07,Paid,Medicare
BILL_002550,P_00617,ADM_02550,2024-05-10,9942.5,6642.78,3299.72,Pending,Credit Card
BILL_002551,P_00617,ADM_02551,2024-05-26,6684.91,5981.89,703.02,Paid,Medicare
BILL_002552,P_01417,ADM_02552,2024-07-09,5490.25,4636.65,853.6,Pending,Commercial Insurance
BILL_002553,P_02406,ADM_02553,2024-12-28,18635.81,13943.44,4692.37,Paid,Commercial Insurance
BILL_002554,P_00823,ADM_02554,2025-03-30,10768.8,8633.28,2135.52,Paid,CASH
BILL_002555,P_00275,ADM_02555,2024-08-23,6977.02,5434.88,1542.14,Paid,Medicare
BILL_002556,P_00275,ADM_02556,2024-09-11,10648.04,9185.13,1462.91,Pending,MEDICARE
BILL_002557,P_02648,ADM_02557,2024-12-16,20815.6,18577.15,2238.45,Paid,Direct Debit
BILL_002558,P_02817,ADM_02558,2024-03-01,6969.14,4816.17,2152.97,Paid,Cash
BILL_002559,P_00366,ADM_02559,2024-05-23,6076.67,4802.47,1274.2,Paid,Cash
BILL_002560,P_02867,ADM_02560,2025-02-04,11958.81,11250.17,708.64,Pending,Medicare
BILL_002561,P_00523,ADM_02561,2025-04-08,2186.22,1540.41,645.81,Paid,Credit Card
BILL_002562,P_02771,ADM_02562,2024-02-22,8155.76,5716.44,2439.32,Paid,Credit Card
BILL_002563,P_02163,ADM_02563,2024-04-04,21721.42,17759.49,3961.93,Paid,Direct Debit
BILL_002564,P_02288,ADM_02564,2024-05-23,6632.92,4949.8,1683.12,Paid,Credit Card
BILL_002565,P_02697,ADM_02565,2024-05-13,16249.93,12191.94,4057.99,Paid,Cash
BILL_002566,P_02269,ADM_02566,2025-02-20,5131.96,4200.19,931.77,Paid,Commercial Insurance
BILL_002567,P_01997,ADM_02567,2024-05-11,6587.14,5834.76,752.38,PENDING,Cash
BILL_002568,P_00075,ADM_02568,2024-09-24,9144.98,8566.16,578.82,Paid,Cash
BILL_002569,P_00049,ADM_02569,2025-03-18,15193.43,11382.55,3810.88,Paid,Direct Debit
BILL_002570,P_02239,ADM_02570,2024-05-22,9550.98,7873.55,1677.43,Paid,Direct Debit
BILL_002571,P_03438,ADM_02571,2024-07-02,21407.42,17095.03,4312.39,Paid,Medicare
BILL_002572,P_00461,ADM_02572,2024-06-25,5856.17,4997.88,858.29,  Paid  ,Medicare
BILL_002573,P_01398,ADM_02573,2025-01-08,9189.7,8492.85,696.85,Paid,Medicare
BILL_002574,P_01398,ADM_02574,2025-01-17,10337.01,9652.48,684.53,Paid,
BILL_002575,P_00756,ADM_02575,2025-02-06,7639.74,5560.39,2079.35,Paid,Commercial Insurance
BILL_002576,P_02874,ADM_02576,2024-10-22,8304.67,7066.96,1237.71,Paid,Credit Card
BILL_002577,P_02607,ADM_02577,2024-03-26,5606.97,3867.1,1739.87,Overdue,Credit Card
BILL_002578,P_02607,ADM_02578,2024-04-21,14529.37,10980.64,3548.73,Paid,Commercial Insurance
BILL_002579,P_01729,ADM_02579,2024-03-17,7780.54,5848.91,1931.63,Paid,Commercial Insurance
BILL_002580,P_01421,ADM_02580,2024-09-28,9538.45,7744.85,1793.6,Paid,Commercial Insurance
BILL_002581,P_00212,ADM_02581,2025-02-24,3488.25,2994.35,493.9,OVERDUE,  Commercial Insurance  
BILL_002582,P_00212,ADM_02582,2025-03-30,7637.19,7185.41,451.78,Pending,Commercial Insurance
BILL_002583,P_02396,ADM_02583,2024-11-05,6815.65,5037.18,1778.47,Paid,Medicare
BILL_002584,P_00609,ADM_02584,2024-05-06,2787.14,1928.44,858.7,Paid,cash
BILL_002585,P_03052,ADM_02585,2024-07-12,7710.36,6824.1,886.26,Paid,DIRECT DEBIT
BILL_002586,P_02931,ADM_02586,2025-02-01,13415.56,10789.42,2626.14,Paid,Credit Card
BILL_002587,P_02099,ADM_02587,2024-04-20,5397.14,4943.48,453.66,Pending,Medicare
BILL_002588,P_02099,ADM_02588,04/30/2024,10002.5,8085.04,1917.46,Paid,Medicare
BILL_002589,P_00964,ADM_02589,2024-10-22,9953.38,7420.97,2532.41,Paid,UNKNOWN_VAL
BILL_002590,P_00412,ADM_02590,2024-05-24,12328.89,9377.84,2951.05,Paid,Cash
BILL_002591,P_02966,ADM_02591,2025-03-31,11607.24,8066.05,3541.19,Paid,Credit Card
BILL_002592,P_03150,ADM_02592,2025-03-21,28862.0,26870.45,1991.55,Pending,Direct Debit
BILL_002593,P_02980,ADM_02593,2025-04-19,11333.74,8328.76,3004.98,Overdue,Medicare
BILL_002594,P_02980,ADM_02594,2025-04-29,8134.06,6019.83,2114.23,pending,Direct Debit
BILL_002595,P_00892,ADM_02595,2024-07-08,8253.26,7093.62,1159.64,PAID,Commercial Insurance
BILL_002596,P_02008,ADM_02596,2024-06-16,8135.37,6300.45,1834.92,Paid,Direct Debit
BILL_002597,P_00055,ADM_02597,2025-03-16,8099.85,7101.1,998.75,Paid,Cash
BILL_002598,P_00149,ADM_02598,2024-05-02,19496.35,17612.86,1883.49,Paid,Cash
BILL_002599,P_01144,ADM_02599,2024-12-17,15826.49,12920.93,2905.56,Paid,Credit Card
BILL_002600,P_02313,ADM_02600,2025-04-22,5403.84,4876.22,527.62,Paid,Commercial Insurance
BILL_002601,P_01776,ADM_02601,2024-07-21,10246.28,7213.56,3032.72,Paid,Commercial Insurance
BILL_002602,P_01518,ADM_02602,2024-08-02,4585.9,3370.79,1215.11,Paid,Direct Debit
BILL_002603,P_02820,ADM_02603,2024-03-18,8906.35,5969.13,2937.22,Paid,Credit Card
BILL_002604,P_03303,ADM_02604,2024-09-05,14247.73,10761.3,3486.43,Paid,Credit Card
BILL_002605,P_02181,ADM_02605,2024-11-13,10737.61,9802.11,935.5,Pending,Medicare
BILL_002606,P_01390,ADM_02606,2025-03-06,5749.03,3971.33,1777.7,Paid,Commercial Insurance
BILL_002607,P_00135,ADM_02607,2025-04-17,13972.99,9371.8,4601.19,Paid,Commercial Insurance
BILL_002608,P_03459,ADM_02608,2025-04-05,7244.44,5732.03,1512.41,Paid,Cash
BILL_002609,P_02037,ADM_02609,2024-12-16,5447.35,4108.71,1338.64,Paid,Direct Debit
BILL_002610,P_01214,ADM_02610,2025-03-23,8742.93,8239.6,503.33,Paid,  Credit Card  
BILL_002611,P_02706,ADM_02611,2024-05-30,11320.09,8264.82,3055.27,Paid,
BILL_002612,P_02732,ADM_02612,2024-05-27,11031.58,10042.3,989.28,Pending,direct debit
BILL_002613,P_02732,ADM_02613,2024-06-16,14447.02,12720.04,1726.98,  Paid  ,Credit Card
BILL_002614,P_00300,ADM_02614,2025-01-21,11572.65,10451.81,1120.84,Paid,Credit Card
BILL_002615,P_02869,ADM_02615,2025/03/05 00:00:00,9163.97,6553.24,2610.73,Paid,Medicare
BILL_002616,P_02869,ADM_02616,2025-04-02,15378.68,11889.16,3489.52,Pending,Cash
BILL_002617,P_02348,ADM_02617,04/02/2025,7370.34,5796.7,1573.64,Paid,DIRECT DEBIT
BILL_002618,P_03051,ADM_02618,2024-08-30,5761.9,4489.55,1272.35,Paid,Medicare
BILL_002619,P_03051,ADM_02619,2024-09-13,13271.17,10268.81,3002.36,Pending,Direct Debit
BILL_002620,P_02712,ADM_02620,2024-06-04,7036.21,6211.37,824.84,Paid,Direct Debit
BILL_002621,P_02712,ADM_02621,01-07-2024,19171.48,17367.58,1803.9,Paid,Credit Card
BILL_002622,P_02285,ADM_02622,2024-07-24,9115.72,6263.08,2852.64,Paid,
BILL_002623,P_01831,ADM_02623,2025-01-02,9302.82,8042.03,1260.79,Paid,Credit Card
BILL_002624,P_02640,ADM_02624,2024-04-12,8127.73,6023.37,2104.36,Paid,Credit Card
BILL_002625,P_00584,ADM_02625,2024-06-20,11218.15,9421.02,1797.13,Pending,Cash
BILL_002626,P_00532,ADM_02626,2024-05-19,6457.25,4248.37,2208.88,Overdue,Medicare
BILL_002627,P_01954,ADM_02627,2025-02-12,29848.23,20121.5,9726.73,Paid,Cash
BILL_002628,P_01827,ADM_02628,02-02-2024,20945.67,15179.2,5766.47,Pending,Commercial Insurance
BILL_002629,P_02135,ADM_02629,04/01/2025,14945.37,9818.87,5126.5,Overdue,Commercial Insurance
BILL_002630,P_01155,ADM_02630,2024-06-12,11661.31,8790.1,2871.21,Pending,Credit Card
BILL_002631,P_01551,ADM_02631,2024/10/03 00:00:00,8631.21,7681.12,950.09,Paid,Commercial Insurance
BILL_002632,P_02004,ADM_02632,2025-03-06,9916.91,6630.16,3286.75,Pending,Direct Debit
BILL_002633,P_03211,ADM_02633,2025/01/28 00:00:00,9001.46,6995.04,2006.42,Pending,Commercial Insurance
BILL_002634,P_01357,ADM_02634,2025-02-02,6032.88,5006.24,1026.64,Paid,Commercial Insurance
BILL_002635,P_01275,ADM_02635,2025-01-22,5498.68,5034.67,464.01,Paid,Credit Card
BILL_002636,P_02959,ADM_02636,2024-12-19,9808.08,6561.37,3246.71,PAID,Direct Debit
BILL_002637,P_02959,ADM_02637,2025-01-18,12046.23,8882.58,3163.65,Paid,  Direct Debit  
BILL_002638,P_00616,ADM_02638,2024-06-14,10431.89,7581.69,2850.2,Paid,Medicare
BILL_002639,P_02644,ADM_02639,2024-11-02,5546.57,4002.41,1544.16,Overdue,Commercial Insurance
BILL_002640,P_02642,ADM_02640,2024-09-30,11233.66,7620.85,3612.81,Paid,Credit Card
BILL_002641,P_02333,ADM_02641,2025-02-13,10195.01,7722.21,2472.8,Paid,Credit Card
BILL_002642,P_00322,ADM_02642,2025-03-27,14790.54,11125.46,3665.08,Pending,Direct Debit
BILL_002643,P_01344,ADM_02643,2024-03-20,14927.32,12290.76,2636.56,Paid,Credit Card
BILL_002644,P_02295,ADM_02644,2025-01-22,8979.9,8259.3,720.6,Pending,Cash
BILL_002645,P_01361,ADM_02645,2024-02-17,6055.96,5355.93,700.03,Paid,Commercial Insurance
BILL_002646,P_01997,ADM_02646,2024-08-09,10976.33,10363.32,613.01,Paid,Medicare
BILL_002647,P_03203,ADM_02647,2024-07-17,7308.2,5439.57,1868.63,Paid,Direct Debit
BILL_002648,P_02549,ADM_02648,2024-12-17,9063.22,7701.98,1361.24,Paid,
BILL_002649,P_02270,ADM_02649,2025-02-21,5725.16,4257.12,1468.04,Paid,Cash
BILL_002650,P_02270,ADM_02650,2025-03-23,11391.66,9102.21,2289.45,Pending,Credit Card
BILL_002651,P_00096,ADM_02651,2024-02-22,4433.18,3774.19,658.99,Paid,Credit Card
BILL_002652,P_01671,ADM_02652,2024-11-08,15431.93,12061.0,3370.93,Paid,Medicare
BILL_002653,P_01319,ADM_02653,2024-06-20,12169.56,8231.77,3937.79,Paid,Direct Debit
BILL_002654,P_02387,ADM_02654,2024-10-22,11529.8,10870.35,659.45,Paid,Direct Debit
BILL_002655,P_02857,ADM_02655,2024-12-08,7999.29,5714.55,2284.74,Pending,Credit Card
BILL_002656,P_02586,ADM_02656,2024-09-25,11132.77,7492.33,3640.44,Pending,Cash
BILL_002657,P_02586,ADM_02657,2024-10-13,19845.36,16574.39,3270.97,Paid,Cash
BILL_002658,P_02759,ADM_02658,2025-03-31,16845.53,12273.55,4571.98,Paid,Direct Debit
BILL_002659,P_02759,ADM_02659,2025-04-23,24052.31,20437.39,3614.92,  Pending  ,Commercial Insurance
BILL_002660,P_02701,ADM_02660,2024-11-18,9463.5,8524.3,939.2,Paid,Cash
BILL_002661,P_00184,ADM_02661,2024-03-03,7589.33,6787.18,802.15,PAID,Cash
BILL_002662,P_00262,ADM_02662,2024-12-08,14041.6,11296.81,2744.79,Paid,Commercial Insurance
BILL_002663,P_03109,ADM_02663,2024-06-21,9951.99,8782.92,1169.07,Paid,Commercial Insurance
BILL_002664,P_02785,ADM_02664,2024-09-16,11992.82,10081.79,1911.03,Pending,
BILL_002665,P_03224,ADM_02665,2024-08-02,29270.23,19780.17,9490.06,Paid,Commercial Insurance
BILL_002666,P_03499,ADM_02666,2024-06-18,7408.26,4897.82,2510.44,Paid,
BILL_002667,P_01227,ADM_02667,2024-08-13,4190.91,3975.34,215.57,paid,Cash
BILL_002668,P_01956,ADM_02668,2024-11-22,7890.46,6248.14,1642.32,  Paid  ,Credit Card
BILL_002669,P_02089,ADM_02669,2025-05-08,11126.96,8123.03,3003.93,Paid,Cash
BILL_002670,P_02362,ADM_02670,2024-01-24,8575.96,7926.26,649.7,Paid,Credit Card
BILL_002671,P_02362,ADM_02671,2024-02-26,18183.81,14784.27,3399.54,Paid,Medicare
BILL_002672,P_02475,ADM_02672,2025-03-03,3849.69,2584.52,1265.17,Paid,Direct Debit
BILL_002673,P_03460,ADM_02673,2024-08-29,8945.06,6242.17,2702.89,Paid,Cash
BILL_002674,P_03146,ADM_02674,2024-07-11,8331.08,6192.95,2138.13,Paid,Credit Card
BILL_002675,P_01004,ADM_02675,2024-04-25,9098.8,8312.71,786.09,Pending,Medicare
BILL_002676,P_03472,ADM_02676,2024-07-11,6799.32,6072.6,726.72,Paid,Cash
BILL_002677,P_02180,ADM_02677,2025-01-16,13079.96,9335.62,3744.34,PENDING,Medicare
BILL_002678,P_01312,ADM_02678,2024-09-03,6614.78,4512.45,2102.33,Paid,
BILL_002679,P_00227,ADM_02679,2024-04-06,13186.11,11320.82,1865.29,Paid,Direct Debit
BILL_002680,P_01219,ADM_02680,2025-03-09,8096.84,6041.27,2055.57,Paid,Medicare
BILL_002681,P_03069,ADM_02681,2024-04-08,9255.69,6094.52,3161.17,Overdue,Direct Debit
BILL_002682,P_03231,ADM_02682,2024-04-18,8162.12,6709.87,1452.25,Paid,Commercial Insurance
BILL_002683,P_00440,ADM_02683,2024-07-27,8841.19,7291.88,1549.31,Overdue,Credit Card
BILL_002684,P_01368,ADM_02684,12/27/2024,9630.33,8366.44,1263.89,Paid,Direct Debit
BILL_002685,P_03122,ADM_02685,2024-10-28,5003.69,3588.48,1415.21,Paid,credit card
BILL_002686,P_03122,ADM_02686,2024-11-18,11579.08,8109.01,3470.07,Paid,Medicare
BILL_002687,P_00068,ADM_02687,2024-12-03,10523.63,7388.38,3135.25,Paid,Medicare
BILL_002688,P_03247,ADM_02688,2024-07-07,7079.55,6012.66,1066.89,Paid,  Medicare  
BILL_002689,P_03247,ADM_02689,2024-08-03,17553.76,11598.87,5954.89,Paid,Direct Debit
BILL_002690,P_03035,ADM_02690,2025-03-24,4396.03,3760.35,635.68,Paid,Medicare
BILL_002691,P_03035,ADM_02691,2025-04-28,13081.27,8701.06,4380.21,Paid,Commercial Insurance
BILL_002692,P_01491,ADM_02692,2025-03-25,4513.57,4001.54,512.03,Paid,Direct Debit
BILL_002693,P_02588,ADM_02693,2024-11-11,14239.4,11511.9,2727.5,Paid,cash
BILL_002694,P_02575,ADM_02694,2025-02-01,12072.48,10331.41,1741.07,Overdue,Medicare
BILL_002695,P_02229,ADM_02695,2024-08-16,8279.29,5713.31,2565.98,Paid,Credit Card
BILL_002696,P_01477,ADM_02696,2024-09-24,4543.81,3945.43,598.38,Pending,Commercial Insurance
BILL_002697,P_01477,ADM_02697,2024-10-06,10673.1,7806.73,2866.37,Paid,cash
BILL_002698,P_02408,ADM_02698,2024-07-20,10670.28,7688.4,2981.88,PAID,
BILL_002699,P_02408,ADM_02699,2024-08-23,20924.91,19768.28,1156.63,Paid,Commercial Insurance
BILL_002700,P_00750,ADM_02700,2024-01-09,5162.13,4624.38,537.75,Paid,Direct Debit
BILL_002701,P_00889,ADM_02701,2024-04-19,3738.51,2898.85,839.66,Paid,Direct Debit
BILL_002702,P_00799,ADM_02702,2025-02-24,7931.72,5362.34,2569.38,Paid,Cash
BILL_002703,P_01023,ADM_02703,2025-01-26,7302.72,5518.53,1784.19,Paid,Direct Debit
BILL_002704,P_01474,ADM_02704,09/09/2024,14360.72,10470.46,3890.26,Paid,COMMERCIAL INSURANCE
BILL_002705,P_00277,ADM_02705,2024-05-22,13308.87,12554.39,754.48,Paid,Direct Debit
BILL_002706,P_00259,ADM_02706,2024-07-04,14241.73,10660.39,3581.34,Paid,Cash
BILL_002707,P_01785,ADM_02707,2024-06-28,11928.01,9817.21,2110.8,Paid,  Credit Card  
BILL_002708,P_02838,ADM_02708,2024-07-11,14038.46,13158.86,879.6,Overdue,Commercial Insurance
BILL_002709,P_02279,ADM_02709,2024-12-11,4985.95,4480.06,505.89,Pending,Cash
BILL_002710,P_00799,ADM_02710,2025-02-08,8750.22,5985.62,2764.6,Paid,Cash
BILL_002711,P_03188,ADM_02711,2024-11-11,8341.97,6765.81,1576.16,Pending,  Cash  
BILL_002712,P_00589,ADM_02712,2025-03-18,7820.54,6761.07,1059.47,Pending,Direct Debit
BILL_002713,P_01535,ADM_02713,2024-07-01,4724.26,3130.94,1593.32,Paid,Direct Debit
BILL_002714,P_01231,ADM_02714,2025-05-15,34629.09,32399.03,2230.06,Paid,Commercial Insurance
BILL_002715,P_03484,ADM_02715,2024/05/25 00:00:00,13124.44,11304.54,1819.9,Paid,Commercial Insurance
BILL_002716,P_03484,ADM_02716,2024-06-22,8640.29,6695.52,1944.77,  Paid  ,Credit Card
BILL_002717,P_02130,ADM_02717,2024-02-24,3746.37,2615.3,1131.07,  Paid  ,Direct Debit
BILL_002718,P_02256,ADM_02718,2025-01-09,5749.0,4003.02,1745.98,Paid,Medicare
BILL_002719,P_02212,ADM_02719,2024-06-17,13684.34,10509.11,3175.23,Pending,Credit Card
BILL_002720,P_01437,ADM_02720,24-01-2025,16975.53,13600.19,3375.34,Paid,Medicare
BILL_002721,P_01437,ADM_02721,2025-02-24,24631.29,20137.08,4494.21,Overdue,Direct Debit
BILL_002722,P_00446,ADM_02722,2024-10-17,7426.77,4844.9,2581.87,Paid,Credit Card
BILL_002723,P_03374,ADM_02723,2024-09-12,13271.96,12515.19,756.77,Paid,Credit Card
BILL_002724,P_01039,ADM_02724,2024-08-13,9039.57,6141.75,2897.82,PAID,Cash
BILL_002725,P_03324,ADM_02725,2025-05-13,19627.25,17319.01,2308.24,paid,Medicare
BILL_002726,P_01212,ADM_02726,2025-01-28,9407.4,8298.57,1108.83,Paid,Cash
BILL_002727,P_01212,ADM_02727,2025-02-17,4615.24,3893.94,721.3,Paid,Medicare
BILL_002728,P_01133,ADM_02728,2024-07-30,3762.76,3215.56,547.2,  Overdue  ,Cash
BILL_002729,P_02365,ADM_02729,2024-03-24,8673.23,6259.47,2413.76,PAID,Direct Debit
BILL_002730,P_00698,ADM_02730,2024-03-05,10540.01,9812.23,727.78,Paid,medicare
BILL_002731,P_00743,ADM_02731,2024-09-11,11049.16,8741.16,2308.0,Paid,Cash
BILL_002732,P_02043,ADM_02732,2024-05-29,3536.68,3229.54,307.14,Paid,Credit Card
BILL_002733,P_00675,ADM_02733,2024-11-07,8121.53,6126.57,1994.96,Paid,Credit Card
BILL_002734,P_00016,ADM_02734,2024/09/02 00:00:00,5968.87,3917.76,2051.11,Paid,Commercial Insurance
BILL_002735,P_01959,ADM_02735,2024-08-08,5968.96,4138.31,1830.65,Paid,Credit Card
BILL_002736,P_02407,ADM_02736,2024-08-21,5354.73,4604.88,749.85,Paid,Direct Debit
BILL_002737,P_02407,ADM_02737,2024-09-22,30468.07,22662.83,7805.24,Paid,Cash
BILL_002738,P_03038,ADM_02738,2024-10-26,6512.33,5946.83,565.5,Paid,medicare
BILL_002739,P_03078,ADM_02739,2024-09-10,8683.26,6964.33,1718.93,Paid,  Cash  
BILL_002740,P_01495,ADM_02740,2024-11-19,19562.8,15219.71,4343.09,Paid,Credit Card
BILL_002741,P_02147,ADM_02741,25-02-2025,17429.86,13016.97,4412.89,Paid,UNKNOWN_VAL
BILL_002742,P_02786,ADM_02742,2025-04-17,13867.47,9104.4,4763.07,Paid,  Credit Card  
BILL_002743,P_02786,ADM_02743,2025-05-22,15057.89,13509.98,1547.91,  Paid  ,Commercial Insurance
BILL_002744,P_02508,ADM_02744,2024-05-15,15314.33,13191.7,2122.63,Paid,Medicare
BILL_002745,P_01599,ADM_02745,2025-04-18,5846.85,4746.72,1100.13,Paid,Direct Debit
BILL_002746,P_00742,ADM_02746,2024-09-04,6095.39,5328.89,766.5,Paid,Commercial Insurance
BILL_002747,P_00971,ADM_02747,2024-11-27,9546.28,7623.06,1923.22,Paid,Commercial Insurance
BILL_002748,P_01123,ADM_02748,2024-08-29,20283.07,14612.92,5670.15,Paid,Cash
BILL_002749,P_01123,ADM_02749,2024-09-22,5608.61,3800.39,1808.22,Paid,Cash
BILL_002750,P_02246,ADM_02750,2025-03-05,8091.51,5680.05,2411.46,Paid,Direct Debit
BILL_002751,P_02428,ADM_02751,2025-03-16,12483.82,11116.63,1367.19,Paid,  Medicare  
BILL_002752,P_03335,ADM_02752,2024-01-26,8627.56,5807.48,2820.08,Pending,Direct Debit
BILL_002753,P_01326,ADM_02753,2024-01-15,16224.58,12560.54,3664.04,Pending,Commercial Insurance
BILL_002754,P_01326,ADM_02754,2024-02-09,15255.9,11293.21,3962.69,Paid,Commercial Insurance
BILL_002755,P_02255,ADM_02755,2024-05-27,5534.64,3665.18,1869.46,Paid,Credit Card
BILL_002756,P_02255,ADM_02756,2024-06-13,14880.93,11120.24,3760.69,Paid,Commercial Insurance
BILL_002757,P_00758,ADM_02757,2024-07-31,4947.69,3471.74,1475.95,Paid,Direct Debit
BILL_002758,P_01923,ADM_02758,2024-03-12,6050.46,4526.16,1524.3,Paid,Commercial Insurance
BILL_002759,P_00227,ADM_02759,06/23/2024,4425.14,3061.26,1363.88,Paid,Commercial Insurance
BILL_002760,P_00798,ADM_02760,2024-11-14,11963.47,9430.11,2533.36,Paid,Cash
BILL_002761,P_03364,ADM_02761,2024-12-17,14551.21,9654.62,4896.59,Paid,commercial insurance
BILL_002762,P_03364,ADM_02762,2025-01-01,12329.39,8326.41,4002.98,Paid,Cash
BILL_002763,P_02884,ADM_02763,2024-11-02,6032.76,4750.15,1282.61,Pending,Direct Debit
BILL_002764,P_02295,ADM_02764,2025-01-30,11167.78,10067.53,1100.25,Paid,Medicare
BILL_002765,P_02670,ADM_02765,2024-03-21,14476.53,10947.21,3529.32,Paid,Medicare
BILL_002766,P_02670,ADM_02766,2024-04-12,11081.12,8254.85,2826.27,Pending,Credit Card
BILL_002767,P_00195,ADM_02767,2025-04-27,8161.49,5328.06,2833.43,Paid,Medicare
BILL_002768,P_02969,ADM_02768,2025-03-23,6309.46,5093.1,1216.36,Pending,Cash
BILL_002769,P_02332,ADM_02769,2024-12-06,9541.31,8288.41,1252.9,Overdue,Direct Debit
BILL_002770,P_02332,ADM_02770,2024-12-24,8834.86,6859.34,1975.52,Paid,
BILL_002771,P_00046,ADM_02771,2024-12-26,20546.95,15561.12,4985.83,Paid,Medicare
BILL_002772,P_02711,ADM_02772,2024-08-18,5424.67,3924.23,1500.44,paid,Credit Card
BILL_002773,P_02498,ADM_02773,2024-12-18,2560.68,2244.26,316.42,Paid,Medicare
BILL_002774,P_00948,ADM_02774,2024-12-28,17470.92,12201.59,5269.33,Paid,
BILL_002775,P_01838,ADM_02775,2024-03-27,7531.28,6910.59,620.69,Paid,Credit Card
BILL_002776,P_01838,ADM_02776,2024-04-11,5595.42,4565.24,1030.18,Paid,Credit Card
BILL_002777,P_00322,ADM_02777,2024-08-12,17257.11,11321.55,5935.56,PAID,Cash
BILL_002778,P_00322,ADM_02778,10-09-2024,11730.91,10691.29,1039.62,Paid,
BILL_002779,P_03442,ADM_02779,2024-04-04,23817.06,21010.88,2806.18,Paid,Cash
BILL_002780,P_03442,ADM_02780,2024-05-02,15521.66,12909.0,2612.66,Paid,Cash
BILL_002781,P_03467,ADM_02781,2024-09-06,32059.94,30290.37,1769.57,Paid,Medicare
BILL_002782,P_02052,ADM_02782,2024-01-08,9142.86,8312.16,830.7,Paid,
BILL_002783,P_00822,ADM_02783,2025-02-22,13075.61,10739.27,2336.34,Paid,Cash
BILL_002784,P_01388,ADM_02784,2024-11-23,16353.92,13482.62,2871.3,  Paid  ,MEDICARE
BILL_002785,P_01520,ADM_02785,2025-02-15,31076.38,28152.93,2923.45,Paid,  Credit Card  
BILL_002786,P_01520,ADM_02786,2025-03-20,9939.63,9330.81,608.82,Paid,Direct Debit
BILL_002787,P_03491,ADM_02787,2024-07-31,5740.83,5312.76,428.07,Paid,Credit Card
BILL_002788,P_03193,ADM_02788,2024-10-07,11980.59,9115.75,2864.84,Pending,
BILL_002789,P_02265,ADM_02789,2025-02-06,4037.69,3404.03,633.66,Overdue,COMMERCIAL INSURANCE
BILL_002790,P_02133,ADM_02790,2024-04-27,7204.06,5607.0,1597.06,Paid,Direct Debit
BILL_002791,P_03158,ADM_02791,2024-03-02,7516.37,5785.3,1731.07,Paid,Credit Card
BILL_002792,P_00699,ADM_02792,2024-02-23,17596.74,12007.29,5589.45,Paid,Cash
BILL_002793,P_00699,ADM_02793,2024-03-19,13469.29,11289.74,2179.55,Paid,Medicare
BILL_002794,P_00788,ADM_02794,2024-01-24,13352.62,12467.38,885.24,PAID,medicare
BILL_002795,P_00884,ADM_02795,2024-07-30,4141.7,3234.32,907.38,Paid,Cash
BILL_002796,P_00884,ADM_02796,2024-08-31,35134.68,25975.55,9159.13,Paid,Direct Debit
BILL_002797,P_03126,ADM_02797,2025-04-24,6864.14,5880.45,983.69,Paid,Medicare
BILL_002798,P_02195,ADM_02798,2024-08-08,5247.08,4931.5,315.58,Paid,DIRECT DEBIT
BILL_002799,P_01635,ADM_02799,2024-09-16,19172.83,15250.84,3921.99,Paid,Credit Card
BILL_002800,P_01635,ADM_02800,17-10-2024,8242.98,6719.0,1523.98,Paid,CASH
BILL_002801,P_03011,ADM_02801,2024-06-06,15764.71,11476.98,4287.73,Paid,Credit Card
BILL_002802,P_03052,ADM_02802,2024-09-08,12758.25,9649.05,3109.2,Paid,Commercial Insurance
BILL_002803,P_01203,ADM_02803,2024/04/08 00:00:00,15676.22,12962.7,2713.52,Paid,Cash
BILL_002804,P_02184,ADM_02804,2025-01-18,10879.4,8687.41,2191.99,Paid,Direct Debit
BILL_002805,P_02215,ADM_02805,2025-02-23,14512.27,10824.29,3687.98,Paid,Credit Card
BILL_002806,P_01404,ADM_02806,2024-09-28,24153.08,22908.03,1245.05,Paid,Credit Card
BILL_002807,P_02578,ADM_02807,2024-02-06,22767.17,18181.41,4585.76,Paid,  Medicare  
BILL_002808,P_02578,ADM_02808,2024-03-09,7434.61,5878.68,1555.93,Paid,Medicare
BILL_002809,P_00351,ADM_02809,2024-02-06,15206.26,10064.35,5141.91,Paid,
BILL_002810,P_03125,ADM_02810,2024-10-25,6760.38,6044.98,715.4,Paid,Medicare
BILL_002811,P_02143,ADM_02811,2024-08-14,11310.8,7825.28,3485.52,Paid,Commercial Insurance
BILL_002812,P_02143,ADM_02812,2024-09-07,17197.35,14430.7,2766.65,Paid,Medicare
BILL_002813,P_01567,ADM_02813,2024-02-16,3981.61,3306.14,675.47,Pending,Cash
BILL_002814,P_01567,ADM_02814,2024-03-17,16043.09,11916.23,4126.86,Paid,Direct Debit
BILL_002815,P_01460,ADM_02815,2024-01-29,14518.69,11261.19,3257.5,Paid,Cash
BILL_002816,P_01460,ADM_02816,2024-02-09,16096.04,15002.29,1093.75,Paid,Medicare
BILL_002817,P_02625,ADM_02817,2024-10-29,6153.54,4127.16,2026.38,Paid,Commercial Insurance
BILL_002818,P_02625,ADM_02818,2024-11-22,4569.3,3123.34,1445.96,Paid,Medicare
BILL_002819,P_02793,ADM_02819,2025-04-23,10048.19,6722.32,3325.87,Paid,Medicare
BILL_002820,P_01261,ADM_02820,2024-05-07,8750.85,7243.11,1507.74,Paid,Medicare
BILL_002821,P_02661,ADM_02821,2025-05-03,8890.23,5868.64,3021.59,OVERDUE,Cash
BILL_002822,P_02685,ADM_02822,2024/04/20 00:00:00,5094.1,3718.32,1375.78,Paid,Credit Card
BILL_002823,P_00574,ADM_02823,2024-06-09,9165.27,8009.81,1155.46,Paid,Direct Debit
BILL_002824,P_03047,ADM_02824,2024-09-15,22710.61,18641.39,4069.22,Paid,Credit Card
BILL_002825,P_01432,ADM_02825,2025/02/06 00:00:00,5939.14,5288.92,650.22,Paid,DIRECT DEBIT
BILL_002826,P_02736,ADM_02826,2024-05-17,6133.46,4425.84,1707.62,Paid,Medicare
BILL_002827,P_02510,ADM_02827,2024-07-30,13713.86,8936.68,4777.18,Paid,Commercial Insurance
BILL_002828,P_03156,ADM_02828,2025-01-10,4641.09,3088.65,1552.44,Paid,Commercial Insurance
BILL_002829,P_02909,ADM_02829,2024-01-15,9655.83,7054.2,2601.63,Pending,Credit Card
BILL_002830,P_02967,ADM_02830,2025-03-28,11834.55,8776.28,3058.27,Paid,Medicare
BILL_002831,P_02031,ADM_02831,2025-03-10,8310.43,5811.22,2499.21,Paid,Commercial Insurance
BILL_002832,P_02031,ADM_02832,2025-03-23,14567.36,9989.0,4578.36,Paid,Commercial Insurance
BILL_002833,P_01793,ADM_02833,2024-10-23,12058.69,10773.84,1284.85,Paid,Cash
BILL_002834,P_00302,ADM_02834,2025-03-11,17879.49,15327.38,2552.11,Paid,
BILL_002835,P_00474,ADM_02835,2025-05-16,9303.73,8061.83,1241.9,Paid,Medicare
BILL_002836,P_00421,ADM_02836,2025-04-05,7791.55,6493.22,1298.33,Paid,Credit Card
BILL_002837,P_00421,ADM_02837,2025-04-29,4145.32,3441.72,703.6,Paid,Direct Debit
BILL_002838,P_02783,ADM_02838,2024-10-11,8849.52,8072.26,777.26,Overdue,Cash
BILL_002839,P_01034,ADM_02839,2024-05-15,5207.25,4006.7,1200.55,Pending,Direct Debit
BILL_002840,P_01515,ADM_02840,2024-05-08,14506.91,13330.24,1176.67,Overdue,Medicare
BILL_002841,P_01728,ADM_02841,2024-03-13,18364.95,15376.29,2988.66,Paid,Direct Debit
BILL_002842,P_01728,ADM_02842,2024-04-12,6087.04,4552.3,1534.74,Paid,Commercial Insurance
BILL_002843,P_00663,ADM_02843,2024-07-03,8243.99,6661.1,1582.89,Paid,Commercial Insurance
BILL_002844,P_02394,ADM_02844,2024-09-12,11165.11,8066.85,3098.26,Paid,Direct Debit
BILL_002845,P_02394,ADM_02845,2024-10-15,16366.48,14771.7,1594.78,Pending,Commercial Insurance
BILL_002846,P_02527,ADM_02846,2024-03-08,12615.62,8870.69,3744.93,Paid,Credit Card
BILL_002847,P_00367,ADM_02847,2025-02-06,10747.81,7542.2,3205.61,Paid,Credit Card
BILL_002848,P_01138,ADM_02848,2024/07/19 00:00:00,12169.14,9922.97,2246.17,Paid,Cash
BILL_002849,P_03154,ADM_02849,2024-08-19,5292.67,3905.67,1387.0,Pending,Credit Card
BILL_002850,P_01076,ADM_02850,2024-07-13,8033.7,5410.23,2623.47,Paid,Commercial Insurance
BILL_002851,P_01076,ADM_02851,2024-08-12,12725.99,11031.55,1694.44,Paid,Direct Debit
BILL_002852,P_03031,ADM_02852,2024-11-04,6608.18,5691.52,916.66,Pending,MEDICARE
BILL_002853,P_01171,ADM_02853,2024-05-21,19069.66,16756.08,2313.58,Paid,Credit Card
BILL_002854,P_00470,ADM_02854,2025-04-25,8783.43,6936.74,1846.69,Pending,Cash
BILL_002855,P_01042,ADM_02855,2024-09-18,6021.95,4327.13,1694.82,Pending,Cash
BILL_002856,P_02470,ADM_02856,2025-02-23,10071.11,6722.64,3348.47,Paid,Commercial Insurance
BILL_002857,P_02434,ADM_02857,2025-04-25,8000.12,7008.01,992.11,Paid,Credit Card
BILL_002858,P_00712,ADM_02858,2024-12-13,9810.23,9048.44,761.79,Paid,  Credit Card  
BILL_002859,P_01153,ADM_02859,2024-06-12,10663.02,7680.5,2982.52,Paid,Commercial Insurance
BILL_002860,P_01153,ADM_02860,2024-07-16,15958.93,12748.91,3210.02,Paid,Direct Debit
BILL_002861,P_01784,ADM_02861,2024/04/12 00:00:00,11057.19,8474.37,2582.82,Paid,Direct Debit
BILL_002862,P_01447,ADM_02862,2024-07-21,9164.69,6264.38,2900.31,Paid,Commercial Insurance
BILL_002863,P_01763,ADM_02863,2025-03-07,10900.8,9687.21,1213.59,Paid,
BILL_002864,P_00504,ADM_02864,2024-07-01,11586.53,9811.02,1775.51,Paid,Cash
BILL_002865,P_01441,ADM_02865,2025-04-27,9389.98,7399.24,1990.74,Paid,Commercial Insurance
BILL_002866,P_03166,ADM_02866,2025-03-26,17268.78,15701.3,1567.48,Paid,Cash
BILL_002867,P_02217,ADM_02867,2024-11-25,6571.43,4430.38,2141.05,Paid,Cash
BILL_002868,P_02153,ADM_02868,2024-12-25,8233.56,7812.05,421.51,Paid,Commercial Insurance
BILL_002869,P_00620,ADM_02869,04/14/2024,13136.15,11505.26,1630.89,Paid,Medicare
BILL_002870,P_00756,ADM_02870,2024-04-22,10930.84,8752.08,2178.76,Paid,Cash
BILL_002871,P_03208,ADM_02871,2024-03-22,10380.32,8686.46,1693.86,Paid,Credit Card
BILL_002872,P_00999,ADM_02872,2025-03-29,5864.67,3872.78,1991.89,  Paid  ,Direct Debit
BILL_002873,P_02954,ADM_02873,2024-08-25,31937.9,21712.72,10225.18,Paid,Commercial Insurance
BILL_002874,P_02076,ADM_02874,2025-03-19,5199.88,3988.14,1211.74,paid,Medicare
BILL_002875,P_03123,ADM_02875,2024-10-05,7425.45,5767.39,1658.06,Paid,Credit Card
BILL_002876,P_03083,ADM_02876,29-10-2024,6614.08,5703.49,910.59,Paid,
BILL_002877,P_01100,ADM_02877,2024-11-12,8892.93,6514.67,2378.26,Paid,Cash
BILL_002878,P_02003,ADM_02878,2024-11-24,4303.66,3856.44,447.22,Paid,DIRECT DEBIT
BILL_002879,P_03074,ADM_02879,2024-08-01,11577.2,10594.07,983.13,Pending,Commercial Insurance
BILL_002880,P_00019,ADM_02880,2024-05-02,10326.05,7823.58,2502.47,Paid,Cash
BILL_002881,P_00019,ADM_02881,2024-05-16,11344.8,7433.52,3911.28,Pending,Credit Card
BILL_002882,P_00765,ADM_02882,2024-04-11,7649.2,7038.57,610.63,Pending,CREDIT CARD
BILL_002883,P_02914,ADM_02883,2025-03-26,4221.81,3943.9,277.91,Paid,
BILL_002884,P_01399,ADM_02884,2024-06-05,5725.1,5266.51,458.59,Pending,Credit Card
BILL_002885,P_02188,ADM_02885,2024-04-10,10251.67,9199.6,1052.07,Paid,Credit Card
BILL_002886,P_02723,ADM_02886,2024-09-22,4754.04,3791.71,962.33,Paid,  Medicare  
BILL_002887,P_02215,ADM_02887,2024-03-23,5166.66,3581.45,1585.21,Paid,Direct Debit
BILL_002888,P_00489,ADM_02888,2024-04-24,2391.75,1989.77,401.98,Pending,Credit Card
BILL_002889,P_02518,ADM_02889,2025-05-08,11351.84,10193.85,1157.99,Pending,Credit Card
BILL_002890,P_03174,ADM_02890,2024-10-19,8929.92,7154.32,1775.6,Paid,Credit Card
BILL_002891,P_01986,ADM_02891,2024-05-21,12747.95,10810.37,1937.58,Paid,Medicare
BILL_002892,P_03292,ADM_02892,2024-01-16,5652.63,5063.74,588.89,Paid,Direct Debit
BILL_002893,P_03292,ADM_02893,2024-01-31,14854.59,10528.75,4325.84,Paid,Commercial Insurance
BILL_002894,P_02932,ADM_02894,2024-07-02,7154.43,5054.39,2100.04,Paid,Medicare
BILL_002895,P_00579,ADM_02895,2025-04-16,7124.08,5794.23,1329.85,Paid,Cash
BILL_002896,P_00579,ADM_02896,2025-05-06,3852.39,3308.42,543.97,Pending,Direct Debit
BILL_002897,P_02618,ADM_02897,2024-03-12,10145.19,8851.7,1293.49,Paid,Medicare
BILL_002898,P_00430,ADM_02898,2024-12-25,6787.13,5144.43,1642.7,Pending,Credit Card
BILL_002899,P_00407,ADM_02899,2024-06-28,13281.75,11248.7,2033.05,Paid,Credit Card
BILL_002900,P_00248,ADM_02900,2024-06-02,9505.5,6565.24,2940.26,Paid,Credit Card
BILL_002901,P_03459,ADM_02901,2025/04/07 00:00:00,10526.43,8159.43,2367.0,Pending,Medicare
BILL_002902,P_01617,ADM_02902,2025-01-06,13501.38,10374.54,3126.84,Paid,Direct Debit
BILL_002903,P_02312,ADM_02903,2024-09-04,6647.09,5546.23,1100.86,Pending,Cash
BILL_002904,P_01732,ADM_02904,2024-07-26,11631.58,10485.43,1146.15,Paid,Commercial Insurance
BILL_002905,P_01732,ADM_02905,2024-08-18,7847.18,6972.95,874.23,  Paid  ,Credit Card
BILL_002906,P_03125,ADM_02906,2024-10-17,11927.81,8540.21,3387.6,Paid,Medicare
BILL_002907,P_00466,ADM_02907,2024-01-28,9549.31,6970.62,2578.69,Pending,Credit Card
BILL_002908,P_00221,ADM_02908,2024-12-22,11873.18,9031.99,2841.19,Overdue,Cash
BILL_002909,P_03091,ADM_02909,2024-10-26,7669.47,7060.38,609.09,Paid,Direct Debit
BILL_002910,P_00636,ADM_02910,2025-04-23,22682.49,18575.31,4107.18,Paid,Commercial Insurance
BILL_002911,P_02724,ADM_02911,2024-04-05,8005.5,5834.29,2171.21,Paid,Medicare
BILL_002912,P_02591,ADM_02912,2024-12-16,26647.56,19040.94,7606.62,Paid,Credit Card
BILL_002913,P_03381,ADM_02913,2025-04-04,5140.25,3911.63,1228.62,Paid,Direct Debit
BILL_002914,P_02189,ADM_02914,2024-11-17,14140.95,13172.14,968.81,Overdue,Direct Debit
BILL_002915,P_00936,ADM_02915,2024-03-08,12108.23,11024.32,1083.91,Pending,Medicare
BILL_002916,P_02442,ADM_02916,2024-03-31,4967.36,4292.42,674.94,Paid,Credit Card
BILL_002917,P_00716,ADM_02917,2024-05-15,9708.98,7720.01,1988.97,Paid,Cash
BILL_002918,P_01020,ADM_02918,2024-12-18,3490.82,2876.45,614.37,Pending,Commercial Insurance
BILL_002919,P_03158,ADM_02919,06/06/2024,19585.52,14963.28,4622.24,Paid,Commercial Insurance
BILL_002920,P_01646,ADM_02920,2024-07-07,7379.74,5378.94,2000.8,Paid,Cash
BILL_002921,P_01646,ADM_02921,2024-08-09,6009.42,4779.19,1230.23,Paid,Medicare
BILL_002922,P_03405,ADM_02922,2024/04/05 00:00:00,9829.85,8207.12,1622.73,Paid,Credit Card
BILL_002923,P_00888,ADM_02923,2024-08-02,5246.63,4054.16,1192.47,Paid,Medicare
BILL_002924,P_01959,ADM_02924,2024-07-10,12460.6,9915.54,2545.06,Pending,cash
BILL_002925,P_00070,ADM_02925,2025-03-07,13692.86,12383.22,1309.64,Paid,Medicare
BILL_002926,P_02019,ADM_02926,2024-01-23,5036.99,4145.03,891.96,Paid,Commercial Insurance
BILL_002927,P_01904,ADM_02927,2024-11-14,7674.48,5075.21,2599.27,Paid,Cash
BILL_002928,P_01818,ADM_02928,2024-02-21,6523.66,4906.15,1617.51,Pending,MEDICARE
BILL_002929,P_03138,ADM_02929,29-10-2024,5592.95,5205.97,386.98,Paid,Medicare
BILL_002930,P_00859,ADM_02930,2024-02-28,4394.83,3654.66,740.17,Paid,Credit Card
BILL_002931,P_00859,ADM_02931,2024-03-25,21922.4,18230.14,3692.26,Paid,Commercial Insurance
BILL_002932,P_00474,ADM_02932,2024-02-17,13561.73,11565.41,1996.32,  Paid  ,Cash
BILL_002933,P_02532,ADM_02933,2025-04-22,11379.5,10265.59,1113.91,Paid,
BILL_002934,P_01781,ADM_02934,2024-04-07,18957.13,17311.89,1645.24,  Paid  ,Direct Debit
BILL_002935,P_01781,ADM_02935,2024-04-17,14576.83,12957.09,1619.74,Paid,Cash
BILL_002936,P_03045,ADM_02936,2024-03-09,5397.81,3680.81,1717.0,  Paid  ,Credit Card
BILL_002937,P_00929,ADM_02937,2024-03-07,9262.95,6858.27,2404.68,Paid,Commercial Insurance
BILL_002938,P_02252,ADM_02938,2024-04-09,4812.9,4180.1,632.8,Paid,Medicare
BILL_002939,P_02831,ADM_02939,2024-03-08,10033.17,8593.53,1439.64,Paid,Commercial Insurance
BILL_002940,P_01906,ADM_02940,2024-01-26,4695.64,4388.77,306.87,Paid,Direct Debit
BILL_002941,P_02609,ADM_02941,2024-07-06,6005.59,5545.43,460.16,Pending,Direct Debit
BILL_002942,P_02908,ADM_02942,2024-01-06,7186.77,4868.93,2317.84,Paid,Cash
BILL_002943,P_01692,ADM_02943,2025-02-18,15665.08,12692.65,2972.43,Pending,Credit Card
BILL_002944,P_03288,ADM_02944,2024-05-05,19788.75,16923.71,2865.04,Paid,Commercial Insurance
BILL_002945,P_00978,ADM_02945,2024-04-09,15442.76,11969.07,3473.69,Paid,Commercial Insurance
BILL_002946,P_00116,ADM_02946,2024-12-29,5523.39,4588.25,935.14,Paid,Credit Card
BILL_002947,P_03209,ADM_02947,2024-09-09,16862.52,15232.2,1630.32,PAID,Credit Card
BILL_002948,P_03209,ADM_02948,2024-09-28,6468.28,5878.47,589.81,Paid,Credit Card
BILL_002949,P_00691,ADM_02949,2024-10-27,5205.94,3505.94,1700.0,PAID,Medicare
BILL_002950,P_01826,ADM_02950,2024-08-20,9555.33,6516.41,3038.92,Paid,Credit Card
BILL_002951,P_01826,ADM_02951,2024-09-16,20140.5,18152.08,1988.42,Paid,Commercial Insurance
BILL_002952,P_02042,ADM_02952,2024-04-12,8794.04,6729.34,2064.7,Pending,Credit Card
BILL_002953,P_02795,ADM_02953,2025-04-25,9805.62,6813.39,2992.23,  Pending  ,Cash
BILL_002954,P_03246,ADM_02954,2024-03-28,10406.55,7760.82,2645.73,  Paid  ,  Medicare  
BILL_002955,P_01903,ADM_02955,2024/11/23 00:00:00,17961.51,12129.2,5832.31,Paid,Medicare
BILL_002956,P_02437,ADM_02956,2024-07-27,6953.94,4672.86,2281.08,Overdue,Direct Debit
BILL_002957,P_00405,ADM_02957,2025-05-15,6130.23,5470.87,659.36,Overdue,Credit Card
BILL_002958,P_00384,ADM_02958,2024-05-16,10327.61,6916.66,3410.95,Paid,Medicare
BILL_002959,P_01200,ADM_02959,2024-06-16,19781.21,17775.11,2006.1,Paid,Credit Card
BILL_002960,P_01706,ADM_02960,2024-04-24,5529.94,5132.32,397.62,Pending,Medicare
BILL_002961,P_01818,ADM_02961,2025-04-21,10379.99,9609.42,770.57,Paid,Direct Debit
BILL_002962,P_02925,ADM_02962,2024-02-19,4639.32,4044.13,595.19,Paid,Credit Card
BILL_002963,P_02925,ADM_02963,2024-03-18,10175.23,7934.85,2240.38,Paid,  Credit Card  
BILL_002964,P_01271,ADM_02964,12/06/2024,14311.98,10324.79,3987.19,Paid,Direct Debit
BILL_002965,P_00787,ADM_02965,2024-01-06,6718.04,5774.59,943.45,Paid,Commercial Insurance
BILL_002966,P_00372,ADM_02966,2024-08-02,15219.55,10663.54,4556.01,Paid,Commercial Insurance
BILL_002967,P_00372,ADM_02967,2024-08-18,9903.15,7882.56,2020.59,Paid,Cash
BILL_002968,P_00151,ADM_02968,2024-02-26,5877.94,4135.15,1742.79,Paid,Cash
BILL_002969,P_00151,ADM_02969,2024-03-09,12332.32,11370.76,961.56,Paid,  Direct Debit  
BILL_002970,P_02140,ADM_02970,2024-08-26,13887.57,10647.81,3239.76,Paid,Direct Debit
BILL_002971,P_01303,ADM_02971,2024-10-29,5622.83,4629.32,993.51,Paid,Medicare
BILL_002972,P_01064,ADM_02972,2024-01-21,8110.12,6349.28,1760.84,Paid,Medicare
BILL_002973,P_03491,ADM_02973,2024-06-05,14080.18,12288.83,1791.35,Paid,Direct Debit
BILL_002974,P_00235,ADM_02974,2024-10-13,5258.75,4573.27,685.48,PENDING,Cash
BILL_002975,P_00308,ADM_02975,2024/08/06 00:00:00,5321.86,4226.37,1095.49,Pending,Cash
BILL_002976,P_02821,ADM_02976,2024-06-08,7430.76,6064.49,1366.27,Pending,Direct Debit
BILL_002977,P_00286,ADM_02977,2024-05-16,9821.37,7286.59,2534.78,Paid,Cash
BILL_002978,P_01195,ADM_02978,2025-04-29,4839.37,4174.17,665.2,paid,commercial insurance
BILL_002979,P_02164,ADM_02979,2024-03-11,11611.63,8083.21,3528.42,Paid,Credit Card
BILL_002980,P_01743,ADM_02980,2024-03-09,10371.37,7128.49,3242.88,Paid,  Credit Card  
BILL_002981,P_02094,ADM_02981,2024-08-02,16175.29,10533.04,5642.25,Paid,Direct Debit
BILL_002982,P_03314,ADM_02982,2024-02-24,9296.22,6313.2,2983.02,Pending,Credit Card
BILL_002983,P_00976,ADM_02983,2025-04-16,4667.02,3943.27,723.75,Paid,Medicare
BILL_002984,P_00976,ADM_02984,2025-05-21,13930.37,9276.62,4653.75,  Paid  ,Credit Card
BILL_002985,P_01175,ADM_02985,2024-05-16,9114.42,6651.78,2462.64,Paid,Cash
BILL_002986,P_01175,ADM_02986,2024-06-08,12410.47,9165.82,3244.65,Pending,Direct Debit
BILL_002987,P_01108,ADM_02987,2025-02-17,11821.84,8431.87,3389.97,Paid,Cash
BILL_002988,P_01326,ADM_02988,2024-02-24,4107.58,3646.13,461.45,Paid,Credit Card
BILL_002989,P_02676,ADM_02989,2025-04-24,7250.42,6082.69,1167.73,Paid,Direct Debit
BILL_002990,P_01742,ADM_02990,2024-11-23,8924.21,8166.59,757.62,PAID,Direct Debit
BILL_002991,P_01742,ADM_02991,2024-12-22,10661.6,7175.24,3486.36,Paid,Commercial Insurance
BILL_002992,P_02802,ADM_02992,2024-11-27,7922.3,7214.36,707.94,Pending,  Credit Card  
BILL_002993,P_02804,ADM_02993,2024-08-21,6778.23,6079.58,698.65,Paid,Medicare
BILL_002994,P_03280,ADM_02994,2024-04-29,5344.38,4934.57,409.81,Paid,Cash
BILL_002995,P_02760,ADM_02995,2024-11-30,24412.61,17677.88,6734.73,Paid,Direct Debit
BILL_002996,P_02001,ADM_02996,2025-03-06,5205.31,4709.3,496.01,Paid,Cash
BILL_002997,P_02001,ADM_02997,2025-04-04,14505.98,11702.94,2803.04,Paid,Direct Debit
BILL_002998,P_02675,ADM_02998,2024-09-03,8938.61,7382.77,1555.84,Paid,Medicare
BILL_002999,P_00142,ADM_02999,2024-12-13,17197.66,15012.55,2185.11,Paid,Commercial Insurance
BILL_003000,P_03425,ADM_03000,2025-03-10,16117.88,13777.44,2340.44,Paid,Direct Debit
BILL_003001,P_02877,ADM_03001,2025-02-15,8870.92,6495.92,2375.0,Overdue,Direct Debit
BILL_003002,P_03257,ADM_03002,2024-04-22,7351.86,6250.44,1101.42,PAID,Direct Debit
BILL_003003,P_00474,ADM_03003,2024-06-26,24291.18,22863.72,1427.46,paid,Commercial Insurance
BILL_003004,P_01834,ADM_03004,2024-12-02,13455.28,11813.69,1641.59,Paid,Credit Card
BILL_003005,P_02313,ADM_03005,2024-06-21,12021.55,10020.0,2001.55,Pending,direct debit
BILL_003006,P_00134,ADM_03006,2024-07-07,13051.53,10877.11,2174.42,Pending,Medicare
BILL_003007,P_00277,ADM_03007,2024-05-18,5472.23,4836.85,635.38,Paid,Medicare
BILL_003008,P_02070,ADM_03008,2024-07-24,4873.55,3327.03,1546.52,PAID,Direct Debit
BILL_003009,P_02070,ADM_03009,2024-08-03,5240.49,4101.11,1139.38,Paid,Credit Card
BILL_003010,P_00316,ADM_03010,2025-05-01,10831.74,9811.65,1020.09,Pending,Direct Debit
BILL_003011,P_01104,ADM_03011,2025-02-24,6789.39,5761.09,1028.3,Paid,Medicare
BILL_003012,P_02607,ADM_03012,2024-04-02,6811.43,4753.46,2057.97,Paid,Cash
BILL_003013,P_00107,ADM_03013,2025-05-22,19091.69,15517.16,3574.53,Paid,Medicare
BILL_003014,P_00221,ADM_03014,2024-09-15,2763.24,2329.02,434.22,Pending,Cash
BILL_003015,P_00615,ADM_03015,2024-08-28,8928.7,6464.42,2464.28,Pending,Commercial Insurance
BILL_003016,P_00609,ADM_03016,2024-04-23,16365.66,14770.99,1594.67,Paid,Direct Debit
BILL_003017,P_01599,ADM_03017,2024-09-17,10814.66,8693.91,2120.75,Paid,Medicare
BILL_003018,P_02902,ADM_03018,2024-09-24,6395.36,4851.46,1543.9,Pending,Commercial Insurance
BILL_003019,P_01757,ADM_03019,2024-08-13,11634.84,9598.82,2036.02,Paid,Direct Debit
BILL_003020,P_01070,ADM_03020,2024-04-10,8609.1,6237.61,2371.49,Paid,Medicare
BILL_003021,P_00773,ADM_03021,2024-04-16,5865.17,5053.24,811.93,Paid,
BILL_003022,P_02008,ADM_03022,2024-04-05,4669.26,3155.39,1513.87,Paid,Medicare
BILL_003023,P_01268,ADM_03023,2024-01-13,15005.98,11199.04,3806.94,paid,Direct Debit
BILL_003024,P_02433,ADM_03024,2025-04-06,9343.94,7803.08,1540.86,Paid,CREDIT CARD
BILL_003025,P_02082,ADM_03025,2024-02-05,6089.91,5417.53,672.38,Paid,Medicare
BILL_003026,P_01403,ADM_03026,2025-05-22,12795.4,12001.93,793.47,Paid,
BILL_003027,P_00557,ADM_03027,2024-04-29,10473.34,8453.34,2020.0,Paid,Medicare
BILL_003028,P_03138,ADM_03028,2024/07/12 00:00:00,9896.63,7790.18,2106.45,Paid,Direct Debit
BILL_003029,P_02243,ADM_03029,2024-09-14,10265.58,9365.73,899.85,Paid,Direct Debit
BILL_003030,P_02243,ADM_03030,2024-09-30,8071.66,7338.33,733.33,Pending,Direct Debit
BILL_003031,P_03211,ADM_03031,2024-09-09,6005.42,4270.16,1735.26,Paid,Cash
BILL_003032,P_00611,ADM_03032,2024-09-28,9133.85,8258.5,875.35,Paid,Medicare
BILL_003033,P_02790,ADM_03033,2024-03-10,9185.34,6621.58,2563.76,Paid,Direct Debit
BILL_003034,P_00425,ADM_03034,2024-12-09,11636.17,8881.4,2754.77,Paid,Credit Card
BILL_003035,P_00850,ADM_03035,2024-02-27,7523.23,6434.84,1088.39,PAID,Cash
BILL_003036,P_02771,ADM_03036,2024-04-06,12187.78,9694.85,2492.93,Paid,Credit Card
BILL_003037,P_01143,ADM_03037,2025-03-06,6511.46,5621.05,890.41,Pending,Commercial Insurance
BILL_003038,P_00425,ADM_03038,2024-04-21,8115.72,5477.73,2637.99,Paid,Direct Debit
BILL_003039,P_00935,ADM_03039,2025-04-12,7909.58,5204.57,2705.01,Paid,Commercial Insurance
BILL_003040,P_02146,ADM_03040,2025-03-31,5316.56,4259.04,1057.52,Paid,Direct Debit
BILL_003041,P_03147,ADM_03041,2024-06-15,19046.94,15858.29,3188.65,Paid,CREDIT CARD
BILL_003042,P_01019,ADM_03042,2024-01-12,8270.64,7581.22,689.42,Paid,Commercial Insurance
BILL_003043,P_02127,ADM_03043,2024-09-04,5406.6,5129.56,277.04,Paid,Medicare
BILL_003044,P_00458,ADM_03044,2025-03-03,20340.09,16340.11,3999.98,Paid,Credit Card
BILL_003045,P_01540,ADM_03045,2024-09-23,5313.62,4052.63,1260.99,Pending,
BILL_003046,P_00857,ADM_03046,2024-02-07,5626.89,5034.8,592.09,Pending,Medicare
BILL_003047,P_01840,ADM_03047,2024-06-07,8252.35,6854.1,1398.25,Paid,Cash
BILL_003048,P_03223,ADM_03048,2024-10-07,7721.67,7287.06,434.61,Overdue,COMMERCIAL INSURANCE
BILL_003049,P_02663,ADM_03049,2025-04-05,13903.19,10215.75,3687.44,Paid,Cash
BILL_003050,P_02663,ADM_03050,2025-05-05,5981.06,4498.06,1483.0,Paid,  Direct Debit  
BILL_003051,P_01825,ADM_03051,2024-12-13,7378.76,6015.54,1363.22,Paid,Direct Debit
BILL_003052,P_01255,ADM_03052,2024-06-13,7763.49,6682.36,1081.13,PAID,Medicare
BILL_003053,P_00063,ADM_03053,2024-06-18,10292.04,8718.14,1573.9,Paid,Direct Debit
BILL_003054,P_02663,ADM_03054,2024-09-26,7362.2,4800.53,2561.67,Paid,  Credit Card  
BILL_003055,P_02663,ADM_03055,2024-10-07,9994.16,7195.14,2799.02,Paid,Credit Card
BILL_003056,P_00510,ADM_03056,2024-01-19,10184.04,7995.27,2188.77,Paid,  Commercial Insurance  
BILL_003057,P_00952,ADM_03057,2024-06-23,23885.83,21471.63,2414.2,Paid,Cash
BILL_003058,P_02192,ADM_03058,2024-09-11,9423.08,6805.76,2617.32,Paid,Cash
BILL_003059,P_02192,ADM_03059,2024-10-04,25467.83,22640.81,2827.02,Paid,Commercial Insurance
BILL_003060,P_01992,ADM_03060,2024-04-27,11297.58,7542.67,3754.91,Paid,Commercial Insurance
BILL_003061,P_03155,ADM_03061,2024-02-26,11562.61,9131.01,2431.6,Pending,Medicare
BILL_003062,P_00962,ADM_03062,2025-01-20,13804.97,11363.62,2441.35,Paid,Medicare
BILL_003063,P_01684,ADM_03063,2024-12-20,13235.38,10078.75,3156.63,Paid,Direct Debit
BILL_003064,P_02714,ADM_03064,2024-04-23,6897.01,5171.56,1725.45,Pending,Medicare
BILL_003065,P_02348,ADM_03065,2025-01-10,16755.97,15037.04,1718.93,Pending,Commercial Insurance
BILL_003066,P_02418,ADM_03066,2024-06-27,8849.47,6831.42,2018.05,Paid,Credit Card
BILL_003067,P_02008,ADM_03067,08-01-2025,3716.04,2876.64,839.4,Pending,Commercial Insurance
BILL_003068,P_00234,ADM_03068,2024-09-07,3494.78,2597.87,896.91,Pending,Commercial Insurance
BILL_003069,P_00035,ADM_03069,2024-09-15,19795.19,13192.19,6603.0,Paid,Credit Card
BILL_003070,P_01697,ADM_03070,2025-02-24,10253.3,7959.71,2293.59,Pending,Commercial Insurance
BILL_003071,P_00060,ADM_03071,2025-04-17,5936.21,5175.03,761.18,Paid,Direct Debit
BILL_003072,P_00590,ADM_03072,2024-07-22,5474.21,3561.92,1912.29,Paid,Credit Card
BILL_003073,P_02838,ADM_03073,2024-03-13,17917.71,11815.48,6102.23,Paid,Direct Debit
BILL_003074,P_01959,ADM_03074,2024-03-20,11714.84,10271.14,1443.7,Paid,Commercial Insurance
BILL_003075,P_00249,ADM_03075,2025-05-02,8709.39,8024.91,684.48,Pending,Cash
BILL_003076,P_02482,ADM_03076,2024-06-26,11518.88,8450.86,3068.02,Paid,Medicare
BILL_003077,P_01807,ADM_03077,2024-11-26,14273.02,10325.32,3947.7,PAID,Medicare
BILL_003078,P_03064,ADM_03078,2024-11-20,11266.28,9439.67,1826.61,Paid,Commercial Insurance
BILL_003079,P_02480,ADM_03079,2025/03/15 00:00:00,10786.01,9979.67,806.34,Paid,Medicare
BILL_003080,P_02480,ADM_03080,2025-04-08,8736.6,6991.02,1745.58,Paid,Direct Debit
BILL_003081,P_02329,ADM_03081,2025-01-23,5237.54,4591.31,646.23,Paid,Medicare
BILL_003082,P_02329,ADM_03082,2025-02-24,7255.41,6760.72,494.69,Paid,Credit Card
BILL_003083,P_03062,ADM_03083,2024-05-25,6401.1,4991.45,1409.65,Paid,Medicare
BILL_003084,P_03062,ADM_03084,2024-06-26,8888.67,7143.78,1744.89,Paid,Direct Debit
BILL_003085,P_02947,ADM_03085,2025-02-07,5932.94,4569.75,1363.19,Paid,Cash
BILL_003086,P_01206,ADM_03086,2024-01-27,15637.09,10678.64,4958.45,Paid,Commercial Insurance
BILL_003087,P_02605,ADM_03087,2025-04-12,7729.29,5360.18,2369.11,Pending,Commercial Insurance
BILL_003088,P_02829,ADM_03088,08/06/2024,10420.98,8864.17,1556.81,Paid,Direct Debit
BILL_003089,P_02311,ADM_03089,2024-01-27,6093.97,4033.59,2060.38,Paid,Commercial Insurance
BILL_003090,P_03273,ADM_03090,2024-11-07,8659.47,6496.02,2163.45,Paid,Direct Debit
BILL_003091,P_00099,ADM_03091,2024-05-04,21384.42,19566.67,1817.75,Paid,Cash
BILL_003092,P_01242,ADM_03092,2024-07-07,19032.73,13099.17,5933.56,Paid,Cash
BILL_003093,P_01242,ADM_03093,2024-07-15,12750.1,10173.27,2576.83,Pending,Direct Debit
BILL_003094,P_00296,ADM_03094,2025-02-07,4290.62,3455.29,835.33,paid,credit card
BILL_003095,P_00296,ADM_03095,2025-02-23,12684.97,8298.2,4386.77,Paid,Medicare
BILL_003096,P_00201,ADM_03096,2024-01-30,21365.62,18233.13,3132.49,Paid,
BILL_003097,P_02922,ADM_03097,2024-05-14,10691.24,7573.12,3118.12,Paid,Direct Debit
BILL_003098,P_01578,ADM_03098,2025-02-15,13172.57,10289.14,2883.43,Pending,Credit Card
BILL_003099,P_01438,ADM_03099,2024-07-07,11653.99,8186.73,3467.26,  Paid  ,Cash
BILL_003100,P_02260,ADM_03100,07-11-2024,5683.12,4388.03,1295.09,Paid,Direct Debit
BILL_003101,P_00552,ADM_03101,2024-08-19,6827.67,6356.24,471.43,Paid,Medicare
BILL_003102,P_02173,ADM_03102,2024-12-29,17157.15,15656.82,1500.33,Paid,UNKNOWN_VAL
BILL_003103,P_00366,ADM_03103,2024-03-01,8744.71,6554.19,2190.52,Paid,Direct Debit
BILL_003104,P_03336,ADM_03104,2024-07-06,16838.62,11532.34,5306.28,Paid,Direct Debit
BILL_003105,P_03336,ADM_03105,2024-07-18,13230.91,9267.19,3963.72,Paid,Cash
BILL_003106,P_02319,ADM_03106,2024/11/10 00:00:00,10929.47,7872.11,3057.36,Paid,Credit Card
BILL_003107,P_00089,ADM_03107,2025-03-25,8985.52,6767.27,2218.25,Paid,commercial insurance
BILL_003108,P_00089,ADM_03108,2025-04-03,10557.0,8360.76,2196.24,Paid,Credit Card
BILL_003109,P_01773,ADM_03109,2024-09-07,10555.24,7224.39,3330.85,Paid,Commercial Insurance
BILL_003110,P_02709,ADM_03110,2025-03-29,7652.61,7133.01,519.6,Paid,Credit Card
BILL_003111,P_00416,ADM_03111,2024-12-22,7794.8,6670.37,1124.43,Paid,Credit Card
BILL_003112,P_00641,ADM_03112,2024-03-08,10490.0,9036.13,1453.87,Paid,Medicare
BILL_003113,P_00665,ADM_03113,2024-06-17,26036.96,21521.13,4515.83,Pending,Cash
BILL_003114,P_01041,ADM_03114,2024-05-30,14492.04,11429.73,3062.31,Overdue,Cash
BILL_003115,P_03118,ADM_03115,2024-11-14,19880.15,18642.92,1237.23,Paid,Commercial Insurance
BILL_003116,P_03118,ADM_03116,2024-12-12,7494.67,6593.76,900.91,Paid,credit card
BILL_003117,P_00934,ADM_03117,2024-09-25,10512.21,9983.26,528.95,Paid,Cash
BILL_003118,P_03273,ADM_03118,2025-03-28,23488.41,17322.73,6165.68,Paid,Medicare
BILL_003119,P_03056,ADM_03119,2025-01-30,6949.55,6010.03,939.52,Paid,Commercial Insurance
BILL_003120,P_02910,ADM_03120,2025-02-09,15835.38,14966.76,868.62,Paid,Medicare
BILL_003121,P_02354,ADM_03121,2025-01-08,9982.2,8014.55,1967.65,Paid,commercial insurance
BILL_003122,P_02172,ADM_03122,2024-06-09,10295.79,7539.27,2756.52,Paid,Credit Card
BILL_003123,P_01268,ADM_03123,2024-06-27,13286.97,11527.22,1759.75,Paid,Commercial Insurance
BILL_003124,P_01660,ADM_03124,2025-04-02,12017.01,10582.02,1434.99,Paid,Commercial Insurance
BILL_003125,P_03067,ADM_03125,2024-10-17,8031.78,5737.86,2293.92,Paid,Commercial Insurance
BILL_003126,P_03067,ADM_03126,2024-11-19,20271.88,18181.17,2090.71,Paid,Commercial Insurance
BILL_003127,P_01953,ADM_03127,2024-09-03,5175.88,4824.17,351.71,Paid,Direct Debit
BILL_003128,P_01953,ADM_03128,2024-10-06,11603.42,9631.22,1972.2,paid,Medicare
BILL_003129,P_03497,ADM_03129,2024-09-03,12421.72,11395.39,1026.33,Paid,Medicare
BILL_003130,P_01318,ADM_03130,2024-05-31,22388.56,16510.13,5878.43,Paid,Credit Card
BILL_003131,P_00409,ADM_03131,2024-08-28,16645.86,13061.31,3584.55,Paid,Commercial Insurance
BILL_003132,P_00409,ADM_03132,2024-09-16,10455.89,7944.27,2511.62,PAID,Direct Debit
BILL_003133,P_01783,ADM_03133,2024-08-13,8244.42,6404.82,1839.6,Paid,Direct Debit
BILL_003134,P_00235,ADM_03134,2024-02-15,8567.98,5862.24,2705.74,Paid,Commercial Insurance
BILL_003135,P_01495,ADM_03135,2024-07-17,7040.61,6064.15,976.46,Paid,Cash
BILL_003136,P_02695,ADM_03136,2024-04-19,4208.06,3424.45,783.61,Paid,
BILL_003137,P_02033,ADM_03137,2024-10-08,26012.28,24107.84,1904.44,Paid,Credit Card
BILL_003138,P_01833,ADM_03138,2024-10-25,10359.35,8586.43,1772.92,Paid,Commercial Insurance
BILL_003139,P_02674,ADM_03139,2025-01-13,8044.86,5543.36,2501.5,Paid,Cash
BILL_003140,P_02674,ADM_03140,2025-02-13,15358.28,10191.7,5166.58,Paid,Medicare
BILL_003141,P_01703,ADM_03141,2024-01-27,8343.83,6688.96,1654.87,Paid,Direct Debit
BILL_003142,P_01825,ADM_03142,2025-05-16,16442.07,14131.2,2310.87,Overdue,Direct Debit
BILL_003143,P_01113,ADM_03143,2024-07-03,5136.65,4713.17,423.48,Paid,Direct Debit
BILL_003144,P_00227,ADM_03144,2025-05-17,16010.77,11024.09,4986.68,Pending,Cash
BILL_003145,P_02856,ADM_03145,2024-07-07,9271.54,6458.07,2813.47,Paid,
BILL_003146,P_01156,ADM_03146,2024-11-28,12143.87,10328.47,1815.4,Paid,Cash
BILL_003147,P_01314,ADM_03147,2025-02-26,13914.09,12220.64,1693.45,Paid,Medicare
BILL_003148,P_01314,ADM_03148,2025-03-14,12129.97,8941.82,3188.15,Paid,Credit Card
BILL_003149,P_01095,ADM_03149,2024-05-24,15540.02,10290.91,5249.11,Paid,Credit Card
BILL_003150,P_02741,ADM_03150,2024-07-20,6643.74,4573.96,2069.78,Pending,direct debit
BILL_003151,P_01680,ADM_03151,2024-05-12,21366.2,16338.61,5027.59,Paid,Commercial Insurance
BILL_003152,P_01680,ADM_03152,2024-06-16,12895.25,9342.87,3552.38,Pending,Commercial Insurance
BILL_003153,P_01368,ADM_03153,2024-10-20,10144.09,7934.4,2209.69,Paid,Credit Card
BILL_003154,P_00041,ADM_03154,2024-03-31,15798.3,14270.23,1528.07,Pending,Medicare
BILL_003155,P_02163,ADM_03155,2024-09-08,18830.19,15047.22,3782.97,Paid,Commercial Insurance
BILL_003156,P_02279,ADM_03156,2024-02-04,8529.2,7966.31,562.89,Paid,Medicare
BILL_003157,P_03447,ADM_03157,2025-01-15,9977.53,9347.91,629.62,Pending,Direct Debit
BILL_003158,P_01652,ADM_03158,2024-05-03,7738.8,6364.43,1374.37,Paid,Direct Debit
BILL_003159,P_02214,ADM_03159,2025-02-12,12559.55,8859.65,3699.9,Paid,Medicare
BILL_003160,P_02791,ADM_03160,2024-05-17,5429.09,4074.75,1354.34,Paid,Credit Card
BILL_003161,P_02458,ADM_03161,2024-04-16,14050.93,10362.42,3688.51,Paid,Cash
BILL_003162,P_02458,ADM_03162,2024-05-24,22166.07,17838.49,4327.58,Paid,Commercial Insurance
BILL_003163,P_03285,ADM_03163,2024-08-11,4672.08,3793.18,878.9,Paid,Medicare
BILL_003164,P_03199,ADM_03164,2024-12-23,22070.78,15124.99,6945.79,Paid,Commercial Insurance
BILL_003165,P_00435,ADM_03165,2024-05-30,4787.1,3454.1,1333.0,Paid,Direct Debit
BILL_003166,P_01596,ADM_03166,2025-05-14,29663.88,26922.73,2741.15,Paid,COMMERCIAL INSURANCE
BILL_003167,P_03426,ADM_03167,2025-02-20,13234.05,11228.23,2005.82,Paid,Credit Card
BILL_003168,P_00148,ADM_03168,2024-07-26,11857.95,9654.43,2203.52,PAID,Direct Debit
BILL_003169,P_01952,ADM_03169,2024-02-04,8710.41,6243.3,2467.11,Pending,Medicare
BILL_003170,P_00220,ADM_03170,2024-12-12,9632.16,7674.82,1957.34,Pending,Cash
BILL_003171,P_00884,ADM_03171,2025-03-01,5522.04,4234.24,1287.8,Pending,Medicare
BILL_003172,P_01968,ADM_03172,2024-04-30,5584.25,4606.88,977.37,Paid,Commercial Insurance
BILL_003173,P_02934,ADM_03173,2025-01-25,5625.67,5335.82,289.85,Overdue,Cash
BILL_003174,P_02262,ADM_03174,2024-02-20,6362.8,6002.31,360.49,Paid,Credit Card
BILL_003175,P_01444,ADM_03175,2024-11-14,13019.63,9872.22,3147.41,Pending,Cash
BILL_003176,P_02345,ADM_03176,2024-08-05,5946.97,4264.67,1682.3,Paid,Cash
BILL_003177,P_00439,ADM_03177,03/24/2024,7534.87,5799.81,1735.06,Paid,Commercial Insurance
BILL_003178,P_00387,ADM_03178,2024-08-13,5816.98,3884.49,1932.49,Pending,cash
BILL_003179,P_00337,ADM_03179,2024-01-19,9875.28,6574.83,3300.45,Paid,Medicare
BILL_003180,P_03070,ADM_03180,2024-07-13,9854.46,9267.24,587.22,Paid,credit card
BILL_003181,P_02648,ADM_03181,2024-05-14,7880.98,7234.7,646.28,Paid,Commercial Insurance
BILL_003182,P_01189,ADM_03182,2024-10-15,5597.04,5256.73,340.31,Pending,Credit Card
BILL_003183,P_02769,ADM_03183,2025-04-05,11246.79,9222.4,2024.39,paid,Medicare
BILL_003184,P_02769,ADM_03184,2025-05-08,16176.96,10762.76,5414.2,Pending,Medicare
BILL_003185,P_00989,ADM_03185,2024-11-22,8476.85,6369.52,2107.33,Paid,Medicare
BILL_003186,P_03012,ADM_03186,2024-01-07,5164.93,3790.25,1374.68,Paid,Credit Card
BILL_003187,P_01838,ADM_03187,2025-02-15,9927.64,7133.24,2794.4,Pending,Cash
BILL_003188,P_01838,ADM_03188,24-03-2025,20751.46,17854.65,2896.81,Paid,Cash
BILL_003189,P_01643,ADM_03189,2024-07-08,11651.83,8548.21,3103.62,Paid,Cash
BILL_003190,P_00811,ADM_03190,2024-08-09,10186.82,9046.61,1140.21,Paid,Commercial Insurance
BILL_003191,P_03449,ADM_03191,2024-12-15,11880.13,10434.67,1445.46,Paid,Commercial Insurance
BILL_003192,P_01909,ADM_03192,2024-07-31,22476.63,18789.78,3686.85,Paid,Commercial Insurance
BILL_003193,P_02898,ADM_03193,2024-10-31,5838.19,5098.18,740.01,Paid,Medicare
BILL_003194,P_02333,ADM_03194,2025-03-18,5681.85,4676.84,1005.01,paid,Commercial Insurance
BILL_003195,P_02157,ADM_03195,2024-08-19,11031.84,8249.51,2782.33,Paid,Cash
BILL_003196,P_02157,ADM_03196,2024-09-14,9021.72,7396.84,1624.88,Pending,Cash
BILL_003197,P_02526,ADM_03197,2024-02-04,21018.5,18716.03,2302.47,Paid,Commercial Insurance
BILL_003198,P_03213,ADM_03198,2024-11-05,10630.94,8200.62,2430.32,Overdue,Direct Debit
BILL_003199,P_01561,ADM_03199,2024-04-09,9986.5,7592.97,2393.53,PAID,Cash
BILL_003200,P_01561,ADM_03200,2024-05-01,18593.16,13028.29,5564.87,Paid,Commercial Insurance
BILL_003201,P_02727,ADM_03201,2024-01-31,8461.36,7170.45,1290.91,Paid,Medicare
BILL_003202,P_02727,ADM_03202,2024-02-07,11102.2,8170.52,2931.68,Pending,Cash
BILL_003203,P_03301,ADM_03203,2024-10-19,4335.51,3518.73,816.78,Paid,
BILL_003204,P_01147,ADM_03204,2025-02-11,11558.2,10904.06,654.14,Paid,Commercial Insurance
BILL_003205,P_01147,ADM_03205,2025-03-02,9875.08,6603.83,3271.25,Pending,Cash
BILL_003206,P_02168,ADM_03206,2024-06-03,11488.04,9703.8,1784.24,Paid,Credit Card
BILL_003207,P_02168,ADM_03207,2024-06-14,10765.91,7358.16,3407.75,Paid,Credit Card
BILL_003208,P_00859,ADM_03208,2024-04-19,6859.77,6400.11,459.66,Pending,CREDIT CARD
BILL_003209,P_02947,ADM_03209,2024-09-22,11096.4,9899.5,1196.9,Paid,Medicare
BILL_003210,P_00923,ADM_03210,2025-02-22,4693.3,4348.02,345.28,Paid,Medicare
BILL_003211,P_02966,ADM_03211,2024-12-09,7567.3,5173.59,2393.71,Paid,Direct Debit
BILL_003212,P_00378,ADM_03212,2024-07-10,14699.97,9677.44,5022.53,Pending,Direct Debit
BILL_003213,P_00956,ADM_03213,2024-04-09,10252.7,7695.38,2557.32,Paid,Direct Debit
BILL_003214,P_03482,ADM_03214,2024/04/25 00:00:00,9274.99,8084.22,1190.77,Paid,Credit Card
BILL_003215,P_03482,ADM_03215,2024-05-25,10848.54,8980.6,1867.94,Paid,Medicare
BILL_003216,P_00182,ADM_03216,2025-03-10,9071.7,6732.56,2339.14,Overdue,Direct Debit
BILL_003217,P_01186,ADM_03217,2024-04-02,11367.44,8019.23,3348.21,Paid,  Cash  
BILL_003218,P_02260,ADM_03218,2025-03-14,5708.97,5295.43,413.54,Pending,Medicare
BILL_003219,P_02974,ADM_03219,2024-01-14,14409.33,10944.57,3464.76,Paid,Medicare
BILL_003220,P_02974,ADM_03220,2024-01-31,7658.99,7186.4,472.59,Pending,Medicare
BILL_003221,P_03468,ADM_03221,2024-08-12,12573.86,9209.36,3364.5,Paid,Cash
BILL_003222,P_02664,ADM_03222,2025-03-17,7500.41,5220.52,2279.89,Pending,Credit Card
BILL_003223,P_01399,ADM_03223,2025-01-06,5618.11,4239.79,1378.32,Paid,Direct Debit
BILL_003224,P_00342,ADM_03224,2025-03-03,9447.85,8777.53,670.32,Paid,Commercial Insurance
BILL_003225,P_00134,ADM_03225,2024-06-28,10499.0,7861.43,2637.57,Paid,Commercial Insurance
BILL_003226,P_00993,ADM_03226,2025-01-09,27453.12,24503.48,2949.64,Pending,Credit Card
BILL_003227,P_03329,ADM_03227,2024-02-03,8863.88,7065.28,1798.6,Paid,Credit Card
BILL_003228,P_02460,ADM_03228,2025-02-24,25548.0,21430.92,4117.08,Paid,Cash
BILL_003229,P_03100,ADM_03229,2024/09/07 00:00:00,5919.58,5027.08,892.5,Paid,credit card
BILL_003230,P_01341,ADM_03230,2025-04-16,11109.48,7651.72,3457.76,Paid,
BILL_003231,P_01341,ADM_03231,2025-05-10,8782.15,5908.36,2873.79,Paid,Medicare
BILL_003232,P_00034,ADM_03232,2024-04-02,10118.99,9374.05,744.94,Paid,Commercial Insurance
BILL_003233,P_01585,ADM_03233,2025-03-27,7514.73,5394.98,2119.75,Paid,Credit Card
BILL_003234,P_01700,ADM_03234,08-02-2025,9128.08,7286.55,1841.53,Paid,Direct Debit
BILL_003235,P_01700,ADM_03235,2025-02-19,13713.45,9438.65,4274.8,Paid,Cash
BILL_003236,P_02123,ADM_03236,2024-09-20,10550.86,6871.41,3679.45,Paid,Medicare
BILL_003237,P_01230,ADM_03237,2024-10-17,8265.26,7836.79,428.47,Paid,Medicare
BILL_003238,P_01512,ADM_03238,2024-01-26,36240.41,28563.49,7676.92,Pending,Medicare
BILL_003239,P_03219,ADM_03239,2024-07-04,8988.51,7188.83,1799.68,Paid,Direct Debit
BILL_003240,P_01645,ADM_03240,2025-01-20,18488.52,14183.7,4304.82,Paid,Medicare
BILL_003241,P_01076,ADM_03241,2025-01-19,14567.81,10496.55,4071.26,  Paid  ,Medicare
BILL_003242,P_03059,ADM_03242,2024-11-16,2959.0,2709.17,249.83,Pending,Medicare
BILL_003243,P_03067,ADM_03243,2024-09-15,11625.04,9191.28,2433.76,Paid,COMMERCIAL INSURANCE
BILL_003244,P_03067,ADM_03244,2024-10-02,6974.19,5063.68,1910.51,Paid,Commercial Insurance
BILL_003245,P_00179,ADM_03245,2024-06-21,6489.05,5059.88,1429.17,Paid,Commercial Insurance
BILL_003246,P_02097,ADM_03246,2025-01-31,4317.02,3964.24,352.78,Pending,Commercial Insurance
BILL_003247,P_02529,ADM_03247,2024-01-31,14903.44,12016.15,2887.29,Paid,Commercial Insurance
BILL_003248,P_02973,ADM_03248,2024-12-09,7729.78,6376.09,1353.69,Paid,Credit Card
BILL_003249,P_00023,ADM_03249,2025-05-16,6450.48,4602.53,1847.95,Paid,Direct Debit
BILL_003250,P_02677,ADM_03250,2024-01-28,12799.17,11119.89,1679.28,Paid,Medicare
BILL_003251,P_00901,ADM_03251,2024-07-12,19953.55,17168.84,2784.71,Pending,Credit Card
BILL_003252,P_00901,ADM_03252,2024-08-10,8386.44,7494.6,891.84,PAID,Commercial Insurance
BILL_003253,P_03223,ADM_03253,2024-07-26,12403.79,10135.27,2268.52,Paid,Direct Debit
BILL_003254,P_01282,ADM_03254,2024-03-04,2812.88,2613.37,199.51,Pending,Cash
BILL_003255,P_01282,ADM_03255,2024-04-13,30364.59,25244.35,5120.24,Paid,Direct Debit
BILL_003256,P_01772,ADM_03256,2024-02-16,11427.4,8033.03,3394.37,Paid,Cash
BILL_003257,P_03104,ADM_03257,2024-12-31,6027.02,4102.15,1924.87,Paid,  Direct Debit  
BILL_003258,P_01839,ADM_03258,2024-10-17,17707.43,16561.5,1145.93,Pending,Credit Card
BILL_003259,P_01507,ADM_03259,2024-08-24,6031.8,4900.54,1131.26,Paid,Direct Debit
BILL_003260,P_01980,ADM_03260,2025-02-16,6170.37,5655.08,515.29,Paid,Commercial Insurance
BILL_003261,P_02819,ADM_03261,2024-11-08,6794.88,6022.9,771.98,Paid,Cash
BILL_003262,P_02267,ADM_03262,2024-06-08,8177.16,6925.93,1251.23,Paid,Direct Debit
BILL_003263,P_00044,ADM_03263,2025-02-14,6517.3,5999.97,517.33,Paid,Cash
BILL_003264,P_00724,ADM_03264,2024-11-15,3310.0,2912.16,397.84,Paid,Commercial Insurance
BILL_003265,P_01900,ADM_03265,2025-02-08,6804.26,6463.24,341.02,Pending,Credit Card
BILL_003266,P_02361,ADM_03266,2024-04-05,18653.9,15176.39,3477.51,Paid,Medicare
BILL_003267,P_02393,ADM_03267,2025-02-25,18856.21,15475.68,3380.53,  Paid  ,Direct Debit
BILL_003268,P_03168,ADM_03268,2024-11-01,7734.29,5404.16,2330.13,Paid,Cash
BILL_003269,P_02210,ADM_03269,19-02-2024,8213.75,7315.05,898.7,Paid,Cash
BILL_003270,P_03094,ADM_03270,2025-02-15,8269.48,5453.69,2815.79,Paid,Cash
BILL_003271,P_00394,ADM_03271,2025-03-19,8176.64,6135.89,2040.75,Paid,Medicare
BILL_003272,P_00394,ADM_03272,2025-04-16,9897.01,7688.1,2208.91,Paid,Cash
BILL_003273,P_03245,ADM_03273,2025-03-16,8242.15,6315.0,1927.15,Pending,Cash
BILL_003274,P_03245,ADM_03274,2025-04-19,22271.92,17664.7,4607.22,PAID,Medicare
BILL_003275,P_02943,ADM_03275,2024-08-25,8013.14,7382.14,631.0,Paid,Credit Card
BILL_003276,P_01381,ADM_03276,2024-07-02,9045.02,6071.6,2973.42,Paid,Commercial Insurance
BILL_003277,P_00505,ADM_03277,2024-08-17,10727.97,7382.06,3345.91,Paid,Commercial Insurance
BILL_003278,P_02889,ADM_03278,2024-03-24,12051.5,10393.8,1657.7,Pending,
BILL_003279,P_01423,ADM_03279,2025-03-18,4321.25,2861.88,1459.37,paid,Medicare
BILL_003280,P_01423,ADM_03280,2025-04-04,21973.64,18812.89,3160.75,Paid,Cash
BILL_003281,P_03198,ADM_03281,2024-05-08,8768.33,6734.17,2034.16,Paid,Cash
BILL_003282,P_03198,ADM_03282,2024-05-18,7095.71,5526.13,1569.58,Paid,Direct Debit
BILL_003283,P_00249,ADM_03283,2024-03-18,4226.3,3633.74,592.56,Paid,Direct Debit
BILL_003284,P_00189,ADM_03284,2025-04-30,7120.32,5891.94,1228.38,Paid,Direct Debit
BILL_003285,P_00076,ADM_03285,2024-08-20,18011.99,14698.71,3313.28,Paid,Direct Debit
BILL_003286,P_00837,ADM_03286,2024-09-16,10833.2,9858.28,974.92,Paid,Cash
BILL_003287,P_02606,ADM_03287,2025-04-09,11005.77,8594.69,2411.08,Paid,Credit Card
BILL_003288,P_02621,ADM_03288,2024-08-15,11656.0,9813.72,1842.28,Paid,Cash
BILL_003289,P_02621,ADM_03289,2024-09-04,22275.1,20398.52,1876.58,Paid,Cash
BILL_003290,P_02915,ADM_03290,2024/05/02 00:00:00,6480.61,5456.92,1023.69,Paid,Cash
BILL_003291,P_01764,ADM_03291,2024-05-01,15850.76,11137.47,4713.29,Pending,Cash
BILL_003292,P_02927,ADM_03292,2024-01-05,9244.01,8523.18,720.83,Paid,Medicare
BILL_003293,P_02576,ADM_03293,2025-04-03,7145.38,5782.62,1362.76,Paid,Direct Debit
BILL_003294,P_01004,ADM_03294,2024-07-12,4753.65,3655.32,1098.33,  Overdue  ,Commercial Insurance
BILL_003295,P_01004,ADM_03295,2024-08-12,16083.89,15001.08,1082.81,Paid,Commercial Insurance
BILL_003296,P_02603,ADM_03296,2025-01-19,3915.95,2877.7,1038.25,Paid,Direct Debit
BILL_003297,P_01925,ADM_03297,2024-03-11,10697.16,10088.2,608.96,Paid,Cash
BILL_003298,P_00655,ADM_03298,2024-08-10,10510.46,9375.74,1134.72,Paid,Cash
BILL_003299,P_00018,ADM_03299,2024-06-19,10719.11,7965.11,2754.0,Paid,Cash
BILL_003300,P_03500,ADM_03300,2025/04/08 00:00:00,12572.49,11301.97,1270.52,Paid,Medicare
BILL_003301,P_01346,ADM_03301,2024-09-11,11847.42,11168.48,678.94,Paid,Commercial Insurance
BILL_003302,P_00001,ADM_03302,2024-05-30,11647.31,7606.59,4040.72,Paid,Direct Debit
BILL_003303,P_00001,ADM_03303,2024-06-14,14916.93,12177.2,2739.73,Paid,Credit Card
BILL_003304,P_01334,ADM_03304,2024-08-16,4095.21,2899.56,1195.65,Paid,Commercial Insurance
BILL_003305,P_01334,ADM_03305,2024-09-21,17019.13,15036.83,1982.3,Paid,Medicare
BILL_003306,P_02197,ADM_03306,2024-02-09,4775.74,3980.01,795.73,Paid,Medicare
BILL_003307,P_00480,ADM_03307,2024-06-19,4200.17,3612.45,587.72,Paid,Medicare
BILL_003308,P_03281,ADM_03308,2024-10-17,14528.39,13494.45,1033.94,Pending,Medicare
BILL_003309,P_01416,ADM_03309,2025-01-08,11517.09,9669.32,1847.77,Paid,Credit Card
BILL_003310,P_02550,ADM_03310,2025-03-27,5796.57,5494.66,301.91,Paid,Medicare
BILL_003311,P_00101,ADM_03311,2025-01-21,7383.34,6914.91,468.43,Paid,Cash
BILL_003312,P_00091,ADM_03312,2024-09-17,19261.59,15321.79,3939.8,Paid,Medicare
BILL_003313,P_03011,ADM_03313,2024-02-09,7711.33,5176.17,2535.16,Paid,Commercial Insurance
BILL_003314,P_03432,ADM_03314,2024-04-25,10282.22,9483.48,798.74,Paid,Medicare
BILL_003315,P_02868,ADM_03315,2024-03-18,6388.37,4568.63,1819.74,Paid,Medicare
BILL_003316,P_02392,ADM_03316,2024-08-24,11110.55,9157.33,1953.22,Paid,Commercial Insurance
BILL_003317,P_00832,ADM_03317,2024-10-21,7597.77,6680.93,916.84,Paid,Cash
BILL_003318,P_03485,ADM_03318,2024-11-10,11665.12,7604.19,4060.93,Overdue,Credit Card
BILL_003319,P_01691,ADM_03319,2024-08-01,7237.05,6124.45,1112.6,Paid,Commercial Insurance
BILL_003320,P_01236,ADM_03320,2024-04-26,27008.44,25068.72,1939.72,Paid,Commercial Insurance
BILL_003321,P_02522,ADM_03321,2024-03-20,18189.94,16549.34,1640.6,Pending,Medicare
BILL_003322,P_00285,ADM_03322,2024-04-28,10139.63,9622.57,517.06,Paid,Credit Card
BILL_003323,P_00777,ADM_03323,2024/06/06 00:00:00,12647.93,8494.93,4153.0,Paid,Cash
BILL_003324,P_02840,ADM_03324,2024-02-16,7490.28,6674.64,815.64,Pending,Direct Debit
BILL_003325,P_01291,ADM_03325,2025-05-20,10511.69,9862.21,649.48,Paid,Medicare
BILL_003326,P_02261,ADM_03326,2024-07-08,3184.25,2252.31,931.94,Paid,Direct Debit
BILL_003327,P_01203,ADM_03327,2025-01-04,24636.61,22641.96,1994.65,Paid,cash
BILL_003328,P_02188,ADM_03328,2024-11-18,10931.93,7658.38,3273.55,Paid,Credit Card
BILL_003329,P_03200,ADM_03329,2024-05-05,9554.2,7888.65,1665.55,PAID,Direct Debit
BILL_003330,P_00813,ADM_03330,2024-06-02,24119.2,21719.21,2399.99,Paid,Commercial Insurance
BILL_003331,P_03330,ADM_03331,2025-01-01,18671.23,14078.87,4592.36,Paid,Credit Card
BILL_003332,P_03330,ADM_03332,2025-01-30,15218.98,10069.26,5149.72,Paid,Medicare
BILL_003333,P_00017,ADM_03333,2024-06-18,8400.33,7409.71,990.62,Paid,Direct Debit
BILL_003334,P_00629,ADM_03334,2024-01-14,10223.57,8638.82,1584.75,Paid,Direct Debit
BILL_003335,P_01005,ADM_03335,2025-04-20,8660.23,5814.83,2845.4,Paid,
BILL_003336,P_01242,ADM_03336,2024-01-26,12534.22,10428.71,2105.51,Paid,Medicare
BILL_003337,P_01242,ADM_03337,2024-02-07,7394.28,6526.73,867.55,Paid,Direct Debit
BILL_003338,P_01289,ADM_03338,2025-01-16,10796.28,7555.4,3240.88,Paid,Direct Debit
BILL_003339,P_00830,ADM_03339,2024-09-22,16301.76,11169.57,5132.19,Paid,Credit Card
BILL_003340,P_00793,ADM_03340,2024-02-01,4436.51,4120.91,315.6,Paid,Cash
BILL_003341,P_00825,ADM_03341,2025-03-30,5563.25,3642.03,1921.22,Paid,Cash
BILL_003342,P_00825,ADM_03342,2025-05-01,9323.31,8378.01,945.3,PAID,Commercial Insurance
BILL_003343,P_02221,ADM_03343,2024-06-03,10010.07,8797.32,1212.75,Paid,Commercial Insurance
BILL_003344,P_01912,ADM_03344,2024-02-27,15348.88,10524.88,4824.0,Paid,Commercial Insurance
BILL_003345,P_00428,ADM_03345,2024-10-23,11464.41,10363.93,1100.48,Overdue,Cash
BILL_003346,P_02688,ADM_03346,2025-03-08,7034.32,6454.23,580.09,Paid,Credit Card
BILL_003347,P_02809,ADM_03347,2024-09-20,7159.78,5034.27,2125.51,Paid,Medicare
BILL_003348,P_02231,ADM_03348,2024-07-25,13238.3,10046.98,3191.32,Paid,Cash
BILL_003349,P_01635,ADM_03349,2024-12-27,27660.74,19787.71,7873.03,Pending,Medicare
BILL_003350,P_01635,ADM_03350,2025-01-24,15144.26,11308.3,3835.96,Paid,Direct Debit
BILL_003351,P_01277,ADM_03351,2024-07-13,13052.66,9030.92,4021.74,Overdue,Commercial Insurance
BILL_003352,P_01277,ADM_03352,2024-07-24,12476.65,9154.05,3322.6,Paid,Medicare
BILL_003353,P_02237,ADM_03353,2024-12-16,10412.64,9324.72,1087.92,Paid,Cash
BILL_003354,P_01170,ADM_03354,2024/12/11 00:00:00,7895.76,5541.05,2354.71,Paid,Credit Card
BILL_003355,P_01814,ADM_03355,2024-04-22,2877.31,2675.87,201.44,Paid,Medicare
BILL_003356,P_00869,ADM_03356,2024-10-16,7093.22,6005.72,1087.5,PAID,Commercial Insurance
BILL_003357,P_03483,ADM_03357,2025-04-04,11635.46,9908.22,1727.24,Paid,Cash
BILL_003358,P_02257,ADM_03358,2024-01-26,5510.19,4129.41,1380.78,Paid,direct debit
BILL_003359,P_02188,ADM_03359,2024-04-15,12812.71,12057.11,755.6,Paid,Cash
BILL_003360,P_02209,ADM_03360,2025-04-16,4565.83,3626.3,939.53,Paid,Medicare
BILL_003361,P_00555,ADM_03361,2024-02-07,11248.96,10578.29,670.67,Paid,Cash
BILL_003362,P_02066,ADM_03362,2024-08-11,14670.48,13732.42,938.06,Paid,Commercial Insurance
BILL_003363,P_01220,ADM_03363,2024-06-25,28258.02,24804.58,3453.44,PAID,Commercial Insurance
BILL_003364,P_01952,ADM_03364,2024/04/27 00:00:00,6237.77,5672.91,564.86,Paid,Direct Debit
BILL_003365,P_02277,ADM_03365,2025-03-12,11507.37,8591.12,2916.25,Paid,Direct Debit
BILL_003366,P_02632,ADM_03366,2025-01-06,14992.67,13614.77,1377.9,Paid,Direct Debit
BILL_003367,P_02632,ADM_03367,2025-02-13,30118.84,23560.75,6558.09,Paid,Commercial Insurance
BILL_003368,P_02155,ADM_03368,2024-09-19,15335.64,11243.02,4092.62,pending,Direct Debit
BILL_003369,P_01367,ADM_03369,2024-09-11,11082.55,10014.66,1067.89,Paid,Medicare
BILL_003370,P_01367,ADM_03370,2024-10-10,21142.18,16970.26,4171.92,Paid,Direct Debit
BILL_003371,P_02927,ADM_03371,2024-06-09,22813.15,15963.4,6849.75,Paid,Medicare
BILL_003372,P_03444,ADM_03372,2024-12-14,14706.57,10293.29,4413.28,Paid,Credit Card
BILL_003373,P_01969,ADM_03373,2024-11-09,11803.75,9140.7,2663.05,Paid,Credit Card
BILL_003374,P_00805,ADM_03374,2024-09-18,12288.87,8069.39,4219.48,Paid,Direct Debit
BILL_003375,P_02959,ADM_03375,2024-07-04,10972.88,10274.48,698.4,Overdue,Commercial Insurance
BILL_003376,P_02959,ADM_03376,2024-07-13,13341.66,12169.77,1171.89,Paid,Medicare
BILL_003377,P_01266,ADM_03377,2025-04-23,16538.02,14437.06,2100.96,Paid,Commercial Insurance
BILL_003378,P_01643,ADM_03378,2025-04-07,6647.14,5697.28,949.86,Paid,Cash
BILL_003379,P_01840,ADM_03379,2024-08-02,12591.46,10108.39,2483.07,Paid,Commercial Insurance
BILL_003380,P_02517,ADM_03380,2024-09-20,4613.35,4139.62,473.73,Pending,Credit Card
BILL_003381,P_02586,ADM_03381,2024-06-20,15737.85,12264.43,3473.42,Paid,Credit Card
BILL_003382,P_02586,ADM_03382,2024/07/07 00:00:00,9665.53,6759.01,2906.52,Paid,Cash
BILL_003383,P_03229,ADM_03383,2024-07-26,5610.12,4744.21,865.91,Paid,Cash
BILL_003384,P_03229,ADM_03384,2024-08-24,15469.9,11552.15,3917.75,Paid,Credit Card
BILL_003385,P_00555,ADM_03385,2024-09-08,22154.89,19626.05,2528.84,Paid,Medicare
BILL_003386,P_00097,ADM_03386,2024-06-14,11535.87,7665.44,3870.43,Paid,Direct Debit
BILL_003387,P_02117,ADM_03387,2024-08-16,7473.9,4944.68,2529.22,Paid,  Direct Debit  
BILL_003388,P_01668,ADM_03388,2024-09-30,8024.55,6889.66,1134.89,Paid,Credit Card
BILL_003389,P_03418,ADM_03389,2024-12-12,12371.0,11082.99,1288.01,Paid,Direct Debit
BILL_003390,P_00636,ADM_03390,2024-12-01,6787.6,5821.38,966.22,Paid,Medicare
BILL_003391,P_03030,ADM_03391,2024-04-09,8014.51,6466.84,1547.67,Paid,Direct Debit
BILL_003392,P_03030,ADM_03392,2024-04-27,7952.46,6073.36,1879.1,Paid,Medicare
BILL_003393,P_01528,ADM_03393,2024-05-19,4612.84,3127.24,1485.6,  Paid  ,Credit Card
BILL_003394,P_01528,ADM_03394,2024-06-12,10400.23,7595.87,2804.36,Paid,Cash
BILL_003395,P_00325,ADM_03395,2025-03-07,7787.4,5519.74,2267.66,Paid,Medicare
BILL_003396,P_01971,ADM_03396,2024-11-19,6305.81,5527.01,778.8,Paid,Commercial Insurance
BILL_003397,P_01971,ADM_03397,2024-11-29,10744.33,8142.68,2601.65,Paid,Direct Debit
BILL_003398,P_03367,ADM_03398,2024-08-04,8105.9,5333.97,2771.93,Pending,Credit Card
BILL_003399,P_03392,ADM_03399,2024-10-29,4718.01,4309.57,408.44,Paid,Cash
BILL_003400,P_02321,ADM_03400,2024-01-12,20689.8,14469.52,6220.28,Paid,Cash
BILL_003401,P_01457,ADM_03401,2025-03-28,14770.38,11883.43,2886.95,Paid,CREDIT CARD
BILL_003402,P_02951,ADM_03402,01/23/2024,6678.36,5069.42,1608.94,Paid,Commercial Insurance
BILL_003403,P_01101,ADM_03403,2024-03-13,12822.45,8638.67,4183.78,Paid,Direct Debit
BILL_003404,P_01222,ADM_03404,2025-02-18,7878.04,7215.58,662.46,Paid,Medicare
BILL_003405,P_00741,ADM_03405,2024-06-30,15966.19,11885.96,4080.23,  Pending  ,Direct Debit
BILL_003406,P_01875,ADM_03406,2024-02-01,8137.25,6191.33,1945.92,  Paid  ,Medicare
BILL_003407,P_01875,ADM_03407,2024-02-22,11916.68,7877.57,4039.11,Paid,Commercial Insurance
BILL_003408,P_03363,ADM_03408,2024-10-23,11687.61,8413.61,3274.0,Paid,Cash
BILL_003409,P_00243,ADM_03409,2024-12-23,18009.3,13294.29,4715.01,Pending,Cash
BILL_003410,P_00484,ADM_03410,2024-02-20,5151.7,3871.86,1279.84,Paid,Medicare
BILL_003411,P_02619,ADM_03411,2024-07-05,5242.7,3678.21,1564.49,Paid,Credit Card
BILL_003412,P_00722,ADM_03412,08/24/2024,5060.31,4629.93,430.38,Overdue,Direct Debit
BILL_003413,P_01005,ADM_03413,2025-03-13,15191.98,13437.93,1754.05,Paid,Medicare
BILL_003414,P_01696,ADM_03414,2024-03-17,9228.12,6396.07,2832.05,Overdue,Commercial Insurance
BILL_003415,P_01459,ADM_03415,2025-03-17,19103.68,12721.67,6382.01,  Pending  ,Commercial Insurance
BILL_003416,P_02009,ADM_03416,2024-02-13,8199.82,6928.51,1271.31,Paid,Direct Debit
BILL_003417,P_02083,ADM_03417,2024-12-27,8589.22,5788.77,2800.45,Overdue,Cash
BILL_003418,P_03435,ADM_03418,2024-10-06,10710.38,7689.29,3021.09,Paid,Cash
BILL_003419,P_02619,ADM_03419,2024-09-13,10835.66,9000.54,1835.12,Paid,Medicare
BILL_003420,P_00768,ADM_03420,2024-05-19,8104.47,6332.2,1772.27,Paid,Commercial Insurance
BILL_003421,P_01324,ADM_03421,2025-05-12,7828.73,6110.02,1718.71,Paid,cash
BILL_003422,P_00675,ADM_03422,2024-01-30,10453.48,9271.57,1181.91,Paid,Direct Debit
BILL_003423,P_01122,ADM_03423,2024-01-22,15065.08,12803.05,2262.03,Paid,Credit Card
BILL_003424,P_00549,ADM_03424,2025-05-09,9314.54,6500.57,2813.97,Paid,Medicare
BILL_003425,P_00549,ADM_03425,2025-05-25,6882.4,4681.79,2200.61,Pending,Commercial Insurance
BILL_003426,P_00934,ADM_03426,2024-11-02,5926.65,4952.64,974.01,Paid,Cash
BILL_003427,P_02152,ADM_03427,2025-05-07,12238.68,9567.97,2670.71,Pending,Direct Debit
BILL_003428,P_02898,ADM_03428,2024-06-06,14011.92,13263.32,748.6,Pending,Cash
BILL_003429,P_02898,ADM_03429,2024-06-23,15895.74,13417.73,2478.01,Paid,Direct Debit
BILL_003430,P_02607,ADM_03430,2025-01-06,5217.49,3856.16,1361.33,PAID,Credit Card
BILL_003431,P_03233,ADM_03431,2024-04-23,12431.77,11429.51,1002.26,Paid,Medicare
BILL_003432,P_03257,ADM_03432,2024-08-04,10710.46,7398.03,3312.43,Paid,Commercial Insurance
BILL_003433,P_00306,ADM_03433,2024-01-27,16571.66,12897.69,3673.97,Paid,
BILL_003434,P_01195,ADM_03434,2024-11-13,6068.08,5287.0,781.08,Paid,Direct Debit
BILL_003435,P_00271,ADM_03435,2024-11-25,7946.45,6779.48,1166.97,Paid,Cash
BILL_003436,P_00519,ADM_03436,2024-07-07,12894.17,8666.35,4227.82,Paid,Commercial Insurance
BILL_003437,P_03174,ADM_03437,2025-05-14,10230.42,7595.36,2635.06,Paid,Medicare
BILL_003438,P_02113,ADM_03438,2024-02-08,5317.49,4685.45,632.04,Paid,Commercial Insurance
BILL_003439,P_02310,ADM_03439,2024-10-21,6515.05,5063.74,1451.31,Paid,Direct Debit
BILL_003440,P_02166,ADM_03440,2024-04-29,4962.3,4512.22,450.08,PAID,Cash
BILL_003441,P_01552,ADM_03441,2025-05-14,10100.23,9507.37,592.86,Paid,Cash
BILL_003442,P_00914,ADM_03442,2024-04-18,8440.2,6639.84,1800.36,Paid,Cash
BILL_003443,P_01915,ADM_03443,2024-09-24,10812.59,8699.34,2113.25,Paid,Commercial Insurance
BILL_003444,P_00887,ADM_03444,2025-04-29,6164.82,5834.67,330.15,Pending,Cash
BILL_003445,P_02657,ADM_03445,2024-05-06,10395.66,8463.45,1932.21,Paid,Direct Debit
BILL_003446,P_01104,ADM_03446,2024-11-22,21615.98,17159.45,4456.53,Paid,Commercial Insurance
BILL_003447,P_02983,ADM_03447,2024-03-28,10785.53,9975.24,810.29,Pending,Cash
BILL_003448,P_03253,ADM_03448,2024-04-05,4233.4,3079.16,1154.24,Paid,Medicare
BILL_003449,P_02093,ADM_03449,2024-06-13,3075.38,2777.5,297.88,Pending,Credit Card
BILL_003450,P_02268,ADM_03450,2024-10-29,9673.52,8457.08,1216.44,Paid,Commercial Insurance
BILL_003451,P_01867,ADM_03451,2024-09-10,10985.08,10225.36,759.72,Paid,Cash
BILL_003452,P_00103,ADM_03452,2024-07-12,11210.96,9140.21,2070.75,Paid,Commercial Insurance
BILL_003453,P_00103,ADM_03453,2024-07-24,11108.89,9072.83,2036.06,Paid,Cash
BILL_003454,P_02740,ADM_03454,2024-04-06,4785.31,4525.98,259.33,Pending,Cash
BILL_003455,P_03126,ADM_03455,2024-03-20,26238.38,22338.0,3900.38,Paid,Cash
BILL_003456,P_03150,ADM_03456,2024-11-17,21890.87,20272.7,1618.17,Paid,Commercial Insurance
BILL_003457,P_03150,ADM_03457,2024-12-11,11698.27,8815.76,2882.51,Paid,Commercial Insurance
BILL_003458,P_03241,ADM_03458,2024-08-18,10301.65,8686.79,1614.86,Paid,Credit Card
BILL_003459,P_02718,ADM_03459,2024-03-31,10535.7,8089.5,2446.2,Paid,Cash
BILL_003460,P_02413,ADM_03460,2024-08-15,9590.59,6897.51,2693.08,Paid,Medicare
BILL_003461,P_03321,ADM_03461,2024-06-05,7298.96,6398.99,899.97,Paid,Commercial Insurance
BILL_003462,P_02781,ADM_03462,2024-10-08,6467.32,5310.41,1156.91,Paid,Credit Card
BILL_003463,P_01485,ADM_03463,2025-05-18,8999.07,6169.05,2830.02,Paid,Credit Card
BILL_003464,P_01485,ADM_03464,2025-06-18,7501.6,5944.95,1556.65,Paid,
BILL_003465,P_03041,ADM_03465,2024-01-18,12611.72,11338.44,1273.28,Paid,  Commercial Insurance  
BILL_003466,P_03041,ADM_03466,2024-02-15,15556.26,11231.99,4324.27,Paid,Direct Debit
BILL_003467,P_02365,ADM_03467,2024-03-31,13425.01,10823.8,2601.21,Paid,Cash
BILL_003468,P_03405,ADM_03468,2025-05-09,6895.7,6171.69,724.01,Pending,Commercial Insurance
BILL_003469,P_00918,ADM_03469,2025-05-14,13281.29,8878.48,4402.81,Paid,direct debit
BILL_003470,P_02352,ADM_03470,2024-02-09,6029.32,4212.44,1816.88,Paid,
BILL_003471,P_03348,ADM_03471,2024-06-22,12865.33,11114.86,1750.47,Paid,Cash
BILL_003472,P_03070,ADM_03472,2025-03-19,9743.88,9206.37,537.51,PAID,Credit Card
BILL_003473,P_03070,ADM_03473,2025-04-22,12670.24,11497.68,1172.56,Paid,
BILL_003474,P_03285,ADM_03474,2025-02-13,18295.03,16479.89,1815.14,Paid,Commercial Insurance
BILL_003475,P_01261,ADM_03475,2025-02-01,6683.47,6203.04,480.43,Paid,Cash
BILL_003476,P_01261,ADM_03476,2025-03-07,14677.13,12584.42,2092.71,Pending,Commercial Insurance
BILL_003477,P_01901,ADM_03477,2025-02-06,12763.55,11047.3,1716.25,Pending,Cash
BILL_003478,P_01334,ADM_03478,2024-09-26,16061.86,11922.01,4139.85,Paid,Direct Debit
BILL_003479,P_00792,ADM_03479,2024-11-13,5839.04,4144.56,1694.48,Paid,Medicare
BILL_003480,P_03419,ADM_03480,2024-11-08,9979.42,9202.07,777.35,Paid,Commercial Insurance
BILL_003481,P_02596,ADM_03481,2025-04-11,7491.38,6744.71,746.67,Paid,Direct Debit
BILL_003482,P_02040,ADM_03482,2024-12-19,11052.87,10222.07,830.8,Paid,Credit Card
BILL_003483,P_00734,ADM_03483,2025-04-26,20865.09,18807.41,2057.68,Pending,Medicare
BILL_003484,P_00797,ADM_03484,2024-02-14,10854.13,7418.05,3436.08,Paid,Cash
BILL_003485,P_01066,ADM_03485,2024-10-11,22136.92,16929.74,5207.18,Paid,Medicare
BILL_003486,P_01066,ADM_03486,2024-10-31,5419.16,4643.54,775.62,Paid,Credit Card
BILL_003487,P_00790,ADM_03487,2024-06-10,5250.53,3433.07,1817.46,Paid,Cash
BILL_003488,P_02494,ADM_03488,2025-02-22,8652.05,7216.08,1435.97,Paid,Medicare
BILL_003489,P_02494,ADM_03489,2025-03-24,9226.12,6228.06,2998.06,Paid,Commercial Insurance
BILL_003490,P_01293,ADM_03490,2025-05-17,11772.77,9496.78,2275.99,Paid,
BILL_003491,P_01293,ADM_03491,2025-06-01,7859.15,5907.11,1952.04,Pending,Direct Debit
BILL_003492,P_00830,ADM_03492,2024-05-27,14225.44,12909.45,1315.99,Paid,Credit Card
BILL_003493,P_02936,ADM_03493,2025-02-03,16519.69,11404.12,5115.57,Paid,Commercial Insurance
BILL_003494,P_03457,ADM_03494,2024-08-24,11771.09,9420.71,2350.38,Paid,Cash
BILL_003495,P_01696,ADM_03495,06/22/2024,9778.84,8418.89,1359.95,Paid,Credit Card
BILL_003496,P_02761,ADM_03496,2025-04-10,10738.99,8814.25,1924.74,Paid,Credit Card
BILL_003497,P_00486,ADM_03497,2025-04-29,8870.17,8352.47,517.7,  Paid  ,medicare
BILL_003498,P_01856,ADM_03498,2024-01-15,8706.0,5747.0,2959.0,Pending,Credit Card
BILL_003499,P_01138,ADM_03499,2024-08-07,12449.74,11816.36,633.38,Paid,direct debit
BILL_003500,P_01138,ADM_03500,2024-08-28,13296.54,9568.43,3728.11,Paid,Medicare
BILL_003501,P_01881,ADM_03501,2025-02-13,4596.57,4345.43,251.14,Pending,UNKNOWN_VAL
BILL_003502,P_00224,ADM_03502,2024-05-05,7594.43,6405.02,1189.41,Paid,Commercial Insurance
BILL_003503,P_00005,ADM_03503,2024-07-26,10110.28,9088.47,1021.81,Paid,Credit Card
BILL_003504,P_02845,ADM_03504,2024-09-01,18557.76,12419.19,6138.57,Paid,Cash
BILL_003505,P_03153,ADM_03505,2024-07-06,6336.8,4726.2,1610.6,Paid,Direct Debit
BILL_003506,P_03153,ADM_03506,2024-08-07,15256.0,12097.04,3158.96,Paid,Cash
BILL_003507,P_01965,ADM_03507,2024-02-16,6266.41,4676.03,1590.38,Paid,Cash
BILL_003508,P_01965,ADM_03508,2024-03-21,17432.94,13392.35,4040.59,Paid,Commercial Insurance
BILL_003509,P_03246,ADM_03509,2024-05-05,5645.23,4647.53,997.7,Pending,Medicare
BILL_003510,P_01746,ADM_03510,2024-03-07,11355.66,10421.57,934.09,Paid,Direct Debit
BILL_003511,P_01713,ADM_03511,2025-03-08,7855.55,6400.88,1454.67,Paid,Direct Debit
BILL_003512,P_03481,ADM_03512,2024-04-25,5007.6,4285.14,722.46,Paid,Commercial Insurance
BILL_003513,P_00835,ADM_03513,2024-04-01,17894.34,12103.3,5791.04,Paid,Direct Debit
BILL_003514,P_00288,ADM_03514,2024-03-25,14324.56,12062.16,2262.4,Paid,Medicare
BILL_003515,P_01548,ADM_03515,2024-06-30,3191.94,2481.27,710.67,Paid,Credit Card
BILL_003516,P_03450,ADM_03516,2024-08-16,12987.39,9396.7,3590.69,Paid,Direct Debit
BILL_003517,P_00903,ADM_03517,2025-03-13,7262.75,6869.18,393.57,Overdue,Direct Debit
BILL_003518,P_00903,ADM_03518,2025-03-25,13346.38,11668.61,1677.77,Paid,Commercial Insurance
BILL_003519,P_01885,ADM_03519,2024-11-25,6290.62,4761.39,1529.23,Paid,Credit Card
BILL_003520,P_01765,ADM_03520,2024-02-29,12180.3,9471.8,2708.5,Paid,Medicare
BILL_003521,P_01816,ADM_03521,2024-10-30,20613.1,15623.77,4989.33,Paid,Credit Card
BILL_003522,P_02251,ADM_03522,2024-05-21,5047.56,4730.12,317.44,Pending,Credit Card
BILL_003523,P_02251,ADM_03523,2024-06-23,21823.76,16996.1,4827.66,Paid,Direct Debit
BILL_003524,P_02095,ADM_03524,2024-01-14,9221.29,7890.0,1331.29,Overdue,Direct Debit
BILL_003525,P_02118,ADM_03525,2025-01-02,8672.86,7470.77,1202.09,Paid,Cash
BILL_003526,P_02083,ADM_03526,2024-03-21,5180.14,3769.81,1410.33,Paid,Commercial Insurance
BILL_003527,P_02547,ADM_03527,2024-10-07,17575.61,15323.71,2251.9,Pending,Credit Card
BILL_003528,P_00725,ADM_03528,2024-05-14,9378.58,7514.6,1863.98,Paid,Medicare
BILL_003529,P_00960,ADM_03529,2025-03-26,9233.62,7141.92,2091.7,Paid,Medicare
BILL_003530,P_01804,ADM_03530,2025-04-09,10484.07,9599.91,884.16,Paid,  Direct Debit  
BILL_003531,P_01804,ADM_03531,2025-05-02,22525.29,20269.83,2255.46,Paid,Credit Card
BILL_003532,P_00474,ADM_03532,2025-03-16,8277.69,7723.62,554.07,Paid,Cash
BILL_003533,P_01853,ADM_03533,2025-01-10,5599.31,4725.81,873.5,Paid,Commercial Insurance
BILL_003534,P_01565,ADM_03534,2025-01-30,8184.14,7121.86,1062.28,Paid,MEDICARE
BILL_003535,P_00073,ADM_03535,2024-03-26,8932.72,7376.94,1555.78,Paid,Commercial Insurance
BILL_003536,P_03082,ADM_03536,2024-06-10,8781.15,7126.31,1654.84,Paid,Commercial Insurance
BILL_003537,P_03260,ADM_03537,2024-11-28,11453.17,9559.26,1893.91,Paid,Direct Debit
BILL_003538,P_03260,ADM_03538,2024-12-30,19689.54,14296.0,5393.54,Paid,Commercial Insurance
BILL_003539,P_02745,ADM_03539,12/21/2024,29397.55,26251.41,3146.14,paid,Cash
BILL_003540,P_01531,ADM_03540,2024-07-30,4334.81,3839.64,495.17,Paid,Commercial Insurance
BILL_003541,P_00352,ADM_03541,2024-03-02,4242.24,3630.59,611.65,Paid,Medicare
BILL_003542,P_01494,ADM_03542,2024-09-23,9393.53,6332.22,3061.31,Pending,Medicare
BILL_003543,P_03291,ADM_03543,2024-01-15,2907.97,2412.59,495.38,Pending,  Direct Debit  
BILL_003544,P_01245,ADM_03544,2025-01-12,5243.24,3720.39,1522.85,Pending,Medicare
BILL_003545,P_03154,ADM_03545,2024-12-18,6986.95,5077.34,1909.61,Paid,Direct Debit
BILL_003546,P_03154,ADM_03546,2025-01-06,20380.26,14591.9,5788.36,Paid,Medicare
BILL_003547,P_01045,ADM_03547,2024-09-14,10130.61,8052.8,2077.81,Paid,Medicare
BILL_003548,P_02881,ADM_03548,2024-11-15,5073.01,3811.54,1261.47,  Paid  ,Cash
BILL_003549,P_02444,ADM_03549,2024-01-15,9026.88,5973.61,3053.27,Overdue,Cash
BILL_003550,P_02778,ADM_03550,2024-11-27,7135.6,6311.34,824.26,Paid,CREDIT CARD
BILL_003551,P_03411,ADM_03551,2024-06-10,7188.44,4764.3,2424.14,  Paid  ,Medicare
BILL_003552,P_03411,ADM_03552,2024-07-16,15546.42,10496.21,5050.21,Pending,Cash
BILL_003553,P_00394,ADM_03553,2024-09-08,17026.38,13170.97,3855.41,Paid,Cash
BILL_003554,P_00394,ADM_03554,2024-09-22,13398.94,9617.46,3781.48,Paid,Direct Debit
BILL_003555,P_00009,ADM_03555,2025-04-11,20260.23,14209.78,6050.45,  Overdue  ,Direct Debit
BILL_003556,P_00123,ADM_03556,2025-01-17,7856.68,5561.1,2295.58,Overdue,Medicare
BILL_003557,P_00630,ADM_03557,2024-12-17,8681.18,7511.54,1169.64,Paid,Direct Debit
BILL_003558,P_01985,ADM_03558,2025-05-18,9891.04,8125.55,1765.49,PAID,Credit Card
BILL_003559,P_01985,ADM_03559,2025-05-24,6594.47,6066.4,528.07,Paid,Cash
BILL_003560,P_00945,ADM_03560,2024-04-15,8706.67,7800.55,906.12,Paid,Direct Debit
BILL_003561,P_00945,ADM_03561,2024-05-03,5963.09,5033.29,929.8,Paid,Credit Card
BILL_003562,P_01833,ADM_03562,2024-10-31,7235.61,5545.35,1690.26,Paid,Commercial Insurance
BILL_003563,P_00624,ADM_03563,13-11-2024,8586.52,5876.97,2709.55,  Paid  ,Medicare
BILL_003564,P_01082,ADM_03564,2024-11-10,6774.81,6021.68,753.13,Paid,Medicare
BILL_003565,P_02073,ADM_03565,2024-04-07,9199.55,8298.77,900.78,Paid,Medicare
BILL_003566,P_00156,ADM_03566,2024-01-09,6327.0,4671.92,1655.08,Pending,Medicare
BILL_003567,P_00952,ADM_03567,2024-05-18,5558.91,4700.9,858.01,Pending,Cash
BILL_003568,P_01815,ADM_03568,2024-12-29,15554.66,14465.46,1089.2,Pending,Direct Debit
BILL_003569,P_02365,ADM_03569,2025-03-15,11555.52,10538.28,1017.24,Overdue,Medicare
BILL_003570,P_02365,ADM_03570,2025-04-15,14255.3,9419.85,4835.45,Paid,Commercial Insurance
BILL_003571,P_01477,ADM_03571,2024-05-21,8135.91,6381.93,1753.98,Paid,
BILL_003572,P_00375,ADM_03572,2024-09-28,7320.05,6130.49,1189.56,Paid,Direct Debit
BILL_003573,P_02655,ADM_03573,2024-09-06,8162.9,6539.85,1623.05,Paid,COMMERCIAL INSURANCE
BILL_003574,P_02754,ADM_03574,2025-03-24,7960.02,6503.31,1456.71,Paid,Cash
BILL_003575,P_01485,ADM_03575,2025-02-22,10801.07,9427.92,1373.15,PAID,Credit Card
BILL_003576,P_01485,ADM_03576,2025-03-13,8209.17,6806.79,1402.38,Overdue,Cash
BILL_003577,P_02066,ADM_03577,2024-11-17,18496.01,13492.58,5003.43,Pending,Commercial Insurance
BILL_003578,P_00684,ADM_03578,2024-03-22,13182.46,9094.49,4087.97,paid,cash
BILL_003579,P_01142,ADM_03579,2024-05-11,7211.24,4808.82,2402.42,Paid,Cash
BILL_003580,P_02331,ADM_03580,2025-02-18,11778.12,8326.01,3452.11,Paid,Cash
BILL_003581,P_01772,ADM_03581,2025-05-06,16938.1,11783.02,5155.08,Paid,Cash
BILL_003582,P_00809,ADM_03582,2024-07-13,6645.1,6275.49,369.61,Paid,Direct Debit
BILL_003583,P_02830,ADM_03583,2025-02-01,5769.0,5326.19,442.81,Paid,Credit Card
BILL_003584,P_01249,ADM_03584,2024-03-29,3376.18,2701.13,675.05,Paid,Commercial Insurance
BILL_003585,P_02781,ADM_03585,2024-03-27,10161.09,6688.9,3472.19,Paid,Medicare
BILL_003586,P_01423,ADM_03586,2024-08-17,9678.97,7087.56,2591.41,Pending,Medicare
BILL_003587,P_01851,ADM_03587,02/02/2025,10822.66,10234.92,587.74,Pending,Direct Debit
BILL_003588,P_02621,ADM_03588,2025-03-26,12848.18,9387.29,3460.89,Paid,Medicare
BILL_003589,P_02621,ADM_03589,2025-04-17,6059.06,4367.76,1691.3,Paid,Credit Card
BILL_003590,P_01505,ADM_03590,2024-10-09,16806.35,12141.49,4664.86,Paid,credit card
BILL_003591,P_00589,ADM_03591,2025-04-27,5929.89,5223.29,706.6,Pending,Commercial Insurance
BILL_003592,P_01885,ADM_03592,2025-03-13,7066.6,6572.82,493.78,Paid,Commercial Insurance
BILL_003593,P_03483,ADM_03593,2024-11-26,13351.23,9022.53,4328.7,Paid,Credit Card
BILL_003594,P_03483,ADM_03594,2024-12-11,5994.29,4793.63,1200.66,Paid,Commercial Insurance
BILL_003595,P_00391,ADM_03595,2025-04-27,6928.29,6530.55,397.74,Paid,Commercial Insurance
BILL_003596,P_03102,ADM_03596,2025-03-13,5271.37,4150.34,1121.03,Paid,Credit Card
BILL_003597,P_01727,ADM_03597,2025-01-18,15504.23,12423.87,3080.36,Paid,Cash
BILL_003598,P_02408,ADM_03598,2024-09-02,9776.96,7711.48,2065.48,PAID,credit card
BILL_003599,P_03479,ADM_03599,2024-05-09,6165.47,4967.69,1197.78,Pending,Commercial Insurance
BILL_003600,P_03479,ADM_03600,2024-05-17,6729.7,5292.34,1437.36,Paid,
BILL_003601,P_00721,ADM_03601,2024-12-08,14662.74,12096.1,2566.64,Pending,Credit Card
BILL_003602,P_02506,ADM_03602,2025-02-17,6785.76,5308.28,1477.48,Paid,Direct Debit
BILL_003603,P_01490,ADM_03603,2025-01-26,5961.74,5256.1,705.64,Paid,Credit Card
BILL_003604,P_01106,ADM_03604,2024-06-24,13408.15,10094.63,3313.52,Paid,Cash
BILL_003605,P_01571,ADM_03605,2025-04-29,8561.76,5786.59,2775.17,Paid,Credit Card
BILL_003606,P_00842,ADM_03606,2025-01-31,2946.17,2218.08,728.09,Paid,Cash
BILL_003607,P_00539,ADM_03607,2024-10-22,8369.53,7196.82,1172.71,Paid,Commercial Insurance
BILL_003608,P_02121,ADM_03608,2024-08-21,7077.1,5522.51,1554.59,Paid,Credit Card
BILL_003609,P_01541,ADM_03609,2025-04-18,12699.52,10121.68,2577.84,Paid,Direct Debit
BILL_003610,P_02479,ADM_03610,2024-05-20,14468.12,13051.94,1416.18,Paid,Medicare
BILL_003611,P_02168,ADM_03611,2024-09-23,4492.47,3809.69,682.78,Pending,Direct Debit
BILL_003612,P_02168,ADM_03612,2024-10-23,19974.39,15106.85,4867.54,Paid,Medicare
BILL_003613,P_02993,ADM_03613,2024-01-22,21381.68,16315.4,5066.28,Pending,Direct Debit
BILL_003614,P_01529,ADM_03614,2025-02-17,11834.33,10227.29,1607.04,Paid,Commercial Insurance
BILL_003615,P_01529,ADM_03615,2025-03-10,22344.54,20859.97,1484.57,Paid,Commercial Insurance
BILL_003616,P_00052,ADM_03616,2024-07-18,14787.76,11845.29,2942.47,Pending,Direct Debit
BILL_003617,P_03095,ADM_03617,2025-04-18,8092.03,6178.25,1913.78,  Overdue  ,Medicare
BILL_003618,P_03095,ADM_03618,2025-05-20,18441.02,13440.04,5000.98,Paid,Cash
BILL_003619,P_00301,ADM_03619,2024-04-27,15079.3,13924.67,1154.63,Paid,Commercial Insurance
BILL_003620,P_02517,ADM_03620,2024-12-19,18011.91,12513.06,5498.85,Pending,Direct Debit
BILL_003621,P_02247,ADM_03621,2025-01-25,4527.49,3020.09,1507.4,Paid,credit card
BILL_003622,P_00128,ADM_03622,2024-02-13,12271.28,9810.13,2461.15,Paid,  Cash  
BILL_003623,P_00408,ADM_03623,2024-11-05,11361.43,7937.68,3423.75,Paid,Medicare
BILL_003624,P_02884,ADM_03624,22-01-2024,18041.9,12722.89,5319.01,Paid,Commercial Insurance
BILL_003625,P_00121,ADM_03625,2024-12-04,13691.78,12283.92,1407.86,Paid,Medicare
BILL_003626,P_01173,ADM_03626,06-02-2025,5026.94,3629.62,1397.32,Paid,Medicare
BILL_003627,P_01999,ADM_03627,2025-02-12,14143.42,11950.37,2193.05,Paid,  Credit Card  
BILL_003628,P_03237,ADM_03628,13-09-2024,5037.84,3850.33,1187.51,Paid,Commercial Insurance
BILL_003629,P_00917,ADM_03629,2025/01/05 00:00:00,9749.96,8677.07,1072.89,Paid,Credit Card
BILL_003630,P_00225,ADM_03630,2024-05-09,14284.04,12121.71,2162.33,Paid,Medicare
BILL_003631,P_00225,ADM_03631,2024-06-06,12772.17,11770.42,1001.75,Pending,Cash
BILL_003632,P_02335,ADM_03632,2024-06-21,6725.1,6059.91,665.19,Pending,Medicare
BILL_003633,P_00724,ADM_03633,2024-10-15,8268.65,7037.75,1230.9,Paid,Cash
BILL_003634,P_00724,ADM_03634,2024-11-08,13188.3,10598.29,2590.01,Paid,Credit Card
BILL_003635,P_03060,ADM_03635,2024-05-29,14230.53,13440.26,790.27,Paid,Direct Debit
BILL_003636,P_02837,ADM_03636,2024-02-27,11002.6,7533.03,3469.57,Paid,  Medicare  
BILL_003637,P_02536,ADM_03637,2024-06-11,9807.23,6742.09,3065.14,Paid,Commercial Insurance
BILL_003638,P_02811,ADM_03638,2024-03-01,16110.89,11261.22,4849.67,Paid,Cash
BILL_003639,P_02811,ADM_03639,2024-04-05,17218.84,15549.49,1669.35,Paid,Cash
BILL_003640,P_01264,ADM_03640,2024-12-29,4411.25,3457.35,953.9,Paid,Commercial Insurance
BILL_003641,P_01290,ADM_03641,2024-10-12,9913.42,7343.39,2570.03,Paid,Medicare
BILL_003642,P_01301,ADM_03642,2025-02-22,9312.88,7903.29,1409.59,Overdue,
BILL_003643,P_01072,ADM_03643,2024-07-16,5435.34,4066.26,1369.08,Paid,Cash
BILL_003644,P_01624,ADM_03644,2024-10-12,4339.34,3456.29,883.05,Paid,Commercial Insurance
BILL_003645,P_01410,ADM_03645,2024-02-23,9876.67,7307.55,2569.12,Pending,Cash
BILL_003646,P_03382,ADM_03646,2024-08-25,4563.06,3529.68,1033.38,Paid,Credit Card
BILL_003647,P_03382,ADM_03647,2024-09-08,8415.43,6996.51,1418.92,Pending,Cash
BILL_003648,P_02611,ADM_03648,2024-03-24,10793.04,9980.61,812.43,Paid,Direct Debit
BILL_003649,P_00882,ADM_03649,2025-05-11,12023.69,10197.08,1826.61,Paid,Cash
BILL_003650,P_02294,ADM_03650,2025-03-06,8307.88,6519.83,1788.05,Paid,  Commercial Insurance  
BILL_003651,P_03095,ADM_03651,2024-07-19,5873.03,5527.82,345.21,Paid,Credit Card
BILL_003652,P_03095,ADM_03652,2024-08-09,13728.49,10210.3,3518.19,PAID,Commercial Insurance
BILL_003653,P_01907,ADM_03653,2024-03-22,18724.68,14417.57,4307.11,Paid,Medicare
BILL_003654,P_03044,ADM_03654,2024-07-09,7343.46,4842.85,2500.61,Paid,Commercial Insurance
BILL_003655,P_02259,ADM_03655,08/19/2024,16453.89,12703.1,3750.79,paid,Cash
BILL_003656,P_02807,ADM_03656,01-05-2024,6035.3,4342.88,1692.42,Paid,Direct Debit
BILL_003657,P_00459,ADM_03657,2025-01-04,14869.51,9740.01,5129.5,Paid,commercial insurance
BILL_003658,P_00280,ADM_03658,2024-06-13,12365.35,9036.91,3328.44,Paid,Cash
BILL_003659,P_00490,ADM_03659,2024-05-14,15730.69,14074.72,1655.97,Paid,Medicare
BILL_003660,P_00306,ADM_03660,2024-03-04,20176.2,15205.53,4970.67,Pending,Commercial Insurance
BILL_003661,P_02424,ADM_03661,2024-08-17,6317.93,4472.69,1845.24,Pending,Credit Card
BILL_003662,P_02424,ADM_03662,2024-09-22,16965.59,13539.18,3426.41,Paid,Medicare
BILL_003663,P_00614,ADM_03663,2025-05-22,18133.58,15880.07,2253.51,Paid,Cash
BILL_003664,P_03451,ADM_03664,2024-06-27,9082.03,6237.66,2844.37,Paid,Medicare
BILL_003665,P_03451,ADM_03665,2024-07-09,5416.91,3598.53,1818.38,Paid,Credit Card
BILL_003666,P_00205,ADM_03666,2025-02-15,7253.63,5666.3,1587.33,Pending,Commercial Insurance
BILL_003667,P_01483,ADM_03667,2024-05-27,6931.27,5960.38,970.89,Overdue,Cash
BILL_003668,P_01483,ADM_03668,2024-06-28,31064.42,20774.33,10290.09,Paid,Cash
BILL_003669,P_02878,ADM_03669,2024-01-20,12079.45,8551.89,3527.56,Paid,  Credit Card  
BILL_003670,P_00581,ADM_03670,2024-09-09,7338.24,5338.46,1999.78,Pending,Direct Debit
BILL_003671,P_01764,ADM_03671,2024-05-08,6895.96,5567.5,1328.46,Paid,Medicare
BILL_003672,P_00023,ADM_03672,2024-05-04,18063.79,13704.75,4359.04,Paid,Cash
BILL_003673,P_01517,ADM_03673,2024-09-21,7387.41,6835.85,551.56,Paid,Cash
BILL_003674,P_01190,ADM_03674,2025-03-19,6410.14,5555.12,855.02,Paid,Direct Debit
BILL_003675,P_01190,ADM_03675,2025-03-29,6128.88,5453.15,675.73,Pending,Direct Debit
BILL_003676,P_02645,ADM_03676,2024-01-13,5381.96,3542.61,1839.35,Paid,Cash
BILL_003677,P_02645,ADM_03677,2024-02-02,11010.66,7267.64,3743.02,Paid,CREDIT CARD
BILL_003678,P_02458,ADM_03678,2024-10-11,6470.63,5250.85,1219.78,Paid,Credit Card
BILL_003679,P_02458,ADM_03679,2024-11-04,4937.3,4510.74,426.56,Paid,Credit Card
BILL_003680,P_03489,ADM_03680,2025-01-30,7359.94,6927.85,432.09,Pending,Credit Card
BILL_003681,P_03489,ADM_03681,2025-03-04,13856.41,12818.91,1037.5,Paid,Credit Card
BILL_003682,P_00662,ADM_03682,2025-02-27,8269.68,7519.87,749.81,Pending,Credit Card
BILL_003683,P_03287,ADM_03683,2024-05-30,14622.51,12568.52,2053.99,Paid,Commercial Insurance
BILL_003684,P_03287,ADM_03684,2024-06-15,14025.41,10582.99,3442.42,Paid,
BILL_003685,P_02611,ADM_03685,2024-11-21,8260.35,5712.65,2547.7,Paid,Medicare
BILL_003686,P_02475,ADM_03686,2024-06-28,5044.24,4311.75,732.49,Paid,Credit Card
BILL_003687,P_02607,ADM_03687,2025-03-05,8700.04,7416.25,1283.79,Paid,Cash
BILL_003688,P_02607,ADM_03688,2025-03-13,4142.12,3636.89,505.23,Paid,Commercial Insurance
BILL_003689,P_00015,ADM_03689,2025-03-13,8182.84,6285.09,1897.75,Paid,Commercial Insurance
BILL_003690,P_00015,ADM_03690,2025-03-20,9724.37,7105.77,2618.6,Pending,Direct Debit
BILL_003691,P_00932,ADM_03691,2025-02-05,4000.28,2682.69,1317.59,Paid,Cash
BILL_003692,P_01543,ADM_03692,2024-02-20,7705.46,5360.06,2345.4,Paid,Credit Card
BILL_003693,P_02912,ADM_03693,2024-03-08,13726.0,10008.75,3717.25,Paid,Cash
BILL_003694,P_01381,ADM_03694,2024-02-04,5381.33,4066.23,1315.1,PAID,Commercial Insurance
BILL_003695,P_01455,ADM_03695,2025-05-11,13465.29,10183.42,3281.87,Paid,Cash
BILL_003696,P_02573,ADM_03696,2025-04-08,6753.38,5764.56,988.82,Paid,Direct Debit
BILL_003697,P_01434,ADM_03697,2024-08-31,8390.41,7021.26,1369.15,Paid,
BILL_003698,P_01042,ADM_03698,2025-02-22,8485.32,6148.79,2336.53,Pending,Direct Debit
BILL_003699,P_00833,ADM_03699,2024-11-22,10888.28,10126.03,762.25,Paid,Medicare
BILL_003700,P_00102,ADM_03700,2024-09-27,7920.02,5579.57,2340.45,Paid,Direct Debit
BILL_003701,P_02642,ADM_03701,2024/03/04 00:00:00,10262.53,8807.1,1455.43,Paid,Medicare
BILL_003702,P_01811,ADM_03702,2024-03-21,6604.78,5158.02,1446.76,Pending,CREDIT CARD
BILL_003703,P_01211,ADM_03703,2024-09-11,8255.88,6932.96,1322.92,Paid,Cash
BILL_003704,P_00711,ADM_03704,2024-04-02,15014.96,9822.02,5192.94,Paid,Commercial Insurance
BILL_003705,P_00329,ADM_03705,2024-05-13,8669.41,6617.09,2052.32,Pending,credit card
BILL_003706,P_00765,ADM_03706,2024-01-20,10271.54,7529.02,2742.52,Paid,Direct Debit
BILL_003707,P_00284,ADM_03707,2024-07-12,8105.39,6010.31,2095.08,Paid,Credit Card
BILL_003708,P_01014,ADM_03708,2024-11-13,6026.5,5372.17,654.33,Paid,Medicare
BILL_003709,P_02272,ADM_03709,2024-10-21,17186.2,11902.72,5283.48,Paid,Credit Card
BILL_003710,P_02272,ADM_03710,2024-11-15,6183.36,5839.93,343.43,Paid,Direct Debit
BILL_003711,P_01664,ADM_03711,2024-11-28,24565.52,18536.64,6028.88,Paid,Direct Debit
BILL_003712,P_03127,ADM_03712,2024-03-31,12460.8,10945.24,1515.56,Paid,Direct Debit
BILL_003713,P_01450,ADM_03713,2025-05-05,7554.31,6318.57,1235.74,Paid,Cash
BILL_003714,P_03444,ADM_03714,2024-06-01,15971.33,14535.61,1435.72,Paid,Cash
BILL_003715,P_01965,ADM_03715,2024-05-13,3606.79,3232.82,373.97,Pending,Commercial Insurance
BILL_003716,P_01965,ADM_03716,2024-05-21,7546.49,6490.68,1055.81,Paid,
BILL_003717,P_01072,ADM_03717,2024-02-02,7831.51,6440.61,1390.9,Paid,Medicare
BILL_003718,P_01253,ADM_03718,2025-02-16,10484.08,8304.75,2179.33,Paid,Commercial Insurance
BILL_003719,P_02314,ADM_03719,2024-07-07,13944.34,12651.13,1293.21,Paid,Cash
BILL_003720,P_02372,ADM_03720,2024-09-25,7559.72,6814.97,744.75,Paid,Cash
BILL_003721,P_01411,ADM_03721,2025-01-31,11067.61,8953.18,2114.43,Paid,Credit Card
BILL_003722,P_02770,ADM_03722,2024-06-21,10686.91,7843.57,2843.34,Paid,Cash
BILL_003723,P_00761,ADM_03723,2025-01-31,14257.07,10160.59,4096.48,Paid,UNKNOWN_VAL
BILL_003724,P_02199,ADM_03724,2025-03-19,6523.52,5210.05,1313.47,Pending,Commercial Insurance
BILL_003725,P_00145,ADM_03725,2024-04-08,9604.96,8416.69,1188.27,Paid,Commercial Insurance
BILL_003726,P_03160,ADM_03726,2025-03-18,17203.19,11975.29,5227.9,Paid,Direct Debit
BILL_003727,P_03160,ADM_03727,2025-04-03,14832.53,9676.82,5155.71,Paid,Commercial Insurance
BILL_003728,P_00062,ADM_03728,2024-04-30,10737.76,7917.5,2820.26,Paid,Commercial Insurance
BILL_003729,P_02160,ADM_03729,2024-01-15,11623.97,10159.59,1464.38,Paid,Cash
BILL_003730,P_02160,ADM_03730,2024-02-01,4482.62,3672.89,809.73,Paid,Direct Debit
BILL_003731,P_00583,ADM_03731,2024-10-27,7292.69,6135.17,1157.52,Paid,
BILL_003732,P_01346,ADM_03732,2025-03-14,9546.41,8540.3,1006.11,Pending,  Cash  
BILL_003733,P_00144,ADM_03733,2024-07-03,7621.32,5262.46,2358.86,PAID,Commercial Insurance
BILL_003734,P_03111,ADM_03734,2024-07-01,6300.2,4869.89,1430.31,Paid,credit card
BILL_003735,P_03111,ADM_03735,2024-07-15,18421.52,16206.49,2215.03,Paid,MEDICARE
BILL_003736,P_01268,ADM_03736,2024-09-25,17603.92,14491.06,3112.86,Paid,Medicare
BILL_003737,P_02263,ADM_03737,2024-05-13,17650.79,13037.51,4613.28,Pending,Cash
BILL_003738,P_01301,ADM_03738,2024-08-07,15349.72,11306.13,4043.59,Pending,Commercial Insurance
BILL_003739,P_01892,ADM_03739,2024-03-28,6371.43,4834.27,1537.16,Pending,Cash
BILL_003740,P_00929,ADM_03740,2025-01-05,8894.28,7802.22,1092.06,Paid,Cash
BILL_003741,P_00936,ADM_03741,2025-01-24,6399.25,5230.87,1168.38,Paid,Direct Debit
BILL_003742,P_02523,ADM_03742,2024-10-28,13358.29,8956.39,4401.9,Paid,Commercial Insurance
BILL_003743,P_02523,ADM_03743,2024-11-15,10514.51,7437.51,3077.0,Paid,Medicare
BILL_003744,P_03301,ADM_03744,2025-04-27,20381.2,14058.59,6322.61,Paid,Medicare
BILL_003745,P_01263,ADM_03745,2024-01-16,11208.92,8510.8,2698.12,PAID,Credit Card
BILL_003746,P_00616,ADM_03746,2025-02-11,11887.37,10127.76,1759.61,Paid,Medicare
BILL_003747,P_00616,ADM_03747,2025-03-12,13961.41,10961.27,3000.14,paid,Cash
BILL_003748,P_03067,ADM_03748,2024-01-24,9762.33,7934.46,1827.87,Paid,Credit Card
BILL_003749,P_03067,ADM_03749,2024-02-09,23562.91,21732.51,1830.4,Paid,Medicare
BILL_003750,P_03246,ADM_03750,2024-03-25,6163.95,4835.66,1328.29,paid,Medicare
BILL_003751,P_01753,ADM_03751,2024-08-22,20987.05,18005.09,2981.96,Paid,Cash
BILL_003752,P_01753,ADM_03752,2024-08-29,8746.9,7179.68,1567.22,Paid,direct debit
BILL_003753,P_00893,ADM_03753,2024-10-07,23456.46,18443.4,5013.06,Paid,Direct Debit
BILL_003754,P_00772,ADM_03754,2025-03-21,12085.74,11206.06,879.68,Paid,Credit Card
BILL_003755,P_01792,ADM_03755,2024-03-17,5508.98,4419.1,1089.88,Paid,Cash
BILL_003756,P_01176,ADM_03756,2024-07-21,14411.62,10590.86,3820.76,Overdue,Direct Debit
BILL_003757,P_00840,ADM_03757,2024-08-29,13958.09,9156.35,4801.74,Paid,Medicare
BILL_003758,P_00938,ADM_03758,2024-06-10,3622.4,2950.39,672.01,Paid,Credit Card
BILL_003759,P_01430,ADM_03759,2025-03-25,9221.38,7361.56,1859.82,Pending,Medicare
BILL_003760,P_00264,ADM_03760,2025-02-05,7522.6,5623.19,1899.41,Paid,Credit Card
BILL_003761,P_00722,ADM_03761,2024-07-28,8771.37,7822.38,948.99,Paid,Commercial Insurance
BILL_003762,P_00057,ADM_03762,2025-03-23,8841.14,6208.88,2632.26,PAID,Medicare
BILL_003763,P_00916,ADM_03763,2024-04-15,11619.58,10018.5,1601.08,Paid,Credit Card
BILL_003764,P_00916,ADM_03764,2024/05/14 00:00:00,23415.53,15834.88,7580.65,Paid,Cash
BILL_003765,P_00427,ADM_03765,2024-07-13,6239.67,5316.58,923.09,Paid,
BILL_003766,P_00194,ADM_03766,2025-04-05,3147.93,2077.11,1070.82,Paid,Cash
BILL_003767,P_03077,ADM_03767,2024-05-25,3519.39,3226.04,293.35,Paid,Cash
BILL_003768,P_00757,ADM_03768,2024-10-08,22402.78,16746.47,5656.31,Paid,Medicare
BILL_003769,P_00841,ADM_03769,2024-12-25,11460.11,8884.14,2575.97,pending,Medicare
BILL_003770,P_02233,ADM_03770,2024-04-28,13574.85,10576.69,2998.16,Paid,Medicare
BILL_003771,P_00321,ADM_03771,2024-10-19,11047.22,8149.23,2897.99,Paid,Medicare
BILL_003772,P_00779,ADM_03772,2025-04-12,4106.58,3114.58,992.0,Paid,Commercial Insurance
BILL_003773,P_00826,ADM_03773,2025-01-22,15065.27,10355.85,4709.42,Paid,Direct Debit
BILL_003774,P_00826,ADM_03774,2025-02-07,28422.76,24070.37,4352.39,Paid,Medicare
BILL_003775,P_02631,ADM_03775,2025-02-10,7553.49,5294.1,2259.39,Paid,Direct Debit
BILL_003776,P_02681,ADM_03776,2024-07-25,3126.06,2693.51,432.55,Paid,Credit Card
BILL_003777,P_02681,ADM_03777,2024-08-15,6464.45,5661.24,803.21,Paid,Commercial Insurance
BILL_003778,P_02298,ADM_03778,2024-10-18,10157.59,8067.67,2089.92,Paid,Credit Card
BILL_003779,P_01946,ADM_03779,2025-04-04,13913.66,11136.22,2777.44,Paid,Cash
BILL_003780,P_02850,ADM_03780,2024-03-01,11256.53,10376.71,879.82,Paid,Cash
BILL_003781,P_00851,ADM_03781,2024-04-09,7907.57,7146.59,760.98,Pending,Credit Card
BILL_003782,P_00851,ADM_03782,2024-04-26,23740.84,19732.95,4007.89,Paid,Credit Card
BILL_003783,P_00820,ADM_03783,2024-09-10,7021.24,5588.54,1432.7,Paid,Medicare
BILL_003784,P_01001,ADM_03784,2024-06-10,5389.04,3962.37,1426.67,Paid,Direct Debit
BILL_003785,P_01001,ADM_03785,2024-07-04,12649.03,11860.1,788.93,pending,Direct Debit
BILL_003786,P_00633,ADM_03786,2024-09-16,13606.45,12506.7,1099.75,Paid,Commercial Insurance
BILL_003787,P_00655,ADM_03787,2025-04-15,7243.68,5435.6,1808.08,Paid,Credit Card
BILL_003788,P_00291,ADM_03788,2024-07-02,21077.8,18617.27,2460.53,Paid,Credit Card
BILL_003789,P_01710,ADM_03789,2024-10-11,15367.97,11722.85,3645.12,Paid,Medicare
BILL_003790,P_01710,ADM_03790,2024-11-06,9919.27,8161.04,1758.23,Paid,Cash
BILL_003791,P_00907,ADM_03791,2024-11-30,7002.64,5848.46,1154.18,paid,DIRECT DEBIT
BILL_003792,P_00915,ADM_03792,2025-02-04,8252.4,6740.77,1511.63,Paid,Cash
BILL_003793,P_03248,ADM_03793,2025-02-11,7370.31,5307.87,2062.44,Paid,commercial insurance
BILL_003794,P_01122,ADM_03794,2024-10-23,10819.79,8783.32,2036.47,Paid,Direct Debit
BILL_003795,P_03390,ADM_03795,2024-10-31,7055.23,5372.48,1682.75,Pending,Medicare
BILL_003796,P_03180,ADM_03796,2024-01-25,7594.55,6368.45,1226.1,Paid,Cash
BILL_003797,P_03180,ADM_03797,2024-02-02,5664.12,4155.69,1508.43,Paid,Commercial Insurance
BILL_003798,P_02782,ADM_03798,2024-06-24,2554.0,2141.51,412.49,Paid,Direct Debit
BILL_003799,P_03229,ADM_03799,2024-04-30,5645.44,4079.02,1566.42,Paid,Medicare
BILL_003800,P_03229,ADM_03800,2024-05-18,36967.88,24034.19,12933.69,paid,Cash
BILL_003801,P_02782,ADM_03801,2024-06-03,28062.13,19212.35,8849.78,Paid,Medicare
BILL_003802,P_01135,ADM_03802,2025-03-17,14343.17,10883.24,3459.93,Overdue,Commercial Insurance
BILL_003803,P_01046,ADM_03803,2024-08-15,9277.07,7138.76,2138.31,Pending,Direct Debit
BILL_003804,P_00650,ADM_03804,2024-10-16,4965.64,3795.13,1170.51,Overdue,Direct Debit
BILL_003805,P_02247,ADM_03805,2024-06-10,8619.96,7713.67,906.29,PAID,Commercial Insurance
BILL_003806,P_03344,ADM_03806,2024-10-11,12978.06,8446.93,4531.13,Paid,Credit Card
BILL_003807,P_00288,ADM_03807,2025-04-22,5865.55,4048.26,1817.29,OVERDUE,Commercial Insurance
BILL_003808,P_00288,ADM_03808,2025-05-16,17195.71,11620.27,5575.44,Paid,Direct Debit
BILL_003809,P_02882,ADM_03809,2025-05-15,5709.31,4178.9,1530.41,Paid,Commercial Insurance
BILL_003810,P_02813,ADM_03810,2024-11-26,6868.12,5486.07,1382.05,Paid,Direct Debit
BILL_003811,P_02813,ADM_03811,2024-12-22,11323.65,8647.87,2675.78,Pending,Credit Card
BILL_003812,P_01748,ADM_03812,2025-02-10,21022.33,16622.36,4399.97,Pending,DIRECT DEBIT
BILL_003813,P_02432,ADM_03813,2024-05-11,6900.58,5253.32,1647.26,Paid,Commercial Insurance
BILL_003814,P_01658,ADM_03814,2024-12-17,14602.59,12338.17,2264.42,Paid,Commercial Insurance
BILL_003815,P_01522,ADM_03815,2025-02-06,5863.69,3854.74,2008.95,Paid,Direct Debit
BILL_003816,P_01449,ADM_03816,2024-06-26,4054.66,3833.66,221.0,Paid,Medicare
BILL_003817,P_02149,ADM_03817,2024-10-18,6387.58,5885.48,502.1,Paid,Cash
BILL_003818,P_01390,ADM_03818,2024-05-04,10826.64,8233.68,2592.96,Paid,Medicare
BILL_003819,P_03296,ADM_03819,2025-04-21,21103.3,18135.93,2967.37,Paid,Medicare
BILL_003820,P_02218,ADM_03820,2025-04-10,7825.25,6377.16,1448.09,Paid,Credit Card
BILL_003821,P_01546,ADM_03821,2024-05-31,9599.65,6962.19,2637.46,Paid,Cash
BILL_003822,P_01546,ADM_03822,2024-07-14,29369.34,26730.25,2639.09,Paid,Credit Card
BILL_003823,P_01598,ADM_03823,2024-11-28,8145.36,6614.64,1530.72,Paid,
BILL_003824,P_03327,ADM_03824,2024-04-06,16772.88,13887.95,2884.93,Overdue,Direct Debit
BILL_003825,P_03327,ADM_03825,2024-04-15,6373.29,5848.31,524.98,  Paid  ,Direct Debit
BILL_003826,P_01631,ADM_03826,2025-01-11,14665.51,12652.27,2013.24,Pending,Credit Card
BILL_003827,P_01684,ADM_03827,2025-02-01,15879.61,10768.32,5111.29,Pending,  Commercial Insurance  
BILL_003828,P_03417,ADM_03828,2025-02-25,5348.6,4007.85,1340.75,Paid,Direct Debit
BILL_003829,P_02011,ADM_03829,2024-02-19,7772.49,5882.77,1889.72,Paid,Medicare
BILL_003830,P_03367,ADM_03830,2025/04/29 00:00:00,10816.78,8411.31,2405.47,Paid,Direct Debit
BILL_003831,P_01307,ADM_03831,2024-01-11,5047.72,3527.57,1520.15,Paid,Cash
BILL_003832,P_02518,ADM_03832,2024-08-28,10561.3,7321.72,3239.58,PAID,Commercial Insurance
BILL_003833,P_03474,ADM_03833,2024-04-17,5047.01,3437.95,1609.06,Paid,Medicare
BILL_003834,P_00963,ADM_03834,2024-11-25,18469.27,13023.92,5445.35,Paid,Credit Card
BILL_003835,P_03254,ADM_03835,2024-11-05,11223.75,7548.55,3675.2,Paid,Cash
BILL_003836,P_00271,ADM_03836,2024-07-31,27023.6,23702.41,3321.19,Paid,Commercial Insurance
BILL_003837,P_01235,ADM_03837,2024-07-14,4867.15,4222.84,644.31,Paid,Cash
BILL_003838,P_02808,ADM_03838,2024-12-14,14652.22,12289.8,2362.42,Paid,Direct Debit
BILL_003839,P_01616,ADM_03839,2025-03-25,6689.9,5995.13,694.77,Paid,Medicare
BILL_003840,P_00861,ADM_03840,04-01-2025,6227.78,5344.49,883.29,Paid,Commercial Insurance
BILL_003841,P_00861,ADM_03841,2025-02-04,19303.77,15722.23,3581.54,paid,Credit Card
BILL_003842,P_00028,ADM_03842,2025-01-22,9898.99,8195.02,1703.97,Paid,Credit Card
BILL_003843,P_01672,ADM_03843,2024-12-07,10767.29,9783.62,983.67,Paid,Direct Debit
BILL_003844,P_01551,ADM_03844,2024-01-16,12978.74,9947.74,3031.0,Paid,Cash
BILL_003845,P_01543,ADM_03845,2024-08-28,8211.59,7465.27,746.32,Paid,Commercial Insurance
BILL_003846,P_01202,ADM_03846,2024-04-30,7531.61,6212.24,1319.37,Pending,Direct Debit
BILL_003847,P_01586,ADM_03847,2025-05-17,7987.73,5718.09,2269.64,Paid,Credit Card
BILL_003848,P_03245,ADM_03848,2024-05-22,19462.94,13069.62,6393.32,Paid,Direct Debit
BILL_003849,P_03245,ADM_03849,2024-06-28,15787.99,14602.77,1185.22,Paid,Credit Card
BILL_003850,P_01712,ADM_03850,2024-07-11,6245.41,4243.32,2002.09,Overdue,Credit Card
BILL_003851,P_00645,ADM_03851,2024-11-18,20164.65,15248.04,4916.61,Paid,Direct Debit
BILL_003852,P_01640,ADM_03852,2025-01-10,8786.54,6266.05,2520.49,Paid,Cash
BILL_003853,P_02974,ADM_03853,2024-09-26,8963.59,8118.48,845.11,Paid,Medicare
BILL_003854,P_02974,ADM_03854,2024-10-06,9714.14,6870.17,2843.97,Paid,Direct Debit
BILL_003855,P_02620,ADM_03855,04/13/2024,12484.34,10089.81,2394.53,pending,Credit Card
BILL_003856,P_02157,ADM_03856,2024-05-15,3891.23,2856.55,1034.68,  Paid  ,Commercial Insurance
BILL_003857,P_02157,ADM_03857,2024-06-09,9044.91,5889.31,3155.6,Paid,Credit Card
BILL_003858,P_00988,ADM_03858,2024-11-16,16978.95,12303.22,4675.73,Paid,Direct Debit
BILL_003859,P_03041,ADM_03859,2024-04-23,11546.81,10031.41,1515.4,Paid,Medicare
BILL_003860,P_03041,ADM_03860,2024-05-10,17755.39,13832.07,3923.32,Paid,Medicare
BILL_003861,P_00288,ADM_03861,2024-02-17,7916.27,6015.38,1900.89,Paid,Cash
BILL_003862,P_01354,ADM_03862,2024-11-08,5758.25,5257.38,500.87,Paid,Medicare
BILL_003863,P_01354,ADM_03863,2024-12-02,17910.54,12480.32,5430.22,Paid,Direct Debit
BILL_003864,P_01587,ADM_03864,2024-09-12,10402.74,9208.48,1194.26,Paid,Direct Debit
BILL_003865,P_01587,ADM_03865,2024-09-30,5280.4,4443.44,836.96,Paid,cash
BILL_003866,P_01830,ADM_03866,2025-05-21,12878.57,9730.78,3147.79,Paid,Cash
BILL_003867,P_02790,ADM_03867,29-02-2024,9930.29,6675.62,3254.67,Paid,Commercial Insurance
BILL_003868,P_00968,ADM_03868,2024-09-11,9761.16,8918.77,842.39,Paid,Commercial Insurance
BILL_003869,P_02484,ADM_03869,2025-02-17,6524.64,5889.47,635.17,Paid,Commercial Insurance
BILL_003870,P_03045,ADM_03870,2025-01-06,8857.76,7049.22,1808.54,Paid,Cash
BILL_003871,P_01569,ADM_03871,2024-04-26,11278.79,7857.16,3421.63,Pending,Medicare
BILL_003872,P_01285,ADM_03872,2025-02-14,14847.75,13187.48,1660.27,Paid,credit card
BILL_003873,P_00542,ADM_03873,2025-03-09,6305.06,5725.17,579.89,Paid,Direct Debit
BILL_003874,P_00098,ADM_03874,2024-10-10,11838.26,10234.93,1603.33,Paid,Credit Card
BILL_003875,P_01222,ADM_03875,10/18/2024,11276.57,9616.84,1659.73,Paid,Medicare
BILL_003876,P_03443,ADM_03876,2024-08-21,9681.11,8465.89,1215.22,Paid,Cash
BILL_003877,P_00965,ADM_03877,2024-07-23,8188.43,7198.41,990.02,Paid,Direct Debit
BILL_003878,P_01747,ADM_03878,2024-11-09,6342.14,4960.59,1381.55,Paid,
BILL_003879,P_01747,ADM_03879,2024-12-15,23009.85,15418.89,7590.96,Paid,commercial insurance
BILL_003880,P_02123,ADM_03880,04/30/2024,4570.99,3158.84,1412.15,Paid,Credit Card
BILL_003881,P_01217,ADM_03881,2024-10-07,11780.97,9181.09,2599.88,Pending,Cash
BILL_003882,P_03056,ADM_03882,2024-06-06,19746.0,15156.73,4589.27,Paid,Commercial Insurance
BILL_003883,P_01193,ADM_03883,2024-09-03,19612.19,15640.83,3971.36,Paid,Credit Card
BILL_003884,P_00565,ADM_03884,2024-06-07,11714.68,9865.84,1848.84,Pending,Credit Card
BILL_003885,P_02297,ADM_03885,2024-02-09,18258.82,13408.98,4849.84,Paid,Cash
BILL_003886,P_03389,ADM_03886,2024-10-18,20175.71,18794.99,1380.72,Paid,Credit Card
BILL_003887,P_03389,ADM_03887,2024-10-25,6814.1,4729.66,2084.44,Paid,Medicare
BILL_003888,P_02514,ADM_03888,2024-11-12,5361.27,4767.68,593.59,Pending,Cash
BILL_003889,P_00030,ADM_03889,2024-08-20,7788.37,7101.05,687.32,Paid,Medicare
BILL_003890,P_00127,ADM_03890,2024-06-11,3924.48,2555.43,1369.05,Paid,Direct Debit
BILL_003891,P_02824,ADM_03891,2024-12-24,29280.98,23683.54,5597.44,Paid,Credit Card
BILL_003892,P_02824,ADM_03892,2025-01-19,20040.89,14691.86,5349.03,Paid,Direct Debit
BILL_003893,P_01881,ADM_03893,2025-04-08,12276.68,9743.57,2533.11,Paid,Cash
BILL_003894,P_00784,ADM_03894,2024-12-03,7728.21,5712.71,2015.5,Paid,Cash
BILL_003895,P_00784,ADM_03895,2024-12-16,7714.41,6804.15,910.26,Paid,Cash
BILL_003896,P_01613,ADM_03896,2025-03-08,5725.38,3921.5,1803.88,Pending,Direct Debit
BILL_003897,P_02833,ADM_03897,2025-02-05,13329.32,10562.71,2766.61,Paid,DIRECT DEBIT
BILL_003898,P_00377,ADM_03898,2025-02-09,18058.06,12427.8,5630.26,Pending,Cash
BILL_003899,P_01665,ADM_03899,2025-01-11,5858.18,5487.05,371.13,Paid,Credit Card
BILL_003900,P_01665,ADM_03900,2025-02-04,22565.26,17908.67,4656.59,paid,Credit Card
BILL_003901,P_00953,ADM_03901,2025-01-30,7758.8,7233.41,525.39,Paid,Direct Debit
BILL_003902,P_00953,ADM_03902,2025-02-15,28996.32,18870.39,10125.93,Paid,Credit Card
BILL_003903,P_00811,ADM_03903,2025-01-25,21550.79,19132.48,2418.31,Paid,Credit Card
BILL_003904,P_03356,ADM_03904,2024-09-26,11588.87,9429.32,2159.55,Paid,Direct Debit
BILL_003905,P_01649,ADM_03905,2024-07-11,9972.74,9256.52,716.22,Paid,Credit Card
BILL_003906,P_01854,ADM_03906,2025-02-06,10172.81,8222.46,1950.35,Pending,Commercial Insurance
BILL_003907,P_03289,ADM_03907,2025-02-28,11121.22,8171.69,2949.53,  Paid  ,
BILL_003908,P_01177,ADM_03908,2024-03-17,11288.57,8426.95,2861.62,Paid,Direct Debit
BILL_003909,P_00199,ADM_03909,2024-12-04,7525.95,6562.67,963.28,Paid,Credit Card
BILL_003910,P_02176,ADM_03910,2024-05-10,7873.54,6302.38,1571.16,Paid,Medicare
BILL_003911,P_02182,ADM_03911,2025-04-19,9688.49,7028.42,2660.07,Paid,Cash
BILL_003912,P_01456,ADM_03912,2025-03-20,10582.04,8108.96,2473.08,Pending,Credit Card
BILL_003913,P_01456,ADM_03913,2025-04-11,5591.59,4357.99,1233.6,Paid,Direct Debit
BILL_003914,P_02536,ADM_03914,2024-11-04,4246.47,3623.19,623.28,Paid,Cash
BILL_003915,P_00694,ADM_03915,2024-04-09,9064.31,8512.45,551.86,Paid,Commercial Insurance
BILL_003916,P_03302,ADM_03916,2024-01-18,20034.82,18037.37,1997.45,Paid,Commercial Insurance
BILL_003917,P_02611,ADM_03917,2024-06-24,18879.66,15266.21,3613.45,Overdue,Cash
BILL_003918,P_00596,ADM_03918,2024-08-06,6122.57,4090.13,2032.44,Pending,Medicare
BILL_003919,P_02670,ADM_03919,2024-09-05,5338.34,3824.28,1514.06,Paid,Cash
BILL_003920,P_03043,ADM_03920,2025-02-22,17009.61,11218.94,5790.67,Paid,Cash
BILL_003921,P_03043,ADM_03921,2025-03-28,11016.44,9611.15,1405.29,Pending,
BILL_003922,P_01273,ADM_03922,2024-01-17,13871.49,10702.79,3168.7,Overdue,Commercial Insurance
BILL_003923,P_01313,ADM_03923,2024-07-22,2996.49,2514.01,482.48,Paid,Direct Debit
BILL_003924,P_03385,ADM_03924,2025-04-02,8385.6,5806.0,2579.6,Pending,Commercial Insurance
BILL_003925,P_03160,ADM_03925,01-02-2024,8149.27,6035.53,2113.74,Paid,CREDIT CARD
BILL_003926,P_03160,ADM_03926,2024-03-02,20052.46,15377.7,4674.76,Paid,Medicare
BILL_003927,P_00259,ADM_03927,2025-04-05,10125.21,8238.84,1886.37,  Paid  ,Cash
BILL_003928,P_01510,ADM_03928,2024-04-23,8833.51,5984.39,2849.12,Paid,Medicare
BILL_003929,P_02872,ADM_03929,2024-05-26,6323.93,4157.37,2166.56,Paid,Credit Card
BILL_003930,P_02700,ADM_03930,2024-05-03,23813.49,17310.43,6503.06,Paid,Commercial Insurance
BILL_003931,P_01685,ADM_03931,2024-12-17,13234.66,11677.05,1557.61,Paid,Direct Debit
BILL_003932,P_01685,ADM_03932,2025-01-12,7340.19,5440.6,1899.59,Paid,Direct Debit
BILL_003933,P_03368,ADM_03933,2024-11-17,11304.22,9978.56,1325.66,Paid,Credit Card
BILL_003934,P_02465,ADM_03934,2025-04-06,10948.75,8407.96,2540.79,Paid,Credit Card
BILL_003935,P_00869,ADM_03935,2025-03-28,6598.42,5374.43,1223.99,Overdue,Credit Card
BILL_003936,P_01405,ADM_03936,2024-03-13,17287.32,11962.42,5324.9,Paid,Credit Card
BILL_003937,P_01732,ADM_03937,2024-09-14,4447.88,3769.19,678.69,Paid,Cash
BILL_003938,P_03204,ADM_03938,2024-06-01,11945.8,8021.78,3924.02,Paid,Cash
BILL_003939,P_03469,ADM_03939,2024-05-13,19925.57,14227.48,5698.09,Paid,
BILL_003940,P_03469,ADM_03940,2024-06-01,13562.04,10704.85,2857.19,Paid,Medicare
BILL_003941,P_00362,ADM_03941,2025/03/25 00:00:00,7099.27,4792.14,2307.13,Paid,Cash
BILL_003942,P_00568,ADM_03942,2024-01-30,8135.42,5648.03,2487.39,Paid,Medicare
BILL_003943,P_03150,ADM_03943,08/04/2024,7234.25,5704.95,1529.3,Paid,Commercial Insurance
BILL_003944,P_03150,ADM_03944,2024-08-14,10975.88,9217.53,1758.35,Paid,CREDIT CARD
BILL_003945,P_02570,ADM_03945,2024-03-01,8744.99,7998.51,746.48,Paid,Commercial Insurance
BILL_003946,P_01429,ADM_03946,2024-08-27,12795.04,11130.47,1664.57,Paid,Cash
BILL_003947,P_00977,ADM_03947,2024-04-30,6458.61,4973.93,1484.68,Paid,Commercial Insurance
BILL_003948,P_01268,ADM_03948,2025-05-17,18391.64,13621.12,4770.52,Pending,Cash
BILL_003949,P_03416,ADM_03949,2024-10-22,26768.64,19536.87,7231.77,Paid,COMMERCIAL INSURANCE
BILL_003950,P_00070,ADM_03950,2024-10-30,8686.71,7197.77,1488.94,Paid,Commercial Insurance
BILL_003951,P_03090,ADM_03951,2024-02-29,9594.82,7837.25,1757.57,Pending,
BILL_003952,P_01935,ADM_03952,2024-09-15,6551.39,6097.15,454.24,Paid,Medicare
BILL_003953,P_02384,ADM_03953,2025-03-15,8035.88,5675.48,2360.4,Paid,  Commercial Insurance  
BILL_003954,P_02995,ADM_03954,2025-05-03,11718.63,8652.57,3066.06,Paid,Medicare
BILL_003955,P_01591,ADM_03955,14-01-2024,2748.35,1948.94,799.41,Paid,Cash
BILL_003956,P_02905,ADM_03956,2024-12-31,7801.21,6607.91,1193.3,Overdue,Medicare
BILL_003957,P_03355,ADM_03957,2025-04-04,10430.31,9554.83,875.48,Paid,Credit Card
BILL_003958,P_03355,ADM_03958,2025-04-30,29530.36,26986.75,2543.61,  Paid  ,Cash
BILL_003959,P_01813,ADM_03959,2024-12-23,5501.94,5136.53,365.41,Paid,Medicare
BILL_003960,P_02435,ADM_03960,2024-11-15,22847.67,17214.85,5632.82,PAID,Direct Debit
BILL_003961,P_00121,ADM_03961,2024-12-19,8053.22,6911.9,1141.32,  Paid  ,Direct Debit
BILL_003962,P_02083,ADM_03962,2025-01-28,9121.33,6273.87,2847.46,Paid,Cash
BILL_003963,P_00766,ADM_03963,2025-05-02,13164.64,10772.25,2392.39,Paid,credit card
BILL_003964,P_01394,ADM_03964,2024-04-05,4945.73,3224.33,1721.4,Paid,Cash
BILL_003965,P_01394,ADM_03965,2024-04-30,13155.8,12076.81,1078.99,Paid,Cash
BILL_003966,P_00050,ADM_03966,19-10-2024,12493.16,9293.49,3199.67,Overdue,COMMERCIAL INSURANCE
BILL_003967,P_02586,ADM_03967,2025-03-20,14802.13,10749.96,4052.17,Paid,Direct Debit
BILL_003968,P_02602,ADM_03968,2025-03-06,10209.46,9533.98,675.48,Paid,Medicare
BILL_003969,P_01719,ADM_03969,2024-12-12,9167.95,7588.4,1579.55,Paid,Commercial Insurance
BILL_003970,P_01916,ADM_03970,2025-04-07,5502.98,3763.45,1739.53,Paid,Medicare
BILL_003971,P_02189,ADM_03971,2024-08-22,15366.89,14442.16,924.73,Paid,Credit Card
BILL_003972,P_00219,ADM_03972,2024-10-12,7588.4,6672.79,915.61,Pending,Medicare
BILL_003973,P_01990,ADM_03973,2025-04-07,18821.64,15632.41,3189.23,Paid,Medicare
BILL_003974,P_01033,ADM_03974,2025-02-15,8747.02,7294.51,1452.51,Pending,Cash
BILL_003975,P_01896,ADM_03975,2024-04-18,6061.22,4454.92,1606.3,Paid,Credit Card
BILL_003976,P_01064,ADM_03976,2024-05-13,12610.94,8727.93,3883.01,paid,Credit Card
BILL_003977,P_00688,ADM_03977,2024-03-23,13199.19,9218.08,3981.11,Paid,Credit Card
BILL_003978,P_01102,ADM_03978,2024-12-24,22482.75,19862.7,2620.05,Paid,Medicare
BILL_003979,P_01102,ADM_03979,2025-01-17,8287.14,7709.29,577.85,Paid,Credit Card
BILL_003980,P_02557,ADM_03980,2024-03-05,6970.46,4893.01,2077.45,Paid,Cash
BILL_003981,P_03102,ADM_03981,2024-09-13,10662.77,8802.78,1859.99,Paid,Direct Debit
BILL_003982,P_02659,ADM_03982,2025-01-19,18206.72,17291.71,915.01,Pending,Credit Card
BILL_003983,P_00514,ADM_03983,2024-02-15,8197.1,6026.45,2170.65,Paid,Direct Debit
BILL_003984,P_01701,ADM_03984,2024-05-25,8187.33,6539.52,1647.81,Paid,Credit Card
BILL_003985,P_02845,ADM_03985,2024-04-26,8104.78,6004.83,2099.95,OVERDUE,Direct Debit
BILL_003986,P_01502,ADM_03986,2024-12-27,7973.27,6800.83,1172.44,Paid,Direct Debit
BILL_003987,P_03121,ADM_03987,2024-01-10,6162.41,4635.82,1526.59,Paid,Commercial Insurance
BILL_003988,P_00328,ADM_03988,2024-05-01,9841.04,8111.31,1729.73,Paid,Commercial Insurance
BILL_003989,P_00192,ADM_03989,2025-03-10,14089.66,11477.28,2612.38,Paid,Cash
BILL_003990,P_03025,ADM_03990,2025-03-28,9776.27,6512.42,3263.85,Paid,Cash
BILL_003991,P_00155,ADM_03991,2024-07-18,8200.72,5605.7,2595.02,Paid,Commercial Insurance
BILL_003992,P_00964,ADM_03992,2024-07-30,14724.21,13409.28,1314.93,Paid,Commercial Insurance
BILL_003993,P_01232,ADM_03993,2025-03-07,8185.92,6686.08,1499.84,Paid,Cash
BILL_003994,P_00474,ADM_03994,2024-07-18,10579.87,7691.99,2887.88,Paid,Direct Debit
BILL_003995,P_01861,ADM_03995,2024-09-12,6543.47,4605.1,1938.37,Paid,Medicare
BILL_003996,P_02534,ADM_03996,2024-02-12,7857.31,7049.61,807.7,Paid,Credit Card
BILL_003997,P_00246,ADM_03997,2024-03-29,8823.45,6892.7,1930.75,Paid,Commercial Insurance
BILL_003998,P_00246,ADM_03998,2024-04-25,9068.76,8409.0,659.76,PENDING,Credit Card
BILL_003999,P_03407,ADM_03999,2025-01-07,7771.66,6423.58,1348.08,Paid,Medicare
BILL_004000,P_01869,ADM_04000,2025-01-18,15152.33,12480.41,2671.92,Paid,Commercial Insurance
BILL_004001,P_02613,ADM_04001,2025-01-19,14487.12,13209.74,1277.38,Paid,Credit Card
BILL_004002,P_01843,ADM_04002,2024-01-15,10543.59,8898.93,1644.66,Paid,Credit Card
BILL_004003,P_01843,ADM_04003,2024-02-08,11443.01,10728.55,714.46,Pending,Direct Debit
BILL_004004,P_02983,ADM_04004,2024-11-25,11608.54,9997.59,1610.95,Paid,Direct Debit
BILL_004005,P_03147,ADM_04005,2025-04-24,5567.39,3891.77,1675.62,Paid,Cash
BILL_004006,P_00085,ADM_04006,2025-01-29,8646.79,6458.68,2188.11,PAID,Direct Debit
BILL_004007,P_02564,ADM_04007,2025-01-17,6362.98,4546.21,1816.77,Paid,Direct Debit
BILL_004008,P_02212,ADM_04008,2024-06-18,16540.51,14498.69,2041.82,Paid,Direct Debit
BILL_004009,P_00019,ADM_04009,06/12/2024,4016.86,2923.42,1093.44,Pending,Credit Card
BILL_004010,P_00019,ADM_04010,2024-06-28,8543.59,6664.43,1879.16,Paid,Cash
BILL_004011,P_03350,ADM_04011,2024-04-02,6009.98,4705.25,1304.73,paid,Credit Card
BILL_004012,P_00009,ADM_04012,2024-03-29,12445.12,8247.39,4197.73,Pending,Credit Card
BILL_004013,P_01383,ADM_04013,2024-08-24,15744.62,14671.33,1073.29,Paid,Commercial Insurance
BILL_004014,P_02524,ADM_04014,2025-02-17,4076.67,3754.5,322.17,Overdue,Credit Card
BILL_004015,P_01739,ADM_04015,2024-10-01,9197.93,7296.76,1901.17,Paid,Cash
BILL_004016,P_03498,ADM_04016,2025-02-25,3258.28,2787.92,470.36,Paid,
BILL_004017,P_03452,ADM_04017,2024-09-21,9220.06,8032.66,1187.4,Paid,Cash
BILL_004018,P_00718,ADM_04018,2025-05-10,9759.28,7489.33,2269.95,paid,Medicare
BILL_004019,P_02229,ADM_04019,2025-02-09,12035.06,8484.52,3550.54,Overdue,Cash
BILL_004020,P_03453,ADM_04020,2024-10-08,12981.69,9483.29,3498.4,Paid,Commercial Insurance
BILL_004021,P_02846,ADM_04021,2024-02-28,10462.97,9715.29,747.68,Paid,Direct Debit
BILL_004022,P_01240,ADM_04022,2024-12-30,6886.0,4598.72,2287.28,Paid,Commercial Insurance
BILL_004023,P_02792,ADM_04023,23-04-2025,13823.65,10729.01,3094.64,Paid,Direct Debit
BILL_004024,P_01824,ADM_04024,2024/12/29 00:00:00,8618.73,7346.18,1272.55,Paid,UNKNOWN_VAL
BILL_004025,P_01824,ADM_04025,2025-01-08,6604.39,5618.86,985.53,Overdue,  Medicare  
BILL_004026,P_03486,ADM_04026,2024-08-03,5652.83,4426.39,1226.44,Paid,Commercial Insurance
BILL_004027,P_01506,ADM_04027,2024-02-17,8050.16,5537.84,2512.32,Paid,Medicare
BILL_004028,P_00828,ADM_04028,2024-03-04,9719.99,7621.62,2098.37,Paid,Commercial Insurance
BILL_004029,P_01618,ADM_04029,2024-08-03,12437.69,9267.09,3170.6,Paid,Credit Card
BILL_004030,P_03024,ADM_04030,02/24/2024,8478.43,6652.1,1826.33,Paid,Credit Card
BILL_004031,P_03441,ADM_04031,2024-08-13,14204.22,11885.93,2318.29,Overdue,COMMERCIAL INSURANCE
BILL_004032,P_01912,ADM_04032,05/26/2025,24935.35,16856.82,8078.53,Pending,Cash
BILL_004033,P_01820,ADM_04033,2024-10-05,5917.56,4157.59,1759.97,Paid,Credit Card
BILL_004034,P_02013,ADM_04034,2025-03-05,30598.08,20212.4,10385.68,Paid,Credit Card
BILL_004035,P_02013,ADM_04035,2025-04-04,19756.8,13638.67,6118.13,Paid,Medicare
BILL_004036,P_01581,ADM_04036,2024-04-29,10201.6,9030.88,1170.72,Paid,Direct Debit
BILL_004037,P_01021,ADM_04037,2025-01-17,6183.85,4778.02,1405.83,Paid,Direct Debit
BILL_004038,P_02520,ADM_04038,2025-01-02,7729.91,6499.75,1230.16,Pending,Credit Card
BILL_004039,P_03261,ADM_04039,2024-07-05,15910.69,12397.2,3513.49,Paid,Cash
BILL_004040,P_03261,ADM_04040,2024-07-26,9012.22,6223.28,2788.94,Pending,Commercial Insurance
BILL_004041,P_02734,ADM_04041,2024-03-18,11023.14,7251.64,3771.5,Paid,Medicare
BILL_004042,P_02013,ADM_04042,2024-06-24,5891.87,4494.78,1397.09,Paid,Credit Card
BILL_004043,P_02013,ADM_04043,2024-07-27,17560.22,11993.65,5566.57,Paid,DIRECT DEBIT
BILL_004044,P_02632,ADM_04044,2025-05-19,10184.57,6860.14,3324.43,Paid,UNKNOWN_VAL
BILL_004045,P_00943,ADM_04045,2025-02-02,6354.39,5035.61,1318.78,Paid,Medicare
BILL_004046,P_02800,ADM_04046,2024-12-19,9028.36,7888.97,1139.39,Paid,Credit Card
BILL_004047,P_02800,ADM_04047,2025-01-12,7349.53,5465.67,1883.86,Paid,Direct Debit
BILL_004048,P_03130,ADM_04048,2024-02-23,16996.7,13346.78,3649.92,Paid,Cash
BILL_004049,P_03130,ADM_04049,2024-04-02,22148.24,20069.49,2078.75,Paid,Credit Card
BILL_004050,P_03243,ADM_04050,2024-01-18,10412.65,9575.83,836.82,Overdue,Commercial Insurance
BILL_004051,P_01440,ADM_04051,2024-12-01,19437.69,15415.47,4022.22,Paid,Cash
BILL_004052,P_01123,ADM_04052,04/22/2024,18449.96,12885.83,5564.13,PAID,Credit Card
BILL_004053,P_01123,ADM_04053,2024-05-12,3773.02,2566.69,1206.33,Paid,Commercial Insurance
BILL_004054,P_01815,ADM_04054,2024-11-21,7817.68,6326.5,1491.18,Paid,Medicare
BILL_004055,P_01165,ADM_04055,2024-03-20,10987.3,9168.75,1818.55,Overdue,Credit Card
BILL_004056,P_01900,ADM_04056,2024-03-18,6715.6,6214.41,501.19,PAID,Credit Card
BILL_004057,P_01189,ADM_04057,2024-01-14,7334.18,5547.02,1787.16,Pending,Credit Card
BILL_004058,P_00535,ADM_04058,2024-12-01,17247.03,13011.33,4235.7,Paid,Credit Card
BILL_004059,P_02988,ADM_04059,2024-09-27,6656.67,5073.21,1583.46,Paid,Cash
BILL_004060,P_02615,ADM_04060,2024-10-30,12799.05,10747.65,2051.4,PAID,Direct Debit
BILL_004061,P_00692,ADM_04061,2025-01-06,19122.59,14914.54,4208.05,Pending,Cash
BILL_004062,P_01085,ADM_04062,2025-02-17,19471.36,14982.6,4488.76,Paid,Direct Debit
BILL_004063,P_00843,ADM_04063,2024-02-24,6554.41,5888.54,665.87,Paid,CASH
BILL_004064,P_00394,ADM_04064,2024-12-12,8026.34,6462.64,1563.7,Paid,Direct Debit
BILL_004065,P_00394,ADM_04065,2025-01-03,12125.82,9076.6,3049.22,Paid,Commercial Insurance
BILL_004066,P_01090,ADM_04066,2024-05-12,4004.21,3132.23,871.98,paid,Direct Debit
BILL_004067,P_03041,ADM_04067,2024-05-16,6519.49,4476.27,2043.22,Paid,Credit Card
BILL_004068,P_03481,ADM_04068,2024-06-12,18578.83,15562.08,3016.75,Paid,Cash
BILL_004069,P_03270,ADM_04069,2025-05-02,13727.24,9902.23,3825.01,Paid,Commercial Insurance
BILL_004070,P_03270,ADM_04070,2025-05-22,9917.66,9273.96,643.7,Paid,Medicare
BILL_004071,P_01890,ADM_04071,2024-05-12,7884.77,5949.14,1935.63,Paid,Commercial Insurance
BILL_004072,P_02267,ADM_04072,2024-06-22,14532.61,13151.81,1380.8,Paid,Cash
BILL_004073,P_02565,ADM_04073,2024-01-06,5027.42,3524.87,1502.55,Paid,Credit Card
BILL_004074,P_01801,ADM_04074,2024-12-18,6164.75,5280.95,883.8,Paid,Commercial Insurance
BILL_004075,P_01986,ADM_04075,2024-08-11,19398.65,17959.44,1439.21,Pending,Credit Card
BILL_004076,P_00472,ADM_04076,2024-10-11,12343.4,8273.0,4070.4,Paid,Commercial Insurance
BILL_004077,P_01785,ADM_04077,2024-09-15,12092.64,8747.3,3345.34,Paid,Direct Debit
BILL_004078,P_02485,ADM_04078,2024-10-07,9586.84,7527.51,2059.33,Paid,Medicare
BILL_004079,P_00523,ADM_04079,2024-07-06,5249.29,3815.03,1434.26,Paid,Credit Card
BILL_004080,P_03101,ADM_04080,2024-10-04,8278.02,5481.83,2796.19,Paid,
BILL_004081,P_03101,ADM_04081,2024-10-26,20338.24,16146.49,4191.75,Paid,Credit Card
BILL_004082,P_01018,ADM_04082,2024/02/28 00:00:00,6902.06,4947.96,1954.1,Paid,Cash
BILL_004083,P_01276,ADM_04083,2024-02-26,5099.66,4702.94,396.72,Overdue,Credit Card
BILL_004084,P_03137,ADM_04084,2024-12-04,5995.45,4308.78,1686.67,PENDING,Direct Debit
BILL_004085,P_01895,ADM_04085,2024-10-26,12177.1,9242.25,2934.85,Paid,  Direct Debit  
BILL_004086,P_02578,ADM_04086,2025-03-03,9302.37,6164.43,3137.94,Paid,Medicare
BILL_004087,P_01284,ADM_04087,2024-05-16,11881.6,10674.74,1206.86,Paid,Medicare
BILL_004088,P_00034,ADM_04088,2024-03-14,9896.82,8772.9,1123.92,Paid,Credit Card
BILL_004089,P_00034,ADM_04089,2024-04-06,12204.34,9559.8,2644.54,Paid,Commercial Insurance
BILL_004090,P_00431,ADM_04090,2024-07-19,7335.44,6622.69,712.75,Paid,Credit Card
BILL_004091,P_03390,ADM_04091,2024-01-09,14950.81,12941.9,2008.91,Paid,Direct Debit
BILL_004092,P_01155,ADM_04092,2024-09-14,11735.65,10123.47,1612.18,Paid,Commercial Insurance
BILL_004093,P_02156,ADM_04093,2024-12-09,11645.02,9132.03,2512.99,Pending,Direct Debit
BILL_004094,P_03100,ADM_04094,2024-11-02,5169.67,4027.93,1141.74,Paid,Cash
BILL_004095,P_00184,ADM_04095,2024-05-16,8017.37,6188.33,1829.04,Paid,DIRECT DEBIT
BILL_004096,P_00184,ADM_04096,2024-06-10,12329.07,11024.05,1305.02,Paid,Commercial Insurance
BILL_004097,P_01211,ADM_04097,2024-03-21,2777.26,1818.44,958.82,Paid,Medicare
BILL_004098,P_01032,ADM_04098,2024-03-11,9494.32,6295.12,3199.2,Paid,Direct Debit
BILL_004099,P_01855,ADM_04099,2024-10-01,11270.76,10054.85,1215.91,Paid,Commercial Insurance
BILL_004100,P_01577,ADM_04100,2024-08-08,10441.87,7963.5,2478.37,paid,Cash
BILL_004101,P_02271,ADM_04101,2024-07-11,13755.52,12216.29,1539.23,Paid,Medicare
BILL_004102,P_02271,ADM_04102,2024-08-04,8128.41,7406.5,721.91,pending,Medicare
BILL_004103,P_02260,ADM_04103,2024-01-10,9299.99,6870.31,2429.68,Pending,credit card
BILL_004104,P_01361,ADM_04104,2024-08-25,7858.21,5530.71,2327.5,Paid,Credit Card
BILL_004105,P_02146,ADM_04105,2024-11-23,11297.23,9915.21,1382.02,Paid,Commercial Insurance
BILL_004106,P_02569,ADM_04106,2024-02-05,19670.26,17640.65,2029.61,Paid,Medicare
BILL_004107,P_01861,ADM_04107,06-02-2024,8787.58,6213.29,2574.29,Pending,Credit Card
BILL_004108,P_03128,ADM_04108,2024-10-24,10629.89,8137.83,2492.06,Paid,Direct Debit
BILL_004109,P_02899,ADM_04109,2024-08-28,4983.17,3823.08,1160.09,  Overdue  ,Commercial Insurance
BILL_004110,P_02899,ADM_04110,2024-09-16,14124.03,10891.69,3232.34,Paid,Cash
BILL_004111,P_01428,ADM_04111,2025-05-23,13922.06,11043.69,2878.37,Paid,Credit Card
BILL_004112,P_00011,ADM_04112,2024-08-24,5778.02,4849.43,928.59,Paid,Cash
BILL_004113,P_02845,ADM_04113,2024-06-10,6822.66,5149.15,1673.51,Paid,
BILL_004114,P_02289,ADM_04114,2024-04-24,10441.99,9716.57,725.42,Paid,Medicare
BILL_004115,P_01255,ADM_04115,2024-04-01,14905.86,11416.13,3489.73,Paid,Cash
BILL_004116,P_02387,ADM_04116,2024-09-07,3402.04,2438.41,963.63,Paid,Credit Card
BILL_004117,P_01439,ADM_04117,23-02-2024,13688.67,11253.99,2434.68,Pending,Direct Debit
BILL_004118,P_03058,ADM_04118,2025-04-30,9243.09,6692.53,2550.56,Pending,Commercial Insurance
BILL_004119,P_02066,ADM_04119,08/27/2024,12982.82,10583.89,2398.93,Overdue,
BILL_004120,P_02661,ADM_04120,2024-05-21,13134.81,11522.69,1612.12,Paid,Credit Card
BILL_004121,P_03343,ADM_04121,2024-02-22,7173.77,5766.47,1407.3,Paid,CREDIT CARD
BILL_004122,P_00110,ADM_04122,2024-06-17,6382.5,4959.57,1422.93,Paid,Direct Debit
BILL_004123,P_00852,ADM_04123,2024-12-27,6204.01,4272.07,1931.94,Paid,Medicare
BILL_004124,P_00852,ADM_04124,2025-01-20,5844.11,4670.9,1173.21,Paid,  Cash  
BILL_004125,P_02742,ADM_04125,2025-02-16,18406.69,16916.02,1490.67,Paid,Medicare
BILL_004126,P_02498,ADM_04126,2024-02-07,8568.11,6876.1,1692.01,Paid,Medicare
BILL_004127,P_02698,ADM_04127,2024-12-01,5356.49,4440.54,915.95,Paid,Credit Card
BILL_004128,P_02081,ADM_04128,2024-12-20,11452.48,10752.38,700.1,Paid,Cash
BILL_004129,P_03485,ADM_04129,2025-04-19,5410.6,4316.36,1094.24,Paid,
BILL_004130,P_02524,ADM_04130,2024-09-02,6819.21,5646.03,1173.18,Paid,Medicare
BILL_004131,P_03208,ADM_04131,2024-06-08,13931.91,12995.67,936.24,Paid,Credit Card
BILL_004132,P_01055,ADM_04132,2025-03-08,4203.87,3589.67,614.2,Paid,Medicare
BILL_004133,P_01055,ADM_04133,2025-04-12,19598.88,13300.27,6298.61,Paid,Credit Card
BILL_004134,P_01630,ADM_04134,2025-01-16,12116.06,10633.27,1482.79,  Paid  ,Credit Card
BILL_004135,P_02021,ADM_04135,2024-01-18,16853.16,12241.83,4611.33,Paid,direct debit
BILL_004136,P_00093,ADM_04136,2024-08-28,11186.46,9954.63,1231.83,Paid,
BILL_004137,P_00093,ADM_04137,2024-09-11,13515.69,9761.06,3754.63,Paid,Commercial Insurance
BILL_004138,P_03124,ADM_04138,2024-08-19,7660.46,5758.51,1901.95,Paid,Medicare
BILL_004139,P_02527,ADM_04139,2024-06-24,9711.69,7633.52,2078.17,Paid,DIRECT DEBIT
BILL_004140,P_03111,ADM_04140,2025-03-25,4624.8,3944.83,679.97,Paid,Credit Card
BILL_004141,P_01100,ADM_04141,2025-02-24,4438.84,3888.23,550.61,Pending,Commercial Insurance
BILL_004142,P_01391,ADM_04142,2024-02-29,5918.19,4815.05,1103.14,Pending,Cash
BILL_004143,P_01391,ADM_04143,2024-03-28,5299.99,3509.21,1790.78,Paid,Medicare
BILL_004144,P_01202,ADM_04144,2024-11-28,6497.85,4755.52,1742.33,Paid,Commercial Insurance
BILL_004145,P_02779,ADM_04145,2024-01-05,4423.63,3463.07,960.56,Paid,Direct Debit
BILL_004146,P_02344,ADM_04146,2024-07-24,9357.68,6452.99,2904.69,Paid,  Direct Debit  
BILL_004147,P_01263,ADM_04147,2025-02-07,5161.37,4287.9,873.47,paid,Cash
BILL_004148,P_01938,ADM_04148,2025-04-11,11493.92,10628.18,865.74,Paid,Cash
BILL_004149,P_01985,ADM_04149,2024-08-26,9216.39,7442.25,1774.14,Paid,Direct Debit
BILL_004150,P_01985,ADM_04150,2024-09-25,8835.04,6636.24,2198.8,Paid,Direct Debit
BILL_004151,P_00871,ADM_04151,2024-08-23,19135.52,12885.74,6249.78,Paid,  Direct Debit  
BILL_004152,P_02532,ADM_04152,2025-03-16,4989.02,3686.18,1302.84,Paid,Direct Debit
BILL_004153,P_01711,ADM_04153,05/21/2024,10245.02,7218.34,3026.68,Paid,
BILL_004154,P_02765,ADM_04154,2024-09-19,9051.96,5984.54,3067.42,Paid,Direct Debit
BILL_004155,P_00552,ADM_04155,2024-12-18,8011.87,7133.99,877.88,Pending,Direct Debit
BILL_004156,P_03199,ADM_04156,2024-09-04,9051.61,7585.09,1466.52,Pending,Commercial Insurance
BILL_004157,P_03184,ADM_04157,2024-10-15,8104.32,7606.72,497.6,Paid,Credit Card
BILL_004158,P_02054,ADM_04158,2024-07-20,19749.81,13555.74,6194.07,Paid,Cash
BILL_004159,P_01464,ADM_04159,2024-03-18,11212.24,10334.82,877.42,Paid,Direct Debit
BILL_004160,P_02215,ADM_04160,2024-01-17,6876.56,4483.88,2392.68,Paid,Direct Debit
BILL_004161,P_01096,ADM_04161,2024-09-04,6737.34,6051.77,685.57,Paid,credit card
BILL_004162,P_02090,ADM_04162,2024-02-29,5309.91,3762.71,1547.2,Paid,Credit Card
BILL_004163,P_01407,ADM_04163,2024-05-16,5688.93,4173.73,1515.2,Paid,cash
BILL_004164,P_01407,ADM_04164,2024-06-03,14157.73,9266.93,4890.8,Paid,Cash
BILL_004165,P_02547,ADM_04165,2024-07-07,20605.88,14902.35,5703.53,  Paid  ,
BILL_004166,P_02084,ADM_04166,2024-06-01,9352.7,6532.27,2820.43,Paid,Direct Debit
BILL_004167,P_01276,ADM_04167,2024-01-22,6714.91,4737.83,1977.08,Paid,Medicare
BILL_004168,P_03135,ADM_04168,2024-09-04,4146.38,3608.95,537.43,Paid,Cash
BILL_004169,P_02658,ADM_04169,2025-03-15,6787.9,6241.41,546.49,Paid,Credit Card
BILL_004170,P_02656,ADM_04170,2024-04-14,6865.15,5684.22,1180.93,Paid,Credit Card
BILL_004171,P_01491,ADM_04171,2024-07-02,11878.85,8314.17,3564.68,Overdue,Medicare
BILL_004172,P_02355,ADM_04172,2025-04-28,7862.46,6086.55,1775.91,Paid,Cash
BILL_004173,P_02653,ADM_04173,2024-06-07,17968.18,13099.53,4868.65,Paid,Direct Debit
BILL_004174,P_03470,ADM_04174,2025-01-07,10596.19,9041.39,1554.8,Paid,CREDIT CARD
BILL_004175,P_03470,ADM_04175,2025-02-11,14771.52,10119.0,4652.52,Paid,Cash
BILL_004176,P_01809,ADM_04176,2024-06-01,4357.14,4089.8,267.34,Paid,Medicare
BILL_004177,P_03399,ADM_04177,2024-10-10,9475.46,8847.38,628.08,Pending,Direct Debit
BILL_004178,P_02129,ADM_04178,2024-11-08,7067.43,4739.83,2327.6,Paid,Cash
BILL_004179,P_00915,ADM_04179,2024-10-28,17552.83,12058.84,5493.99,Pending,Medicare
BILL_004180,P_00842,ADM_04180,2025-02-05,6629.09,6043.15,585.94,Paid,cash
BILL_004181,P_00842,ADM_04181,2025-02-25,16820.17,15220.68,1599.49,Paid,cash
BILL_004182,P_02072,ADM_04182,2024-02-17,12025.11,8644.6,3380.51,Paid,Medicare
BILL_004183,P_02157,ADM_04183,2025-02-19,8602.9,7358.15,1244.75,Paid,Direct Debit
BILL_004184,P_02157,ADM_04184,2025-03-18,5739.06,3934.25,1804.81,Paid,Medicare
BILL_004185,P_02211,ADM_04185,2024-04-09,7850.42,6565.45,1284.97,Paid,Commercial Insurance
BILL_004186,P_01303,ADM_04186,2025-01-10,9715.03,6401.3,3313.73,Paid,Credit Card
BILL_004187,P_02312,ADM_04187,2024-11-29,9951.16,7867.48,2083.68,Paid,Commercial Insurance
BILL_004188,P_02717,ADM_04188,2024-03-13,6081.16,4119.87,1961.29,Pending,Medicare
BILL_004189,P_02855,ADM_04189,2024-06-09,15942.52,14741.2,1201.32,Paid,Commercial Insurance
BILL_004190,P_02178,ADM_04190,2025-04-28,16036.81,12638.42,3398.39,Paid,cash
BILL_004191,P_01810,ADM_04191,2024-10-25,8884.23,8181.45,702.78,Paid,Medicare
BILL_004192,P_00386,ADM_04192,2024-08-03,7648.12,5980.65,1667.47,Paid,Direct Debit
BILL_004193,P_02124,ADM_04193,08/23/2024,9168.15,6663.9,2504.25,Paid,Cash
BILL_004194,P_02847,ADM_04194,2024-07-08,14224.68,10766.54,3458.14,  Pending  ,Direct Debit
BILL_004195,P_03018,ADM_04195,2025-02-02,11414.12,9693.91,1720.21,Pending,Credit Card
BILL_004196,P_02937,ADM_04196,2024-04-18,12601.68,9238.39,3363.29,  Paid  ,Credit Card
BILL_004197,P_00229,ADM_04197,2024-05-30,7320.62,6188.75,1131.87,Paid,Direct Debit
BILL_004198,P_03137,ADM_04198,2024-04-05,6771.55,5175.25,1596.3,Paid,Direct Debit
BILL_004199,P_03137,ADM_04199,2024-04-14,5223.01,3733.13,1489.88,Paid,Credit Card
BILL_004200,P_03209,ADM_04200,03-11-2024,5114.96,4284.87,830.09,Paid,Commercial Insurance
BILL_004201,P_03209,ADM_04201,2024-12-05,12385.75,10754.82,1630.93,Paid,Medicare
BILL_004202,P_00631,ADM_04202,2024-02-23,5929.88,4230.86,1699.02,Paid,Direct Debit
BILL_004203,P_00137,ADM_04203,2024-09-29,8872.08,7789.02,1083.06,  Paid  ,CREDIT CARD
BILL_004204,P_00137,ADM_04204,2024-10-25,7243.55,6531.07,712.48,Paid,Cash
BILL_004205,P_01985,ADM_04205,2024-04-30,4355.31,4057.22,298.09,Paid,Credit Card
BILL_004206,P_01985,ADM_04206,2024-05-22,13611.64,10392.11,3219.53,Paid,Direct Debit
BILL_004207,P_00744,ADM_04207,2025-05-14,5378.01,5028.38,349.63,Paid,Cash
BILL_004208,P_01631,ADM_04208,2024-02-09,4671.73,3827.35,844.38,Paid,Commercial Insurance
BILL_004209,P_03297,ADM_04209,2024-12-08,5320.29,4956.53,363.76,Paid,Cash
BILL_004210,P_01355,ADM_04210,2024-02-20,5178.93,4551.64,627.29,Paid,Medicare
BILL_004211,P_01102,ADM_04211,2025-05-07,19128.17,14950.77,4177.4,Paid,Credit Card
BILL_004212,P_01102,ADM_04212,2025-05-25,14755.57,13569.11,1186.46,  Overdue  ,Commercial Insurance
BILL_004213,P_01562,ADM_04213,2024-07-12,9332.52,6160.13,3172.39,Paid,Cash
BILL_004214,P_02196,ADM_04214,2024-03-30,8393.03,7517.28,875.75,Pending,
BILL_004215,P_00581,ADM_04215,2024-06-25,14409.59,13479.06,930.53,Paid,Cash
BILL_004216,P_00691,ADM_04216,2024-01-24,11280.66,8279.7,3000.96,Paid,Medicare
BILL_004217,P_01476,ADM_04217,2024-01-27,9341.9,7134.67,2207.23,Overdue,Cash
BILL_004218,P_00475,ADM_04218,2024-11-13,7121.6,5404.4,1717.2,Paid,Medicare
BILL_004219,P_02175,ADM_04219,2024-03-12,5932.96,4552.33,1380.63,Paid,Medicare
BILL_004220,P_00805,ADM_04220,2024-01-29,5994.7,5070.61,924.09,Paid,Direct Debit
BILL_004221,P_01716,ADM_04221,2025-02-14,11146.35,9648.42,1497.93,Pending,Commercial Insurance
BILL_004222,P_00897,ADM_04222,2024-07-09,7308.31,6421.24,887.07,Paid,Direct Debit
BILL_004223,P_01519,ADM_04223,2024-10-16,10625.01,8439.8,2185.21,paid,Direct Debit
BILL_004224,P_01519,ADM_04224,2024-10-29,6617.13,5479.76,1137.37,Pending,Credit Card
BILL_004225,P_02310,ADM_04225,2024-06-05,9676.39,7948.75,1727.64,Paid,Commercial Insurance
BILL_004226,P_00174,ADM_04226,2025-03-27,10236.53,7460.59,2775.94,Paid,Cash
BILL_004227,P_00855,ADM_04227,2025-04-12,8790.77,7331.37,1459.4,Paid,
BILL_004228,P_00516,ADM_04228,2024-11-22,8233.22,7058.09,1175.13,Pending,Medicare
BILL_004229,P_00516,ADM_04229,2024-12-10,14106.42,9710.13,4396.29,Paid,Direct Debit
BILL_004230,P_01517,ADM_04230,2024-03-02,19882.21,18661.39,1220.82,Paid,Direct Debit
BILL_004231,P_01690,ADM_04231,2024-06-29,6794.7,6178.78,615.92,Paid,Credit Card
BILL_004232,P_02507,ADM_04232,2024-11-29,6706.35,6151.0,555.35,paid,Credit Card
BILL_004233,P_02420,ADM_04233,2025-03-26,13231.4,12228.29,1003.11,Paid,Cash
BILL_004234,P_02420,ADM_04234,2025-04-14,17397.15,14928.0,2469.15,Paid,Cash
BILL_004235,P_00745,ADM_04235,2024-05-15,15178.84,11852.87,3325.97,Paid,Direct Debit
BILL_004236,P_02828,ADM_04236,2024-10-28,20643.93,15949.83,4694.1,Pending,Direct Debit
BILL_004237,P_03493,ADM_04237,2024-08-31,6223.39,4058.36,2165.03,Pending,Credit Card
BILL_004238,P_01009,ADM_04238,2025-01-30,14504.16,10606.39,3897.77,Paid,Cash
BILL_004239,P_02752,ADM_04239,2025-03-14,14135.23,12300.22,1835.01,Paid,Credit Card
BILL_004240,P_00203,ADM_04240,2024-10-09,5765.17,5326.74,438.43,Pending,Commercial Insurance
BILL_004241,P_00886,ADM_04241,2024-10-14,6659.81,5856.85,802.96,Paid,Commercial Insurance
BILL_004242,P_01105,ADM_04242,2025-01-02,4010.44,2752.57,1257.87,Paid,Commercial Insurance
BILL_004243,P_01352,ADM_04243,2024-03-15,10911.46,10287.0,624.46,Paid,Cash
BILL_004244,P_00700,ADM_04244,2024-05-09,13601.49,12587.97,1013.52,Paid,Direct Debit
BILL_004245,P_00229,ADM_04245,2024-01-17,8132.58,5349.31,2783.27,Pending,Medicare
BILL_004246,P_00702,ADM_04246,12/06/2024,7012.25,6275.93,736.32,Paid,Credit Card
BILL_004247,P_01364,ADM_04247,2024-11-26,5710.15,4437.34,1272.81,paid,Medicare
BILL_004248,P_02926,ADM_04248,2024-06-24,6711.5,5050.55,1660.95,Paid,Direct Debit
BILL_004249,P_01560,ADM_04249,2024-11-27,15033.27,10663.96,4369.31,Paid,Credit Card
BILL_004250,P_02411,ADM_04250,2025-04-11,12382.29,8900.13,3482.16,Paid,Credit Card
BILL_004251,P_03012,ADM_04251,2025-02-14,3866.31,2895.02,971.29,Paid,Cash
BILL_004252,P_02202,ADM_04252,2025-03-29,12931.0,9886.01,3044.99,Paid,Cash
BILL_004253,P_00883,ADM_04253,2024-02-10,7108.68,4968.16,2140.52,Paid,Direct Debit
BILL_004254,P_00002,ADM_04254,2024-01-28,16585.11,15220.9,1364.21,Paid,
BILL_004255,P_00973,ADM_04255,2024-02-04,12586.51,9207.7,3378.81,  Paid  ,Cash
BILL_004256,P_00973,ADM_04256,2024/02/23 00:00:00,9047.36,8152.94,894.42,Paid,Direct Debit
BILL_004257,P_01925,ADM_04257,2024-08-07,10590.09,8202.29,2387.8,Pending,Commercial Insurance
BILL_004258,P_03198,ADM_04258,2024-08-12,7587.45,5220.22,2367.23,Paid,Cash
BILL_004259,P_02739,ADM_04259,2024-10-23,10419.37,7136.87,3282.5,Paid,Medicare
BILL_004260,P_00801,ADM_04260,2025-01-10,8519.01,6225.77,2293.24,Paid,Cash
BILL_004261,P_02059,ADM_04261,2024-02-08,16301.04,12925.07,3375.97,Paid,Cash
BILL_004262,P_00679,ADM_04262,2024-03-26,6591.46,6050.21,541.25,Paid,Credit Card
BILL_004263,P_02139,ADM_04263,2024-04-17,12520.56,10108.04,2412.52,Paid,Credit Card
BILL_004264,P_02957,ADM_04264,2024-04-28,12358.53,8433.04,3925.49,Paid,Cash
BILL_004265,P_00593,ADM_04265,2024-12-17,5938.32,4282.36,1655.96,Pending,CASH
BILL_004266,P_01194,ADM_04266,2025-03-31,15390.51,14218.11,1172.4,Paid,Commercial Insurance
BILL_004267,P_01226,ADM_04267,2024-04-03,14074.25,9934.47,4139.78,Pending,Medicare
BILL_004268,P_01226,ADM_04268,2024-04-14,7166.52,5461.17,1705.35,Paid,Cash
BILL_004269,P_03322,ADM_04269,2024-07-23,9716.68,7922.47,1794.21,Overdue,Direct Debit
BILL_004270,P_03376,ADM_04270,2024-05-01,18776.22,12950.93,5825.29,Paid,Commercial Insurance
BILL_004271,P_02857,ADM_04271,2024-01-26,17924.46,15219.72,2704.74,Pending,
BILL_004272,P_02514,ADM_04272,2024-04-12,4928.19,4620.94,307.25,Pending,Credit Card
BILL_004273,P_01444,ADM_04273,2025-03-21,9345.47,6544.64,2800.83,Overdue,Cash
BILL_004274,P_00960,ADM_04274,2025-01-08,14654.59,11108.49,3546.1,Overdue,Cash
BILL_004275,P_02386,ADM_04275,2025-02-10,7831.47,5500.85,2330.62,Paid,Credit Card
BILL_004276,P_02497,ADM_04276,2024-06-30,15991.06,15079.79,911.27,PAID,credit card
BILL_004277,P_03050,ADM_04277,2024-06-26,7243.58,6064.56,1179.02,Paid,
BILL_004278,P_03050,ADM_04278,2024-07-26,6884.7,5100.18,1784.52,PAID,CASH
BILL_004279,P_01415,ADM_04279,2024-03-10,5766.77,3832.77,1934.0,Pending,Commercial Insurance
BILL_004280,P_00783,ADM_04280,2024-01-06,8043.25,5627.86,2415.39,Paid,Cash
BILL_004281,P_00287,ADM_04281,2024-08-16,12952.93,9317.79,3635.14,Paid,Cash
BILL_004282,P_01221,ADM_04282,2024-12-16,7389.31,5456.78,1932.53,pending,Medicare
BILL_004283,P_00689,ADM_04283,2024-02-24,6608.07,4850.23,1757.84,Pending,Credit Card
BILL_004284,P_02648,ADM_04284,2025-03-26,8693.11,5807.98,2885.13,Pending,Credit Card
BILL_004285,P_01561,ADM_04285,2024-03-13,5369.01,5059.14,309.87,Pending,Commercial Insurance
BILL_004286,P_02706,ADM_04286,2025-01-25,10818.99,7208.11,3610.88,Pending,Medicare
BILL_004287,P_02799,ADM_04287,2025-02-19,9431.83,6232.71,3199.12,Paid,Credit Card
BILL_004288,P_02564,ADM_04288,02/21/2025,16180.75,15210.53,970.22,Paid,Cash
BILL_004289,P_03074,ADM_04289,2024-07-02,6295.12,5285.64,1009.48,Paid,Direct Debit
BILL_004290,P_00586,ADM_04290,2024-12-08,11810.42,8892.59,2917.83,Paid,Medicare
BILL_004291,P_02079,ADM_04291,2025-02-11,8849.59,7894.28,955.31,Paid,Credit Card
BILL_004292,P_00203,ADM_04292,2024-10-22,6747.74,5295.88,1451.86,Paid,Medicare
BILL_004293,P_00821,ADM_04293,2025-03-01,11320.51,10053.52,1266.99,Paid,MEDICARE
BILL_004294,P_03112,ADM_04294,2025-05-21,14373.91,11635.38,2738.53,Paid,Medicare
BILL_004295,P_01109,ADM_04295,2024-03-19,12298.91,11485.45,813.46,Paid,Commercial Insurance
BILL_004296,P_00904,ADM_04296,2025-03-24,11254.01,10461.46,792.55,Paid,Cash
BILL_004297,P_03446,ADM_04297,2024-09-07,10421.95,9162.59,1259.36,Paid,Commercial Insurance
BILL_004298,P_02914,ADM_04298,2024-04-10,8488.07,6525.28,1962.79,Paid,
BILL_004299,P_01373,ADM_04299,2024-10-07,13201.59,11627.63,1573.96,Paid,
BILL_004300,P_03020,ADM_04300,2024-05-12,15161.75,10592.34,4569.41,Paid,credit card
BILL_004301,P_00764,ADM_04301,2024-07-12,13363.87,12522.28,841.59,Paid,Credit Card
BILL_004302,P_01130,ADM_04302,2024-08-18,7383.08,6166.84,1216.24,Paid,Commercial Insurance
BILL_004303,P_01782,ADM_04303,2024-12-02,6438.88,5294.13,1144.75,Paid,Commercial Insurance
BILL_004304,P_01782,ADM_04304,2025-01-04,21354.21,17609.4,3744.81,Paid,Direct Debit
BILL_004305,P_00954,ADM_04305,2024-09-04,16123.56,14276.11,1847.45,Paid,Commercial Insurance
BILL_004306,P_00954,ADM_04306,2024-10-09,23237.15,16305.22,6931.93,Paid,Medicare
BILL_004307,P_02998,ADM_04307,2025-01-19,22534.0,20546.67,1987.33,Paid,Direct Debit
BILL_004308,P_01188,ADM_04308,02/02/2025,9083.66,6396.15,2687.51,Paid,Commercial Insurance
BILL_004309,P_01218,ADM_04309,2024-02-29,10190.86,8327.14,1863.72,Overdue,Credit Card
BILL_004310,P_02935,ADM_04310,2024-12-08,18800.29,13825.97,4974.32,Paid,Cash
BILL_004311,P_00285,ADM_04311,2024-12-06,8422.08,7471.01,951.07,Paid,Credit Card
BILL_004312,P_00695,ADM_04312,2024-12-24,14334.8,9566.62,4768.18,Paid,Cash
BILL_004313,P_02335,ADM_04313,2024-01-24,20784.85,17830.82,2954.03,Paid,Direct Debit
BILL_004314,P_01697,ADM_04314,2024-01-31,6036.32,5225.8,810.52,paid,Credit Card
BILL_004315,P_00242,ADM_04315,2024-01-25,6656.99,4816.67,1840.32,Pending,Direct Debit
BILL_004316,P_00242,ADM_04316,2024-02-07,15913.78,11983.78,3930.0,Paid,Direct Debit
BILL_004317,P_01426,ADM_04317,2025-02-11,8697.24,5823.66,2873.58,Paid,Direct Debit
BILL_004318,P_02139,ADM_04318,2024-08-26,8536.03,6858.5,1677.53,Paid,DIRECT DEBIT
BILL_004319,P_00064,ADM_04319,2024-08-19,8779.81,5946.32,2833.49,Pending,Cash
BILL_004320,P_01095,ADM_04320,2024-05-23,11920.45,10971.07,949.38,Paid,Medicare
BILL_004321,P_01361,ADM_04321,2024-01-14,8053.83,6198.85,1854.98,Paid,Commercial Insurance
BILL_004322,P_00539,ADM_04322,2024-09-02,8222.24,6250.13,1972.11,PAID,Commercial Insurance
BILL_004323,P_03189,ADM_04323,2024-10-05,5438.41,4968.46,469.95,Paid,Direct Debit
BILL_004324,P_00501,ADM_04324,2024-02-14,6120.0,5607.5,512.5,Paid,
BILL_004325,P_02970,ADM_04325,2025-03-14,9348.91,8352.07,996.84,Pending,Direct Debit
BILL_004326,P_02525,ADM_04326,2024-05-15,3314.97,2999.68,315.29,Paid,Medicare
BILL_004327,P_01728,ADM_04327,2024-01-09,5305.99,3802.64,1503.35,Paid,Medicare
BILL_004328,P_01728,ADM_04328,2024-01-29,17436.96,14169.36,3267.6,Paid,Medicare
BILL_004329,P_00883,ADM_04329,2025-03-16,11945.56,9257.17,2688.39,Paid,Medicare
BILL_004330,P_00305,ADM_04330,2024-03-25,19453.29,15329.41,4123.88,Paid,Cash
BILL_004331,P_00131,ADM_04331,2024-12-03,15474.71,13311.33,2163.38,Paid,Credit Card
BILL_004332,P_01232,ADM_04332,2024-10-11,8544.43,7072.48,1471.95,Pending,Medicare
BILL_004333,P_01756,ADM_04333,2024-03-11,12174.98,9876.81,2298.17,Paid,Direct Debit
BILL_004334,P_00962,ADM_04334,2024-01-25,12177.86,11211.31,966.55,paid,Cash
BILL_004335,P_02386,ADM_04335,2024-10-24,9558.57,6998.28,2560.29,Paid,Cash
BILL_004336,P_02420,ADM_04336,2025-05-03,8475.65,6052.13,2423.52,  Paid  ,Credit Card
BILL_004337,P_02420,ADM_04337,2025-06-05,9366.53,6296.56,3069.97,Paid,Cash
BILL_004338,P_02504,ADM_04338,2024-03-04,7493.3,6988.95,504.35,Pending,Medicare
BILL_004339,P_02504,ADM_04339,2024-04-04,13491.58,9180.44,4311.14,Paid,Credit Card
BILL_004340,P_03242,ADM_04340,2024-03-14,8050.56,5535.26,2515.3,Paid,Cash
BILL_004341,P_00757,ADM_04341,2024-09-27,10104.98,8616.59,1488.39,Paid,Credit Card
BILL_004342,P_00315,ADM_04342,2025-01-05,14126.63,10852.7,3273.93,Paid,Direct Debit
BILL_004343,P_00615,ADM_04343,2024-05-21,10055.41,9056.8,998.61,paid,Commercial Insurance
BILL_004344,P_00609,ADM_04344,2024-08-10,8435.55,7010.56,1424.99,Paid,Credit Card
BILL_004345,P_02182,ADM_04345,2024-11-22,10448.19,9894.27,553.92,Paid,Cash
BILL_004346,P_02248,ADM_04346,2025-03-29,11274.22,7687.38,3586.84,Paid,Commercial Insurance
BILL_004347,P_03138,ADM_04347,2024-10-20,6314.39,4341.32,1973.07,  Paid  ,Cash
BILL_004348,P_01919,ADM_04348,2025-02-27,6497.67,4437.26,2060.41,Paid,Commercial Insurance
BILL_004349,P_02019,ADM_04349,2024-09-21,23432.58,17346.47,6086.11,  Paid  ,credit card
BILL_004350,P_01866,ADM_04350,2024-09-25,23295.61,20412.59,2883.02,Paid,Commercial Insurance
BILL_004351,P_00552,ADM_04351,2025-05-09,7748.58,5248.32,2500.26,Paid,Direct Debit
BILL_004352,P_02593,ADM_04352,2024-02-16,8573.67,6673.05,1900.62,pending,Credit Card
BILL_004353,P_02593,ADM_04353,2024-03-21,16378.89,10776.28,5602.61,Pending,credit card
BILL_004354,P_01456,ADM_04354,2024-10-28,10885.23,9378.42,1506.81,Paid,Credit Card
BILL_004355,P_01456,ADM_04355,2024-11-17,6018.24,5470.39,547.85,Paid,Credit Card
BILL_004356,P_00344,ADM_04356,2024-11-28,7759.15,6626.33,1132.82,Paid,Cash
BILL_004357,P_00619,ADM_04357,2025-02-20,3292.04,2160.12,1131.92,Paid,Cash
BILL_004358,P_00576,ADM_04358,2024-12-01,14221.75,11921.77,2299.98,Overdue,
BILL_004359,P_02794,ADM_04359,2025-04-16,5211.34,4932.67,278.67,Paid,Commercial Insurance
BILL_004360,P_00359,ADM_04360,2024-10-13,8797.6,8049.26,748.34,Paid,Direct Debit
BILL_004361,P_00111,ADM_04361,2024-04-09,9791.1,8904.65,886.45,Overdue,Direct Debit
BILL_004362,P_01602,ADM_04362,2024-04-27,13800.36,11649.22,2151.14,Paid,Commercial Insurance
BILL_004363,P_01710,ADM_04363,2025-04-09,14018.34,9589.1,4429.24,Paid,Cash
BILL_004364,P_01710,ADM_04364,2025-05-08,37616.45,25207.34,12409.11,Paid,Medicare
BILL_004365,P_01603,ADM_04365,2025-01-10,38046.89,25172.39,12874.5,Paid,Commercial Insurance
BILL_004366,P_00036,ADM_04366,2024-07-04,8767.63,7061.36,1706.27,  Paid  ,Direct Debit
BILL_004367,P_00036,ADM_04367,2024-08-07,11967.32,7864.9,4102.42,Paid,Cash
BILL_004368,P_00200,ADM_04368,2024-02-03,14022.22,10923.66,3098.56,Paid,Medicare
BILL_004369,P_00200,ADM_04369,2024-02-20,8187.2,7308.05,879.15,Paid,Cash
BILL_004370,P_02834,ADM_04370,2025-01-28,8516.63,5874.55,2642.08,Overdue,Credit Card
BILL_004371,P_01766,ADM_04371,2024-06-13,7672.03,5770.92,1901.11,Paid,Cash
BILL_004372,P_01180,ADM_04372,2025-03-14,9893.82,9161.97,731.85,Pending,CASH
BILL_004373,P_01180,ADM_04373,2025-04-05,19593.73,17732.06,1861.67,paid,Cash
BILL_004374,P_02864,ADM_04374,2024-11-05,8861.37,5813.22,3048.15,Paid,Commercial Insurance
BILL_004375,P_00174,ADM_04375,2024-07-25,4470.04,4091.06,378.98,Paid,Cash
BILL_004376,P_02068,ADM_04376,2025-01-16,5898.56,4953.88,944.68,Paid,Credit Card
BILL_004377,P_02198,ADM_04377,2024-07-31,3308.54,3041.41,267.13,Paid,Commercial Insurance
BILL_004378,P_00971,ADM_04378,2025-03-07,5096.65,3449.64,1647.01,Paid,Cash
BILL_004379,P_02309,ADM_04379,2025-05-15,5020.09,3493.61,1526.48,Pending,Cash
BILL_004380,P_01364,ADM_04380,2024-01-15,6068.43,5020.37,1048.06,Paid,Credit Card
BILL_004381,P_00167,ADM_04381,2024-04-12,15006.88,11449.83,3557.05,Paid,Medicare
BILL_004382,P_00816,ADM_04382,2024-06-21,5205.04,3410.49,1794.55,Pending,Direct Debit
BILL_004383,P_02724,ADM_04383,2025-04-07,9024.52,8318.02,706.5,Paid,Cash
BILL_004384,P_02206,ADM_04384,2025-03-01,7015.07,5645.64,1369.43,Paid,  Direct Debit  
BILL_004385,P_02389,ADM_04385,04/24/2024,9654.91,8790.45,864.46,paid,Cash
BILL_004386,P_02389,ADM_04386,2024-05-16,11531.47,7887.4,3644.07,Paid,Direct Debit
BILL_004387,P_01621,ADM_04387,2025-05-06,9170.6,6906.13,2264.47,Paid,Direct Debit
BILL_004388,P_01332,ADM_04388,2025-04-04,10922.27,7765.33,3156.94,Paid,Direct Debit
BILL_004389,P_02023,ADM_04389,2024-04-17,7077.28,6694.7,382.58,Paid,cash
BILL_004390,P_02123,ADM_04390,2024-03-31,5269.59,3498.91,1770.68,Paid,Medicare
BILL_004391,P_03386,ADM_04391,2024-04-19,7099.5,4672.99,2426.51,Paid,Cash
BILL_004392,P_00474,ADM_04392,2024/05/13 00:00:00,14490.92,12255.43,2235.49,Pending,Credit Card
BILL_004393,P_02060,ADM_04393,2025-03-18,17963.34,16305.96,1657.38,Paid,Credit Card
BILL_004394,P_03148,ADM_04394,2024-01-13,14733.4,12383.46,2349.94,Paid,CASH
BILL_004395,P_01901,ADM_04395,2024-09-09,5880.67,3899.51,1981.16,Paid,Cash
BILL_004396,P_01449,ADM_04396,2025-04-07,18390.17,16186.27,2203.9,Paid,Cash
BILL_004397,P_02043,ADM_04397,2024-05-16,9137.13,6004.01,3133.12,Paid,Commercial Insurance
BILL_004398,P_01150,ADM_04398,2025-02-10,10260.65,9516.28,744.37,Paid,  Direct Debit  
BILL_004399,P_01633,ADM_04399,2024-08-15,9532.57,8181.25,1351.32,Paid,Medicare
BILL_004400,P_00692,ADM_04400,2024-12-21,5464.67,5127.31,337.36,Paid,Medicare
BILL_004401,P_00429,ADM_04401,2024-06-27,10456.16,9077.9,1378.26,Paid,Cash
BILL_004402,P_00694,ADM_04402,2024-01-19,13167.55,12132.15,1035.4,Pending,Credit Card
BILL_004403,P_01239,ADM_04403,2024-07-02,4513.21,3941.22,571.99,PAID,Direct Debit
BILL_004404,P_01239,ADM_04404,2024-08-08,43858.69,31763.4,12095.29,Paid,Direct Debit
BILL_004405,P_01299,ADM_04405,2024-10-04,3236.47,2853.84,382.63,Paid,Direct Debit
BILL_004406,P_02560,ADM_04406,2025-04-09,9335.47,8278.44,1057.03,Paid,Medicare
BILL_004407,P_01843,ADM_04407,2024-07-01,6021.65,4318.35,1703.3,Paid,Commercial Insurance
BILL_004408,P_01843,ADM_04408,2024-07-17,10789.6,7707.53,3082.07,Paid,Credit Card
BILL_004409,P_02217,ADM_04409,2024-10-19,12295.94,9635.1,2660.84,PAID,Direct Debit
BILL_004410,P_01245,ADM_04410,2024-05-17,18550.37,15111.15,3439.22,Paid,Cash
BILL_004411,P_02743,ADM_04411,2025-04-14,11074.96,7297.92,3777.04,Pending,Cash
BILL_004412,P_00152,ADM_04412,2025-05-15,7541.0,5609.01,1931.99,Paid,Cash
BILL_004413,P_01391,ADM_04413,2025-02-04,5271.44,3527.25,1744.19,Pending,Commercial Insurance
BILL_004414,P_01391,ADM_04414,2025-02-25,19803.38,17838.81,1964.57,Pending,Credit Card
BILL_004415,P_02166,ADM_04415,2024-12-12,25386.46,16730.16,8656.3,Paid,Commercial Insurance
BILL_004416,P_00054,ADM_04416,2024-05-31,9090.68,6408.82,2681.86,Paid,Credit Card
BILL_004417,P_02201,ADM_04417,2024-03-25,10908.84,9600.07,1308.77,Overdue,Cash
BILL_004418,P_00322,ADM_04418,2024-02-08,7956.38,6251.91,1704.47,Paid,Cash
BILL_004419,P_00322,ADM_04419,2024-03-17,18203.42,14012.65,4190.77,Paid,Medicare
BILL_004420,P_02015,ADM_04420,2025-01-19,15257.85,11467.91,3789.94,Paid,Cash
BILL_004421,P_01675,ADM_04421,2024-02-19,9005.08,6628.16,2376.92,Paid,Medicare
BILL_004422,P_01300,ADM_04422,2025-04-08,13577.03,9417.66,4159.37,Paid,Credit Card
BILL_004423,P_02891,ADM_04423,2024-03-13,15281.09,12377.9,2903.19,Paid,Cash
BILL_004424,P_02891,ADM_04424,2024-04-15,9907.85,7572.28,2335.57,  Paid  ,Credit Card
BILL_004425,P_00896,ADM_04425,2025-02-27,8173.0,6898.4,1274.6,Paid,Medicare
BILL_004426,P_00171,ADM_04426,2025-01-07,7654.76,5691.29,1963.47,Paid,Commercial Insurance
BILL_004427,P_00953,ADM_04427,2024-10-15,18809.26,12865.47,5943.79,Paid,Medicare
BILL_004428,P_00953,ADM_04428,2024-10-30,6956.68,4742.65,2214.03,Overdue,Medicare
BILL_004429,P_01598,ADM_04429,2025-01-24,7152.24,5274.46,1877.78,Paid,Commercial Insurance
BILL_004430,P_01206,ADM_04430,2024-10-02,8377.3,6188.44,2188.86,Paid,Cash
BILL_004431,P_02913,ADM_04431,21-02-2025,14342.2,12134.31,2207.89,paid,Direct Debit
BILL_004432,P_02913,ADM_04432,2025-03-10,14089.37,11732.9,2356.47,Paid,Commercial Insurance
BILL_004433,P_00315,ADM_04433,2024-12-08,8507.16,6547.24,1959.92,Paid,Direct Debit
BILL_004434,P_01910,ADM_04434,2025-02-17,14049.6,10063.64,3985.96,Paid,direct debit
BILL_004435,P_01194,ADM_04435,2024-12-28,13370.15,11849.14,1521.01,paid,Medicare
BILL_004436,P_00311,ADM_04436,2024-02-09,15237.76,11697.91,3539.85,Paid,  Credit Card  
BILL_004437,P_00926,ADM_04437,2025-04-25,8685.37,7727.7,957.67,Paid,Medicare
BILL_004438,P_00926,ADM_04438,2025-05-18,7790.07,6656.58,1133.49,Paid,Credit Card
BILL_004439,P_02470,ADM_04439,07/09/2024,23787.24,15538.75,8248.49,Pending,Medicare
BILL_004440,P_00817,ADM_04440,2024-10-18,11669.65,7999.56,3670.09,Paid,  Medicare  
BILL_004441,P_03084,ADM_04441,2024-03-18,5526.78,4984.27,542.51,Paid,Cash
BILL_004442,P_00911,ADM_04442,2025-03-12,11199.1,9235.46,1963.64,Paid,Commercial Insurance
BILL_004443,P_00911,ADM_04443,2025-04-10,12053.65,9591.56,2462.09,Pending,Credit Card
BILL_004444,P_02664,ADM_04444,2024-08-23,14869.81,11925.15,2944.66,Paid,Credit Card
BILL_004445,P_01364,ADM_04445,2024/01/07 00:00:00,8324.78,7772.74,552.04,Paid,Commercial Insurance
BILL_004446,P_03072,ADM_04446,2024-09-08,9375.94,7100.8,2275.14,Paid,Cash
BILL_004447,P_03353,ADM_04447,2025-01-08,11091.93,7695.77,3396.16,Overdue,Direct Debit
BILL_004448,P_01853,ADM_04448,2024-04-25,10532.57,8174.47,2358.1,Paid,Cash
BILL_004449,P_01038,ADM_04449,2024-05-27,6941.04,5454.18,1486.86,  Paid  ,Cash
BILL_004450,P_01038,ADM_04450,2024-06-16,9251.08,7898.27,1352.81,Pending,
BILL_004451,P_00918,ADM_04451,2024-11-14,7096.36,5921.77,1174.59,Pending,Credit Card
BILL_004452,P_02627,ADM_04452,2024-09-29,21675.1,15917.61,5757.49,Paid,
BILL_004453,P_02627,ADM_04453,2024-11-03,12923.27,9726.25,3197.02,Paid,Direct Debit
BILL_004454,P_02673,ADM_04454,2024-08-03,5261.04,4294.36,966.68,Paid,Direct Debit
BILL_004455,P_02161,ADM_04455,2024-12-25,7478.11,5294.78,2183.33,Paid,Direct Debit
BILL_004456,P_01942,ADM_04456,2024/02/02 00:00:00,5508.78,5012.46,496.32,Paid,Commercial Insurance
BILL_004457,P_01602,ADM_04457,2024-02-15,12442.46,8636.92,3805.54,Paid,Credit Card
BILL_004458,P_02440,ADM_04458,2024-06-09,9492.28,8719.83,772.45,Paid,CASH
BILL_004459,P_03381,ADM_04459,2024-03-29,20053.09,14521.08,5532.01,  Paid  ,Cash
BILL_004460,P_00829,ADM_04460,23-04-2025,10376.25,9310.66,1065.59,Pending,Cash
BILL_004461,P_00518,ADM_04461,2024-10-05,25367.0,22121.84,3245.16,Paid,Direct Debit
BILL_004462,P_01941,ADM_04462,2024-09-06,10686.08,9423.89,1262.19,Paid,UNKNOWN_VAL
BILL_004463,P_00920,ADM_04463,2025-05-08,28998.6,25182.77,3815.83,PAID,  Medicare  
BILL_004464,P_01412,ADM_04464,2025-04-02,10106.84,8490.5,1616.34,Pending,Direct Debit
BILL_004465,P_00027,ADM_04465,2024-10-03,6715.91,5000.87,1715.04,Paid,Direct Debit
BILL_004466,P_01459,ADM_04466,2025-05-15,9457.83,7979.85,1477.98,Overdue,Cash
BILL_004467,P_02735,ADM_04467,2024-09-09,13565.72,12177.25,1388.47,  Paid  ,Commercial Insurance
BILL_004468,P_03120,ADM_04468,2024-06-25,4153.92,3113.0,1040.92,Pending,Cash
BILL_004469,P_02393,ADM_04469,2025-01-27,13112.2,10011.02,3101.18,Paid,Direct Debit
BILL_004470,P_01839,ADM_04470,2024-11-17,8958.55,8167.65,790.9,Pending,Medicare
BILL_004471,P_01223,ADM_04471,2024-04-05,8210.4,6889.94,1320.46,PAID,Medicare
BILL_004472,P_01795,ADM_04472,2024-06-23,10217.54,9039.65,1177.89,Paid,Credit Card
BILL_004473,P_01630,ADM_04473,2024-09-19,8588.59,6439.58,2149.01,Paid,Medicare
BILL_004474,P_02710,ADM_04474,2024-02-09,10060.87,9192.44,868.43,Paid,Credit Card
BILL_004475,P_01578,ADM_04475,2024-03-28,6241.91,4587.38,1654.53,Paid,  Direct Debit  
BILL_004476,P_01578,ADM_04476,2024-04-20,8647.12,5916.54,2730.58,Pending,Commercial Insurance
BILL_004477,P_02961,ADM_04477,2025-03-26,16144.33,14817.81,1326.52,Paid,Cash
BILL_004478,P_01447,ADM_04478,2024-05-07,17073.02,15881.1,1191.92,paid,Direct Debit
BILL_004479,P_01092,ADM_04479,2024-01-20,13301.41,9245.09,4056.32,Paid,Cash
BILL_004480,P_02713,ADM_04480,10-04-2025,11663.0,10350.06,1312.94,Paid,Direct Debit
BILL_004481,P_02713,ADM_04481,2025-04-23,11460.19,8068.55,3391.64,Paid,Medicare
BILL_004482,P_01149,ADM_04482,2024-03-23,8180.19,5396.57,2783.62,Paid,Medicare
BILL_004483,P_03360,ADM_04483,2025-01-29,8638.56,7965.31,673.25,Paid,Cash
BILL_004484,P_02152,ADM_04484,2024-12-29,7874.52,6005.24,1869.28,paid,
BILL_004485,P_02607,ADM_04485,2024-02-01,14353.06,9984.95,4368.11,Paid,Credit Card
BILL_004486,P_03444,ADM_04486,2025-04-28,5839.46,4674.11,1165.35,Paid,CREDIT CARD
BILL_004487,P_01799,ADM_04487,2024-03-02,16643.93,13230.99,3412.94,Paid,Medicare
BILL_004488,P_00793,ADM_04488,2025-02-06,5597.41,4033.71,1563.7,Paid,Credit Card
BILL_004489,P_00793,ADM_04489,2025-03-14,15388.34,12962.79,2425.55,Paid,Cash
BILL_004490,P_01654,ADM_04490,2024-02-09,8994.49,7003.78,1990.71,paid,Direct Debit
BILL_004491,P_01941,ADM_04491,2024-05-03,7531.45,6935.29,596.16,Paid,Commercial Insurance
BILL_004492,P_00259,ADM_04492,2024-01-13,3873.8,3410.77,463.03,Paid,COMMERCIAL INSURANCE
BILL_004493,P_00309,ADM_04493,2024-12-26,13824.85,10478.06,3346.79,Paid,  Credit Card  
BILL_004494,P_03174,ADM_04494,2024-08-10,12345.01,11533.02,811.99,PAID,Medicare
BILL_004495,P_01627,ADM_04495,2025-01-20,28728.31,25222.55,3505.76,paid,Cash
BILL_004496,P_03000,ADM_04496,2024-09-10,19828.94,16428.45,3400.49,Paid,Cash
BILL_004497,P_02058,ADM_04497,2024-04-10,16520.04,11117.74,5402.3,Paid,Medicare
BILL_004498,P_02058,ADM_04498,2024-04-18,4362.76,4012.16,350.6,Paid,Commercial Insurance
BILL_004499,P_02024,ADM_04499,2024-12-02,8531.31,6513.89,2017.42,Paid,Commercial Insurance
BILL_004500,P_01803,ADM_04500,2024-12-19,5593.51,4057.87,1535.64,paid,Direct Debit
BILL_004501,P_00377,ADM_04501,2024-09-23,3510.87,2703.44,807.43,Paid,Direct Debit
BILL_004502,P_00578,ADM_04502,2024-08-25,8104.28,6869.21,1235.07,Paid,Medicare
BILL_004503,P_01293,ADM_04503,2024-11-08,14655.36,10942.4,3712.96,Paid,Medicare
BILL_004504,P_03216,ADM_04504,2024-04-09,8128.63,7198.34,930.29,Paid,Commercial Insurance
BILL_004505,P_01809,ADM_04505,2024-05-09,2929.84,2481.21,448.63,Paid,Direct Debit
BILL_004506,P_01960,ADM_04506,2025-05-11,5829.6,5512.37,317.23,Paid,Medicare
BILL_004507,P_00761,ADM_04507,2025-05-04,9269.24,8117.35,1151.89,Paid,Commercial Insurance
BILL_004508,P_01365,ADM_04508,2024-08-19,9778.68,6885.67,2893.01,Paid,Medicare
BILL_004509,P_01848,ADM_04509,2024-08-15,7053.47,6152.16,901.31,  Paid  ,Medicare
BILL_004510,P_00809,ADM_04510,2024-04-23,13371.59,10420.8,2950.79,Overdue,Direct Debit
BILL_004511,P_01220,ADM_04511,2024-05-08,9358.47,7448.96,1909.51,Paid,Medicare
BILL_004512,P_01213,ADM_04512,2024-07-04,12052.01,9284.07,2767.94,Paid,direct debit
BILL_004513,P_01478,ADM_04513,2024-05-07,7697.33,6124.54,1572.79,Paid,Cash
BILL_004514,P_00717,ADM_04514,2024-01-21,6722.53,5883.8,838.73,Paid,Cash
BILL_004515,P_02860,ADM_04515,2024-08-24,15099.8,13946.86,1152.94,Paid,  Medicare  
BILL_004516,P_01197,ADM_04516,2024-11-02,11297.44,7961.39,3336.05,Paid,Direct Debit
BILL_004517,P_03126,ADM_04517,2024-09-09,18965.71,13086.47,5879.24,Paid,Direct Debit
BILL_004518,P_01967,ADM_04518,2024-07-06,6629.72,5015.16,1614.56,Paid,Credit Card
BILL_004519,P_01967,ADM_04519,2024-07-23,16784.26,15406.93,1377.33,Paid,CASH
BILL_004520,P_00169,ADM_04520,2025-04-08,7887.9,6939.48,948.42,Paid,Direct Debit
BILL_004521,P_00169,ADM_04521,04/27/2025,7107.21,4668.3,2438.91,Paid,Direct Debit
BILL_004522,P_00791,ADM_04522,2025-03-31,15224.58,12117.6,3106.98,Paid,Medicare
BILL_004523,P_03292,ADM_04523,2024-08-15,9860.48,7125.95,2734.53,Paid,Commercial Insurance
BILL_004524,P_01231,ADM_04524,2025-01-08,7429.51,6247.82,1181.69,Paid,Medicare
BILL_004525,P_00480,ADM_04525,2024-12-07,8452.54,7024.4,1428.14,Paid,Commercial Insurance
BILL_004526,P_00542,ADM_04526,19-03-2025,8492.23,6292.0,2200.23,Paid,Medicare
BILL_004527,P_02596,ADM_04527,2024-07-14,4802.46,3444.56,1357.9,Paid,Direct Debit
BILL_004528,P_02596,ADM_04528,2024-08-11,15307.79,13305.29,2002.5,Pending,Direct Debit
BILL_004529,P_00602,ADM_04529,2024-11-10,3509.0,2366.89,1142.11,Paid,Cash
BILL_004530,P_02516,ADM_04530,2024-05-20,7049.01,6083.64,965.37,  Paid  ,Direct Debit
BILL_004531,P_02584,ADM_04531,2024-02-02,15241.61,13028.05,2213.56,Pending,Cash
BILL_004532,P_00695,ADM_04532,23-10-2024,4519.66,4252.43,267.23,paid,Cash
BILL_004533,P_00551,ADM_04533,2024-03-06,35239.87,31299.49,3940.38,Paid,Commercial Insurance
BILL_004534,P_00619,ADM_04534,2024-11-13,8176.61,6103.99,2072.62,Paid,Credit Card
BILL_004535,P_02441,ADM_04535,2024-02-27,8601.44,6396.95,2204.49,Paid,Credit Card
BILL_004536,P_03197,ADM_04536,2024-11-19,8225.31,7030.82,1194.49,paid,Credit Card
BILL_004537,P_03197,ADM_04537,2024-12-13,7880.16,5782.05,2098.11,Paid,Medicare
BILL_004538,P_00250,ADM_04538,2024-09-22,7342.21,4914.07,2428.14,Paid,
BILL_004539,P_02980,ADM_04539,2024-01-12,12900.84,8638.84,4262.0,Paid,Credit Card
BILL_004540,P_02980,ADM_04540,2024-02-06,14966.75,10370.57,4596.18,Paid,Commercial Insurance
BILL_004541,P_00070,ADM_04541,2025-02-19,9812.47,8769.17,1043.3,Paid,Cash
BILL_004542,P_01124,ADM_04542,2025-04-18,5350.66,4965.0,385.66,  Paid  ,Commercial Insurance
BILL_004543,P_02022,ADM_04543,2024-04-15,13881.06,12815.83,1065.23,Paid,Direct Debit
BILL_004544,P_00491,ADM_04544,2024-05-22,10966.19,10148.31,817.88,Pending,Commercial Insurance
BILL_004545,P_02554,ADM_04545,2024-10-28,14008.69,11664.89,2343.8,Paid,Medicare
BILL_004546,P_03013,ADM_04546,2024-11-07,12106.51,8733.7,3372.81,Paid,Commercial Insurance
BILL_004547,P_02546,ADM_04547,2024-11-08,10609.03,8631.48,1977.55,Paid,Cash
BILL_004548,P_02546,ADM_04548,2024-12-08,13671.42,11126.61,2544.81,pending,Direct Debit
BILL_004549,P_01299,ADM_04549,2024-03-13,15162.46,12976.51,2185.95,Paid,Medicare
BILL_004550,P_01240,ADM_04550,2024-12-03,28466.91,21001.51,7465.4,Paid,
BILL_004551,P_02335,ADM_04551,2025-04-05,11576.23,9009.91,2566.32,Paid,Credit Card
BILL_004552,P_02335,ADM_04552,2025-04-16,11151.79,10145.03,1006.76,Pending,CREDIT CARD
BILL_004553,P_00337,ADM_04553,2025-04-05,6209.17,5016.89,1192.28,Paid,Medicare
BILL_004554,P_00337,ADM_04554,2025-05-05,13188.16,9290.83,3897.33,pending,Commercial Insurance
BILL_004555,P_01196,ADM_04555,2024-11-09,4790.76,3934.12,856.64,Paid,Medicare
BILL_004556,P_02684,ADM_04556,2025-04-09,15016.68,14046.03,970.65,Paid,Commercial Insurance
BILL_004557,P_00013,ADM_04557,2024/08/05 00:00:00,14665.25,11669.19,2996.06,Overdue,Cash
BILL_004558,P_01372,ADM_04558,2025-02-18,9103.54,6881.16,2222.38,Paid,Cash
BILL_004559,P_01470,ADM_04559,2024-04-06,8020.38,5323.43,2696.95,Paid,Commercial Insurance
BILL_004560,P_03052,ADM_04560,2025-04-23,6624.82,4510.01,2114.81,Paid,Medicare
BILL_004561,P_02240,ADM_04561,2024-11-29,5943.39,5431.21,512.18,Paid,Credit Card
BILL_004562,P_00072,ADM_04562,2024-11-07,10975.16,7452.6,3522.56,Paid,Medicare
BILL_004563,P_00072,ADM_04563,2024-12-10,20340.99,13638.2,6702.79,Paid,Medicare
BILL_004564,P_01322,ADM_04564,2024-02-23,7110.21,6291.5,818.71,  Paid  ,Cash
BILL_004565,P_01322,ADM_04565,2024-03-22,29368.92,26214.74,3154.18,Paid,Cash
BILL_004566,P_03455,ADM_04566,2025-04-06,12799.7,8875.43,3924.27,Paid,Credit Card
BILL_004567,P_03202,ADM_04567,2024-02-22,2862.7,2501.18,361.52,Paid,Direct Debit
BILL_004568,P_03202,ADM_04568,2024-03-24,14223.13,13328.97,894.16,Paid,Medicare
BILL_004569,P_02568,ADM_04569,2024-05-07,14918.12,13778.15,1139.97,Paid,Direct Debit
BILL_004570,P_02842,ADM_04570,2025-02-27,18751.88,17638.34,1113.54,Pending,Credit Card
BILL_004571,P_00109,ADM_04571,2025-03-23,7045.62,6170.61,875.01,Paid,Medicare
BILL_004572,P_02079,ADM_04572,2024-12-17,9344.3,8022.97,1321.33,Paid,Commercial Insurance
BILL_004573,P_02934,ADM_04573,2024-05-17,7296.95,5069.39,2227.56,Paid,Medicare
BILL_004574,P_00592,ADM_04574,2024-01-12,7256.26,5357.77,1898.49,Paid,Commercial Insurance
BILL_004575,P_02705,ADM_04575,2024-11-05,19016.03,16672.65,2343.38,Paid,Medicare
BILL_004576,P_03227,ADM_04576,2025-03-05,7261.56,6322.14,939.42,Paid,Credit Card
BILL_004577,P_00819,ADM_04577,2025-01-05,7137.89,5112.49,2025.4,Paid,Credit Card
BILL_004578,P_00819,ADM_04578,2025-01-19,9229.86,6781.72,2448.14,Pending,Cash
BILL_004579,P_01932,ADM_04579,2025-01-21,4129.09,2719.79,1409.3,Paid,Medicare
BILL_004580,P_01932,ADM_04580,2025-02-17,14639.65,12169.02,2470.63,Pending,Direct Debit
BILL_004581,P_02322,ADM_04581,2024-10-01,12417.1,10124.82,2292.28,Paid,  Direct Debit  
BILL_004582,P_01033,ADM_04582,2024-08-26,6039.85,5678.54,361.31,Paid,Commercial Insurance
BILL_004583,P_01050,ADM_04583,2025-01-10,8265.47,6837.73,1427.74,Paid,
BILL_004584,P_01122,ADM_04584,2024-06-16,6702.61,5591.56,1111.05,Paid,Medicare
BILL_004585,P_00995,ADM_04585,2024-02-12,10565.95,8458.7,2107.25,Paid,Medicare
BILL_004586,P_01132,ADM_04586,2025-03-02,11507.2,10328.96,1178.24,Paid,DIRECT DEBIT
BILL_004587,P_03158,ADM_04587,2024-12-17,3861.17,2636.68,1224.49,Paid,Commercial Insurance
BILL_004588,P_00425,ADM_04588,2025-03-25,5153.63,4312.12,841.51,Pending,Cash
BILL_004589,P_00678,ADM_04589,2024-06-24,14659.05,11310.02,3349.03,Paid,Commercial Insurance
BILL_004590,P_00599,ADM_04590,2025-03-10,8252.02,7574.55,677.47,Paid,Medicare
BILL_004591,P_00599,ADM_04591,2025-03-22,10021.83,7328.61,2693.22,Paid,Commercial Insurance
BILL_004592,P_02935,ADM_04592,2024-10-18,32827.39,29461.09,3366.3,Pending,Commercial Insurance
BILL_004593,P_00240,ADM_04593,2024-04-14,18182.51,12462.35,5720.16,Paid,direct debit
BILL_004594,P_02412,ADM_04594,2024-02-28,7699.71,6724.26,975.45,Pending,Medicare
BILL_004595,P_02412,ADM_04595,2024-03-22,21362.59,17953.92,3408.67,Paid,Direct Debit
BILL_004596,P_00960,ADM_04596,2024-05-15,15465.17,13634.18,1830.99,Paid,UNKNOWN_VAL
BILL_004597,P_03070,ADM_04597,2025-04-21,2940.19,1916.4,1023.79,Paid,Commercial Insurance
BILL_004598,P_00540,ADM_04598,2024-07-22,11105.38,8330.22,2775.16,Paid,Direct Debit
BILL_004599,P_02309,ADM_04599,2024-09-23,4505.26,3811.8,693.46,Paid,Commercial Insurance
BILL_004600,P_00248,ADM_04600,2024-02-13,10167.78,6688.92,3478.86,Paid,Commercial Insurance
BILL_004601,P_02851,ADM_04601,2024-03-16,20342.79,18794.24,1548.55,Paid,Cash
BILL_004602,P_02851,ADM_04602,2024-04-09,15916.6,11387.08,4529.52,Paid,Medicare
BILL_004603,P_01599,ADM_04603,16-04-2025,12059.71,9029.16,3030.55,Paid,Credit Card
BILL_004604,P_02651,ADM_04604,2024-07-21,6889.49,5172.01,1717.48,Paid,
BILL_004605,P_01259,ADM_04605,2024-07-28,12614.92,10002.75,2612.17,Paid,Medicare
BILL_004606,P_01259,ADM_04606,2024-08-19,9265.06,7442.75,1822.31,Paid,Credit Card
BILL_004607,P_02714,ADM_04607,2024-11-30,11004.44,7592.13,3412.31,Paid,Cash
BILL_004608,P_02761,ADM_04608,2025-02-09,11602.4,7629.03,3973.37,Paid,Direct Debit
BILL_004609,P_01505,ADM_04609,2024-11-17,13713.31,11852.31,1861.0,Overdue,Credit Card
BILL_004610,P_01108,ADM_04610,2024-09-27,4361.57,2875.67,1485.9,PAID,Cash
BILL_004611,P_01628,ADM_04611,2024-06-29,19119.64,16984.88,2134.76,Paid,
BILL_004612,P_00108,ADM_04612,2024-09-11,8597.51,7328.25,1269.26,Paid,Direct Debit
BILL_004613,P_00108,ADM_04613,2024-10-05,34981.26,26887.27,8093.99,Pending,Direct Debit
BILL_004614,P_01527,ADM_04614,2024-02-17,17054.36,12349.9,4704.46,Paid,CREDIT CARD
BILL_004615,P_01527,ADM_04615,2024-03-18,15303.95,13280.19,2023.76,Paid,medicare
BILL_004616,P_03063,ADM_04616,13-07-2024,5726.38,4884.9,841.48,Paid,Cash
BILL_004617,P_02429,ADM_04617,2025-01-05,5568.27,4791.68,776.59,Paid,Credit Card
BILL_004618,P_01738,ADM_04618,2024-05-17,18232.0,13337.72,4894.28,Paid,Credit Card
BILL_004619,P_01983,ADM_04619,2024-03-16,16513.32,14273.91,2239.41,Paid,Cash
BILL_004620,P_02149,ADM_04620,2025-04-23,9387.75,8562.53,825.22,Paid,Direct Debit
BILL_004621,P_00245,ADM_04621,2024-01-16,7196.61,6379.07,817.54,Paid,Credit Card
BILL_004622,P_01880,ADM_04622,2024-07-19,9514.61,6906.35,2608.26,Paid,Credit Card
BILL_004623,P_01000,ADM_04623,2024-03-23,13964.86,11232.18,2732.68,PAID,Cash
BILL_004624,P_02010,ADM_04624,2025-01-28,12632.57,9419.41,3213.16,Pending,Credit Card
BILL_004625,P_01192,ADM_04625,2025-05-11,15631.41,14369.35,1262.06,Paid,Direct Debit
BILL_004626,P_01528,ADM_04626,2024-02-06,8894.66,6337.64,2557.02,Paid,credit card
BILL_004627,P_00900,ADM_04627,2024-01-12,6245.2,4545.32,1699.88,Paid,Commercial Insurance
BILL_004628,P_01738,ADM_04628,2025-03-17,20833.95,14303.13,6530.82,Pending,Medicare
BILL_004629,P_01905,ADM_04629,2024-09-16,5031.85,4326.4,705.45,Paid,Credit Card
BILL_004630,P_03476,ADM_04630,2024-06-24,7236.26,6420.67,815.59,Paid,Medicare
BILL_004631,P_00546,ADM_04631,2025-05-14,7352.95,5777.07,1575.88,Paid,cash
BILL_004632,P_00546,ADM_04632,2025-06-12,6900.18,5652.57,1247.61,Paid,Direct Debit
BILL_004633,P_02308,ADM_04633,2024-07-26,7274.3,6856.45,417.85,Paid,Direct Debit
BILL_004634,P_02391,ADM_04634,2025-05-07,31499.29,23299.91,8199.38,Paid,Medicare
BILL_004635,P_01787,ADM_04635,2024-02-16,17392.61,16013.64,1378.97,Paid,Credit Card
BILL_004636,P_01787,ADM_04636,2024-03-08,9821.95,6519.52,3302.43,Overdue,Medicare
BILL_004637,P_01188,ADM_04637,2024-11-17,7640.2,5788.58,1851.62,Paid,Direct Debit
BILL_004638,P_02895,ADM_04638,2024-04-09,6145.29,5398.09,747.2,Paid,Commercial Insurance
BILL_004639,P_00165,ADM_04639,2024-03-02,9056.09,7479.62,1576.47,Paid,Commercial Insurance
BILL_004640,P_02045,ADM_04640,2024-01-31,9065.66,8240.68,824.98,Pending,Cash
BILL_004641,P_02045,ADM_04641,2024-02-12,12891.32,8750.83,4140.49,Paid,Cash
BILL_004642,P_00271,ADM_04642,2025/04/01 00:00:00,8225.87,5651.42,2574.45,  Paid  ,Medicare
BILL_004643,P_03321,ADM_04643,2025-01-12,8482.05,5600.19,2881.86,Paid,Cash
BILL_004644,P_01513,ADM_04644,2025-01-10,8248.86,7133.55,1115.31,Paid,Credit Card
BILL_004645,P_00567,ADM_04645,2025-01-30,10434.92,9340.36,1094.56,Paid,
BILL_004646,P_00567,ADM_04646,2025-02-24,15925.83,13269.32,2656.51,Paid,Commercial Insurance
BILL_004647,P_00305,ADM_04647,2024-07-31,10624.36,9813.89,810.47,Paid,Commercial Insurance
BILL_004648,P_01932,ADM_04648,2024-12-18,12832.22,11398.77,1433.45,Paid,medicare
BILL_004649,P_01932,ADM_04649,2025-01-16,24241.11,17071.12,7169.99,Paid,Commercial Insurance
BILL_004650,P_00459,ADM_04650,2024-10-06,17248.05,15643.53,1604.52,Paid,  Cash  
BILL_004651,P_00279,ADM_04651,2024-03-06,9277.99,6487.05,2790.94,PAID,Direct Debit
BILL_004652,P_00526,ADM_04652,10/31/2024,11831.62,7739.64,4091.98,Paid,Credit Card
BILL_004653,P_00526,ADM_04653,2024-11-20,8027.46,5876.48,2150.98,Paid,Cash
BILL_004654,P_02113,ADM_04654,2024-01-09,6283.87,4201.18,2082.69,Paid,Credit Card
BILL_004655,P_01652,ADM_04655,2025-01-12,9906.67,6969.34,2937.33,Paid,  Direct Debit  
BILL_004656,P_02203,ADM_04656,2025-01-05,12177.6,9650.7,2526.9,Paid,Medicare
BILL_004657,P_01827,ADM_04657,2025-02-23,8858.79,6996.64,1862.15,Paid,Commercial Insurance
BILL_004658,P_01419,ADM_04658,2024-09-27,12310.37,11328.08,982.29,Paid,Medicare
BILL_004659,P_01883,ADM_04659,2024-02-12,16105.62,14731.21,1374.41,Paid,Credit Card
BILL_004660,P_01883,ADM_04660,2024-03-18,24703.32,17799.86,6903.46,Paid,Direct Debit
BILL_004661,P_01144,ADM_04661,2024-02-01,3096.27,2771.63,324.64,Paid,  Commercial Insurance  
BILL_004662,P_03170,ADM_04662,2024-11-07,5688.22,3908.52,1779.7,PAID,  Medicare  
BILL_004663,P_00947,ADM_04663,2024-11-11,8180.39,7081.56,1098.83,Overdue,
BILL_004664,P_00214,ADM_04664,2024-06-09,5342.68,3897.53,1445.15,Paid,medicare
BILL_004665,P_00214,ADM_04665,2024-06-22,10083.27,7096.0,2987.27,Paid,Direct Debit
BILL_004666,P_02147,ADM_04666,2024-07-30,8287.79,7331.87,955.92,Pending,Direct Debit
BILL_004667,P_02937,ADM_04667,2024-12-01,11053.71,8526.7,2527.01,Paid,Commercial Insurance
BILL_004668,P_01181,ADM_04668,2024-08-04,7477.27,6148.6,1328.67,Paid,Direct Debit
BILL_004669,P_01536,ADM_04669,2024-08-27,5973.74,4420.7,1553.04,Paid,Medicare
BILL_004670,P_01536,ADM_04670,2024-09-26,13874.53,10504.32,3370.21,Pending,Medicare
BILL_004671,P_02624,ADM_04671,2025-03-07,17084.33,12095.02,4989.31,  Paid  ,Cash
BILL_004672,P_01702,ADM_04672,2024-06-22,11558.0,7678.22,3879.78,Paid,commercial insurance
BILL_004673,P_03241,ADM_04673,2024-05-25,8755.34,7816.12,939.22,Paid,Credit Card
BILL_004674,P_01408,ADM_04674,2024-11-03,6174.33,4538.82,1635.51,Paid,Medicare
BILL_004675,P_01408,ADM_04675,2024-12-06,11122.55,8019.91,3102.64,Paid,Direct Debit
BILL_004676,P_00250,ADM_04676,2025-04-05,7726.61,7336.49,390.12,Paid,Direct Debit
BILL_004677,P_02585,ADM_04677,2024-06-28,11958.52,9556.16,2402.36,Paid,UNKNOWN_VAL
BILL_004678,P_02585,ADM_04678,2024-07-14,16028.67,11669.86,4358.81,Paid,Medicare
BILL_004679,P_03180,ADM_04679,2024-02-28,12122.1,9649.2,2472.9,Pending,Credit Card
BILL_004680,P_03180,ADM_04680,2024-03-09,9617.65,7722.44,1895.21,Paid,COMMERCIAL INSURANCE
BILL_004681,P_00752,ADM_04681,2024-11-25,11967.89,8856.94,3110.95,paid,Direct Debit
BILL_004682,P_00521,ADM_04682,2024-02-01,13397.45,11672.54,1724.91,Paid,Commercial Insurance
BILL_004683,P_00666,ADM_04683,2025-03-14,8332.24,5458.07,2874.17,Paid,Medicare
BILL_004684,P_02600,ADM_04684,2024-07-03,7530.61,7036.56,494.05,Paid,Credit Card
BILL_004685,P_01653,ADM_04685,2025-04-17,10507.96,6852.52,3655.44,Paid,Cash
BILL_004686,P_00885,ADM_04686,2024-06-09,6298.4,5605.62,692.78,Paid,Direct Debit
BILL_004687,P_00631,ADM_04687,2024-04-07,8191.19,7263.19,928.0,Pending,Commercial Insurance
BILL_004688,P_01714,ADM_04688,10-04-2025,4302.47,4014.09,288.38,Paid,Commercial Insurance
BILL_004689,P_01714,ADM_04689,2025-04-27,15695.42,10624.16,5071.26,Paid,Medicare
BILL_004690,P_00253,ADM_04690,2025-01-08,5094.17,4364.57,729.6,Paid,Medicare
BILL_004691,P_02552,ADM_04691,2024-08-29,16554.57,11711.46,4843.11,Paid,Cash
BILL_004692,P_00138,ADM_04692,2024-10-26,14990.99,13335.33,1655.66,Paid,Cash
BILL_004693,P_01403,ADM_04693,2025-01-05,5773.83,4147.68,1626.15,Paid,Direct Debit
BILL_004694,P_00735,ADM_04694,2024-07-16,10194.01,7277.55,2916.46,Paid,Credit Card
BILL_004695,P_00171,ADM_04695,2025-04-11,15953.91,14287.3,1666.61,Overdue,Cash
BILL_004696,P_02757,ADM_04696,2025-04-17,5772.96,4617.18,1155.78,Paid,Credit Card
BILL_004697,P_01439,ADM_04697,2024-05-01,15892.92,10765.09,5127.83,Paid,Credit Card
BILL_004698,P_00296,ADM_04698,2025-04-14,13142.46,12056.39,1086.07,Paid,Credit Card
BILL_004699,P_00699,ADM_04699,2024/10/05 00:00:00,7750.94,5064.76,2686.18,Paid,
BILL_004700,P_00699,ADM_04700,2024-10-26,42803.84,28882.04,13921.8,Paid,Medicare
BILL_004701,P_03234,ADM_04701,2024-03-16,7236.09,5673.87,1562.22,Paid,Medicare
BILL_004702,P_01486,ADM_04702,2024-12-26,7472.45,6496.96,975.49,Paid,Cash
BILL_004703,P_02468,ADM_04703,2024-09-03,8991.57,6227.08,2764.49,Paid,  Medicare  
BILL_004704,P_02468,ADM_04704,2024-10-01,30330.2,28689.27,1640.93,Paid,Credit Card
BILL_004705,P_01763,ADM_04705,2024-05-06,12302.37,8520.91,3781.46,  Paid  ,Medicare
BILL_004706,P_00868,ADM_04706,2025-04-11,13903.47,11515.82,2387.65,Overdue,Direct Debit
BILL_004707,P_00192,ADM_04707,2024-04-24,4483.62,4048.66,434.96,Paid,Cash
BILL_004708,P_01866,ADM_04708,2024-03-31,7059.59,4902.77,2156.82,Paid,Direct Debit
BILL_004709,P_01866,ADM_04709,2024-04-27,11673.06,7633.84,4039.22,Overdue,Medicare
BILL_004710,P_01362,ADM_04710,2024-10-23,9775.16,7212.7,2562.46,Paid,Cash
BILL_004711,P_01362,ADM_04711,2024/11/23 00:00:00,20460.1,13547.26,6912.84,Paid,Cash
BILL_004712,P_01629,ADM_04712,2024-02-26,18473.29,13828.85,4644.44,Paid,Credit Card
BILL_004713,P_02831,ADM_04713,2024-12-10,5161.4,4051.51,1109.89,paid,Commercial Insurance
BILL_004714,P_02059,ADM_04714,2024-02-01,5176.91,3514.55,1662.36,Paid,Medicare
BILL_004715,P_00136,ADM_04715,2024-04-02,7422.52,5833.78,1588.74,Pending,Medicare
BILL_004716,P_00852,ADM_04716,2024-05-01,16488.25,12634.3,3853.95,Pending,Medicare
BILL_004717,P_00852,ADM_04717,2024-05-23,10797.14,9348.17,1448.97,Pending,Cash
BILL_004718,P_00182,ADM_04718,2024-05-31,8934.69,7936.4,998.29,Paid,Commercial Insurance
BILL_004719,P_02675,ADM_04719,2024-11-24,9031.61,8441.5,590.11,Pending,Cash
BILL_004720,P_02497,ADM_04720,2024-10-12,10940.98,9469.57,1471.41,Paid,Credit Card
BILL_004721,P_00450,ADM_04721,2024-08-07,11631.83,8161.39,3470.44,Paid,Direct Debit
BILL_004722,P_01331,ADM_04722,2024-03-10,5464.95,4257.62,1207.33,Paid,Direct Debit
BILL_004723,P_02409,ADM_04723,2024-09-06,14477.0,9926.86,4550.14,Paid,credit card
BILL_004724,P_01220,ADM_04724,2024-02-13,6902.24,4893.12,2009.12,Paid,Medicare
BILL_004725,P_03105,ADM_04725,2024-06-13,11258.51,9670.42,1588.09,Paid,Commercial Insurance
BILL_004726,P_00610,ADM_04726,2025-03-16,4029.18,3817.39,211.79,Paid,Cash
BILL_004727,P_01080,ADM_04727,2024-02-14,6281.3,5035.13,1246.17,Pending,Medicare
BILL_004728,P_01087,ADM_04728,2024-09-15,19130.85,14221.49,4909.36,PAID,Commercial Insurance
BILL_004729,P_01878,ADM_04729,2024-06-22,10146.86,7745.65,2401.21,Paid,Commercial Insurance
BILL_004730,P_03388,ADM_04730,05/04/2024,5823.1,3879.44,1943.66,Paid,Medicare
BILL_004731,P_03388,ADM_04731,2024-05-31,5155.04,3446.04,1709.0,Paid,Direct Debit
BILL_004732,P_03161,ADM_04732,2025-02-25,13430.87,10358.68,3072.19,Paid,Commercial Insurance
BILL_004733,P_01464,ADM_04733,2024-02-20,15137.52,11300.82,3836.7,Paid,Commercial Insurance
BILL_004734,P_01464,ADM_04734,2024-03-14,17565.7,15180.37,2385.33,Pending,Direct Debit
BILL_004735,P_00964,ADM_04735,2025-03-27,13874.13,9596.87,4277.26,Paid,Direct Debit
BILL_004736,P_00292,ADM_04736,2024-02-13,8339.57,5675.74,2663.83,Paid,Medicare
BILL_004737,P_00737,ADM_04737,2024-11-06,4653.84,4049.66,604.18,Paid,Direct Debit
BILL_004738,P_03263,ADM_04738,2024-02-14,8816.08,7601.8,1214.28,Paid,Cash
BILL_004739,P_03125,ADM_04739,2024-03-18,26416.93,19897.47,6519.46,Paid,Cash
BILL_004740,P_01427,ADM_04740,2024-10-11,13590.63,9250.52,4340.11,Paid,Credit Card
BILL_004741,P_03239,ADM_04741,2025-05-17,14661.99,12241.32,2420.67,Paid,Direct Debit
BILL_004742,P_01534,ADM_04742,2024-03-25,6224.61,5239.15,985.46,Paid,Medicare
BILL_004743,P_03444,ADM_04743,2025-04-07,5984.8,4501.02,1483.78,Paid,Credit Card
BILL_004744,P_00965,ADM_04744,2024-08-16,17911.36,15423.7,2487.66,Paid,Cash
BILL_004745,P_00963,ADM_04745,2024-01-30,10095.55,8880.45,1215.1,Paid,Credit Card
BILL_004746,P_00797,ADM_04746,2024-09-22,6013.15,4139.68,1873.47,Paid,Commercial Insurance
BILL_004747,P_01441,ADM_04747,2024-04-11,12077.6,9806.26,2271.34,Paid,Commercial Insurance
BILL_004748,P_01567,ADM_04748,2024-01-20,12893.83,10897.14,1996.69,Pending,Credit Card
BILL_004749,P_01567,ADM_04749,02/09/2024,12914.76,10152.81,2761.95,Paid,Medicare
BILL_004750,P_00209,ADM_04750,2024-01-27,3831.84,3541.79,290.05,Paid,Cash
BILL_004751,P_00056,ADM_04751,2024-04-18,9903.77,6480.29,3423.48,Paid,Direct Debit
BILL_004752,P_00056,ADM_04752,2024-04-29,11494.07,10091.83,1402.24,Pending,Commercial Insurance
BILL_004753,P_00637,ADM_04753,2024-01-21,5125.0,4831.1,293.9,Overdue,Credit Card
BILL_004754,P_00357,ADM_04754,2024-03-19,8717.84,6432.57,2285.27,Paid,Cash
BILL_004755,P_00357,ADM_04755,2024-04-28,24688.63,19478.87,5209.76,Overdue,CREDIT CARD
BILL_004756,P_02044,ADM_04756,2024-05-01,7785.97,6356.7,1429.27,Paid,Commercial Insurance
BILL_004757,P_01670,ADM_04757,2024-11-17,6974.07,5853.16,1120.91,Paid,Medicare
BILL_004758,P_00647,ADM_04758,2025-02-26,3951.29,3028.15,923.14,Paid,Commercial Insurance
BILL_004759,P_01010,ADM_04759,2025-05-02,13052.42,9855.41,3197.01,Paid,Medicare
BILL_004760,P_02093,ADM_04760,2024-03-15,4229.56,3406.73,822.83,Paid,Cash
BILL_004761,P_00713,ADM_04761,2024-02-19,8806.05,6534.61,2271.44,Paid,Credit Card
BILL_004762,P_02506,ADM_04762,2024-03-05,26733.25,20792.51,5940.74,Paid,Cash
BILL_004763,P_00309,ADM_04763,2024-01-17,6068.69,5572.1,496.59,Paid,Direct Debit
BILL_004764,P_00127,ADM_04764,2024-10-04,9287.36,7773.09,1514.27,Paid,Direct Debit
BILL_004765,P_02560,ADM_04765,2024-05-09,22614.2,20585.31,2028.89,Paid,Medicare
BILL_004766,P_01101,ADM_04766,2024-06-22,9333.8,7638.3,1695.5,Paid,Medicare
BILL_004767,P_02467,ADM_04767,2024-03-14,9397.35,8480.34,917.01,Paid,Direct Debit
BILL_004768,P_02825,ADM_04768,2024-04-09,18066.07,12500.09,5565.98,Paid,Direct Debit
BILL_004769,P_01292,ADM_04769,2024-05-05,8680.05,6690.88,1989.17,Paid,Credit Card
BILL_004770,P_01608,ADM_04770,2025-03-21,7267.24,5357.09,1910.15,Paid,Credit Card
BILL_004771,P_01608,ADM_04771,2025-04-15,19410.94,15160.65,4250.29,Pending,Direct Debit
BILL_004772,P_01481,ADM_04772,2024-02-21,21035.8,13933.44,7102.36,Paid,Direct Debit
BILL_004773,P_02877,ADM_04773,2024-08-07,6072.28,5185.75,886.53,PAID,Medicare
BILL_004774,P_01214,ADM_04774,2025-02-10,8486.58,6877.86,1608.72,Paid,Medicare
BILL_004775,P_02381,ADM_04775,2024/08/10 00:00:00,7824.53,6778.68,1045.85,Paid,Cash
BILL_004776,P_01397,ADM_04776,2024/06/18 00:00:00,5402.84,4747.26,655.58,Pending,Commercial Insurance
BILL_004777,P_01619,ADM_04777,2025-04-12,5498.08,4140.29,1357.79,Paid,Credit Card
BILL_004778,P_00383,ADM_04778,2024-02-19,15108.96,12088.09,3020.87,Pending,Direct Debit
BILL_004779,P_00383,ADM_04779,2024-03-10,19112.92,14039.41,5073.51,Paid,Direct Debit
BILL_004780,P_03019,ADM_04780,2024-03-04,4980.03,3327.93,1652.1,Paid,Commercial Insurance
BILL_004781,P_01637,ADM_04781,2025-04-25,10001.87,7975.01,2026.86,  Paid  ,Cash
BILL_004782,P_00891,ADM_04782,2024-11-01,16266.6,14634.92,1631.68,Paid,COMMERCIAL INSURANCE
BILL_004783,P_03227,ADM_04783,2025-05-16,9130.56,6675.37,2455.19,Paid,Cash
BILL_004784,P_01723,ADM_04784,2024-07-06,15099.0,10949.95,4149.05,Paid,Cash
BILL_004785,P_00309,ADM_04785,16-07-2024,6610.24,5264.89,1345.35,Paid,Credit Card
BILL_004786,P_01663,ADM_04786,2025-01-23,18557.49,15380.73,3176.76,Pending,Credit Card
BILL_004787,P_01255,ADM_04787,2025-01-06,12426.51,9100.59,3325.92,Paid,Commercial Insurance
BILL_004788,P_00427,ADM_04788,2024-05-09,23049.9,17933.3,5116.6,Paid,Direct Debit
BILL_004789,P_00808,ADM_04789,05/15/2025,5501.61,5143.83,357.78,  Paid  ,Direct Debit
BILL_004790,P_01713,ADM_04790,2024-08-14,14179.52,12369.23,1810.29,Paid,Cash
BILL_004791,P_03130,ADM_04791,2024-12-31,6930.17,5166.92,1763.25,Paid,Credit Card
BILL_004792,P_03130,ADM_04792,2025-01-21,22476.48,20811.59,1664.89,Paid,Commercial Insurance
BILL_004793,P_01236,ADM_04793,2025-05-13,7321.26,4957.86,2363.4,Paid,  Commercial Insurance  
BILL_004794,P_02419,ADM_04794,2024-04-13,6914.26,4814.75,2099.51,Paid,Medicare
BILL_004795,P_03286,ADM_04795,01/16/2024,3852.47,3032.38,820.09,Paid,
BILL_004796,P_00426,ADM_04796,2024-06-21,10400.63,9264.17,1136.46,Paid,Credit Card
BILL_004797,P_01497,ADM_04797,2024-05-03,6588.91,6157.37,431.54,Paid,Medicare
BILL_004798,P_00964,ADM_04798,2024-09-05,15587.7,13911.77,1675.93,Paid,Credit Card
BILL_004799,P_03015,ADM_04799,2024-02-18,10365.34,9346.71,1018.63,Paid,Cash
BILL_004800,P_02998,ADM_04800,2024-12-14,10024.1,8623.5,1400.6,Paid,Commercial Insurance
BILL_004801,P_02854,ADM_04801,2025-05-18,14684.49,13113.39,1571.1,PAID,Medicare
BILL_004802,P_01560,ADM_04802,2025-05-04,29269.67,21660.05,7609.62,Paid,Commercial Insurance
BILL_004803,P_01828,ADM_04803,2024-12-27,5298.52,4436.35,862.17,Paid,Commercial Insurance
BILL_004804,P_01828,ADM_04804,2025-01-24,12533.96,11073.25,1460.71,Paid,medicare
BILL_004805,P_02073,ADM_04805,2024-06-21,17384.55,13597.54,3787.01,Paid,Direct Debit
BILL_004806,P_02231,ADM_04806,2025-05-14,10473.64,7269.86,3203.78,Paid,Commercial Insurance
BILL_004807,P_01631,ADM_04807,2024-03-16,13475.13,8986.73,4488.4,Paid,Direct Debit
BILL_004808,P_02974,ADM_04808,2024-06-27,10678.41,7184.52,3493.89,Paid,
BILL_004809,P_01244,ADM_04809,2024-08-31,12890.38,8744.87,4145.51,Paid,Credit Card
BILL_004810,P_00410,ADM_04810,2024-12-10,8035.3,6485.65,1549.65,Pending,Medicare
BILL_004811,P_03046,ADM_04811,2024-07-14,13399.15,10873.04,2526.11,Paid,
BILL_004812,P_00438,ADM_04812,2024-06-15,5280.78,3764.85,1515.93,Paid,Cash
BILL_004813,P_00821,ADM_04813,2025-04-21,12649.1,9622.45,3026.65,Paid,Cash
BILL_004814,P_00821,ADM_04814,2025-05-17,20808.27,18635.88,2172.39,Paid,Credit Card
BILL_004815,P_01192,ADM_04815,2024-02-16,11136.91,9450.24,1686.67,Pending,Credit Card
BILL_004816,P_01306,ADM_04816,2024-05-08,13274.85,9500.76,3774.09,Overdue,Commercial Insurance
BILL_004817,P_03082,ADM_04817,2024-07-20,11558.88,8249.06,3309.82,Paid,Direct Debit
BILL_004818,P_01064,ADM_04818,2024-01-08,6838.88,6159.76,679.12,Paid,Cash
BILL_004819,P_01536,ADM_04819,2025-02-19,8774.82,7830.68,944.14,Paid,Direct Debit
BILL_004820,P_01536,ADM_04820,2025-03-28,25089.02,22473.37,2615.65,Paid,  Medicare  
BILL_004821,P_01240,ADM_04821,2024-12-09,9614.94,8092.16,1522.78,Paid,Cash
BILL_004822,P_00576,ADM_04822,2024-08-08,6261.65,4727.07,1534.58,Paid,Direct Debit
BILL_004823,P_01118,ADM_04823,2024-10-20,23251.57,16729.26,6522.31,Paid,Cash
BILL_004824,P_02523,ADM_04824,2024-11-29,5753.36,5447.26,306.1,Paid,Medicare
BILL_004825,P_01853,ADM_04825,2025-01-17,5025.86,3897.87,1127.99,Pending,CREDIT CARD
BILL_004826,P_01057,ADM_04826,2025-05-14,13431.07,10588.9,2842.17,Overdue,Credit Card
BILL_004827,P_00480,ADM_04827,2025-03-06,24487.08,19237.92,5249.16,Paid,Medicare
BILL_004828,P_00495,ADM_04828,05/19/2025,15067.44,11752.48,3314.96,Paid,Medicare
BILL_004829,P_01602,ADM_04829,2024-08-19,19671.83,15823.08,3848.75,Paid,Medicare
BILL_004830,P_03464,ADM_04830,2024-01-29,5772.33,5050.49,721.84,Paid,Medicare
BILL_004831,P_03463,ADM_04831,2024-09-03,4761.49,4391.2,370.29,Paid,Medicare
BILL_004832,P_03353,ADM_04832,2024-11-23,9214.84,7602.29,1612.55,Paid,Direct Debit
BILL_004833,P_00531,ADM_04833,2025-05-01,17107.99,14073.05,3034.94,Paid,Credit Card
BILL_004834,P_01607,ADM_04834,2024-08-03,12633.21,11077.07,1556.14,Paid,Credit Card
BILL_004835,P_01607,ADM_04835,2024-08-25,12499.61,11808.97,690.64,Paid,Credit Card
BILL_004836,P_02078,ADM_04836,2024-04-10,11403.54,7917.62,3485.92,Paid,Commercial Insurance
BILL_004837,P_02531,ADM_04837,2024-08-10,7448.13,5707.91,1740.22,Paid,Cash
BILL_004838,P_01265,ADM_04838,2025-04-27,11753.94,10563.01,1190.93,Paid,
BILL_004839,P_01495,ADM_04839,2024-10-27,7793.11,5662.12,2130.99,Paid,Direct Debit
BILL_004840,P_03176,ADM_04840,2024-08-01,10625.13,7862.3,2762.83,OVERDUE,Commercial Insurance
BILL_004841,P_03176,ADM_04841,2024-09-06,11610.79,7741.57,3869.22,Paid,Direct Debit
BILL_004842,P_02358,ADM_04842,2024-03-17,8056.34,7505.87,550.47,Paid,Cash
BILL_004843,P_02358,ADM_04843,2024-04-18,10247.93,8663.42,1584.51,Paid,Medicare
BILL_004844,P_00804,ADM_04844,2024-07-27,3143.33,2488.62,654.71,Paid,Direct Debit
BILL_004845,P_00804,ADM_04845,2024-08-09,14356.71,13501.53,855.18,Paid,Cash
BILL_004846,P_03309,ADM_04846,2024-07-12,10119.51,7971.09,2148.42,Overdue,Credit Card
BILL_004847,P_02446,ADM_04847,2024-07-05,19658.74,13906.93,5751.81,Paid,Cash
BILL_004848,P_01513,ADM_04848,2024-08-07,5230.57,4227.42,1003.15,Paid,Commercial Insurance
BILL_004849,P_02059,ADM_04849,11/11/2024,12789.51,9349.38,3440.13,Paid,
BILL_004850,P_03286,ADM_04850,2024-11-13,17195.98,16245.19,950.79,Paid,Medicare
BILL_004851,P_02133,ADM_04851,2024-06-19,6567.7,4944.09,1623.61,Paid,Direct Debit
BILL_004852,P_02378,ADM_04852,2024-12-28,5708.24,5035.27,672.97,  Paid  ,cash
BILL_004853,P_00899,ADM_04853,2024-06-15,9662.63,8763.26,899.37,Paid,
BILL_004854,P_00651,ADM_04854,2024-07-07,8767.46,7568.26,1199.2,Pending,Credit Card
BILL_004855,P_00136,ADM_04855,2024-07-30,9815.18,7320.65,2494.53,Paid,Credit Card
BILL_004856,P_00585,ADM_04856,2025-05-07,9151.97,7784.51,1367.46,Paid,
BILL_004857,P_01267,ADM_04857,2025-05-03,5717.39,3888.36,1829.03,Paid,Direct Debit
BILL_004858,P_02834,ADM_04858,2024-11-26,11403.58,9910.9,1492.68,Paid,Cash
BILL_004859,P_00081,ADM_04859,2024-07-14,9162.76,6669.86,2492.9,Paid,  Credit Card  
BILL_004860,P_03333,ADM_04860,2024-01-28,6685.71,5919.48,766.23,Pending,Credit Card
BILL_004861,P_02337,ADM_04861,2024-09-11,6704.53,5405.94,1298.59,Paid,Credit Card
BILL_004862,P_02388,ADM_04862,2024-07-24,5460.95,4323.02,1137.93,Paid,Medicare
BILL_004863,P_00404,ADM_04863,2025-03-16,12078.33,7871.56,4206.77,Paid,
BILL_004864,P_03277,ADM_04864,2024-05-30,17524.11,13010.85,4513.26,Paid,Credit Card
BILL_004865,P_02976,ADM_04865,2024-05-22,6401.02,5268.94,1132.08,Paid,Direct Debit
BILL_004866,P_00205,ADM_04866,2024-03-25,13690.98,12937.27,753.71,Paid,Credit Card
BILL_004867,P_00588,ADM_04867,2024-02-19,9616.88,8909.58,707.3,Paid,Direct Debit
BILL_004868,P_00018,ADM_04868,2024-11-03,12433.35,11334.17,1099.18,Paid,Cash
BILL_004869,P_03016,ADM_04869,2024-06-07,8212.01,7639.97,572.04,Paid,Direct Debit
BILL_004870,P_03465,ADM_04870,2024-04-07,11995.04,9817.11,2177.93,Paid,Direct Debit
BILL_004871,P_01517,ADM_04871,2024-03-07,4262.03,3005.24,1256.79,pending,Commercial Insurance
BILL_004872,P_02532,ADM_04872,2024-05-14,7902.13,6926.15,975.98,Paid,Direct Debit
BILL_004873,P_02532,ADM_04873,2024-06-19,17900.81,11976.87,5923.94,Overdue,Direct Debit
BILL_004874,P_01284,ADM_04874,2025-04-23,5755.76,4905.84,849.92,Paid,
BILL_004875,P_01566,ADM_04875,2024-04-11,3244.38,2156.06,1088.32,Paid,Medicare
BILL_004876,P_02600,ADM_04876,2024-10-09,10456.56,9410.02,1046.54,Paid,Commercial Insurance
BILL_004877,P_01698,ADM_04877,2024-02-08,9174.4,8190.64,983.76,Paid,Direct Debit
BILL_004878,P_01192,ADM_04878,2024-04-16,7023.98,5648.62,1375.36,PAID,Direct Debit
BILL_004879,P_00366,ADM_04879,2024-01-25,5945.99,5126.38,819.61,Paid,Medicare
BILL_004880,P_02711,ADM_04880,2024-12-11,17716.45,11827.54,5888.91,Paid,Medicare
BILL_004881,P_00169,ADM_04881,2024-07-14,15797.18,11202.98,4594.2,Paid,
BILL_004882,P_00487,ADM_04882,2024-12-23,12249.4,9078.41,3170.99,Paid,Credit Card
BILL_004883,P_00836,ADM_04883,2025-01-08,9429.29,8353.3,1075.99,Pending,Direct Debit
BILL_004884,P_02903,ADM_04884,2025-05-11,10482.24,8378.13,2104.11,Paid,Cash
BILL_004885,P_01860,ADM_04885,2024-10-10,8089.23,6030.2,2059.03,  Paid  ,Cash
BILL_004886,P_00410,ADM_04886,2024-03-26,9823.78,8369.39,1454.39,Paid,
BILL_004887,P_01777,ADM_04887,2024-10-23,8367.54,7781.8,585.74,Paid,Medicare
BILL_004888,P_01890,ADM_04888,2024-03-04,12917.44,11209.08,1708.36,paid,Medicare
BILL_004889,P_00112,ADM_04889,2025-02-19,14013.82,12430.88,1582.94,Paid,Medicare
BILL_004890,P_00965,ADM_04890,2024-10-17,13394.0,11472.24,1921.76,Paid,Cash
BILL_004891,P_02785,ADM_04891,2025-04-16,10408.76,8700.56,1708.2,Paid,Direct Debit
BILL_004892,P_03442,ADM_04892,2024-08-23,12403.67,10741.67,1662.0,PENDING,Cash
BILL_004893,P_03442,ADM_04893,2024-09-11,14136.57,11937.71,2198.86,Overdue,Commercial Insurance
BILL_004894,P_02701,ADM_04894,2025-04-10,6203.23,5245.78,957.45,Paid,UNKNOWN_VAL
BILL_004895,P_01429,ADM_04895,2025-04-12,5422.46,4155.9,1266.56,Paid,
BILL_004896,P_01601,ADM_04896,2024-11-04,8112.62,7683.94,428.68,  Paid  ,Commercial Insurance
BILL_004897,P_01255,ADM_04897,2024-12-09,12081.84,8262.0,3819.84,Overdue,Credit Card
BILL_004898,P_02552,ADM_04898,2024-02-02,6732.17,5216.01,1516.16,Paid,  Direct Debit  
BILL_004899,P_02552,ADM_04899,2024-05-19,15406.05,11379.88,4026.17,Paid,
BILL_004900,P_02633,ADM_04900,2024-12-05,6588.51,5985.93,602.58,Paid,Credit Card
BILL_004901,P_02633,ADM_04901,2025-01-05,22462.39,15923.27,6539.12,paid,commercial insurance
BILL_004902,P_01542,ADM_04902,2024-05-09,14177.88,10827.12,3350.76,Paid,Cash
BILL_004903,P_01542,ADM_04903,2024-06-11,7510.53,5889.3,1621.23,Paid,Cash
BILL_004904,P_00101,ADM_04904,2025-03-18,11385.27,10010.09,1375.18,Paid,Direct Debit
BILL_004905,P_02129,ADM_04905,2024-08-21,15009.5,12782.1,2227.4,Paid,Credit Card
BILL_004906,P_00887,ADM_04906,2024/10/06 00:00:00,9044.07,7755.28,1288.79,Paid,Credit Card
BILL_004907,P_01229,ADM_04907,2024-07-21,7655.71,5353.27,2302.44,Paid,Direct Debit
BILL_004908,P_01229,ADM_04908,2024-08-19,20540.62,15636.08,4904.54,Pending,  Medicare  
BILL_004909,P_02244,ADM_04909,07-01-2025,6263.26,4468.85,1794.41,Paid,Cash
BILL_004910,P_02244,ADM_04910,2025-01-15,5622.91,5095.26,527.65,Paid,Credit Card
BILL_004911,P_02865,ADM_04911,2024-12-18,9661.4,7224.23,2437.17,Paid,Cash
BILL_004912,P_03479,ADM_04912,2024-09-13,13357.83,11564.1,1793.73,Pending,Medicare
BILL_004913,P_03479,ADM_04913,2024-09-26,17938.89,14868.95,3069.94,Overdue,Credit Card
BILL_004914,P_02982,ADM_04914,2025-03-19,10533.78,9419.19,1114.59,Paid,Cash
BILL_004915,P_00697,ADM_04915,2025-01-10,16800.57,12712.48,4088.09,Pending,Direct Debit
BILL_004916,P_02508,ADM_04916,2024-03-17,10564.61,9236.51,1328.1,Paid,Credit Card
BILL_004917,P_02508,ADM_04917,2024-04-11,15268.86,11682.81,3586.05,PAID,
BILL_004918,P_02352,ADM_04918,2024-01-16,6437.24,5762.08,675.16,Paid,Commercial Insurance
BILL_004919,P_02831,ADM_04919,2024-02-26,5013.94,4558.06,455.88,Paid,Medicare
BILL_004920,P_00538,ADM_04920,2025-01-29,9727.91,6889.09,2838.82,Paid,Medicare
BILL_004921,P_03082,ADM_04921,2024-08-24,8008.93,6004.21,2004.72,Paid,Medicare
BILL_004922,P_01836,ADM_04922,2024-07-03,5923.63,3954.5,1969.13,Pending,Commercial Insurance
BILL_004923,P_01836,ADM_04923,2024-07-09,4730.82,4267.12,463.7,Paid,CREDIT CARD
BILL_004924,P_00229,ADM_04924,2025-01-29,7207.68,6403.68,804.0,Paid,
BILL_004925,P_00867,ADM_04925,2025-01-04,17759.38,15603.83,2155.55,Paid,Medicare
BILL_004926,P_00424,ADM_04926,2024-07-23,9890.3,6436.94,3453.36,  Paid  ,Commercial Insurance
BILL_004927,P_02504,ADM_04927,2024-03-06,8238.41,7068.81,1169.6,Paid,Credit Card
BILL_004928,P_02504,ADM_04928,2024-03-21,12181.01,9813.39,2367.62,Paid,Direct Debit
BILL_004929,P_01241,ADM_04929,2024-10-26,8997.33,7612.1,1385.23,Paid,Direct Debit
BILL_004930,P_02618,ADM_04930,2025-05-05,16079.76,13610.56,2469.2,Paid,Commercial Insurance
BILL_004931,P_01630,ADM_04931,2024-02-04,6536.62,6199.5,337.12,Pending,Medicare
BILL_004932,P_02972,ADM_04932,2025-03-20,18758.03,14103.05,4654.98,Paid,Direct Debit
BILL_004933,P_02322,ADM_04933,03/25/2025,3910.99,2977.31,933.68,Paid,Cash
BILL_004934,P_01493,ADM_04934,2025-01-30,13535.33,12495.27,1040.06,Paid,Credit Card
BILL_004935,P_01851,ADM_04935,2025-04-12,8757.69,5704.13,3053.56,Paid,COMMERCIAL INSURANCE
BILL_004936,P_01710,ADM_04936,2025-02-03,13049.14,8528.75,4520.39,Paid,Direct Debit
BILL_004937,P_01710,ADM_04937,2025-03-02,16077.72,12294.66,3783.06,Paid,Commercial Insurance
BILL_004938,P_01711,ADM_04938,2024-07-04,5226.39,4408.79,817.6,Paid,Medicare
BILL_004939,P_01992,ADM_04939,2024-06-16,5445.17,4083.54,1361.63,Paid,Credit Card
BILL_004940,P_03407,ADM_04940,2024-07-24,8343.21,7307.8,1035.41,Pending,Commercial Insurance
BILL_004941,P_01694,ADM_04941,2025-03-22,9918.7,7301.45,2617.25,Paid,medicare
BILL_004942,P_01694,ADM_04942,2025-04-11,9802.18,9159.29,642.89,Paid,Commercial Insurance
BILL_004943,P_00563,ADM_04943,2024-08-10,23116.5,16220.04,6896.46,Paid,Medicare
BILL_004944,P_00679,ADM_04944,2024-05-17,7776.48,5418.8,2357.68,Paid,Credit Card
BILL_004945,P_01463,ADM_04945,2025-03-20,14826.29,9653.94,5172.35,Paid,Credit Card
BILL_004946,P_01463,ADM_04946,2025-04-12,13263.57,10894.67,2368.9,Pending,direct debit
BILL_004947,P_03438,ADM_04947,2024-12-22,5400.53,3686.11,1714.42,Paid,Medicare
BILL_004948,P_02885,ADM_04948,2024-09-19,10936.09,9361.7,1574.39,Paid,Medicare
BILL_004949,P_01711,ADM_04949,2025-01-27,6693.39,5970.71,722.68,Pending,Credit Card
BILL_004950,P_02580,ADM_04950,2024-01-19,8855.97,6047.86,2808.11,Paid,Commercial Insurance
BILL_004951,P_00716,ADM_04951,2024-04-08,7144.98,6419.14,725.84,Paid,Credit Card
BILL_004952,P_00716,ADM_04952,2024-05-06,11671.57,9150.44,2521.13,Overdue,Medicare
BILL_004953,P_02753,ADM_04953,2024-05-21,10212.1,7606.5,2605.6,paid,Direct Debit
BILL_004954,P_03449,ADM_04954,2025-04-08,9101.52,6948.68,2152.84,Paid,Direct Debit
BILL_004955,P_02945,ADM_04955,2025-04-02,7355.9,6906.65,449.25,Paid,Direct Debit
BILL_004956,P_02418,ADM_04956,2024-11-27,22580.32,20028.63,2551.69,Pending,Commercial Insurance
BILL_004957,P_02757,ADM_04957,2025/05/11 00:00:00,24589.76,17058.73,7531.03,PAID,Credit Card
BILL_004958,P_02296,ADM_04958,2024-05-07,8157.84,5819.57,2338.27,Overdue,Commercial Insurance
BILL_004959,P_02589,ADM_04959,2024-06-23,8272.24,7664.49,607.75,Paid,Medicare
BILL_004960,P_02495,ADM_04960,2024-12-19,11380.52,9754.38,1626.14,Overdue,Commercial Insurance
BILL_004961,P_02419,ADM_04961,2024-04-29,12190.85,11284.27,906.58,Overdue,Credit Card
BILL_004962,P_02654,ADM_04962,2025-01-04,11348.25,9160.09,2188.16,  Paid  ,Medicare
BILL_004963,P_02654,ADM_04963,2025-01-31,8860.02,5831.98,3028.04,Paid,Medicare
BILL_004964,P_00325,ADM_04964,2024-01-08,7645.48,6029.72,1615.76,Paid,Medicare
BILL_004965,P_00368,ADM_04965,2024-12-15,14978.76,10313.35,4665.41,Paid,Commercial Insurance
BILL_004966,P_03139,ADM_04966,2024-03-10,10326.79,9083.34,1243.45,  Paid  ,Commercial Insurance
BILL_004967,P_00979,ADM_04967,2024-08-08,11159.96,9254.27,1905.69,Paid,Cash
BILL_004968,P_02941,ADM_04968,2025-04-25,14253.74,9346.42,4907.32,Paid,Credit Card
BILL_004969,P_01155,ADM_04969,2024-11-09,11169.39,9687.31,1482.08,Paid,Direct Debit
BILL_004970,P_02534,ADM_04970,2025-04-11,14009.97,11093.96,2916.01,Paid,Credit Card
BILL_004971,P_03469,ADM_04971,2024-11-13,3620.76,3254.63,366.13,Paid,Credit Card
BILL_004972,P_03469,ADM_04972,2024-12-15,20970.88,16773.92,4196.96,Paid,Commercial Insurance
BILL_004973,P_01465,ADM_04973,2025-01-20,20670.26,16027.93,4642.33,Pending,Medicare
BILL_004974,P_01228,ADM_04974,2024-01-12,7227.21,6429.7,797.51,Paid,
BILL_004975,P_00368,ADM_04975,2024-04-14,15216.22,12650.63,2565.59,Paid,Credit Card
BILL_004976,P_01313,ADM_04976,2024-10-23,13698.61,13010.34,688.27,Paid,Direct Debit
BILL_004977,P_00713,ADM_04977,2024-06-21,9816.4,7648.49,2167.91,paid,Commercial Insurance
BILL_004978,P_01371,ADM_04978,2024-11-10,9514.03,7564.4,1949.63,Paid,direct debit
BILL_004979,P_03420,ADM_04979,2025-02-01,12305.19,9365.8,2939.39,Paid,Commercial Insurance
BILL_004980,P_03394,ADM_04980,2024-07-17,6720.46,6363.64,356.82,Paid,Medicare
BILL_004981,P_02793,ADM_04981,2024-02-27,15197.23,12733.53,2463.7,Paid,Cash
BILL_004982,P_00462,ADM_04982,2025-02-03,24071.25,21249.11,2822.14,Paid,Cash
BILL_004983,P_02220,ADM_04983,2025-02-11,9880.0,8960.39,919.61,Paid,COMMERCIAL INSURANCE
BILL_004984,P_02220,ADM_04984,2025-03-16,13208.75,10355.08,2853.67,Paid,Commercial Insurance
BILL_004985,P_01475,ADM_04985,2025-03-01,3875.72,2979.21,896.51,Paid,Credit Card
BILL_004986,P_01897,ADM_04986,2024-12-24,8833.67,7107.99,1725.68,Paid,Cash
BILL_004987,P_00559,ADM_04987,2024-11-07,8314.68,5669.46,2645.22,Paid,Direct Debit
BILL_004988,P_00559,ADM_04988,2024-12-12,19699.41,18523.89,1175.52,Paid,Commercial Insurance
BILL_004989,P_01032,ADM_04989,2024-01-25,24233.75,22526.87,1706.88,Paid,DIRECT DEBIT
BILL_004990,P_02642,ADM_04990,2024-09-18,14288.63,12368.35,1920.28,Overdue,Commercial Insurance
BILL_004991,P_02915,ADM_04991,2024-07-08,11743.21,7902.88,3840.33,Paid,Cash
BILL_004992,P_02556,ADM_04992,2024-07-10,7916.08,7141.44,774.64,Paid,Cash
BILL_004993,P_02391,ADM_04993,22-06-2024,5668.82,5366.61,302.21,Paid,Commercial Insurance
BILL_004994,P_02391,ADM_04994,2024-07-10,13787.27,11160.23,2627.04,Paid,Credit Card
BILL_004995,P_00798,ADM_04995,2024-07-04,13394.57,10051.32,3343.25,Paid,direct debit
BILL_004996,P_00838,ADM_04996,2024-07-03,3523.5,2923.15,600.35,Paid,Commercial Insurance
BILL_004997,P_00838,ADM_04997,2024-08-04,12548.59,10743.37,1805.22,paid,  Cash  
BILL_004998,P_00995,ADM_04998,2025-01-13,5653.26,4620.07,1033.19,Paid,Cash
BILL_004999,P_00012,ADM_04999,2024-10-17,8139.19,5489.01,2650.18,Paid,Credit Card
BILL_005000,P_02821,ADM_05000,2024-03-07,8096.91,7035.54,1061.37,Paid,Medicare
BILL_002781,P_03467,ADM_02781,2024-09-06,32059.94,30290.37,1769.57,Paid,Medicare
BILL_002763,P_02884,ADM_02763,2024-11-02,6032.76,4750.15,1282.61,Pending,direct debit
BILL_003105,P_03336,ADM_03105,2024-07-18,13230.91,9267.19,3963.72,Paid,Cash
BILL_000580,P_01132,ADM_00580,2024-10-30,7573.65,5278.56,2295.09,Pending,Medicare
BILL_000228,P_03109,ADM_00228,2024-02-08,7189.73,4700.32,2489.41,Pending,Medicare
BILL_001956,P_00185,ADM_01956,2024-02-08,7033.77,5605.5,1428.27,Paid,Cash
BILL_003697,P_01434,ADM_03697,2024-08-31,8390.41,7021.26,1369.15,Paid,Direct Debit
BILL_004277,P_03050,ADM_04277,2024-06-26,7243.58,6064.56,1179.02,Paid,Direct Debit
BILL_001591,P_02536,ADM_01591,2024-12-01,5634.44,4537.32,1097.12,Paid,Commercial Insurance
BILL_003762,P_00057,ADM_03762,2025-03-23,8841.14,6208.88,2632.26,Paid,Medicare
BILL_001734,P_01600,ADM_01734,2025-02-18,16763.4,15446.1,1317.3,Paid,Medicare
BILL_003886,P_03389,ADM_03886,2024-10-18,20175.71,18794.99,1380.72,Paid,Credit Card
BILL_002072,P_03109,ADM_02072,2025-03-28,9555.79,6654.48,2901.31,Paid,Credit Card
BILL_000446,P_01748,ADM_00446,2024-07-02,8813.76,8242.88,570.88,Paid,Cash
BILL_004894,P_02701,ADM_04894,2025-04-10,6203.23,5245.78,957.45,Paid,Medicare
BILL_004552,P_02335,ADM_04552,2025-04-16,11151.79,10145.03,1006.76,Pending,Credit Card
BILL_003252,P_00901,ADM_03252,2024-08-10,8386.44,7494.6,891.84,Paid,Commercial Insurance
BILL_001120,P_01190,ADM_01120,2024-08-02,19930.88,13412.5,6518.38,Paid,Medicare
BILL_004312,P_00695,ADM_04312,2024-12-24,14334.8,9566.62,4768.18,Paid,Cash
BILL_002734,P_00016,ADM_02734,2024-09-02,5968.87,3917.76,2051.11,Paid,Commercial Insurance
BILL_001907,P_01984,ADM_01907,2024-12-10,5899.35,4455.97,1443.38,Paid,Credit Card
BILL_000772,P_03444,ADM_00772,2024-05-29,5456.06,3660.88,1795.18,Paid,
BILL_003328,P_02188,ADM_03328,2024-11-18,10931.93,7658.38,3273.55,Paid,Credit Card
BILL_003411,P_02619,ADM_03411,2024-07-05,5242.7,3678.21,1564.49,Paid,Credit Card
BILL_001845,P_00849,ADM_01845,2024-12-25,16517.79,14497.44,2020.35,Paid,Credit Card
BILL_000651,P_00729,ADM_00651,2024-08-02,22367.5,19344.26,3023.24,Paid,Credit Card
BILL_002932,P_00474,ADM_02932,2024-02-17,13561.73,11565.41,1996.32,  Paid  ,Cash
BILL_000520,P_00190,ADM_00520,2024-05-16,8319.19,6617.56,1701.63,Paid,Commercial Insurance
BILL_004813,P_00821,ADM_04813,2025-04-21,12649.1,9622.45,3026.65,PAID,Cash
BILL_004317,P_01426,ADM_04317,2025-02-11,8697.24,5823.66,2873.58,paid,Direct Debit
BILL_003593,P_03483,ADM_03593,2024-11-26,13351.23,9022.53,4328.7,Paid,Credit Card
BILL_003002,P_03257,ADM_03002,2024-04-22,7351.86,6250.44,1101.42,Paid,Direct Debit
BILL_000769,P_02144,ADM_00769,2024-07-21,16994.58,14570.43,2424.15,Paid,Direct Debit
BILL_001961,P_00626,ADM_01961,2024-11-12,13198.94,9353.03,3845.91,Paid,Direct Debit
BILL_004699,P_00699,ADM_04699,2024-10-05,7750.94,5064.76,2686.18,Paid,Direct Debit
BILL_003306,P_02197,ADM_03306,2024-02-09,4775.74,3980.01,795.73,Paid,Medicare
BILL_000642,P_01660,ADM_00642,2025-04-14,14398.8,11449.71,2949.09,Paid,Medicare
BILL_000759,P_00989,ADM_00759,2024-02-01,8513.94,6731.87,1782.07,Paid,Commercial Insurance
BILL_003314,P_03432,ADM_03314,2024-04-25,10282.22,9483.48,798.74,Paid,Medicare
BILL_003414,P_01696,ADM_03414,2024-03-17,9228.12,6396.07,2832.05,Overdue,Commercial Insurance
BILL_000676,P_01027,ADM_00676,2024-09-12,4064.9,3338.41,726.49,Paid,Direct Debit
BILL_001321,P_01471,ADM_01321,2025-01-30,11781.39,7855.63,3925.76,Paid,Direct Debit
BILL_000874,P_02142,ADM_00874,2025-02-07,7039.77,5536.87,1502.9,Paid,Cash
BILL_001129,P_02139,ADM_01129,2024-05-23,8591.65,6729.18,1862.47,Paid,Medicare
BILL_001998,P_00187,ADM_01998,2024-05-07,6322.5,5975.54,346.96,Paid,Cash
BILL_001710,P_01213,ADM_01710,2025-05-16,9627.68,8025.56,1602.12,Paid,Direct Debit
BILL_004470,P_01839,ADM_04470,2024-11-17,8958.55,8167.65,790.9,Pending,Medicare
BILL_003128,P_01953,ADM_03128,2024-10-06,11603.42,9631.22,1972.2,paid,Medicare
BILL_000431,P_00322,ADM_00431,2024-02-19,6479.94,4589.39,1890.55,Paid,Direct Debit
BILL_002585,P_03052,ADM_02585,2024-07-12,7710.36,6824.1,886.26,Paid,UNKNOWN_VAL
