diagnosis_id,admission_id,patient_id,icd10_code,diagnosis_description,diagnosis_type,diagnosis_date,severity
DX_000001,ADM_00001,P_03276,I21.9,"Acute myocardial infarction, unspecified",  Primary  ,2025-01-16,Severe
DX_000002,ADM_00001,P_03276,C34.90,Malignant neoplasm of unspecified part of bronchus or lung,secondary,2025-01-16,Severe
DX_000003,ADM_00002,P_00570,J44.9,"Chronic obstructive pulmonary disease, unspecified",  Primary  ,2024-09-09,Severe
DX_000004,ADM_00002,P_00570,E11.9,Type 2 diabetes mellitus without complications,Secondary,2024-09-09,Moderate
DX_000005,ADM_00003,P_01868,N18.9,"Chronic kidney disease, unspecified",Primary,2024-12-26,Severe
DX_000006,ADM_00003,P_01868,J18.9,"Pneumonia, unspecified organism",Secondary,2024-12-26,Moderate
DX_000007,ADM_00004,P_02644,E11.9,Type 2 diabetes mellitus without complications,Primary,2025-04-12,Moderate
DX_000008,ADM_00005,P_02021,M54.5,Low back pain,PRIMARY,2024-05-10,Mild
DX_000009,ADM_00005,P_02021,F32.9,"Major depressive disorder, single episode",Secondary,2024-05-10,Moderate
DX_000010,ADM_00006,P_00501,E11.9,Type 2 diabetes mellitus without complications,Primary,2024-11-08,Moderate
DX_000011,ADM_00006,P_00501,I21.9,"Acute myocardial infarction, unspecified",Secondary,2024-11-08,Severe
DX_000012,ADM_00007,P_02938,M54.5,Low back pain,Primary,2024-06-18,Mild
DX_000013,ADM_00008,P_03289,K21.9,Gastro-esophageal reflux disease without esophagitis,Primary,2024-12-27,Mild
DX_000014,ADM_00008,P_03289,I21.9,"Acute myocardial infarction, unspecified",Secondary,2024-12-27,Severe
DX_000015,ADM_00009,P_02114,M54.5,Low back pain,Primary,2024-01-09,Mild
DX_000016,ADM_00010,P_00118,I21.9,"Acute myocardial infarction, unspecified",Primary,2025-02-09,Severe
DX_000017,ADM_00011,P_01715,F32.9,"Major depressive disorder, single episode",Primary,2025-03-09,Moderate
DX_000018,ADM_00012,P_03296,I50.9,"Heart failure, unspecified",Primary,2024-12-20,Severe
DX_000019,ADM_00013,P_02941,J44.9,"Chronic obstructive pulmonary disease, unspecified",Primary,2024-01-12,Severe
DX_000020,ADM_00013,P_02941,I10,Essential (primary) hypertension,Secondary,2024-01-12,Moderate
DX_000021,ADM_00014,P_02985,F32.9,"Major depressive disorder, single episode",Primary,2024-09-15,Moderate
DX_000022,ADM_00015,P_01064,J44.9,"Chronic obstructive pulmonary disease, unspecified",Primary,2024-01-19,Severe
DX_000023,ADM_00016,P_03445,N18.9,"Chronic kidney disease, unspecified",Primary,2024-08-08,  Severe  
DX_000024,ADM_00016,P_03445,J18.9,"Pneumonia, unspecified organism",Secondary,2024-08-08,Moderate
DX_000025,ADM_00017,P_02016,A41.9,"Sepsis, unspecified organism",Primary,2024-09-17,Severe
DX_000026,ADM_00018,P_01561,I50.9,"Heart failure, unspecified",Primary,2024-08-05,  Severe  
DX_000027,ADM_00019,P_01561,E11.9,Type 2 diabetes mellitus without complications,Primary,2024-08-19,Moderate
DX_000028,ADM_00020,P_00844,F32.9,"Major depressive disorder, single episode",Primary,2024-12-03,Moderate
DX_000029,ADM_00021,P_00566,F32.9,"Major depressive disorder, single episode",Primary,2024-01-12,Moderate
DX_000030,ADM_00021,P_00566,N18.9,"Chronic kidney disease, unspecified",SECONDARY,2024-01-12,Severe
DX_000031,ADM_00022,P_02978,I21.9,"Acute myocardial infarction, unspecified",Primary,2024-10-11,Severe
DX_000032,ADM_00022,P_02978,E11.9,Type 2 diabetes mellitus without complications,Secondary,2024-10-11,Moderate
DX_000033,ADM_00023,P_03403,I10,Essential (primary) hypertension,Primary,2024-05-21,Moderate
DX_000034,ADM_00024,P_03403,J44.9,"Chronic obstructive pulmonary disease, unspecified",Primary,2024-06-13,Severe
DX_000035,ADM_00025,P_00064,J18.9,"Pneumonia, unspecified organism",Primary,2024-09-17,Moderate
DX_000036,ADM_00026,P_02954,I21.9,"Acute myocardial infarction, unspecified",Primary,2025-03-14,  Severe  
DX_000037,ADM_00026,P_02954,C34.90,Malignant neoplasm of unspecified part of bronchus or lung,Secondary,2025-03-14,severe
DX_000038,ADM_00027,P_01322,J44.9,"Chronic obstructive pulmonary disease, unspecified",Primary,2024-10-13,Severe
DX_000039,ADM_00027,P_01322,I50.9,"Heart failure, unspecified",Secondary,2024-10-13,Severe
DX_000040,ADM_00028,P_01322,J44.9,"Chronic obstructive pulmonary disease, unspecified",Primary,2024-11-07,severe
DX_000041,ADM_00028,P_01322,E11.9,Type 2 diabetes mellitus without complications,Secondary,2024-11-07,Moderate
DX_000042,ADM_00029,P_03087,M54.5,Low back pain,Primary,2024-05-12,Mild
DX_000043,ADM_00029,P_03087,E11.9,Type 2 diabetes mellitus without complications,Secondary,2024-05-12,Moderate
DX_000044,ADM_00030,P_00956,F32.9,"Major depressive disorder, single episode",Primary,2024-08-13,Moderate
DX_000045,ADM_00031,P_00381,A41.9,"Sepsis, unspecified organism",Primary,2024-08-30,Severe
DX_000046,ADM_00032,P_00381,I50.9,"Heart failure, unspecified",Primary,2024-09-14,Severe
DX_000047,ADM_00033,P_02694,E11.9,Type 2 diabetes mellitus without complications,Primary,2024-09-09,Moderate
DX_000048,ADM_00033,P_02694,F32.9,"Major depressive disorder, single episode",Secondary,2024-09-09,  Moderate  
DX_000049,ADM_00034,P_02092,A41.9,"Sepsis, unspecified organism",Primary,2024-07-25,Severe
DX_000050,ADM_00034,P_02092,N18.9,"Chronic kidney disease, unspecified",Secondary,2024-07-25,Severe
DX_000051,ADM_00035,P_02092,I10,Essential (primary) hypertension,PRIMARY,2024-08-28,Moderate
DX_000052,ADM_00035,P_02092,E11.9,Type 2 diabetes mellitus without complications,Secondary,2024-08-28,Moderate
DX_000053,ADM_00036,P_01557,J18.9,"Pneumonia, unspecified organism",Primary,2024-10-30,Moderate
DX_000054,ADM_00037,P_02714,M54.5,Low back pain,Primary,2024-12-05,Mild
DX_000055,ADM_00037,P_02714,J18.9,"Pneumonia, unspecified organism",Secondary,2024-12-05,Moderate
DX_000056,ADM_00038,P_00675,C34.90,Malignant neoplasm of unspecified part of bronchus or lung,Primary,2025-04-06,Severe
DX_000057,ADM_00039,P_00895,E11.9,Type 2 diabetes mellitus without complications,Primary,2024-05-05,Moderate
DX_000058,ADM_00039,P_00895,N18.9,"Chronic kidney disease, unspecified",Secondary,2024-05-05,Severe
DX_000059,ADM_00040,P_02089,I50.9,"Heart failure, unspecified",Primary,2024-06-24,Severe
DX_000060,ADM_00041,P_03408,F32.9,"Major depressive disorder, single episode",Primary,2024-09-05,Moderate
DX_000061,ADM_00041,P_03408,K21.9,Gastro-esophageal reflux disease without esophagitis,Secondary,2024-09-05,Mild
DX_000062,ADM_00042,P_00076,F32.9,"Major depressive disorder, single episode",Primary,2025-04-30,Moderate
DX_000063,ADM_00042,P_00076,J44.9,"Chronic obstructive pulmonary disease, unspecified",Secondary,2025-04-30,Severe
DX_000064,ADM_00043,P_00897,I10,Essential (primary) hypertension,Primary,2025-05-13,Moderate
DX_000065,ADM_00043,P_00897,K21.9,Gastro-esophageal reflux disease without esophagitis,Secondary,2025-05-13,Mild
DX_000066,ADM_00044,P_03404,J44.9,"Chronic obstructive pulmonary disease, unspecified",Primary,2024-08-31,Severe
DX_000067,ADM_00045,P_02606,C34.90,Malignant neoplasm of unspecified part of bronchus or lung,Primary,2024-02-11,Severe
DX_000068,ADM_00045,P_02606,K21.9,Gastro-esophageal reflux disease without esophagitis,Secondary,2024-02-11,Mild
DX_000069,ADM_00046,P_02801,F32.9,"Major depressive disorder, single episode",Primary,2024-11-03,Moderate
DX_000070,ADM_00046,P_02801,N18.9,"Chronic kidney disease, unspecified",secondary,2024-11-03,Severe
DX_000071,ADM_00047,P_02551,K21.9,Gastro-esophageal reflux disease without esophagitis,Primary,2024-05-20,Mild
DX_000072,ADM_00047,P_02551,E11.9,Type 2 diabetes mellitus without complications,Secondary,2024-05-20,MODERATE
DX_000073,ADM_00048,P_02551,K21.9,Gastro-esophageal reflux disease without esophagitis,Primary,2024-06-18,Mild
DX_000074,ADM_00049,P_02891,I10,Essential (primary) hypertension,Primary,2025-05-12,Moderate
DX_000075,ADM_00050,P_02891,K21.9,Gastro-esophageal reflux disease without esophagitis,Primary,2025-06-02,mild
DX_000076,ADM_00050,P_02891,I21.9,"Acute myocardial infarction, unspecified",SECONDARY,2025-06-02,  Severe  
DX_000077,ADM_00051,P_03116,J44.9,"Chronic obstructive pulmonary disease, unspecified",PRIMARY,2025-03-05,Severe
DX_000078,ADM_00052,P_03116,J44.9,"Chronic obstructive pulmonary disease, unspecified",Primary,2025-03-24,Severe
DX_000079,ADM_00052,P_03116,F32.9,"Major depressive disorder, single episode",Secondary,2025-03-24,Moderate
DX_000080,ADM_00053,P_01371,A41.9,"Sepsis, unspecified organism",Primary,2024-05-17,Severe
DX_000081,ADM_00053,P_01371,N18.9,"Chronic kidney disease, unspecified",Secondary,2024-05-17,Severe
DX_000082,ADM_00054,P_00295,C34.90,Malignant neoplasm of unspecified part of bronchus or lung,Primary,2025-02-02,Severe
DX_000083,ADM_00055,P_00295,J18.9,"Pneumonia, unspecified organism",Primary,2025-02-24,Moderate
DX_000084,ADM_00056,P_02453,I50.9,"Heart failure, unspecified",Primary,2024-05-01,Severe
DX_000085,ADM_00056,P_02453,A41.9,"Sepsis, unspecified organism",Secondary,2024-05-01,Severe
DX_000086,ADM_00057,P_00205,J44.9,"Chronic obstructive pulmonary disease, unspecified",Primary,2025-05-04,Severe
DX_000087,ADM_00057,P_00205,N18.9,"Chronic kidney disease, unspecified",Secondary,2025-05-04,Severe
DX_000088,ADM_00058,P_00753,C34.90,Malignant neoplasm of unspecified part of bronchus or lung,PRIMARY,2025-03-03,  Severe  
DX_000089,ADM_00058,P_00753,A41.9,"Sepsis, unspecified organism",Secondary,2025-03-03,Severe
DX_000090,ADM_00059,P_00753,E11.9,Type 2 diabetes mellitus without complications,Primary,2025-04-03,Moderate
DX_000091,ADM_00059,P_00753,J18.9,"Pneumonia, unspecified organism",Secondary,2025-04-03,Moderate
DX_000092,ADM_00060,P_01341,N18.9,"Chronic kidney disease, unspecified",Primary,2024-08-31,Severe
DX_000093,ADM_00061,P_01341,K21.9,Gastro-esophageal reflux disease without esophagitis,Primary,2024-09-12,mild
DX_000094,ADM_00061,P_01341,A41.9,"Sepsis, unspecified organism",Secondary,2024-09-12,Severe
DX_000095,ADM_00062,P_01151,J18.9,"Pneumonia, unspecified organism",Primary,2025-02-09,Moderate
DX_000096,ADM_00062,P_01151,J44.9,"Chronic obstructive pulmonary disease, unspecified",Secondary,2025-02-09,Severe
DX_000097,ADM_00063,P_02459,I21.9,"Acute myocardial infarction, unspecified",Primary,2024-09-02,Severe
DX_000098,ADM_00063,P_02459,F32.9,"Major depressive disorder, single episode",Secondary,2024-09-02,Moderate
DX_000099,ADM_00064,P_02575,N18.9,"Chronic kidney disease, unspecified",Primary,2025-01-27,Severe
DX_000100,ADM_00064,P_02575,A41.9,"Sepsis, unspecified organism",Secondary,2025-01-27,Severe
DX_000101,ADM_00065,P_00340,I21.9,"Acute myocardial infarction, unspecified",Primary,2025-05-12,Severe
DX_000102,ADM_00065,P_00340,N18.9,"Chronic kidney disease, unspecified",Secondary,2025-05-12,severe
DX_000103,ADM_00066,P_00806,A41.9,"Sepsis, unspecified organism",Primary,2024-10-10,Severe
DX_000104,ADM_00067,P_01797,I21.9,"Acute myocardial infarction, unspecified",Primary,2024-07-10,Severe
DX_000105,ADM_00067,P_01797,A41.9,"Sepsis, unspecified organism",Secondary,2024-07-10,Severe
DX_000106,ADM_00068,P_03060,M54.5,Low back pain,Primary,2024-02-23,Mild
DX_000107,ADM_00068,P_03060,N18.9,"Chronic kidney disease, unspecified",Secondary,2024-02-23,Severe
DX_000108,ADM_00069,P_01708,M54.5,Low back pain,primary,2024-06-25,Mild
DX_000109,ADM_00070,P_01708,A41.9,"Sepsis, unspecified organism",Primary,2024-07-16,severe
DX_000110,ADM_00071,P_01095,I10,Essential (primary) hypertension,Primary,2024-11-20,Moderate
DX_000111,ADM_00071,P_01095,J18.9,"Pneumonia, unspecified organism",Secondary,20-11-2024,Moderate
DX_000112,ADM_00072,P_02577,N18.9,"Chronic kidney disease, unspecified",Primary,2025-01-18,Severe
DX_000113,ADM_00073,P_03250,A41.9,"Sepsis, unspecified organism",primary,2024-11-15,Severe
DX_000114,ADM_00073,P_03250,J18.9,"Pneumonia, unspecified organism",Secondary,2024-11-15,Moderate
DX_000115,ADM_00074,P_00628,K21.9,Gastro-esophageal reflux disease without esophagitis,PRIMARY,2025-02-24,Mild
DX_000116,ADM_00074,P_00628,N18.9,"Chronic kidney disease, unspecified",Secondary,2025/02/24 00:00:00,Severe
DX_000117,ADM_00075,P_02567,I21.9,"Acute myocardial infarction, unspecified",Primary,2025-02-15,Severe
DX_000118,ADM_00075,P_02567,N18.9,"Chronic kidney disease, unspecified",Secondary,2025-02-15,Severe
DX_000119,ADM_00076,P_00351,K21.9,Gastro-esophageal reflux disease without esophagitis,Primary,2025-05-11,Mild
DX_000120,ADM_00076,P_00351,N18.9,"Chronic kidney disease, unspecified",Secondary,2025-05-11,Severe
DX_000121,ADM_00077,P_02659,N18.9,"Chronic kidney disease, unspecified",Primary,2024-10-12,Severe
DX_000122,ADM_00077,P_02659,M54.5,Low back pain,Secondary,2024-10-12,MILD
DX_000123,ADM_00078,P_01860,C34.90,Malignant neoplasm of unspecified part of bronchus or lung,Primary,2025-03-23,Severe
DX_000124,ADM_00079,P_00651,M54.5,Low back pain,Primary,2024-04-03,Mild
DX_000125,ADM_00079,P_00651,E11.9,Type 2 diabetes mellitus without complications,Secondary,2024-04-03,Moderate
DX_000126,ADM_00080,P_01519,N18.9,"Chronic kidney disease, unspecified",primary,2024-09-01,Severe
DX_000127,ADM_00081,P_01519,J44.9,"Chronic obstructive pulmonary disease, unspecified",Primary,2024-09-23,Severe
DX_000128,ADM_00081,P_01519,I21.9,"Acute myocardial infarction, unspecified",Secondary,2024-09-23,Severe
DX_000129,ADM_00082,P_02497,F32.9,"Major depressive disorder, single episode",Primary,2025-03-01,MODERATE
DX_000130,ADM_00082,P_02497,K21.9,Gastro-esophageal reflux disease without esophagitis,Secondary,2025/03/01 00:00:00,Mild
DX_000131,ADM_00083,P_03201,N18.9,"Chronic kidney disease, unspecified",Primary,2024-12-22,Severe
DX_000132,ADM_00083,P_03201,I10,Essential (primary) hypertension,Secondary,2024-12-22,Moderate
DX_000133,ADM_00084,P_00265,F32.9,"Major depressive disorder, single episode",Primary,2024-09-04,Moderate
DX_000134,ADM_00085,P_02776,I10,Essential (primary) hypertension,Primary,2024-06-02,MODERATE
DX_000135,ADM_00085,P_02776,J44.9,"Chronic obstructive pulmonary disease, unspecified",Secondary,2024-06-02,Severe
DX_000136,ADM_00086,P_00677,M54.5,Low back pain,Primary,2024-04-15,Mild
DX_000137,ADM_00087,P_02540,N18.9,"Chronic kidney disease, unspecified",Primary,2024-04-01,severe
DX_000138,ADM_00087,P_02540,I50.9,"Heart failure, unspecified",Secondary,2024-04-01,Severe
DX_000139,ADM_00088,P_02540,I21.9,"Acute myocardial infarction, unspecified",Primary,2024-04-26,Severe
DX_000140,ADM_00088,P_02540,K21.9,Gastro-esophageal reflux disease without esophagitis,Secondary,2024-04-26,Mild
DX_000141,ADM_00089,P_02716,C34.90,Malignant neoplasm of unspecified part of bronchus or lung,Primary,2024/08/31 00:00:00,Severe
DX_000142,ADM_00090,P_01554,M54.5,Low back pain,Primary,2024-10-25,Mild
DX_000143,ADM_00090,P_01554,I21.9,"Acute myocardial infarction, unspecified",Secondary,2024-10-25,Severe
DX_000144,ADM_00091,P_01336,I50.9,"Heart failure, unspecified",Primary,01/06/2025,Severe
DX_000145,ADM_00092,P_00862,M54.5,Low back pain,Primary,2024-04-23,Mild
DX_000146,ADM_00092,P_00862,J44.9,"Chronic obstructive pulmonary disease, unspecified",Secondary,2024-04-23,  Severe  
DX_000147,ADM_00093,P_02693,C34.90,Malignant neoplasm of unspecified part of bronchus or lung,Primary,2024-02-22,Severe
DX_000148,ADM_00094,P_00716,M54.5,Low back pain,Primary,2025-01-06,Mild
DX_000149,ADM_00095,P_00716,J18.9,"Pneumonia, unspecified organism",Primary,2025-01-15,Moderate
DX_000150,ADM_00095,P_00716,J44.9,"Chronic obstructive pulmonary disease, unspecified",SECONDARY,2025-01-15,Severe
DX_000151,ADM_00096,P_01659,J44.9,"Chronic obstructive pulmonary disease, unspecified",Primary,2024-06-01,Severe
DX_000152,ADM_00096,P_01659,I50.9,"Heart failure, unspecified",Secondary,2024-06-01,Severe
DX_000153,ADM_00097,P_01659,J18.9,"Pneumonia, unspecified organism",Primary,2024-06-21,Moderate
DX_000154,ADM_00098,P_00209,I10,Essential (primary) hypertension,Primary,2024-02-26,Moderate
DX_000155,ADM_00099,P_01894,F32.9,"Major depressive disorder, single episode",Primary,2025-03-15,Moderate
DX_000156,ADM_00100,P_01077,N18.9,"Chronic kidney disease, unspecified",Primary,2024-12-05,Severe
DX_000157,ADM_00101,P_02844,J44.9,"Chronic obstructive pulmonary disease, unspecified",Primary,2024-09-04,Severe
DX_000158,ADM_00101,P_02844,I50.9,"Heart failure, unspecified",Secondary,2024-09-04,Severe
DX_000159,ADM_00102,P_02844,J44.9,"Chronic obstructive pulmonary disease, unspecified",Primary,2024-09-30,Severe
DX_000160,ADM_00102,P_02844,F32.9,"Major depressive disorder, single episode",Secondary,2024-09-30,Moderate
DX_000161,ADM_00103,P_01644,J44.9,"Chronic obstructive pulmonary disease, unspecified",Primary,2024-02-23,Severe
DX_000162,ADM_00103,P_01644,J18.9,"Pneumonia, unspecified organism",Secondary,2024-02-23,Moderate
DX_000163,ADM_00104,P_02996,E11.9,Type 2 diabetes mellitus without complications,UNKNOWN_VAL,2024-06-07,Moderate
DX_000164,ADM_00104,P_02996,K21.9,Gastro-esophageal reflux disease without esophagitis,Secondary,2024-06-07,Mild
DX_000165,ADM_00105,P_02658,I50.9,"Heart failure, unspecified",Primary,2024-08-27,Severe
DX_000166,ADM_00106,P_00974,I10,Essential (primary) hypertension,Primary,2024-10-01,Moderate
DX_000167,ADM_00107,P_00073,I10,Essential (primary) hypertension,Primary,2025-02-06,Moderate
DX_000168,ADM_00108,P_02449,I50.9,"Heart failure, unspecified",Primary,2025-03-02,Severe
DX_000169,ADM_00108,P_02449,A41.9,"Sepsis, unspecified organism",secondary,2025-03-02,Severe
DX_000170,ADM_00109,P_01649,I21.9,"Acute myocardial infarction, unspecified",Primary,2024-03-20,SEVERE
DX_000171,ADM_00109,P_01649,C34.90,Malignant neoplasm of unspecified part of bronchus or lung,Secondary,2024-03-20,Severe
DX_000172,ADM_00110,P_01076,F32.9,"Major depressive disorder, single episode",Primary,2025-02-01,Moderate
DX_000173,ADM_00111,P_02684,M54.5,Low back pain,Primary,2024-08-15,Mild
DX_000174,ADM_00111,P_02684,J18.9,"Pneumonia, unspecified organism",Secondary,2024-08-15,Moderate
DX_000175,ADM_00112,P_01031,J44.9,"Chronic obstructive pulmonary disease, unspecified",PRIMARY,2025-02-17,Severe
DX_000176,ADM_00112,P_01031,I10,Essential (primary) hypertension,  Secondary  ,02/17/2025,Moderate
DX_000177,ADM_00113,P_02935,F32.9,"Major depressive disorder, single episode",Primary,2024-05-10,Moderate
DX_000178,ADM_00113,P_02935,I21.9,"Acute myocardial infarction, unspecified",Secondary,2024-05-10,Severe
DX_000179,ADM_00114,P_02004,I50.9,"Heart failure, unspecified",Primary,2025-05-13,severe
DX_000180,ADM_00115,P_01309,M54.5,Low back pain,Primary,2024-06-23,Mild
DX_000181,ADM_00115,P_01309,C34.90,Malignant neoplasm of unspecified part of bronchus or lung,Secondary,2024-06-23,Severe
DX_000182,ADM_00116,P_02046,F32.9,"Major depressive disorder, single episode",Primary,2024-07-09,Moderate
DX_000183,ADM_00117,P_01891,J44.9,"Chronic obstructive pulmonary disease, unspecified",Primary,2024-04-07,Severe
DX_000184,ADM_00118,P_01891,I50.9,"Heart failure, unspecified",Primary,2024-04-24,Severe
DX_000185,ADM_00118,P_01891,E11.9,Type 2 diabetes mellitus without complications,Secondary,2024-04-24,Moderate
DX_000186,ADM_00119,P_02777,F32.9,"Major depressive disorder, single episode",Primary,2024-12-03,Moderate
DX_000187,ADM_00120,P_03071,J18.9,"Pneumonia, unspecified organism",Primary,2025-04-26,Moderate
DX_000188,ADM_00121,P_01105,C34.90,Malignant neoplasm of unspecified part of bronchus or lung,Primary,2024-01-18,Severe
DX_000189,ADM_00121,P_01105,F32.9,"Major depressive disorder, single episode",Secondary,2024-01-18,  Moderate  
DX_000190,ADM_00122,P_00730,J18.9,"Pneumonia, unspecified organism",Primary,2024-06-09,Moderate
DX_000191,ADM_00123,P_02883,I21.9,"Acute myocardial infarction, unspecified",Primary,2024-02-26,Severe
DX_000192,ADM_00124,P_03198,I21.9,"Acute myocardial infarction, unspecified",PRIMARY,2024-12-06,Severe
DX_000193,ADM_00124,P_03198,C34.90,Malignant neoplasm of unspecified part of bronchus or lung,Secondary,2024-12-06,Severe
DX_000194,ADM_00125,P_03198,E11.9,Type 2 diabetes mellitus without complications,Primary,2024-12-23,  Moderate  
DX_000195,ADM_00125,P_03198,J44.9,"Chronic obstructive pulmonary disease, unspecified",Secondary,2024-12-23,Severe
DX_000196,ADM_00126,P_01024,I21.9,"Acute myocardial infarction, unspecified",Primary,2024-04-11,Severe
DX_000197,ADM_00127,P_01508,J44.9,"Chronic obstructive pulmonary disease, unspecified",Primary,2024-12-26,Severe
DX_000198,ADM_00127,P_01508,F32.9,"Major depressive disorder, single episode",Secondary,2024-12-26,Moderate
DX_000199,ADM_00128,P_01508,C34.90,Malignant neoplasm of unspecified part of bronchus or lung,Primary,2025-01-08,Severe
DX_000200,ADM_00128,P_01508,N18.9,"Chronic kidney disease, unspecified",Secondary,2025-01-08,Severe
DX_000201,ADM_00129,P_02188,J44.9,"Chronic obstructive pulmonary disease, unspecified",Primary,2024-04-19,SEVERE
DX_000202,ADM_00130,P_00945,I10,Essential (primary) hypertension,Primary,2025-02-23,Moderate
DX_000203,ADM_00130,P_00945,N18.9,"Chronic kidney disease, unspecified",Secondary,2025-02-23,Severe
DX_000204,ADM_00131,P_00945,I50.9,"Heart failure, unspecified",Primary,2025-03-11,Severe
DX_000205,ADM_00132,P_02473,I21.9,"Acute myocardial infarction, unspecified",Primary,2025-04-11,Severe
DX_000206,ADM_00133,P_01269,J18.9,"Pneumonia, unspecified organism",Primary,2024-04-26,Moderate
DX_000207,ADM_00133,P_01269,N18.9,"Chronic kidney disease, unspecified",Secondary,2024-04-26,Severe
DX_000208,ADM_00134,P_00922,I50.9,"Heart failure, unspecified",Primary,2024-09-02,Severe
DX_000209,ADM_00134,P_00922,A41.9,"Sepsis, unspecified organism",Secondary,2024-09-02,Severe
DX_000210,ADM_00135,P_01809,A41.9,"Sepsis, unspecified organism",Primary,2025-05-01,  Severe  
DX_000211,ADM_00135,P_01809,E11.9,Type 2 diabetes mellitus without complications,Secondary,2025-05-01,Moderate
DX_000212,ADM_00136,P_00803,I21.9,"Acute myocardial infarction, unspecified",Primary,2024-12-06,  Severe  
DX_000213,ADM_00136,P_00803,C34.90,Malignant neoplasm of unspecified part of bronchus or lung,Secondary,2024-12-06,Severe
DX_000214,ADM_00137,P_00803,I10,Essential (primary) hypertension,Primary,2024-12-23,Moderate
DX_000215,ADM_00137,P_00803,A41.9,"Sepsis, unspecified organism",Secondary,2024-12-23,Severe
DX_000216,ADM_00138,P_02576,A41.9,"Sepsis, unspecified organism",Primary,2025-03-07,Severe
DX_000217,ADM_00139,P_02104,J44.9,"Chronic obstructive pulmonary disease, unspecified",Primary,2025-05-13,Severe
DX_000218,ADM_00139,P_02104,J18.9,"Pneumonia, unspecified organism",Secondary,2025-05-13,Moderate
DX_000219,ADM_00140,P_01701,I50.9,"Heart failure, unspecified",Primary,2025-04-04,Severe
DX_000220,ADM_00141,P_01084,I10,Essential (primary) hypertension,Primary,2024-03-13,Moderate
DX_000221,ADM_00142,P_01599,I21.9,"Acute myocardial infarction, unspecified",Primary,25-04-2025,Severe
DX_000222,ADM_00143,P_02754,A41.9,"Sepsis, unspecified organism",Primary,2025-05-04,Severe
DX_000223,ADM_00144,P_02754,M54.5,Low back pain,Primary,2025-06-02,Mild
DX_000224,ADM_00144,P_02754,K21.9,Gastro-esophageal reflux disease without esophagitis,Secondary,2025-06-02,Mild
DX_000225,ADM_00145,P_01321,I50.9,"Heart failure, unspecified",Primary,2025-02-16,Severe
DX_000226,ADM_00145,P_01321,J18.9,"Pneumonia, unspecified organism",Secondary,2025-02-16,Moderate
DX_000227,ADM_00146,P_02004,A41.9,"Sepsis, unspecified organism",Primary,2024-10-17,Severe
DX_000228,ADM_00146,P_02004,C34.90,Malignant neoplasm of unspecified part of bronchus or lung,Secondary,2024-10-17,Severe
DX_000229,ADM_00147,P_03318,F32.9,"Major depressive disorder, single episode",Primary,2025-03-18,Moderate
DX_000230,ADM_00148,P_01305,A41.9,"Sepsis, unspecified organism",Primary,2025-05-08,Severe
DX_000231,ADM_00148,P_01305,J44.9,"Chronic obstructive pulmonary disease, unspecified",Secondary,2025-05-08,Severe
DX_000232,ADM_00149,P_01525,N18.9,"Chronic kidney disease, unspecified",Primary,2024-04-02,Severe
DX_000233,ADM_00149,P_01525,I21.9,"Acute myocardial infarction, unspecified",Secondary,2024-04-02,Severe
DX_000234,ADM_00150,P_01174,I50.9,"Heart failure, unspecified",Primary,2024-02-26,Severe
DX_000235,ADM_00151,P_02181,C34.90,Malignant neoplasm of unspecified part of bronchus or lung,Primary,2024-02-13,severe
DX_000236,ADM_00151,P_02181,M54.5,Low back pain,Secondary,2024-02-13,Mild
DX_000237,ADM_00152,P_02094,E11.9,Type 2 diabetes mellitus without complications,  Primary  ,12/17/2024,Moderate
DX_000238,ADM_00153,P_02636,E11.9,Type 2 diabetes mellitus without complications,Primary,2024-02-21,Moderate
DX_000239,ADM_00154,P_01757,J44.9,"Chronic obstructive pulmonary disease, unspecified",Primary,2024-06-03,SEVERE
DX_000240,ADM_00154,P_01757,A41.9,"Sepsis, unspecified organism",Secondary,2024-06-03,Severe
DX_000241,ADM_00155,P_01145,F32.9,"Major depressive disorder, single episode",Primary,2025-04-25,Moderate
DX_000242,ADM_00156,P_00680,K21.9,Gastro-esophageal reflux disease without esophagitis,Primary,2025-04-29,Mild
DX_000243,ADM_00157,P_00813,E11.9,Type 2 diabetes mellitus without complications,primary,2024-06-14,Moderate
DX_000244,ADM_00157,P_00813,J18.9,"Pneumonia, unspecified organism",Secondary,2024-06-14,Moderate
DX_000245,ADM_00158,P_00456,E11.9,Type 2 diabetes mellitus without complications,Primary,2024-08-14,Moderate
DX_000246,ADM_00158,P_00456,I21.9,"Acute myocardial infarction, unspecified",Secondary,14-08-2024,severe
DX_000247,ADM_00159,P_00047,A41.9,"Sepsis, unspecified organism",Primary,2024-01-01,Severe
DX_000248,ADM_00159,P_00047,J44.9,"Chronic obstructive pulmonary disease, unspecified",Secondary,2024-01-01,Severe
DX_000249,ADM_00160,P_01193,N18.9,"Chronic kidney disease, unspecified",Primary,2025-04-09,Severe
DX_000250,ADM_00160,P_01193,A41.9,"Sepsis, unspecified organism",Secondary,2025-04-09,Severe
DX_000251,ADM_00161,P_01728,J18.9,"Pneumonia, unspecified organism",Primary,2024-08-10,Moderate
DX_000252,ADM_00161,P_01728,I10,Essential (primary) hypertension,Secondary,2024-08-10,Moderate
DX_000253,ADM_00162,P_01728,M54.5,Low back pain,Primary,2024-08-19,Mild
DX_000254,ADM_00162,P_01728,A41.9,"Sepsis, unspecified organism",Secondary,2024-08-19,SEVERE
DX_000255,ADM_00163,P_02473,A41.9,"Sepsis, unspecified organism",Primary,2024-01-02,Severe
DX_000256,ADM_00164,P_03434,J18.9,"Pneumonia, unspecified organism",Primary,2024-11-21,Moderate
DX_000257,ADM_00164,P_03434,I21.9,"Acute myocardial infarction, unspecified",Secondary,2024-11-21,Severe
DX_000258,ADM_00165,P_00604,I50.9,"Heart failure, unspecified",  Primary  ,2024-05-24,Severe
DX_000259,ADM_00165,P_00604,A41.9,"Sepsis, unspecified organism",Secondary,2024-05-24,Severe
DX_000260,ADM_00166,P_00604,M54.5,Low back pain,Primary,2024-06-23,Mild
DX_000261,ADM_00166,P_00604,A41.9,"Sepsis, unspecified organism",Secondary,2024-06-23,Severe
DX_000262,ADM_00167,P_00422,J18.9,"Pneumonia, unspecified organism",Primary,2024-07-18,Moderate
DX_000263,ADM_00167,P_00422,M54.5,Low back pain,Secondary,2024-07-18,Mild
DX_000264,ADM_00168,P_02750,J18.9,"Pneumonia, unspecified organism",Primary,2024-07-17,Moderate
DX_000265,ADM_00169,P_02750,I10,Essential (primary) hypertension,Primary,2024-08-18,Moderate
DX_000266,ADM_00170,P_01914,F32.9,"Major depressive disorder, single episode",Primary,2024-02-25,Moderate
DX_000267,ADM_00170,P_01914,J18.9,"Pneumonia, unspecified organism",Secondary,2024-02-25,Moderate
DX_000268,ADM_00171,P_01914,N18.9,"Chronic kidney disease, unspecified",Primary,2024-03-24,Severe
DX_000269,ADM_00171,P_01914,I10,Essential (primary) hypertension,Secondary,2024-03-24,moderate
DX_000270,ADM_00172,P_00945,J44.9,"Chronic obstructive pulmonary disease, unspecified",Primary,2024-12-15,Severe
DX_000271,ADM_00172,P_00945,M54.5,Low back pain,Secondary,2024-12-15,Mild
DX_000272,ADM_00173,P_02332,I10,Essential (primary) hypertension,Primary,2025-05-09,Moderate
DX_000273,ADM_00173,P_02332,I50.9,"Heart failure, unspecified",SECONDARY,2025-05-09,Severe
DX_000274,ADM_00174,P_02332,I50.9,"Heart failure, unspecified",Primary,2025-05-22,Severe
DX_000275,ADM_00174,P_02332,J44.9,"Chronic obstructive pulmonary disease, unspecified",Secondary,2025-05-22,Severe
DX_000276,ADM_00175,P_00536,J18.9,"Pneumonia, unspecified organism",Primary,2025-02-20,Moderate
DX_000277,ADM_00176,P_02442,J18.9,"Pneumonia, unspecified organism",Primary,12/15/2024,Moderate
DX_000278,ADM_00176,P_02442,I10,Essential (primary) hypertension,Secondary,2024-12-15,Moderate
DX_000279,ADM_00177,P_01531,I10,Essential (primary) hypertension,Primary,2024-10-20,Moderate
DX_000280,ADM_00177,P_01531,M54.5,Low back pain,Secondary,2024-10-20,Mild
DX_000281,ADM_00178,P_00583,F32.9,"Major depressive disorder, single episode",PRIMARY,2024-07-19,Moderate
DX_000282,ADM_00178,P_00583,N18.9,"Chronic kidney disease, unspecified",Secondary,07/19/2024,Severe
DX_000283,ADM_00179,P_00718,I50.9,"Heart failure, unspecified",Primary,2025-05-06,Severe
DX_000284,ADM_00179,P_00718,F32.9,"Major depressive disorder, single episode",Secondary,2025-05-06,Moderate
DX_000285,ADM_00180,P_01020,A41.9,"Sepsis, unspecified organism",Primary,2025-01-08,Severe
DX_000286,ADM_00180,P_01020,N18.9,"Chronic kidney disease, unspecified",  Secondary  ,2025-01-08,Severe
DX_000287,ADM_00181,P_00704,M54.5,Low back pain,Primary,2025-02-11,Mild
DX_000288,ADM_00182,P_02341,E11.9,Type 2 diabetes mellitus without complications,Primary,2024-10-08,Moderate
DX_000289,ADM_00183,P_01132,F32.9,"Major depressive disorder, single episode",Primary,2024-01-06,Moderate
DX_000290,ADM_00183,P_01132,J18.9,"Pneumonia, unspecified organism",Secondary,2024-01-06,Moderate
DX_000291,ADM_00184,P_01132,F32.9,"Major depressive disorder, single episode",Primary,2024-02-06,Moderate
DX_000292,ADM_00184,P_01132,K21.9,Gastro-esophageal reflux disease without esophagitis,  Secondary  ,2024-02-06,Mild
DX_000293,ADM_00185,P_02234,I50.9,"Heart failure, unspecified",Primary,2025-01-22,Severe
DX_000294,ADM_00186,P_03438,J44.9,"Chronic obstructive pulmonary disease, unspecified",Primary,2024-11-23,Severe
DX_000295,ADM_00186,P_03438,A41.9,"Sepsis, unspecified organism",Secondary,2024-11-23,Severe
DX_000296,ADM_00187,P_00981,E11.9,Type 2 diabetes mellitus without complications,Primary,2025-03-11,Moderate
DX_000297,ADM_00187,P_00981,N18.9,"Chronic kidney disease, unspecified",Secondary,2025-03-11,Severe
DX_000298,ADM_00188,P_00981,K21.9,Gastro-esophageal reflux disease without esophagitis,Primary,2025-04-06,Mild
DX_000299,ADM_00188,P_00981,F32.9,"Major depressive disorder, single episode",Secondary,2025-04-06,Moderate
DX_000300,ADM_00189,P_03161,J44.9,"Chronic obstructive pulmonary disease, unspecified",Primary,2024-03-03,Severe
DX_000301,ADM_00189,P_03161,E11.9,Type 2 diabetes mellitus without complications,Secondary,2024-03-03,Moderate
DX_000302,ADM_00190,P_03161,E11.9,Type 2 diabetes mellitus without complications,Primary,2024-04-04,Moderate
DX_000303,ADM_00190,P_03161,C34.90,Malignant neoplasm of unspecified part of bronchus or lung,secondary,2024-04-04,Severe
DX_000304,ADM_00191,P_00363,F32.9,"Major depressive disorder, single episode",Primary,2025-04-11,  Moderate  
DX_000305,ADM_00192,P_01354,C34.90,Malignant neoplasm of unspecified part of bronchus or lung,  Primary  ,2024-09-19,Severe
DX_000306,ADM_00193,P_01354,C34.90,Malignant neoplasm of unspecified part of bronchus or lung,Primary,2024-09-30,Severe
DX_000307,ADM_00193,P_01354,J44.9,"Chronic obstructive pulmonary disease, unspecified",Secondary,2024-09-30,Severe
DX_000308,ADM_00194,P_00904,K21.9,Gastro-esophageal reflux disease without esophagitis,Primary,2025-02-17,Mild
DX_000309,ADM_00194,P_00904,F32.9,"Major depressive disorder, single episode",Secondary,2025-02-17,Moderate
DX_000310,ADM_00195,P_02019,I10,Essential (primary) hypertension,Primary,2024-02-11,Moderate
DX_000311,ADM_00195,P_02019,M54.5,Low back pain,Secondary,2024-02-11,Mild
DX_000312,ADM_00196,P_00134,M54.5,Low back pain,Primary,2024-07-29,Mild
DX_000313,ADM_00197,P_02348,F32.9,"Major depressive disorder, single episode",Primary,2024-02-07,Moderate
DX_000314,ADM_00198,P_01565,J44.9,"Chronic obstructive pulmonary disease, unspecified",Primary,2024-06-17,Severe
DX_000315,ADM_00199,P_03315,J44.9,"Chronic obstructive pulmonary disease, unspecified",Primary,2025-01-24,Severe
DX_000316,ADM_00200,P_00856,J44.9,"Chronic obstructive pulmonary disease, unspecified",Primary,2024-08-17,Severe
DX_000317,ADM_00200,P_00856,K21.9,Gastro-esophageal reflux disease without esophagitis,Secondary,2024-08-17,Mild
DX_000318,ADM_00201,P_02283,N18.9,"Chronic kidney disease, unspecified",Primary,2025-01-26,Severe
DX_000319,ADM_00202,P_02733,K21.9,Gastro-esophageal reflux disease without esophagitis,Primary,2025-03-15,Mild
DX_000320,ADM_00202,P_02733,C34.90,Malignant neoplasm of unspecified part of bronchus or lung,Secondary,2025-03-15,Severe
DX_000321,ADM_00203,P_01271,N18.9,"Chronic kidney disease, unspecified",Primary,2025-04-27,Severe
DX_000322,ADM_00203,P_01271,I50.9,"Heart failure, unspecified",Secondary,2025-04-27,Severe
DX_000323,ADM_00204,P_01271,E11.9,Type 2 diabetes mellitus without complications,Primary,2025-05-27,Moderate
DX_000324,ADM_00204,P_01271,J44.9,"Chronic obstructive pulmonary disease, unspecified",Secondary,2025-05-27,Severe
DX_000325,ADM_00205,P_02771,N18.9,"Chronic kidney disease, unspecified",Primary,2025-03-07,Severe
DX_000326,ADM_00205,P_02771,A41.9,"Sepsis, unspecified organism",Secondary,2025-03-07,Severe
DX_000327,ADM_00206,P_00969,I10,Essential (primary) hypertension,Primary,2024-04-26,Moderate
DX_000328,ADM_00206,P_00969,K21.9,Gastro-esophageal reflux disease without esophagitis,Secondary,2024-04-26,Mild
DX_000329,ADM_00207,P_01722,I50.9,"Heart failure, unspecified",Primary,2024-06-19,Severe
DX_000330,ADM_00207,P_01722,J18.9,"Pneumonia, unspecified organism",Secondary,2024-06-19,  Moderate  
DX_000331,ADM_00208,P_01082,J44.9,"Chronic obstructive pulmonary disease, unspecified",Primary,2024-02-29,Severe
DX_000332,ADM_00209,P_02185,I50.9,"Heart failure, unspecified",Primary,2024-10-27,Severe
DX_000333,ADM_00209,P_02185,J18.9,"Pneumonia, unspecified organism",Secondary,2024-10-27,Moderate
DX_000334,ADM_00210,P_02972,K21.9,Gastro-esophageal reflux disease without esophagitis,Primary,2025-03-07,Mild
DX_000335,ADM_00210,P_02972,M54.5,Low back pain,Secondary,2025-03-07,Mild
DX_000336,ADM_00211,P_01586,C34.90,Malignant neoplasm of unspecified part of bronchus or lung,Primary,2025-03-14,Severe
DX_000337,ADM_00212,P_00211,J44.9,"Chronic obstructive pulmonary disease, unspecified",  Primary  ,2024-10-31,Severe
DX_000338,ADM_00212,P_00211,F32.9,"Major depressive disorder, single episode",Secondary,2024-10-31,Moderate
DX_000339,ADM_00213,P_00211,K21.9,Gastro-esophageal reflux disease without esophagitis,Primary,2024-11-26,Mild
DX_000340,ADM_00213,P_00211,N18.9,"Chronic kidney disease, unspecified",Secondary,2024-11-26,Severe
DX_000341,ADM_00214,P_01225,A41.9,"Sepsis, unspecified organism",Primary,2024-07-30,Severe
DX_000342,ADM_00214,P_01225,I10,Essential (primary) hypertension,Secondary,2024-07-30,Moderate
DX_000343,ADM_00215,P_01983,N18.9,"Chronic kidney disease, unspecified",Primary,2024-08-30,SEVERE
DX_000344,ADM_00216,P_01188,J18.9,"Pneumonia, unspecified organism",Primary,2024-08-02,Moderate
DX_000345,ADM_00217,P_03237,J44.9,"Chronic obstructive pulmonary disease, unspecified",Primary,2024-03-18,Severe
DX_000346,ADM_00217,P_03237,I50.9,"Heart failure, unspecified",Secondary,2024-03-18,Severe
DX_000347,ADM_00218,P_03237,C34.90,Malignant neoplasm of unspecified part of bronchus or lung,Primary,04/05/2024,Severe
DX_000348,ADM_00218,P_03237,I21.9,"Acute myocardial infarction, unspecified",Secondary,2024/04/05 00:00:00,Severe
DX_000349,ADM_00219,P_02787,K21.9,Gastro-esophageal reflux disease without esophagitis,Primary,2025-01-23,Mild
DX_000350,ADM_00219,P_02787,J44.9,"Chronic obstructive pulmonary disease, unspecified",Secondary,01/23/2025,Severe
DX_000351,ADM_00220,P_02787,J18.9,"Pneumonia, unspecified organism",  Primary  ,2025-02-22,Moderate
DX_000352,ADM_00220,P_02787,F32.9,"Major depressive disorder, single episode",Secondary,2025-02-22,Moderate
DX_000353,ADM_00221,P_02165,F32.9,"Major depressive disorder, single episode",Primary,2025-01-14,Moderate
DX_000354,ADM_00221,P_02165,N18.9,"Chronic kidney disease, unspecified",Secondary,2025-01-14,Severe
DX_000355,ADM_00222,P_02964,I50.9,"Heart failure, unspecified",Primary,2025-01-08,Severe
DX_000356,ADM_00222,P_02964,A41.9,"Sepsis, unspecified organism",Secondary,2025-01-08,Severe
DX_000357,ADM_00223,P_02663,A41.9,"Sepsis, unspecified organism",Primary,2024-02-04,Severe
DX_000358,ADM_00224,P_01952,I10,Essential (primary) hypertension,Primary,2024-11-15,Moderate
DX_000359,ADM_00225,P_01869,I50.9,"Heart failure, unspecified",Primary,2024-11-01,Severe
DX_000360,ADM_00225,P_01869,I21.9,"Acute myocardial infarction, unspecified",Secondary,2024-11-01,Severe
DX_000361,ADM_00226,P_00841,I21.9,"Acute myocardial infarction, unspecified",Primary,2024-10-16,Severe
DX_000362,ADM_00226,P_00841,I50.9,"Heart failure, unspecified",SECONDARY,2024-10-16,Severe
DX_000363,ADM_00227,P_00913,E11.9,Type 2 diabetes mellitus without complications,Primary,2024-08-27,Moderate
DX_000364,ADM_00227,P_00913,I10,Essential (primary) hypertension,Secondary,2024-08-27,MODERATE
DX_000365,ADM_00228,P_03109,E11.9,Type 2 diabetes mellitus without complications,PRIMARY,2024-02-05,Moderate
DX_000366,ADM_00228,P_03109,K21.9,Gastro-esophageal reflux disease without esophagitis,Secondary,2024-02-05,Mild
DX_000367,ADM_00229,P_03109,I50.9,"Heart failure, unspecified",Primary,2024-02-18,Severe
DX_000368,ADM_00230,P_00505,I21.9,"Acute myocardial infarction, unspecified",Primary,2024-10-10,Severe
DX_000369,ADM_00231,P_03249,J44.9,"Chronic obstructive pulmonary disease, unspecified",Primary,2024-07-27,Severe
DX_000370,ADM_00232,P_03249,E11.9,Type 2 diabetes mellitus without complications,Primary,2024-08-16,Moderate
DX_000371,ADM_00233,P_00950,A41.9,"Sepsis, unspecified organism",Primary,2024-12-16,Severe
DX_000372,ADM_00234,P_00950,A41.9,"Sepsis, unspecified organism",Primary,2025-01-10,Severe
DX_000373,ADM_00234,P_00950,J44.9,"Chronic obstructive pulmonary disease, unspecified",secondary,2025-01-10,Severe
DX_000374,ADM_00235,P_00942,N18.9,"Chronic kidney disease, unspecified",Primary,2024-05-23,Severe
DX_000375,ADM_00235,P_00942,K21.9,Gastro-esophageal reflux disease without esophagitis,Secondary,05/23/2024,Mild
DX_000376,ADM_00236,P_02902,I10,Essential (primary) hypertension,PRIMARY,2025-03-03,Moderate
DX_000377,ADM_00237,P_01060,N18.9,"Chronic kidney disease, unspecified",Primary,2024-12-14,Severe
DX_000378,ADM_00237,P_01060,C34.90,Malignant neoplasm of unspecified part of bronchus or lung,Secondary,2024-12-14,Severe
DX_000379,ADM_00238,P_00782,M54.5,Low back pain,Primary,2024-08-12,Mild
DX_000380,ADM_00239,P_00576,I10,Essential (primary) hypertension,Primary,2024-06-05,Moderate
DX_000381,ADM_00240,P_01976,K21.9,Gastro-esophageal reflux disease without esophagitis,Primary,2024-01-17,Mild
DX_000382,ADM_00241,P_01040,I10,Essential (primary) hypertension,Primary,2025-03-29,Moderate
DX_000383,ADM_00241,P_01040,I21.9,"Acute myocardial infarction, unspecified",Secondary,2025-03-29,Severe
DX_000384,ADM_00242,P_01040,I50.9,"Heart failure, unspecified",Primary,2025-04-16,Severe
DX_000385,ADM_00242,P_01040,K21.9,Gastro-esophageal reflux disease without esophagitis,Secondary,2025-04-16,Mild
DX_000386,ADM_00243,P_00437,J18.9,"Pneumonia, unspecified organism",Primary,2025-05-07,Moderate
DX_000387,ADM_00244,P_00437,A41.9,"Sepsis, unspecified organism",Primary,2025-05-12,Severe
DX_000388,ADM_00245,P_00683,I50.9,"Heart failure, unspecified",Primary,06/28/2024,Severe
DX_000389,ADM_00245,P_00683,K21.9,Gastro-esophageal reflux disease without esophagitis,Secondary,2024-06-28,Mild
DX_000390,ADM_00246,P_03286,N18.9,"Chronic kidney disease, unspecified",PRIMARY,2024-06-14,Severe
DX_000391,ADM_00247,P_01240,M54.5,Low back pain,Primary,2024-07-05,Mild
DX_000392,ADM_00247,P_01240,A41.9,"Sepsis, unspecified organism",Secondary,2024-07-05,severe
DX_000393,ADM_00248,P_01738,M54.5,Low back pain,Primary,2024-09-28,Mild
DX_000394,ADM_00248,P_01738,F32.9,"Major depressive disorder, single episode",Secondary,2024-09-28,Moderate
DX_000395,ADM_00249,P_00113,N18.9,"Chronic kidney disease, unspecified",Primary,2024-01-22,Severe
DX_000396,ADM_00249,P_00113,J18.9,"Pneumonia, unspecified organism",  Secondary  ,2024-01-22,Moderate
DX_000397,ADM_00250,P_00113,J44.9,"Chronic obstructive pulmonary disease, unspecified",Primary,2024-02-07,Severe
DX_000398,ADM_00251,P_00308,A41.9,"Sepsis, unspecified organism",Primary,2024-01-18,Severe
DX_000399,ADM_00252,P_02938,C34.90,Malignant neoplasm of unspecified part of bronchus or lung,primary,2024-10-13,Severe
DX_000400,ADM_00253,P_02425,N18.9,"Chronic kidney disease, unspecified",Primary,2024-12-04,Severe
DX_000401,ADM_00253,P_02425,I21.9,"Acute myocardial infarction, unspecified",Secondary,2024-12-04,Severe
DX_000402,ADM_00254,P_02425,J44.9,"Chronic obstructive pulmonary disease, unspecified",Primary,2024-12-26,Severe
DX_000403,ADM_00255,P_02128,J18.9,"Pneumonia, unspecified organism",Primary,2024-04-13,moderate
DX_000404,ADM_00255,P_02128,N18.9,"Chronic kidney disease, unspecified",Secondary,2024-04-13,Severe
DX_000405,ADM_00256,P_03283,I21.9,"Acute myocardial infarction, unspecified",Primary,2025-02-16,Severe
DX_000406,ADM_00257,P_03283,A41.9,"Sepsis, unspecified organism",Primary,2025-03-19,Severe
DX_000407,ADM_00257,P_03283,I10,Essential (primary) hypertension,SECONDARY,2025-03-19,Moderate
DX_000408,ADM_00258,P_01942,C34.90,Malignant neoplasm of unspecified part of bronchus or lung,Primary,2024-07-19,Severe
DX_000409,ADM_00259,P_00961,M54.5,Low back pain,Primary,2025-01-24,Mild
DX_000410,ADM_00259,P_00961,C34.90,Malignant neoplasm of unspecified part of bronchus or lung,Secondary,2025-01-24,Severe
DX_000411,ADM_00260,P_01930,K21.9,Gastro-esophageal reflux disease without esophagitis,Primary,2024-01-10,Mild
DX_000412,ADM_00261,P_01930,M54.5,Low back pain,Primary,2024-01-26,Mild
DX_000413,ADM_00262,P_02805,J18.9,"Pneumonia, unspecified organism",  Primary  ,2024-03-17,Moderate
DX_000414,ADM_00262,P_02805,I21.9,"Acute myocardial infarction, unspecified",  Secondary  ,2024-03-17,Severe
DX_000415,ADM_00263,P_02993,E11.9,Type 2 diabetes mellitus without complications,Primary,2024-02-12,Moderate
DX_000416,ADM_00263,P_02993,I10,Essential (primary) hypertension,Secondary,2024-02-12,Moderate
DX_000417,ADM_00264,P_01502,F32.9,"Major depressive disorder, single episode",Primary,2024-02-04,Moderate
DX_000418,ADM_00265,P_01502,M54.5,Low back pain,UNKNOWN_VAL,2024-03-07,Mild
DX_000419,ADM_00265,P_01502,A41.9,"Sepsis, unspecified organism",Secondary,2024-03-07,SEVERE
DX_000420,ADM_00266,P_00228,N18.9,"Chronic kidney disease, unspecified",Primary,2024-07-26,Severe
DX_000421,ADM_00266,P_00228,E11.9,Type 2 diabetes mellitus without complications,Secondary,2024-07-26,Moderate
DX_000422,ADM_00267,P_00074,I21.9,"Acute myocardial infarction, unspecified",Primary,2024-07-01,Severe
DX_000423,ADM_00268,P_01833,A41.9,"Sepsis, unspecified organism",Primary,2024-05-21,Severe
DX_000424,ADM_00269,P_02955,J44.9,"Chronic obstructive pulmonary disease, unspecified",Primary,2024/01/29 00:00:00,Severe
DX_000425,ADM_00270,P_01198,K21.9,Gastro-esophageal reflux disease without esophagitis,Primary,2025-04-22,Mild
DX_000426,ADM_00270,P_01198,C34.90,Malignant neoplasm of unspecified part of bronchus or lung,Secondary,2025-04-22,Severe
DX_000427,ADM_00271,P_02347,C34.90,Malignant neoplasm of unspecified part of bronchus or lung,Primary,2024-09-16,Severe
DX_000428,ADM_00272,P_00886,I21.9,"Acute myocardial infarction, unspecified",Primary,2024-09-30,Severe
DX_000429,ADM_00272,P_00886,M54.5,Low back pain,Secondary,2024-09-30,mild
DX_000430,ADM_00273,P_01064,J18.9,"Pneumonia, unspecified organism",Primary,2024-08-16,Moderate
DX_000431,ADM_00273,P_01064,F32.9,"Major depressive disorder, single episode",Secondary,2024-08-16,Moderate
DX_000432,ADM_00274,P_01644,E11.9,Type 2 diabetes mellitus without complications,Primary,2024-02-08,moderate
DX_000433,ADM_00274,P_01644,I10,Essential (primary) hypertension,Secondary,2024-02-08,moderate
DX_000434,ADM_00275,P_02049,C34.90,Malignant neoplasm of unspecified part of bronchus or lung,Primary,2024-11-13,Severe
DX_000435,ADM_00275,P_02049,I21.9,"Acute myocardial infarction, unspecified",secondary,2024-11-13,Severe
DX_000436,ADM_00276,P_00182,J18.9,"Pneumonia, unspecified organism",Primary,2024-10-16,Moderate
DX_000437,ADM_00277,P_01980,A41.9,"Sepsis, unspecified organism",Primary,2024-01-15,  Severe  
DX_000438,ADM_00277,P_01980,J18.9,"Pneumonia, unspecified organism",Secondary,2024-01-15,Moderate
DX_000439,ADM_00278,P_00536,E11.9,Type 2 diabetes mellitus without complications,Primary,2024-03-02,Moderate
DX_000440,ADM_00279,P_02953,F32.9,"Major depressive disorder, single episode",Primary,2024-03-05,Moderate
DX_000441,ADM_00280,P_02315,J18.9,"Pneumonia, unspecified organism",Primary,2025-03-06,Moderate
DX_000442,ADM_00280,P_02315,K21.9,Gastro-esophageal reflux disease without esophagitis,Secondary,2025-03-06,MILD
DX_000443,ADM_00281,P_03486,I50.9,"Heart failure, unspecified",Primary,2025-01-21,Severe
DX_000444,ADM_00282,P_02431,I10,Essential (primary) hypertension,Primary,2024-06-24,Moderate
DX_000445,ADM_00282,P_02431,N18.9,"Chronic kidney disease, unspecified",Secondary,2024-06-24,SEVERE
DX_000446,ADM_00283,P_01524,K21.9,Gastro-esophageal reflux disease without esophagitis,Primary,2025/02/19 00:00:00,Mild
DX_000447,ADM_00283,P_01524,C34.90,Malignant neoplasm of unspecified part of bronchus or lung,  Secondary  ,2025-02-19,Severe
DX_000448,ADM_00284,P_03286,A41.9,"Sepsis, unspecified organism",Primary,2024-11-26,Severe
DX_000449,ADM_00284,P_03286,N18.9,"Chronic kidney disease, unspecified",Secondary,2024-11-26,Severe
DX_000450,ADM_00285,P_00080,N18.9,"Chronic kidney disease, unspecified",Primary,2024-06-20,Severe
DX_000451,ADM_00286,P_00454,N18.9,"Chronic kidney disease, unspecified",Primary,2025-04-13,Severe
DX_000452,ADM_00287,P_02388,E11.9,Type 2 diabetes mellitus without complications,primary,2024-03-22,Moderate
DX_000453,ADM_00288,P_02119,M54.5,Low back pain,Primary,2024-05-01,MILD
DX_000454,ADM_00288,P_02119,A41.9,"Sepsis, unspecified organism",Secondary,2024-05-01,Severe
DX_000455,ADM_00289,P_02119,A41.9,"Sepsis, unspecified organism",Primary,2024-06-05,Severe
DX_000456,ADM_00289,P_02119,C34.90,Malignant neoplasm of unspecified part of bronchus or lung,Secondary,2024-06-05,Severe
DX_000457,ADM_00290,P_01925,I10,Essential (primary) hypertension,Primary,2024-04-30,Moderate
DX_000458,ADM_00290,P_01925,F32.9,"Major depressive disorder, single episode",Secondary,2024-04-30,Moderate
DX_000459,ADM_00291,P_03234,J18.9,"Pneumonia, unspecified organism",Primary,2024-09-02,MODERATE
DX_000460,ADM_00291,P_03234,I10,Essential (primary) hypertension,Secondary,2024-09-02,Moderate
DX_000461,ADM_00292,P_00784,K21.9,Gastro-esophageal reflux disease without esophagitis,Primary,2024-04-11,Mild
DX_000462,ADM_00292,P_00784,I50.9,"Heart failure, unspecified",Secondary,2024-04-11,Severe
DX_000463,ADM_00293,P_00784,J44.9,"Chronic obstructive pulmonary disease, unspecified",Primary,2024-05-02,Severe
DX_000464,ADM_00294,P_02030,C34.90,Malignant neoplasm of unspecified part of bronchus or lung,Primary,2024-11-05,Severe
DX_000465,ADM_00294,P_02030,I21.9,"Acute myocardial infarction, unspecified",Secondary,2024-11-05,Severe
DX_000466,ADM_00295,P_00452,N18.9,"Chronic kidney disease, unspecified",Primary,2025-04-07,Severe
DX_000467,ADM_00295,P_00452,E11.9,Type 2 diabetes mellitus without complications,Secondary,2025-04-07,MODERATE
DX_000468,ADM_00296,P_00913,M54.5,Low back pain,Primary,2025-03-19,Mild
DX_000469,ADM_00296,P_00913,I50.9,"Heart failure, unspecified",secondary,2025-03-19,severe
DX_000470,ADM_00297,P_02513,I10,Essential (primary) hypertension,Primary,2024-01-25,Moderate
DX_000471,ADM_00298,P_02188,C34.90,Malignant neoplasm of unspecified part of bronchus or lung,  Primary  ,2024-11-24,Severe
DX_000472,ADM_00298,P_02188,I21.9,"Acute myocardial infarction, unspecified",secondary,2024-11-24,Severe
DX_000473,ADM_00299,P_01716,M54.5,Low back pain,Primary,2024-11-16,MILD
DX_000474,ADM_00299,P_01716,N18.9,"Chronic kidney disease, unspecified",Secondary,2024-11-16,Severe
DX_000475,ADM_00300,P_01716,K21.9,Gastro-esophageal reflux disease without esophagitis,Primary,2024-11-24,Mild
DX_000476,ADM_00301,P_02864,I21.9,"Acute myocardial infarction, unspecified",Primary,2024-09-04,Severe
DX_000477,ADM_00301,P_02864,M54.5,Low back pain,SECONDARY,2024-09-04,Mild
DX_000478,ADM_00302,P_00688,M54.5,Low back pain,Primary,2024-07-14,Mild
DX_000479,ADM_00303,P_00688,I50.9,"Heart failure, unspecified",Primary,2024-07-31,Severe
DX_000480,ADM_00303,P_00688,C34.90,Malignant neoplasm of unspecified part of bronchus or lung,Secondary,2024-07-31,Severe
DX_000481,ADM_00304,P_02433,E11.9,Type 2 diabetes mellitus without complications,Primary,2025-04-17,Moderate
DX_000482,ADM_00305,P_00946,I21.9,"Acute myocardial infarction, unspecified",Primary,2024-10-31,Severe
DX_000483,ADM_00306,P_03401,M54.5,Low back pain,Primary,2025-04-12,Mild
DX_000484,ADM_00306,P_03401,J44.9,"Chronic obstructive pulmonary disease, unspecified",Secondary,2025-04-12,Severe
DX_000485,ADM_00307,P_03401,M54.5,Low back pain,Primary,2025-05-10,Mild
DX_000486,ADM_00307,P_03401,I10,Essential (primary) hypertension,UNKNOWN_VAL,2025-05-10,Moderate
DX_000487,ADM_00308,P_03081,E11.9,Type 2 diabetes mellitus without complications,Primary,2024-04-04,Moderate
DX_000488,ADM_00308,P_03081,M54.5,Low back pain,Secondary,2024-04-04,Mild
DX_000489,ADM_00309,P_00270,A41.9,"Sepsis, unspecified organism",Primary,2024-09-08,SEVERE
DX_000490,ADM_00310,P_03228,A41.9,"Sepsis, unspecified organism",primary,2025-03-25,Severe
DX_000491,ADM_00311,P_00516,M54.5,Low back pain,Primary,2025-02-12,Mild
DX_000492,ADM_00311,P_00516,I10,Essential (primary) hypertension,Secondary,2025-02-12,Moderate
DX_000493,ADM_00312,P_00516,I21.9,"Acute myocardial infarction, unspecified",Primary,2025-03-12,Severe
DX_000494,ADM_00313,P_01837,I10,Essential (primary) hypertension,Primary,2024-03-24,Moderate
DX_000495,ADM_00313,P_01837,N18.9,"Chronic kidney disease, unspecified",Secondary,2024-03-24,Severe
DX_000496,ADM_00314,P_03417,J44.9,"Chronic obstructive pulmonary disease, unspecified",Primary,2024-11-11,Severe
DX_000497,ADM_00314,P_03417,C34.90,Malignant neoplasm of unspecified part of bronchus or lung,Secondary,2024-11-11,Severe
DX_000498,ADM_00315,P_01972,C34.90,Malignant neoplasm of unspecified part of bronchus or lung,Primary,12-02-2025,Severe
DX_000499,ADM_00316,P_02438,K21.9,Gastro-esophageal reflux disease without esophagitis,Primary,2025-02-08,Mild
DX_000500,ADM_00317,P_02438,E11.9,Type 2 diabetes mellitus without complications,Primary,2025-02-26,Moderate
DX_000501,ADM_00317,P_02438,M54.5,Low back pain,Secondary,2025-02-26,MILD
DX_000502,ADM_00318,P_02985,E11.9,Type 2 diabetes mellitus without complications,Primary,2024/07/25 00:00:00,Moderate
DX_000503,ADM_00318,P_02985,K21.9,Gastro-esophageal reflux disease without esophagitis,Secondary,2024-07-25,Mild
DX_000504,ADM_00319,P_00587,I50.9,"Heart failure, unspecified",Primary,2024-10-15,Severe
DX_000505,ADM_00320,P_02606,I10,Essential (primary) hypertension,Primary,2024-08-09,Moderate
DX_000506,ADM_00320,P_02606,E11.9,Type 2 diabetes mellitus without complications,Secondary,2024-08-09,Moderate
DX_000507,ADM_00321,P_03444,I10,Essential (primary) hypertension,Primary,2024-06-03,Moderate
DX_000508,ADM_00321,P_03444,I50.9,"Heart failure, unspecified",Secondary,2024-06-03,Severe
DX_000509,ADM_00322,P_03449,J44.9,"Chronic obstructive pulmonary disease, unspecified",Primary,2024-06-11,Severe
DX_000510,ADM_00322,P_03449,E11.9,Type 2 diabetes mellitus without complications,  Secondary  ,2024-06-11,Moderate
DX_000511,ADM_00323,P_01164,J44.9,"Chronic obstructive pulmonary disease, unspecified",Primary,2024-11-24,Severe
DX_000512,ADM_00324,P_01164,F32.9,"Major depressive disorder, single episode",Primary,2024-12-24,Moderate
DX_000513,ADM_00325,P_03072,I21.9,"Acute myocardial infarction, unspecified",Primary,2025-01-11,Severe
DX_000514,ADM_00325,P_03072,E11.9,Type 2 diabetes mellitus without complications,Secondary,2025-01-11,Moderate
DX_000515,ADM_00326,P_01097,C34.90,Malignant neoplasm of unspecified part of bronchus or lung,  Primary  ,2024-04-25,Severe
DX_000516,ADM_00326,P_01097,E11.9,Type 2 diabetes mellitus without complications,  Secondary  ,2024-04-25,Moderate
DX_000517,ADM_00327,P_02802,F32.9,"Major depressive disorder, single episode",Primary,2024-07-23,Moderate
DX_000518,ADM_00328,P_00869,C34.90,Malignant neoplasm of unspecified part of bronchus or lung,Primary,2025-03-18,Severe
DX_000519,ADM_00328,P_00869,I50.9,"Heart failure, unspecified",SECONDARY,2025-03-18,Severe
DX_000520,ADM_00329,P_00715,N18.9,"Chronic kidney disease, unspecified",Primary,2024-08-28,Severe
DX_000521,ADM_00330,P_00812,E11.9,Type 2 diabetes mellitus without complications,Primary,2025-02-27,Moderate
DX_000522,ADM_00330,P_00812,M54.5,Low back pain,Secondary,2025-02-27,Mild
DX_000523,ADM_00331,P_00907,M54.5,Low back pain,Primary,2024-01-11,Mild
DX_000524,ADM_00331,P_00907,I21.9,"Acute myocardial infarction, unspecified",Secondary,2024-01-11,Severe
DX_000525,ADM_00332,P_01019,M54.5,Low back pain,Primary,2024-01-26,  Mild  
DX_000526,ADM_00333,P_01019,I10,Essential (primary) hypertension,  Primary  ,2024-02-08,Moderate
DX_000527,ADM_00334,P_01201,E11.9,Type 2 diabetes mellitus without complications,Primary,2025-04-22,Moderate
DX_000528,ADM_00334,P_01201,J18.9,"Pneumonia, unspecified organism",Secondary,2025-04-22,Moderate
DX_000529,ADM_00335,P_01534,E11.9,Type 2 diabetes mellitus without complications,Primary,2024-12-31,  Moderate  
DX_000530,ADM_00335,P_01534,M54.5,Low back pain,Secondary,2024-12-31,Mild
DX_000531,ADM_00336,P_01534,I50.9,"Heart failure, unspecified",Primary,2025-01-05,Severe
DX_000532,ADM_00337,P_00298,F32.9,"Major depressive disorder, single episode",Primary,2024-01-25,Moderate
DX_000533,ADM_00337,P_00298,J44.9,"Chronic obstructive pulmonary disease, unspecified",secondary,2024-01-25,Severe
DX_000534,ADM_00338,P_00393,J18.9,"Pneumonia, unspecified organism",Primary,2024-09-06,Moderate
DX_000535,ADM_00338,P_00393,M54.5,Low back pain,Secondary,2024-09-06,Mild
DX_000536,ADM_00339,P_00393,N18.9,"Chronic kidney disease, unspecified",Primary,2024-09-30,Severe
DX_000537,ADM_00340,P_03294,I21.9,"Acute myocardial infarction, unspecified",Primary,2025-05-04,Severe
DX_000538,ADM_00341,P_00215,F32.9,"Major depressive disorder, single episode",Primary,2024-03-18,Moderate
DX_000539,ADM_00342,P_02766,E11.9,Type 2 diabetes mellitus without complications,primary,2025-04-29,Moderate
DX_000540,ADM_00342,P_02766,I50.9,"Heart failure, unspecified",Secondary,2025-04-29,Severe
DX_000541,ADM_00343,P_02766,E11.9,Type 2 diabetes mellitus without complications,Primary,2025-05-12,Moderate
DX_000542,ADM_00343,P_02766,F32.9,"Major depressive disorder, single episode",Secondary,2025-05-12,Moderate
DX_000543,ADM_00344,P_03331,I10,Essential (primary) hypertension,Primary,2025-03-14,Moderate
DX_000544,ADM_00345,P_03281,J44.9,"Chronic obstructive pulmonary disease, unspecified",Primary,2025-04-26,Severe
DX_000545,ADM_00346,P_00374,N18.9,"Chronic kidney disease, unspecified",Primary,2025-02-25,Severe
DX_000546,ADM_00347,P_00088,I21.9,"Acute myocardial infarction, unspecified",Primary,2025-01-01,Severe
DX_000547,ADM_00347,P_00088,J18.9,"Pneumonia, unspecified organism",Secondary,2025-01-01,Moderate
DX_000548,ADM_00348,P_02504,I10,Essential (primary) hypertension,Primary,2025-04-21,Moderate
DX_000549,ADM_00349,P_00451,C34.90,Malignant neoplasm of unspecified part of bronchus or lung,Primary,2024-12-20,Severe
DX_000550,ADM_00349,P_00451,J44.9,"Chronic obstructive pulmonary disease, unspecified",Secondary,2024-12-20,Severe
DX_000551,ADM_00350,P_02033,C34.90,Malignant neoplasm of unspecified part of bronchus or lung,Primary,2025-04-02,Severe
DX_000552,ADM_00350,P_02033,F32.9,"Major depressive disorder, single episode",secondary,2025-04-02,Moderate
DX_000553,ADM_00351,P_00712,A41.9,"Sepsis, unspecified organism",Primary,2024-11-19,Severe
DX_000554,ADM_00352,P_01008,J44.9,"Chronic obstructive pulmonary disease, unspecified",Primary,2025-03-06,Severe
DX_000555,ADM_00353,P_01008,N18.9,"Chronic kidney disease, unspecified",Primary,2025-03-13,Severe
DX_000556,ADM_00354,P_02743,I10,Essential (primary) hypertension,Primary,2024-12-02,Moderate
DX_000557,ADM_00354,P_02743,F32.9,"Major depressive disorder, single episode",Secondary,2024-12-02,Moderate
DX_000558,ADM_00355,P_00973,J18.9,"Pneumonia, unspecified organism",Primary,2024-03-08,Moderate
DX_000559,ADM_00356,P_00973,J18.9,"Pneumonia, unspecified organism",Primary,2024-03-15,Moderate
DX_000560,ADM_00356,P_00973,J44.9,"Chronic obstructive pulmonary disease, unspecified",Secondary,2024-03-15,Severe
DX_000561,ADM_00357,P_00171,N18.9,"Chronic kidney disease, unspecified",Primary,2024-03-19,Severe
DX_000562,ADM_00357,P_00171,J18.9,"Pneumonia, unspecified organism",Secondary,2024-03-19,Moderate
DX_000563,ADM_00358,P_01579,A41.9,"Sepsis, unspecified organism",Primary,2025-02-18,Severe
DX_000564,ADM_00359,P_01579,K21.9,Gastro-esophageal reflux disease without esophagitis,Primary,2025/02/26 00:00:00,Mild
DX_000565,ADM_00359,P_01579,J18.9,"Pneumonia, unspecified organism",Secondary,2025-02-26,Moderate
DX_000566,ADM_00360,P_00778,J44.9,"Chronic obstructive pulmonary disease, unspecified",Primary,20-12-2024,Severe
DX_000567,ADM_00360,P_00778,C34.90,Malignant neoplasm of unspecified part of bronchus or lung,Secondary,2024-12-20,  Severe  
DX_000568,ADM_00361,P_00778,M54.5,Low back pain,Primary,2025-01-25,Mild
DX_000569,ADM_00362,P_02429,N18.9,"Chronic kidney disease, unspecified",Primary,2024-02-25,SEVERE
DX_000570,ADM_00362,P_02429,F32.9,"Major depressive disorder, single episode",Secondary,2024-02-25,Moderate
DX_000571,ADM_00363,P_03090,E11.9,Type 2 diabetes mellitus without complications,Primary,2025-01-10,  Moderate  
DX_000572,ADM_00364,P_02458,I50.9,"Heart failure, unspecified",Primary,2024-09-05,Severe
DX_000573,ADM_00364,P_02458,J44.9,"Chronic obstructive pulmonary disease, unspecified",Secondary,2024-09-05,Severe
DX_000574,ADM_00365,P_02458,I10,Essential (primary) hypertension,Primary,2024-10-02,MODERATE
DX_000575,ADM_00365,P_02458,N18.9,"Chronic kidney disease, unspecified",Secondary,2024-10-02,Severe
DX_000576,ADM_00366,P_00157,I21.9,"Acute myocardial infarction, unspecified",Primary,2025-02-13,Severe
DX_000577,ADM_00367,P_01581,J44.9,"Chronic obstructive pulmonary disease, unspecified",Primary,2024-10-11,Severe
DX_000578,ADM_00367,P_01581,E11.9,Type 2 diabetes mellitus without complications,Secondary,2024-10-11,Moderate
DX_000579,ADM_00368,P_01938,F32.9,"Major depressive disorder, single episode",PRIMARY,2025-01-10,Moderate
DX_000580,ADM_00368,P_01938,K21.9,Gastro-esophageal reflux disease without esophagitis,Secondary,2025-01-10,Mild
DX_000581,ADM_00369,P_01447,C34.90,Malignant neoplasm of unspecified part of bronchus or lung,Primary,2025-04-21,Severe
DX_000582,ADM_00370,P_00145,M54.5,Low back pain,Primary,2024-07-14,Mild
DX_000583,ADM_00370,P_00145,I21.9,"Acute myocardial infarction, unspecified",Secondary,2024-07-14,Severe
DX_000584,ADM_00371,P_02197,J44.9,"Chronic obstructive pulmonary disease, unspecified",Primary,2024-07-13,Severe
DX_000585,ADM_00371,P_02197,F32.9,"Major depressive disorder, single episode",secondary,2024-07-13,Moderate
DX_000586,ADM_00372,P_01963,F32.9,"Major depressive disorder, single episode",Primary,2024-12-31,Moderate
DX_000587,ADM_00372,P_01963,I50.9,"Heart failure, unspecified",Secondary,2024-12-31,Severe
DX_000588,ADM_00373,P_01963,I21.9,"Acute myocardial infarction, unspecified",primary,2025-01-24,Severe
DX_000589,ADM_00373,P_01963,N18.9,"Chronic kidney disease, unspecified",Secondary,2025-01-24,Severe
DX_000590,ADM_00374,P_02758,I21.9,"Acute myocardial infarction, unspecified",Primary,2024-08-17,Severe
DX_000591,ADM_00374,P_02758,I10,Essential (primary) hypertension,Secondary,2024-08-17,Moderate
DX_000592,ADM_00375,P_01441,C34.90,Malignant neoplasm of unspecified part of bronchus or lung,  Primary  ,2024-05-24,Severe
DX_000593,ADM_00375,P_01441,K21.9,Gastro-esophageal reflux disease without esophagitis,  Secondary  ,2024-05-24,Mild
DX_000594,ADM_00376,P_02968,K21.9,Gastro-esophageal reflux disease without esophagitis,Primary,2025-05-06,Mild
DX_000595,ADM_00376,P_02968,F32.9,"Major depressive disorder, single episode",Secondary,2025-05-06,Moderate
DX_000596,ADM_00377,P_02473,K21.9,Gastro-esophageal reflux disease without esophagitis,Primary,2025-05-02,mild
DX_000597,ADM_00377,P_02473,M54.5,Low back pain,SECONDARY,2025-05-02,Mild
DX_000598,ADM_00378,P_02576,I10,Essential (primary) hypertension,Primary,2024-07-09,Moderate
DX_000599,ADM_00379,P_02576,C34.90,Malignant neoplasm of unspecified part of bronchus or lung,Primary,2024/08/02 00:00:00,Severe
DX_000600,ADM_00380,P_01891,K21.9,Gastro-esophageal reflux disease without esophagitis,Primary,2024-05-13,Mild
DX_000601,ADM_00381,P_01553,N18.9,"Chronic kidney disease, unspecified",Primary,20-09-2024,Severe
DX_000602,ADM_00382,P_02299,I21.9,"Acute myocardial infarction, unspecified",PRIMARY,2025-01-25,Severe
DX_000603,ADM_00382,P_02299,C34.90,Malignant neoplasm of unspecified part of bronchus or lung,Secondary,2025-01-25,severe
DX_000604,ADM_00383,P_01247,I10,Essential (primary) hypertension,Primary,2024-08-08,Moderate
DX_000605,ADM_00383,P_01247,F32.9,"Major depressive disorder, single episode",Secondary,2024-08-08,Moderate
DX_000606,ADM_00384,P_01497,E11.9,Type 2 diabetes mellitus without complications,Primary,2024-04-16,Moderate
DX_000607,ADM_00385,P_01497,N18.9,"Chronic kidney disease, unspecified",Primary,2024-04-24,Severe
DX_000608,ADM_00386,P_02564,I21.9,"Acute myocardial infarction, unspecified",Primary,2024-04-17,Severe
DX_000609,ADM_00386,P_02564,N18.9,"Chronic kidney disease, unspecified",Secondary,2024-04-17,Severe
DX_000610,ADM_00387,P_00133,J18.9,"Pneumonia, unspecified organism",Primary,2024-06-27,Moderate
DX_000611,ADM_00388,P_00133,N18.9,"Chronic kidney disease, unspecified",Primary,2024-07-26,Severe
DX_000612,ADM_00389,P_00984,K21.9,Gastro-esophageal reflux disease without esophagitis,Primary,2024-12-26,Mild
DX_000613,ADM_00389,P_00984,F32.9,"Major depressive disorder, single episode",  Secondary  ,2024-12-26,Moderate
DX_000614,ADM_00390,P_00408,C34.90,Malignant neoplasm of unspecified part of bronchus or lung,Primary,2024-09-10,SEVERE
DX_000615,ADM_00391,P_03207,I50.9,"Heart failure, unspecified",Primary,2025-03-05,Severe
DX_000616,ADM_00392,P_01969,A41.9,"Sepsis, unspecified organism",Primary,2024-01-07,Severe
DX_000617,ADM_00392,P_01969,J18.9,"Pneumonia, unspecified organism",Secondary,2024-01-07,Moderate
DX_000618,ADM_00393,P_00236,I50.9,"Heart failure, unspecified",Primary,2025-05-03,Severe
DX_000619,ADM_00393,P_00236,F32.9,"Major depressive disorder, single episode",Secondary,2025-05-03,Moderate
DX_000620,ADM_00394,P_01316,F32.9,"Major depressive disorder, single episode",Primary,2024-12-02,Moderate
DX_000621,ADM_00395,P_00129,I50.9,"Heart failure, unspecified",Primary,2025-01-16,Severe
DX_000622,ADM_00396,P_02256,J44.9,"Chronic obstructive pulmonary disease, unspecified",Primary,2024-10-17,Severe
DX_000623,ADM_00396,P_02256,F32.9,"Major depressive disorder, single episode",Secondary,2024-10-17,Moderate
DX_000624,ADM_00397,P_00971,I50.9,"Heart failure, unspecified",Primary,2024-09-18,SEVERE
DX_000625,ADM_00397,P_00971,J44.9,"Chronic obstructive pulmonary disease, unspecified",Secondary,2024-09-18,Severe
DX_000626,ADM_00398,P_01605,M54.5,Low back pain,Primary,2024-01-07,Mild
DX_000627,ADM_00399,P_01019,K21.9,Gastro-esophageal reflux disease without esophagitis,Primary,2024-04-22,Mild
DX_000628,ADM_00400,P_01019,N18.9,"Chronic kidney disease, unspecified",Primary,2024-05-12,Severe
DX_000629,ADM_00401,P_01282,F32.9,"Major depressive disorder, single episode",Primary,2024-11-10,Moderate
DX_000630,ADM_00402,P_01282,J44.9,"Chronic obstructive pulmonary disease, unspecified",Primary,2024-12-09,Severe
DX_000631,ADM_00402,P_01282,J18.9,"Pneumonia, unspecified organism",secondary,2024-12-09,Moderate
DX_000632,ADM_00403,P_00436,I21.9,"Acute myocardial infarction, unspecified",Primary,2024-10-17,Severe
DX_000633,ADM_00404,P_01112,N18.9,"Chronic kidney disease, unspecified",Primary,2025-01-21,Severe
DX_000634,ADM_00405,P_02840,C34.90,Malignant neoplasm of unspecified part of bronchus or lung,Primary,2024-07-02,Severe
DX_000635,ADM_00405,P_02840,A41.9,"Sepsis, unspecified organism",Secondary,2024-07-02,Severe
DX_000636,ADM_00406,P_00643,N18.9,"Chronic kidney disease, unspecified",Primary,2024-06-21,Severe
DX_000637,ADM_00407,P_01656,I50.9,"Heart failure, unspecified",Primary,2024-01-03,Severe
DX_000638,ADM_00408,P_01656,I10,Essential (primary) hypertension,Primary,2024-01-21,Moderate
DX_000639,ADM_00409,P_01525,J44.9,"Chronic obstructive pulmonary disease, unspecified",Primary,2025-01-15,Severe
DX_000640,ADM_00410,P_00419,N18.9,"Chronic kidney disease, unspecified",Primary,2024-07-03,Severe
DX_000641,ADM_00410,P_00419,M54.5,Low back pain,secondary,2024-07-03,Mild
DX_000642,ADM_00411,P_03018,J18.9,"Pneumonia, unspecified organism",UNKNOWN_VAL,2025-02-26,Moderate
DX_000643,ADM_00412,P_02577,I21.9,"Acute myocardial infarction, unspecified",Primary,2025-01-30,Severe
DX_000644,ADM_00412,P_02577,I50.9,"Heart failure, unspecified",Secondary,2025-01-30,Severe
DX_000645,ADM_00413,P_01380,F32.9,"Major depressive disorder, single episode",Primary,2024-07-30,Moderate
DX_000646,ADM_00414,P_03481,J44.9,"Chronic obstructive pulmonary disease, unspecified",  Primary  ,2024-04-21,Severe
DX_000647,ADM_00415,P_01204,I50.9,"Heart failure, unspecified",Primary,2024-09-05,Severe
DX_000648,ADM_00415,P_01204,N18.9,"Chronic kidney disease, unspecified",Secondary,2024-09-05,Severe
DX_000649,ADM_00416,P_01564,N18.9,"Chronic kidney disease, unspecified",Primary,2024-08-01,Severe
DX_000650,ADM_00417,P_01564,J18.9,"Pneumonia, unspecified organism",Primary,2024-09-04,Moderate
DX_000651,ADM_00418,P_03320,I50.9,"Heart failure, unspecified",Primary,2024-06-04,Severe
DX_000652,ADM_00418,P_03320,M54.5,Low back pain,Secondary,2024-06-04,Mild
DX_000653,ADM_00419,P_03274,F32.9,"Major depressive disorder, single episode",Primary,2024/12/21 00:00:00,Moderate
DX_000654,ADM_00420,P_03426,J44.9,"Chronic obstructive pulmonary disease, unspecified",Primary,2024-04-07,Severe
DX_000655,ADM_00421,P_00962,F32.9,"Major depressive disorder, single episode",Primary,2024/02/09 00:00:00,  Moderate  
DX_000656,ADM_00421,P_00962,K21.9,Gastro-esophageal reflux disease without esophagitis,Secondary,2024-02-09,Mild
DX_000657,ADM_00422,P_00302,J18.9,"Pneumonia, unspecified organism",Primary,12-04-2025,Moderate
DX_000658,ADM_00423,P_02782,A41.9,"Sepsis, unspecified organism",Primary,2024-11-19,Severe
DX_000659,ADM_00423,P_02782,I21.9,"Acute myocardial infarction, unspecified",Secondary,2024-11-19,Severe
DX_000660,ADM_00424,P_03228,A41.9,"Sepsis, unspecified organism",Primary,2024-11-05,Severe
DX_000661,ADM_00424,P_03228,I10,Essential (primary) hypertension,Secondary,2024-11-05,  Moderate  
DX_000662,ADM_00425,P_00027,I50.9,"Heart failure, unspecified",Primary,2024-02-13,Severe
DX_000663,ADM_00426,P_03228,I21.9,"Acute myocardial infarction, unspecified",Primary,2025-03-23,Severe
DX_000664,ADM_00426,P_03228,E11.9,Type 2 diabetes mellitus without complications,Secondary,2025-03-23,Moderate
DX_000665,ADM_00427,P_03404,I50.9,"Heart failure, unspecified",Primary,2025-02-21,Severe
DX_000666,ADM_00427,P_03404,C34.90,Malignant neoplasm of unspecified part of bronchus or lung,Secondary,2025-02-21,Severe
DX_000667,ADM_00428,P_03005,M54.5,Low back pain,Primary,2025-03-09,Mild
DX_000668,ADM_00429,P_02455,E11.9,Type 2 diabetes mellitus without complications,Primary,2025-03-30,Moderate
DX_000669,ADM_00430,P_02262,E11.9,Type 2 diabetes mellitus without complications,Primary,2024-05-28,Moderate
DX_000670,ADM_00431,P_00322,A41.9,"Sepsis, unspecified organism",Primary,2024-02-17,Severe
DX_000671,ADM_00431,P_00322,I10,Essential (primary) hypertension,Secondary,2024-02-17,Moderate
DX_000672,ADM_00432,P_00322,E11.9,Type 2 diabetes mellitus without complications,Primary,2024-03-10,Moderate
DX_000673,ADM_00433,P_00425,E11.9,Type 2 diabetes mellitus without complications,Primary,2024-01-05,  Moderate  
DX_000674,ADM_00433,P_00425,J44.9,"Chronic obstructive pulmonary disease, unspecified",Secondary,2024-01-05,Severe
DX_000675,ADM_00434,P_02857,J18.9,"Pneumonia, unspecified organism",Primary,2024-03-21,Moderate
DX_000676,ADM_00435,P_02406,F32.9,"Major depressive disorder, single episode",Primary,2024-06-07,Moderate
DX_000677,ADM_00435,P_02406,K21.9,Gastro-esophageal reflux disease without esophagitis,Secondary,2024-06-07,mild
DX_000678,ADM_00436,P_01697,J44.9,"Chronic obstructive pulmonary disease, unspecified",Primary,2024-10-20,SEVERE
DX_000679,ADM_00436,P_01697,K21.9,Gastro-esophageal reflux disease without esophagitis,Secondary,2024-10-20,Mild
DX_000680,ADM_00437,P_01583,I50.9,"Heart failure, unspecified",PRIMARY,2024-02-21,Severe
DX_000681,ADM_00438,P_02157,J44.9,"Chronic obstructive pulmonary disease, unspecified",Primary,2024-02-05,Severe
DX_000682,ADM_00438,P_02157,E11.9,Type 2 diabetes mellitus without complications,Secondary,2024-02-05,Moderate
DX_000683,ADM_00439,P_03125,J18.9,"Pneumonia, unspecified organism",Primary,2024-05-19,Moderate
DX_000684,ADM_00439,P_03125,M54.5,Low back pain,Secondary,2024-05-19,Mild
DX_000685,ADM_00440,P_00625,J18.9,"Pneumonia, unspecified organism",Primary,2024-06-16,Moderate
DX_000686,ADM_00440,P_00625,E11.9,Type 2 diabetes mellitus without complications,Secondary,2024-06-16,Moderate
DX_000687,ADM_00441,P_03239,K21.9,Gastro-esophageal reflux disease without esophagitis,Primary,2024-08-20,Mild
DX_000688,ADM_00441,P_03239,A41.9,"Sepsis, unspecified organism",Secondary,2024-08-20,Severe
DX_000689,ADM_00442,P_01843,M54.5,Low back pain,Primary,2024-05-12,Mild
DX_000690,ADM_00443,P_01843,J18.9,"Pneumonia, unspecified organism",Primary,2024-11-05,MODERATE
DX_000691,ADM_00443,P_01843,F32.9,"Major depressive disorder, single episode",Secondary,2024-11-05,moderate
DX_000692,ADM_00444,P_01611,C34.90,Malignant neoplasm of unspecified part of bronchus or lung,Primary,2024-05-27,Severe
DX_000693,ADM_00445,P_01231,J44.9,"Chronic obstructive pulmonary disease, unspecified",Primary,2024-01-03,Severe
DX_000694,ADM_00445,P_01231,K21.9,Gastro-esophageal reflux disease without esophagitis,Secondary,2024-01-03,  Mild  
DX_000695,ADM_00446,P_01748,E11.9,Type 2 diabetes mellitus without complications,Primary,2024-06-28,Moderate
DX_000696,ADM_00446,P_01748,A41.9,"Sepsis, unspecified organism",Secondary,2024-06-28,Severe
DX_000697,ADM_00447,P_02280,F32.9,"Major depressive disorder, single episode",Primary,2024-06-27,Moderate
DX_000698,ADM_00448,P_00359,I10,Essential (primary) hypertension,Primary,2024-02-11,Moderate
DX_000699,ADM_00448,P_00359,A41.9,"Sepsis, unspecified organism",  Secondary  ,2024-02-11,Severe
DX_000700,ADM_00449,P_02638,N18.9,"Chronic kidney disease, unspecified",Primary,2024-05-31,Severe
DX_000701,ADM_00449,P_02638,I10,Essential (primary) hypertension,secondary,2024-05-31,MODERATE
DX_000702,ADM_00450,P_00926,I10,Essential (primary) hypertension,Primary,2024-01-20,Moderate
DX_000703,ADM_00450,P_00926,F32.9,"Major depressive disorder, single episode",Secondary,2024-01-20,Moderate
DX_000704,ADM_00451,P_00926,I50.9,"Heart failure, unspecified",Primary,2024-02-08,Severe
DX_000705,ADM_00451,P_00926,I10,Essential (primary) hypertension,Secondary,2024-02-08,Moderate
DX_000706,ADM_00452,P_02135,A41.9,"Sepsis, unspecified organism",Primary,2024-08-25,Severe
DX_000707,ADM_00452,P_02135,K21.9,Gastro-esophageal reflux disease without esophagitis,Secondary,2024-08-25,Mild
DX_000708,ADM_00453,P_03174,I21.9,"Acute myocardial infarction, unspecified",Primary,2025-02-21,Severe
DX_000709,ADM_00453,P_03174,M54.5,Low back pain,Secondary,2025-02-21,Mild
DX_000710,ADM_00454,P_02117,A41.9,"Sepsis, unspecified organism",Primary,2024-08-27,Severe
DX_000711,ADM_00454,P_02117,I50.9,"Heart failure, unspecified",Secondary,2024-08-27,Severe
DX_000712,ADM_00455,P_03311,F32.9,"Major depressive disorder, single episode",Primary,2024-01-13,  Moderate  
DX_000713,ADM_00455,P_03311,C34.90,Malignant neoplasm of unspecified part of bronchus or lung,Secondary,2024-01-13,Severe
DX_000714,ADM_00456,P_03269,F32.9,"Major depressive disorder, single episode",  Primary  ,2024-01-03,Moderate
DX_000715,ADM_00456,P_03269,I50.9,"Heart failure, unspecified",  Secondary  ,2024-01-03,Severe
DX_000716,ADM_00457,P_03135,J44.9,"Chronic obstructive pulmonary disease, unspecified",Primary,2024-11-30,Severe
DX_000717,ADM_00458,P_02440,M54.5,Low back pain,Primary,2025-02-18,Mild
DX_000718,ADM_00458,P_02440,I50.9,"Heart failure, unspecified",secondary,2025-02-18,Severe
DX_000719,ADM_00459,P_01820,C34.90,Malignant neoplasm of unspecified part of bronchus or lung,Primary,2024-02-22,Severe
DX_000720,ADM_00460,P_00437,E11.9,Type 2 diabetes mellitus without complications,Primary,2024-12-26,Moderate
DX_000721,ADM_00460,P_00437,J44.9,"Chronic obstructive pulmonary disease, unspecified",secondary,2024-12-26,  Severe  
DX_000722,ADM_00461,P_00437,C34.90,Malignant neoplasm of unspecified part of bronchus or lung,Primary,2025-01-02,Severe
DX_000723,ADM_00461,P_00437,J18.9,"Pneumonia, unspecified organism",Secondary,2025-01-02,Moderate
DX_000724,ADM_00462,P_00381,I50.9,"Heart failure, unspecified",Primary,2024-05-26,Severe
DX_000725,ADM_00463,P_00381,F32.9,"Major depressive disorder, single episode",Primary,2024-06-24,Moderate
DX_000726,ADM_00464,P_01834,M54.5,Low back pain,PRIMARY,2024-04-26,Mild
DX_000727,ADM_00465,P_01242,N18.9,"Chronic kidney disease, unspecified",Primary,2025-01-08,Severe
DX_000728,ADM_00465,P_01242,J44.9,"Chronic obstructive pulmonary disease, unspecified",Secondary,2025-01-08,Severe
DX_000729,ADM_00466,P_01242,K21.9,Gastro-esophageal reflux disease without esophagitis,Primary,2025-01-21,Mild
DX_000730,ADM_00467,P_02325,N18.9,"Chronic kidney disease, unspecified",Primary,2024-09-02,Severe
DX_000731,ADM_00467,P_02325,I50.9,"Heart failure, unspecified",secondary,2024-09-02,Severe
DX_000732,ADM_00468,P_02978,I10,Essential (primary) hypertension,Primary,2024-07-03,Moderate
DX_000733,ADM_00469,P_03102,A41.9,"Sepsis, unspecified organism",Primary,2024-06-08,Severe
DX_000734,ADM_00470,P_00738,N18.9,"Chronic kidney disease, unspecified",Primary,2024-11-16,Severe
DX_000735,ADM_00471,P_01581,E11.9,Type 2 diabetes mellitus without complications,Primary,2025-05-05,Moderate
DX_000736,ADM_00471,P_01581,N18.9,"Chronic kidney disease, unspecified",Secondary,2025-05-05,Severe
DX_000737,ADM_00472,P_01870,F32.9,"Major depressive disorder, single episode",Primary,2024-02-23,Moderate
DX_000738,ADM_00473,P_01243,C34.90,Malignant neoplasm of unspecified part of bronchus or lung,Primary,2024-12-21,Severe
DX_000739,ADM_00473,P_01243,E11.9,Type 2 diabetes mellitus without complications,Secondary,2024-12-21,Moderate
DX_000740,ADM_00474,P_02940,K21.9,Gastro-esophageal reflux disease without esophagitis,Primary,2025-04-20,Mild
DX_000741,ADM_00474,P_02940,J44.9,"Chronic obstructive pulmonary disease, unspecified",Secondary,2025-04-20,Severe
DX_000742,ADM_00475,P_02940,C34.90,Malignant neoplasm of unspecified part of bronchus or lung,Primary,2025-05-08,Severe
DX_000743,ADM_00475,P_02940,I21.9,"Acute myocardial infarction, unspecified",Secondary,2025-05-08,Severe
DX_000744,ADM_00476,P_02155,J18.9,"Pneumonia, unspecified organism",Primary,2025-03-15,Moderate
DX_000745,ADM_00477,P_02547,I10,Essential (primary) hypertension,Primary,2025-03-19,Moderate
DX_000746,ADM_00477,P_02547,J18.9,"Pneumonia, unspecified organism",Secondary,2025-03-19,Moderate
DX_000747,ADM_00478,P_01857,A41.9,"Sepsis, unspecified organism",Primary,2024-05-13,Severe
DX_000748,ADM_00478,P_01857,I50.9,"Heart failure, unspecified",Secondary,2024-05-13,Severe
DX_000749,ADM_00479,P_00989,F32.9,"Major depressive disorder, single episode",Primary,2024-10-22,Moderate
DX_000750,ADM_00480,P_01973,N18.9,"Chronic kidney disease, unspecified",  Primary  ,2024-07-18,Severe
DX_000751,ADM_00480,P_01973,K21.9,Gastro-esophageal reflux disease without esophagitis,Secondary,2024-07-18,Mild
DX_000752,ADM_00481,P_01497,J44.9,"Chronic obstructive pulmonary disease, unspecified",Primary,2024-10-13,Severe
DX_000753,ADM_00482,P_01895,I21.9,"Acute myocardial infarction, unspecified",Primary,2024-03-05,Severe
DX_000754,ADM_00482,P_01895,J44.9,"Chronic obstructive pulmonary disease, unspecified",Secondary,2024-03-05,  Severe  
DX_000755,ADM_00483,P_00559,A41.9,"Sepsis, unspecified organism",Primary,2024-01-13,Severe
DX_000756,ADM_00483,P_00559,I21.9,"Acute myocardial infarction, unspecified",Secondary,2024-01-13,severe
DX_000757,ADM_00484,P_00559,M54.5,Low back pain,Primary,2024-02-02,Mild
DX_000758,ADM_00485,P_01078,F32.9,"Major depressive disorder, single episode",Primary,2024-06-03,Moderate
DX_000759,ADM_00486,P_02843,F32.9,"Major depressive disorder, single episode",Primary,2024-08-17,MODERATE
DX_000760,ADM_00486,P_02843,N18.9,"Chronic kidney disease, unspecified",Secondary,2024-08-17,Severe
DX_000761,ADM_00487,P_02574,J18.9,"Pneumonia, unspecified organism",Primary,2024-07-03,Moderate
DX_000762,ADM_00487,P_02574,N18.9,"Chronic kidney disease, unspecified",Secondary,2024-07-03,severe
DX_000763,ADM_00488,P_02455,I10,Essential (primary) hypertension,Primary,2024-05-08,Moderate
DX_000764,ADM_00489,P_00406,N18.9,"Chronic kidney disease, unspecified",Primary,2024-07-21,Severe
DX_000765,ADM_00489,P_00406,I10,Essential (primary) hypertension,Secondary,2024-07-21,Moderate
DX_000766,ADM_00490,P_00619,I10,Essential (primary) hypertension,Primary,2024-06-13,Moderate
DX_000767,ADM_00490,P_00619,C34.90,Malignant neoplasm of unspecified part of bronchus or lung,secondary,2024-06-13,Severe
DX_000768,ADM_00491,P_00225,I21.9,"Acute myocardial infarction, unspecified",Primary,2024-01-13,Severe
DX_000769,ADM_00492,P_00225,E11.9,Type 2 diabetes mellitus without complications,Primary,2024-02-09,  Moderate  
DX_000770,ADM_00492,P_00225,F32.9,"Major depressive disorder, single episode",Secondary,2024-02-09,Moderate
DX_000771,ADM_00493,P_03211,M54.5,Low back pain,Primary,2024-12-07,Mild
DX_000772,ADM_00493,P_03211,N18.9,"Chronic kidney disease, unspecified",Secondary,2024-12-07,Severe
DX_000773,ADM_00494,P_01339,J18.9,"Pneumonia, unspecified organism",Primary,2024-02-07,Moderate
DX_000774,ADM_00494,P_01339,C34.90,Malignant neoplasm of unspecified part of bronchus or lung,Secondary,2024-02-07,Severe
DX_000775,ADM_00495,P_01339,I10,Essential (primary) hypertension,primary,2024-02-28,Moderate
DX_000776,ADM_00496,P_01034,M54.5,Low back pain,Primary,2024-11-16,Mild
DX_000777,ADM_00497,P_00947,F32.9,"Major depressive disorder, single episode",primary,2024-01-25,moderate
DX_000778,ADM_00497,P_00947,J44.9,"Chronic obstructive pulmonary disease, unspecified",secondary,2024-01-25,Severe
DX_000779,ADM_00498,P_02684,C34.90,Malignant neoplasm of unspecified part of bronchus or lung,Primary,2024-09-28,Severe
DX_000780,ADM_00498,P_02684,J44.9,"Chronic obstructive pulmonary disease, unspecified",Secondary,2024-09-28,Severe
DX_000781,ADM_00499,P_03409,I50.9,"Heart failure, unspecified",Primary,2024-11-15,Severe
DX_000782,ADM_00499,P_03409,K21.9,Gastro-esophageal reflux disease without esophagitis,Secondary,2024-11-15,Mild
DX_000783,ADM_00500,P_02904,I50.9,"Heart failure, unspecified",Primary,2025-03-12,Severe
DX_000784,ADM_00501,P_00894,C34.90,Malignant neoplasm of unspecified part of bronchus or lung,Primary,2024-02-01,Severe
DX_000785,ADM_00502,P_02023,I10,Essential (primary) hypertension,Primary,2025-04-30,Moderate
DX_000786,ADM_00503,P_01487,A41.9,"Sepsis, unspecified organism",  Primary  ,2025-01-06,Severe
DX_000787,ADM_00504,P_00295,A41.9,"Sepsis, unspecified organism",Primary,2024-10-07,Severe
DX_000788,ADM_00504,P_00295,J18.9,"Pneumonia, unspecified organism",Secondary,2024-10-07,Moderate
DX_000789,ADM_00505,P_00295,I50.9,"Heart failure, unspecified",PRIMARY,2024-10-15,Severe
DX_000790,ADM_00505,P_00295,C34.90,Malignant neoplasm of unspecified part of bronchus or lung,Secondary,2024-10-15,severe
DX_000791,ADM_00506,P_02979,J44.9,"Chronic obstructive pulmonary disease, unspecified",Primary,2025-02-24,Severe
DX_000792,ADM_00507,P_02614,J18.9,"Pneumonia, unspecified organism",Primary,2025-02-28,Moderate
DX_000793,ADM_00507,P_02614,I50.9,"Heart failure, unspecified",Secondary,2025-02-28,Severe
DX_000794,ADM_00508,P_02828,M54.5,Low back pain,Primary,07-11-2024,Mild
DX_000795,ADM_00509,P_02563,M54.5,Low back pain,PRIMARY,2024-10-29,Mild
DX_000796,ADM_00510,P_01122,I50.9,"Heart failure, unspecified",Primary,2025-03-04,Severe
DX_000797,ADM_00510,P_01122,K21.9,Gastro-esophageal reflux disease without esophagitis,Secondary,2025-03-04,Mild
DX_000798,ADM_00511,P_02730,J44.9,"Chronic obstructive pulmonary disease, unspecified",Primary,12/31/2024,Severe
DX_000799,ADM_00511,P_02730,I21.9,"Acute myocardial infarction, unspecified",Secondary,2024-12-31,Severe
DX_000800,ADM_00512,P_01407,C34.90,Malignant neoplasm of unspecified part of bronchus or lung,Primary,2025-02-07,SEVERE
DX_000801,ADM_00513,P_01407,I10,Essential (primary) hypertension,Primary,2025-03-01,Moderate
DX_000802,ADM_00513,P_01407,J44.9,"Chronic obstructive pulmonary disease, unspecified",Secondary,2025-03-01,Severe
DX_000803,ADM_00514,P_01861,C34.90,Malignant neoplasm of unspecified part of bronchus or lung,Primary,2024-03-30,Severe
DX_000804,ADM_00515,P_02389,E11.9,Type 2 diabetes mellitus without complications,Primary,05-11-2024,Moderate
DX_000805,ADM_00515,P_02389,J44.9,"Chronic obstructive pulmonary disease, unspecified",Secondary,2024-11-05,Severe
DX_000806,ADM_00516,P_00764,M54.5,Low back pain,Primary,2024-04-04,Mild
DX_000807,ADM_00516,P_00764,I50.9,"Heart failure, unspecified",Secondary,2024-04-04,Severe
DX_000808,ADM_00517,P_01058,J18.9,"Pneumonia, unspecified organism",Primary,2024-12-16,Moderate
DX_000809,ADM_00517,P_01058,M54.5,Low back pain,Secondary,2024-12-16,Mild
DX_000810,ADM_00518,P_03060,J44.9,"Chronic obstructive pulmonary disease, unspecified",Primary,2025-01-27,Severe
DX_000811,ADM_00519,P_00463,I21.9,"Acute myocardial infarction, unspecified",Primary,2024-02-08,SEVERE
DX_000812,ADM_00520,P_00190,E11.9,Type 2 diabetes mellitus without complications,UNKNOWN_VAL,2024-05-11,Moderate
DX_000813,ADM_00520,P_00190,K21.9,Gastro-esophageal reflux disease without esophagitis,Secondary,11-05-2024,Mild
DX_000814,ADM_00521,P_01313,K21.9,Gastro-esophageal reflux disease without esophagitis,  Primary  ,2024/09/12 00:00:00,Mild
DX_000815,ADM_00521,P_01313,N18.9,"Chronic kidney disease, unspecified",Secondary,2024-09-12,Severe
DX_000816,ADM_00522,P_02878,I50.9,"Heart failure, unspecified",Primary,2024-10-31,Severe
DX_000817,ADM_00522,P_02878,I21.9,"Acute myocardial infarction, unspecified",Secondary,2024-10-31,Severe
DX_000818,ADM_00523,P_03158,M54.5,Low back pain,Primary,2024-12-23,mild
DX_000819,ADM_00523,P_03158,E11.9,Type 2 diabetes mellitus without complications,Secondary,2024-12-23,Moderate
DX_000820,ADM_00524,P_01962,I50.9,"Heart failure, unspecified",Primary,2024-01-27,Severe
DX_000821,ADM_00524,P_01962,C34.90,Malignant neoplasm of unspecified part of bronchus or lung,Secondary,2024-01-27,Severe
DX_000822,ADM_00525,P_02819,I21.9,"Acute myocardial infarction, unspecified",Primary,2024-01-09,Severe
DX_000823,ADM_00525,P_02819,C34.90,Malignant neoplasm of unspecified part of bronchus or lung,secondary,2024-01-09,Severe
DX_000824,ADM_00526,P_00965,F32.9,"Major depressive disorder, single episode",Primary,2024-03-27,  Moderate  
DX_000825,ADM_00527,P_01626,E11.9,Type 2 diabetes mellitus without complications,Primary,01/06/2025,Moderate
DX_000826,ADM_00528,P_02084,J18.9,"Pneumonia, unspecified organism",Primary,2024-02-07,Moderate
DX_000827,ADM_00529,P_02084,N18.9,"Chronic kidney disease, unspecified",Primary,2024-03-06,Severe
DX_000828,ADM_00529,P_02084,J44.9,"Chronic obstructive pulmonary disease, unspecified",  Secondary  ,03/06/2024,Severe
DX_000829,ADM_00530,P_02415,J18.9,"Pneumonia, unspecified organism",Primary,2025-05-02,Moderate
DX_000830,ADM_00530,P_02415,F32.9,"Major depressive disorder, single episode",Secondary,2025-05-02,Moderate
DX_000831,ADM_00531,P_01866,I50.9,"Heart failure, unspecified",Primary,2024/04/10 00:00:00,Severe
DX_000832,ADM_00532,P_01294,N18.9,"Chronic kidney disease, unspecified",Primary,2024-02-04,Severe
DX_000833,ADM_00532,P_01294,I50.9,"Heart failure, unspecified",Secondary,2024-02-04,Severe
DX_000834,ADM_00533,P_01044,E11.9,Type 2 diabetes mellitus without complications,Primary,2024-05-17,Moderate
DX_000835,ADM_00533,P_01044,I50.9,"Heart failure, unspecified",Secondary,2024-05-17,Severe
DX_000836,ADM_00534,P_02767,I10,Essential (primary) hypertension,Primary,2024-07-19,Moderate
DX_000837,ADM_00535,P_02911,I21.9,"Acute myocardial infarction, unspecified",Primary,2024-08-05,Severe
DX_000838,ADM_00535,P_02911,F32.9,"Major depressive disorder, single episode",Secondary,2024-08-05,Moderate
DX_000839,ADM_00536,P_02675,K21.9,Gastro-esophageal reflux disease without esophagitis,PRIMARY,2025-03-17,Mild
DX_000840,ADM_00537,P_02276,A41.9,"Sepsis, unspecified organism",Primary,2025-01-08,Severe
DX_000841,ADM_00538,P_03263,M54.5,Low back pain,Primary,2024-10-05,Mild
DX_000842,ADM_00538,P_03263,J44.9,"Chronic obstructive pulmonary disease, unspecified",Secondary,2024-10-05,Severe
DX_000843,ADM_00539,P_00132,A41.9,"Sepsis, unspecified organism",Primary,2024-12-24,Severe
DX_000844,ADM_00540,P_01036,M54.5,Low back pain,PRIMARY,2024-03-12,Mild
DX_000845,ADM_00540,P_01036,J18.9,"Pneumonia, unspecified organism",Secondary,2024-03-12,Moderate
DX_000846,ADM_00541,P_03435,I50.9,"Heart failure, unspecified",Primary,2025-02-13,Severe
DX_000847,ADM_00541,P_03435,F32.9,"Major depressive disorder, single episode",Secondary,2025-02-13,Moderate
DX_000848,ADM_00542,P_02934,J44.9,"Chronic obstructive pulmonary disease, unspecified",Primary,09/25/2024,Severe
DX_000849,ADM_00542,P_02934,A41.9,"Sepsis, unspecified organism",Secondary,2024-09-25,Severe
DX_000850,ADM_00543,P_00941,M54.5,Low back pain,Primary,2024-06-29,Mild
DX_000851,ADM_00544,P_00612,C34.90,Malignant neoplasm of unspecified part of bronchus or lung,Primary,2024-01-02,Severe
DX_000852,ADM_00545,P_01840,I10,Essential (primary) hypertension,Primary,2024-10-08,Moderate
DX_000853,ADM_00546,P_03399,K21.9,Gastro-esophageal reflux disease without esophagitis,Primary,2024-08-11,Mild
DX_000854,ADM_00547,P_02860,E11.9,Type 2 diabetes mellitus without complications,Primary,2025-01-25,Moderate
DX_000855,ADM_00548,P_00272,A41.9,"Sepsis, unspecified organism",Primary,2024-11-15,Severe
DX_000856,ADM_00548,P_00272,F32.9,"Major depressive disorder, single episode",  Secondary  ,2024-11-15,Moderate
DX_000857,ADM_00549,P_00375,J18.9,"Pneumonia, unspecified organism",Primary,2024-01-10,Moderate
DX_000858,ADM_00550,P_02103,C34.90,Malignant neoplasm of unspecified part of bronchus or lung,Primary,2024-11-12,Severe
DX_000859,ADM_00550,P_02103,J18.9,"Pneumonia, unspecified organism",Secondary,2024-11-12,  Moderate  
DX_000860,ADM_00551,P_02909,I21.9,"Acute myocardial infarction, unspecified",Primary,2024-03-06,Severe
DX_000861,ADM_00552,P_00196,N18.9,"Chronic kidney disease, unspecified",Primary,2024-04-17,Severe
DX_000862,ADM_00552,P_00196,J18.9,"Pneumonia, unspecified organism",Secondary,2024-04-17,Moderate
DX_000863,ADM_00553,P_00529,I21.9,"Acute myocardial infarction, unspecified",Primary,2024-06-13,Severe
DX_000864,ADM_00553,P_00529,E11.9,Type 2 diabetes mellitus without complications,Secondary,2024-06-13,Moderate
DX_000865,ADM_00554,P_00946,E11.9,Type 2 diabetes mellitus without complications,Primary,2024-12-27,Moderate
DX_000866,ADM_00554,P_00946,M54.5,Low back pain,Secondary,2024/12/27 00:00:00,Mild
DX_000867,ADM_00555,P_00584,A41.9,"Sepsis, unspecified organism",Primary,2024-04-11,Severe
DX_000868,ADM_00556,P_02353,J18.9,"Pneumonia, unspecified organism",Primary,2024-08-10,Moderate
DX_000869,ADM_00556,P_02353,I10,Essential (primary) hypertension,Secondary,2024-08-10,Moderate
DX_000870,ADM_00557,P_02353,J44.9,"Chronic obstructive pulmonary disease, unspecified",  Primary  ,2024-09-12,Severe
DX_000871,ADM_00557,P_02353,I50.9,"Heart failure, unspecified",  Secondary  ,2024-09-12,Severe
DX_000872,ADM_00558,P_01703,E11.9,Type 2 diabetes mellitus without complications,Primary,2024-04-23,Moderate
DX_000873,ADM_00558,P_01703,M54.5,Low back pain,Secondary,2024-04-23,Mild
DX_000874,ADM_00559,P_01747,C34.90,Malignant neoplasm of unspecified part of bronchus or lung,Primary,2024-07-16,Severe
DX_000875,ADM_00560,P_01747,I10,Essential (primary) hypertension,Primary,2024-07-30,Moderate
DX_000876,ADM_00561,P_00006,K21.9,Gastro-esophageal reflux disease without esophagitis,Primary,2024-07-10,Mild
DX_000877,ADM_00561,P_00006,I50.9,"Heart failure, unspecified",Secondary,2024-07-10,Severe
DX_000878,ADM_00562,P_00078,A41.9,"Sepsis, unspecified organism",Primary,2024-02-20,Severe
DX_000879,ADM_00562,P_00078,E11.9,Type 2 diabetes mellitus without complications,Secondary,2024-02-20,Moderate
DX_000880,ADM_00563,P_00078,F32.9,"Major depressive disorder, single episode",Primary,2024-03-16,Moderate
DX_000881,ADM_00563,P_00078,J44.9,"Chronic obstructive pulmonary disease, unspecified",Secondary,2024-03-16,Severe
DX_000882,ADM_00564,P_01178,J44.9,"Chronic obstructive pulmonary disease, unspecified",UNKNOWN_VAL,2025-02-07,Severe
DX_000883,ADM_00564,P_01178,E11.9,Type 2 diabetes mellitus without complications,Secondary,2025-02-07,Moderate
DX_000884,ADM_00565,P_01178,K21.9,Gastro-esophageal reflux disease without esophagitis,Primary,2025-03-08,Mild
DX_000885,ADM_00566,P_02007,K21.9,Gastro-esophageal reflux disease without esophagitis,Primary,2024-06-02,mild
DX_000886,ADM_00566,P_02007,I10,Essential (primary) hypertension,Secondary,2024-06-02,Moderate
DX_000887,ADM_00567,P_02840,M54.5,Low back pain,Primary,2024-09-21,Mild
DX_000888,ADM_00568,P_00488,I50.9,"Heart failure, unspecified",Primary,2024-01-04,Severe
DX_000889,ADM_00569,P_01671,F32.9,"Major depressive disorder, single episode",Primary,2024-10-20,Moderate
DX_000890,ADM_00570,P_02945,E11.9,Type 2 diabetes mellitus without complications,Primary,2024-03-03,MODERATE
DX_000891,ADM_00571,P_01526,N18.9,"Chronic kidney disease, unspecified",Primary,2024-12-23,Severe
DX_000892,ADM_00571,P_01526,C34.90,Malignant neoplasm of unspecified part of bronchus or lung,Secondary,2024-12-23,Severe
DX_000893,ADM_00572,P_03249,J18.9,"Pneumonia, unspecified organism",Primary,2025-04-23,Moderate
DX_000894,ADM_00573,P_03249,N18.9,"Chronic kidney disease, unspecified",Primary,2025-05-13,Severe
DX_000895,ADM_00574,P_01823,I50.9,"Heart failure, unspecified",Primary,2024-04-30,Severe
DX_000896,ADM_00574,P_01823,F32.9,"Major depressive disorder, single episode",SECONDARY,2024-04-30,Moderate
DX_000897,ADM_00575,P_02865,A41.9,"Sepsis, unspecified organism",Primary,2024-09-11,Severe
DX_000898,ADM_00575,P_02865,J18.9,"Pneumonia, unspecified organism",Secondary,2024-09-11,Moderate
DX_000899,ADM_00576,P_03057,A41.9,"Sepsis, unspecified organism",Primary,2024-11-01,Severe
DX_000900,ADM_00577,P_00475,M54.5,Low back pain,Primary,02/01/2025,Mild
DX_000901,ADM_00578,P_02810,M54.5,Low back pain,Primary,2025-03-03,Mild
DX_000902,ADM_00579,P_02262,E11.9,Type 2 diabetes mellitus without complications,Primary,2024-03-31,Moderate
DX_000903,ADM_00580,P_01132,N18.9,"Chronic kidney disease, unspecified",Primary,2024-10-27,Severe
DX_000904,ADM_00581,P_01470,C34.90,Malignant neoplasm of unspecified part of bronchus or lung,primary,2025-04-01,Severe
DX_000905,ADM_00582,P_02429,J18.9,"Pneumonia, unspecified organism",primary,2024-03-01,Moderate
DX_000906,ADM_00583,P_03480,F32.9,"Major depressive disorder, single episode",Primary,2025-02-27,Moderate
DX_000907,ADM_00583,P_03480,K21.9,Gastro-esophageal reflux disease without esophagitis,Secondary,2025-02-27,Mild
DX_000908,ADM_00584,P_03480,I50.9,"Heart failure, unspecified",Primary,2025-04-02,Severe
DX_000909,ADM_00584,P_03480,J44.9,"Chronic obstructive pulmonary disease, unspecified",Secondary,2025-04-02,Severe
DX_000910,ADM_00585,P_02835,J18.9,"Pneumonia, unspecified organism",Primary,2024-12-04,Moderate
DX_000911,ADM_00585,P_02835,I50.9,"Heart failure, unspecified",Secondary,2024-12-04,Severe
DX_000912,ADM_00586,P_00186,C34.90,Malignant neoplasm of unspecified part of bronchus or lung,Primary,2025-01-12,Severe
DX_000913,ADM_00586,P_00186,I10,Essential (primary) hypertension,Secondary,2025-01-12,Moderate
DX_000914,ADM_00587,P_01316,J18.9,"Pneumonia, unspecified organism",Primary,2024-09-10,Moderate
DX_000915,ADM_00587,P_01316,K21.9,Gastro-esophageal reflux disease without esophagitis,Secondary,2024-09-10,Mild
DX_000916,ADM_00588,P_00439,M54.5,Low back pain,Primary,2025-02-06,Mild
DX_000917,ADM_00589,P_00916,K21.9,Gastro-esophageal reflux disease without esophagitis,Primary,2024-12-28,Mild
DX_000918,ADM_00589,P_00916,I10,Essential (primary) hypertension,Secondary,2024-12-28,Moderate
DX_000919,ADM_00590,P_01812,M54.5,Low back pain,Primary,2024-06-15,Mild
DX_000920,ADM_00591,P_01594,J44.9,"Chronic obstructive pulmonary disease, unspecified",Primary,2024-10-08,Severe
DX_000921,ADM_00592,P_02174,J18.9,"Pneumonia, unspecified organism",Primary,2024-08-25,Moderate
DX_000922,ADM_00592,P_02174,M54.5,Low back pain,Secondary,2024-08-25,Mild
DX_000923,ADM_00593,P_00447,K21.9,Gastro-esophageal reflux disease without esophagitis,Primary,2024-12-03,Mild
DX_000924,ADM_00593,P_00447,M54.5,Low back pain,Secondary,2024-12-03,Mild
DX_000925,ADM_00594,P_03181,I21.9,"Acute myocardial infarction, unspecified",Primary,2024-04-13,Severe
DX_000926,ADM_00595,P_01540,J18.9,"Pneumonia, unspecified organism",Primary,2024-01-04,Moderate
DX_000927,ADM_00595,P_01540,K21.9,Gastro-esophageal reflux disease without esophagitis,Secondary,2024-01-04,Mild
DX_000928,ADM_00596,P_01773,C34.90,Malignant neoplasm of unspecified part of bronchus or lung,Primary,2024-03-07,Severe
DX_000929,ADM_00596,P_01773,E11.9,Type 2 diabetes mellitus without complications,Secondary,2024-03-07,Moderate
DX_000930,ADM_00597,P_01773,I10,Essential (primary) hypertension,  Primary  ,2024-03-31,Moderate
DX_000931,ADM_00597,P_01773,A41.9,"Sepsis, unspecified organism",Secondary,2024-03-31,Severe
DX_000932,ADM_00598,P_00931,K21.9,Gastro-esophageal reflux disease without esophagitis,Primary,2024-12-17,Mild
DX_000933,ADM_00598,P_00931,I50.9,"Heart failure, unspecified",SECONDARY,2024-12-17,Severe
DX_000934,ADM_00599,P_00434,J44.9,"Chronic obstructive pulmonary disease, unspecified",Primary,2025-01-17,Severe
DX_000935,ADM_00599,P_00434,J18.9,"Pneumonia, unspecified organism",Secondary,2025-01-17,Moderate
DX_000936,ADM_00600,P_03093,M54.5,Low back pain,PRIMARY,2024-10-22,Mild
DX_000937,ADM_00600,P_03093,E11.9,Type 2 diabetes mellitus without complications,Secondary,2024-10-22,Moderate
DX_000938,ADM_00601,P_01911,A41.9,"Sepsis, unspecified organism",Primary,2024-11-20,severe
DX_000939,ADM_00602,P_03208,E11.9,Type 2 diabetes mellitus without complications,Primary,2024-04-18,MODERATE
DX_000940,ADM_00602,P_03208,J18.9,"Pneumonia, unspecified organism",Secondary,18-04-2024,Moderate
DX_000941,ADM_00603,P_02127,I10,Essential (primary) hypertension,Primary,2025-03-27,Moderate
DX_000942,ADM_00604,P_02633,N18.9,"Chronic kidney disease, unspecified",Primary,2025-03-16,Severe
DX_000943,ADM_00604,P_02633,M54.5,Low back pain,Secondary,2025-03-16,Mild
DX_000944,ADM_00605,P_02633,F32.9,"Major depressive disorder, single episode",Primary,2025-04-14,Moderate
DX_000945,ADM_00605,P_02633,I50.9,"Heart failure, unspecified",Secondary,2025-04-14,Severe
DX_000946,ADM_00606,P_01058,J18.9,"Pneumonia, unspecified organism",PRIMARY,2025-05-11,Moderate
DX_000947,ADM_00606,P_01058,M54.5,Low back pain,Secondary,2025-05-11,mild
DX_000948,ADM_00607,P_01058,I10,Essential (primary) hypertension,Primary,2025-06-10,Moderate
DX_000949,ADM_00607,P_01058,J44.9,"Chronic obstructive pulmonary disease, unspecified",Secondary,2025-06-10,Severe
DX_000950,ADM_00608,P_02643,F32.9,"Major depressive disorder, single episode",Primary,2024-08-28,moderate
DX_000951,ADM_00609,P_02643,J44.9,"Chronic obstructive pulmonary disease, unspecified",  Primary  ,2024-09-24,Severe
DX_000952,ADM_00609,P_02643,I21.9,"Acute myocardial infarction, unspecified",Secondary,2024-09-24,Severe
DX_000953,ADM_00610,P_03207,M54.5,Low back pain,Primary,2025-02-04,Mild
DX_000954,ADM_00610,P_03207,C34.90,Malignant neoplasm of unspecified part of bronchus or lung,Secondary,2025-02-04,Severe
DX_000955,ADM_00611,P_02632,I50.9,"Heart failure, unspecified",Primary,2025-03-21,Severe
DX_000956,ADM_00611,P_02632,I21.9,"Acute myocardial infarction, unspecified",Secondary,21-03-2025,Severe
DX_000957,ADM_00612,P_01851,E11.9,Type 2 diabetes mellitus without complications,Primary,2024-10-24,Moderate
DX_000958,ADM_00612,P_01851,C34.90,Malignant neoplasm of unspecified part of bronchus or lung,Secondary,10/24/2024,Severe
DX_000959,ADM_00613,P_00555,I21.9,"Acute myocardial infarction, unspecified",Primary,2024-11-23,Severe
DX_000960,ADM_00614,P_00952,J44.9,"Chronic obstructive pulmonary disease, unspecified",Primary,2025-01-28,Severe
DX_000961,ADM_00614,P_00952,A41.9,"Sepsis, unspecified organism",Secondary,2025/01/28 00:00:00,Severe
DX_000962,ADM_00615,P_00447,E11.9,Type 2 diabetes mellitus without complications,Primary,16-01-2024,Moderate
DX_000963,ADM_00615,P_00447,A41.9,"Sepsis, unspecified organism",Secondary,2024-01-16,Severe
DX_000964,ADM_00616,P_01397,I50.9,"Heart failure, unspecified",Primary,2024-11-29,Severe
DX_000965,ADM_00616,P_01397,E11.9,Type 2 diabetes mellitus without complications,Secondary,2024-11-29,Moderate
DX_000966,ADM_00617,P_02113,I21.9,"Acute myocardial infarction, unspecified",Primary,05/03/2025,Severe
DX_000967,ADM_00617,P_02113,A41.9,"Sepsis, unspecified organism",Secondary,2025-05-03,  Severe  
DX_000968,ADM_00618,P_03035,J44.9,"Chronic obstructive pulmonary disease, unspecified",Primary,2024-08-24,Severe
DX_000969,ADM_00618,P_03035,K21.9,Gastro-esophageal reflux disease without esophagitis,secondary,2024-08-24,Mild
DX_000970,ADM_00619,P_01491,I10,Essential (primary) hypertension,Primary,2025-03-13,Moderate
DX_000971,ADM_00619,P_01491,I21.9,"Acute myocardial infarction, unspecified",Secondary,2025-03-13,Severe
DX_000972,ADM_00620,P_02753,E11.9,Type 2 diabetes mellitus without complications,Primary,2024-06-17,Moderate
DX_000973,ADM_00620,P_02753,K21.9,Gastro-esophageal reflux disease without esophagitis,Secondary,2024-06-17,Mild
DX_000974,ADM_00621,P_00296,M54.5,Low back pain,Primary,2024-09-01,Mild
DX_000975,ADM_00621,P_00296,I10,Essential (primary) hypertension,Secondary,2024-09-01,Moderate
DX_000976,ADM_00622,P_01256,E11.9,Type 2 diabetes mellitus without complications,Primary,2024-09-07,Moderate
DX_000977,ADM_00622,P_01256,I21.9,"Acute myocardial infarction, unspecified",Secondary,2024-09-07,Severe
DX_000978,ADM_00623,P_02672,K21.9,Gastro-esophageal reflux disease without esophagitis,Primary,2025-02-16,Mild
DX_000979,ADM_00624,P_01589,A41.9,"Sepsis, unspecified organism",Primary,2025-03-26,Severe
DX_000980,ADM_00625,P_01296,C34.90,Malignant neoplasm of unspecified part of bronchus or lung,Primary,2024-11-24,Severe
DX_000981,ADM_00625,P_01296,K21.9,Gastro-esophageal reflux disease without esophagitis,Secondary,2024-11-24,Mild
DX_000982,ADM_00626,P_00893,J44.9,"Chronic obstructive pulmonary disease, unspecified",Primary,2024-10-25,Severe
DX_000983,ADM_00626,P_00893,E11.9,Type 2 diabetes mellitus without complications,UNKNOWN_VAL,2024-10-25,moderate
DX_000984,ADM_00627,P_02915,J18.9,"Pneumonia, unspecified organism",Primary,2024-06-13,Moderate
DX_000985,ADM_00627,P_02915,I21.9,"Acute myocardial infarction, unspecified",Secondary,2024-06-13,Severe
DX_000986,ADM_00628,P_01675,I21.9,"Acute myocardial infarction, unspecified",Primary,2024-10-27,Severe
DX_000987,ADM_00628,P_01675,F32.9,"Major depressive disorder, single episode",Secondary,2024-10-27,Moderate
DX_000988,ADM_00629,P_01365,E11.9,Type 2 diabetes mellitus without complications,Primary,2025-01-07,Moderate
DX_000989,ADM_00630,P_00567,K21.9,Gastro-esophageal reflux disease without esophagitis,Primary,2024-06-10,Mild
DX_000990,ADM_00631,P_02912,J18.9,"Pneumonia, unspecified organism",Primary,2025-02-18,Moderate
DX_000991,ADM_00632,P_02912,E11.9,Type 2 diabetes mellitus without complications,Primary,2025-03-22,Moderate
DX_000992,ADM_00632,P_02912,F32.9,"Major depressive disorder, single episode",Secondary,2025-03-22,MODERATE
DX_000993,ADM_00633,P_00772,I50.9,"Heart failure, unspecified",Primary,2025-05-10,Severe
DX_000994,ADM_00633,P_00772,E11.9,Type 2 diabetes mellitus without complications,Secondary,2025-05-10,Moderate
DX_000995,ADM_00634,P_00307,I21.9,"Acute myocardial infarction, unspecified",Primary,2024-08-05,Severe
DX_000996,ADM_00635,P_02397,M54.5,Low back pain,Primary,2024-12-29,Mild
DX_000997,ADM_00636,P_01850,I21.9,"Acute myocardial infarction, unspecified",Primary,2025-04-12,Severe
DX_000998,ADM_00636,P_01850,I50.9,"Heart failure, unspecified",Secondary,2025-04-12,Severe
DX_000999,ADM_00637,P_00466,J18.9,"Pneumonia, unspecified organism",Primary,2024-05-08,Moderate
DX_001000,ADM_00637,P_00466,F32.9,"Major depressive disorder, single episode",Secondary,08-05-2024,Moderate
DX_001001,ADM_00638,P_01088,A41.9,"Sepsis, unspecified organism",Primary,15-10-2024,Severe
DX_001002,ADM_00639,P_00456,J44.9,"Chronic obstructive pulmonary disease, unspecified",Primary,2024-02-25,Severe
DX_001003,ADM_00640,P_02446,J18.9,"Pneumonia, unspecified organism",  Primary  ,2025-05-04,Moderate
DX_001004,ADM_00640,P_02446,I50.9,"Heart failure, unspecified",Secondary,2025-05-04,Severe
DX_001005,ADM_00641,P_03096,M54.5,Low back pain,Primary,03/07/2025,Mild
DX_001006,ADM_00641,P_03096,J18.9,"Pneumonia, unspecified organism",Secondary,2025-03-07,Moderate
DX_001007,ADM_00642,P_01660,E11.9,Type 2 diabetes mellitus without complications,Primary,2025-04-08,Moderate
DX_001008,ADM_00642,P_01660,I21.9,"Acute myocardial infarction, unspecified",Secondary,2025-04-08,Severe
DX_001009,ADM_00643,P_02217,J44.9,"Chronic obstructive pulmonary disease, unspecified",Primary,2024-12-01,Severe
DX_001010,ADM_00643,P_02217,M54.5,Low back pain,SECONDARY,2024-12-01,MILD
DX_001011,ADM_00644,P_01213,A41.9,"Sepsis, unspecified organism",Primary,2024-08-02,Severe
DX_001012,ADM_00645,P_00018,E11.9,Type 2 diabetes mellitus without complications,Primary,2024-07-08,Moderate
DX_001013,ADM_00645,P_00018,A41.9,"Sepsis, unspecified organism",Secondary,2024-07-08,Severe
DX_001014,ADM_00646,P_02379,E11.9,Type 2 diabetes mellitus without complications,Primary,2024-01-27,Moderate
DX_001015,ADM_00646,P_02379,F32.9,"Major depressive disorder, single episode",Secondary,2024-01-27,Moderate
DX_001016,ADM_00647,P_01364,E11.9,Type 2 diabetes mellitus without complications,Primary,2024-01-04,Moderate
DX_001017,ADM_00648,P_02482,N18.9,"Chronic kidney disease, unspecified",Primary,2025-04-17,Severe
DX_001018,ADM_00648,P_02482,I50.9,"Heart failure, unspecified",Secondary,17-04-2025,Severe
DX_001019,ADM_00649,P_02000,K21.9,Gastro-esophageal reflux disease without esophagitis,Primary,2025-03-15,Mild
DX_001020,ADM_00649,P_02000,E11.9,Type 2 diabetes mellitus without complications,Secondary,2025-03-15,Moderate
DX_001021,ADM_00650,P_00253,C34.90,Malignant neoplasm of unspecified part of bronchus or lung,  Primary  ,2024-12-13,Severe
DX_001022,ADM_00651,P_00729,I50.9,"Heart failure, unspecified",Primary,2024-07-23,Severe
DX_001023,ADM_00651,P_00729,N18.9,"Chronic kidney disease, unspecified",Secondary,2024-07-23,Severe
DX_001024,ADM_00652,P_01738,J18.9,"Pneumonia, unspecified organism",primary,2024-01-09,Moderate
DX_001025,ADM_00652,P_01738,I50.9,"Heart failure, unspecified",Secondary,2024-01-09,Severe
DX_001026,ADM_00653,P_00255,N18.9,"Chronic kidney disease, unspecified",Primary,2024-08-15,Severe
DX_001027,ADM_00653,P_00255,F32.9,"Major depressive disorder, single episode",Secondary,2024-08-15,Moderate
DX_001028,ADM_00654,P_01641,N18.9,"Chronic kidney disease, unspecified",Primary,2024-08-22,Severe
DX_001029,ADM_00655,P_01894,K21.9,Gastro-esophageal reflux disease without esophagitis,Primary,2025-04-14,Mild
DX_001030,ADM_00656,P_00442,F32.9,"Major depressive disorder, single episode",Primary,2024-01-20,  Moderate  
DX_001031,ADM_00656,P_00442,M54.5,Low back pain,Secondary,2024-01-20,Mild
DX_001032,ADM_00657,P_01036,N18.9,"Chronic kidney disease, unspecified",Primary,2024-11-09,Severe
DX_001033,ADM_00658,P_00671,N18.9,"Chronic kidney disease, unspecified",Primary,2024-07-14,Severe
DX_001034,ADM_00658,P_00671,K21.9,Gastro-esophageal reflux disease without esophagitis,Secondary,2024-07-14,Mild
DX_001035,ADM_00659,P_00794,N18.9,"Chronic kidney disease, unspecified",Primary,2025-01-21,Severe
DX_001036,ADM_00660,P_02602,F32.9,"Major depressive disorder, single episode",  Primary  ,2025-01-14,Moderate
DX_001037,ADM_00660,P_02602,I21.9,"Acute myocardial infarction, unspecified",Secondary,2025-01-14,Severe
DX_001038,ADM_00661,P_03208,M54.5,Low back pain,PRIMARY,2024-03-16,Mild
DX_001039,ADM_00661,P_03208,I21.9,"Acute myocardial infarction, unspecified",secondary,2024-03-16,Severe
DX_001040,ADM_00662,P_00102,A41.9,"Sepsis, unspecified organism",  Primary  ,2024-02-13,Severe
DX_001041,ADM_00662,P_00102,J44.9,"Chronic obstructive pulmonary disease, unspecified",Secondary,2024-02-13,Severe
DX_001042,ADM_00663,P_00228,J18.9,"Pneumonia, unspecified organism",Primary,2024-03-05,Moderate
DX_001043,ADM_00664,P_00228,F32.9,"Major depressive disorder, single episode",Primary,2024-04-10,Moderate
DX_001044,ADM_00664,P_00228,M54.5,Low back pain,Secondary,2024-04-10,Mild
DX_001045,ADM_00665,P_00745,M54.5,Low back pain,Primary,2025-02-03,Mild
DX_001046,ADM_00665,P_00745,I10,Essential (primary) hypertension,Secondary,2025-02-03,Moderate
DX_001047,ADM_00666,P_01328,J18.9,"Pneumonia, unspecified organism",Primary,2025-01-11,Moderate
DX_001048,ADM_00666,P_01328,E11.9,Type 2 diabetes mellitus without complications,Secondary,2025-01-11,Moderate
DX_001049,ADM_00667,P_01328,J18.9,"Pneumonia, unspecified organism",Primary,2025-02-04,Moderate
DX_001050,ADM_00667,P_01328,N18.9,"Chronic kidney disease, unspecified",Secondary,2025-02-04,Severe
DX_001051,ADM_00668,P_00596,A41.9,"Sepsis, unspecified organism",Primary,2024-07-23,Severe
DX_001052,ADM_00668,P_00596,I10,Essential (primary) hypertension,Secondary,2024-07-23,Moderate
DX_001053,ADM_00669,P_02124,F32.9,"Major depressive disorder, single episode",Primary,2025-05-06,Moderate
DX_001054,ADM_00670,P_02364,K21.9,Gastro-esophageal reflux disease without esophagitis,Primary,2024-01-28,Mild
DX_001055,ADM_00670,P_02364,M54.5,Low back pain,Secondary,2024-01-28,Mild
DX_001056,ADM_00671,P_01717,I21.9,"Acute myocardial infarction, unspecified",Primary,2024-09-14,Severe
DX_001057,ADM_00671,P_01717,K21.9,Gastro-esophageal reflux disease without esophagitis,Secondary,2024-09-14,Mild
DX_001058,ADM_00672,P_01109,C34.90,Malignant neoplasm of unspecified part of bronchus or lung,Primary,2024-07-28,Severe
DX_001059,ADM_00673,P_02837,F32.9,"Major depressive disorder, single episode",Primary,2024-11-27,Moderate
DX_001060,ADM_00673,P_02837,N18.9,"Chronic kidney disease, unspecified",Secondary,2024-11-27,Severe
DX_001061,ADM_00674,P_01803,N18.9,"Chronic kidney disease, unspecified",Primary,2024-12-21,Severe
DX_001062,ADM_00674,P_01803,F32.9,"Major depressive disorder, single episode",Secondary,2024-12-21,Moderate
DX_001063,ADM_00675,P_00725,E11.9,Type 2 diabetes mellitus without complications,Primary,2024-08-24,Moderate
DX_001064,ADM_00675,P_00725,J44.9,"Chronic obstructive pulmonary disease, unspecified",Secondary,2024-08-24,Severe
DX_001065,ADM_00676,P_01027,J44.9,"Chronic obstructive pulmonary disease, unspecified",Primary,2024-09-10,Severe
DX_001066,ADM_00676,P_01027,N18.9,"Chronic kidney disease, unspecified",Secondary,2024-09-10,Severe
DX_001067,ADM_00677,P_01809,A41.9,"Sepsis, unspecified organism",Primary,2025-02-18,Severe
DX_001068,ADM_00678,P_01303,C34.90,Malignant neoplasm of unspecified part of bronchus or lung,Primary,2024-08-27,Severe
DX_001069,ADM_00679,P_00354,A41.9,"Sepsis, unspecified organism",Primary,2025-04-08,Severe
DX_001070,ADM_00679,P_00354,E11.9,Type 2 diabetes mellitus without complications,Secondary,2025-04-08,Moderate
DX_001071,ADM_00680,P_00628,I10,Essential (primary) hypertension,Primary,2024-06-05,Moderate
DX_001072,ADM_00680,P_00628,F32.9,"Major depressive disorder, single episode",secondary,2024-06-05,Moderate
DX_001073,ADM_00681,P_02453,J44.9,"Chronic obstructive pulmonary disease, unspecified",Primary,2024-09-19,Severe
DX_001074,ADM_00682,P_02815,C34.90,Malignant neoplasm of unspecified part of bronchus or lung,Primary,2024-12-28,Severe
DX_001075,ADM_00683,P_01793,I21.9,"Acute myocardial infarction, unspecified",Primary,2024-01-01,Severe
DX_001076,ADM_00684,P_02644,K21.9,Gastro-esophageal reflux disease without esophagitis,Primary,2025-04-27,Mild
DX_001077,ADM_00685,P_02938,J18.9,"Pneumonia, unspecified organism",Primary,2024-10-04,Moderate
DX_001078,ADM_00685,P_02938,J44.9,"Chronic obstructive pulmonary disease, unspecified",Secondary,2024-10-04,Severe
DX_001079,ADM_00686,P_02827,C34.90,Malignant neoplasm of unspecified part of bronchus or lung,Primary,2024-07-12,Severe
DX_001080,ADM_00687,P_02365,K21.9,Gastro-esophageal reflux disease without esophagitis,Primary,2024-11-21,  Mild  
DX_001081,ADM_00688,P_02365,A41.9,"Sepsis, unspecified organism",Primary,2024-12-02,Severe
DX_001082,ADM_00688,P_02365,I50.9,"Heart failure, unspecified",Secondary,2024-12-02,Severe
DX_001083,ADM_00689,P_00714,I21.9,"Acute myocardial infarction, unspecified",Primary,2024-03-09,Severe
DX_001084,ADM_00689,P_00714,K21.9,Gastro-esophageal reflux disease without esophagitis,Secondary,2024-03-09,Mild
DX_001085,ADM_00690,P_02754,M54.5,Low back pain,Primary,2024-02-12,Mild
DX_001086,ADM_00691,P_02754,M54.5,Low back pain,Primary,2024-02-20,Mild
DX_001087,ADM_00691,P_02754,N18.9,"Chronic kidney disease, unspecified",Secondary,2024-02-20,Severe
DX_001088,ADM_00692,P_02279,E11.9,Type 2 diabetes mellitus without complications,Primary,2024-10-11,Moderate
DX_001089,ADM_00692,P_02279,C34.90,Malignant neoplasm of unspecified part of bronchus or lung,Secondary,2024-10-11,Severe
DX_001090,ADM_00693,P_02878,F32.9,"Major depressive disorder, single episode",Primary,2024-08-29,Moderate
DX_001091,ADM_00693,P_02878,A41.9,"Sepsis, unspecified organism",Secondary,2024-08-29,Severe
DX_001092,ADM_00694,P_02807,M54.5,Low back pain,Primary,2024-09-05,Mild
DX_001093,ADM_00695,P_00162,C34.90,Malignant neoplasm of unspecified part of bronchus or lung,Primary,2024-08-27,Severe
DX_001094,ADM_00696,P_01931,E11.9,Type 2 diabetes mellitus without complications,Primary,2024-01-30,Moderate
DX_001095,ADM_00696,P_01931,I10,Essential (primary) hypertension,Secondary,2024-01-30,Moderate
DX_001096,ADM_00697,P_02245,I10,Essential (primary) hypertension,Primary,2024-07-09,Moderate
DX_001097,ADM_00697,P_02245,J18.9,"Pneumonia, unspecified organism",Secondary,2024-07-09,Moderate
DX_001098,ADM_00698,P_02865,I10,Essential (primary) hypertension,primary,2024-11-27,Moderate
DX_001099,ADM_00699,P_00220,I50.9,"Heart failure, unspecified",Primary,2025-05-13,Severe
DX_001100,ADM_00699,P_00220,I21.9,"Acute myocardial infarction, unspecified",Secondary,2025-05-13,severe
DX_001101,ADM_00700,P_02338,J44.9,"Chronic obstructive pulmonary disease, unspecified",Primary,2024-01-27,Severe
DX_001102,ADM_00700,P_02338,C34.90,Malignant neoplasm of unspecified part of bronchus or lung,Secondary,2024-01-27,  Severe  
DX_001103,ADM_00701,P_02338,E11.9,Type 2 diabetes mellitus without complications,Primary,2024-02-26,Moderate
DX_001104,ADM_00702,P_00116,M54.5,Low back pain,Primary,2024-01-07,Mild
DX_001105,ADM_00702,P_00116,J44.9,"Chronic obstructive pulmonary disease, unspecified",Secondary,2024-01-07,Severe
DX_001106,ADM_00703,P_01184,I10,Essential (primary) hypertension,Primary,2024-08-30,Moderate
DX_001107,ADM_00703,P_01184,C34.90,Malignant neoplasm of unspecified part of bronchus or lung,Secondary,2024-08-30,Severe
DX_001108,ADM_00704,P_00941,I10,Essential (primary) hypertension,  Primary  ,2024-03-30,Moderate
DX_001109,ADM_00704,P_00941,M54.5,Low back pain,Secondary,2024-03-30,Mild
DX_001110,ADM_00705,P_00706,N18.9,"Chronic kidney disease, unspecified",Primary,2025-04-06,Severe
DX_001111,ADM_00706,P_03239,C34.90,Malignant neoplasm of unspecified part of bronchus or lung,Primary,2024-08-30,severe
DX_001112,ADM_00706,P_03239,F32.9,"Major depressive disorder, single episode",Secondary,2024-08-30,Moderate
DX_001113,ADM_00707,P_02679,N18.9,"Chronic kidney disease, unspecified",  Primary  ,2024-11-23,Severe
DX_001114,ADM_00707,P_02679,I21.9,"Acute myocardial infarction, unspecified",Secondary,2024-11-23,Severe
DX_001115,ADM_00708,P_02438,M54.5,Low back pain,Primary,18-01-2025,Mild
DX_001116,ADM_00709,P_02438,A41.9,"Sepsis, unspecified organism",Primary,2025-02-04,Severe
DX_001117,ADM_00710,P_02778,F32.9,"Major depressive disorder, single episode",Primary,2025-01-25,Moderate
DX_001118,ADM_00710,P_02778,N18.9,"Chronic kidney disease, unspecified",Secondary,2025-01-25,Severe
DX_001119,ADM_00711,P_00231,J18.9,"Pneumonia, unspecified organism",Primary,2024-02-12,Moderate
DX_001120,ADM_00712,P_02945,A41.9,"Sepsis, unspecified organism",Primary,2024-08-13,Severe
DX_001121,ADM_00713,P_02786,M54.5,Low back pain,Primary,2024-02-17,Mild
DX_001122,ADM_00714,P_01879,J18.9,"Pneumonia, unspecified organism",Primary,2025-01-27,Moderate
DX_001123,ADM_00714,P_01879,A41.9,"Sepsis, unspecified organism",Secondary,2025-01-27,Severe
DX_001124,ADM_00715,P_03262,M54.5,Low back pain,Primary,2025-01-14,Mild
DX_001125,ADM_00715,P_03262,N18.9,"Chronic kidney disease, unspecified",SECONDARY,2025-01-14,Severe
DX_001126,ADM_00716,P_01833,I21.9,"Acute myocardial infarction, unspecified",Primary,2024-09-30,Severe
DX_001127,ADM_00716,P_01833,A41.9,"Sepsis, unspecified organism",Secondary,09/30/2024,Severe
DX_001128,ADM_00717,P_03143,N18.9,"Chronic kidney disease, unspecified",Primary,2025-03-04,Severe
DX_001129,ADM_00717,P_03143,C34.90,Malignant neoplasm of unspecified part of bronchus or lung,Secondary,2025-03-04,Severe
DX_001130,ADM_00718,P_00363,I21.9,"Acute myocardial infarction, unspecified",Primary,2024-06-03,Severe
DX_001131,ADM_00718,P_00363,K21.9,Gastro-esophageal reflux disease without esophagitis,Secondary,2024-06-03,Mild
DX_001132,ADM_00719,P_02134,I21.9,"Acute myocardial infarction, unspecified",  Primary  ,2024-11-11,Severe
DX_001133,ADM_00720,P_01127,J44.9,"Chronic obstructive pulmonary disease, unspecified",Primary,2024-10-28,Severe
DX_001134,ADM_00721,P_03357,A41.9,"Sepsis, unspecified organism",Primary,2024-09-14,Severe
DX_001135,ADM_00722,P_02761,J18.9,"Pneumonia, unspecified organism",Primary,2024-08-15,Moderate
DX_001136,ADM_00722,P_02761,I21.9,"Acute myocardial infarction, unspecified",Secondary,2024-08-15,Severe
DX_001137,ADM_00723,P_02529,A41.9,"Sepsis, unspecified organism",Primary,2024-10-12,Severe
DX_001138,ADM_00724,P_03133,C34.90,Malignant neoplasm of unspecified part of bronchus or lung,Primary,2024-06-11,  Severe  
DX_001139,ADM_00725,P_03133,I50.9,"Heart failure, unspecified",Primary,2024-06-21,Severe
DX_001140,ADM_00726,P_02833,M54.5,Low back pain,Primary,2025-04-11,Mild
DX_001141,ADM_00727,P_00291,K21.9,Gastro-esophageal reflux disease without esophagitis,Primary,2024-05-08,Mild
DX_001142,ADM_00727,P_00291,M54.5,Low back pain,Secondary,2024-05-08,Mild
DX_001143,ADM_00728,P_02498,F32.9,"Major depressive disorder, single episode",Primary,2024-12-08,Moderate
DX_001144,ADM_00729,P_03353,I21.9,"Acute myocardial infarction, unspecified",Primary,2024-02-09,Severe
DX_001145,ADM_00729,P_03353,N18.9,"Chronic kidney disease, unspecified",Secondary,2024-02-09,Severe
DX_001146,ADM_00730,P_00483,J44.9,"Chronic obstructive pulmonary disease, unspecified",Primary,2024-12-06,Severe
DX_001147,ADM_00730,P_00483,N18.9,"Chronic kidney disease, unspecified",Secondary,2024-12-06,Severe
DX_001148,ADM_00731,P_02963,J44.9,"Chronic obstructive pulmonary disease, unspecified",Primary,2024-11-29,Severe
DX_001149,ADM_00732,P_02963,J18.9,"Pneumonia, unspecified organism",PRIMARY,2024-12-29,Moderate
DX_001150,ADM_00732,P_02963,I50.9,"Heart failure, unspecified",Secondary,2024-12-29,Severe
DX_001151,ADM_00733,P_00640,I10,Essential (primary) hypertension,  Primary  ,2024-12-02,Moderate
DX_001152,ADM_00734,P_02524,J44.9,"Chronic obstructive pulmonary disease, unspecified",Primary,2024-12-05,Severe
DX_001153,ADM_00734,P_02524,E11.9,Type 2 diabetes mellitus without complications,Secondary,2024-12-05,Moderate
DX_001154,ADM_00735,P_01360,N18.9,"Chronic kidney disease, unspecified",Primary,2024-10-06,Severe
DX_001155,ADM_00736,P_01984,I10,Essential (primary) hypertension,Primary,2025-03-18,Moderate
DX_001156,ADM_00737,P_00264,K21.9,Gastro-esophageal reflux disease without esophagitis,Primary,2024-08-28,Mild
DX_001157,ADM_00737,P_00264,E11.9,Type 2 diabetes mellitus without complications,Secondary,2024-08-28,Moderate
DX_001158,ADM_00738,P_02212,I50.9,"Heart failure, unspecified",Primary,08/16/2024,Severe
DX_001159,ADM_00738,P_02212,J44.9,"Chronic obstructive pulmonary disease, unspecified",Secondary,2024-08-16,Severe
DX_001160,ADM_00739,P_02392,I21.9,"Acute myocardial infarction, unspecified",Primary,2025-04-23,Severe
DX_001161,ADM_00739,P_02392,J18.9,"Pneumonia, unspecified organism",Secondary,2025-04-23,  Moderate  
DX_001162,ADM_00740,P_02244,M54.5,Low back pain,Primary,2024-12-15,Mild
DX_001163,ADM_00740,P_02244,I50.9,"Heart failure, unspecified",Secondary,2024-12-15,Severe
DX_001164,ADM_00741,P_02244,C34.90,Malignant neoplasm of unspecified part of bronchus or lung,Primary,2025-01-05,Severe
DX_001165,ADM_00742,P_01877,I21.9,"Acute myocardial infarction, unspecified",Primary,2024-09-12,Severe
DX_001166,ADM_00742,P_01877,E11.9,Type 2 diabetes mellitus without complications,Secondary,2024-09-12,Moderate
DX_001167,ADM_00743,P_01410,I10,Essential (primary) hypertension,Primary,2024-11-14,Moderate
DX_001168,ADM_00743,P_01410,C34.90,Malignant neoplasm of unspecified part of bronchus or lung,Secondary,2024-11-14,Severe
DX_001169,ADM_00744,P_03437,A41.9,"Sepsis, unspecified organism",Primary,2024-11-13,Severe
DX_001170,ADM_00744,P_03437,I21.9,"Acute myocardial infarction, unspecified",Secondary,2024-11-13,Severe
DX_001171,ADM_00745,P_01864,M54.5,Low back pain,Primary,2024-10-04,Mild
DX_001172,ADM_00745,P_01864,J18.9,"Pneumonia, unspecified organism",Secondary,2024-10-04,Moderate
DX_001173,ADM_00746,P_01201,I50.9,"Heart failure, unspecified",Primary,2024-06-17,severe
DX_001174,ADM_00746,P_01201,M54.5,Low back pain,Secondary,2024-06-17,Mild
DX_001175,ADM_00747,P_01208,F32.9,"Major depressive disorder, single episode",Primary,2024-04-30,Moderate
DX_001176,ADM_00747,P_01208,E11.9,Type 2 diabetes mellitus without complications,Secondary,04/30/2024,Moderate
DX_001177,ADM_00748,P_00558,J44.9,"Chronic obstructive pulmonary disease, unspecified",Primary,2024-12-20,SEVERE
DX_001178,ADM_00749,P_00014,I21.9,"Acute myocardial infarction, unspecified",Primary,2025-05-07,Severe
DX_001179,ADM_00749,P_00014,M54.5,Low back pain,UNKNOWN_VAL,2025-05-07,Mild
DX_001180,ADM_00750,P_01364,K21.9,Gastro-esophageal reflux disease without esophagitis,Primary,23-12-2024,Mild
DX_001181,ADM_00750,P_01364,C34.90,Malignant neoplasm of unspecified part of bronchus or lung,Secondary,2024-12-23,Severe
DX_001182,ADM_00751,P_01021,I50.9,"Heart failure, unspecified",PRIMARY,2024-11-04,SEVERE
DX_001183,ADM_00751,P_01021,C34.90,Malignant neoplasm of unspecified part of bronchus or lung,Secondary,2024-11-04,Severe
DX_001184,ADM_00752,P_02163,J18.9,"Pneumonia, unspecified organism",Primary,2025-02-07,Moderate
DX_001185,ADM_00752,P_02163,E11.9,Type 2 diabetes mellitus without complications,Secondary,2025-02-07,Moderate
DX_001186,ADM_00753,P_02945,N18.9,"Chronic kidney disease, unspecified",Primary,2024-07-27,Severe
DX_001187,ADM_00754,P_01678,E11.9,Type 2 diabetes mellitus without complications,PRIMARY,2025-02-15,Moderate
DX_001188,ADM_00754,P_01678,N18.9,"Chronic kidney disease, unspecified",Secondary,2025-02-15,Severe
DX_001189,ADM_00755,P_00984,A41.9,"Sepsis, unspecified organism",Primary,2025-05-09,Severe
DX_001190,ADM_00756,P_00984,A41.9,"Sepsis, unspecified organism",Primary,2025-06-02,Severe
DX_001191,ADM_00756,P_00984,N18.9,"Chronic kidney disease, unspecified",Secondary,2025-06-02,Severe
DX_001192,ADM_00757,P_02124,F32.9,"Major depressive disorder, single episode",Primary,2025-03-19,Moderate
DX_001193,ADM_00758,P_00144,A41.9,"Sepsis, unspecified organism",primary,2024-12-27,Severe
DX_001194,ADM_00758,P_00144,I21.9,"Acute myocardial infarction, unspecified",Secondary,2024-12-27,Severe
DX_001195,ADM_00759,P_00989,C34.90,Malignant neoplasm of unspecified part of bronchus or lung,Primary,2024-01-28,Severe
DX_001196,ADM_00760,P_00722,I50.9,"Heart failure, unspecified",Primary,2024-02-04,Severe
DX_001197,ADM_00761,P_01165,E11.9,Type 2 diabetes mellitus without complications,Primary,2024-08-21,Moderate
DX_001198,ADM_00761,P_01165,I10,Essential (primary) hypertension,Secondary,2024-08-21,Moderate
DX_001199,ADM_00762,P_03276,I10,Essential (primary) hypertension,Primary,2024-03-07,Moderate
DX_001200,ADM_00762,P_03276,K21.9,Gastro-esophageal reflux disease without esophagitis,Secondary,2024-03-07,Mild
DX_001201,ADM_00763,P_00059,I21.9,"Acute myocardial infarction, unspecified",Primary,2024-10-05,Severe
DX_001202,ADM_00764,P_02211,N18.9,"Chronic kidney disease, unspecified",Primary,2025-04-08,Severe
DX_001203,ADM_00764,P_02211,I10,Essential (primary) hypertension,SECONDARY,2025-04-08,Moderate
DX_001204,ADM_00765,P_01224,J44.9,"Chronic obstructive pulmonary disease, unspecified",Primary,2024-11-14,Severe
DX_001205,ADM_00765,P_01224,C34.90,Malignant neoplasm of unspecified part of bronchus or lung,Secondary,2024-11-14,Severe
DX_001206,ADM_00766,P_01543,M54.5,Low back pain,Primary,2024-06-30,Mild
DX_001207,ADM_00766,P_01543,K21.9,Gastro-esophageal reflux disease without esophagitis,Secondary,2024-06-30,Mild
DX_001208,ADM_00767,P_00328,C34.90,Malignant neoplasm of unspecified part of bronchus or lung,Primary,2025-04-21,Severe
DX_001209,ADM_00767,P_00328,I50.9,"Heart failure, unspecified",Secondary,2025-04-21,Severe
DX_001210,ADM_00768,P_02788,M54.5,Low back pain,Primary,2024-03-31,Mild
DX_001211,ADM_00769,P_02144,I50.9,"Heart failure, unspecified",Primary,2024-07-14,Severe
DX_001212,ADM_00769,P_02144,J18.9,"Pneumonia, unspecified organism",Secondary,2024-07-14,Moderate
DX_001213,ADM_00770,P_01295,A41.9,"Sepsis, unspecified organism",Primary,2024-05-19,  Severe  
DX_001214,ADM_00770,P_01295,E11.9,Type 2 diabetes mellitus without complications,Secondary,2024-05-19,Moderate
DX_001215,ADM_00771,P_02155,N18.9,"Chronic kidney disease, unspecified",Primary,2024-03-30,Severe
DX_001216,ADM_00772,P_03444,M54.5,Low back pain,primary,2024-05-26,Mild
DX_001217,ADM_00772,P_03444,I21.9,"Acute myocardial infarction, unspecified",Secondary,2024-05-26,Severe
DX_001218,ADM_00773,P_00183,I21.9,"Acute myocardial infarction, unspecified",Primary,2024/02/10 00:00:00,Severe
DX_001219,ADM_00774,P_03337,K21.9,Gastro-esophageal reflux disease without esophagitis,Primary,2024-10-03,Mild
DX_001220,ADM_00774,P_03337,E11.9,Type 2 diabetes mellitus without complications,Secondary,2024-10-03,Moderate
DX_001221,ADM_00775,P_03247,M54.5,Low back pain,Primary,2024-04-17,Mild
DX_001222,ADM_00776,P_01564,M54.5,Low back pain,Primary,2024-08-11,Mild
DX_001223,ADM_00777,P_03068,A41.9,"Sepsis, unspecified organism",Primary,10/06/2024,Severe
DX_001224,ADM_00778,P_02878,C34.90,Malignant neoplasm of unspecified part of bronchus or lung,primary,2024-04-05,Severe
DX_001225,ADM_00779,P_01552,C34.90,Malignant neoplasm of unspecified part of bronchus or lung,Primary,2025-01-04,Severe
DX_001226,ADM_00779,P_01552,A41.9,"Sepsis, unspecified organism",SECONDARY,2025-01-04,Severe
DX_001227,ADM_00780,P_01979,I21.9,"Acute myocardial infarction, unspecified",Primary,2024-10-14,Severe
DX_001228,ADM_00780,P_01979,I10,Essential (primary) hypertension,Secondary,2024-10-14,Moderate
DX_001229,ADM_00781,P_00328,E11.9,Type 2 diabetes mellitus without complications,Primary,2024-07-27,Moderate
DX_001230,ADM_00781,P_00328,F32.9,"Major depressive disorder, single episode",Secondary,2024-07-27,Moderate
DX_001231,ADM_00782,P_00909,N18.9,"Chronic kidney disease, unspecified",  Primary  ,2024-11-22,Severe
DX_001232,ADM_00782,P_00909,J44.9,"Chronic obstructive pulmonary disease, unspecified",Secondary,2024-11-22,Severe
DX_001233,ADM_00783,P_03100,E11.9,Type 2 diabetes mellitus without complications,Primary,2024-09-02,Moderate
DX_001234,ADM_00784,P_00791,E11.9,Type 2 diabetes mellitus without complications,Primary,2025-03-15,Moderate
DX_001235,ADM_00785,P_02640,J18.9,"Pneumonia, unspecified organism",Primary,2024-01-29,Moderate
DX_001236,ADM_00786,P_01461,C34.90,Malignant neoplasm of unspecified part of bronchus or lung,Primary,2024-08-28,Severe
DX_001237,ADM_00787,P_01894,A41.9,"Sepsis, unspecified organism",Primary,2025-01-16,Severe
DX_001238,ADM_00787,P_01894,I50.9,"Heart failure, unspecified",Secondary,01/16/2025,Severe
DX_001239,ADM_00788,P_02256,E11.9,Type 2 diabetes mellitus without complications,Primary,2025-02-21,Moderate
DX_001240,ADM_00788,P_02256,J18.9,"Pneumonia, unspecified organism",Secondary,2025-02-21,Moderate
DX_001241,ADM_00789,P_00093,A41.9,"Sepsis, unspecified organism",Primary,2024-12-29,Severe
DX_001242,ADM_00789,P_00093,N18.9,"Chronic kidney disease, unspecified",Secondary,2024-12-29,Severe
DX_001243,ADM_00790,P_00625,I21.9,"Acute myocardial infarction, unspecified",Primary,2024-06-24,Severe
DX_001244,ADM_00790,P_00625,E11.9,Type 2 diabetes mellitus without complications,Secondary,2024-06-24,Moderate
DX_001245,ADM_00791,P_02473,I21.9,"Acute myocardial infarction, unspecified",Primary,2024-10-23,SEVERE
DX_001246,ADM_00792,P_02660,C34.90,Malignant neoplasm of unspecified part of bronchus or lung,primary,2024-05-30,Severe
DX_001247,ADM_00793,P_02286,A41.9,"Sepsis, unspecified organism",Primary,2025-03-13,Severe
DX_001248,ADM_00793,P_02286,I21.9,"Acute myocardial infarction, unspecified",Secondary,2025-03-13,Severe
DX_001249,ADM_00794,P_01726,K21.9,Gastro-esophageal reflux disease without esophagitis,Primary,2024-07-23,Mild
DX_001250,ADM_00794,P_01726,F32.9,"Major depressive disorder, single episode",Secondary,2024-07-23,Moderate
DX_001251,ADM_00795,P_01726,E11.9,Type 2 diabetes mellitus without complications,Primary,2024-08-22,Moderate
DX_001252,ADM_00795,P_01726,F32.9,"Major depressive disorder, single episode",Secondary,2024-08-22,Moderate
DX_001253,ADM_00796,P_01407,I10,Essential (primary) hypertension,Primary,2024-11-07,moderate
DX_001254,ADM_00797,P_01407,J18.9,"Pneumonia, unspecified organism",Primary,2024-11-20,Moderate
DX_001255,ADM_00798,P_02749,F32.9,"Major depressive disorder, single episode",Primary,2024-09-12,MODERATE
DX_001256,ADM_00799,P_02749,K21.9,Gastro-esophageal reflux disease without esophagitis,Primary,2024-09-25,Mild
DX_001257,ADM_00800,P_02826,K21.9,Gastro-esophageal reflux disease without esophagitis,Primary,2024-05-25,Mild
DX_001258,ADM_00800,P_02826,I50.9,"Heart failure, unspecified",Secondary,2024-05-25,Severe
DX_001259,ADM_00801,P_01906,M54.5,Low back pain,Primary,2024-01-15,MILD
DX_001260,ADM_00801,P_01906,F32.9,"Major depressive disorder, single episode",Secondary,2024-01-15,Moderate
DX_001261,ADM_00802,P_00663,M54.5,Low back pain,Primary,2024-12-12,  Mild  
DX_001262,ADM_00802,P_00663,F32.9,"Major depressive disorder, single episode",Secondary,2024-12-12,Moderate
DX_001263,ADM_00803,P_03442,E11.9,Type 2 diabetes mellitus without complications,Primary,2024-12-12,Moderate
DX_001264,ADM_00803,P_03442,A41.9,"Sepsis, unspecified organism",Secondary,2024-12-12,Severe
DX_001265,ADM_00804,P_03442,I21.9,"Acute myocardial infarction, unspecified",Primary,2025-01-03,  Severe  
DX_001266,ADM_00804,P_03442,I50.9,"Heart failure, unspecified",Secondary,2025-01-03,Severe
DX_001267,ADM_00805,P_00099,C34.90,Malignant neoplasm of unspecified part of bronchus or lung,Primary,2024-10-31,Severe
DX_001268,ADM_00806,P_02943,I21.9,"Acute myocardial infarction, unspecified",Primary,2024-04-25,Severe
DX_001269,ADM_00807,P_00119,M54.5,Low back pain,Primary,2024-05-03,  Mild  
DX_001270,ADM_00807,P_00119,F32.9,"Major depressive disorder, single episode",SECONDARY,2024-05-03,Moderate
DX_001271,ADM_00808,P_01540,I10,Essential (primary) hypertension,Primary,2024-10-05,Moderate
DX_001272,ADM_00809,P_02559,M54.5,Low back pain,Primary,2024-06-13,Mild
DX_001273,ADM_00810,P_00157,I10,Essential (primary) hypertension,Primary,12/10/2024,Moderate
DX_001274,ADM_00810,P_00157,C34.90,Malignant neoplasm of unspecified part of bronchus or lung,Secondary,2024-12-10,SEVERE
DX_001275,ADM_00811,P_00895,M54.5,Low back pain,Primary,2024-08-22,Mild
DX_001276,ADM_00811,P_00895,K21.9,Gastro-esophageal reflux disease without esophagitis,secondary,2024-08-22,Mild
DX_001277,ADM_00812,P_01654,J44.9,"Chronic obstructive pulmonary disease, unspecified",Primary,2024/01/11 00:00:00,Severe
DX_001278,ADM_00813,P_00679,N18.9,"Chronic kidney disease, unspecified",Primary,2025-01-27,Severe
DX_001279,ADM_00813,P_00679,F32.9,"Major depressive disorder, single episode",Secondary,2025/01/27 00:00:00,Moderate
DX_001280,ADM_00814,P_01561,F32.9,"Major depressive disorder, single episode",Primary,2024-11-07,Moderate
DX_001281,ADM_00815,P_02382,N18.9,"Chronic kidney disease, unspecified",Primary,2024-06-29,SEVERE
DX_001282,ADM_00816,P_02506,I10,Essential (primary) hypertension,Primary,2024-07-08,Moderate
DX_001283,ADM_00817,P_01328,I10,Essential (primary) hypertension,Primary,2024-12-18,Moderate
DX_001284,ADM_00817,P_01328,I21.9,"Acute myocardial infarction, unspecified",Secondary,2024-12-18,Severe
DX_001285,ADM_00818,P_01328,M54.5,Low back pain,Primary,08-01-2025,Mild
DX_001286,ADM_00818,P_01328,I10,Essential (primary) hypertension,Secondary,2025-01-08,Moderate
DX_001287,ADM_00819,P_01231,K21.9,Gastro-esophageal reflux disease without esophagitis,Primary,2024-07-05,Mild
DX_001288,ADM_00820,P_00305,N18.9,"Chronic kidney disease, unspecified",Primary,2024-04-24,Severe
DX_001289,ADM_00820,P_00305,K21.9,Gastro-esophageal reflux disease without esophagitis,Secondary,2024-04-24,Mild
DX_001290,ADM_00821,P_01282,I21.9,"Acute myocardial infarction, unspecified",Primary,2025-01-13,Severe
DX_001291,ADM_00821,P_01282,A41.9,"Sepsis, unspecified organism",Secondary,2025/01/13 00:00:00,Severe
DX_001292,ADM_00822,P_00253,E11.9,Type 2 diabetes mellitus without complications,Primary,2025-04-02,Moderate
DX_001293,ADM_00823,P_02051,F32.9,"Major depressive disorder, single episode",Primary,2025-01-31,  Moderate  
DX_001294,ADM_00823,P_02051,C34.90,Malignant neoplasm of unspecified part of bronchus or lung,Secondary,2025-01-31,Severe
DX_001295,ADM_00824,P_00395,C34.90,Malignant neoplasm of unspecified part of bronchus or lung,Primary,2024-11-08,Severe
DX_001296,ADM_00825,P_03409,N18.9,"Chronic kidney disease, unspecified",Primary,2024-09-08,severe
DX_001297,ADM_00826,P_00246,F32.9,"Major depressive disorder, single episode",Primary,2024-01-21,Moderate
DX_001298,ADM_00826,P_00246,N18.9,"Chronic kidney disease, unspecified",Secondary,2024-01-21,Severe
DX_001299,ADM_00827,P_00246,I21.9,"Acute myocardial infarction, unspecified",Primary,2024-02-22,Severe
DX_001300,ADM_00828,P_01074,C34.90,Malignant neoplasm of unspecified part of bronchus or lung,  Primary  ,2024-04-13,Severe
DX_001301,ADM_00828,P_01074,I50.9,"Heart failure, unspecified",Secondary,2024-04-13,Severe
DX_001302,ADM_00829,P_00580,C34.90,Malignant neoplasm of unspecified part of bronchus or lung,Primary,2025-05-01,Severe
DX_001303,ADM_00829,P_00580,J44.9,"Chronic obstructive pulmonary disease, unspecified",Secondary,2025-05-01,SEVERE
DX_001304,ADM_00830,P_00992,K21.9,Gastro-esophageal reflux disease without esophagitis,Primary,2025-01-05,Mild
DX_001305,ADM_00830,P_00992,M54.5,Low back pain,Secondary,2025-01-05,Mild
DX_001306,ADM_00831,P_01171,F32.9,"Major depressive disorder, single episode",primary,2025-01-12,Moderate
DX_001307,ADM_00831,P_01171,C34.90,Malignant neoplasm of unspecified part of bronchus or lung,Secondary,2025-01-12,Severe
DX_001308,ADM_00832,P_01171,A41.9,"Sepsis, unspecified organism",Primary,2025-01-28,Severe
DX_001309,ADM_00832,P_01171,J18.9,"Pneumonia, unspecified organism",Secondary,2025-01-28,Moderate
DX_001310,ADM_00833,P_03423,J18.9,"Pneumonia, unspecified organism",Primary,2024-10-21,Moderate
DX_001311,ADM_00834,P_00363,C34.90,Malignant neoplasm of unspecified part of bronchus or lung,Primary,2025-04-06,Severe
DX_001312,ADM_00835,P_00675,F32.9,"Major depressive disorder, single episode",Primary,2024-09-01,Moderate
DX_001313,ADM_00835,P_00675,N18.9,"Chronic kidney disease, unspecified",Secondary,2024-09-01,Severe
DX_001314,ADM_00836,P_02898,J18.9,"Pneumonia, unspecified organism",Primary,2024-05-24,Moderate
DX_001315,ADM_00836,P_02898,M54.5,Low back pain,Secondary,2024-05-24,Mild
DX_001316,ADM_00837,P_02898,J18.9,"Pneumonia, unspecified organism",Primary,2024-06-06,Moderate
DX_001317,ADM_00837,P_02898,A41.9,"Sepsis, unspecified organism",Secondary,2024-06-06,Severe
DX_001318,ADM_00838,P_02685,J44.9,"Chronic obstructive pulmonary disease, unspecified",Primary,2025-04-07,SEVERE
DX_001319,ADM_00838,P_02685,M54.5,Low back pain,Secondary,2025-04-07,Mild
DX_001320,ADM_00839,P_00354,N18.9,"Chronic kidney disease, unspecified",Primary,2025-04-05,Severe
DX_001321,ADM_00839,P_00354,I21.9,"Acute myocardial infarction, unspecified",Secondary,2025-04-05,Severe
DX_001322,ADM_00840,P_00467,E11.9,Type 2 diabetes mellitus without complications,PRIMARY,2025-02-13,Moderate
DX_001323,ADM_00840,P_00467,I50.9,"Heart failure, unspecified",Secondary,2025-02-13,Severe
DX_001324,ADM_00841,P_01074,J44.9,"Chronic obstructive pulmonary disease, unspecified",Primary,2024-12-29,Severe
DX_001325,ADM_00841,P_01074,F32.9,"Major depressive disorder, single episode",Secondary,2024-12-29,Moderate
DX_001326,ADM_00842,P_02461,J18.9,"Pneumonia, unspecified organism",Primary,2024-08-09,Moderate
DX_001327,ADM_00842,P_02461,E11.9,Type 2 diabetes mellitus without complications,Secondary,2024-08-09,Moderate
DX_001328,ADM_00843,P_02240,J44.9,"Chronic obstructive pulmonary disease, unspecified",Primary,2024-02-14,Severe
DX_001329,ADM_00843,P_02240,M54.5,Low back pain,Secondary,2024-02-14,mild
DX_001330,ADM_00844,P_00527,N18.9,"Chronic kidney disease, unspecified",primary,2025-01-28,Severe
DX_001331,ADM_00845,P_02537,C34.90,Malignant neoplasm of unspecified part of bronchus or lung,Primary,2025-03-28,Severe
DX_001332,ADM_00846,P_00917,C34.90,Malignant neoplasm of unspecified part of bronchus or lung,Primary,2024-02-17,Severe
DX_001333,ADM_00847,P_00141,I21.9,"Acute myocardial infarction, unspecified",Primary,11/12/2024,Severe
DX_001334,ADM_00847,P_00141,J18.9,"Pneumonia, unspecified organism",Secondary,2024-11-12,Moderate
DX_001335,ADM_00848,P_02233,J18.9,"Pneumonia, unspecified organism",Primary,2024-12-30,Moderate
DX_001336,ADM_00849,P_01238,A41.9,"Sepsis, unspecified organism",Primary,2024-03-21,severe
DX_001337,ADM_00850,P_02770,I50.9,"Heart failure, unspecified",Primary,2025-03-20,Severe
DX_001338,ADM_00850,P_02770,A41.9,"Sepsis, unspecified organism",Secondary,2025/03/20 00:00:00,Severe
DX_001339,ADM_00851,P_02748,J44.9,"Chronic obstructive pulmonary disease, unspecified",Primary,2024-04-08,Severe
DX_001340,ADM_00852,P_00848,K21.9,Gastro-esophageal reflux disease without esophagitis,Primary,2024-08-14,Mild
DX_001341,ADM_00852,P_00848,J44.9,"Chronic obstructive pulmonary disease, unspecified",SECONDARY,2024-08-14,severe
DX_001342,ADM_00853,P_02565,A41.9,"Sepsis, unspecified organism",Primary,2024-09-07,Severe
DX_001343,ADM_00853,P_02565,M54.5,Low back pain,  Secondary  ,2024-09-07,Mild
DX_001344,ADM_00854,P_02915,K21.9,Gastro-esophageal reflux disease without esophagitis,Primary,2025-04-11,Mild
DX_001345,ADM_00854,P_02915,I21.9,"Acute myocardial infarction, unspecified",Secondary,2025-04-11,  Severe  
DX_001346,ADM_00855,P_00892,J44.9,"Chronic obstructive pulmonary disease, unspecified",primary,2025-04-06,SEVERE
DX_001347,ADM_00856,P_02074,F32.9,"Major depressive disorder, single episode",Primary,2024-05-28,Moderate
DX_001348,ADM_00856,P_02074,E11.9,Type 2 diabetes mellitus without complications,Secondary,2024-05-28,  Moderate  
DX_001349,ADM_00857,P_02074,I10,Essential (primary) hypertension,Primary,2024-06-27,Moderate
DX_001350,ADM_00857,P_02074,J18.9,"Pneumonia, unspecified organism",Secondary,2024-06-27,Moderate
DX_001351,ADM_00858,P_03202,J18.9,"Pneumonia, unspecified organism",Primary,2024-01-12,Moderate
DX_001352,ADM_00858,P_03202,I21.9,"Acute myocardial infarction, unspecified",Secondary,2024-01-12,Severe
DX_001353,ADM_00859,P_03273,A41.9,"Sepsis, unspecified organism",Primary,2024-10-30,Severe
DX_001354,ADM_00860,P_00314,N18.9,"Chronic kidney disease, unspecified",Primary,2025-04-02,Severe
DX_001355,ADM_00860,P_00314,F32.9,"Major depressive disorder, single episode",Secondary,2025-04-02,Moderate
DX_001356,ADM_00861,P_00314,A41.9,"Sepsis, unspecified organism",Primary,2025-05-01,Severe
DX_001357,ADM_00861,P_00314,I21.9,"Acute myocardial infarction, unspecified",Secondary,2025-05-01,severe
DX_001358,ADM_00862,P_01859,I21.9,"Acute myocardial infarction, unspecified",Primary,2025-01-19,Severe
DX_001359,ADM_00863,P_00623,I21.9,"Acute myocardial infarction, unspecified",Primary,2024-02-08,Severe
DX_001360,ADM_00863,P_00623,I50.9,"Heart failure, unspecified",Secondary,2024-02-08,SEVERE
DX_001361,ADM_00864,P_00623,A41.9,"Sepsis, unspecified organism",PRIMARY,2024-02-13,Severe
DX_001362,ADM_00865,P_00803,A41.9,"Sepsis, unspecified organism",Primary,2025-05-06,Severe
DX_001363,ADM_00865,P_00803,I21.9,"Acute myocardial infarction, unspecified",Secondary,2025/05/06 00:00:00,Severe
DX_001364,ADM_00866,P_03493,I50.9,"Heart failure, unspecified",Primary,2024-06-10,Severe
DX_001365,ADM_00866,P_03493,N18.9,"Chronic kidney disease, unspecified",Secondary,2024-06-10,Severe
DX_001366,ADM_00867,P_03469,C34.90,Malignant neoplasm of unspecified part of bronchus or lung,Primary,2025-05-03,Severe
DX_001367,ADM_00867,P_03469,M54.5,Low back pain,Secondary,2025-05-03,  Mild  
DX_001368,ADM_00868,P_03469,K21.9,Gastro-esophageal reflux disease without esophagitis,Primary,2025-06-10,Mild
DX_001369,ADM_00868,P_03469,I50.9,"Heart failure, unspecified",Secondary,2025-06-10,Severe
DX_001370,ADM_00869,P_00248,F32.9,"Major depressive disorder, single episode",Primary,2024-07-23,  Moderate  
DX_001371,ADM_00870,P_02433,K21.9,Gastro-esophageal reflux disease without esophagitis,Primary,2024-05-23,Mild
DX_001372,ADM_00870,P_02433,I21.9,"Acute myocardial infarction, unspecified",Secondary,2024-05-23,Severe
DX_001373,ADM_00871,P_01626,J44.9,"Chronic obstructive pulmonary disease, unspecified",Primary,2024-12-17,Severe
DX_001374,ADM_00871,P_01626,E11.9,Type 2 diabetes mellitus without complications,Secondary,2024-12-17,Moderate
DX_001375,ADM_00872,P_03137,M54.5,Low back pain,Primary,2024-04-21,Mild
DX_001376,ADM_00872,P_03137,K21.9,Gastro-esophageal reflux disease without esophagitis,Secondary,2024-04-21,Mild
DX_001377,ADM_00873,P_03137,F32.9,"Major depressive disorder, single episode",Primary,2024-05-17,Moderate
DX_001378,ADM_00873,P_03137,K21.9,Gastro-esophageal reflux disease without esophagitis,Secondary,2024-05-17,Mild
DX_001379,ADM_00874,P_02142,J18.9,"Pneumonia, unspecified organism",Primary,2025/02/04 00:00:00,Moderate
DX_001380,ADM_00874,P_02142,J44.9,"Chronic obstructive pulmonary disease, unspecified",Secondary,2025-02-04,Severe
DX_001381,ADM_00875,P_00270,I50.9,"Heart failure, unspecified",Primary,2024-12-01,  Severe  
DX_001382,ADM_00875,P_00270,F32.9,"Major depressive disorder, single episode",Secondary,2024-12-01,Moderate
DX_001383,ADM_00876,P_00748,A41.9,"Sepsis, unspecified organism",Primary,2024-06-01,Severe
DX_001384,ADM_00877,P_01664,C34.90,Malignant neoplasm of unspecified part of bronchus or lung,Primary,2025-03-31,Severe
DX_001385,ADM_00878,P_02851,I50.9,"Heart failure, unspecified",Primary,2024-12-21,Severe
DX_001386,ADM_00878,P_02851,F32.9,"Major depressive disorder, single episode",Secondary,2024-12-21,Moderate
DX_001387,ADM_00879,P_00997,I50.9,"Heart failure, unspecified",Primary,2024-06-20,SEVERE
DX_001388,ADM_00880,P_02019,J18.9,"Pneumonia, unspecified organism",Primary,2024/03/13 00:00:00,Moderate
DX_001389,ADM_00880,P_02019,A41.9,"Sepsis, unspecified organism",Secondary,2024-03-13,Severe
DX_001390,ADM_00881,P_02219,I21.9,"Acute myocardial infarction, unspecified",Primary,2024-12-17,Severe
DX_001391,ADM_00881,P_02219,K21.9,Gastro-esophageal reflux disease without esophagitis,  Secondary  ,2024-12-17,Mild
DX_001392,ADM_00882,P_01124,F32.9,"Major depressive disorder, single episode",Primary,2024/06/10 00:00:00,Moderate
DX_001393,ADM_00882,P_01124,A41.9,"Sepsis, unspecified organism",Secondary,2024-06-10,Severe
DX_001394,ADM_00883,P_03152,K21.9,Gastro-esophageal reflux disease without esophagitis,Primary,2025-04-02,Mild
DX_001395,ADM_00883,P_03152,I50.9,"Heart failure, unspecified",Secondary,2025-04-02,Severe
DX_001396,ADM_00884,P_00880,I50.9,"Heart failure, unspecified",Primary,2024-09-22,Severe
DX_001397,ADM_00885,P_01755,J44.9,"Chronic obstructive pulmonary disease, unspecified",PRIMARY,2024-10-04,Severe
DX_001398,ADM_00885,P_01755,A41.9,"Sepsis, unspecified organism",Secondary,2024-10-04,Severe
DX_001399,ADM_00886,P_02004,C34.90,Malignant neoplasm of unspecified part of bronchus or lung,Primary,2024-07-21,Severe
DX_001400,ADM_00886,P_02004,F32.9,"Major depressive disorder, single episode",Secondary,2024-07-21,Moderate
DX_001401,ADM_00887,P_00596,K21.9,Gastro-esophageal reflux disease without esophagitis,Primary,2024-09-29,Mild
DX_001402,ADM_00887,P_00596,J44.9,"Chronic obstructive pulmonary disease, unspecified",Secondary,2024-09-29,SEVERE
DX_001403,ADM_00888,P_01685,K21.9,Gastro-esophageal reflux disease without esophagitis,Primary,2024-08-12,Mild
DX_001404,ADM_00889,P_01121,K21.9,Gastro-esophageal reflux disease without esophagitis,Primary,2024-08-08,Mild
DX_001405,ADM_00889,P_01121,E11.9,Type 2 diabetes mellitus without complications,Secondary,2024-08-08,Moderate
DX_001406,ADM_00890,P_00403,I10,Essential (primary) hypertension,Primary,2024-04-28,Moderate
DX_001407,ADM_00890,P_00403,F32.9,"Major depressive disorder, single episode",Secondary,2024-04-28,Moderate
DX_001408,ADM_00891,P_00403,M54.5,Low back pain,Primary,2024-05-10,Mild
DX_001409,ADM_00892,P_01364,M54.5,Low back pain,Primary,2025-03-31,Mild
DX_001410,ADM_00893,P_00153,F32.9,"Major depressive disorder, single episode",Primary,2024-05-13,Moderate
DX_001411,ADM_00894,P_00153,M54.5,Low back pain,Primary,2024-06-15,Mild
DX_001412,ADM_00895,P_01104,I50.9,"Heart failure, unspecified",Primary,2025-02-13,Severe
DX_001413,ADM_00896,P_00462,M54.5,Low back pain,Primary,2024-12-30,Mild
DX_001414,ADM_00896,P_00462,E11.9,Type 2 diabetes mellitus without complications,Secondary,2024-12-30,Moderate
DX_001415,ADM_00897,P_00298,I21.9,"Acute myocardial infarction, unspecified",Primary,2024-10-02,Severe
DX_001416,ADM_00897,P_00298,C34.90,Malignant neoplasm of unspecified part of bronchus or lung,Secondary,2024-10-02,Severe
DX_001417,ADM_00898,P_00128,I21.9,"Acute myocardial infarction, unspecified",Primary,2025-03-25,Severe
DX_001418,ADM_00898,P_00128,K21.9,Gastro-esophageal reflux disease without esophagitis,Secondary,2025-03-25,Mild
DX_001419,ADM_00899,P_00682,F32.9,"Major depressive disorder, single episode",Primary,2025-01-18,Moderate
DX_001420,ADM_00900,P_00682,I21.9,"Acute myocardial infarction, unspecified",Primary,2025-02-12,Severe
DX_001421,ADM_00901,P_01553,I50.9,"Heart failure, unspecified",Primary,2025-04-10,Severe
DX_001422,ADM_00901,P_01553,K21.9,Gastro-esophageal reflux disease without esophagitis,  Secondary  ,2025-04-10,Mild
DX_001423,ADM_00902,P_01011,I50.9,"Heart failure, unspecified",Primary,2024-09-16,Severe
DX_001424,ADM_00903,P_03191,N18.9,"Chronic kidney disease, unspecified",Primary,2024-09-12,Severe
DX_001425,ADM_00903,P_03191,M54.5,Low back pain,  Secondary  ,2024-09-12,Mild
DX_001426,ADM_00904,P_00112,J44.9,"Chronic obstructive pulmonary disease, unspecified",Primary,2024-05-28,Severe
DX_001427,ADM_00905,P_02810,J44.9,"Chronic obstructive pulmonary disease, unspecified",Primary,2024-05-23,Severe
DX_001428,ADM_00905,P_02810,I10,Essential (primary) hypertension,  Secondary  ,2024-05-23,Moderate
DX_001429,ADM_00906,P_02764,C34.90,Malignant neoplasm of unspecified part of bronchus or lung,Primary,2025-02-07,Severe
DX_001430,ADM_00906,P_02764,J44.9,"Chronic obstructive pulmonary disease, unspecified",Secondary,2025-02-07,Severe
DX_001431,ADM_00907,P_03487,N18.9,"Chronic kidney disease, unspecified",Primary,2024-02-17,Severe
DX_001432,ADM_00908,P_00624,C34.90,Malignant neoplasm of unspecified part of bronchus or lung,Primary,2025-02-01,Severe
DX_001433,ADM_00908,P_00624,I50.9,"Heart failure, unspecified",Secondary,01-02-2025,Severe
DX_001434,ADM_00909,P_01542,K21.9,Gastro-esophageal reflux disease without esophagitis,Primary,2024-08-29,Mild
DX_001435,ADM_00909,P_01542,I21.9,"Acute myocardial infarction, unspecified",Secondary,2024-08-29,Severe
DX_001436,ADM_00910,P_01542,F32.9,"Major depressive disorder, single episode",Primary,2024-10-03,Moderate
DX_001437,ADM_00910,P_01542,A41.9,"Sepsis, unspecified organism",Secondary,2024-10-03,  Severe  
DX_001438,ADM_00911,P_03138,E11.9,Type 2 diabetes mellitus without complications,primary,2025-01-15,Moderate
DX_001439,ADM_00912,P_02173,K21.9,Gastro-esophageal reflux disease without esophagitis,Primary,2024-09-30,Mild
DX_001440,ADM_00913,P_02380,E11.9,Type 2 diabetes mellitus without complications,Primary,2025-03-04,Moderate
DX_001441,ADM_00913,P_02380,A41.9,"Sepsis, unspecified organism",secondary,04-03-2025,Severe
DX_001442,ADM_00914,P_02399,N18.9,"Chronic kidney disease, unspecified",Primary,2024-05-12,Severe
DX_001443,ADM_00914,P_02399,I50.9,"Heart failure, unspecified",Secondary,2024-05-12,Severe
DX_001444,ADM_00915,P_00349,J18.9,"Pneumonia, unspecified organism",Primary,2024-12-15,Moderate
DX_001445,ADM_00916,P_00349,J44.9,"Chronic obstructive pulmonary disease, unspecified",Primary,2024-12-26,Severe
DX_001446,ADM_00916,P_00349,M54.5,Low back pain,Secondary,2024-12-26,Mild
DX_001447,ADM_00917,P_03292,I50.9,"Heart failure, unspecified",Primary,2025-03-14,Severe
DX_001448,ADM_00917,P_03292,K21.9,Gastro-esophageal reflux disease without esophagitis,Secondary,2025-03-14,Mild
DX_001449,ADM_00918,P_03292,M54.5,Low back pain,Primary,16-04-2025,Mild
DX_001450,ADM_00919,P_02574,K21.9,Gastro-esophageal reflux disease without esophagitis,Primary,2024-10-14,Mild
DX_001451,ADM_00920,P_01941,F32.9,"Major depressive disorder, single episode",Primary,2024-01-18,Moderate
DX_001452,ADM_00920,P_01941,I10,Essential (primary) hypertension,Secondary,2024-01-18,moderate
DX_001453,ADM_00921,P_01995,M54.5,Low back pain,Primary,2024-06-18,Mild
DX_001454,ADM_00921,P_01995,C34.90,Malignant neoplasm of unspecified part of bronchus or lung,Secondary,2024-06-18,Severe
DX_001455,ADM_00922,P_01249,C34.90,Malignant neoplasm of unspecified part of bronchus or lung,Primary,2024-10-31,Severe
DX_001456,ADM_00922,P_01249,I50.9,"Heart failure, unspecified",Secondary,2024-10-31,Severe
DX_001457,ADM_00923,P_03068,F32.9,"Major depressive disorder, single episode",PRIMARY,2024-08-07,Moderate
DX_001458,ADM_00924,P_00347,C34.90,Malignant neoplasm of unspecified part of bronchus or lung,Primary,2025-03-07,Severe
DX_001459,ADM_00924,P_00347,I10,Essential (primary) hypertension,Secondary,2025-03-07,Moderate
DX_001460,ADM_00925,P_00347,I10,Essential (primary) hypertension,Primary,2025-03-30,Moderate
DX_001461,ADM_00925,P_00347,A41.9,"Sepsis, unspecified organism",Secondary,2025-03-30,severe
DX_001462,ADM_00926,P_00691,F32.9,"Major depressive disorder, single episode",Primary,2024-01-04,Moderate
DX_001463,ADM_00926,P_00691,C34.90,Malignant neoplasm of unspecified part of bronchus or lung,Secondary,2024-01-04,Severe
DX_001464,ADM_00927,P_03042,C34.90,Malignant neoplasm of unspecified part of bronchus or lung,Primary,2024-11-27,Severe
DX_001465,ADM_00927,P_03042,N18.9,"Chronic kidney disease, unspecified",Secondary,2024-11-27,Severe
DX_001466,ADM_00928,P_03042,A41.9,"Sepsis, unspecified organism",Primary,2024-12-29,Severe
DX_001467,ADM_00929,P_01166,J18.9,"Pneumonia, unspecified organism",Primary,2024-10-26,Moderate
DX_001468,ADM_00930,P_03343,J18.9,"Pneumonia, unspecified organism",Primary,2024-12-30,Moderate
DX_001469,ADM_00930,P_03343,N18.9,"Chronic kidney disease, unspecified",Secondary,2024-12-30,Severe
DX_001470,ADM_00931,P_01731,I21.9,"Acute myocardial infarction, unspecified",Primary,2025-04-10,Severe
DX_001471,ADM_00931,P_01731,F32.9,"Major depressive disorder, single episode",  Secondary  ,2025-04-10,Moderate
DX_001472,ADM_00932,P_01731,M54.5,Low back pain,Primary,2025-05-10,Mild
DX_001473,ADM_00933,P_00190,J18.9,"Pneumonia, unspecified organism",Primary,2024-02-16,Moderate
DX_001474,ADM_00934,P_00424,M54.5,Low back pain,Primary,2024-12-15,Mild
DX_001475,ADM_00934,P_00424,I50.9,"Heart failure, unspecified",Secondary,2024-12-15,Severe
DX_001476,ADM_00935,P_01384,N18.9,"Chronic kidney disease, unspecified",primary,2024-07-26,Severe
DX_001477,ADM_00936,P_00168,J18.9,"Pneumonia, unspecified organism",Primary,2025-03-23,Moderate
DX_001478,ADM_00936,P_00168,M54.5,Low back pain,Secondary,2025-03-23,Mild
DX_001479,ADM_00937,P_01236,N18.9,"Chronic kidney disease, unspecified",Primary,2024-05-24,Severe
DX_001480,ADM_00938,P_00712,K21.9,Gastro-esophageal reflux disease without esophagitis,Primary,2024/06/09 00:00:00,Mild
DX_001481,ADM_00938,P_00712,I10,Essential (primary) hypertension,Secondary,2024-06-09,moderate
DX_001482,ADM_00939,P_03333,M54.5,Low back pain,  Primary  ,13-04-2024,Mild
DX_001483,ADM_00939,P_03333,A41.9,"Sepsis, unspecified organism",Secondary,2024-04-13,Severe
DX_001484,ADM_00940,P_03333,I21.9,"Acute myocardial infarction, unspecified",Primary,2024-05-05,SEVERE
DX_001485,ADM_00941,P_01472,M54.5,Low back pain,Primary,2024-12-03,Mild
DX_001486,ADM_00941,P_01472,J44.9,"Chronic obstructive pulmonary disease, unspecified",Secondary,2024-12-03,Severe
DX_001487,ADM_00942,P_02702,J44.9,"Chronic obstructive pulmonary disease, unspecified",Primary,2024-01-25,Severe
DX_001488,ADM_00943,P_01550,N18.9,"Chronic kidney disease, unspecified",Primary,2024-11-22,Severe
DX_001489,ADM_00944,P_03392,K21.9,Gastro-esophageal reflux disease without esophagitis,Primary,2024-06-23,Mild
DX_001490,ADM_00945,P_00266,E11.9,Type 2 diabetes mellitus without complications,Primary,2025-03-19,Moderate
DX_001491,ADM_00946,P_02766,J18.9,"Pneumonia, unspecified organism",Primary,2025-02-08,Moderate
DX_001492,ADM_00947,P_01998,I50.9,"Heart failure, unspecified",Primary,2024-03-02,Severe
DX_001493,ADM_00948,P_01232,I10,Essential (primary) hypertension,Primary,2024-05-11,Moderate
DX_001494,ADM_00948,P_01232,E11.9,Type 2 diabetes mellitus without complications,Secondary,2024-05-11,MODERATE
DX_001495,ADM_00949,P_02387,J44.9,"Chronic obstructive pulmonary disease, unspecified",Primary,2024-05-03,Severe
DX_001496,ADM_00949,P_02387,K21.9,Gastro-esophageal reflux disease without esophagitis,Secondary,2024-05-03,Mild
DX_001497,ADM_00950,P_03278,C34.90,Malignant neoplasm of unspecified part of bronchus or lung,Primary,2024-03-29,Severe
DX_001498,ADM_00950,P_03278,M54.5,Low back pain,Secondary,2024-03-29,Mild
DX_001499,ADM_00951,P_02005,K21.9,Gastro-esophageal reflux disease without esophagitis,Primary,2025/05/06 00:00:00,Mild
DX_001500,ADM_00952,P_02239,I21.9,"Acute myocardial infarction, unspecified",Primary,2025-05-11,Severe
DX_001501,ADM_00952,P_02239,K21.9,Gastro-esophageal reflux disease without esophagitis,Secondary,2025-05-11,Mild
DX_001502,ADM_00953,P_02741,C34.90,Malignant neoplasm of unspecified part of bronchus or lung,Primary,2025-05-11,Severe
DX_001503,ADM_00953,P_02741,F32.9,"Major depressive disorder, single episode",Secondary,2025-05-11,Moderate
DX_001504,ADM_00954,P_02982,C34.90,Malignant neoplasm of unspecified part of bronchus or lung,Primary,2024-08-22,Severe
DX_001505,ADM_00954,P_02982,J18.9,"Pneumonia, unspecified organism",Secondary,2024-08-22,Moderate
DX_001506,ADM_00955,P_02591,E11.9,Type 2 diabetes mellitus without complications,Primary,2024-06-23,Moderate
DX_001507,ADM_00955,P_02591,N18.9,"Chronic kidney disease, unspecified",Secondary,2024-06-23,Severe
DX_001508,ADM_00956,P_00643,F32.9,"Major depressive disorder, single episode",Primary,2025-01-19,Moderate
DX_001509,ADM_00956,P_00643,A41.9,"Sepsis, unspecified organism",Secondary,2025-01-19,  Severe  
DX_001510,ADM_00957,P_00127,A41.9,"Sepsis, unspecified organism",Primary,2025-05-11,  Severe  
DX_001511,ADM_00957,P_00127,K21.9,Gastro-esophageal reflux disease without esophagitis,Secondary,2025-05-11,Mild
DX_001512,ADM_00958,P_02342,F32.9,"Major depressive disorder, single episode",Primary,2024-01-31,Moderate
DX_001513,ADM_00959,P_02982,E11.9,Type 2 diabetes mellitus without complications,primary,2024-03-16,Moderate
DX_001514,ADM_00959,P_02982,I10,Essential (primary) hypertension,Secondary,2024-03-16,Moderate
DX_001515,ADM_00960,P_02250,M54.5,Low back pain,Primary,2025-02-28,Mild
DX_001516,ADM_00960,P_02250,I10,Essential (primary) hypertension,Secondary,2025-02-28,Moderate
DX_001517,ADM_00961,P_00259,I10,Essential (primary) hypertension,Primary,2024-06-06,Moderate
DX_001518,ADM_00961,P_00259,A41.9,"Sepsis, unspecified organism",Secondary,2024-06-06,Severe
DX_001519,ADM_00962,P_00548,I21.9,"Acute myocardial infarction, unspecified",Primary,2025-01-28,Severe
DX_001520,ADM_00963,P_03052,J18.9,"Pneumonia, unspecified organism",Primary,2024-01-05,MODERATE
DX_001521,ADM_00963,P_03052,K21.9,Gastro-esophageal reflux disease without esophagitis,Secondary,2024-01-05,Mild
DX_001522,ADM_00964,P_00087,I21.9,"Acute myocardial infarction, unspecified",Primary,2024-01-24,Severe
DX_001523,ADM_00964,P_00087,A41.9,"Sepsis, unspecified organism",Secondary,2024-01-24,Severe
DX_001524,ADM_00965,P_00249,A41.9,"Sepsis, unspecified organism",PRIMARY,2024-11-19,Severe
DX_001525,ADM_00965,P_00249,J44.9,"Chronic obstructive pulmonary disease, unspecified",Secondary,2024-11-19,severe
DX_001526,ADM_00966,P_02923,N18.9,"Chronic kidney disease, unspecified",Primary,2025-01-19,Severe
DX_001527,ADM_00966,P_02923,K21.9,Gastro-esophageal reflux disease without esophagitis,Secondary,2025-01-19,Mild
DX_001528,ADM_00967,P_00150,K21.9,Gastro-esophageal reflux disease without esophagitis,Primary,2025-02-13,Mild
DX_001529,ADM_00967,P_00150,I50.9,"Heart failure, unspecified",Secondary,2025-02-13,Severe
DX_001530,ADM_00968,P_02338,J44.9,"Chronic obstructive pulmonary disease, unspecified",Primary,2024-04-30,Severe
DX_001531,ADM_00968,P_02338,J18.9,"Pneumonia, unspecified organism",Secondary,2024-04-30,Moderate
DX_001532,ADM_00969,P_02833,C34.90,Malignant neoplasm of unspecified part of bronchus or lung,Primary,2024-09-08,Severe
DX_001533,ADM_00970,P_01677,I21.9,"Acute myocardial infarction, unspecified",Primary,2024-11-11,Severe
DX_001534,ADM_00970,P_01677,E11.9,Type 2 diabetes mellitus without complications,Secondary,2024-11-11,Moderate
DX_001535,ADM_00971,P_03271,I50.9,"Heart failure, unspecified",primary,2024-12-10,Severe
DX_001536,ADM_00972,P_03271,I21.9,"Acute myocardial infarction, unspecified",Primary,2024-12-21,Severe
DX_001537,ADM_00972,P_03271,C34.90,Malignant neoplasm of unspecified part of bronchus or lung,Secondary,2024-12-21,Severe
DX_001538,ADM_00973,P_01929,E11.9,Type 2 diabetes mellitus without complications,Primary,2024-07-03,Moderate
DX_001539,ADM_00974,P_02089,K21.9,Gastro-esophageal reflux disease without esophagitis,Primary,2024-09-14,Mild
DX_001540,ADM_00974,P_02089,I50.9,"Heart failure, unspecified",SECONDARY,2024-09-14,Severe
DX_001541,ADM_00975,P_02042,I50.9,"Heart failure, unspecified",Primary,2024/10/22 00:00:00,Severe
DX_001542,ADM_00976,P_00166,I50.9,"Heart failure, unspecified",Primary,06/06/2024,Severe
DX_001543,ADM_00976,P_00166,K21.9,Gastro-esophageal reflux disease without esophagitis,Secondary,2024-06-06,Mild
DX_001544,ADM_00977,P_00250,K21.9,Gastro-esophageal reflux disease without esophagitis,Primary,2024-08-11,MILD
DX_001545,ADM_00977,P_00250,A41.9,"Sepsis, unspecified organism",Secondary,2024-08-11,Severe
DX_001546,ADM_00978,P_00239,I10,Essential (primary) hypertension,Primary,2024-03-05,Moderate
DX_001547,ADM_00978,P_00239,K21.9,Gastro-esophageal reflux disease without esophagitis,Secondary,2024-03-05,Mild
DX_001548,ADM_00979,P_01415,C34.90,Malignant neoplasm of unspecified part of bronchus or lung,Primary,2025-05-02,Severe
DX_001549,ADM_00980,P_00990,K21.9,Gastro-esophageal reflux disease without esophagitis,Primary,2024-11-09,Mild
DX_001550,ADM_00980,P_00990,E11.9,Type 2 diabetes mellitus without complications,Secondary,2024-11-09,Moderate
DX_001551,ADM_00981,P_03087,I10,Essential (primary) hypertension,Primary,2025-02-01,Moderate
DX_001552,ADM_00982,P_03087,I50.9,"Heart failure, unspecified",Primary,2025-02-21,Severe
DX_001553,ADM_00982,P_03087,E11.9,Type 2 diabetes mellitus without complications,Secondary,2025-02-21,Moderate
DX_001554,ADM_00983,P_01405,A41.9,"Sepsis, unspecified organism",Primary,2024-11-27,Severe
DX_001555,ADM_00984,P_01961,J44.9,"Chronic obstructive pulmonary disease, unspecified",Primary,2024-03-03,Severe
DX_001556,ADM_00984,P_01961,F32.9,"Major depressive disorder, single episode",Secondary,2024-03-03,Moderate
DX_001557,ADM_00985,P_01976,N18.9,"Chronic kidney disease, unspecified",Primary,2024-10-30,Severe
DX_001558,ADM_00985,P_01976,I21.9,"Acute myocardial infarction, unspecified",Secondary,2024-10-30,Severe
DX_001559,ADM_00986,P_01468,A41.9,"Sepsis, unspecified organism",Primary,2024-07-23,Severe
DX_001560,ADM_00986,P_01468,M54.5,Low back pain,Secondary,2024-07-23,  Mild  
DX_001561,ADM_00987,P_00856,I50.9,"Heart failure, unspecified",Primary,2024-03-10,Severe
DX_001562,ADM_00988,P_00531,A41.9,"Sepsis, unspecified organism",Primary,2024-09-29,Severe
DX_001563,ADM_00988,P_00531,I21.9,"Acute myocardial infarction, unspecified",Secondary,2024-09-29,Severe
DX_001564,ADM_00989,P_03168,I50.9,"Heart failure, unspecified",Primary,2024-04-28,Severe
DX_001565,ADM_00990,P_03333,J44.9,"Chronic obstructive pulmonary disease, unspecified",Primary,2024-09-11,Severe
DX_001566,ADM_00990,P_03333,K21.9,Gastro-esophageal reflux disease without esophagitis,Secondary,2024-09-11,Mild
DX_001567,ADM_00991,P_03333,J44.9,"Chronic obstructive pulmonary disease, unspecified",Primary,2024-09-20,Severe
DX_001568,ADM_00991,P_03333,I21.9,"Acute myocardial infarction, unspecified",Secondary,2024-09-20,Severe
DX_001569,ADM_00992,P_00955,I21.9,"Acute myocardial infarction, unspecified",Primary,2025-01-02,Severe
DX_001570,ADM_00993,P_02927,I21.9,"Acute myocardial infarction, unspecified",Primary,2024-01-04,Severe
DX_001571,ADM_00994,P_02683,K21.9,Gastro-esophageal reflux disease without esophagitis,Primary,2024-05-08,Mild
DX_001572,ADM_00994,P_02683,A41.9,"Sepsis, unspecified organism",Secondary,2024-05-08,severe
DX_001573,ADM_00995,P_01826,I50.9,"Heart failure, unspecified",Primary,05/16/2024,Severe
DX_001574,ADM_00995,P_01826,C34.90,Malignant neoplasm of unspecified part of bronchus or lung,Secondary,2024-05-16,Severe
DX_001575,ADM_00996,P_01826,J44.9,"Chronic obstructive pulmonary disease, unspecified",Primary,2024-05-28,Severe
DX_001576,ADM_00996,P_01826,I10,Essential (primary) hypertension,Secondary,2024-05-28,Moderate
DX_001577,ADM_00997,P_02568,J18.9,"Pneumonia, unspecified organism",Primary,2025-03-30,Moderate
DX_001578,ADM_00997,P_02568,I21.9,"Acute myocardial infarction, unspecified",Secondary,2025-03-30,Severe
DX_001579,ADM_00998,P_01504,J18.9,"Pneumonia, unspecified organism",Primary,2024-11-20,moderate
DX_001580,ADM_00998,P_01504,M54.5,Low back pain,Secondary,2024-11-20,Mild
DX_001581,ADM_00999,P_02645,I10,Essential (primary) hypertension,Primary,2025-04-01,Moderate
DX_001582,ADM_00999,P_02645,N18.9,"Chronic kidney disease, unspecified",Secondary,2025-04-01,SEVERE
DX_001583,ADM_01000,P_02645,C34.90,Malignant neoplasm of unspecified part of bronchus or lung,Primary,2025-04-27,Severe
DX_001584,ADM_01000,P_02645,E11.9,Type 2 diabetes mellitus without complications,Secondary,2025-04-27,Moderate
DX_001585,ADM_01001,P_02427,J44.9,"Chronic obstructive pulmonary disease, unspecified",Primary,2025-02-14,Severe
DX_001586,ADM_01002,P_02815,I10,Essential (primary) hypertension,Primary,2024-09-01,Moderate
DX_001587,ADM_01002,P_02815,I21.9,"Acute myocardial infarction, unspecified",Secondary,2024-09-01,Severe
DX_001588,ADM_01003,P_02214,J18.9,"Pneumonia, unspecified organism",Primary,2025-04-02,Moderate
DX_001589,ADM_01004,P_01514,F32.9,"Major depressive disorder, single episode",Primary,2024-06-06,Moderate
DX_001590,ADM_01004,P_01514,J18.9,"Pneumonia, unspecified organism",Secondary,2024-06-06,Moderate
DX_001591,ADM_01005,P_00393,N18.9,"Chronic kidney disease, unspecified",primary,2024-09-07,Severe
DX_001592,ADM_01006,P_00393,F32.9,"Major depressive disorder, single episode",Primary,2024-10-04,Moderate
DX_001593,ADM_01006,P_00393,N18.9,"Chronic kidney disease, unspecified",Secondary,2024-10-04,Severe
DX_001594,ADM_01007,P_01783,N18.9,"Chronic kidney disease, unspecified",Primary,16-01-2024,Severe
DX_001595,ADM_01008,P_03375,I21.9,"Acute myocardial infarction, unspecified",Primary,2024-04-11,Severe
DX_001596,ADM_01009,P_01756,F32.9,"Major depressive disorder, single episode",Primary,2024-09-28,Moderate
DX_001597,ADM_01010,P_00544,K21.9,Gastro-esophageal reflux disease without esophagitis,Primary,2024-10-11,Mild
DX_001598,ADM_01010,P_00544,N18.9,"Chronic kidney disease, unspecified",  Secondary  ,2024-10-11,Severe
DX_001599,ADM_01011,P_00906,M54.5,Low back pain,Primary,2024-08-21,Mild
DX_001600,ADM_01011,P_00906,J44.9,"Chronic obstructive pulmonary disease, unspecified",Secondary,2024-08-21,Severe
DX_001601,ADM_01012,P_02773,M54.5,Low back pain,Primary,2025-03-17,Mild
DX_001602,ADM_01013,P_02773,I10,Essential (primary) hypertension,Primary,2025-03-29,Moderate
DX_001603,ADM_01014,P_00388,J18.9,"Pneumonia, unspecified organism",Primary,2024-09-18,Moderate
DX_001604,ADM_01014,P_00388,F32.9,"Major depressive disorder, single episode",Secondary,2024-09-18,Moderate
DX_001605,ADM_01015,P_01723,N18.9,"Chronic kidney disease, unspecified",Primary,2025-02-12,Severe
DX_001606,ADM_01015,P_01723,I10,Essential (primary) hypertension,Secondary,2025-02-12,Moderate
DX_001607,ADM_01016,P_02980,J18.9,"Pneumonia, unspecified organism",PRIMARY,2024-03-06,Moderate
DX_001608,ADM_01016,P_02980,J44.9,"Chronic obstructive pulmonary disease, unspecified",Secondary,06-03-2024,SEVERE
DX_001609,ADM_01017,P_03017,I50.9,"Heart failure, unspecified",Primary,2024-07-26,Severe
DX_001610,ADM_01017,P_03017,I10,Essential (primary) hypertension,Secondary,2024-07-26,Moderate
DX_001611,ADM_01018,P_02647,J18.9,"Pneumonia, unspecified organism",PRIMARY,2024-04-24,Moderate
DX_001612,ADM_01018,P_02647,I10,Essential (primary) hypertension,Secondary,2024-04-24,Moderate
DX_001613,ADM_01019,P_00384,I21.9,"Acute myocardial infarction, unspecified",Primary,2025-02-28,Severe
DX_001614,ADM_01020,P_01011,N18.9,"Chronic kidney disease, unspecified",Primary,2024-10-13,Severe
DX_001615,ADM_01020,P_01011,M54.5,Low back pain,Secondary,2024-10-13,Mild
DX_001616,ADM_01021,P_02994,E11.9,Type 2 diabetes mellitus without complications,Primary,2024-04-28,Moderate
DX_001617,ADM_01021,P_02994,J44.9,"Chronic obstructive pulmonary disease, unspecified",Secondary,2024-04-28,Severe
DX_001618,ADM_01022,P_01924,J44.9,"Chronic obstructive pulmonary disease, unspecified",PRIMARY,2024-03-27,Severe
DX_001619,ADM_01023,P_03111,A41.9,"Sepsis, unspecified organism",Primary,2024-05-03,Severe
DX_001620,ADM_01024,P_03111,I50.9,"Heart failure, unspecified",  Primary  ,2024-05-24,Severe
DX_001621,ADM_01025,P_02444,I10,Essential (primary) hypertension,Primary,2024-05-11,Moderate
DX_001622,ADM_01025,P_02444,C34.90,Malignant neoplasm of unspecified part of bronchus or lung,Secondary,2024-05-11,  Severe  
DX_001623,ADM_01026,P_00030,J18.9,"Pneumonia, unspecified organism",Primary,2024-10-11,Moderate
DX_001624,ADM_01027,P_01172,K21.9,Gastro-esophageal reflux disease without esophagitis,Primary,2024-07-04,Mild
DX_001625,ADM_01028,P_00813,J18.9,"Pneumonia, unspecified organism",Primary,2024-08-28,Moderate
DX_001626,ADM_01028,P_00813,K21.9,Gastro-esophageal reflux disease without esophagitis,Secondary,2024-08-28,Mild
DX_001627,ADM_01029,P_00220,I21.9,"Acute myocardial infarction, unspecified",Primary,2025-01-13,Severe
DX_001628,ADM_01029,P_00220,F32.9,"Major depressive disorder, single episode",secondary,2025-01-13,Moderate
DX_001629,ADM_01030,P_03016,J18.9,"Pneumonia, unspecified organism",Primary,2025-04-26,Moderate
DX_001630,ADM_01031,P_02798,C34.90,Malignant neoplasm of unspecified part of bronchus or lung,Primary,2024-06-28,Severe
DX_001631,ADM_01031,P_02798,J18.9,"Pneumonia, unspecified organism",Secondary,2024-06-28,Moderate
DX_001632,ADM_01032,P_02798,M54.5,Low back pain,Primary,2024-07-27,Mild
DX_001633,ADM_01032,P_02798,A41.9,"Sepsis, unspecified organism",Secondary,2024/07/27 00:00:00,Severe
DX_001634,ADM_01033,P_00762,I50.9,"Heart failure, unspecified",Primary,2025-04-29,Severe
DX_001635,ADM_01034,P_00762,M54.5,Low back pain,Primary,2025-05-25,Mild
DX_001636,ADM_01034,P_00762,I50.9,"Heart failure, unspecified",Secondary,2025-05-25,Severe
DX_001637,ADM_01035,P_02452,I21.9,"Acute myocardial infarction, unspecified",Primary,2024-08-06,Severe
DX_001638,ADM_01035,P_02452,A41.9,"Sepsis, unspecified organism",Secondary,2024-08-06,  Severe  
DX_001639,ADM_01036,P_02377,N18.9,"Chronic kidney disease, unspecified",Primary,2024-01-18,Severe
DX_001640,ADM_01036,P_02377,I50.9,"Heart failure, unspecified",Secondary,2024-01-18,Severe
DX_001641,ADM_01037,P_01765,M54.5,Low back pain,Primary,2025-01-03,Mild
DX_001642,ADM_01037,P_01765,A41.9,"Sepsis, unspecified organism",Secondary,2025/01/03 00:00:00,Severe
DX_001643,ADM_01038,P_00852,I21.9,"Acute myocardial infarction, unspecified",Primary,2024-07-30,Severe
DX_001644,ADM_01038,P_00852,I50.9,"Heart failure, unspecified",Secondary,2024-07-30,Severe
DX_001645,ADM_01039,P_02285,J18.9,"Pneumonia, unspecified organism",Primary,2024-11-17,Moderate
DX_001646,ADM_01040,P_01464,E11.9,Type 2 diabetes mellitus without complications,Primary,2024-07-04,Moderate
DX_001647,ADM_01041,P_03257,I21.9,"Acute myocardial infarction, unspecified",Primary,2025-02-06,Severe
DX_001648,ADM_01042,P_00811,K21.9,Gastro-esophageal reflux disease without esophagitis,Primary,2024-02-19,Mild
DX_001649,ADM_01043,P_03159,I10,Essential (primary) hypertension,Primary,2024-11-22,Moderate
DX_001650,ADM_01043,P_03159,E11.9,Type 2 diabetes mellitus without complications,Secondary,2024-11-22,Moderate
DX_001651,ADM_01044,P_03159,J44.9,"Chronic obstructive pulmonary disease, unspecified",PRIMARY,2024-12-15,SEVERE
DX_001652,ADM_01044,P_03159,J18.9,"Pneumonia, unspecified organism",Secondary,2024-12-15,moderate
DX_001653,ADM_01045,P_01012,M54.5,Low back pain,Primary,2024-08-02,Mild
DX_001654,ADM_01045,P_01012,N18.9,"Chronic kidney disease, unspecified",Secondary,2024-08-02,Severe
DX_001655,ADM_01046,P_01045,J44.9,"Chronic obstructive pulmonary disease, unspecified",Primary,2025-02-09,severe
DX_001656,ADM_01046,P_01045,C34.90,Malignant neoplasm of unspecified part of bronchus or lung,Secondary,2025-02-09,Severe
DX_001657,ADM_01047,P_02211,I50.9,"Heart failure, unspecified",Primary,2025-01-28,Severe
DX_001658,ADM_01047,P_02211,E11.9,Type 2 diabetes mellitus without complications,Secondary,2025-01-28,Moderate
DX_001659,ADM_01048,P_03222,E11.9,Type 2 diabetes mellitus without complications,Primary,2024-03-07,Moderate
DX_001660,ADM_01049,P_01359,I21.9,"Acute myocardial infarction, unspecified",Primary,2024-08-11,Severe
DX_001661,ADM_01049,P_01359,K21.9,Gastro-esophageal reflux disease without esophagitis,Secondary,2024-08-11,Mild
DX_001662,ADM_01050,P_00784,A41.9,"Sepsis, unspecified organism",Primary,2024-10-04,Severe
DX_001663,ADM_01050,P_00784,C34.90,Malignant neoplasm of unspecified part of bronchus or lung,Secondary,2024-10-04,Severe
DX_001664,ADM_01051,P_00784,J44.9,"Chronic obstructive pulmonary disease, unspecified",primary,2024-10-29,Severe
DX_001665,ADM_01051,P_00784,F32.9,"Major depressive disorder, single episode",Secondary,2024-10-29,Moderate
DX_001666,ADM_01052,P_03087,I50.9,"Heart failure, unspecified",Primary,2024-09-14,Severe
DX_001667,ADM_01053,P_01454,F32.9,"Major depressive disorder, single episode",Primary,2024-11-06,Moderate
DX_001668,ADM_01053,P_01454,I50.9,"Heart failure, unspecified",Secondary,2024-11-06,Severe
DX_001669,ADM_01054,P_00878,I50.9,"Heart failure, unspecified",Primary,2024-01-21,Severe
DX_001670,ADM_01054,P_00878,I21.9,"Acute myocardial infarction, unspecified",Secondary,2024-01-21,Severe
DX_001671,ADM_01055,P_00614,I50.9,"Heart failure, unspecified",Primary,2024-01-24,severe
DX_001672,ADM_01055,P_00614,J18.9,"Pneumonia, unspecified organism",Secondary,2024-01-24,Moderate
DX_001673,ADM_01056,P_03395,J18.9,"Pneumonia, unspecified organism",Primary,2024-05-23,Moderate
DX_001674,ADM_01057,P_00678,I50.9,"Heart failure, unspecified",Primary,2025-04-21,Severe
DX_001675,ADM_01057,P_00678,I10,Essential (primary) hypertension,Secondary,2025-04-21,Moderate
DX_001676,ADM_01058,P_01468,I50.9,"Heart failure, unspecified",Primary,2024-09-27,Severe
DX_001677,ADM_01058,P_01468,N18.9,"Chronic kidney disease, unspecified",Secondary,2024-09-27,Severe
DX_001678,ADM_01059,P_00765,I50.9,"Heart failure, unspecified",Primary,2024-12-17,Severe
DX_001679,ADM_01060,P_02067,J44.9,"Chronic obstructive pulmonary disease, unspecified",Primary,2024-02-02,Severe
DX_001680,ADM_01060,P_02067,J18.9,"Pneumonia, unspecified organism",Secondary,2024-02-02,Moderate
DX_001681,ADM_01061,P_02067,A41.9,"Sepsis, unspecified organism",Primary,23-02-2024,Severe
DX_001682,ADM_01061,P_02067,J18.9,"Pneumonia, unspecified organism",Secondary,2024-02-23,Moderate
DX_001683,ADM_01062,P_02548,K21.9,Gastro-esophageal reflux disease without esophagitis,Primary,2024-07-14,Mild
DX_001684,ADM_01062,P_02548,I21.9,"Acute myocardial infarction, unspecified",Secondary,2024-07-14,Severe
DX_001685,ADM_01063,P_00869,K21.9,Gastro-esophageal reflux disease without esophagitis,Primary,2024-07-25,Mild
DX_001686,ADM_01063,P_00869,I21.9,"Acute myocardial infarction, unspecified",Secondary,2024-07-25,Severe
DX_001687,ADM_01064,P_03010,I10,Essential (primary) hypertension,Primary,2024-03-03,Moderate
DX_001688,ADM_01065,P_03010,J18.9,"Pneumonia, unspecified organism",Primary,2024-03-14,  Moderate  
DX_001689,ADM_01066,P_03328,I10,Essential (primary) hypertension,  Primary  ,2024-01-23,Moderate
DX_001690,ADM_01066,P_03328,K21.9,Gastro-esophageal reflux disease without esophagitis,Secondary,2024-01-23,Mild
DX_001691,ADM_01067,P_03343,F32.9,"Major depressive disorder, single episode",Primary,2024-12-23,Moderate
DX_001692,ADM_01067,P_03343,J18.9,"Pneumonia, unspecified organism",Secondary,2024-12-23,Moderate
DX_001693,ADM_01068,P_01675,C34.90,Malignant neoplasm of unspecified part of bronchus or lung,Primary,2024-12-30,Severe
DX_001694,ADM_01069,P_02617,F32.9,"Major depressive disorder, single episode",UNKNOWN_VAL,2024-01-22,  Moderate  
DX_001695,ADM_01069,P_02617,M54.5,Low back pain,Secondary,2024-01-22,Mild
DX_001696,ADM_01070,P_02135,J18.9,"Pneumonia, unspecified organism",Primary,2024-04-23,Moderate
DX_001697,ADM_01071,P_02228,I10,Essential (primary) hypertension,Primary,2024-12-31,MODERATE
DX_001698,ADM_01072,P_03338,J18.9,"Pneumonia, unspecified organism",Primary,2024-09-20,Moderate
DX_001699,ADM_01072,P_03338,C34.90,Malignant neoplasm of unspecified part of bronchus or lung,Secondary,2024-09-20,Severe
DX_001700,ADM_01073,P_00107,F32.9,"Major depressive disorder, single episode",Primary,2024-10-27,Moderate
DX_001701,ADM_01074,P_03236,C34.90,Malignant neoplasm of unspecified part of bronchus or lung,Primary,2024-01-06,Severe
DX_001702,ADM_01075,P_00281,J18.9,"Pneumonia, unspecified organism",Primary,2025-03-14,Moderate
DX_001703,ADM_01075,P_00281,E11.9,Type 2 diabetes mellitus without complications,Secondary,2025-03-14,  Moderate  
DX_001704,ADM_01076,P_00388,F32.9,"Major depressive disorder, single episode",Primary,2024-02-17,Moderate
DX_001705,ADM_01077,P_03063,M54.5,Low back pain,Primary,2024-11-02,Mild
DX_001706,ADM_01077,P_03063,N18.9,"Chronic kidney disease, unspecified",Secondary,2024-11-02,Severe
DX_001707,ADM_01078,P_00475,I21.9,"Acute myocardial infarction, unspecified",Primary,2025-04-12,Severe
DX_001708,ADM_01079,P_00149,E11.9,Type 2 diabetes mellitus without complications,Primary,2024-06-21,Moderate
DX_001709,ADM_01080,P_03030,F32.9,"Major depressive disorder, single episode",Primary,2024-04-23,Moderate
DX_001710,ADM_01081,P_03030,E11.9,Type 2 diabetes mellitus without complications,Primary,2024-05-18,Moderate
DX_001711,ADM_01081,P_03030,C34.90,Malignant neoplasm of unspecified part of bronchus or lung,Secondary,2024-05-18,Severe
DX_001712,ADM_01082,P_03257,E11.9,Type 2 diabetes mellitus without complications,Primary,2024-02-09,Moderate
DX_001713,ADM_01083,P_01275,N18.9,"Chronic kidney disease, unspecified",Primary,2025-04-30,SEVERE
DX_001714,ADM_01083,P_01275,E11.9,Type 2 diabetes mellitus without complications,Secondary,2025-04-30,Moderate
DX_001715,ADM_01084,P_01275,I21.9,"Acute myocardial infarction, unspecified",Primary,2025-05-30,Severe
DX_001716,ADM_01085,P_03481,J18.9,"Pneumonia, unspecified organism",Primary,2025-04-09,Moderate
DX_001717,ADM_01085,P_03481,F32.9,"Major depressive disorder, single episode",Secondary,2025-04-09,Moderate
DX_001718,ADM_01086,P_01498,E11.9,Type 2 diabetes mellitus without complications,Primary,2024-09-08,Moderate
DX_001719,ADM_01086,P_01498,M54.5,Low back pain,secondary,2024/09/08 00:00:00,Mild
DX_001720,ADM_01087,P_01731,J18.9,"Pneumonia, unspecified organism",Primary,2024-03-19,Moderate
DX_001721,ADM_01087,P_01731,J44.9,"Chronic obstructive pulmonary disease, unspecified",Secondary,2024-03-19,severe
DX_001722,ADM_01088,P_01731,K21.9,Gastro-esophageal reflux disease without esophagitis,Primary,2024-04-23,Mild
DX_001723,ADM_01088,P_01731,I21.9,"Acute myocardial infarction, unspecified",Secondary,2024-04-23,Severe
DX_001724,ADM_01089,P_01145,F32.9,"Major depressive disorder, single episode",Primary,2024-06-29,MODERATE
DX_001725,ADM_01089,P_01145,J18.9,"Pneumonia, unspecified organism",Secondary,2024-06-29,Moderate
DX_001726,ADM_01090,P_03161,A41.9,"Sepsis, unspecified organism",Primary,2024-01-22,Severe
DX_001727,ADM_01090,P_03161,C34.90,Malignant neoplasm of unspecified part of bronchus or lung,Secondary,2024/01/22 00:00:00,Severe
DX_001728,ADM_01091,P_03161,A41.9,"Sepsis, unspecified organism",Primary,2024-02-19,Severe
DX_001729,ADM_01091,P_03161,M54.5,Low back pain,Secondary,02/19/2024,Mild
DX_001730,ADM_01092,P_01930,M54.5,Low back pain,UNKNOWN_VAL,2024-07-04,Mild
DX_001731,ADM_01092,P_01930,J18.9,"Pneumonia, unspecified organism",Secondary,2024-07-04,Moderate
DX_001732,ADM_01093,P_01045,I21.9,"Acute myocardial infarction, unspecified",Primary,2024-01-04,Severe
DX_001733,ADM_01094,P_00743,J18.9,"Pneumonia, unspecified organism",Primary,2025-02-07,Moderate
DX_001734,ADM_01095,P_02662,I10,Essential (primary) hypertension,Primary,2025-04-14,moderate
DX_001735,ADM_01095,P_02662,N18.9,"Chronic kidney disease, unspecified",secondary,2025-04-14,Severe
DX_001736,ADM_01096,P_01518,N18.9,"Chronic kidney disease, unspecified",primary,2024-08-07,Severe
DX_001737,ADM_01096,P_01518,J44.9,"Chronic obstructive pulmonary disease, unspecified",Secondary,2024-08-07,Severe
DX_001738,ADM_01097,P_00452,I50.9,"Heart failure, unspecified",Primary,2024-10-10,Severe
DX_001739,ADM_01098,P_02221,F32.9,"Major depressive disorder, single episode",Primary,2025-04-05,Moderate
DX_001740,ADM_01098,P_02221,K21.9,Gastro-esophageal reflux disease without esophagitis,Secondary,2025-04-05,Mild
DX_001741,ADM_01099,P_02737,J44.9,"Chronic obstructive pulmonary disease, unspecified",Primary,2025-03-23,Severe
DX_001742,ADM_01099,P_02737,M54.5,Low back pain,Secondary,2025-03-23,Mild
DX_001743,ADM_01100,P_00908,N18.9,"Chronic kidney disease, unspecified",Primary,2024-01-31,Severe
DX_001744,ADM_01100,P_00908,J18.9,"Pneumonia, unspecified organism",Secondary,2024-01-31,moderate
DX_001745,ADM_01101,P_03054,I21.9,"Acute myocardial infarction, unspecified",Primary,2025-01-28,Severe
DX_001746,ADM_01102,P_00244,F32.9,"Major depressive disorder, single episode",Primary,2025-02-07,Moderate
DX_001747,ADM_01103,P_01397,E11.9,Type 2 diabetes mellitus without complications,Primary,2024-08-08,moderate
DX_001748,ADM_01103,P_01397,I50.9,"Heart failure, unspecified",Secondary,2024-08-08,Severe
DX_001749,ADM_01104,P_02480,F32.9,"Major depressive disorder, single episode",Primary,2025-03-09,Moderate
DX_001750,ADM_01104,P_02480,K21.9,Gastro-esophageal reflux disease without esophagitis,Secondary,2025-03-09,Mild
DX_001751,ADM_01105,P_02480,I50.9,"Heart failure, unspecified",Primary,2025-04-04,Severe
DX_001752,ADM_01106,P_01658,F32.9,"Major depressive disorder, single episode",PRIMARY,2024-01-25,Moderate
DX_001753,ADM_01107,P_00669,A41.9,"Sepsis, unspecified organism",Primary,2024-02-03,Severe
DX_001754,ADM_01107,P_00669,I50.9,"Heart failure, unspecified",SECONDARY,2024-02-03,Severe
DX_001755,ADM_01108,P_00025,I50.9,"Heart failure, unspecified",Primary,2024-03-03,Severe
DX_001756,ADM_01108,P_00025,K21.9,Gastro-esophageal reflux disease without esophagitis,Secondary,2024-03-03,Mild
DX_001757,ADM_01109,P_02823,E11.9,Type 2 diabetes mellitus without complications,Primary,2025-01-28,Moderate
DX_001758,ADM_01110,P_03307,E11.9,Type 2 diabetes mellitus without complications,Primary,2025-03-05,Moderate
DX_001759,ADM_01111,P_02047,I50.9,"Heart failure, unspecified",Primary,2024-05-11,Severe
DX_001760,ADM_01111,P_02047,E11.9,Type 2 diabetes mellitus without complications,Secondary,2024-05-11,Moderate
DX_001761,ADM_01112,P_00968,E11.9,Type 2 diabetes mellitus without complications,Primary,2024-08-05,Moderate
DX_001762,ADM_01113,P_01444,I10,Essential (primary) hypertension,Primary,2025-02-23,Moderate
DX_001763,ADM_01113,P_01444,I21.9,"Acute myocardial infarction, unspecified",Secondary,2025-02-23,Severe
DX_001764,ADM_01114,P_03481,N18.9,"Chronic kidney disease, unspecified",Primary,2025-02-28,Severe
DX_001765,ADM_01114,P_03481,J18.9,"Pneumonia, unspecified organism",Secondary,2025-02-28,Moderate
DX_001766,ADM_01115,P_03391,N18.9,"Chronic kidney disease, unspecified",Primary,2024-12-20,Severe
DX_001767,ADM_01115,P_03391,A41.9,"Sepsis, unspecified organism",Secondary,2024-12-20,Severe
DX_001768,ADM_01116,P_01771,I50.9,"Heart failure, unspecified",Primary,2024-10-12,Severe
DX_001769,ADM_01116,P_01771,J44.9,"Chronic obstructive pulmonary disease, unspecified",Secondary,2024-10-12,Severe
DX_001770,ADM_01117,P_01427,I50.9,"Heart failure, unspecified",Primary,2024-11-30,Severe
DX_001771,ADM_01118,P_01124,C34.90,Malignant neoplasm of unspecified part of bronchus or lung,Primary,2024-06-05,Severe
DX_001772,ADM_01118,P_01124,K21.9,Gastro-esophageal reflux disease without esophagitis,Secondary,2024-06-05,Mild
DX_001773,ADM_01119,P_01190,E11.9,Type 2 diabetes mellitus without complications,Primary,2024-07-02,Moderate
DX_001774,ADM_01120,P_01190,K21.9,Gastro-esophageal reflux disease without esophagitis,  Primary  ,24-07-2024,Mild
DX_001775,ADM_01120,P_01190,J44.9,"Chronic obstructive pulmonary disease, unspecified",Secondary,2024-07-24,Severe
DX_001776,ADM_01121,P_01296,J18.9,"Pneumonia, unspecified organism",primary,2024-12-11,Moderate
DX_001777,ADM_01121,P_01296,K21.9,Gastro-esophageal reflux disease without esophagitis,Secondary,2024-12-11,Mild
DX_001778,ADM_01122,P_01664,A41.9,"Sepsis, unspecified organism",Primary,2024-11-05,Severe
DX_001779,ADM_01123,P_00800,N18.9,"Chronic kidney disease, unspecified",Primary,2024-02-19,Severe
DX_001780,ADM_01124,P_02030,E11.9,Type 2 diabetes mellitus without complications,Primary,2024-09-25,Moderate
DX_001781,ADM_01124,P_02030,K21.9,Gastro-esophageal reflux disease without esophagitis,Secondary,2024-09-25,Mild
DX_001782,ADM_01125,P_01203,C34.90,Malignant neoplasm of unspecified part of bronchus or lung,UNKNOWN_VAL,2025-03-31,Severe
DX_001783,ADM_01126,P_00552,M54.5,Low back pain,Primary,2024-03-07,Mild
DX_001784,ADM_01126,P_00552,I21.9,"Acute myocardial infarction, unspecified",Secondary,2024-03-07,Severe
DX_001785,ADM_01127,P_00348,M54.5,Low back pain,PRIMARY,2025-01-23,Mild
DX_001786,ADM_01127,P_00348,N18.9,"Chronic kidney disease, unspecified",Secondary,2025-01-23,Severe
DX_001787,ADM_01128,P_02213,I10,Essential (primary) hypertension,Primary,2024-08-10,Moderate
DX_001788,ADM_01129,P_02139,I50.9,"Heart failure, unspecified",Primary,2024-05-18,Severe
DX_001789,ADM_01130,P_02436,J44.9,"Chronic obstructive pulmonary disease, unspecified",Primary,2024-09-04,Severe
DX_001790,ADM_01130,P_02436,M54.5,Low back pain,Secondary,2024-09-04,Mild
DX_001791,ADM_01131,P_01551,E11.9,Type 2 diabetes mellitus without complications,Primary,2025-03-05,Moderate
DX_001792,ADM_01132,P_01551,J18.9,"Pneumonia, unspecified organism",Primary,2025-03-20,Moderate
DX_001793,ADM_01132,P_01551,F32.9,"Major depressive disorder, single episode",Secondary,2025-03-20,Moderate
DX_001794,ADM_01133,P_01491,M54.5,Low back pain,Primary,2025-05-02,Mild
DX_001795,ADM_01133,P_01491,I10,Essential (primary) hypertension,Secondary,2025-05-02,Moderate
DX_001796,ADM_01134,P_00605,K21.9,Gastro-esophageal reflux disease without esophagitis,Primary,2024-03-16,Mild
DX_001797,ADM_01134,P_00605,I50.9,"Heart failure, unspecified",Secondary,2024-03-16,Severe
DX_001798,ADM_01135,P_00621,C34.90,Malignant neoplasm of unspecified part of bronchus or lung,Primary,2025-02-27,Severe
DX_001799,ADM_01135,P_00621,J44.9,"Chronic obstructive pulmonary disease, unspecified",Secondary,2025-02-27,Severe
DX_001800,ADM_01136,P_02135,J18.9,"Pneumonia, unspecified organism",Primary,2025-01-16,Moderate
DX_001801,ADM_01136,P_02135,I21.9,"Acute myocardial infarction, unspecified",Secondary,2025-01-16,Severe
DX_001802,ADM_01137,P_02459,I10,Essential (primary) hypertension,  Primary  ,2025-03-25,Moderate
DX_001803,ADM_01137,P_02459,J18.9,"Pneumonia, unspecified organism",Secondary,2025-03-25,Moderate
DX_001804,ADM_01138,P_03479,J18.9,"Pneumonia, unspecified organism",Primary,2024-06-22,Moderate
DX_001805,ADM_01138,P_03479,A41.9,"Sepsis, unspecified organism",Secondary,2024-06-22,Severe
DX_001806,ADM_01139,P_00933,A41.9,"Sepsis, unspecified organism",Primary,2024-04-11,Severe
DX_001807,ADM_01139,P_00933,E11.9,Type 2 diabetes mellitus without complications,Secondary,2024-04-11,Moderate
DX_001808,ADM_01140,P_02110,J18.9,"Pneumonia, unspecified organism",Primary,2024-07-09,Moderate
DX_001809,ADM_01141,P_02555,F32.9,"Major depressive disorder, single episode",PRIMARY,2024-05-27,MODERATE
DX_001810,ADM_01142,P_02973,I50.9,"Heart failure, unspecified",Primary,2024-01-04,Severe
DX_001811,ADM_01142,P_02973,J18.9,"Pneumonia, unspecified organism",Secondary,2024-01-04,Moderate
DX_001812,ADM_01143,P_02371,I10,Essential (primary) hypertension,Primary,2025-04-14,Moderate
DX_001813,ADM_01143,P_02371,M54.5,Low back pain,Secondary,2025-04-14,Mild
DX_001814,ADM_01144,P_00447,E11.9,Type 2 diabetes mellitus without complications,Primary,2025-04-10,Moderate
DX_001815,ADM_01145,P_00127,I10,Essential (primary) hypertension,Primary,2025-04-19,Moderate
DX_001816,ADM_01146,P_02846,A41.9,"Sepsis, unspecified organism",Primary,2024-12-14,Severe
DX_001817,ADM_01147,P_01974,N18.9,"Chronic kidney disease, unspecified",Primary,2025-01-25,Severe
DX_001818,ADM_01148,P_00185,E11.9,Type 2 diabetes mellitus without complications,Primary,2024-02-19,Moderate
DX_001819,ADM_01148,P_00185,K21.9,Gastro-esophageal reflux disease without esophagitis,Secondary,2024-02-19,Mild
DX_001820,ADM_01149,P_00604,I50.9,"Heart failure, unspecified",primary,2024-02-17,Severe
DX_001821,ADM_01150,P_03055,M54.5,Low back pain,Primary,2024-02-11,Mild
DX_001822,ADM_01151,P_00175,J18.9,"Pneumonia, unspecified organism",Primary,2024-07-15,Moderate
DX_001823,ADM_01152,P_01673,I10,Essential (primary) hypertension,Primary,2024-08-25,Moderate
DX_001824,ADM_01152,P_01673,K21.9,Gastro-esophageal reflux disease without esophagitis,Secondary,2024-08-25,Mild
DX_001825,ADM_01153,P_01673,K21.9,Gastro-esophageal reflux disease without esophagitis,Primary,09/08/2024,Mild
DX_001826,ADM_01154,P_01362,N18.9,"Chronic kidney disease, unspecified",Primary,2024-09-15,Severe
DX_001827,ADM_01154,P_01362,C34.90,Malignant neoplasm of unspecified part of bronchus or lung,Secondary,2024-09-15,Severe
DX_001828,ADM_01155,P_01421,E11.9,Type 2 diabetes mellitus without complications,  Primary  ,2024-08-01,Moderate
DX_001829,ADM_01155,P_01421,J18.9,"Pneumonia, unspecified organism",Secondary,08/01/2024,Moderate
DX_001830,ADM_01156,P_02141,E11.9,Type 2 diabetes mellitus without complications,Primary,2024-03-14,Moderate
DX_001831,ADM_01156,P_02141,F32.9,"Major depressive disorder, single episode",Secondary,2024-03-14,Moderate
DX_001832,ADM_01157,P_00611,I50.9,"Heart failure, unspecified",Primary,2024-06-08,Severe
DX_001833,ADM_01157,P_00611,M54.5,Low back pain,Secondary,2024-06-08,Mild
DX_001834,ADM_01158,P_01319,F32.9,"Major depressive disorder, single episode",Primary,2024-06-16,Moderate
DX_001835,ADM_01158,P_01319,A41.9,"Sepsis, unspecified organism",Secondary,2024-06-16,Severe
DX_001836,ADM_01159,P_02157,E11.9,Type 2 diabetes mellitus without complications,Primary,2025-01-22,Moderate
DX_001837,ADM_01159,P_02157,J44.9,"Chronic obstructive pulmonary disease, unspecified",Secondary,2025-01-22,Severe
DX_001838,ADM_01160,P_01032,A41.9,"Sepsis, unspecified organism",Primary,2024-07-06,Severe
DX_001839,ADM_01160,P_01032,E11.9,Type 2 diabetes mellitus without complications,Secondary,2024-07-06,Moderate
DX_001840,ADM_01161,P_02093,I10,Essential (primary) hypertension,Primary,2024-03-22,Moderate
DX_001841,ADM_01162,P_01937,M54.5,Low back pain,Primary,2024-07-13,Mild
DX_001842,ADM_01162,P_01937,J18.9,"Pneumonia, unspecified organism",  Secondary  ,2024-07-13,Moderate
DX_001843,ADM_01163,P_00527,M54.5,Low back pain,Primary,2024-10-06,Mild
DX_001844,ADM_01164,P_02853,A41.9,"Sepsis, unspecified organism",Primary,2024-08-16,Severe
DX_001845,ADM_01165,P_02564,J18.9,"Pneumonia, unspecified organism",Primary,2024-06-09,Moderate
DX_001846,ADM_01165,P_02564,A41.9,"Sepsis, unspecified organism",  Secondary  ,2024-06-09,Severe
DX_001847,ADM_01166,P_00882,J18.9,"Pneumonia, unspecified organism",Primary,2024-10-11,Moderate
DX_001848,ADM_01166,P_00882,A41.9,"Sepsis, unspecified organism",Secondary,2024-10-11,SEVERE
DX_001849,ADM_01167,P_02906,C34.90,Malignant neoplasm of unspecified part of bronchus or lung,Primary,2024-07-21,Severe
DX_001850,ADM_01168,P_01970,J18.9,"Pneumonia, unspecified organism",Primary,2024-12-30,Moderate
DX_001851,ADM_01168,P_01970,I50.9,"Heart failure, unspecified",Secondary,2024-12-30,Severe
DX_001852,ADM_01169,P_00901,F32.9,"Major depressive disorder, single episode",Primary,2024-11-21,Moderate
DX_001853,ADM_01169,P_00901,I50.9,"Heart failure, unspecified",Secondary,2024-11-21,Severe
DX_001854,ADM_01170,P_00901,K21.9,Gastro-esophageal reflux disease without esophagitis,Primary,2024-12-08,Mild
DX_001855,ADM_01170,P_00901,F32.9,"Major depressive disorder, single episode",Secondary,2024-12-08,Moderate
DX_001856,ADM_01171,P_00584,J44.9,"Chronic obstructive pulmonary disease, unspecified",PRIMARY,2025-02-07,Severe
DX_001857,ADM_01171,P_00584,M54.5,Low back pain,Secondary,2025-02-07,Mild
DX_001858,ADM_01172,P_01444,C34.90,Malignant neoplasm of unspecified part of bronchus or lung,Primary,2024-06-08,Severe
DX_001859,ADM_01172,P_01444,F32.9,"Major depressive disorder, single episode",Secondary,2024-06-08,Moderate
DX_001860,ADM_01173,P_02438,I10,Essential (primary) hypertension,Primary,03/11/2025,Moderate
DX_001861,ADM_01173,P_02438,N18.9,"Chronic kidney disease, unspecified",Secondary,2025-03-11,Severe
DX_001862,ADM_01174,P_00929,F32.9,"Major depressive disorder, single episode",Primary,2025-02-23,Moderate
DX_001863,ADM_01174,P_00929,E11.9,Type 2 diabetes mellitus without complications,Secondary,2025-02-23,Moderate
DX_001864,ADM_01175,P_01847,K21.9,Gastro-esophageal reflux disease without esophagitis,Primary,2024-11-14,Mild
DX_001865,ADM_01176,P_00378,N18.9,"Chronic kidney disease, unspecified",Primary,2025-01-19,Severe
DX_001866,ADM_01176,P_00378,F32.9,"Major depressive disorder, single episode",Secondary,2025-01-19,Moderate
DX_001867,ADM_01177,P_01240,C34.90,Malignant neoplasm of unspecified part of bronchus or lung,Primary,2024-05-30,Severe
DX_001868,ADM_01177,P_01240,I50.9,"Heart failure, unspecified",Secondary,2024-05-30,SEVERE
DX_001869,ADM_01178,P_03027,A41.9,"Sepsis, unspecified organism",Primary,2024-12-24,Severe
DX_001870,ADM_01179,P_03027,I21.9,"Acute myocardial infarction, unspecified",Primary,2025-01-21,Severe
DX_001871,ADM_01180,P_02145,M54.5,Low back pain,Primary,2024-02-17,Mild
DX_001872,ADM_01181,P_02145,N18.9,"Chronic kidney disease, unspecified",Primary,2024-03-16,Severe
DX_001873,ADM_01182,P_03314,K21.9,Gastro-esophageal reflux disease without esophagitis,Primary,2024-02-29,Mild
DX_001874,ADM_01182,P_03314,J18.9,"Pneumonia, unspecified organism",Secondary,2024-02-29,Moderate
DX_001875,ADM_01183,P_02487,I10,Essential (primary) hypertension,Primary,2024-04-21,Moderate
DX_001876,ADM_01183,P_02487,C34.90,Malignant neoplasm of unspecified part of bronchus or lung,Secondary,2024-04-21,Severe
DX_001877,ADM_01184,P_02110,I10,Essential (primary) hypertension,Primary,2024-09-08,Moderate
DX_001878,ADM_01184,P_02110,E11.9,Type 2 diabetes mellitus without complications,Secondary,2024-09-08,Moderate
DX_001879,ADM_01185,P_00863,N18.9,"Chronic kidney disease, unspecified",Primary,2024-03-01,Severe
DX_001880,ADM_01185,P_00863,E11.9,Type 2 diabetes mellitus without complications,Secondary,03/01/2024,Moderate
DX_001881,ADM_01186,P_02467,A41.9,"Sepsis, unspecified organism",Primary,2024-05-15,Severe
DX_001882,ADM_01187,P_00057,I10,Essential (primary) hypertension,Primary,2024-08-18,Moderate
DX_001883,ADM_01187,P_00057,I21.9,"Acute myocardial infarction, unspecified",Secondary,2024-08-18,Severe
DX_001884,ADM_01188,P_02998,M54.5,Low back pain,Primary,2024-04-21,Mild
DX_001885,ADM_01188,P_02998,I10,Essential (primary) hypertension,Secondary,2024-04-21,Moderate
DX_001886,ADM_01189,P_01884,I10,Essential (primary) hypertension,Primary,2025-01-05,Moderate
DX_001887,ADM_01189,P_01884,C34.90,Malignant neoplasm of unspecified part of bronchus or lung,Secondary,2025-01-05,Severe
DX_001888,ADM_01190,P_00074,K21.9,Gastro-esophageal reflux disease without esophagitis,Primary,2024-07-25,Mild
DX_001889,ADM_01190,P_00074,J44.9,"Chronic obstructive pulmonary disease, unspecified",Secondary,2024-07-25,Severe
DX_001890,ADM_01191,P_01447,M54.5,Low back pain,Primary,2024-01-07,Mild
DX_001891,ADM_01191,P_01447,I50.9,"Heart failure, unspecified",Secondary,2024-01-07,Severe
DX_001892,ADM_01192,P_02938,M54.5,Low back pain,Primary,2024-03-23,Mild
DX_001893,ADM_01192,P_02938,K21.9,Gastro-esophageal reflux disease without esophagitis,Secondary,2024-03-23,Mild
DX_001894,ADM_01193,P_00493,I21.9,"Acute myocardial infarction, unspecified",Primary,2025-02-07,Severe
DX_001895,ADM_01194,P_02380,I10,Essential (primary) hypertension,Primary,2025-03-15,Moderate
DX_001896,ADM_01194,P_02380,N18.9,"Chronic kidney disease, unspecified",Secondary,2025/03/15 00:00:00,Severe
DX_001897,ADM_01195,P_02201,J44.9,"Chronic obstructive pulmonary disease, unspecified",Primary,2024-09-03,Severe
DX_001898,ADM_01196,P_02201,K21.9,Gastro-esophageal reflux disease without esophagitis,PRIMARY,2024-09-20,Mild
DX_001899,ADM_01197,P_03238,J18.9,"Pneumonia, unspecified organism",Primary,2024-11-02,Moderate
DX_001900,ADM_01197,P_03238,N18.9,"Chronic kidney disease, unspecified",Secondary,2024-11-02,Severe
DX_001901,ADM_01198,P_01227,M54.5,Low back pain,primary,2024-11-25,Mild
DX_001902,ADM_01198,P_01227,I50.9,"Heart failure, unspecified",Secondary,2024-11-25,Severe
DX_001903,ADM_01199,P_00681,J18.9,"Pneumonia, unspecified organism",Primary,2025-04-05,Moderate
DX_001904,ADM_01200,P_00133,J44.9,"Chronic obstructive pulmonary disease, unspecified",Primary,2024-10-05,Severe
DX_001905,ADM_01200,P_00133,C34.90,Malignant neoplasm of unspecified part of bronchus or lung,Secondary,2024/10/05 00:00:00,Severe
DX_001906,ADM_01201,P_00133,J18.9,"Pneumonia, unspecified organism",Primary,2024-11-02,Moderate
DX_001907,ADM_01201,P_00133,I50.9,"Heart failure, unspecified",Secondary,2024-11-02,Severe
DX_001908,ADM_01202,P_01084,I10,Essential (primary) hypertension,Primary,2024-06-23,MODERATE
DX_001909,ADM_01203,P_02304,J18.9,"Pneumonia, unspecified organism",Primary,2024-02-27,Moderate
DX_001910,ADM_01204,P_03270,I21.9,"Acute myocardial infarction, unspecified",Primary,2024-06-28,Severe
DX_001911,ADM_01204,P_03270,I50.9,"Heart failure, unspecified",Secondary,2024-06-28,Severe
DX_001912,ADM_01205,P_03270,N18.9,"Chronic kidney disease, unspecified",Primary,2024-07-16,Severe
DX_001913,ADM_01206,P_00963,E11.9,Type 2 diabetes mellitus without complications,Primary,2024-10-12,Moderate
DX_001914,ADM_01206,P_00963,C34.90,Malignant neoplasm of unspecified part of bronchus or lung,Secondary,2024-10-12,Severe
DX_001915,ADM_01207,P_00078,J18.9,"Pneumonia, unspecified organism",Primary,2024-10-13,Moderate
DX_001916,ADM_01208,P_00078,I21.9,"Acute myocardial infarction, unspecified",Primary,2024/11/10 00:00:00,Severe
DX_001917,ADM_01208,P_00078,J44.9,"Chronic obstructive pulmonary disease, unspecified",Secondary,2024-11-10,Severe
DX_001918,ADM_01209,P_02167,K21.9,Gastro-esophageal reflux disease without esophagitis,Primary,2024-02-12,Mild
DX_001919,ADM_01209,P_02167,M54.5,Low back pain,Secondary,2024/02/12 00:00:00,Mild
DX_001920,ADM_01210,P_01433,I10,Essential (primary) hypertension,Primary,2025-01-12,MODERATE
DX_001921,ADM_01211,P_02908,I21.9,"Acute myocardial infarction, unspecified",Primary,2024-10-20,Severe
DX_001922,ADM_01211,P_02908,M54.5,Low back pain,Secondary,2024-10-20,Mild
DX_001923,ADM_01212,P_01011,J44.9,"Chronic obstructive pulmonary disease, unspecified",Primary,2024-10-20,Severe
DX_001924,ADM_01212,P_01011,I10,Essential (primary) hypertension,Secondary,2024-10-20,Moderate
DX_001925,ADM_01213,P_03126,C34.90,Malignant neoplasm of unspecified part of bronchus or lung,Primary,2024-04-09,Severe
DX_001926,ADM_01213,P_03126,N18.9,"Chronic kidney disease, unspecified",Secondary,2024-04-09,  Severe  
DX_001927,ADM_01214,P_02034,A41.9,"Sepsis, unspecified organism",Primary,2024-09-07,severe
DX_001928,ADM_01215,P_02034,E11.9,Type 2 diabetes mellitus without complications,primary,2024-09-29,Moderate
DX_001929,ADM_01216,P_00859,K21.9,Gastro-esophageal reflux disease without esophagitis,Primary,2025-02-07,Mild
DX_001930,ADM_01216,P_00859,E11.9,Type 2 diabetes mellitus without complications,Secondary,2025-02-07,Moderate
DX_001931,ADM_01217,P_00366,I21.9,"Acute myocardial infarction, unspecified",Primary,2024-05-11,Severe
DX_001932,ADM_01218,P_00902,E11.9,Type 2 diabetes mellitus without complications,Primary,2024-01-13,Moderate
DX_001933,ADM_01219,P_01220,K21.9,Gastro-esophageal reflux disease without esophagitis,Primary,2024-08-09,Mild
DX_001934,ADM_01219,P_01220,N18.9,"Chronic kidney disease, unspecified",Secondary,2024-08-09,Severe
DX_001935,ADM_01220,P_00822,C34.90,Malignant neoplasm of unspecified part of bronchus or lung,Primary,2024-11-06,Severe
DX_001936,ADM_01220,P_00822,A41.9,"Sepsis, unspecified organism",Secondary,2024-11-06,Severe
DX_001937,ADM_01221,P_01664,J44.9,"Chronic obstructive pulmonary disease, unspecified",Primary,2024-07-05,Severe
DX_001938,ADM_01222,P_00336,N18.9,"Chronic kidney disease, unspecified",Primary,2024-11-08,Severe
DX_001939,ADM_01223,P_00001,J44.9,"Chronic obstructive pulmonary disease, unspecified",Primary,2024-05-24,Severe
DX_001940,ADM_01223,P_00001,I10,Essential (primary) hypertension,Secondary,2024-05-24,Moderate
DX_001941,ADM_01224,P_00001,K21.9,Gastro-esophageal reflux disease without esophagitis,Primary,2024-06-19,Mild
DX_001942,ADM_01224,P_00001,C34.90,Malignant neoplasm of unspecified part of bronchus or lung,Secondary,2024-06-19,Severe
DX_001943,ADM_01225,P_03106,I21.9,"Acute myocardial infarction, unspecified",Primary,2024-05-13,Severe
DX_001944,ADM_01226,P_00011,J44.9,"Chronic obstructive pulmonary disease, unspecified",Primary,2025-05-01,SEVERE
DX_001945,ADM_01226,P_00011,J18.9,"Pneumonia, unspecified organism",Secondary,2025-05-01,Moderate
DX_001946,ADM_01227,P_03373,I50.9,"Heart failure, unspecified",Primary,2025-02-26,Severe
DX_001947,ADM_01227,P_03373,F32.9,"Major depressive disorder, single episode",Secondary,2025-02-26,Moderate
DX_001948,ADM_01228,P_03438,I21.9,"Acute myocardial infarction, unspecified",Primary,2024-10-19,Severe
DX_001949,ADM_01229,P_01972,I50.9,"Heart failure, unspecified",Primary,2024-09-28,Severe
DX_001950,ADM_01229,P_01972,A41.9,"Sepsis, unspecified organism",Secondary,2024-09-28,Severe
DX_001951,ADM_01230,P_02512,J18.9,"Pneumonia, unspecified organism",Primary,2024-07-14,Moderate
DX_001952,ADM_01231,P_02512,N18.9,"Chronic kidney disease, unspecified",Primary,2024-07-20,Severe
DX_001953,ADM_01231,P_02512,I21.9,"Acute myocardial infarction, unspecified",Secondary,2024-07-20,Severe
DX_001954,ADM_01232,P_02768,I21.9,"Acute myocardial infarction, unspecified",Primary,2024-03-01,Severe
DX_001955,ADM_01232,P_02768,J18.9,"Pneumonia, unspecified organism",Secondary,2024-03-01,Moderate
DX_001956,ADM_01233,P_01877,E11.9,Type 2 diabetes mellitus without complications,Primary,2024-08-09,moderate
DX_001957,ADM_01234,P_01491,N18.9,"Chronic kidney disease, unspecified",UNKNOWN_VAL,2025-02-12,Severe
DX_001958,ADM_01235,P_01094,J18.9,"Pneumonia, unspecified organism",Primary,2024-11-13,Moderate
DX_001959,ADM_01235,P_01094,N18.9,"Chronic kidney disease, unspecified",Secondary,2024-11-13,Severe
DX_001960,ADM_01236,P_01492,I21.9,"Acute myocardial infarction, unspecified",Primary,2025-04-13,Severe
DX_001961,ADM_01236,P_01492,J18.9,"Pneumonia, unspecified organism",Secondary,2025-04-13,Moderate
DX_001962,ADM_01237,P_03147,K21.9,Gastro-esophageal reflux disease without esophagitis,Primary,2024-08-27,Mild
DX_001963,ADM_01237,P_03147,E11.9,Type 2 diabetes mellitus without complications,Secondary,2024-08-27,Moderate
DX_001964,ADM_01238,P_01263,J44.9,"Chronic obstructive pulmonary disease, unspecified",Primary,2024-02-19,Severe
DX_001965,ADM_01238,P_01263,I21.9,"Acute myocardial infarction, unspecified",Secondary,2024/02/19 00:00:00,Severe
DX_001966,ADM_01239,P_01263,A41.9,"Sepsis, unspecified organism",Primary,2024-03-21,Severe
DX_001967,ADM_01240,P_02991,A41.9,"Sepsis, unspecified organism",Primary,2024-01-03,SEVERE
DX_001968,ADM_01240,P_02991,K21.9,Gastro-esophageal reflux disease without esophagitis,Secondary,2024-01-03,Mild
DX_001969,ADM_01241,P_01394,I50.9,"Heart failure, unspecified",Primary,2024-09-17,Severe
DX_001970,ADM_01241,P_01394,M54.5,Low back pain,Secondary,2024-09-17,Mild
DX_001971,ADM_01242,P_01721,M54.5,Low back pain,Primary,2024-01-18,Mild
DX_001972,ADM_01242,P_01721,J18.9,"Pneumonia, unspecified organism",Secondary,2024-01-18,Moderate
DX_001973,ADM_01243,P_02478,M54.5,Low back pain,Primary,2024-04-12,mild
DX_001974,ADM_01243,P_02478,E11.9,Type 2 diabetes mellitus without complications,Secondary,2024-04-12,Moderate
DX_001975,ADM_01244,P_01962,C34.90,Malignant neoplasm of unspecified part of bronchus or lung,PRIMARY,2024-05-30,Severe
DX_001976,ADM_01244,P_01962,J44.9,"Chronic obstructive pulmonary disease, unspecified",Secondary,2024-05-30,Severe
DX_001977,ADM_01245,P_00797,J44.9,"Chronic obstructive pulmonary disease, unspecified",Primary,2024-05-20,Severe
DX_001978,ADM_01246,P_01568,I50.9,"Heart failure, unspecified",Primary,2024-03-17,severe
DX_001979,ADM_01246,P_01568,I21.9,"Acute myocardial infarction, unspecified",Secondary,2024-03-17,Severe
DX_001980,ADM_01247,P_01738,M54.5,Low back pain,Primary,2024-10-31,Mild
DX_001981,ADM_01247,P_01738,I50.9,"Heart failure, unspecified",Secondary,31-10-2024,Severe
DX_001982,ADM_01248,P_03013,A41.9,"Sepsis, unspecified organism",Primary,2024-09-22,Severe
DX_001983,ADM_01249,P_03013,N18.9,"Chronic kidney disease, unspecified",Primary,2024-10-28,Severe
DX_001984,ADM_01249,P_03013,J18.9,"Pneumonia, unspecified organism",Secondary,2024-10-28,Moderate
DX_001985,ADM_01250,P_02593,N18.9,"Chronic kidney disease, unspecified",Primary,2025-05-12,Severe
DX_001986,ADM_01251,P_03315,I50.9,"Heart failure, unspecified",Primary,2024-05-20,Severe
DX_001987,ADM_01252,P_01310,J18.9,"Pneumonia, unspecified organism",Primary,2025-01-02,Moderate
DX_001988,ADM_01252,P_01310,K21.9,Gastro-esophageal reflux disease without esophagitis,Secondary,2025-01-02,Mild
DX_001989,ADM_01253,P_01310,M54.5,Low back pain,Primary,2025-01-20,Mild
DX_001990,ADM_01253,P_01310,I21.9,"Acute myocardial infarction, unspecified",UNKNOWN_VAL,2025-01-20,Severe
DX_001991,ADM_01254,P_00695,F32.9,"Major depressive disorder, single episode",Primary,2024-11-27,Moderate
DX_001992,ADM_01255,P_03407,I50.9,"Heart failure, unspecified",Primary,2024-11-08,Severe
DX_001993,ADM_01256,P_02555,F32.9,"Major depressive disorder, single episode",Primary,2024-06-19,Moderate
DX_001994,ADM_01257,P_03338,F32.9,"Major depressive disorder, single episode",Primary,2024-05-23,Moderate
DX_001995,ADM_01258,P_01975,J18.9,"Pneumonia, unspecified organism",Primary,2024-01-04,Moderate
DX_001996,ADM_01258,P_01975,N18.9,"Chronic kidney disease, unspecified",Secondary,2024-01-04,  Severe  
DX_001997,ADM_01259,P_02988,I50.9,"Heart failure, unspecified",Primary,2024-07-09,Severe
DX_001998,ADM_01259,P_02988,N18.9,"Chronic kidney disease, unspecified",Secondary,2024-07-09,Severe
DX_001999,ADM_01260,P_02956,J18.9,"Pneumonia, unspecified organism",Primary,2024-03-02,Moderate
DX_002000,ADM_01261,P_02150,J18.9,"Pneumonia, unspecified organism",Primary,2024-12-22,Moderate
DX_002001,ADM_01261,P_02150,E11.9,Type 2 diabetes mellitus without complications,Secondary,2024-12-22,Moderate
DX_002002,ADM_01262,P_01945,J18.9,"Pneumonia, unspecified organism",Primary,2024-08-22,Moderate
DX_002003,ADM_01262,P_01945,I50.9,"Heart failure, unspecified",Secondary,2024-08-22,Severe
DX_002004,ADM_01263,P_01945,A41.9,"Sepsis, unspecified organism",Primary,2024-09-08,Severe
DX_002005,ADM_01264,P_02957,K21.9,Gastro-esophageal reflux disease without esophagitis,Primary,2024-04-21,MILD
DX_002006,ADM_01264,P_02957,I10,Essential (primary) hypertension,secondary,2024-04-21,Moderate
DX_002007,ADM_01265,P_03435,K21.9,Gastro-esophageal reflux disease without esophagitis,Primary,2024-06-09,Mild
DX_002008,ADM_01266,P_00579,C34.90,Malignant neoplasm of unspecified part of bronchus or lung,Primary,2024-07-03,Severe
DX_002009,ADM_01266,P_00579,I21.9,"Acute myocardial infarction, unspecified",Secondary,2024-07-03,Severe
DX_002010,ADM_01267,P_00579,C34.90,Malignant neoplasm of unspecified part of bronchus or lung,Primary,2024-07-21,Severe
DX_002011,ADM_01268,P_00828,J44.9,"Chronic obstructive pulmonary disease, unspecified",Primary,2025-04-18,Severe
DX_002012,ADM_01269,P_01092,N18.9,"Chronic kidney disease, unspecified",Primary,2025-03-18,Severe
DX_002013,ADM_01269,P_01092,K21.9,Gastro-esophageal reflux disease without esophagitis,Secondary,2025-03-18,Mild
DX_002014,ADM_01270,P_03485,M54.5,Low back pain,primary,2025-04-07,MILD
DX_002015,ADM_01271,P_02537,K21.9,Gastro-esophageal reflux disease without esophagitis,PRIMARY,2024-05-15,Mild
DX_002016,ADM_01272,P_00220,I10,Essential (primary) hypertension,Primary,2024-05-25,Moderate
DX_002017,ADM_01272,P_00220,C34.90,Malignant neoplasm of unspecified part of bronchus or lung,Secondary,2024-05-25,Severe
DX_002018,ADM_01273,P_00364,E11.9,Type 2 diabetes mellitus without complications,Primary,2024-04-01,Moderate
DX_002019,ADM_01273,P_00364,N18.9,"Chronic kidney disease, unspecified",Secondary,2024-04-01,Severe
DX_002020,ADM_01274,P_00452,I10,Essential (primary) hypertension,Primary,2024-06-16,Moderate
DX_002021,ADM_01274,P_00452,J44.9,"Chronic obstructive pulmonary disease, unspecified",Secondary,2024-06-16,Severe
DX_002022,ADM_01275,P_01075,C34.90,Malignant neoplasm of unspecified part of bronchus or lung,Primary,2025-03-27,Severe
DX_002023,ADM_01275,P_01075,I21.9,"Acute myocardial infarction, unspecified",Secondary,2025-03-27,SEVERE
DX_002024,ADM_01276,P_00829,J18.9,"Pneumonia, unspecified organism",Primary,2024-04-10,Moderate
DX_002025,ADM_01277,P_01750,E11.9,Type 2 diabetes mellitus without complications,Primary,2024-05-14,Moderate
DX_002026,ADM_01277,P_01750,M54.5,Low back pain,Secondary,2024-05-14,Mild
DX_002027,ADM_01278,P_02685,I21.9,"Acute myocardial infarction, unspecified",Primary,2024-05-18,Severe
DX_002028,ADM_01278,P_02685,J44.9,"Chronic obstructive pulmonary disease, unspecified",Secondary,2024-05-18,Severe
DX_002029,ADM_01279,P_00862,I50.9,"Heart failure, unspecified",Primary,2024-01-12,  Severe  
DX_002030,ADM_01279,P_00862,K21.9,Gastro-esophageal reflux disease without esophagitis,Secondary,2024-01-12,  Mild  
DX_002031,ADM_01280,P_03103,N18.9,"Chronic kidney disease, unspecified",Primary,2024-07-28,Severe
DX_002032,ADM_01280,P_03103,J44.9,"Chronic obstructive pulmonary disease, unspecified",Secondary,2024-07-28,Severe
DX_002033,ADM_01281,P_02975,J44.9,"Chronic obstructive pulmonary disease, unspecified",Primary,2025-03-16,Severe
DX_002034,ADM_01281,P_02975,N18.9,"Chronic kidney disease, unspecified",Secondary,2025-03-16,Severe
DX_002035,ADM_01282,P_01927,A41.9,"Sepsis, unspecified organism",Primary,2024-09-03,Severe
DX_002036,ADM_01282,P_01927,J44.9,"Chronic obstructive pulmonary disease, unspecified",Secondary,2024-09-03,Severe
DX_002037,ADM_01283,P_01927,E11.9,Type 2 diabetes mellitus without complications,Primary,2024-09-11,Moderate
DX_002038,ADM_01283,P_01927,K21.9,Gastro-esophageal reflux disease without esophagitis,  Secondary  ,2024-09-11,Mild
DX_002039,ADM_01284,P_00656,I50.9,"Heart failure, unspecified",  Primary  ,2024-04-03,Severe
DX_002040,ADM_01285,P_00656,E11.9,Type 2 diabetes mellitus without complications,Primary,2024-04-15,Moderate
DX_002041,ADM_01285,P_00656,I10,Essential (primary) hypertension,Secondary,15-04-2024,moderate
DX_002042,ADM_01286,P_00450,N18.9,"Chronic kidney disease, unspecified",Primary,2024/04/06 00:00:00,Severe
DX_002043,ADM_01286,P_00450,A41.9,"Sepsis, unspecified organism",Secondary,2024-04-06,Severe
DX_002044,ADM_01287,P_02641,K21.9,Gastro-esophageal reflux disease without esophagitis,Primary,2024-09-23,Mild
DX_002045,ADM_01287,P_02641,F32.9,"Major depressive disorder, single episode",UNKNOWN_VAL,2024-09-23,Moderate
DX_002046,ADM_01288,P_02867,M54.5,Low back pain,Primary,2025-04-10,Mild
DX_002047,ADM_01288,P_02867,I10,Essential (primary) hypertension,Secondary,2025-04-10,Moderate
DX_002048,ADM_01289,P_02051,E11.9,Type 2 diabetes mellitus without complications,Primary,2024-01-05,moderate
DX_002049,ADM_01290,P_00048,A41.9,"Sepsis, unspecified organism",Primary,2024-10-23,Severe
DX_002050,ADM_01290,P_00048,I21.9,"Acute myocardial infarction, unspecified",Secondary,2024-10-23,Severe
DX_002051,ADM_01291,P_03088,E11.9,Type 2 diabetes mellitus without complications,Primary,2025-03-08,Moderate
DX_002052,ADM_01291,P_03088,M54.5,Low back pain,Secondary,2025-03-08,Mild
DX_002053,ADM_01292,P_03354,F32.9,"Major depressive disorder, single episode",PRIMARY,2024-05-16,Moderate
DX_002054,ADM_01292,P_03354,I50.9,"Heart failure, unspecified",Secondary,2024-05-16,Severe
DX_002055,ADM_01293,P_02162,J44.9,"Chronic obstructive pulmonary disease, unspecified",Primary,2025-01-24,Severe
DX_002056,ADM_01294,P_02175,K21.9,Gastro-esophageal reflux disease without esophagitis,Primary,2024-09-19,Mild
DX_002057,ADM_01294,P_02175,J18.9,"Pneumonia, unspecified organism",Secondary,2024-09-19,Moderate
DX_002058,ADM_01295,P_01042,N18.9,"Chronic kidney disease, unspecified",Primary,2025-03-06,Severe
DX_002059,ADM_01295,P_01042,C34.90,Malignant neoplasm of unspecified part of bronchus or lung,Secondary,2025-03-06,Severe
DX_002060,ADM_01296,P_01346,I10,Essential (primary) hypertension,Primary,2024-12-19,Moderate
DX_002061,ADM_01296,P_01346,M54.5,Low back pain,Secondary,2024-12-19,Mild
DX_002062,ADM_01297,P_01075,C34.90,Malignant neoplasm of unspecified part of bronchus or lung,PRIMARY,2024-03-07,Severe
DX_002063,ADM_01297,P_01075,I50.9,"Heart failure, unspecified",Secondary,2024-03-07,Severe
DX_002064,ADM_01298,P_00041,E11.9,Type 2 diabetes mellitus without complications,PRIMARY,2024-03-01,Moderate
DX_002065,ADM_01298,P_00041,K21.9,Gastro-esophageal reflux disease without esophagitis,Secondary,2024-03-01,Mild
DX_002066,ADM_01299,P_02073,M54.5,Low back pain,Primary,2025-02-09,Mild
DX_002067,ADM_01299,P_02073,F32.9,"Major depressive disorder, single episode",Secondary,2025-02-09,Moderate
DX_002068,ADM_01300,P_01007,I50.9,"Heart failure, unspecified",Primary,2024-08-07,Severe
DX_002069,ADM_01300,P_01007,I21.9,"Acute myocardial infarction, unspecified",Secondary,2024-08-07,Severe
DX_002070,ADM_01301,P_02557,E11.9,Type 2 diabetes mellitus without complications,Primary,2025-02-28,Moderate
DX_002071,ADM_01301,P_02557,K21.9,Gastro-esophageal reflux disease without esophagitis,Secondary,2025-02-28,Mild
DX_002072,ADM_01302,P_00171,J18.9,"Pneumonia, unspecified organism",Primary,2024-10-14,Moderate
DX_002073,ADM_01302,P_00171,I21.9,"Acute myocardial infarction, unspecified",Secondary,2024-10-14,Severe
DX_002074,ADM_01303,P_02407,C34.90,Malignant neoplasm of unspecified part of bronchus or lung,Primary,2024-01-13,Severe
DX_002075,ADM_01303,P_02407,A41.9,"Sepsis, unspecified organism",UNKNOWN_VAL,2024-01-13,SEVERE
DX_002076,ADM_01304,P_02407,J44.9,"Chronic obstructive pulmonary disease, unspecified",Primary,2024-02-08,Severe
DX_002077,ADM_01305,P_01523,I10,Essential (primary) hypertension,Primary,2024-01-03,Moderate
DX_002078,ADM_01306,P_01734,I50.9,"Heart failure, unspecified",Primary,2024-11-15,Severe
DX_002079,ADM_01306,P_01734,J18.9,"Pneumonia, unspecified organism",Secondary,2024-11-15,Moderate
DX_002080,ADM_01307,P_00652,I10,Essential (primary) hypertension,Primary,2025-03-02,Moderate
DX_002081,ADM_01308,P_02487,I21.9,"Acute myocardial infarction, unspecified",Primary,2024-12-03,Severe
DX_002082,ADM_01308,P_02487,A41.9,"Sepsis, unspecified organism",Secondary,2024-12-03,Severe
DX_002083,ADM_01309,P_00088,I21.9,"Acute myocardial infarction, unspecified",Primary,2025-02-25,Severe
DX_002084,ADM_01310,P_03481,F32.9,"Major depressive disorder, single episode",Primary,2024-06-29,Moderate
DX_002085,ADM_01310,P_03481,A41.9,"Sepsis, unspecified organism",Secondary,2024-06-29,Severe
DX_002086,ADM_01311,P_00121,E11.9,Type 2 diabetes mellitus without complications,Primary,2024-11-01,Moderate
DX_002087,ADM_01311,P_00121,K21.9,Gastro-esophageal reflux disease without esophagitis,Secondary,2024-11-01,Mild
DX_002088,ADM_01312,P_01128,I10,Essential (primary) hypertension,Primary,2025-02-15,Moderate
DX_002089,ADM_01312,P_01128,I21.9,"Acute myocardial infarction, unspecified",Secondary,2025-02-15,Severe
DX_002090,ADM_01313,P_00670,K21.9,Gastro-esophageal reflux disease without esophagitis,Primary,2024-03-01,Mild
DX_002091,ADM_01313,P_00670,A41.9,"Sepsis, unspecified organism",Secondary,2024-03-01,Severe
DX_002092,ADM_01314,P_01464,K21.9,Gastro-esophageal reflux disease without esophagitis,Primary,2024-02-17,Mild
DX_002093,ADM_01314,P_01464,A41.9,"Sepsis, unspecified organism",Secondary,2024-02-17,Severe
DX_002094,ADM_01315,P_01464,I21.9,"Acute myocardial infarction, unspecified",Primary,2024-02-29,Severe
DX_002095,ADM_01315,P_01464,F32.9,"Major depressive disorder, single episode",Secondary,2024-02-29,Moderate
DX_002096,ADM_01316,P_00322,E11.9,Type 2 diabetes mellitus without complications,Primary,03/12/2024,Moderate
DX_002097,ADM_01317,P_02119,A41.9,"Sepsis, unspecified organism",Primary,2025-02-17,Severe
DX_002098,ADM_01317,P_02119,C34.90,Malignant neoplasm of unspecified part of bronchus or lung,Secondary,2025-02-17,Severe
DX_002099,ADM_01318,P_02119,I21.9,"Acute myocardial infarction, unspecified",Primary,2025-03-15,  Severe  
DX_002100,ADM_01318,P_02119,C34.90,Malignant neoplasm of unspecified part of bronchus or lung,Secondary,2025-03-15,Severe
DX_002101,ADM_01319,P_02321,M54.5,Low back pain,Primary,2025-04-10,Mild
DX_002102,ADM_01319,P_02321,E11.9,Type 2 diabetes mellitus without complications,Secondary,2025-04-10,Moderate
DX_002103,ADM_01320,P_01218,J44.9,"Chronic obstructive pulmonary disease, unspecified",Primary,27-05-2024,SEVERE
DX_002104,ADM_01320,P_01218,C34.90,Malignant neoplasm of unspecified part of bronchus or lung,Secondary,2024-05-27,SEVERE
DX_002105,ADM_01321,P_01471,E11.9,Type 2 diabetes mellitus without complications,Primary,2025-01-22,Moderate
DX_002106,ADM_01321,P_01471,C34.90,Malignant neoplasm of unspecified part of bronchus or lung,Secondary,01/22/2025,Severe
DX_002107,ADM_01322,P_00838,I10,Essential (primary) hypertension,Primary,2025-02-19,Moderate
DX_002108,ADM_01322,P_00838,J18.9,"Pneumonia, unspecified organism",Secondary,2025-02-19,moderate
DX_002109,ADM_01323,P_01350,E11.9,Type 2 diabetes mellitus without complications,Primary,2024-05-01,Moderate
DX_002110,ADM_01323,P_01350,J44.9,"Chronic obstructive pulmonary disease, unspecified",secondary,2024-05-01,Severe
DX_002111,ADM_01324,P_00347,M54.5,Low back pain,Primary,2024-03-21,Mild
DX_002112,ADM_01325,P_00566,J18.9,"Pneumonia, unspecified organism",Primary,2025-04-22,Moderate
DX_002113,ADM_01325,P_00566,M54.5,Low back pain,  Secondary  ,2025-04-22,Mild
DX_002114,ADM_01326,P_00404,I50.9,"Heart failure, unspecified",Primary,2024-06-24,Severe
DX_002115,ADM_01327,P_01913,M54.5,Low back pain,Primary,2025-01-31,Mild
DX_002116,ADM_01327,P_01913,I50.9,"Heart failure, unspecified",Secondary,2025-01-31,Severe
DX_002117,ADM_01328,P_00325,I50.9,"Heart failure, unspecified",Primary,2025-04-08,Severe
DX_002118,ADM_01328,P_00325,F32.9,"Major depressive disorder, single episode",Secondary,2025-04-08,Moderate
DX_002119,ADM_01329,P_02103,I10,Essential (primary) hypertension,Primary,2024-10-21,Moderate
DX_002120,ADM_01329,P_02103,A41.9,"Sepsis, unspecified organism",Secondary,2024-10-21,Severe
DX_002121,ADM_01330,P_02542,I21.9,"Acute myocardial infarction, unspecified",Primary,2025-03-08,Severe
DX_002122,ADM_01330,P_02542,K21.9,Gastro-esophageal reflux disease without esophagitis,Secondary,2025-03-08,Mild
DX_002123,ADM_01331,P_01588,F32.9,"Major depressive disorder, single episode",Primary,2024-12-11,Moderate
DX_002124,ADM_01331,P_01588,I21.9,"Acute myocardial infarction, unspecified",Secondary,2024-12-11,Severe
DX_002125,ADM_01332,P_03122,J18.9,"Pneumonia, unspecified organism",Primary,2024-09-19,Moderate
DX_002126,ADM_01333,P_03463,C34.90,Malignant neoplasm of unspecified part of bronchus or lung,PRIMARY,2025-01-12,Severe
DX_002127,ADM_01333,P_03463,E11.9,Type 2 diabetes mellitus without complications,Secondary,2025-01-12,Moderate
DX_002128,ADM_01334,P_01046,E11.9,Type 2 diabetes mellitus without complications,Primary,2024-07-27,Moderate
DX_002129,ADM_01334,P_01046,J44.9,"Chronic obstructive pulmonary disease, unspecified",Secondary,2024-07-27,Severe
DX_002130,ADM_01335,P_01362,I10,Essential (primary) hypertension,Primary,2024-08-15,Moderate
DX_002131,ADM_01336,P_01362,C34.90,Malignant neoplasm of unspecified part of bronchus or lung,Primary,2024-09-20,Severe
DX_002132,ADM_01336,P_01362,E11.9,Type 2 diabetes mellitus without complications,Secondary,2024-09-20,Moderate
DX_002133,ADM_01337,P_02464,N18.9,"Chronic kidney disease, unspecified",Primary,2024-07-07,Severe
DX_002134,ADM_01338,P_00254,N18.9,"Chronic kidney disease, unspecified",Primary,2025-01-22,Severe
DX_002135,ADM_01339,P_01797,I50.9,"Heart failure, unspecified",Primary,2024-06-02,Severe
DX_002136,ADM_01340,P_02035,K21.9,Gastro-esophageal reflux disease without esophagitis,Primary,2024-05-19,Mild
DX_002137,ADM_01341,P_01163,A41.9,"Sepsis, unspecified organism",Primary,2024-03-05,Severe
DX_002138,ADM_01342,P_01182,C34.90,Malignant neoplasm of unspecified part of bronchus or lung,Primary,2025-02-19,Severe
DX_002139,ADM_01342,P_01182,I10,Essential (primary) hypertension,Secondary,2025-02-19,Moderate
DX_002140,ADM_01343,P_02522,J18.9,"Pneumonia, unspecified organism",Primary,2024-01-09,Moderate
DX_002141,ADM_01343,P_02522,F32.9,"Major depressive disorder, single episode",Secondary,2024-01-09,Moderate
DX_002142,ADM_01344,P_01356,E11.9,Type 2 diabetes mellitus without complications,Primary,2024-11-03,Moderate
DX_002143,ADM_01345,P_02332,I50.9,"Heart failure, unspecified",Primary,2024-08-24,Severe
DX_002144,ADM_01346,P_01788,A41.9,"Sepsis, unspecified organism",Primary,2024-03-08,Severe
DX_002145,ADM_01347,P_01728,M54.5,Low back pain,Primary,2024-03-01,Mild
DX_002146,ADM_01347,P_01728,K21.9,Gastro-esophageal reflux disease without esophagitis,secondary,2024-03-01,Mild
DX_002147,ADM_01348,P_01728,I10,Essential (primary) hypertension,Primary,2024-03-09,Moderate
DX_002148,ADM_01348,P_01728,C34.90,Malignant neoplasm of unspecified part of bronchus or lung,Secondary,2024-03-09,Severe
DX_002149,ADM_01349,P_00692,F32.9,"Major depressive disorder, single episode",Primary,2024-08-08,Moderate
DX_002150,ADM_01350,P_00086,J18.9,"Pneumonia, unspecified organism",primary,2024-06-03,Moderate
DX_002151,ADM_01350,P_00086,A41.9,"Sepsis, unspecified organism",Secondary,2024-06-03,Severe
DX_002152,ADM_01351,P_02011,M54.5,Low back pain,Primary,2024-12-13,Mild
DX_002153,ADM_01352,P_00258,J18.9,"Pneumonia, unspecified organism",Primary,2025-02-22,Moderate
DX_002154,ADM_01353,P_00258,N18.9,"Chronic kidney disease, unspecified",Primary,07-03-2025,severe
DX_002155,ADM_01353,P_00258,J44.9,"Chronic obstructive pulmonary disease, unspecified",Secondary,07-03-2025,SEVERE
DX_002156,ADM_01354,P_02610,I50.9,"Heart failure, unspecified",Primary,2024-01-29,Severe
DX_002157,ADM_01354,P_02610,A41.9,"Sepsis, unspecified organism",Secondary,2024-01-29,Severe
DX_002158,ADM_01355,P_02277,N18.9,"Chronic kidney disease, unspecified",Primary,2025-02-08,Severe
DX_002159,ADM_01356,P_01378,J44.9,"Chronic obstructive pulmonary disease, unspecified",Primary,2025-04-17,Severe
DX_002160,ADM_01357,P_01737,J44.9,"Chronic obstructive pulmonary disease, unspecified",Primary,2025-05-04,Severe
DX_002161,ADM_01357,P_01737,I21.9,"Acute myocardial infarction, unspecified",Secondary,2025-05-04,  Severe  
DX_002162,ADM_01358,P_03254,K21.9,Gastro-esophageal reflux disease without esophagitis,Primary,2024-12-24,  Mild  
DX_002163,ADM_01358,P_03254,J44.9,"Chronic obstructive pulmonary disease, unspecified",Secondary,2024-12-24,Severe
DX_002164,ADM_01359,P_02085,A41.9,"Sepsis, unspecified organism",Primary,2024-10-13,Severe
DX_002165,ADM_01360,P_00032,I10,Essential (primary) hypertension,Primary,2025-02-15,Moderate
DX_002166,ADM_01361,P_01710,F32.9,"Major depressive disorder, single episode",Primary,2024-05-30,Moderate
DX_002167,ADM_01361,P_01710,I10,Essential (primary) hypertension,Secondary,2024-05-30,MODERATE
DX_002168,ADM_01362,P_02788,A41.9,"Sepsis, unspecified organism",Primary,2024-10-13,Severe
DX_002169,ADM_01362,P_02788,C34.90,Malignant neoplasm of unspecified part of bronchus or lung,Secondary,2024-10-13,Severe
DX_002170,ADM_01363,P_01872,I21.9,"Acute myocardial infarction, unspecified",Primary,2024-04-28,Severe
DX_002171,ADM_01364,P_01872,C34.90,Malignant neoplasm of unspecified part of bronchus or lung,Primary,2024-05-28,Severe
DX_002172,ADM_01365,P_00994,I21.9,"Acute myocardial infarction, unspecified",Primary,2024-12-08,Severe
DX_002173,ADM_01365,P_00994,J18.9,"Pneumonia, unspecified organism",Secondary,2024-12-08,Moderate
DX_002174,ADM_01366,P_02121,E11.9,Type 2 diabetes mellitus without complications,Primary,2024-10-06,MODERATE
DX_002175,ADM_01367,P_00137,N18.9,"Chronic kidney disease, unspecified",Primary,2024-07-09,Severe
DX_002176,ADM_01368,P_00137,N18.9,"Chronic kidney disease, unspecified",Primary,2024-07-19,Severe
DX_002177,ADM_01368,P_00137,I10,Essential (primary) hypertension,Secondary,2024-07-19,Moderate
DX_002178,ADM_01369,P_03446,F32.9,"Major depressive disorder, single episode",Primary,2024-03-29,Moderate
DX_002179,ADM_01369,P_03446,C34.90,Malignant neoplasm of unspecified part of bronchus or lung,Secondary,2024-03-29,Severe
DX_002180,ADM_01370,P_00136,E11.9,Type 2 diabetes mellitus without complications,Primary,2024-12-28,Moderate
DX_002181,ADM_01371,P_02899,A41.9,"Sepsis, unspecified organism",Primary,2025-04-26,  Severe  
DX_002182,ADM_01371,P_02899,C34.90,Malignant neoplasm of unspecified part of bronchus or lung,UNKNOWN_VAL,2025-04-26,Severe
DX_002183,ADM_01372,P_02899,N18.9,"Chronic kidney disease, unspecified",Primary,2025-05-02,Severe
DX_002184,ADM_01373,P_02741,I21.9,"Acute myocardial infarction, unspecified",Primary,2024-10-05,Severe
DX_002185,ADM_01374,P_02683,I50.9,"Heart failure, unspecified",Primary,2024-10-13,Severe
DX_002186,ADM_01375,P_01161,N18.9,"Chronic kidney disease, unspecified",Primary,2024-09-23,Severe
DX_002187,ADM_01375,P_01161,J44.9,"Chronic obstructive pulmonary disease, unspecified",Secondary,2024-09-23,Severe
DX_002188,ADM_01376,P_01161,J44.9,"Chronic obstructive pulmonary disease, unspecified",Primary,2024-10-12,Severe
DX_002189,ADM_01377,P_03063,N18.9,"Chronic kidney disease, unspecified",Primary,2025-03-26,Severe
DX_002190,ADM_01377,P_03063,K21.9,Gastro-esophageal reflux disease without esophagitis,Secondary,2025-03-26,Mild
DX_002191,ADM_01378,P_02227,C34.90,Malignant neoplasm of unspecified part of bronchus or lung,Primary,2024-06-02,Severe
DX_002192,ADM_01378,P_02227,I50.9,"Heart failure, unspecified",Secondary,2024-06-02,Severe
DX_002193,ADM_01379,P_00764,C34.90,Malignant neoplasm of unspecified part of bronchus or lung,Primary,2024-08-10,Severe
DX_002194,ADM_01379,P_00764,J44.9,"Chronic obstructive pulmonary disease, unspecified",Secondary,2024-08-10,Severe
DX_002195,ADM_01380,P_03344,N18.9,"Chronic kidney disease, unspecified",Primary,2024-06-06,Severe
DX_002196,ADM_01380,P_03344,A41.9,"Sepsis, unspecified organism",Secondary,2024-06-06,Severe
DX_002197,ADM_01381,P_02656,C34.90,Malignant neoplasm of unspecified part of bronchus or lung,Primary,2024-04-09,Severe
DX_002198,ADM_01381,P_02656,N18.9,"Chronic kidney disease, unspecified",Secondary,2024-04-09,Severe
DX_002199,ADM_01382,P_02028,J44.9,"Chronic obstructive pulmonary disease, unspecified",Primary,2025-02-24,SEVERE
DX_002200,ADM_01382,P_02028,I21.9,"Acute myocardial infarction, unspecified",Secondary,2025-02-24,Severe
DX_002201,ADM_01383,P_03215,E11.9,Type 2 diabetes mellitus without complications,Primary,2024-09-22,Moderate
DX_002202,ADM_01383,P_03215,C34.90,Malignant neoplasm of unspecified part of bronchus or lung,Secondary,2024-09-22,severe
DX_002203,ADM_01384,P_01818,N18.9,"Chronic kidney disease, unspecified",Primary,2024-05-19,Severe
DX_002204,ADM_01384,P_01818,C34.90,Malignant neoplasm of unspecified part of bronchus or lung,SECONDARY,2024-05-19,Severe
DX_002205,ADM_01385,P_02157,I50.9,"Heart failure, unspecified",Primary,2024-12-05,Severe
DX_002206,ADM_01386,P_02157,C34.90,Malignant neoplasm of unspecified part of bronchus or lung,Primary,2025-01-04,Severe
DX_002207,ADM_01387,P_03249,C34.90,Malignant neoplasm of unspecified part of bronchus or lung,Primary,2024-11-11,Severe
DX_002208,ADM_01388,P_03249,K21.9,Gastro-esophageal reflux disease without esophagitis,Primary,2024-12-14,Mild
DX_002209,ADM_01388,P_03249,J18.9,"Pneumonia, unspecified organism",Secondary,12/14/2024,Moderate
DX_002210,ADM_01389,P_01653,A41.9,"Sepsis, unspecified organism",Primary,2024-11-30,Severe
DX_002211,ADM_01389,P_01653,K21.9,Gastro-esophageal reflux disease without esophagitis,Secondary,2024-11-30,Mild
DX_002212,ADM_01390,P_00626,F32.9,"Major depressive disorder, single episode",Primary,2025-02-09,Moderate
DX_002213,ADM_01391,P_00626,I10,Essential (primary) hypertension,Primary,2025-03-08,Moderate
DX_002214,ADM_01391,P_00626,I21.9,"Acute myocardial infarction, unspecified",Secondary,2025-03-08,Severe
DX_002215,ADM_01392,P_01537,A41.9,"Sepsis, unspecified organism",Primary,2025-01-27,  Severe  
DX_002216,ADM_01392,P_01537,J44.9,"Chronic obstructive pulmonary disease, unspecified",Secondary,2025-01-27,Severe
DX_002217,ADM_01393,P_03309,J44.9,"Chronic obstructive pulmonary disease, unspecified",Primary,2024-02-02,Severe
DX_002218,ADM_01393,P_03309,M54.5,Low back pain,Secondary,2024-02-02,Mild
DX_002219,ADM_01394,P_00746,K21.9,Gastro-esophageal reflux disease without esophagitis,Primary,2024-10-22,Mild
DX_002220,ADM_01394,P_00746,N18.9,"Chronic kidney disease, unspecified",Secondary,2024-10-22,Severe
DX_002221,ADM_01395,P_03163,J44.9,"Chronic obstructive pulmonary disease, unspecified",Primary,2024-05-16,Severe
DX_002222,ADM_01396,P_00215,F32.9,"Major depressive disorder, single episode",Primary,2024-08-27,Moderate
DX_002223,ADM_01396,P_00215,M54.5,Low back pain,Secondary,2024-08-27,Mild
DX_002224,ADM_01397,P_03169,I10,Essential (primary) hypertension,Primary,01/28/2024,Moderate
DX_002225,ADM_01397,P_03169,A41.9,"Sepsis, unspecified organism",Secondary,2024-01-28,Severe
DX_002226,ADM_01398,P_00835,M54.5,Low back pain,Primary,2024-07-30,Mild
DX_002227,ADM_01398,P_00835,I10,Essential (primary) hypertension,Secondary,2024-07-30,Moderate
DX_002228,ADM_01399,P_01339,I21.9,"Acute myocardial infarction, unspecified",Primary,2024-09-13,Severe
DX_002229,ADM_01399,P_01339,I50.9,"Heart failure, unspecified",Secondary,2024-09-13,Severe
DX_002230,ADM_01400,P_01339,J18.9,"Pneumonia, unspecified organism",Primary,2024-10-08,Moderate
DX_002231,ADM_01401,P_02812,E11.9,Type 2 diabetes mellitus without complications,Primary,2024-12-11,Moderate
DX_002232,ADM_01402,P_03357,A41.9,"Sepsis, unspecified organism",Primary,2025-02-26,Severe
DX_002233,ADM_01402,P_03357,E11.9,Type 2 diabetes mellitus without complications,Secondary,2025-02-26,Moderate
DX_002234,ADM_01403,P_02773,E11.9,Type 2 diabetes mellitus without complications,Primary,2024-01-28,Moderate
DX_002235,ADM_01403,P_02773,C34.90,Malignant neoplasm of unspecified part of bronchus or lung,Secondary,2024-01-28,Severe
DX_002236,ADM_01404,P_01621,I50.9,"Heart failure, unspecified",Primary,2024-11-29,Severe
DX_002237,ADM_01404,P_01621,F32.9,"Major depressive disorder, single episode",Secondary,2024-11-29,Moderate
DX_002238,ADM_01405,P_02465,I10,Essential (primary) hypertension,Primary,2024-04-19,Moderate
DX_002239,ADM_01405,P_02465,K21.9,Gastro-esophageal reflux disease without esophagitis,Secondary,2024-04-19,Mild
DX_002240,ADM_01406,P_01913,I50.9,"Heart failure, unspecified",UNKNOWN_VAL,2024-07-07,Severe
DX_002241,ADM_01406,P_01913,A41.9,"Sepsis, unspecified organism",Secondary,2024-07-07,Severe
DX_002242,ADM_01407,P_01455,M54.5,Low back pain,Primary,2025-03-27,mild
DX_002243,ADM_01407,P_01455,K21.9,Gastro-esophageal reflux disease without esophagitis,SECONDARY,2025-03-27,Mild
DX_002244,ADM_01408,P_00252,I10,Essential (primary) hypertension,Primary,2024-03-18,Moderate
DX_002245,ADM_01408,P_00252,C34.90,Malignant neoplasm of unspecified part of bronchus or lung,Secondary,2024-03-18,Severe
DX_002246,ADM_01409,P_01815,I50.9,"Heart failure, unspecified",Primary,2024/08/21 00:00:00,Severe
DX_002247,ADM_01409,P_01815,F32.9,"Major depressive disorder, single episode",Secondary,2024-08-21,Moderate
DX_002248,ADM_01410,P_00208,J18.9,"Pneumonia, unspecified organism",Primary,2024-06-15,Moderate
DX_002249,ADM_01410,P_00208,J44.9,"Chronic obstructive pulmonary disease, unspecified",Secondary,2024-06-15,Severe
DX_002250,ADM_01411,P_02162,J18.9,"Pneumonia, unspecified organism",Primary,2024-12-09,Moderate
DX_002251,ADM_01411,P_02162,E11.9,Type 2 diabetes mellitus without complications,Secondary,2024-12-09,Moderate
DX_002252,ADM_01412,P_01675,M54.5,Low back pain,Primary,2024-11-17,Mild
DX_002253,ADM_01412,P_01675,C34.90,Malignant neoplasm of unspecified part of bronchus or lung,  Secondary  ,2024/11/17 00:00:00,Severe
DX_002254,ADM_01413,P_03491,E11.9,Type 2 diabetes mellitus without complications,Primary,2024-06-12,Moderate
DX_002255,ADM_01413,P_03491,N18.9,"Chronic kidney disease, unspecified",Secondary,2024-06-12,Severe
DX_002256,ADM_01414,P_00769,I50.9,"Heart failure, unspecified",Primary,2025-03-02,  Severe  
DX_002257,ADM_01414,P_00769,N18.9,"Chronic kidney disease, unspecified",Secondary,2025-03-02,Severe
DX_002258,ADM_01415,P_01949,J44.9,"Chronic obstructive pulmonary disease, unspecified",Primary,2024-07-29,Severe
DX_002259,ADM_01415,P_01949,M54.5,Low back pain,Secondary,2024-07-29,Mild
DX_002260,ADM_01416,P_02007,I21.9,"Acute myocardial infarction, unspecified",Primary,2024-12-20,Severe
DX_002261,ADM_01417,P_00849,K21.9,Gastro-esophageal reflux disease without esophagitis,Primary,2024-10-07,Mild
DX_002262,ADM_01417,P_00849,N18.9,"Chronic kidney disease, unspecified",Secondary,2024-10-07,Severe
DX_002263,ADM_01418,P_03048,E11.9,Type 2 diabetes mellitus without complications,Primary,2024-11-11,MODERATE
DX_002264,ADM_01418,P_03048,N18.9,"Chronic kidney disease, unspecified",Secondary,2024-11-11,Severe
DX_002265,ADM_01419,P_00178,E11.9,Type 2 diabetes mellitus without complications,Primary,2024-07-05,Moderate
DX_002266,ADM_01420,P_01095,J18.9,"Pneumonia, unspecified organism",Primary,2024-08-23,Moderate
DX_002267,ADM_01420,P_01095,M54.5,Low back pain,Secondary,2024-08-23,Mild
DX_002268,ADM_01421,P_01211,F32.9,"Major depressive disorder, single episode",Primary,2025-03-01,Moderate
DX_002269,ADM_01421,P_01211,N18.9,"Chronic kidney disease, unspecified",Secondary,2025-03-01,Severe
DX_002270,ADM_01422,P_00086,F32.9,"Major depressive disorder, single episode",Primary,2025-03-09,Moderate
DX_002271,ADM_01423,P_00086,C34.90,Malignant neoplasm of unspecified part of bronchus or lung,Primary,2025-04-07,Severe
DX_002272,ADM_01423,P_00086,J44.9,"Chronic obstructive pulmonary disease, unspecified",Secondary,2025-04-07,Severe
DX_002273,ADM_01424,P_00392,K21.9,Gastro-esophageal reflux disease without esophagitis,Primary,2025-02-14,Mild
DX_002274,ADM_01425,P_00184,I50.9,"Heart failure, unspecified",  Primary  ,2025-04-27,Severe
DX_002275,ADM_01425,P_00184,J18.9,"Pneumonia, unspecified organism",Secondary,2025-04-27,Moderate
DX_002276,ADM_01426,P_03040,I50.9,"Heart failure, unspecified",Primary,2024-03-04,Severe
DX_002277,ADM_01426,P_03040,A41.9,"Sepsis, unspecified organism",Secondary,2024-03-04,Severe
DX_002278,ADM_01427,P_02439,I10,Essential (primary) hypertension,Primary,04/04/2025,Moderate
DX_002279,ADM_01428,P_02252,A41.9,"Sepsis, unspecified organism",Primary,2024-08-21,Severe
DX_002280,ADM_01429,P_03372,N18.9,"Chronic kidney disease, unspecified",Primary,2024-02-26,Severe
DX_002281,ADM_01430,P_03418,E11.9,Type 2 diabetes mellitus without complications,primary,2024-01-23,Moderate
DX_002282,ADM_01430,P_03418,K21.9,Gastro-esophageal reflux disease without esophagitis,Secondary,2024-01-23,Mild
DX_002283,ADM_01431,P_01817,K21.9,Gastro-esophageal reflux disease without esophagitis,Primary,2024-05-07,Mild
DX_002284,ADM_01432,P_01685,I50.9,"Heart failure, unspecified",Primary,2024-07-22,Severe
DX_002285,ADM_01433,P_01685,C34.90,Malignant neoplasm of unspecified part of bronchus or lung,Primary,2024-08-13,Severe
DX_002286,ADM_01433,P_01685,M54.5,Low back pain,Secondary,2024-08-13,Mild
DX_002287,ADM_01434,P_01458,E11.9,Type 2 diabetes mellitus without complications,Primary,2024-09-18,Moderate
DX_002288,ADM_01434,P_01458,J18.9,"Pneumonia, unspecified organism",Secondary,2024-09-18,Moderate
DX_002289,ADM_01435,P_01458,K21.9,Gastro-esophageal reflux disease without esophagitis,Primary,2024-10-03,Mild
DX_002290,ADM_01436,P_00614,C34.90,Malignant neoplasm of unspecified part of bronchus or lung,Primary,2024-08-21,Severe
DX_002291,ADM_01436,P_00614,E11.9,Type 2 diabetes mellitus without complications,Secondary,2024-08-21,Moderate
DX_002292,ADM_01437,P_00992,C34.90,Malignant neoplasm of unspecified part of bronchus or lung,Primary,18-11-2024,Severe
DX_002293,ADM_01438,P_00992,J18.9,"Pneumonia, unspecified organism",Primary,2024-12-05,Moderate
DX_002294,ADM_01438,P_00992,I21.9,"Acute myocardial infarction, unspecified",Secondary,2024-12-05,SEVERE
DX_002295,ADM_01439,P_00032,A41.9,"Sepsis, unspecified organism",Primary,2025-03-31,Severe
DX_002296,ADM_01439,P_00032,J44.9,"Chronic obstructive pulmonary disease, unspecified",Secondary,2025-03-31,Severe
DX_002297,ADM_01440,P_03449,J18.9,"Pneumonia, unspecified organism",Primary,2024-10-08,moderate
DX_002298,ADM_01441,P_01308,N18.9,"Chronic kidney disease, unspecified",Primary,2025-05-04,Severe
DX_002299,ADM_01441,P_01308,K21.9,Gastro-esophageal reflux disease without esophagitis,Secondary,2025-05-04,Mild
DX_002300,ADM_01442,P_00341,C34.90,Malignant neoplasm of unspecified part of bronchus or lung,Primary,2024-02-16,Severe
DX_002301,ADM_01442,P_00341,I21.9,"Acute myocardial infarction, unspecified",Secondary,2024-02-16,Severe
DX_002302,ADM_01443,P_02453,M54.5,Low back pain,Primary,2025-02-18,Mild
DX_002303,ADM_01444,P_03260,I21.9,"Acute myocardial infarction, unspecified",Primary,2024-10-21,Severe
DX_002304,ADM_01444,P_03260,N18.9,"Chronic kidney disease, unspecified",Secondary,2024-10-21,Severe
DX_002305,ADM_01445,P_03260,I21.9,"Acute myocardial infarction, unspecified",Primary,2024-11-18,Severe
DX_002306,ADM_01446,P_01518,J18.9,"Pneumonia, unspecified organism",Primary,2024-09-28,Moderate
DX_002307,ADM_01447,P_00336,M54.5,Low back pain,Primary,2024-06-18,Mild
DX_002308,ADM_01447,P_00336,I50.9,"Heart failure, unspecified",Secondary,2024-06-18,  Severe  
DX_002309,ADM_01448,P_02383,A41.9,"Sepsis, unspecified organism",Primary,2024-04-06,Severe
DX_002310,ADM_01448,P_02383,J44.9,"Chronic obstructive pulmonary disease, unspecified",Secondary,2024-04-06,Severe
DX_002311,ADM_01449,P_00931,E11.9,Type 2 diabetes mellitus without complications,Primary,2024-03-16,Moderate
DX_002312,ADM_01450,P_01689,M54.5,Low back pain,Primary,2025-02-05,Mild
DX_002313,ADM_01450,P_01689,C34.90,Malignant neoplasm of unspecified part of bronchus or lung,Secondary,2025-02-05,Severe
DX_002314,ADM_01451,P_03028,K21.9,Gastro-esophageal reflux disease without esophagitis,Primary,2024-10-20,Mild
DX_002315,ADM_01451,P_03028,M54.5,Low back pain,Secondary,2024-10-20,Mild
DX_002316,ADM_01452,P_00282,N18.9,"Chronic kidney disease, unspecified",Primary,2024-06-14,Severe
DX_002317,ADM_01452,P_00282,I50.9,"Heart failure, unspecified",Secondary,2024-06-14,Severe
DX_002318,ADM_01453,P_03192,C34.90,Malignant neoplasm of unspecified part of bronchus or lung,Primary,2024-02-20,Severe
DX_002319,ADM_01454,P_01603,C34.90,Malignant neoplasm of unspecified part of bronchus or lung,Primary,2025-01-05,Severe
DX_002320,ADM_01455,P_03130,J18.9,"Pneumonia, unspecified organism",Primary,2024-01-04,Moderate
DX_002321,ADM_01455,P_03130,J44.9,"Chronic obstructive pulmonary disease, unspecified",Secondary,2024-01-04,Severe
DX_002322,ADM_01456,P_00793,N18.9,"Chronic kidney disease, unspecified",Primary,2024-12-24,Severe
DX_002323,ADM_01456,P_00793,F32.9,"Major depressive disorder, single episode",Secondary,2024-12-24,Moderate
DX_002324,ADM_01457,P_00793,F32.9,"Major depressive disorder, single episode",Primary,2025-01-08,Moderate
DX_002325,ADM_01457,P_00793,M54.5,Low back pain,Secondary,2025-01-08,Mild
DX_002326,ADM_01458,P_01662,J18.9,"Pneumonia, unspecified organism",Primary,2024-04-29,Moderate
DX_002327,ADM_01458,P_01662,M54.5,Low back pain,Secondary,2024-04-29,Mild
DX_002328,ADM_01459,P_02650,I50.9,"Heart failure, unspecified",PRIMARY,2024-02-19,Severe
DX_002329,ADM_01459,P_02650,C34.90,Malignant neoplasm of unspecified part of bronchus or lung,Secondary,2024-02-19,Severe
DX_002330,ADM_01460,P_01806,I10,Essential (primary) hypertension,Primary,2024-02-26,Moderate
DX_002331,ADM_01461,P_02550,A41.9,"Sepsis, unspecified organism",Primary,2024-10-09,Severe
DX_002332,ADM_01461,P_02550,E11.9,Type 2 diabetes mellitus without complications,Secondary,10/09/2024,Moderate
DX_002333,ADM_01462,P_00870,N18.9,"Chronic kidney disease, unspecified",Primary,2025-01-16,Severe
DX_002334,ADM_01462,P_00870,I10,Essential (primary) hypertension,Secondary,2025-01-16,Moderate
DX_002335,ADM_01463,P_01533,A41.9,"Sepsis, unspecified organism",Primary,2024-09-27,Severe
DX_002336,ADM_01463,P_01533,K21.9,Gastro-esophageal reflux disease without esophagitis,Secondary,2024-09-27,Mild
DX_002337,ADM_01464,P_01536,I21.9,"Acute myocardial infarction, unspecified",Primary,2024-06-30,Severe
DX_002338,ADM_01465,P_01536,I50.9,"Heart failure, unspecified",Primary,2024-07-31,Severe
DX_002339,ADM_01466,P_02306,K21.9,Gastro-esophageal reflux disease without esophagitis,Primary,2024-01-16,  Mild  
DX_002340,ADM_01467,P_02954,J44.9,"Chronic obstructive pulmonary disease, unspecified",Primary,2025-04-01,Severe
DX_002341,ADM_01467,P_02954,I50.9,"Heart failure, unspecified",Secondary,2025-04-01,Severe
DX_002342,ADM_01468,P_02485,C34.90,Malignant neoplasm of unspecified part of bronchus or lung,primary,2024-04-06,Severe
DX_002343,ADM_01468,P_02485,K21.9,Gastro-esophageal reflux disease without esophagitis,Secondary,2024-04-06,Mild
DX_002344,ADM_01469,P_02412,N18.9,"Chronic kidney disease, unspecified",Primary,2025-03-31,Severe
DX_002345,ADM_01470,P_02412,N18.9,"Chronic kidney disease, unspecified",Primary,2025-05-04,Severe
DX_002346,ADM_01470,P_02412,F32.9,"Major depressive disorder, single episode",Secondary,2025-05-04,Moderate
DX_002347,ADM_01471,P_01056,K21.9,Gastro-esophageal reflux disease without esophagitis,Primary,2024-01-23,Mild
DX_002348,ADM_01471,P_01056,F32.9,"Major depressive disorder, single episode",secondary,2024-01-23,Moderate
DX_002349,ADM_01472,P_02579,I21.9,"Acute myocardial infarction, unspecified",Primary,2025-04-20,Severe
DX_002350,ADM_01473,P_03032,M54.5,Low back pain,Primary,2024-10-19,Mild
DX_002351,ADM_01474,P_00088,K21.9,Gastro-esophageal reflux disease without esophagitis,Primary,2025-03-12,Mild
DX_002352,ADM_01474,P_00088,J44.9,"Chronic obstructive pulmonary disease, unspecified",Secondary,2025-03-12,Severe
DX_002353,ADM_01475,P_00028,K21.9,Gastro-esophageal reflux disease without esophagitis,Primary,2024-05-13,Mild
DX_002354,ADM_01475,P_00028,M54.5,Low back pain,Secondary,2024-05-13,MILD
DX_002355,ADM_01476,P_02204,C34.90,Malignant neoplasm of unspecified part of bronchus or lung,Primary,2024-08-05,Severe
DX_002356,ADM_01476,P_02204,E11.9,Type 2 diabetes mellitus without complications,Secondary,2024-08-05,Moderate
DX_002357,ADM_01477,P_02204,C34.90,Malignant neoplasm of unspecified part of bronchus or lung,Primary,2024/09/05 00:00:00,Severe
DX_002358,ADM_01477,P_02204,I50.9,"Heart failure, unspecified",Secondary,2024-09-05,Severe
DX_002359,ADM_01478,P_03354,J44.9,"Chronic obstructive pulmonary disease, unspecified",Primary,2024-07-29,Severe
DX_002360,ADM_01478,P_03354,I21.9,"Acute myocardial infarction, unspecified",Secondary,2024-07-29,Severe
DX_002361,ADM_01479,P_03401,C34.90,Malignant neoplasm of unspecified part of bronchus or lung,Primary,2025-02-07,Severe
DX_002362,ADM_01480,P_03401,C34.90,Malignant neoplasm of unspecified part of bronchus or lung,Primary,2025-03-04,Severe
DX_002363,ADM_01480,P_03401,J44.9,"Chronic obstructive pulmonary disease, unspecified",Secondary,2025/03/04 00:00:00,Severe
DX_002364,ADM_01481,P_00082,E11.9,Type 2 diabetes mellitus without complications,Primary,2024-01-14,Moderate
DX_002365,ADM_01482,P_00082,I10,Essential (primary) hypertension,Primary,2024-02-15,Moderate
DX_002366,ADM_01482,P_00082,M54.5,Low back pain,Secondary,2024-02-15,Mild
DX_002367,ADM_01483,P_02407,A41.9,"Sepsis, unspecified organism",  Primary  ,2024-10-28,Severe
DX_002368,ADM_01484,P_02407,E11.9,Type 2 diabetes mellitus without complications,Primary,2024-11-22,Moderate
DX_002369,ADM_01485,P_00201,K21.9,Gastro-esophageal reflux disease without esophagitis,Primary,2025-03-22,Mild
DX_002370,ADM_01485,P_00201,A41.9,"Sepsis, unspecified organism",Secondary,2025-03-22,Severe
DX_002371,ADM_01486,P_01664,N18.9,"Chronic kidney disease, unspecified",Primary,2024-09-27,Severe
DX_002372,ADM_01487,P_02738,F32.9,"Major depressive disorder, single episode",Primary,2024-08-24,Moderate
DX_002373,ADM_01487,P_02738,N18.9,"Chronic kidney disease, unspecified",Secondary,2024-08-24,Severe
DX_002374,ADM_01488,P_03215,C34.90,Malignant neoplasm of unspecified part of bronchus or lung,Primary,2024-02-13,Severe
DX_002375,ADM_01488,P_03215,K21.9,Gastro-esophageal reflux disease without esophagitis,Secondary,2024-02-13,Mild
DX_002376,ADM_01489,P_02858,E11.9,Type 2 diabetes mellitus without complications,Primary,2024-09-16,Moderate
DX_002377,ADM_01490,P_02307,C34.90,Malignant neoplasm of unspecified part of bronchus or lung,Primary,2024-08-06,Severe
DX_002378,ADM_01490,P_02307,I50.9,"Heart failure, unspecified",Secondary,2024-08-06,Severe
DX_002379,ADM_01491,P_01644,F32.9,"Major depressive disorder, single episode",  Primary  ,2024-08-10,Moderate
DX_002380,ADM_01491,P_01644,J18.9,"Pneumonia, unspecified organism",Secondary,2024-08-10,Moderate
DX_002381,ADM_01492,P_02604,C34.90,Malignant neoplasm of unspecified part of bronchus or lung,Primary,2025-05-07,Severe
DX_002382,ADM_01492,P_02604,I10,Essential (primary) hypertension,Secondary,2025-05-07,Moderate
DX_002383,ADM_01493,P_02306,K21.9,Gastro-esophageal reflux disease without esophagitis,Primary,30-10-2024,Mild
DX_002384,ADM_01493,P_02306,J44.9,"Chronic obstructive pulmonary disease, unspecified",Secondary,2024-10-30,Severe
DX_002385,ADM_01494,P_03459,J44.9,"Chronic obstructive pulmonary disease, unspecified",Primary,2025-05-12,Severe
DX_002386,ADM_01495,P_02988,M54.5,Low back pain,Primary,04/23/2025,Mild
DX_002387,ADM_01495,P_02988,K21.9,Gastro-esophageal reflux disease without esophagitis,Secondary,2025-04-23,Mild
DX_002388,ADM_01496,P_02993,E11.9,Type 2 diabetes mellitus without complications,  Primary  ,2025-02-04,Moderate
DX_002389,ADM_01496,P_02993,J44.9,"Chronic obstructive pulmonary disease, unspecified",Secondary,2025-02-04,Severe
DX_002390,ADM_01497,P_00200,I10,Essential (primary) hypertension,Primary,2024-07-01,Moderate
DX_002391,ADM_01497,P_00200,M54.5,Low back pain,Secondary,2024-07-01,Mild
DX_002392,ADM_01498,P_02960,K21.9,Gastro-esophageal reflux disease without esophagitis,Primary,2024-08-01,Mild
DX_002393,ADM_01498,P_02960,J18.9,"Pneumonia, unspecified organism",Secondary,2024-08-01,moderate
DX_002394,ADM_01499,P_00495,I21.9,"Acute myocardial infarction, unspecified",Primary,2024-03-07,Severe
DX_002395,ADM_01499,P_00495,I50.9,"Heart failure, unspecified",Secondary,2024-03-07,Severe
DX_002396,ADM_01500,P_01074,J44.9,"Chronic obstructive pulmonary disease, unspecified",Primary,2024-08-18,Severe
DX_002397,ADM_01501,P_02488,M54.5,Low back pain,Primary,2024-07-10,Mild
DX_002398,ADM_01501,P_02488,I10,Essential (primary) hypertension,Secondary,2024-07-10,Moderate
DX_002399,ADM_01502,P_02731,F32.9,"Major depressive disorder, single episode",Primary,2024-12-01,Moderate
DX_002400,ADM_01502,P_02731,I10,Essential (primary) hypertension,Secondary,2024-12-01,Moderate
DX_002401,ADM_01503,P_01528,K21.9,Gastro-esophageal reflux disease without esophagitis,Primary,11/05/2024,Mild
DX_002402,ADM_01503,P_01528,I50.9,"Heart failure, unspecified",Secondary,2024-11-05,Severe
DX_002403,ADM_01504,P_01528,I10,Essential (primary) hypertension,Primary,2024-11-17,Moderate
DX_002404,ADM_01505,P_00148,I50.9,"Heart failure, unspecified",Primary,2024-11-09,Severe
DX_002405,ADM_01505,P_00148,F32.9,"Major depressive disorder, single episode",Secondary,2024-11-09,Moderate
DX_002406,ADM_01506,P_01042,C34.90,Malignant neoplasm of unspecified part of bronchus or lung,Primary,2024-11-23,Severe
DX_002407,ADM_01507,P_02011,C34.90,Malignant neoplasm of unspecified part of bronchus or lung,Primary,2024-10-22,Severe
DX_002408,ADM_01508,P_02357,C34.90,Malignant neoplasm of unspecified part of bronchus or lung,Primary,04/17/2024,SEVERE
DX_002409,ADM_01508,P_02357,J44.9,"Chronic obstructive pulmonary disease, unspecified",Secondary,2024-04-17,Severe
DX_002410,ADM_01509,P_02569,I10,Essential (primary) hypertension,Primary,2024-05-05,Moderate
DX_002411,ADM_01509,P_02569,N18.9,"Chronic kidney disease, unspecified",Secondary,2024-05-05,Severe
DX_002412,ADM_01510,P_00163,I10,Essential (primary) hypertension,Primary,2024-11-24,moderate
DX_002413,ADM_01511,P_03024,A41.9,"Sepsis, unspecified organism",Primary,2024-07-10,Severe
DX_002414,ADM_01511,P_03024,I50.9,"Heart failure, unspecified",Secondary,2024-07-10,Severe
DX_002415,ADM_01512,P_03024,F32.9,"Major depressive disorder, single episode",Primary,2024-08-13,Moderate
DX_002416,ADM_01513,P_00219,J18.9,"Pneumonia, unspecified organism",  Primary  ,2024-11-02,Moderate
DX_002417,ADM_01514,P_02011,J18.9,"Pneumonia, unspecified organism",Primary,2024-09-02,Moderate
DX_002418,ADM_01515,P_00646,E11.9,Type 2 diabetes mellitus without complications,Primary,2024-10-29,Moderate
DX_002419,ADM_01516,P_03056,J44.9,"Chronic obstructive pulmonary disease, unspecified",Primary,2024-03-03,  Severe  
DX_002420,ADM_01516,P_03056,I50.9,"Heart failure, unspecified",  Secondary  ,2024-03-03,Severe
DX_002421,ADM_01517,P_03280,I10,Essential (primary) hypertension,Primary,2024/03/11 00:00:00,Moderate
DX_002422,ADM_01517,P_03280,I50.9,"Heart failure, unspecified",Secondary,2024-03-11,Severe
DX_002423,ADM_01518,P_01885,I50.9,"Heart failure, unspecified",Primary,2024-08-08,Severe
DX_002424,ADM_01518,P_01885,N18.9,"Chronic kidney disease, unspecified",Secondary,2024-08-08,Severe
DX_002425,ADM_01519,P_01001,I50.9,"Heart failure, unspecified",Primary,2024-11-29,Severe
DX_002426,ADM_01519,P_01001,I21.9,"Acute myocardial infarction, unspecified",Secondary,2024-11-29,Severe
DX_002427,ADM_01520,P_01001,J44.9,"Chronic obstructive pulmonary disease, unspecified",Primary,2024-12-30,Severe
DX_002428,ADM_01520,P_01001,A41.9,"Sepsis, unspecified organism",Secondary,2024-12-30,Severe
DX_002429,ADM_01521,P_02639,F32.9,"Major depressive disorder, single episode",Primary,2024-06-10,Moderate
DX_002430,ADM_01522,P_02028,J18.9,"Pneumonia, unspecified organism",Primary,2025-02-03,Moderate
DX_002431,ADM_01522,P_02028,E11.9,Type 2 diabetes mellitus without complications,Secondary,2025/02/03 00:00:00,Moderate
DX_002432,ADM_01523,P_00835,I50.9,"Heart failure, unspecified",Primary,2025-04-13,Severe
DX_002433,ADM_01524,P_00835,I21.9,"Acute myocardial infarction, unspecified",Primary,2025-05-03,Severe
DX_002434,ADM_01524,P_00835,M54.5,Low back pain,Secondary,2025-05-03,Mild
DX_002435,ADM_01525,P_01015,I50.9,"Heart failure, unspecified",Primary,04/18/2025,Severe
DX_002436,ADM_01525,P_01015,C34.90,Malignant neoplasm of unspecified part of bronchus or lung,Secondary,2025-04-18,Severe
DX_002437,ADM_01526,P_02028,M54.5,Low back pain,Primary,2024-01-17,Mild
DX_002438,ADM_01527,P_01882,M54.5,Low back pain,Primary,2024-01-26,Mild
DX_002439,ADM_01527,P_01882,F32.9,"Major depressive disorder, single episode",Secondary,2024-01-26,Moderate
DX_002440,ADM_01528,P_03225,K21.9,Gastro-esophageal reflux disease without esophagitis,Primary,2024-07-13,Mild
DX_002441,ADM_01529,P_02637,F32.9,"Major depressive disorder, single episode",Primary,2024-08-01,Moderate
DX_002442,ADM_01530,P_00818,I50.9,"Heart failure, unspecified",Primary,2024-02-21,Severe
DX_002443,ADM_01530,P_00818,C34.90,Malignant neoplasm of unspecified part of bronchus or lung,Secondary,2024-02-21,Severe
DX_002444,ADM_01531,P_03240,F32.9,"Major depressive disorder, single episode",Primary,2025-05-14,Moderate
DX_002445,ADM_01532,P_03240,J44.9,"Chronic obstructive pulmonary disease, unspecified",Primary,2025-06-02,Severe
DX_002446,ADM_01532,P_03240,M54.5,Low back pain,Secondary,2025-06-02,Mild
DX_002447,ADM_01533,P_03109,K21.9,Gastro-esophageal reflux disease without esophagitis,Primary,2024-04-26,Mild
DX_002448,ADM_01533,P_03109,N18.9,"Chronic kidney disease, unspecified",Secondary,2024-04-26,SEVERE
DX_002449,ADM_01534,P_03109,N18.9,"Chronic kidney disease, unspecified",Primary,2024-06-03,Severe
DX_002450,ADM_01535,P_00248,F32.9,"Major depressive disorder, single episode",Primary,2024-01-09,Moderate
DX_002451,ADM_01535,P_00248,M54.5,Low back pain,Secondary,2024-01-09,Mild
DX_002452,ADM_01536,P_03067,N18.9,"Chronic kidney disease, unspecified",Primary,2024-08-30,Severe
DX_002453,ADM_01536,P_03067,M54.5,Low back pain,Secondary,2024-08-30,Mild
DX_002454,ADM_01537,P_00616,J44.9,"Chronic obstructive pulmonary disease, unspecified",Primary,2025-04-16,Severe
DX_002455,ADM_01538,P_02069,K21.9,Gastro-esophageal reflux disease without esophagitis,Primary,2025-03-25,  Mild  
DX_002456,ADM_01538,P_02069,N18.9,"Chronic kidney disease, unspecified",Secondary,2025-03-25,Severe
DX_002457,ADM_01539,P_02550,A41.9,"Sepsis, unspecified organism",Primary,2024/04/19 00:00:00,Severe
DX_002458,ADM_01540,P_02571,F32.9,"Major depressive disorder, single episode",Primary,2024/05/05 00:00:00,Moderate
DX_002459,ADM_01541,P_00861,I21.9,"Acute myocardial infarction, unspecified",Primary,2024-06-06,Severe
DX_002460,ADM_01542,P_00861,E11.9,Type 2 diabetes mellitus without complications,Primary,2024-06-23,Moderate
DX_002461,ADM_01542,P_00861,F32.9,"Major depressive disorder, single episode",Secondary,23-06-2024,Moderate
DX_002462,ADM_01543,P_02046,J44.9,"Chronic obstructive pulmonary disease, unspecified",Primary,2025-03-13,Severe
DX_002463,ADM_01543,P_02046,A41.9,"Sepsis, unspecified organism",Secondary,2025-03-13,Severe
DX_002464,ADM_01544,P_00218,F32.9,"Major depressive disorder, single episode",Primary,2025-03-21,Moderate
DX_002465,ADM_01544,P_00218,I50.9,"Heart failure, unspecified",Secondary,2025-03-21,severe
DX_002466,ADM_01545,P_02815,I10,Essential (primary) hypertension,Primary,2024-07-15,Moderate
DX_002467,ADM_01546,P_01325,F32.9,"Major depressive disorder, single episode",Primary,2024-08-01,Moderate
DX_002468,ADM_01546,P_01325,C34.90,Malignant neoplasm of unspecified part of bronchus or lung,Secondary,2024-08-01,Severe
DX_002469,ADM_01547,P_00506,I50.9,"Heart failure, unspecified",Primary,2024-06-23,Severe
DX_002470,ADM_01547,P_00506,J18.9,"Pneumonia, unspecified organism",Secondary,2024-06-23,Moderate
DX_002471,ADM_01548,P_00695,E11.9,Type 2 diabetes mellitus without complications,Primary,2024-12-05,Moderate
DX_002472,ADM_01548,P_00695,I21.9,"Acute myocardial infarction, unspecified",Secondary,2024-12-05,  Severe  
DX_002473,ADM_01549,P_03427,E11.9,Type 2 diabetes mellitus without complications,Primary,2025-01-19,Moderate
DX_002474,ADM_01550,P_01132,E11.9,Type 2 diabetes mellitus without complications,Primary,2024-07-15,Moderate
DX_002475,ADM_01551,P_01132,A41.9,"Sepsis, unspecified organism",Primary,2024-08-01,Severe
DX_002476,ADM_01551,P_01132,K21.9,Gastro-esophageal reflux disease without esophagitis,Secondary,2024-08-01,Mild
DX_002477,ADM_01552,P_01062,I50.9,"Heart failure, unspecified",Primary,2024-12-16,Severe
DX_002478,ADM_01553,P_01062,I10,Essential (primary) hypertension,Primary,2025-01-16,Moderate
DX_002479,ADM_01554,P_02338,I10,Essential (primary) hypertension,Primary,2025-03-12,Moderate
DX_002480,ADM_01555,P_01465,N18.9,"Chronic kidney disease, unspecified",Primary,2024-07-19,Severe
DX_002481,ADM_01555,P_01465,K21.9,Gastro-esophageal reflux disease without esophagitis,Secondary,2024-07-19,Mild
DX_002482,ADM_01556,P_02591,I10,Essential (primary) hypertension,Primary,2025-01-13,Moderate
DX_002483,ADM_01557,P_01193,N18.9,"Chronic kidney disease, unspecified",Primary,2024-09-06,Severe
DX_002484,ADM_01557,P_01193,J44.9,"Chronic obstructive pulmonary disease, unspecified",Secondary,2024-09-06,Severe
DX_002485,ADM_01558,P_00171,M54.5,Low back pain,Primary,2024-06-21,Mild
DX_002486,ADM_01558,P_00171,A41.9,"Sepsis, unspecified organism",Secondary,2024-06-21,Severe
DX_002487,ADM_01559,P_02166,J44.9,"Chronic obstructive pulmonary disease, unspecified",Primary,2024-05-18,Severe
DX_002488,ADM_01559,P_02166,C34.90,Malignant neoplasm of unspecified part of bronchus or lung,Secondary,2024-05-18,Severe
DX_002489,ADM_01560,P_01781,I10,Essential (primary) hypertension,Primary,2024-07-03,Moderate
DX_002490,ADM_01560,P_01781,I21.9,"Acute myocardial infarction, unspecified",Secondary,2024-07-03,SEVERE
DX_002491,ADM_01561,P_01781,N18.9,"Chronic kidney disease, unspecified",Primary,2024-07-27,Severe
DX_002492,ADM_01562,P_00276,A41.9,"Sepsis, unspecified organism",Primary,2025-04-08,Severe
DX_002493,ADM_01562,P_00276,E11.9,Type 2 diabetes mellitus without complications,Secondary,2025-04-08,Moderate
DX_002494,ADM_01563,P_00276,K21.9,Gastro-esophageal reflux disease without esophagitis,Primary,2025-04-27,Mild
DX_002495,ADM_01563,P_00276,M54.5,Low back pain,secondary,2025-04-27,Mild
DX_002496,ADM_01564,P_02510,I21.9,"Acute myocardial infarction, unspecified",Primary,2024-12-07,Severe
DX_002497,ADM_01564,P_02510,C34.90,Malignant neoplasm of unspecified part of bronchus or lung,Secondary,2024-12-07,Severe
DX_002498,ADM_01565,P_02318,K21.9,Gastro-esophageal reflux disease without esophagitis,Primary,2024-12-26,Mild
DX_002499,ADM_01566,P_02428,N18.9,"Chronic kidney disease, unspecified",Primary,2024-03-28,Severe
DX_002500,ADM_01567,P_02635,F32.9,"Major depressive disorder, single episode",PRIMARY,2024-11-29,Moderate
DX_002501,ADM_01568,P_02489,J18.9,"Pneumonia, unspecified organism",Primary,2024-09-14,moderate
DX_002502,ADM_01569,P_03077,E11.9,Type 2 diabetes mellitus without complications,  Primary  ,2024-04-20,Moderate
DX_002503,ADM_01570,P_02881,A41.9,"Sepsis, unspecified organism",Primary,2025-04-06,  Severe  
DX_002504,ADM_01571,P_02881,I50.9,"Heart failure, unspecified",  Primary  ,2025-04-17,Severe
DX_002505,ADM_01571,P_02881,I21.9,"Acute myocardial infarction, unspecified",Secondary,2025-04-17,severe
DX_002506,ADM_01572,P_01317,E11.9,Type 2 diabetes mellitus without complications,Primary,2024-01-03,Moderate
DX_002507,ADM_01572,P_01317,I10,Essential (primary) hypertension,Secondary,2024-01-03,Moderate
DX_002508,ADM_01573,P_02911,C34.90,Malignant neoplasm of unspecified part of bronchus or lung,Primary,2024-02-25,Severe
DX_002509,ADM_01573,P_02911,A41.9,"Sepsis, unspecified organism",Secondary,2024-02-25,Severe
DX_002510,ADM_01574,P_00212,N18.9,"Chronic kidney disease, unspecified",Primary,2025-04-06,Severe
DX_002511,ADM_01574,P_00212,I50.9,"Heart failure, unspecified",Secondary,2025-04-06,Severe
DX_002512,ADM_01575,P_00212,M54.5,Low back pain,Primary,2025-04-28,Mild
DX_002513,ADM_01575,P_00212,J44.9,"Chronic obstructive pulmonary disease, unspecified",Secondary,2025-04-28,Severe
DX_002514,ADM_01576,P_02133,J44.9,"Chronic obstructive pulmonary disease, unspecified",Primary,2024-07-25,Severe
DX_002515,ADM_01576,P_02133,K21.9,Gastro-esophageal reflux disease without esophagitis,Secondary,2024-07-25,Mild
DX_002516,ADM_01577,P_02831,I21.9,"Acute myocardial infarction, unspecified",Primary,2024-03-16,Severe
DX_002517,ADM_01577,P_02831,J18.9,"Pneumonia, unspecified organism",Secondary,2024-03-16,Moderate
DX_002518,ADM_01578,P_00511,J44.9,"Chronic obstructive pulmonary disease, unspecified",Primary,2024-12-04,Severe
DX_002519,ADM_01578,P_00511,I21.9,"Acute myocardial infarction, unspecified",Secondary,2024-12-04,Severe
DX_002520,ADM_01579,P_00417,I50.9,"Heart failure, unspecified",Primary,2024-06-08,Severe
DX_002521,ADM_01579,P_00417,E11.9,Type 2 diabetes mellitus without complications,Secondary,2024-06-08,Moderate
DX_002522,ADM_01580,P_00417,K21.9,Gastro-esophageal reflux disease without esophagitis,Primary,2024-06-28,Mild
DX_002523,ADM_01580,P_00417,F32.9,"Major depressive disorder, single episode",Secondary,2024-06-28,Moderate
DX_002524,ADM_01581,P_03260,F32.9,"Major depressive disorder, single episode",Primary,2025-01-03,Moderate
DX_002525,ADM_01581,P_03260,E11.9,Type 2 diabetes mellitus without complications,Secondary,2025-01-03,Moderate
DX_002526,ADM_01582,P_03260,K21.9,Gastro-esophageal reflux disease without esophagitis,Primary,2025-01-22,Mild
DX_002527,ADM_01582,P_03260,N18.9,"Chronic kidney disease, unspecified",secondary,2025-01-22,severe
DX_002528,ADM_01583,P_02120,C34.90,Malignant neoplasm of unspecified part of bronchus or lung,Primary,2025/03/27 00:00:00,Severe
DX_002529,ADM_01583,P_02120,F32.9,"Major depressive disorder, single episode",Secondary,2025-03-27,Moderate
DX_002530,ADM_01584,P_02186,N18.9,"Chronic kidney disease, unspecified",Primary,2025-03-30,Severe
DX_002531,ADM_01585,P_01027,E11.9,Type 2 diabetes mellitus without complications,primary,2025-01-07,Moderate
DX_002532,ADM_01586,P_03010,J44.9,"Chronic obstructive pulmonary disease, unspecified",Primary,2024-07-21,Severe
DX_002533,ADM_01587,P_03010,I21.9,"Acute myocardial infarction, unspecified",Primary,2024-08-11,Severe
DX_002534,ADM_01587,P_03010,E11.9,Type 2 diabetes mellitus without complications,Secondary,08/11/2024,Moderate
DX_002535,ADM_01588,P_00648,I10,Essential (primary) hypertension,Primary,2024-03-12,Moderate
DX_002536,ADM_01589,P_03104,I21.9,"Acute myocardial infarction, unspecified",Primary,2024-03-22,Severe
DX_002537,ADM_01590,P_00162,J18.9,"Pneumonia, unspecified organism",Primary,2024-08-30,Moderate
DX_002538,ADM_01590,P_00162,C34.90,Malignant neoplasm of unspecified part of bronchus or lung,Secondary,2024-08-30,Severe
DX_002539,ADM_01591,P_02536,J18.9,"Pneumonia, unspecified organism",Primary,2024-11-29,Moderate
DX_002540,ADM_01592,P_02417,E11.9,Type 2 diabetes mellitus without complications,Primary,2024-09-09,Moderate
DX_002541,ADM_01592,P_02417,I21.9,"Acute myocardial infarction, unspecified",Secondary,2024-09-09,Severe
DX_002542,ADM_01593,P_02902,E11.9,Type 2 diabetes mellitus without complications,Primary,2025-04-10,Moderate
DX_002543,ADM_01594,P_02871,I10,Essential (primary) hypertension,PRIMARY,2024-09-06,Moderate
DX_002544,ADM_01594,P_02871,M54.5,Low back pain,Secondary,2024-09-06,Mild
DX_002545,ADM_01595,P_00732,I10,Essential (primary) hypertension,PRIMARY,2025-03-07,  Moderate  
DX_002546,ADM_01595,P_00732,K21.9,Gastro-esophageal reflux disease without esophagitis,Secondary,2025-03-07,Mild
DX_002547,ADM_01596,P_00896,I50.9,"Heart failure, unspecified",Primary,2025-03-27,Severe
DX_002548,ADM_01597,P_02818,A41.9,"Sepsis, unspecified organism",Primary,2024-12-31,Severe
DX_002549,ADM_01598,P_01162,K21.9,Gastro-esophageal reflux disease without esophagitis,Primary,2025-02-15,Mild
DX_002550,ADM_01598,P_01162,I21.9,"Acute myocardial infarction, unspecified",Secondary,2025-02-15,Severe
DX_002551,ADM_01599,P_01771,I21.9,"Acute myocardial infarction, unspecified",Primary,2024-05-28,Severe
DX_002552,ADM_01599,P_01771,N18.9,"Chronic kidney disease, unspecified",Secondary,2024-05-28,Severe
DX_002553,ADM_01600,P_02179,I10,Essential (primary) hypertension,primary,2024-12-09,Moderate
DX_002554,ADM_01600,P_02179,I50.9,"Heart failure, unspecified",Secondary,2024-12-09,Severe
DX_002555,ADM_01601,P_02179,C34.90,Malignant neoplasm of unspecified part of bronchus or lung,Primary,2025-01-10,Severe
DX_002556,ADM_01601,P_02179,K21.9,Gastro-esophageal reflux disease without esophagitis,Secondary,2025-01-10,Mild
DX_002557,ADM_01602,P_03087,I50.9,"Heart failure, unspecified",Primary,2024-10-24,Severe
DX_002558,ADM_01603,P_03087,K21.9,Gastro-esophageal reflux disease without esophagitis,  Primary  ,2024-11-05,mild
DX_002559,ADM_01603,P_03087,M54.5,Low back pain,Secondary,2024-11-05,Mild
DX_002560,ADM_01604,P_02259,K21.9,Gastro-esophageal reflux disease without esophagitis,Primary,2025-02-11,Mild
DX_002561,ADM_01604,P_02259,F32.9,"Major depressive disorder, single episode",Secondary,2025-02-11,Moderate
DX_002562,ADM_01605,P_01562,E11.9,Type 2 diabetes mellitus without complications,Primary,2025-05-11,Moderate
DX_002563,ADM_01605,P_01562,A41.9,"Sepsis, unspecified organism",Secondary,2025-05-11,Severe
DX_002564,ADM_01606,P_01562,J44.9,"Chronic obstructive pulmonary disease, unspecified",Primary,2025-06-06,Severe
DX_002565,ADM_01606,P_01562,C34.90,Malignant neoplasm of unspecified part of bronchus or lung,Secondary,2025-06-06,Severe
DX_002566,ADM_01607,P_02114,F32.9,"Major depressive disorder, single episode",Primary,2024-09-01,Moderate
DX_002567,ADM_01607,P_02114,M54.5,Low back pain,Secondary,2024-09-01,Mild
DX_002568,ADM_01608,P_01124,F32.9,"Major depressive disorder, single episode",Primary,2024-11-29,Moderate
DX_002569,ADM_01609,P_01871,M54.5,Low back pain,Primary,2024-02-10,Mild
DX_002570,ADM_01610,P_01871,F32.9,"Major depressive disorder, single episode",Primary,2024-03-11,Moderate
DX_002571,ADM_01610,P_01871,A41.9,"Sepsis, unspecified organism",Secondary,2024-03-11,Severe
DX_002572,ADM_01611,P_02972,I50.9,"Heart failure, unspecified",Primary,2024-12-15,Severe
DX_002573,ADM_01612,P_02666,F32.9,"Major depressive disorder, single episode",Primary,2024-06-12,Moderate
DX_002574,ADM_01612,P_02666,M54.5,Low back pain,Secondary,2024-06-12,Mild
DX_002575,ADM_01613,P_00234,A41.9,"Sepsis, unspecified organism",Primary,2024-01-04,Severe
DX_002576,ADM_01614,P_00014,C34.90,Malignant neoplasm of unspecified part of bronchus or lung,Primary,2024-09-02,Severe
DX_002577,ADM_01614,P_00014,E11.9,Type 2 diabetes mellitus without complications,Secondary,2024-09-02,Moderate
DX_002578,ADM_01615,P_03172,I10,Essential (primary) hypertension,  Primary  ,2024-10-16,Moderate
DX_002579,ADM_01616,P_03246,C34.90,Malignant neoplasm of unspecified part of bronchus or lung,Primary,2024-04-11,Severe
DX_002580,ADM_01617,P_01705,M54.5,Low back pain,Primary,2024-03-05,Mild
DX_002581,ADM_01617,P_01705,I10,Essential (primary) hypertension,Secondary,2024-03-05,Moderate
DX_002582,ADM_01618,P_00048,A41.9,"Sepsis, unspecified organism",Primary,2025-04-11,Severe
DX_002583,ADM_01618,P_00048,J44.9,"Chronic obstructive pulmonary disease, unspecified",Secondary,2025-04-11,Severe
DX_002584,ADM_01619,P_03372,F32.9,"Major depressive disorder, single episode",Primary,2024-10-09,Moderate
DX_002585,ADM_01619,P_03372,E11.9,Type 2 diabetes mellitus without complications,Secondary,2024-10-09,Moderate
DX_002586,ADM_01620,P_00702,I50.9,"Heart failure, unspecified",Primary,2025-04-05,Severe
DX_002587,ADM_01620,P_00702,E11.9,Type 2 diabetes mellitus without complications,secondary,2025-04-05,Moderate
DX_002588,ADM_01621,P_00804,C34.90,Malignant neoplasm of unspecified part of bronchus or lung,Primary,2024-12-28,Severe
DX_002589,ADM_01621,P_00804,F32.9,"Major depressive disorder, single episode",Secondary,2024-12-28,Moderate
DX_002590,ADM_01622,P_00804,J44.9,"Chronic obstructive pulmonary disease, unspecified",Primary,2025-01-06,Severe
DX_002591,ADM_01622,P_00804,E11.9,Type 2 diabetes mellitus without complications,Secondary,2025-01-06,Moderate
DX_002592,ADM_01623,P_01694,C34.90,Malignant neoplasm of unspecified part of bronchus or lung,Primary,2024-12-03,severe
DX_002593,ADM_01623,P_01694,I50.9,"Heart failure, unspecified",Secondary,2024-12-03,Severe
DX_002594,ADM_01624,P_00408,I10,Essential (primary) hypertension,Primary,2024-11-01,Moderate
DX_002595,ADM_01624,P_00408,J18.9,"Pneumonia, unspecified organism",Secondary,2024-11-01,Moderate
DX_002596,ADM_01625,P_02755,N18.9,"Chronic kidney disease, unspecified",  Primary  ,2025-05-15,Severe
DX_002597,ADM_01625,P_02755,F32.9,"Major depressive disorder, single episode",Secondary,15-05-2025,Moderate
DX_002598,ADM_01626,P_01647,F32.9,"Major depressive disorder, single episode",Primary,2025-01-10,Moderate
DX_002599,ADM_01627,P_01032,N18.9,"Chronic kidney disease, unspecified",Primary,2024-09-08,Severe
DX_002600,ADM_01627,P_01032,K21.9,Gastro-esophageal reflux disease without esophagitis,Secondary,2024-09-08,Mild
DX_002601,ADM_01628,P_00584,I21.9,"Acute myocardial infarction, unspecified",  Primary  ,2024-05-01,Severe
DX_002602,ADM_01628,P_00584,N18.9,"Chronic kidney disease, unspecified",Secondary,05/01/2024,Severe
DX_002603,ADM_01629,P_01995,I21.9,"Acute myocardial infarction, unspecified",Primary,2025-02-06,Severe
DX_002604,ADM_01630,P_01995,I10,Essential (primary) hypertension,Primary,2025-03-08,Moderate
DX_002605,ADM_01631,P_03384,E11.9,Type 2 diabetes mellitus without complications,Primary,2024-04-20,Moderate
DX_002606,ADM_01631,P_03384,M54.5,Low back pain,Secondary,2024-04-20,Mild
DX_002607,ADM_01632,P_02114,F32.9,"Major depressive disorder, single episode",Primary,2024-08-13,Moderate
DX_002608,ADM_01633,P_03343,I21.9,"Acute myocardial infarction, unspecified",Primary,2024-11-30,Severe
DX_002609,ADM_01633,P_03343,N18.9,"Chronic kidney disease, unspecified",UNKNOWN_VAL,11/30/2024,Severe
DX_002610,ADM_01634,P_01259,J18.9,"Pneumonia, unspecified organism",Primary,2025-01-14,  Moderate  
DX_002611,ADM_01634,P_01259,N18.9,"Chronic kidney disease, unspecified",Secondary,2025-01-14,Severe
DX_002612,ADM_01635,P_01259,E11.9,Type 2 diabetes mellitus without complications,Primary,2025-02-17,Moderate
DX_002613,ADM_01636,P_00290,E11.9,Type 2 diabetes mellitus without complications,Primary,13-08-2024,Moderate
DX_002614,ADM_01637,P_01001,I50.9,"Heart failure, unspecified",Primary,2025-04-01,Severe
DX_002615,ADM_01638,P_01001,I50.9,"Heart failure, unspecified",Primary,2025-04-13,Severe
DX_002616,ADM_01638,P_01001,M54.5,Low back pain,Secondary,2025-04-13,Mild
DX_002617,ADM_01639,P_00431,K21.9,Gastro-esophageal reflux disease without esophagitis,Primary,2024-09-30,Mild
DX_002618,ADM_01639,P_00431,I10,Essential (primary) hypertension,Secondary,2024-09-30,moderate
DX_002619,ADM_01640,P_00221,K21.9,Gastro-esophageal reflux disease without esophagitis,Primary,2025-01-09,Mild
DX_002620,ADM_01641,P_01063,E11.9,Type 2 diabetes mellitus without complications,Primary,2024-01-14,moderate
DX_002621,ADM_01641,P_01063,M54.5,Low back pain,Secondary,14-01-2024,Mild
DX_002622,ADM_01642,P_02087,F32.9,"Major depressive disorder, single episode",Primary,2024-05-04,Moderate
DX_002623,ADM_01643,P_02087,K21.9,Gastro-esophageal reflux disease without esophagitis,Primary,2024-05-13,Mild
DX_002624,ADM_01643,P_02087,I21.9,"Acute myocardial infarction, unspecified",Secondary,2024-05-13,Severe
DX_002625,ADM_01644,P_00154,A41.9,"Sepsis, unspecified organism",Primary,2024-03-07,Severe
DX_002626,ADM_01645,P_02894,A41.9,"Sepsis, unspecified organism",Primary,2024-01-13,Severe
DX_002627,ADM_01646,P_02121,I21.9,"Acute myocardial infarction, unspecified",Primary,2025-05-12,Severe
DX_002628,ADM_01646,P_02121,J44.9,"Chronic obstructive pulmonary disease, unspecified",Secondary,2025-05-12,Severe
DX_002629,ADM_01647,P_01928,F32.9,"Major depressive disorder, single episode",UNKNOWN_VAL,2024-08-16,Moderate
DX_002630,ADM_01647,P_01928,I21.9,"Acute myocardial infarction, unspecified",Secondary,2024-08-16,Severe
DX_002631,ADM_01648,P_03111,E11.9,Type 2 diabetes mellitus without complications,Primary,2024-05-24,Moderate
DX_002632,ADM_01648,P_03111,I21.9,"Acute myocardial infarction, unspecified",Secondary,2024-05-24,Severe
DX_002633,ADM_01649,P_00045,K21.9,Gastro-esophageal reflux disease without esophagitis,Primary,2024-12-06,Mild
DX_002634,ADM_01649,P_00045,A41.9,"Sepsis, unspecified organism",Secondary,2024-12-06,Severe
DX_002635,ADM_01650,P_02639,J44.9,"Chronic obstructive pulmonary disease, unspecified",Primary,2024-12-06,Severe
DX_002636,ADM_01650,P_02639,J18.9,"Pneumonia, unspecified organism",Secondary,2024-12-06,Moderate
DX_002637,ADM_01651,P_01257,N18.9,"Chronic kidney disease, unspecified",Primary,2024-03-07,Severe
DX_002638,ADM_01652,P_03297,I10,Essential (primary) hypertension,primary,2024-05-30,Moderate
DX_002639,ADM_01652,P_03297,F32.9,"Major depressive disorder, single episode",Secondary,2024-05-30,Moderate
DX_002640,ADM_01653,P_02577,J44.9,"Chronic obstructive pulmonary disease, unspecified",Primary,2024-02-26,Severe
DX_002641,ADM_01654,P_01368,N18.9,"Chronic kidney disease, unspecified",Primary,2024-10-19,Severe
DX_002642,ADM_01654,P_01368,F32.9,"Major depressive disorder, single episode",Secondary,2024-10-19,Moderate
DX_002643,ADM_01655,P_03113,J44.9,"Chronic obstructive pulmonary disease, unspecified",Primary,2024-12-16,Severe
DX_002644,ADM_01655,P_03113,N18.9,"Chronic kidney disease, unspecified",Secondary,2024-12-16,Severe
DX_002645,ADM_01656,P_01464,I21.9,"Acute myocardial infarction, unspecified",Primary,2025-01-21,Severe
DX_002646,ADM_01656,P_01464,I50.9,"Heart failure, unspecified",SECONDARY,2025-01-21,Severe
DX_002647,ADM_01657,P_02004,A41.9,"Sepsis, unspecified organism",Primary,2025-02-10,Severe
DX_002648,ADM_01658,P_03131,J44.9,"Chronic obstructive pulmonary disease, unspecified",Primary,2025-04-01,Severe
DX_002649,ADM_01658,P_03131,A41.9,"Sepsis, unspecified organism",Secondary,2025-04-01,Severe
DX_002650,ADM_01659,P_02035,E11.9,Type 2 diabetes mellitus without complications,  Primary  ,2025-04-08,Moderate
DX_002651,ADM_01659,P_02035,C34.90,Malignant neoplasm of unspecified part of bronchus or lung,SECONDARY,2025-04-08,Severe
DX_002652,ADM_01660,P_01951,N18.9,"Chronic kidney disease, unspecified",Primary,2025-04-14,Severe
DX_002653,ADM_01660,P_01951,J18.9,"Pneumonia, unspecified organism",Secondary,2025-04-14,moderate
DX_002654,ADM_01661,P_01951,E11.9,Type 2 diabetes mellitus without complications,Primary,2025-05-11,Moderate
DX_002655,ADM_01661,P_01951,I50.9,"Heart failure, unspecified",Secondary,2025-05-11,Severe
DX_002656,ADM_01662,P_00528,I50.9,"Heart failure, unspecified",Primary,2024-11-06,Severe
DX_002657,ADM_01662,P_00528,A41.9,"Sepsis, unspecified organism",Secondary,2024-11-06,Severe
DX_002658,ADM_01663,P_00915,I10,Essential (primary) hypertension,Primary,08/21/2024,Moderate
DX_002659,ADM_01663,P_00915,E11.9,Type 2 diabetes mellitus without complications,Secondary,2024-08-21,moderate
DX_002660,ADM_01664,P_01138,C34.90,Malignant neoplasm of unspecified part of bronchus or lung,Primary,2024-08-31,severe
DX_002661,ADM_01665,P_01138,K21.9,Gastro-esophageal reflux disease without esophagitis,Primary,2024-09-18,Mild
DX_002662,ADM_01666,P_03029,F32.9,"Major depressive disorder, single episode",Primary,2024-07-28,Moderate
DX_002663,ADM_01667,P_02643,I50.9,"Heart failure, unspecified",Primary,2025-02-28,Severe
DX_002664,ADM_01668,P_02643,J44.9,"Chronic obstructive pulmonary disease, unspecified",Primary,2025-03-31,Severe
DX_002665,ADM_01668,P_02643,I21.9,"Acute myocardial infarction, unspecified",Secondary,2025-03-31,Severe
DX_002666,ADM_01669,P_02043,J18.9,"Pneumonia, unspecified organism",Primary,2024-12-02,Moderate
DX_002667,ADM_01670,P_00165,I21.9,"Acute myocardial infarction, unspecified",Primary,2024-11-16,Severe
DX_002668,ADM_01670,P_00165,J18.9,"Pneumonia, unspecified organism",Secondary,2024-11-16,Moderate
DX_002669,ADM_01671,P_01985,F32.9,"Major depressive disorder, single episode",Primary,2024/09/18 00:00:00,Moderate
DX_002670,ADM_01672,P_01985,C34.90,Malignant neoplasm of unspecified part of bronchus or lung,Primary,2024-10-17,Severe
DX_002671,ADM_01673,P_01333,A41.9,"Sepsis, unspecified organism",Primary,2024-12-04,Severe
DX_002672,ADM_01673,P_01333,N18.9,"Chronic kidney disease, unspecified",Secondary,2024-12-04,Severe
DX_002673,ADM_01674,P_01143,M54.5,Low back pain,Primary,2024-11-03,Mild
DX_002674,ADM_01674,P_01143,J18.9,"Pneumonia, unspecified organism",  Secondary  ,2024-11-03,Moderate
DX_002675,ADM_01675,P_01836,C34.90,Malignant neoplasm of unspecified part of bronchus or lung,Primary,2024-12-11,Severe
DX_002676,ADM_01675,P_01836,J44.9,"Chronic obstructive pulmonary disease, unspecified",secondary,2024-12-11,Severe
DX_002677,ADM_01676,P_01836,K21.9,Gastro-esophageal reflux disease without esophagitis,Primary,2025-01-04,Mild
DX_002678,ADM_01676,P_01836,J18.9,"Pneumonia, unspecified organism",Secondary,2025-01-04,Moderate
DX_002679,ADM_01677,P_03472,K21.9,Gastro-esophageal reflux disease without esophagitis,Primary,2025-04-03,Mild
DX_002680,ADM_01678,P_03027,C34.90,Malignant neoplasm of unspecified part of bronchus or lung,Primary,2025-05-08,Severe
DX_002681,ADM_01678,P_03027,A41.9,"Sepsis, unspecified organism",Secondary,2025-05-08,Severe
DX_002682,ADM_01679,P_03027,K21.9,Gastro-esophageal reflux disease without esophagitis,Primary,2025-06-04,Mild
DX_002683,ADM_01679,P_03027,M54.5,Low back pain,Secondary,2025-06-04,Mild
DX_002684,ADM_01680,P_00762,K21.9,Gastro-esophageal reflux disease without esophagitis,Primary,2024-12-17,Mild
DX_002685,ADM_01680,P_00762,J18.9,"Pneumonia, unspecified organism",secondary,2024-12-17,Moderate
DX_002686,ADM_01681,P_00762,M54.5,Low back pain,Primary,2025-01-10,Mild
DX_002687,ADM_01682,P_00898,E11.9,Type 2 diabetes mellitus without complications,Primary,2024-05-16,Moderate
DX_002688,ADM_01683,P_01844,E11.9,Type 2 diabetes mellitus without complications,Primary,2024/12/28 00:00:00,Moderate
DX_002689,ADM_01683,P_01844,F32.9,"Major depressive disorder, single episode",Secondary,2024-12-28,Moderate
DX_002690,ADM_01684,P_02062,I10,Essential (primary) hypertension,Primary,2024/10/02 00:00:00,Moderate
DX_002691,ADM_01684,P_02062,C34.90,Malignant neoplasm of unspecified part of bronchus or lung,Secondary,2024-10-02,SEVERE
DX_002692,ADM_01685,P_00675,I10,Essential (primary) hypertension,Primary,2025-05-14,Moderate
DX_002693,ADM_01686,P_00129,A41.9,"Sepsis, unspecified organism",Primary,2024-08-21,  Severe  
DX_002694,ADM_01686,P_00129,I21.9,"Acute myocardial infarction, unspecified",Secondary,2024-08-21,Severe
DX_002695,ADM_01687,P_01136,I50.9,"Heart failure, unspecified",Primary,2025/01/28 00:00:00,Severe
DX_002696,ADM_01688,P_00279,I21.9,"Acute myocardial infarction, unspecified",Primary,2025-02-04,Severe
DX_002697,ADM_01688,P_00279,C34.90,Malignant neoplasm of unspecified part of bronchus or lung,Secondary,2025-02-04,Severe
DX_002698,ADM_01689,P_01817,I21.9,"Acute myocardial infarction, unspecified",Primary,2024-12-08,Severe
DX_002699,ADM_01690,P_01145,K21.9,Gastro-esophageal reflux disease without esophagitis,Primary,04/27/2025,mild
DX_002700,ADM_01690,P_01145,J18.9,"Pneumonia, unspecified organism",Secondary,2025-04-27,Moderate
DX_002701,ADM_01691,P_02261,J44.9,"Chronic obstructive pulmonary disease, unspecified",Primary,2024-07-28,Severe
DX_002702,ADM_01691,P_02261,M54.5,Low back pain,SECONDARY,2024-07-28,Mild
DX_002703,ADM_01692,P_00611,E11.9,Type 2 diabetes mellitus without complications,Primary,2024-03-05,Moderate
DX_002704,ADM_01692,P_00611,N18.9,"Chronic kidney disease, unspecified",Secondary,2024-03-05,Severe
DX_002705,ADM_01693,P_02039,I50.9,"Heart failure, unspecified",Primary,2024-12-22,Severe
DX_002706,ADM_01693,P_02039,A41.9,"Sepsis, unspecified organism",Secondary,2024-12-22,SEVERE
DX_002707,ADM_01694,P_00337,A41.9,"Sepsis, unspecified organism",  Primary  ,2025-02-16,Severe
DX_002708,ADM_01694,P_00337,N18.9,"Chronic kidney disease, unspecified",Secondary,02/16/2025,Severe
DX_002709,ADM_01695,P_00337,F32.9,"Major depressive disorder, single episode",Primary,2025-02-25,Moderate
DX_002710,ADM_01695,P_00337,I21.9,"Acute myocardial infarction, unspecified",Secondary,2025-02-25,Severe
DX_002711,ADM_01696,P_00993,K21.9,Gastro-esophageal reflux disease without esophagitis,Primary,2024-06-16,Mild
DX_002712,ADM_01696,P_00993,M54.5,Low back pain,Secondary,2024-06-16,Mild
DX_002713,ADM_01697,P_02702,A41.9,"Sepsis, unspecified organism",Primary,2024-04-24,Severe
DX_002714,ADM_01698,P_00552,C34.90,Malignant neoplasm of unspecified part of bronchus or lung,PRIMARY,2025-03-06,Severe
DX_002715,ADM_01699,P_02320,C34.90,Malignant neoplasm of unspecified part of bronchus or lung,Primary,2025-03-23,Severe
DX_002716,ADM_01700,P_03324,I10,Essential (primary) hypertension,UNKNOWN_VAL,2025-01-21,Moderate
DX_002717,ADM_01701,P_00933,I50.9,"Heart failure, unspecified",Primary,2024-02-21,Severe
DX_002718,ADM_01701,P_00933,J44.9,"Chronic obstructive pulmonary disease, unspecified",  Secondary  ,2024-02-21,Severe
DX_002719,ADM_01702,P_03034,J44.9,"Chronic obstructive pulmonary disease, unspecified",Primary,2025-04-22,Severe
DX_002720,ADM_01702,P_03034,C34.90,Malignant neoplasm of unspecified part of bronchus or lung,Secondary,2025-04-22,Severe
DX_002721,ADM_01703,P_00659,M54.5,Low back pain,Primary,2024-08-27,Mild
DX_002722,ADM_01703,P_00659,I50.9,"Heart failure, unspecified",Secondary,2024-08-27,Severe
DX_002723,ADM_01704,P_00432,J44.9,"Chronic obstructive pulmonary disease, unspecified",Primary,2024-01-31,Severe
DX_002724,ADM_01705,P_01004,E11.9,Type 2 diabetes mellitus without complications,Primary,2024-05-06,Moderate
DX_002725,ADM_01706,P_03341,I10,Essential (primary) hypertension,Primary,2024-02-19,Moderate
DX_002726,ADM_01706,P_03341,N18.9,"Chronic kidney disease, unspecified",Secondary,2024-02-19,Severe
DX_002727,ADM_01707,P_01505,I50.9,"Heart failure, unspecified",Primary,2024-02-11,Severe
DX_002728,ADM_01708,P_01007,F32.9,"Major depressive disorder, single episode",Primary,2024-05-03,Moderate
DX_002729,ADM_01708,P_01007,I50.9,"Heart failure, unspecified",Secondary,2024-05-03,Severe
DX_002730,ADM_01709,P_02986,I10,Essential (primary) hypertension,Primary,2024-06-30,Moderate
DX_002731,ADM_01709,P_02986,J18.9,"Pneumonia, unspecified organism",  Secondary  ,2024-06-30,Moderate
DX_002732,ADM_01710,P_01213,I10,Essential (primary) hypertension,Primary,2025-05-12,Moderate
DX_002733,ADM_01710,P_01213,F32.9,"Major depressive disorder, single episode",Secondary,2025-05-12,Moderate
DX_002734,ADM_01711,P_01355,K21.9,Gastro-esophageal reflux disease without esophagitis,Primary,2024-07-13,Mild
DX_002735,ADM_01711,P_01355,N18.9,"Chronic kidney disease, unspecified",  Secondary  ,2024-07-13,Severe
DX_002736,ADM_01712,P_02752,C34.90,Malignant neoplasm of unspecified part of bronchus or lung,Primary,2024-04-15,Severe
DX_002737,ADM_01713,P_00448,A41.9,"Sepsis, unspecified organism",Primary,28-02-2024,Severe
DX_002738,ADM_01713,P_00448,I10,Essential (primary) hypertension,Secondary,2024-02-28,Moderate
DX_002739,ADM_01714,P_02622,E11.9,Type 2 diabetes mellitus without complications,Primary,2024-01-15,Moderate
DX_002740,ADM_01715,P_03019,I10,Essential (primary) hypertension,Primary,2024-11-28,Moderate
DX_002741,ADM_01716,P_01477,K21.9,Gastro-esophageal reflux disease without esophagitis,Primary,2024-03-31,Mild
DX_002742,ADM_01716,P_01477,I10,Essential (primary) hypertension,Secondary,2024-03-31,Moderate
DX_002743,ADM_01717,P_01477,J44.9,"Chronic obstructive pulmonary disease, unspecified",Primary,2024-04-22,Severe
DX_002744,ADM_01718,P_01793,M54.5,Low back pain,Primary,2025-01-18,Mild
DX_002745,ADM_01718,P_01793,I10,Essential (primary) hypertension,secondary,2025-01-18,Moderate
DX_002746,ADM_01719,P_01088,A41.9,"Sepsis, unspecified organism",Primary,2024-06-10,Severe
DX_002747,ADM_01720,P_01677,I21.9,"Acute myocardial infarction, unspecified",Primary,2025-05-08,Severe
DX_002748,ADM_01720,P_01677,J18.9,"Pneumonia, unspecified organism",Secondary,2025-05-08,Moderate
DX_002749,ADM_01721,P_02339,I21.9,"Acute myocardial infarction, unspecified",Primary,2024-06-08,Severe
DX_002750,ADM_01721,P_02339,C34.90,Malignant neoplasm of unspecified part of bronchus or lung,secondary,2024-06-08,Severe
DX_002751,ADM_01722,P_02188,M54.5,Low back pain,Primary,2025-03-11,Mild
DX_002752,ADM_01723,P_03127,I21.9,"Acute myocardial infarction, unspecified",Primary,2024-10-01,Severe
DX_002753,ADM_01723,P_03127,K21.9,Gastro-esophageal reflux disease without esophagitis,Secondary,2024-10-01,Mild
DX_002754,ADM_01724,P_02949,I50.9,"Heart failure, unspecified",Primary,2024-07-07,Severe
DX_002755,ADM_01724,P_02949,E11.9,Type 2 diabetes mellitus without complications,Secondary,2024-07-07,Moderate
DX_002756,ADM_01725,P_02507,I21.9,"Acute myocardial infarction, unspecified",Primary,2025-02-22,Severe
DX_002757,ADM_01726,P_00750,E11.9,Type 2 diabetes mellitus without complications,primary,2024-03-09,Moderate
DX_002758,ADM_01726,P_00750,N18.9,"Chronic kidney disease, unspecified",Secondary,2024-03-09,Severe
DX_002759,ADM_01727,P_00943,F32.9,"Major depressive disorder, single episode",Primary,2024-09-18,Moderate
DX_002760,ADM_01727,P_00943,N18.9,"Chronic kidney disease, unspecified",Secondary,2024-09-18,Severe
DX_002761,ADM_01728,P_02575,F32.9,"Major depressive disorder, single episode",Primary,2025-03-24,Moderate
DX_002762,ADM_01729,P_01377,I50.9,"Heart failure, unspecified",Primary,2025-04-19,Severe
DX_002763,ADM_01729,P_01377,M54.5,Low back pain,Secondary,2025-04-19,Mild
DX_002764,ADM_01730,P_02037,I21.9,"Acute myocardial infarction, unspecified",Primary,2024-02-15,Severe
DX_002765,ADM_01731,P_03364,K21.9,Gastro-esophageal reflux disease without esophagitis,Primary,2025-02-17,Mild
DX_002766,ADM_01731,P_03364,I50.9,"Heart failure, unspecified",Secondary,2025-02-17,SEVERE
DX_002767,ADM_01732,P_00539,K21.9,Gastro-esophageal reflux disease without esophagitis,Primary,2024-04-02,Mild
DX_002768,ADM_01733,P_02002,A41.9,"Sepsis, unspecified organism",Primary,2024-05-09,Severe
DX_002769,ADM_01734,P_01600,E11.9,Type 2 diabetes mellitus without complications,Primary,2025-02-10,Moderate
DX_002770,ADM_01734,P_01600,F32.9,"Major depressive disorder, single episode",Secondary,2025-02-10,Moderate
DX_002771,ADM_01735,P_01157,J18.9,"Pneumonia, unspecified organism",Primary,2024-01-25,Moderate
DX_002772,ADM_01735,P_01157,M54.5,Low back pain,  Secondary  ,2024-01-25,Mild
DX_002773,ADM_01736,P_02094,C34.90,Malignant neoplasm of unspecified part of bronchus or lung,Primary,2024-07-18,Severe
DX_002774,ADM_01737,P_01874,I21.9,"Acute myocardial infarction, unspecified",Primary,2025-02-16,Severe
DX_002775,ADM_01738,P_02432,A41.9,"Sepsis, unspecified organism",Primary,2025-02-06,Severe
DX_002776,ADM_01739,P_02669,C34.90,Malignant neoplasm of unspecified part of bronchus or lung,Primary,2024-11-30,Severe
DX_002777,ADM_01739,P_02669,E11.9,Type 2 diabetes mellitus without complications,Secondary,2024-11-30,Moderate
DX_002778,ADM_01740,P_00573,J18.9,"Pneumonia, unspecified organism",Primary,2024-01-12,moderate
DX_002779,ADM_01741,P_00644,C34.90,Malignant neoplasm of unspecified part of bronchus or lung,Primary,2024-05-09,Severe
DX_002780,ADM_01741,P_00644,I21.9,"Acute myocardial infarction, unspecified",Secondary,2024-05-09,Severe
DX_002781,ADM_01742,P_00644,M54.5,Low back pain,Primary,2024-05-21,Mild
DX_002782,ADM_01743,P_03096,F32.9,"Major depressive disorder, single episode",Primary,2024-01-31,Moderate
DX_002783,ADM_01744,P_03336,A41.9,"Sepsis, unspecified organism",Primary,2024-03-13,Severe
DX_002784,ADM_01745,P_03336,E11.9,Type 2 diabetes mellitus without complications,Primary,2024-04-07,Moderate
DX_002785,ADM_01746,P_01627,N18.9,"Chronic kidney disease, unspecified",Primary,2024-07-03,Severe
DX_002786,ADM_01746,P_01627,J44.9,"Chronic obstructive pulmonary disease, unspecified",Secondary,2024-07-03,Severe
DX_002787,ADM_01747,P_02895,M54.5,Low back pain,Primary,31-05-2024,Mild
DX_002788,ADM_01748,P_00233,M54.5,Low back pain,Primary,2024-03-08,Mild
DX_002789,ADM_01748,P_00233,I10,Essential (primary) hypertension,Secondary,2024-03-08,Moderate
DX_002790,ADM_01749,P_03071,F32.9,"Major depressive disorder, single episode",Primary,2024-06-01,Moderate
DX_002791,ADM_01750,P_02176,M54.5,Low back pain,Primary,2025-04-30,Mild
DX_002792,ADM_01750,P_02176,J18.9,"Pneumonia, unspecified organism",Secondary,2025-04-30,Moderate
DX_002793,ADM_01751,P_02348,I10,Essential (primary) hypertension,Primary,2024-03-20,Moderate
DX_002794,ADM_01751,P_02348,I50.9,"Heart failure, unspecified",Secondary,2024-03-20,  Severe  
DX_002795,ADM_01752,P_03221,N18.9,"Chronic kidney disease, unspecified",PRIMARY,2024-10-29,Severe
DX_002796,ADM_01752,P_03221,I21.9,"Acute myocardial infarction, unspecified",Secondary,2024-10-29,Severe
DX_002797,ADM_01753,P_01076,E11.9,Type 2 diabetes mellitus without complications,Primary,2025-04-19,Moderate
DX_002798,ADM_01753,P_01076,I21.9,"Acute myocardial infarction, unspecified",Secondary,2025-04-19,Severe
DX_002799,ADM_01754,P_02914,F32.9,"Major depressive disorder, single episode",Primary,2024-06-30,Moderate
DX_002800,ADM_01755,P_00476,K21.9,Gastro-esophageal reflux disease without esophagitis,Primary,2024-08-17,Mild
DX_002801,ADM_01755,P_00476,A41.9,"Sepsis, unspecified organism",Secondary,17-08-2024,Severe
DX_002802,ADM_01756,P_02907,C34.90,Malignant neoplasm of unspecified part of bronchus or lung,Primary,2024-12-14,Severe
DX_002803,ADM_01756,P_02907,I10,Essential (primary) hypertension,Secondary,2024-12-14,Moderate
DX_002804,ADM_01757,P_01800,E11.9,Type 2 diabetes mellitus without complications,Primary,2024-09-27,Moderate
DX_002805,ADM_01757,P_01800,A41.9,"Sepsis, unspecified organism",Secondary,2024-09-27,Severe
DX_002806,ADM_01758,P_00097,E11.9,Type 2 diabetes mellitus without complications,Primary,2024-04-19,Moderate
DX_002807,ADM_01759,P_02727,I50.9,"Heart failure, unspecified",Primary,2024-08-31,Severe
DX_002808,ADM_01759,P_02727,I10,Essential (primary) hypertension,Secondary,2024-08-31,Moderate
DX_002809,ADM_01760,P_02911,M54.5,Low back pain,Primary,2025-01-27,Mild
DX_002810,ADM_01761,P_02984,C34.90,Malignant neoplasm of unspecified part of bronchus or lung,Primary,2024-06-21,Severe
DX_002811,ADM_01761,P_02984,J44.9,"Chronic obstructive pulmonary disease, unspecified",Secondary,2024-06-21,Severe
DX_002812,ADM_01762,P_02263,I10,Essential (primary) hypertension,Primary,2024-04-28,Moderate
DX_002813,ADM_01762,P_02263,J18.9,"Pneumonia, unspecified organism",SECONDARY,04/28/2024,Moderate
DX_002814,ADM_01763,P_00066,I21.9,"Acute myocardial infarction, unspecified",Primary,2024-01-04,Severe
DX_002815,ADM_01764,P_00538,F32.9,"Major depressive disorder, single episode",Primary,2025/01/02 00:00:00,Moderate
DX_002816,ADM_01765,P_02662,I50.9,"Heart failure, unspecified",Primary,2024-12-13,Severe
DX_002817,ADM_01765,P_02662,J44.9,"Chronic obstructive pulmonary disease, unspecified",Secondary,2024-12-13,severe
DX_002818,ADM_01766,P_03249,F32.9,"Major depressive disorder, single episode",Primary,2025-05-15,Moderate
DX_002819,ADM_01767,P_01721,E11.9,Type 2 diabetes mellitus without complications,Primary,2024-09-03,  Moderate  
DX_002820,ADM_01768,P_00861,N18.9,"Chronic kidney disease, unspecified",Primary,2024-12-23,Severe
DX_002821,ADM_01768,P_00861,M54.5,Low back pain,Secondary,2024-12-23,Mild
DX_002822,ADM_01769,P_01872,J44.9,"Chronic obstructive pulmonary disease, unspecified",Primary,2025-01-09,Severe
DX_002823,ADM_01769,P_01872,I21.9,"Acute myocardial infarction, unspecified",Secondary,2025-01-09,Severe
DX_002824,ADM_01770,P_02491,K21.9,Gastro-esophageal reflux disease without esophagitis,Primary,2025-01-29,Mild
DX_002825,ADM_01771,P_01412,I50.9,"Heart failure, unspecified",Primary,2024-01-22,Severe
DX_002826,ADM_01772,P_01807,M54.5,Low back pain,Primary,2024-02-04,Mild
DX_002827,ADM_01773,P_01807,J44.9,"Chronic obstructive pulmonary disease, unspecified",Primary,2024-03-03,Severe
DX_002828,ADM_01773,P_01807,C34.90,Malignant neoplasm of unspecified part of bronchus or lung,SECONDARY,2024-03-03,Severe
DX_002829,ADM_01774,P_01579,J44.9,"Chronic obstructive pulmonary disease, unspecified",Primary,2024-12-07,Severe
DX_002830,ADM_01774,P_01579,N18.9,"Chronic kidney disease, unspecified",Secondary,2024-12-07,Severe
DX_002831,ADM_01775,P_00888,I50.9,"Heart failure, unspecified",Primary,2024-02-04,Severe
DX_002832,ADM_01775,P_00888,C34.90,Malignant neoplasm of unspecified part of bronchus or lung,Secondary,2024-02-04,Severe
DX_002833,ADM_01776,P_00457,I21.9,"Acute myocardial infarction, unspecified",Primary,2024-07-01,Severe
DX_002834,ADM_01776,P_00457,N18.9,"Chronic kidney disease, unspecified",  Secondary  ,2024-07-01,Severe
DX_002835,ADM_01777,P_00797,J18.9,"Pneumonia, unspecified organism",Primary,2024-10-11,Moderate
DX_002836,ADM_01778,P_02328,N18.9,"Chronic kidney disease, unspecified",Primary,2024-01-27,  Severe  
DX_002837,ADM_01778,P_02328,I21.9,"Acute myocardial infarction, unspecified",SECONDARY,2024-01-27,severe
DX_002838,ADM_01779,P_01914,N18.9,"Chronic kidney disease, unspecified",Primary,2025-03-11,Severe
DX_002839,ADM_01780,P_01914,I50.9,"Heart failure, unspecified",Primary,2025-03-27,Severe
DX_002840,ADM_01781,P_01128,J44.9,"Chronic obstructive pulmonary disease, unspecified",Primary,2025-01-14,Severe
DX_002841,ADM_01782,P_03143,C34.90,Malignant neoplasm of unspecified part of bronchus or lung,Primary,2024-12-16,Severe
DX_002842,ADM_01783,P_02485,I10,Essential (primary) hypertension,Primary,2024-09-26,Moderate
DX_002843,ADM_01784,P_00002,I21.9,"Acute myocardial infarction, unspecified",Primary,2024-01-31,  Severe  
DX_002844,ADM_01784,P_00002,A41.9,"Sepsis, unspecified organism",Secondary,2024-01-31,Severe
DX_002845,ADM_01785,P_02684,K21.9,Gastro-esophageal reflux disease without esophagitis,Primary,2024-02-13,Mild
DX_002846,ADM_01785,P_02684,E11.9,Type 2 diabetes mellitus without complications,Secondary,2024-02-13,Moderate
DX_002847,ADM_01786,P_02140,M54.5,Low back pain,Primary,2025-03-08,Mild
DX_002848,ADM_01786,P_02140,C34.90,Malignant neoplasm of unspecified part of bronchus or lung,Secondary,2025-03-08,Severe
DX_002849,ADM_01787,P_01005,I50.9,"Heart failure, unspecified",Primary,2024-11-25,Severe
DX_002850,ADM_01787,P_01005,F32.9,"Major depressive disorder, single episode",Secondary,2024-11-25,Moderate
DX_002851,ADM_01788,P_00155,I21.9,"Acute myocardial infarction, unspecified",Primary,2024-04-30,Severe
DX_002852,ADM_01789,P_00155,I21.9,"Acute myocardial infarction, unspecified",Primary,2024-05-30,  Severe  
DX_002853,ADM_01790,P_02556,C34.90,Malignant neoplasm of unspecified part of bronchus or lung,Primary,2025-01-04,Severe
DX_002854,ADM_01791,P_01478,I21.9,"Acute myocardial infarction, unspecified",Primary,2025-02-08,Severe
DX_002855,ADM_01792,P_00057,A41.9,"Sepsis, unspecified organism",Primary,2024-09-26,Severe
DX_002856,ADM_01793,P_00013,F32.9,"Major depressive disorder, single episode",Primary,2024-05-24,Moderate
DX_002857,ADM_01794,P_00694,N18.9,"Chronic kidney disease, unspecified",Primary,2024-03-03,Severe
DX_002858,ADM_01794,P_00694,M54.5,Low back pain,Secondary,2024-03-03,Mild
DX_002859,ADM_01795,P_01818,E11.9,Type 2 diabetes mellitus without complications,Primary,2024-11-16,Moderate
DX_002860,ADM_01795,P_01818,A41.9,"Sepsis, unspecified organism",Secondary,2024-11-16,Severe
DX_002861,ADM_01796,P_02113,I21.9,"Acute myocardial infarction, unspecified",Primary,2024-06-15,Severe
DX_002862,ADM_01796,P_02113,E11.9,Type 2 diabetes mellitus without complications,Secondary,2024-06-15,Moderate
DX_002863,ADM_01797,P_00021,I10,Essential (primary) hypertension,Primary,2024-06-22,Moderate
DX_002864,ADM_01797,P_00021,K21.9,Gastro-esophageal reflux disease without esophagitis,Secondary,2024-06-22,Mild
DX_002865,ADM_01798,P_00177,K21.9,Gastro-esophageal reflux disease without esophagitis,Primary,2024-11-12,Mild
DX_002866,ADM_01799,P_01017,J44.9,"Chronic obstructive pulmonary disease, unspecified",Primary,2024-07-30,Severe
DX_002867,ADM_01799,P_01017,M54.5,Low back pain,Secondary,2024-07-30,Mild
DX_002868,ADM_01800,P_01825,J44.9,"Chronic obstructive pulmonary disease, unspecified",Primary,2024-09-13,Severe
DX_002869,ADM_01800,P_01825,C34.90,Malignant neoplasm of unspecified part of bronchus or lung,Secondary,2024-09-13,Severe
DX_002870,ADM_01801,P_00512,I21.9,"Acute myocardial infarction, unspecified",Primary,2025-01-27,Severe
DX_002871,ADM_01801,P_00512,F32.9,"Major depressive disorder, single episode",Secondary,2025-01-27,moderate
DX_002872,ADM_01802,P_00926,I10,Essential (primary) hypertension,Primary,2024-05-18,Moderate
DX_002873,ADM_01802,P_00926,A41.9,"Sepsis, unspecified organism",Secondary,2024-05-18,Severe
DX_002874,ADM_01803,P_02822,C34.90,Malignant neoplasm of unspecified part of bronchus or lung,Primary,2025-04-09,Severe
DX_002875,ADM_01803,P_02822,I10,Essential (primary) hypertension,UNKNOWN_VAL,2025-04-09,Moderate
DX_002876,ADM_01804,P_01582,I10,Essential (primary) hypertension,PRIMARY,2024-12-05,Moderate
DX_002877,ADM_01805,P_00825,N18.9,"Chronic kidney disease, unspecified",Primary,2025-04-07,Severe
DX_002878,ADM_01805,P_00825,E11.9,Type 2 diabetes mellitus without complications,Secondary,2025-04-07,Moderate
DX_002879,ADM_01806,P_02929,J18.9,"Pneumonia, unspecified organism",Primary,2024-08-17,Moderate
DX_002880,ADM_01806,P_02929,M54.5,Low back pain,Secondary,2024-08-17,Mild
DX_002881,ADM_01807,P_02781,A41.9,"Sepsis, unspecified organism",Primary,2024-12-10,Severe
DX_002882,ADM_01807,P_02781,J18.9,"Pneumonia, unspecified organism",Secondary,2024-12-10,Moderate
DX_002883,ADM_01808,P_03014,C34.90,Malignant neoplasm of unspecified part of bronchus or lung,Primary,2024-09-29,Severe
DX_002884,ADM_01808,P_03014,J44.9,"Chronic obstructive pulmonary disease, unspecified",Secondary,2024-09-29,Severe
DX_002885,ADM_01809,P_03078,M54.5,Low back pain,Primary,2024-01-28,Mild
DX_002886,ADM_01809,P_03078,J44.9,"Chronic obstructive pulmonary disease, unspecified",Secondary,2024-01-28,SEVERE
DX_002887,ADM_01810,P_01875,J44.9,"Chronic obstructive pulmonary disease, unspecified",Primary,2025-05-15,Severe
DX_002888,ADM_01810,P_01875,E11.9,Type 2 diabetes mellitus without complications,secondary,2025-05-15,Moderate
DX_002889,ADM_01811,P_01875,M54.5,Low back pain,Primary,2025-06-02,Mild
DX_002890,ADM_01811,P_01875,A41.9,"Sepsis, unspecified organism",Secondary,2025-06-02,Severe
DX_002891,ADM_01812,P_02372,J44.9,"Chronic obstructive pulmonary disease, unspecified",Primary,2024-10-02,Severe
DX_002892,ADM_01813,P_01937,F32.9,"Major depressive disorder, single episode",Primary,2024-02-07,Moderate
DX_002893,ADM_01813,P_01937,I10,Essential (primary) hypertension,Secondary,2024-02-07,Moderate
DX_002894,ADM_01814,P_03456,J18.9,"Pneumonia, unspecified organism",Primary,2024-08-08,Moderate
DX_002895,ADM_01814,P_03456,I10,Essential (primary) hypertension,Secondary,2024-08-08,Moderate
DX_002896,ADM_01815,P_02448,E11.9,Type 2 diabetes mellitus without complications,Primary,2024-03-16,moderate
DX_002897,ADM_01816,P_01797,A41.9,"Sepsis, unspecified organism",Primary,2024-01-08,Severe
DX_002898,ADM_01816,P_01797,K21.9,Gastro-esophageal reflux disease without esophagitis,Secondary,2024/01/08 00:00:00,Mild
DX_002899,ADM_01817,P_01977,C34.90,Malignant neoplasm of unspecified part of bronchus or lung,Primary,2024-04-12,severe
DX_002900,ADM_01818,P_03433,A41.9,"Sepsis, unspecified organism",PRIMARY,2024-07-10,Severe
DX_002901,ADM_01818,P_03433,I10,Essential (primary) hypertension,Secondary,2024-07-10,Moderate
DX_002902,ADM_01819,P_02856,A41.9,"Sepsis, unspecified organism",Primary,2024-03-12,Severe
DX_002903,ADM_01820,P_03185,J44.9,"Chronic obstructive pulmonary disease, unspecified",primary,2024-12-08,Severe
DX_002904,ADM_01821,P_00854,N18.9,"Chronic kidney disease, unspecified",Primary,2025-02-01,Severe
DX_002905,ADM_01821,P_00854,A41.9,"Sepsis, unspecified organism",Secondary,2025-02-01,Severe
DX_002906,ADM_01822,P_00757,I50.9,"Heart failure, unspecified",  Primary  ,2024-03-20,severe
DX_002907,ADM_01823,P_03197,J44.9,"Chronic obstructive pulmonary disease, unspecified",Primary,2024-08-22,Severe
DX_002908,ADM_01823,P_03197,F32.9,"Major depressive disorder, single episode",Secondary,2024-08-22,Moderate
DX_002909,ADM_01824,P_00472,M54.5,Low back pain,Primary,2024-04-29,mild
DX_002910,ADM_01825,P_03177,K21.9,Gastro-esophageal reflux disease without esophagitis,Primary,2024-07-13,Mild
DX_002911,ADM_01825,P_03177,A41.9,"Sepsis, unspecified organism",Secondary,2024-07-13,Severe
DX_002912,ADM_01826,P_00004,N18.9,"Chronic kidney disease, unspecified",Primary,2025-04-14,Severe
DX_002913,ADM_01827,P_02677,K21.9,Gastro-esophageal reflux disease without esophagitis,Primary,2024-01-24,Mild
DX_002914,ADM_01828,P_01101,J18.9,"Pneumonia, unspecified organism",Primary,2025-02-24,MODERATE
DX_002915,ADM_01828,P_01101,J44.9,"Chronic obstructive pulmonary disease, unspecified",Secondary,2025-02-24,Severe
DX_002916,ADM_01829,P_01662,N18.9,"Chronic kidney disease, unspecified",Primary,2024-11-30,Severe
DX_002917,ADM_01829,P_01662,J18.9,"Pneumonia, unspecified organism",Secondary,2024-11-30,Moderate
DX_002918,ADM_01830,P_01777,F32.9,"Major depressive disorder, single episode",Primary,2024-05-16,Moderate
DX_002919,ADM_01830,P_01777,K21.9,Gastro-esophageal reflux disease without esophagitis,Secondary,2024-05-16,Mild
DX_002920,ADM_01831,P_01777,A41.9,"Sepsis, unspecified organism",Primary,2024-06-16,Severe
DX_002921,ADM_01832,P_01808,I21.9,"Acute myocardial infarction, unspecified",Primary,2025-01-12,Severe
DX_002922,ADM_01832,P_01808,F32.9,"Major depressive disorder, single episode",Secondary,12-01-2025,Moderate
DX_002923,ADM_01833,P_00102,C34.90,Malignant neoplasm of unspecified part of bronchus or lung,Primary,2024-05-19,Severe
DX_002924,ADM_01833,P_00102,M54.5,Low back pain,Secondary,2024-05-19,MILD
DX_002925,ADM_01834,P_03225,M54.5,Low back pain,Primary,2024-05-06,Mild
DX_002926,ADM_01834,P_03225,C34.90,Malignant neoplasm of unspecified part of bronchus or lung,Secondary,2024-05-06,SEVERE
DX_002927,ADM_01835,P_03211,N18.9,"Chronic kidney disease, unspecified",Primary,2025-01-10,Severe
DX_002928,ADM_01835,P_03211,K21.9,Gastro-esophageal reflux disease without esophagitis,Secondary,2025-01-10,Mild
DX_002929,ADM_01836,P_02000,F32.9,"Major depressive disorder, single episode",Primary,2025-04-01,  Moderate  
DX_002930,ADM_01836,P_02000,M54.5,Low back pain,Secondary,2025-04-01,Mild
DX_002931,ADM_01837,P_01793,F32.9,"Major depressive disorder, single episode",Primary,2024-12-04,Moderate
DX_002932,ADM_01837,P_01793,N18.9,"Chronic kidney disease, unspecified",Secondary,2024-12-04,Severe
DX_002933,ADM_01838,P_01563,J18.9,"Pneumonia, unspecified organism",PRIMARY,2024-09-14,Moderate
DX_002934,ADM_01838,P_01563,A41.9,"Sepsis, unspecified organism",Secondary,2024-09-14,Severe
DX_002935,ADM_01839,P_01466,J44.9,"Chronic obstructive pulmonary disease, unspecified",Primary,2024-12-28,Severe
DX_002936,ADM_01839,P_01466,F32.9,"Major depressive disorder, single episode",Secondary,2024-12-28,  Moderate  
DX_002937,ADM_01840,P_03028,I21.9,"Acute myocardial infarction, unspecified",Primary,2024-05-10,Severe
DX_002938,ADM_01840,P_03028,K21.9,Gastro-esophageal reflux disease without esophagitis,Secondary,2024-05-10,Mild
DX_002939,ADM_01841,P_01758,F32.9,"Major depressive disorder, single episode",Primary,2024-09-25,Moderate
DX_002940,ADM_01842,P_02046,A41.9,"Sepsis, unspecified organism",Primary,2024/02/04 00:00:00,Severe
DX_002941,ADM_01843,P_00958,F32.9,"Major depressive disorder, single episode",Primary,2024-05-08,Moderate
DX_002942,ADM_01844,P_00958,E11.9,Type 2 diabetes mellitus without complications,Primary,2024-05-19,  Moderate  
DX_002943,ADM_01844,P_00958,I50.9,"Heart failure, unspecified",Secondary,2024-05-19,Severe
DX_002944,ADM_01845,P_00849,J44.9,"Chronic obstructive pulmonary disease, unspecified",Primary,2024-12-17,Severe
DX_002945,ADM_01846,P_00559,M54.5,Low back pain,Primary,2024-12-31,Mild
DX_002946,ADM_01847,P_03444,I50.9,"Heart failure, unspecified",  Primary  ,2024-03-03,Severe
DX_002947,ADM_01847,P_03444,E11.9,Type 2 diabetes mellitus without complications,Secondary,2024-03-03,Moderate
DX_002948,ADM_01848,P_01889,F32.9,"Major depressive disorder, single episode",Primary,2024-04-18,Moderate
DX_002949,ADM_01848,P_01889,I21.9,"Acute myocardial infarction, unspecified",Secondary,2024-04-18,severe
DX_002950,ADM_01849,P_01889,K21.9,Gastro-esophageal reflux disease without esophagitis,Primary,2024-05-25,MILD
DX_002951,ADM_01849,P_01889,C34.90,Malignant neoplasm of unspecified part of bronchus or lung,secondary,2024-05-25,Severe
DX_002952,ADM_01850,P_02095,E11.9,Type 2 diabetes mellitus without complications,Primary,2025-04-17,Moderate
DX_002953,ADM_01850,P_02095,I21.9,"Acute myocardial infarction, unspecified",Secondary,2025-04-17,Severe
DX_002954,ADM_01851,P_03257,M54.5,Low back pain,primary,2024-02-06,Mild
DX_002955,ADM_01852,P_00453,M54.5,Low back pain,Primary,2024-11-28,Mild
DX_002956,ADM_01852,P_00453,K21.9,Gastro-esophageal reflux disease without esophagitis,Secondary,2024-11-28,Mild
DX_002957,ADM_01853,P_01293,I50.9,"Heart failure, unspecified",Primary,2024-10-07,Severe
DX_002958,ADM_01853,P_01293,C34.90,Malignant neoplasm of unspecified part of bronchus or lung,Secondary,2024-10-07,Severe
DX_002959,ADM_01854,P_01647,C34.90,Malignant neoplasm of unspecified part of bronchus or lung,Primary,2024-07-08,Severe
DX_002960,ADM_01854,P_01647,I10,Essential (primary) hypertension,  Secondary  ,2024-07-08,Moderate
DX_002961,ADM_01855,P_02734,I50.9,"Heart failure, unspecified",Primary,2025-01-19,Severe
DX_002962,ADM_01855,P_02734,I21.9,"Acute myocardial infarction, unspecified",Secondary,2025-01-19,Severe
DX_002963,ADM_01856,P_01941,M54.5,Low back pain,Primary,2024-07-16,Mild
DX_002964,ADM_01857,P_01615,J44.9,"Chronic obstructive pulmonary disease, unspecified",Primary,2024-10-14,Severe
DX_002965,ADM_01857,P_01615,A41.9,"Sepsis, unspecified organism",Secondary,14-10-2024,Severe
DX_002966,ADM_01858,P_03021,K21.9,Gastro-esophageal reflux disease without esophagitis,Primary,2025-03-11,Mild
DX_002967,ADM_01859,P_01350,K21.9,Gastro-esophageal reflux disease without esophagitis,Primary,2025-04-19,Mild
DX_002968,ADM_01860,P_01178,F32.9,"Major depressive disorder, single episode",Primary,2024-11-15,Moderate
DX_002969,ADM_01861,P_01178,A41.9,"Sepsis, unspecified organism",Primary,2024-12-06,Severe
DX_002970,ADM_01861,P_01178,C34.90,Malignant neoplasm of unspecified part of bronchus or lung,Secondary,2024-12-06,Severe
DX_002971,ADM_01862,P_00589,C34.90,Malignant neoplasm of unspecified part of bronchus or lung,Primary,07/03/2024,Severe
DX_002972,ADM_01863,P_00021,C34.90,Malignant neoplasm of unspecified part of bronchus or lung,Primary,2024-02-09,Severe
DX_002973,ADM_01864,P_00167,I10,Essential (primary) hypertension,Primary,2025-03-31,Moderate
DX_002974,ADM_01864,P_00167,E11.9,Type 2 diabetes mellitus without complications,Secondary,2025-03-31,MODERATE
DX_002975,ADM_01865,P_01915,A41.9,"Sepsis, unspecified organism",Primary,2024-11-26,Severe
DX_002976,ADM_01866,P_00143,J18.9,"Pneumonia, unspecified organism",Primary,2024-07-13,Moderate
DX_002977,ADM_01866,P_00143,N18.9,"Chronic kidney disease, unspecified",Secondary,2024-07-13,Severe
DX_002978,ADM_01867,P_01769,K21.9,Gastro-esophageal reflux disease without esophagitis,Primary,2024-10-26,Mild
DX_002979,ADM_01867,P_01769,E11.9,Type 2 diabetes mellitus without complications,Secondary,2024-10-26,Moderate
DX_002980,ADM_01868,P_00360,K21.9,Gastro-esophageal reflux disease without esophagitis,Primary,2024-05-06,Mild
DX_002981,ADM_01868,P_00360,M54.5,Low back pain,Secondary,2024-05-06,Mild
DX_002982,ADM_01869,P_00778,J18.9,"Pneumonia, unspecified organism",Primary,2025-02-24,Moderate
DX_002983,ADM_01869,P_00778,M54.5,Low back pain,Secondary,2025-02-24,Mild
DX_002984,ADM_01870,P_00445,J18.9,"Pneumonia, unspecified organism",Primary,2025-02-14,Moderate
DX_002985,ADM_01871,P_01641,J18.9,"Pneumonia, unspecified organism",Primary,2024-05-08,Moderate
DX_002986,ADM_01871,P_01641,J44.9,"Chronic obstructive pulmonary disease, unspecified",Secondary,2024-05-08,Severe
DX_002987,ADM_01872,P_02041,E11.9,Type 2 diabetes mellitus without complications,Primary,2024-07-09,Moderate
DX_002988,ADM_01872,P_02041,J44.9,"Chronic obstructive pulmonary disease, unspecified",Secondary,2024-07-09,Severe
DX_002989,ADM_01873,P_02333,A41.9,"Sepsis, unspecified organism",Primary,2024-02-23,Severe
DX_002990,ADM_01874,P_02493,C34.90,Malignant neoplasm of unspecified part of bronchus or lung,Primary,2025-04-24,Severe
DX_002991,ADM_01874,P_02493,A41.9,"Sepsis, unspecified organism",Secondary,2025-04-24,Severe
DX_002992,ADM_01875,P_02144,I21.9,"Acute myocardial infarction, unspecified",Primary,2024-06-11,Severe
DX_002993,ADM_01875,P_02144,M54.5,Low back pain,Secondary,2024-06-11,Mild
DX_002994,ADM_01876,P_02238,I21.9,"Acute myocardial infarction, unspecified",Primary,2024-11-28,Severe
DX_002995,ADM_01876,P_02238,K21.9,Gastro-esophageal reflux disease without esophagitis,Secondary,2024-11-28,mild
DX_002996,ADM_01877,P_02690,A41.9,"Sepsis, unspecified organism",Primary,2024-06-17,Severe
DX_002997,ADM_01877,P_02690,J18.9,"Pneumonia, unspecified organism",Secondary,17-06-2024,Moderate
DX_002998,ADM_01878,P_02530,E11.9,Type 2 diabetes mellitus without complications,Primary,2025-05-13,Moderate
DX_002999,ADM_01879,P_03310,N18.9,"Chronic kidney disease, unspecified",Primary,30-12-2024,Severe
DX_003000,ADM_01879,P_03310,M54.5,Low back pain,Secondary,2024-12-30,Mild
DX_003001,ADM_01880,P_01792,I10,Essential (primary) hypertension,Primary,2024-02-04,Moderate
DX_003002,ADM_01881,P_01340,E11.9,Type 2 diabetes mellitus without complications,Primary,2025-04-07,Moderate
DX_003003,ADM_01881,P_01340,K21.9,Gastro-esophageal reflux disease without esophagitis,Secondary,2025-04-07,Mild
DX_003004,ADM_01882,P_03072,I21.9,"Acute myocardial infarction, unspecified",Primary,2024-02-26,Severe
DX_003005,ADM_01882,P_03072,K21.9,Gastro-esophageal reflux disease without esophagitis,Secondary,2024-02-26,Mild
DX_003006,ADM_01883,P_00529,M54.5,Low back pain,Primary,2025-03-16,  Mild  
DX_003007,ADM_01883,P_00529,J18.9,"Pneumonia, unspecified organism",Secondary,2025-03-16,Moderate
DX_003008,ADM_01884,P_01928,J18.9,"Pneumonia, unspecified organism",Primary,2024-12-26,Moderate
DX_003009,ADM_01885,P_03284,J44.9,"Chronic obstructive pulmonary disease, unspecified",Primary,2024-05-25,Severe
DX_003010,ADM_01885,P_03284,J18.9,"Pneumonia, unspecified organism",Secondary,2024-05-25,Moderate
DX_003011,ADM_01886,P_03427,E11.9,Type 2 diabetes mellitus without complications,Primary,2024-09-05,Moderate
DX_003012,ADM_01887,P_01972,N18.9,"Chronic kidney disease, unspecified",Primary,2025-01-07,Severe
DX_003013,ADM_01888,P_00371,J18.9,"Pneumonia, unspecified organism",Primary,2024-03-08,Moderate
DX_003014,ADM_01888,P_00371,C34.90,Malignant neoplasm of unspecified part of bronchus or lung,Secondary,2024-03-08,Severe
DX_003015,ADM_01889,P_02026,C34.90,Malignant neoplasm of unspecified part of bronchus or lung,Primary,2024-11-06,Severe
DX_003016,ADM_01890,P_01282,C34.90,Malignant neoplasm of unspecified part of bronchus or lung,Primary,2025-03-04,Severe
DX_003017,ADM_01890,P_01282,M54.5,Low back pain,Secondary,2025-03-04,Mild
DX_003018,ADM_01891,P_01282,I50.9,"Heart failure, unspecified",Primary,2025-03-17,Severe
DX_003019,ADM_01892,P_00527,E11.9,Type 2 diabetes mellitus without complications,Primary,2025-02-01,Moderate
DX_003020,ADM_01892,P_00527,N18.9,"Chronic kidney disease, unspecified",Secondary,2025-02-01,Severe
DX_003021,ADM_01893,P_02344,J44.9,"Chronic obstructive pulmonary disease, unspecified",Primary,2024-11-20,Severe
DX_003022,ADM_01893,P_02344,I50.9,"Heart failure, unspecified",Secondary,2024-11-20,  Severe  
DX_003023,ADM_01894,P_01568,J44.9,"Chronic obstructive pulmonary disease, unspecified",Primary,2025-02-27,Severe
DX_003024,ADM_01895,P_01709,M54.5,Low back pain,Primary,2024-03-18,Mild
DX_003025,ADM_01896,P_01672,E11.9,Type 2 diabetes mellitus without complications,Primary,2024-11-19,Moderate
DX_003026,ADM_01896,P_01672,J44.9,"Chronic obstructive pulmonary disease, unspecified",Secondary,2024-11-19,Severe
DX_003027,ADM_01897,P_01446,F32.9,"Major depressive disorder, single episode",Primary,2024-09-24,Moderate
DX_003028,ADM_01897,P_01446,J44.9,"Chronic obstructive pulmonary disease, unspecified",Secondary,2024-09-24,Severe
DX_003029,ADM_01898,P_01570,E11.9,Type 2 diabetes mellitus without complications,Primary,2024-06-14,Moderate
DX_003030,ADM_01899,P_01133,I21.9,"Acute myocardial infarction, unspecified",Primary,2024-04-30,Severe
DX_003031,ADM_01899,P_01133,I10,Essential (primary) hypertension,Secondary,2024-04-30,Moderate
DX_003032,ADM_01900,P_02439,C34.90,Malignant neoplasm of unspecified part of bronchus or lung,Primary,2025-03-05,Severe
DX_003033,ADM_01901,P_00654,F32.9,"Major depressive disorder, single episode",Primary,2024-03-13,Moderate
DX_003034,ADM_01901,P_00654,C34.90,Malignant neoplasm of unspecified part of bronchus or lung,Secondary,2024-03-13,Severe
DX_003035,ADM_01902,P_03085,J18.9,"Pneumonia, unspecified organism",Primary,2024-01-26,Moderate
DX_003036,ADM_01903,P_03055,J18.9,"Pneumonia, unspecified organism",Primary,2024-04-18,Moderate
DX_003037,ADM_01903,P_03055,C34.90,Malignant neoplasm of unspecified part of bronchus or lung,Secondary,2024-04-18,Severe
DX_003038,ADM_01904,P_02112,M54.5,Low back pain,Primary,2025-03-13,Mild
DX_003039,ADM_01904,P_02112,C34.90,Malignant neoplasm of unspecified part of bronchus or lung,secondary,2025-03-13,Severe
DX_003040,ADM_01905,P_02491,A41.9,"Sepsis, unspecified organism",Primary,2024-01-13,Severe
DX_003041,ADM_01905,P_02491,F32.9,"Major depressive disorder, single episode",secondary,2024-01-13,Moderate
DX_003042,ADM_01906,P_03227,J44.9,"Chronic obstructive pulmonary disease, unspecified",Primary,14-02-2024,Severe
DX_003043,ADM_01906,P_03227,A41.9,"Sepsis, unspecified organism",Secondary,2024-02-14,Severe
DX_003044,ADM_01907,P_01984,E11.9,Type 2 diabetes mellitus without complications,Primary,2024-12-08,Moderate
DX_003045,ADM_01907,P_01984,C34.90,Malignant neoplasm of unspecified part of bronchus or lung,Secondary,2024-12-08,severe
DX_003046,ADM_01908,P_02878,C34.90,Malignant neoplasm of unspecified part of bronchus or lung,Primary,2025-04-25,Severe
DX_003047,ADM_01909,P_01945,F32.9,"Major depressive disorder, single episode",Primary,2024-09-07,Moderate
DX_003048,ADM_01910,P_01945,A41.9,"Sepsis, unspecified organism",Primary,2024-09-30,SEVERE
DX_003049,ADM_01910,P_01945,K21.9,Gastro-esophageal reflux disease without esophagitis,Secondary,2024-09-30,Mild
DX_003050,ADM_01911,P_01818,I21.9,"Acute myocardial infarction, unspecified",Primary,2024-08-31,Severe
DX_003051,ADM_01912,P_02284,N18.9,"Chronic kidney disease, unspecified",Primary,2024-05-27,Severe
DX_003052,ADM_01913,P_02284,I50.9,"Heart failure, unspecified",Primary,2024-06-21,Severe
DX_003053,ADM_01913,P_02284,I21.9,"Acute myocardial infarction, unspecified",Secondary,2024-06-21,severe
DX_003054,ADM_01914,P_01391,A41.9,"Sepsis, unspecified organism",Primary,2024-10-24,Severe
DX_003055,ADM_01914,P_01391,N18.9,"Chronic kidney disease, unspecified",Secondary,2024-10-24,Severe
DX_003056,ADM_01915,P_02488,K21.9,Gastro-esophageal reflux disease without esophagitis,Primary,2024-04-01,Mild
DX_003057,ADM_01916,P_00283,M54.5,Low back pain,Primary,2024-01-31,Mild
DX_003058,ADM_01916,P_00283,A41.9,"Sepsis, unspecified organism",Secondary,2024-01-31,Severe
DX_003059,ADM_01917,P_01044,M54.5,Low back pain,Primary,2024-11-21,Mild
DX_003060,ADM_01918,P_01936,F32.9,"Major depressive disorder, single episode",Primary,2025-03-13,Moderate
DX_003061,ADM_01918,P_01936,J18.9,"Pneumonia, unspecified organism",Secondary,2025-03-13,Moderate
DX_003062,ADM_01919,P_02066,K21.9,Gastro-esophageal reflux disease without esophagitis,Primary,2025-04-01,Mild
DX_003063,ADM_01919,P_02066,E11.9,Type 2 diabetes mellitus without complications,Secondary,2025-04-01,Moderate
DX_003064,ADM_01920,P_00882,A41.9,"Sepsis, unspecified organism",Primary,2024-02-05,severe
DX_003065,ADM_01920,P_00882,I10,Essential (primary) hypertension,Secondary,2024-02-05,Moderate
DX_003066,ADM_01921,P_00906,A41.9,"Sepsis, unspecified organism",Primary,2025-04-15,Severe
DX_003067,ADM_01921,P_00906,N18.9,"Chronic kidney disease, unspecified",SECONDARY,2025-04-15,Severe
DX_003068,ADM_01922,P_01809,K21.9,Gastro-esophageal reflux disease without esophagitis,Primary,2024-11-02,Mild
DX_003069,ADM_01923,P_01291,F32.9,"Major depressive disorder, single episode",primary,2024-12-07,Moderate
DX_003070,ADM_01923,P_01291,A41.9,"Sepsis, unspecified organism",Secondary,2024-12-07,Severe
DX_003071,ADM_01924,P_00741,F32.9,"Major depressive disorder, single episode",Primary,2025-02-08,Moderate
DX_003072,ADM_01925,P_00741,C34.90,Malignant neoplasm of unspecified part of bronchus or lung,Primary,2025-02-18,Severe
DX_003073,ADM_01925,P_00741,I10,Essential (primary) hypertension,Secondary,2025-02-18,Moderate
DX_003074,ADM_01926,P_03413,K21.9,Gastro-esophageal reflux disease without esophagitis,Primary,2025-03-14,Mild
DX_003075,ADM_01926,P_03413,I10,Essential (primary) hypertension,Secondary,2025-03-14,Moderate
DX_003076,ADM_01927,P_00364,I21.9,"Acute myocardial infarction, unspecified",Primary,2024-01-02,Severe
DX_003077,ADM_01927,P_00364,F32.9,"Major depressive disorder, single episode",Secondary,2024-01-02,MODERATE
DX_003078,ADM_01928,P_00364,I50.9,"Heart failure, unspecified",Primary,2024-01-16,Severe
DX_003079,ADM_01929,P_01094,K21.9,Gastro-esophageal reflux disease without esophagitis,Primary,08-05-2024,Mild
DX_003080,ADM_01929,P_01094,M54.5,Low back pain,Secondary,2024-05-08,Mild
DX_003081,ADM_01930,P_01094,N18.9,"Chronic kidney disease, unspecified",Primary,2024-06-15,Severe
DX_003082,ADM_01930,P_01094,K21.9,Gastro-esophageal reflux disease without esophagitis,Secondary,2024-06-15,Mild
DX_003083,ADM_01931,P_02410,F32.9,"Major depressive disorder, single episode",Primary,2024-05-09,Moderate
DX_003084,ADM_01932,P_02587,I21.9,"Acute myocardial infarction, unspecified",Primary,2024-08-25,Severe
DX_003085,ADM_01932,P_02587,M54.5,Low back pain,Secondary,2024-08-25,Mild
DX_003086,ADM_01933,P_01631,J44.9,"Chronic obstructive pulmonary disease, unspecified",Primary,2024-05-02,Severe
DX_003087,ADM_01934,P_03471,N18.9,"Chronic kidney disease, unspecified",Primary,2025-04-07,Severe
DX_003088,ADM_01935,P_01310,K21.9,Gastro-esophageal reflux disease without esophagitis,  Primary  ,2024-02-24,Mild
DX_003089,ADM_01936,P_01310,I50.9,"Heart failure, unspecified",Primary,2024-03-14,Severe
DX_003090,ADM_01936,P_01310,I21.9,"Acute myocardial infarction, unspecified",Secondary,2024-03-14,Severe
DX_003091,ADM_01937,P_00162,A41.9,"Sepsis, unspecified organism",Primary,2024-01-23,Severe
DX_003092,ADM_01937,P_00162,J44.9,"Chronic obstructive pulmonary disease, unspecified",Secondary,2024-01-23,Severe
DX_003093,ADM_01938,P_01733,A41.9,"Sepsis, unspecified organism",  Primary  ,2024-11-20,Severe
DX_003094,ADM_01939,P_01738,I21.9,"Acute myocardial infarction, unspecified",Primary,2025-04-22,Severe
DX_003095,ADM_01940,P_01515,M54.5,Low back pain,Primary,2024-07-30,Mild
DX_003096,ADM_01940,P_01515,I50.9,"Heart failure, unspecified",Secondary,2024-07-30,Severe
DX_003097,ADM_01941,P_01266,A41.9,"Sepsis, unspecified organism",primary,2024-11-30,Severe
DX_003098,ADM_01941,P_01266,I10,Essential (primary) hypertension,Secondary,30-11-2024,Moderate
DX_003099,ADM_01942,P_01726,I21.9,"Acute myocardial infarction, unspecified",Primary,2024-04-22,Severe
DX_003100,ADM_01942,P_01726,C34.90,Malignant neoplasm of unspecified part of bronchus or lung,Secondary,2024-04-22,Severe
DX_003101,ADM_01943,P_01726,E11.9,Type 2 diabetes mellitus without complications,Primary,24-05-2024,Moderate
DX_003102,ADM_01943,P_01726,I10,Essential (primary) hypertension,Secondary,2024-05-24,Moderate
DX_003103,ADM_01944,P_03116,J44.9,"Chronic obstructive pulmonary disease, unspecified",Primary,2025-03-14,Severe
DX_003104,ADM_01945,P_01369,E11.9,Type 2 diabetes mellitus without complications,Primary,2025-01-18,Moderate
DX_003105,ADM_01945,P_01369,J44.9,"Chronic obstructive pulmonary disease, unspecified",Secondary,2025-01-18,Severe
DX_003106,ADM_01946,P_01907,J44.9,"Chronic obstructive pulmonary disease, unspecified",Primary,2024-09-10,Severe
DX_003107,ADM_01947,P_00279,F32.9,"Major depressive disorder, single episode",Primary,2024-07-06,Moderate
DX_003108,ADM_01947,P_00279,I50.9,"Heart failure, unspecified",Secondary,2024-07-06,Severe
DX_003109,ADM_01948,P_01622,K21.9,Gastro-esophageal reflux disease without esophagitis,Primary,2024-12-11,Mild
DX_003110,ADM_01948,P_01622,I10,Essential (primary) hypertension,Secondary,2024-12-11,Moderate
DX_003111,ADM_01949,P_01479,J18.9,"Pneumonia, unspecified organism",Primary,2024/07/28 00:00:00,Moderate
DX_003112,ADM_01949,P_01479,E11.9,Type 2 diabetes mellitus without complications,Secondary,2024-07-28,Moderate
DX_003113,ADM_01950,P_02624,C34.90,Malignant neoplasm of unspecified part of bronchus or lung,Primary,2024-12-27,Severe
DX_003114,ADM_01950,P_02624,J18.9,"Pneumonia, unspecified organism",Secondary,2024-12-27,Moderate
DX_003115,ADM_01951,P_00747,J44.9,"Chronic obstructive pulmonary disease, unspecified",Primary,2025-03-07,severe
DX_003116,ADM_01952,P_02611,M54.5,Low back pain,primary,2024-02-15,Mild
DX_003117,ADM_01952,P_02611,I21.9,"Acute myocardial infarction, unspecified",Secondary,2024-02-15,Severe
DX_003118,ADM_01953,P_00524,M54.5,Low back pain,Primary,2024-02-17,Mild
DX_003119,ADM_01953,P_00524,J18.9,"Pneumonia, unspecified organism",Secondary,2024-02-17,Moderate
DX_003120,ADM_01954,P_02408,E11.9,Type 2 diabetes mellitus without complications,Primary,2025-03-05,Moderate
DX_003121,ADM_01955,P_02408,I10,Essential (primary) hypertension,Primary,2025-03-24,Moderate
DX_003122,ADM_01955,P_02408,I50.9,"Heart failure, unspecified",Secondary,2025-03-24,SEVERE
DX_003123,ADM_01956,P_00185,C34.90,Malignant neoplasm of unspecified part of bronchus or lung,Primary,2024-02-05,Severe
DX_003124,ADM_01956,P_00185,M54.5,Low back pain,secondary,2024-02-05,Mild
DX_003125,ADM_01957,P_00877,I50.9,"Heart failure, unspecified",Primary,2024-04-04,Severe
DX_003126,ADM_01957,P_00877,F32.9,"Major depressive disorder, single episode",Secondary,2024-04-04,Moderate
DX_003127,ADM_01958,P_00318,F32.9,"Major depressive disorder, single episode",Primary,2025-02-08,Moderate
DX_003128,ADM_01959,P_00585,I50.9,"Heart failure, unspecified",Primary,2024-01-09,Severe
DX_003129,ADM_01959,P_00585,F32.9,"Major depressive disorder, single episode",Secondary,2024-01-09,Moderate
DX_003130,ADM_01960,P_03102,N18.9,"Chronic kidney disease, unspecified",Primary,2024-06-08,Severe
DX_003131,ADM_01961,P_00626,N18.9,"Chronic kidney disease, unspecified",Primary,2024-11-06,Severe
DX_003132,ADM_01961,P_00626,C34.90,Malignant neoplasm of unspecified part of bronchus or lung,Secondary,2024-11-06,Severe
DX_003133,ADM_01962,P_02733,I50.9,"Heart failure, unspecified",Primary,2024-10-17,Severe
DX_003134,ADM_01962,P_02733,I10,Essential (primary) hypertension,Secondary,2024-10-17,Moderate
DX_003135,ADM_01963,P_00105,I50.9,"Heart failure, unspecified",Primary,2025-02-16,Severe
DX_003136,ADM_01963,P_00105,N18.9,"Chronic kidney disease, unspecified",Secondary,2025-02-16,Severe
DX_003137,ADM_01964,P_03318,F32.9,"Major depressive disorder, single episode",Primary,2024-04-11,Moderate
DX_003138,ADM_01965,P_02206,J18.9,"Pneumonia, unspecified organism",Primary,2024-12-03,Moderate
DX_003139,ADM_01966,P_01651,I50.9,"Heart failure, unspecified",Primary,2024-12-17,Severe
DX_003140,ADM_01966,P_01651,M54.5,Low back pain,Secondary,2024-12-17,Mild
DX_003141,ADM_01967,P_01651,M54.5,Low back pain,Primary,2024-12-31,Mild
DX_003142,ADM_01967,P_01651,J18.9,"Pneumonia, unspecified organism",Secondary,31-12-2024,Moderate
DX_003143,ADM_01968,P_01636,F32.9,"Major depressive disorder, single episode",Primary,2024-07-19,Moderate
DX_003144,ADM_01968,P_01636,J44.9,"Chronic obstructive pulmonary disease, unspecified",Secondary,2024-07-19,Severe
DX_003145,ADM_01969,P_00910,E11.9,Type 2 diabetes mellitus without complications,Primary,2025-04-20,Moderate
DX_003146,ADM_01970,P_02315,C34.90,Malignant neoplasm of unspecified part of bronchus or lung,Primary,2024-04-17,Severe
DX_003147,ADM_01970,P_02315,J18.9,"Pneumonia, unspecified organism",Secondary,2024-04-17,  Moderate  
DX_003148,ADM_01971,P_02795,I21.9,"Acute myocardial infarction, unspecified",Primary,2025-04-08,Severe
DX_003149,ADM_01972,P_02373,K21.9,Gastro-esophageal reflux disease without esophagitis,Primary,2024-06-20,Mild
DX_003150,ADM_01972,P_02373,J44.9,"Chronic obstructive pulmonary disease, unspecified",Secondary,2024-06-20,Severe
DX_003151,ADM_01973,P_01953,N18.9,"Chronic kidney disease, unspecified",Primary,2024-07-12,Severe
DX_003152,ADM_01973,P_01953,J44.9,"Chronic obstructive pulmonary disease, unspecified",Secondary,2024-07-12,Severe
DX_003153,ADM_01974,P_01953,A41.9,"Sepsis, unspecified organism",Primary,2024-08-13,Severe
DX_003154,ADM_01975,P_01342,E11.9,Type 2 diabetes mellitus without complications,Primary,2025-01-11,Moderate
DX_003155,ADM_01975,P_01342,K21.9,Gastro-esophageal reflux disease without esophagitis,Secondary,2025-01-11,Mild
DX_003156,ADM_01976,P_02941,F32.9,"Major depressive disorder, single episode",Primary,2025-04-16,Moderate
DX_003157,ADM_01976,P_02941,I21.9,"Acute myocardial infarction, unspecified",Secondary,2025-04-16,Severe
DX_003158,ADM_01977,P_00679,I50.9,"Heart failure, unspecified",Primary,05/07/2025,Severe
DX_003159,ADM_01978,P_00725,J44.9,"Chronic obstructive pulmonary disease, unspecified",Primary,2025-02-03,Severe
DX_003160,ADM_01979,P_01030,I10,Essential (primary) hypertension,Primary,2024-08-01,Moderate
DX_003161,ADM_01979,P_01030,J44.9,"Chronic obstructive pulmonary disease, unspecified",Secondary,2024-08-01,Severe
DX_003162,ADM_01980,P_01222,N18.9,"Chronic kidney disease, unspecified",Primary,2025-01-08,SEVERE
DX_003163,ADM_01980,P_01222,K21.9,Gastro-esophageal reflux disease without esophagitis,Secondary,2025-01-08,Mild
DX_003164,ADM_01981,P_01551,M54.5,Low back pain,Primary,2024-07-21,Mild
DX_003165,ADM_01981,P_01551,K21.9,Gastro-esophageal reflux disease without esophagitis,Secondary,2024-07-21,Mild
DX_003166,ADM_01982,P_03057,M54.5,Low back pain,Primary,2024-12-22,MILD
DX_003167,ADM_01983,P_00694,M54.5,Low back pain,Primary,2025-05-12,Mild
DX_003168,ADM_01983,P_00694,A41.9,"Sepsis, unspecified organism",Secondary,2025-05-12,Severe
DX_003169,ADM_01984,P_00078,C34.90,Malignant neoplasm of unspecified part of bronchus or lung,Primary,2024-12-14,Severe
DX_003170,ADM_01985,P_01476,C34.90,Malignant neoplasm of unspecified part of bronchus or lung,Primary,2024-09-23,Severe
DX_003171,ADM_01986,P_01709,A41.9,"Sepsis, unspecified organism",Primary,2024-04-27,Severe
DX_003172,ADM_01986,P_01709,N18.9,"Chronic kidney disease, unspecified",Secondary,2024-04-27,Severe
DX_003173,ADM_01987,P_02300,N18.9,"Chronic kidney disease, unspecified",Primary,2024-04-26,Severe
DX_003174,ADM_01988,P_02231,J18.9,"Pneumonia, unspecified organism",Primary,2024-10-05,Moderate
DX_003175,ADM_01988,P_02231,F32.9,"Major depressive disorder, single episode",Secondary,2024-10-05,Moderate
DX_003176,ADM_01989,P_00781,J18.9,"Pneumonia, unspecified organism",Primary,2024-08-28,Moderate
DX_003177,ADM_01990,P_02644,M54.5,Low back pain,Primary,2024-09-09,Mild
DX_003178,ADM_01990,P_02644,I50.9,"Heart failure, unspecified",Secondary,2024-09-09,Severe
DX_003179,ADM_01991,P_01015,E11.9,Type 2 diabetes mellitus without complications,Primary,2024-10-09,Moderate
DX_003180,ADM_01991,P_01015,M54.5,Low back pain,Secondary,2024-10-09,Mild
DX_003181,ADM_01992,P_00647,F32.9,"Major depressive disorder, single episode",Primary,21-04-2025,Moderate
DX_003182,ADM_01993,P_00393,I50.9,"Heart failure, unspecified",Primary,2025-01-26,Severe
DX_003183,ADM_01993,P_00393,I10,Essential (primary) hypertension,Secondary,2025-01-26,Moderate
DX_003184,ADM_01994,P_00393,J44.9,"Chronic obstructive pulmonary disease, unspecified",Primary,2025-02-18,Severe
DX_003185,ADM_01994,P_00393,M54.5,Low back pain,Secondary,2025-02-18,Mild
DX_003186,ADM_01995,P_01491,N18.9,"Chronic kidney disease, unspecified",PRIMARY,2024-04-20,Severe
DX_003187,ADM_01995,P_01491,M54.5,Low back pain,Secondary,2024-04-20,Mild
DX_003188,ADM_01996,P_03384,I50.9,"Heart failure, unspecified",Primary,2024-11-22,Severe
DX_003189,ADM_01996,P_03384,J18.9,"Pneumonia, unspecified organism",Secondary,2024-11-22,Moderate
DX_003190,ADM_01997,P_01193,K21.9,Gastro-esophageal reflux disease without esophagitis,Primary,30-10-2024,Mild
DX_003191,ADM_01997,P_01193,J18.9,"Pneumonia, unspecified organism",  Secondary  ,2024-10-30,Moderate
DX_003192,ADM_01998,P_00187,F32.9,"Major depressive disorder, single episode",Primary,2024-05-05,Moderate
DX_003193,ADM_01998,P_00187,E11.9,Type 2 diabetes mellitus without complications,Secondary,2024-05-05,Moderate
DX_003194,ADM_01999,P_00187,I10,Essential (primary) hypertension,Primary,2024-05-11,Moderate
DX_003195,ADM_02000,P_00461,I10,Essential (primary) hypertension,  Primary  ,2024-11-14,Moderate
DX_003196,ADM_02000,P_00461,K21.9,Gastro-esophageal reflux disease without esophagitis,Secondary,11/14/2024,MILD
DX_003197,ADM_02001,P_01004,F32.9,"Major depressive disorder, single episode",Primary,2024-12-05,Moderate
DX_003198,ADM_02002,P_01004,F32.9,"Major depressive disorder, single episode",Primary,2025-01-03,Moderate
DX_003199,ADM_02003,P_02824,J44.9,"Chronic obstructive pulmonary disease, unspecified",Primary,2024-01-04,Severe
DX_003200,ADM_02003,P_02824,C34.90,Malignant neoplasm of unspecified part of bronchus or lung,Secondary,2024-01-04,Severe
DX_003201,ADM_02004,P_02824,J44.9,"Chronic obstructive pulmonary disease, unspecified",Primary,2024-02-08,Severe
DX_003202,ADM_02005,P_00325,M54.5,Low back pain,Primary,07/11/2024,Mild
DX_003203,ADM_02005,P_00325,J44.9,"Chronic obstructive pulmonary disease, unspecified",Secondary,2024-07-11,Severe
DX_003204,ADM_02006,P_00871,M54.5,Low back pain,Primary,2025-04-25,Mild
DX_003205,ADM_02007,P_01054,I21.9,"Acute myocardial infarction, unspecified",  Primary  ,2025-02-05,Severe
DX_003206,ADM_02007,P_01054,N18.9,"Chronic kidney disease, unspecified",Secondary,2025-02-05,Severe
DX_003207,ADM_02008,P_00466,J44.9,"Chronic obstructive pulmonary disease, unspecified",Primary,2025-04-12,Severe
DX_003208,ADM_02008,P_00466,I10,Essential (primary) hypertension,Secondary,2025-04-12,Moderate
DX_003209,ADM_02009,P_01248,J44.9,"Chronic obstructive pulmonary disease, unspecified",Primary,2024/11/12 00:00:00,Severe
DX_003210,ADM_02009,P_01248,F32.9,"Major depressive disorder, single episode",Secondary,2024-11-12,Moderate
DX_003211,ADM_02010,P_00240,J44.9,"Chronic obstructive pulmonary disease, unspecified",Primary,2024-08-19,Severe
DX_003212,ADM_02011,P_00764,F32.9,"Major depressive disorder, single episode",Primary,2025-03-08,Moderate
DX_003213,ADM_02012,P_02691,F32.9,"Major depressive disorder, single episode",Primary,2024-01-05,Moderate
DX_003214,ADM_02012,P_02691,I50.9,"Heart failure, unspecified",Secondary,2024-01-05,Severe
DX_003215,ADM_02013,P_00828,K21.9,Gastro-esophageal reflux disease without esophagitis,Primary,2024-11-17,Mild
DX_003216,ADM_02014,P_03430,C34.90,Malignant neoplasm of unspecified part of bronchus or lung,PRIMARY,2024-03-26,Severe
DX_003217,ADM_02015,P_00103,C34.90,Malignant neoplasm of unspecified part of bronchus or lung,Primary,2025-03-16,Severe
DX_003218,ADM_02016,P_00103,I21.9,"Acute myocardial infarction, unspecified",Primary,2025-03-26,Severe
DX_003219,ADM_02017,P_00957,I10,Essential (primary) hypertension,Primary,2024-12-15,Moderate
DX_003220,ADM_02017,P_00957,A41.9,"Sepsis, unspecified organism",Secondary,12/15/2024,Severe
DX_003221,ADM_02018,P_01847,J18.9,"Pneumonia, unspecified organism",Primary,2024-03-23,Moderate
DX_003222,ADM_02018,P_01847,A41.9,"Sepsis, unspecified organism",Secondary,2024-03-23,Severe
DX_003223,ADM_02019,P_00672,I10,Essential (primary) hypertension,Primary,2024-04-22,Moderate
DX_003224,ADM_02020,P_01419,A41.9,"Sepsis, unspecified organism",Primary,2024-03-25,Severe
DX_003225,ADM_02021,P_00686,I21.9,"Acute myocardial infarction, unspecified",Primary,09/09/2024,Severe
DX_003226,ADM_02022,P_00342,A41.9,"Sepsis, unspecified organism",Primary,2024-08-16,Severe
DX_003227,ADM_02023,P_01919,N18.9,"Chronic kidney disease, unspecified",Primary,2024-07-29,Severe
DX_003228,ADM_02023,P_01919,C34.90,Malignant neoplasm of unspecified part of bronchus or lung,Secondary,2024-07-29,Severe
DX_003229,ADM_02024,P_00736,C34.90,Malignant neoplasm of unspecified part of bronchus or lung,Primary,2024-02-19,Severe
DX_003230,ADM_02024,P_00736,K21.9,Gastro-esophageal reflux disease without esophagitis,Secondary,2024-02-19,Mild
DX_003231,ADM_02025,P_01051,J44.9,"Chronic obstructive pulmonary disease, unspecified",Primary,2024-08-09,Severe
DX_003232,ADM_02025,P_01051,K21.9,Gastro-esophageal reflux disease without esophagitis,Secondary,2024-08-09,Mild
DX_003233,ADM_02026,P_00701,I10,Essential (primary) hypertension,Primary,2024-11-10,Moderate
DX_003234,ADM_02026,P_00701,J44.9,"Chronic obstructive pulmonary disease, unspecified",Secondary,2024-11-10,Severe
DX_003235,ADM_02027,P_03306,E11.9,Type 2 diabetes mellitus without complications,Primary,2024-04-16,Moderate
DX_003236,ADM_02028,P_01479,F32.9,"Major depressive disorder, single episode",Primary,2024-02-09,Moderate
DX_003237,ADM_02028,P_01479,C34.90,Malignant neoplasm of unspecified part of bronchus or lung,Secondary,2024-02-09,Severe
DX_003238,ADM_02029,P_01479,I10,Essential (primary) hypertension,Primary,2024-02-29,Moderate
DX_003239,ADM_02030,P_01833,I10,Essential (primary) hypertension,Primary,2025-02-11,Moderate
DX_003240,ADM_02030,P_01833,I50.9,"Heart failure, unspecified",Secondary,2025-02-11,  Severe  
DX_003241,ADM_02031,P_01311,J44.9,"Chronic obstructive pulmonary disease, unspecified",Primary,2024-10-07,Severe
DX_003242,ADM_02031,P_01311,I10,Essential (primary) hypertension,Secondary,2024-10-07,Moderate
DX_003243,ADM_02032,P_00256,J18.9,"Pneumonia, unspecified organism",Primary,2025-02-04,MODERATE
DX_003244,ADM_02032,P_00256,J44.9,"Chronic obstructive pulmonary disease, unspecified",Secondary,2025-02-04,Severe
DX_003245,ADM_02033,P_02499,I10,Essential (primary) hypertension,Primary,2024-01-26,  Moderate  
DX_003246,ADM_02033,P_02499,N18.9,"Chronic kidney disease, unspecified",Secondary,2024-01-26,Severe
DX_003247,ADM_02034,P_00931,I21.9,"Acute myocardial infarction, unspecified",Primary,2024-11-29,Severe
DX_003248,ADM_02035,P_03403,K21.9,Gastro-esophageal reflux disease without esophagitis,Primary,2024-06-22,Mild
DX_003249,ADM_02036,P_00032,I10,Essential (primary) hypertension,Primary,2024-09-11,  Moderate  
DX_003250,ADM_02036,P_00032,I21.9,"Acute myocardial infarction, unspecified",Secondary,2024-09-11,Severe
DX_003251,ADM_02037,P_02627,I10,Essential (primary) hypertension,Primary,14-08-2024,Moderate
DX_003252,ADM_02037,P_02627,M54.5,Low back pain,Secondary,2024-08-14,Mild
DX_003253,ADM_02038,P_02627,E11.9,Type 2 diabetes mellitus without complications,Primary,2024-08-23,Moderate
DX_003254,ADM_02039,P_03469,E11.9,Type 2 diabetes mellitus without complications,Primary,2025-04-09,Moderate
DX_003255,ADM_02040,P_03469,I10,Essential (primary) hypertension,Primary,2025-04-22,Moderate
DX_003256,ADM_02041,P_03386,N18.9,"Chronic kidney disease, unspecified",PRIMARY,2024-05-10,Severe
DX_003257,ADM_02041,P_03386,I21.9,"Acute myocardial infarction, unspecified",Secondary,2024-05-10,Severe
DX_003258,ADM_02042,P_01571,J44.9,"Chronic obstructive pulmonary disease, unspecified",Primary,2024-01-16,Severe
DX_003259,ADM_02042,P_01571,F32.9,"Major depressive disorder, single episode",Secondary,2024-01-16,Moderate
DX_003260,ADM_02043,P_01571,J18.9,"Pneumonia, unspecified organism",Primary,2024-01-27,Moderate
DX_003261,ADM_02044,P_00170,I21.9,"Acute myocardial infarction, unspecified",Primary,2024-06-10,Severe
DX_003262,ADM_02045,P_02922,E11.9,Type 2 diabetes mellitus without complications,Primary,2025-03-14,MODERATE
DX_003263,ADM_02046,P_00364,I50.9,"Heart failure, unspecified",Primary,2024-01-26,Severe
DX_003264,ADM_02046,P_00364,M54.5,Low back pain,Secondary,2024-01-26,Mild
DX_003265,ADM_02047,P_01802,K21.9,Gastro-esophageal reflux disease without esophagitis,Primary,2024-08-11,Mild
DX_003266,ADM_02047,P_01802,M54.5,Low back pain,Secondary,2024-08-11,Mild
DX_003267,ADM_02048,P_01802,F32.9,"Major depressive disorder, single episode",Primary,2024-09-12,Moderate
DX_003268,ADM_02048,P_01802,I21.9,"Acute myocardial infarction, unspecified",Secondary,2024-09-12,Severe
DX_003269,ADM_02049,P_00670,J18.9,"Pneumonia, unspecified organism",Primary,28-02-2025,Moderate
DX_003270,ADM_02049,P_00670,M54.5,Low back pain,Secondary,2025-02-28,mild
DX_003271,ADM_02050,P_00104,I10,Essential (primary) hypertension,Primary,2024/11/20 00:00:00,Moderate
DX_003272,ADM_02050,P_00104,N18.9,"Chronic kidney disease, unspecified",Secondary,2024-11-20,Severe
DX_003273,ADM_02051,P_01010,E11.9,Type 2 diabetes mellitus without complications,Primary,2024-12-02,Moderate
DX_003274,ADM_02051,P_01010,N18.9,"Chronic kidney disease, unspecified",Secondary,2024-12-02,Severe
DX_003275,ADM_02052,P_00510,J18.9,"Pneumonia, unspecified organism",Primary,2025-01-20,Moderate
DX_003276,ADM_02052,P_00510,N18.9,"Chronic kidney disease, unspecified",Secondary,2025-01-20,Severe
DX_003277,ADM_02053,P_00510,J18.9,"Pneumonia, unspecified organism",Primary,2025-02-09,Moderate
DX_003278,ADM_02053,P_00510,I50.9,"Heart failure, unspecified",Secondary,2025-02-09,Severe
DX_003279,ADM_02054,P_03260,J44.9,"Chronic obstructive pulmonary disease, unspecified",Primary,2024-08-25,Severe
DX_003280,ADM_02055,P_00530,I10,Essential (primary) hypertension,Primary,2024-10-16,Moderate
DX_003281,ADM_02056,P_00160,C34.90,Malignant neoplasm of unspecified part of bronchus or lung,primary,2024-03-19,Severe
DX_003282,ADM_02057,P_00160,J44.9,"Chronic obstructive pulmonary disease, unspecified",Primary,2024-04-11,Severe
DX_003283,ADM_02058,P_01912,N18.9,"Chronic kidney disease, unspecified",Primary,2024-03-07,Severe
DX_003284,ADM_02059,P_00018,A41.9,"Sepsis, unspecified organism",Primary,2024-12-26,Severe
DX_003285,ADM_02060,P_01852,K21.9,Gastro-esophageal reflux disease without esophagitis,Primary,2025-03-23,Mild
DX_003286,ADM_02061,P_01322,N18.9,"Chronic kidney disease, unspecified",Primary,2025-01-08,Severe
DX_003287,ADM_02062,P_01322,A41.9,"Sepsis, unspecified organism",Primary,2025-02-03,Severe
DX_003288,ADM_02063,P_00748,K21.9,Gastro-esophageal reflux disease without esophagitis,PRIMARY,2024-05-17,Mild
DX_003289,ADM_02064,P_00966,K21.9,Gastro-esophageal reflux disease without esophagitis,Primary,2024-12-28,Mild
DX_003290,ADM_02064,P_00966,M54.5,Low back pain,Secondary,2024-12-28,Mild
DX_003291,ADM_02065,P_00703,M54.5,Low back pain,Primary,2024-11-07,Mild
DX_003292,ADM_02065,P_00703,C34.90,Malignant neoplasm of unspecified part of bronchus or lung,Secondary,2024-11-07,Severe
DX_003293,ADM_02066,P_02969,A41.9,"Sepsis, unspecified organism",PRIMARY,2024-12-24,Severe
DX_003294,ADM_02067,P_00670,N18.9,"Chronic kidney disease, unspecified",Primary,2024-01-16,Severe
DX_003295,ADM_02067,P_00670,E11.9,Type 2 diabetes mellitus without complications,Secondary,2024-01-16,MODERATE
DX_003296,ADM_02068,P_02061,N18.9,"Chronic kidney disease, unspecified",Primary,2024-12-06,Severe
DX_003297,ADM_02068,P_02061,I21.9,"Acute myocardial infarction, unspecified",Secondary,2024-12-06,severe
DX_003298,ADM_02069,P_02165,N18.9,"Chronic kidney disease, unspecified",Primary,2025-01-27,Severe
DX_003299,ADM_02069,P_02165,I10,Essential (primary) hypertension,Secondary,2025-01-27,MODERATE
DX_003300,ADM_02070,P_00555,I10,Essential (primary) hypertension,Primary,2024-05-07,Moderate
DX_003301,ADM_02071,P_03109,E11.9,Type 2 diabetes mellitus without complications,Primary,11-02-2025,Moderate
DX_003302,ADM_02071,P_03109,F32.9,"Major depressive disorder, single episode",  Secondary  ,2025-02-11,Moderate
DX_003303,ADM_02072,P_03109,N18.9,"Chronic kidney disease, unspecified",Primary,2025-03-22,Severe
DX_003304,ADM_02072,P_03109,I21.9,"Acute myocardial infarction, unspecified",Secondary,2025-03-22,Severe
DX_003305,ADM_02073,P_02265,N18.9,"Chronic kidney disease, unspecified",Primary,2024-12-04,Severe
DX_003306,ADM_02073,P_02265,E11.9,Type 2 diabetes mellitus without complications,Secondary,2024-12-04,Moderate
DX_003307,ADM_02074,P_00638,I10,Essential (primary) hypertension,Primary,2024-05-07,Moderate
DX_003308,ADM_02075,P_03402,I50.9,"Heart failure, unspecified",Primary,2025-03-14,Severe
DX_003309,ADM_02075,P_03402,J44.9,"Chronic obstructive pulmonary disease, unspecified",Secondary,2025-03-14,Severe
DX_003310,ADM_02076,P_02584,I50.9,"Heart failure, unspecified",  Primary  ,29-01-2024,Severe
DX_003311,ADM_02077,P_01007,J44.9,"Chronic obstructive pulmonary disease, unspecified",Primary,2025-02-03,Severe
DX_003312,ADM_02077,P_01007,C34.90,Malignant neoplasm of unspecified part of bronchus or lung,Secondary,2025-02-03,Severe
DX_003313,ADM_02078,P_00546,A41.9,"Sepsis, unspecified organism",Primary,2024-07-10,Severe
DX_003314,ADM_02078,P_00546,I50.9,"Heart failure, unspecified",Secondary,2024-07-10,Severe
DX_003315,ADM_02079,P_01407,I50.9,"Heart failure, unspecified",Primary,2025-05-12,Severe
DX_003316,ADM_02079,P_01407,J44.9,"Chronic obstructive pulmonary disease, unspecified",Secondary,2025-05-12,Severe
DX_003317,ADM_02080,P_02164,A41.9,"Sepsis, unspecified organism",Primary,2024-08-02,Severe
DX_003318,ADM_02081,P_01882,I50.9,"Heart failure, unspecified",Primary,2024-05-25,Severe
DX_003319,ADM_02082,P_02936,N18.9,"Chronic kidney disease, unspecified",Primary,2025-01-13,Severe
DX_003320,ADM_02082,P_02936,E11.9,Type 2 diabetes mellitus without complications,Secondary,2025-01-13,  Moderate  
DX_003321,ADM_02083,P_00834,J18.9,"Pneumonia, unspecified organism",Primary,2025-03-22,Moderate
DX_003322,ADM_02083,P_00834,F32.9,"Major depressive disorder, single episode",Secondary,2025-03-22,Moderate
DX_003323,ADM_02084,P_00834,M54.5,Low back pain,Primary,2025-04-06,Mild
DX_003324,ADM_02084,P_00834,F32.9,"Major depressive disorder, single episode",Secondary,2025-04-06,Moderate
DX_003325,ADM_02085,P_02359,F32.9,"Major depressive disorder, single episode",PRIMARY,2024-05-30,Moderate
DX_003326,ADM_02086,P_01184,K21.9,Gastro-esophageal reflux disease without esophagitis,Primary,2025-01-26,Mild
DX_003327,ADM_02086,P_01184,C34.90,Malignant neoplasm of unspecified part of bronchus or lung,Secondary,2025-01-26,severe
DX_003328,ADM_02087,P_02944,I10,Essential (primary) hypertension,Primary,2024-04-01,Moderate
DX_003329,ADM_02087,P_02944,K21.9,Gastro-esophageal reflux disease without esophagitis,Secondary,2024-04-01,Mild
DX_003330,ADM_02088,P_02944,I21.9,"Acute myocardial infarction, unspecified",Primary,2024-04-12,Severe
DX_003331,ADM_02088,P_02944,E11.9,Type 2 diabetes mellitus without complications,Secondary,2024-04-12,Moderate
DX_003332,ADM_02089,P_01504,F32.9,"Major depressive disorder, single episode",Primary,2024-03-23,Moderate
DX_003333,ADM_02090,P_01671,J44.9,"Chronic obstructive pulmonary disease, unspecified",primary,2025-01-20,Severe
DX_003334,ADM_02091,P_01031,N18.9,"Chronic kidney disease, unspecified",Primary,2024-05-27,SEVERE
DX_003335,ADM_02091,P_01031,I50.9,"Heart failure, unspecified",Secondary,05/27/2024,Severe
DX_003336,ADM_02092,P_01812,I21.9,"Acute myocardial infarction, unspecified",Primary,09-05-2024,Severe
DX_003337,ADM_02092,P_01812,I50.9,"Heart failure, unspecified",Secondary,2024-05-09,Severe
DX_003338,ADM_02093,P_02670,N18.9,"Chronic kidney disease, unspecified",Primary,2024-11-12,Severe
DX_003339,ADM_02093,P_02670,A41.9,"Sepsis, unspecified organism",Secondary,2024-11-12,Severe
DX_003340,ADM_02094,P_02670,E11.9,Type 2 diabetes mellitus without complications,Primary,2024-12-13,Moderate
DX_003341,ADM_02094,P_02670,I50.9,"Heart failure, unspecified",Secondary,2024-12-13,Severe
DX_003342,ADM_02095,P_01476,K21.9,Gastro-esophageal reflux disease without esophagitis,Primary,2025-03-13,Mild
DX_003343,ADM_02096,P_00489,A41.9,"Sepsis, unspecified organism",Primary,2024-07-07,severe
DX_003344,ADM_02097,P_02167,I50.9,"Heart failure, unspecified",Primary,2025-03-14,SEVERE
DX_003345,ADM_02097,P_02167,K21.9,Gastro-esophageal reflux disease without esophagitis,Secondary,2025-03-14,Mild
DX_003346,ADM_02098,P_02816,C34.90,Malignant neoplasm of unspecified part of bronchus or lung,Primary,2024-01-25,Severe
DX_003347,ADM_02098,P_02816,J18.9,"Pneumonia, unspecified organism",Secondary,2024-01-25,Moderate
DX_003348,ADM_02099,P_02285,A41.9,"Sepsis, unspecified organism",Primary,2024-05-13,Severe
DX_003349,ADM_02099,P_02285,C34.90,Malignant neoplasm of unspecified part of bronchus or lung,Secondary,2024-05-13,Severe
DX_003350,ADM_02100,P_00106,I10,Essential (primary) hypertension,primary,2024-02-16,Moderate
DX_003351,ADM_02100,P_00106,K21.9,Gastro-esophageal reflux disease without esophagitis,Secondary,2024-02-16,Mild
DX_003352,ADM_02101,P_00978,M54.5,Low back pain,Primary,2024-09-30,Mild
DX_003353,ADM_02102,P_00689,M54.5,Low back pain,Primary,2024-04-15,Mild
DX_003354,ADM_02102,P_00689,I50.9,"Heart failure, unspecified",Secondary,2024-04-15,Severe
DX_003355,ADM_02103,P_00291,E11.9,Type 2 diabetes mellitus without complications,Primary,2024-11-19,Moderate
DX_003356,ADM_02103,P_00291,N18.9,"Chronic kidney disease, unspecified",Secondary,2024-11-19,Severe
DX_003357,ADM_02104,P_03046,C34.90,Malignant neoplasm of unspecified part of bronchus or lung,Primary,2024-07-18,Severe
DX_003358,ADM_02105,P_02437,J44.9,"Chronic obstructive pulmonary disease, unspecified",Primary,2024-05-04,Severe
DX_003359,ADM_02106,P_00420,M54.5,Low back pain,Primary,2025-02-13,Mild
DX_003360,ADM_02106,P_00420,I21.9,"Acute myocardial infarction, unspecified",Secondary,2025-02-13,Severe
DX_003361,ADM_02107,P_00420,N18.9,"Chronic kidney disease, unspecified",Primary,2025-03-12,Severe
DX_003362,ADM_02107,P_00420,M54.5,Low back pain,Secondary,2025-03-12,MILD
DX_003363,ADM_02108,P_00152,F32.9,"Major depressive disorder, single episode",Primary,2024-06-22,Moderate
DX_003364,ADM_02109,P_01091,J18.9,"Pneumonia, unspecified organism",Primary,2024-02-12,Moderate
DX_003365,ADM_02109,P_01091,C34.90,Malignant neoplasm of unspecified part of bronchus or lung,Secondary,2024-02-12,Severe
DX_003366,ADM_02110,P_00675,I50.9,"Heart failure, unspecified",Primary,2024-01-02,Severe
DX_003367,ADM_02111,P_01702,E11.9,Type 2 diabetes mellitus without complications,Primary,2024-01-01,Moderate
DX_003368,ADM_02111,P_01702,K21.9,Gastro-esophageal reflux disease without esophagitis,Secondary,2024-01-01,Mild
DX_003369,ADM_02112,P_01969,C34.90,Malignant neoplasm of unspecified part of bronchus or lung,Primary,2024-10-12,Severe
DX_003370,ADM_02113,P_03233,A41.9,"Sepsis, unspecified organism",Primary,2025-05-07,Severe
DX_003371,ADM_02113,P_03233,E11.9,Type 2 diabetes mellitus without complications,Secondary,2025-05-07,Moderate
DX_003372,ADM_02114,P_00708,F32.9,"Major depressive disorder, single episode",Primary,2024-10-10,  Moderate  
DX_003373,ADM_02115,P_02876,J44.9,"Chronic obstructive pulmonary disease, unspecified",Primary,2024-10-07,Severe
DX_003374,ADM_02116,P_01893,J44.9,"Chronic obstructive pulmonary disease, unspecified",Primary,2024-07-21,Severe
DX_003375,ADM_02117,P_02608,C34.90,Malignant neoplasm of unspecified part of bronchus or lung,Primary,2024-09-15,Severe
DX_003376,ADM_02117,P_02608,J18.9,"Pneumonia, unspecified organism",Secondary,2024-09-15,moderate
DX_003377,ADM_02118,P_00253,M54.5,Low back pain,Primary,2024-05-26,Mild
DX_003378,ADM_02118,P_00253,F32.9,"Major depressive disorder, single episode",Secondary,2024/05/26 00:00:00,Moderate
DX_003379,ADM_02119,P_01055,M54.5,Low back pain,Primary,2024-01-08,Mild
DX_003380,ADM_02119,P_01055,F32.9,"Major depressive disorder, single episode",Secondary,2024-01-08,Moderate
DX_003381,ADM_02120,P_01055,A41.9,"Sepsis, unspecified organism",Primary,2024-02-06,Severe
DX_003382,ADM_02120,P_01055,I10,Essential (primary) hypertension,Secondary,2024-02-06,Moderate
DX_003383,ADM_02121,P_02185,K21.9,Gastro-esophageal reflux disease without esophagitis,Primary,2024-02-04,Mild
DX_003384,ADM_02121,P_02185,M54.5,Low back pain,Secondary,2024-02-04,Mild
DX_003385,ADM_02122,P_00695,I10,Essential (primary) hypertension,Primary,2024-12-26,Moderate
DX_003386,ADM_02122,P_00695,A41.9,"Sepsis, unspecified organism",Secondary,2024-12-26,Severe
DX_003387,ADM_02123,P_02903,M54.5,Low back pain,Primary,2024-05-19,Mild
DX_003388,ADM_02123,P_02903,F32.9,"Major depressive disorder, single episode",Secondary,2024-05-19,Moderate
DX_003389,ADM_02124,P_02858,I21.9,"Acute myocardial infarction, unspecified",Primary,2024-04-19,Severe
DX_003390,ADM_02124,P_02858,C34.90,Malignant neoplasm of unspecified part of bronchus or lung,Secondary,2024-04-19,Severe
DX_003391,ADM_02125,P_03133,I10,Essential (primary) hypertension,Primary,2024-09-14,Moderate
DX_003392,ADM_02125,P_03133,M54.5,Low back pain,Secondary,09/14/2024,Mild
DX_003393,ADM_02126,P_03133,J44.9,"Chronic obstructive pulmonary disease, unspecified",Primary,2024-10-08,Severe
DX_003394,ADM_02127,P_01922,M54.5,Low back pain,Primary,2024-11-24,Mild
DX_003395,ADM_02127,P_01922,K21.9,Gastro-esophageal reflux disease without esophagitis,Secondary,2024-11-24,Mild
DX_003396,ADM_02128,P_01817,C34.90,Malignant neoplasm of unspecified part of bronchus or lung,Primary,2024-01-09,Severe
DX_003397,ADM_02128,P_01817,I21.9,"Acute myocardial infarction, unspecified",Secondary,2024-01-09,Severe
DX_003398,ADM_02129,P_00166,C34.90,Malignant neoplasm of unspecified part of bronchus or lung,Primary,2024-10-27,Severe
DX_003399,ADM_02129,P_00166,I10,Essential (primary) hypertension,Secondary,2024-10-27,Moderate
DX_003400,ADM_02130,P_02194,N18.9,"Chronic kidney disease, unspecified",Primary,2024-06-11,Severe
DX_003401,ADM_02130,P_02194,M54.5,Low back pain,Secondary,2024-06-11,Mild
DX_003402,ADM_02131,P_02194,I21.9,"Acute myocardial infarction, unspecified",Primary,2024-06-19,Severe
DX_003403,ADM_02132,P_00969,I10,Essential (primary) hypertension,Primary,2025-05-13,Moderate
DX_003404,ADM_02133,P_00547,J18.9,"Pneumonia, unspecified organism",Primary,2024-07-01,Moderate
DX_003405,ADM_02133,P_00547,E11.9,Type 2 diabetes mellitus without complications,Secondary,2024-07-01,Moderate
DX_003406,ADM_02134,P_02592,E11.9,Type 2 diabetes mellitus without complications,Primary,2024-08-05,Moderate
DX_003407,ADM_02135,P_00867,F32.9,"Major depressive disorder, single episode",Primary,2024-06-06,Moderate
DX_003408,ADM_02135,P_00867,A41.9,"Sepsis, unspecified organism",  Secondary  ,2024-06-06,Severe
DX_003409,ADM_02136,P_00071,J44.9,"Chronic obstructive pulmonary disease, unspecified",Primary,2024-06-16,Severe
DX_003410,ADM_02137,P_00071,C34.90,Malignant neoplasm of unspecified part of bronchus or lung,Primary,2024-07-13,Severe
DX_003411,ADM_02137,P_00071,M54.5,Low back pain,Secondary,2024-07-13,Mild
DX_003412,ADM_02138,P_00531,J18.9,"Pneumonia, unspecified organism",Primary,2024-03-25,Moderate
DX_003413,ADM_02138,P_00531,N18.9,"Chronic kidney disease, unspecified",  Secondary  ,2024-03-25,Severe
DX_003414,ADM_02139,P_02685,I50.9,"Heart failure, unspecified",Primary,2025-04-13,Severe
DX_003415,ADM_02139,P_02685,N18.9,"Chronic kidney disease, unspecified",Secondary,2025-04-13,Severe
DX_003416,ADM_02140,P_00536,I10,Essential (primary) hypertension,PRIMARY,2024-06-25,Moderate
DX_003417,ADM_02140,P_00536,K21.9,Gastro-esophageal reflux disease without esophagitis,Secondary,2024-06-25,Mild
DX_003418,ADM_02141,P_03221,I50.9,"Heart failure, unspecified",Primary,2024-11-20,Severe
DX_003419,ADM_02142,P_01378,C34.90,Malignant neoplasm of unspecified part of bronchus or lung,Primary,2025-02-14,Severe
DX_003420,ADM_02142,P_01378,E11.9,Type 2 diabetes mellitus without complications,Secondary,2025-02-14,Moderate
DX_003421,ADM_02143,P_01857,N18.9,"Chronic kidney disease, unspecified",Primary,2024-06-18,Severe
DX_003422,ADM_02143,P_01857,J44.9,"Chronic obstructive pulmonary disease, unspecified",Secondary,2024-06-18,Severe
DX_003423,ADM_02144,P_01710,F32.9,"Major depressive disorder, single episode",Primary,2025-01-31,Moderate
DX_003424,ADM_02145,P_01710,K21.9,Gastro-esophageal reflux disease without esophagitis,Primary,2025-02-21,Mild
DX_003425,ADM_02146,P_03328,E11.9,Type 2 diabetes mellitus without complications,Primary,2025-01-07,Moderate
DX_003426,ADM_02146,P_03328,M54.5,Low back pain,Secondary,2025-01-07,Mild
DX_003427,ADM_02147,P_00699,E11.9,Type 2 diabetes mellitus without complications,Primary,2025-04-27,Moderate
DX_003428,ADM_02148,P_01718,J18.9,"Pneumonia, unspecified organism",Primary,2025-02-10,Moderate
DX_003429,ADM_02149,P_03300,F32.9,"Major depressive disorder, single episode",Primary,2025-01-30,Moderate
DX_003430,ADM_02149,P_03300,N18.9,"Chronic kidney disease, unspecified",Secondary,2025-01-30,Severe
DX_003431,ADM_02150,P_02413,J18.9,"Pneumonia, unspecified organism",Primary,2024-11-14,Moderate
DX_003432,ADM_02151,P_01343,I21.9,"Acute myocardial infarction, unspecified",Primary,2024-04-17,Severe
DX_003433,ADM_02152,P_02396,N18.9,"Chronic kidney disease, unspecified",Primary,2024-11-11,Severe
DX_003434,ADM_02153,P_01391,J44.9,"Chronic obstructive pulmonary disease, unspecified",Primary,2024-01-20,Severe
DX_003435,ADM_02153,P_01391,M54.5,Low back pain,secondary,2024-01-20,Mild
DX_003436,ADM_02154,P_01403,I21.9,"Acute myocardial infarction, unspecified",Primary,2024-12-31,Severe
DX_003437,ADM_02155,P_01700,I21.9,"Acute myocardial infarction, unspecified",Primary,2025-01-13,Severe
DX_003438,ADM_02156,P_02226,J18.9,"Pneumonia, unspecified organism",Primary,2024-02-05,moderate
DX_003439,ADM_02157,P_02492,F32.9,"Major depressive disorder, single episode",Primary,2024-07-11,Moderate
DX_003440,ADM_02158,P_02492,I10,Essential (primary) hypertension,Primary,2024-07-26,Moderate
DX_003441,ADM_02158,P_02492,K21.9,Gastro-esophageal reflux disease without esophagitis,Secondary,2024-07-26,mild
DX_003442,ADM_02159,P_00536,F32.9,"Major depressive disorder, single episode",Primary,2025-01-17,Moderate
DX_003443,ADM_02159,P_00536,I21.9,"Acute myocardial infarction, unspecified",Secondary,2025-01-17,Severe
DX_003444,ADM_02160,P_01451,M54.5,Low back pain,Primary,2024-01-12,Mild
DX_003445,ADM_02160,P_01451,C34.90,Malignant neoplasm of unspecified part of bronchus or lung,Secondary,2024-01-12,Severe
DX_003446,ADM_02161,P_00313,I50.9,"Heart failure, unspecified",Primary,2024-09-26,Severe
DX_003447,ADM_02161,P_00313,J18.9,"Pneumonia, unspecified organism",Secondary,26-09-2024,Moderate
DX_003448,ADM_02162,P_00313,I21.9,"Acute myocardial infarction, unspecified",Primary,2024-10-17,Severe
DX_003449,ADM_02162,P_00313,I10,Essential (primary) hypertension,Secondary,2024-10-17,Moderate
DX_003450,ADM_02163,P_02666,F32.9,"Major depressive disorder, single episode",Primary,2025-04-06,Moderate
DX_003451,ADM_02163,P_02666,I50.9,"Heart failure, unspecified",Secondary,2025-04-06,Severe
DX_003452,ADM_02164,P_00773,N18.9,"Chronic kidney disease, unspecified",primary,2024-12-20,Severe
DX_003453,ADM_02165,P_02511,F32.9,"Major depressive disorder, single episode",Primary,2024-09-03,Moderate
DX_003454,ADM_02165,P_02511,E11.9,Type 2 diabetes mellitus without complications,Secondary,2024-09-03,Moderate
DX_003455,ADM_02166,P_00198,I21.9,"Acute myocardial infarction, unspecified",Primary,2024-04-13,Severe
DX_003456,ADM_02167,P_00948,J44.9,"Chronic obstructive pulmonary disease, unspecified",Primary,2024-09-15,Severe
DX_003457,ADM_02167,P_00948,I50.9,"Heart failure, unspecified",Secondary,2024-09-15,Severe
DX_003458,ADM_02168,P_02168,M54.5,Low back pain,Primary,2024-05-07,Mild
DX_003459,ADM_02169,P_02168,M54.5,Low back pain,Primary,2024-05-21,Mild
DX_003460,ADM_02169,P_02168,I50.9,"Heart failure, unspecified",Secondary,2024-05-21,Severe
DX_003461,ADM_02170,P_00066,N18.9,"Chronic kidney disease, unspecified",Primary,2025-04-15,Severe
DX_003462,ADM_02170,P_00066,A41.9,"Sepsis, unspecified organism",Secondary,2025-04-15,Severe
DX_003463,ADM_02171,P_02267,A41.9,"Sepsis, unspecified organism",Primary,2024-01-25,Severe
DX_003464,ADM_02172,P_00129,I50.9,"Heart failure, unspecified",Primary,2024-05-03,Severe
DX_003465,ADM_02172,P_00129,I21.9,"Acute myocardial infarction, unspecified",Secondary,2024-05-03,Severe
DX_003466,ADM_02173,P_02963,E11.9,Type 2 diabetes mellitus without complications,Primary,2024-09-12,Moderate
DX_003467,ADM_02174,P_02963,E11.9,Type 2 diabetes mellitus without complications,Primary,2024-10-05,Moderate
DX_003468,ADM_02174,P_02963,F32.9,"Major depressive disorder, single episode",Secondary,2024-10-05,  Moderate  
DX_003469,ADM_02175,P_03135,E11.9,Type 2 diabetes mellitus without complications,Primary,2024-07-12,Moderate
DX_003470,ADM_02176,P_02530,M54.5,Low back pain,Primary,2024-04-16,Mild
DX_003471,ADM_02176,P_02530,E11.9,Type 2 diabetes mellitus without complications,Secondary,2024-04-16,Moderate
DX_003472,ADM_02177,P_02513,E11.9,Type 2 diabetes mellitus without complications,Primary,2025-02-16,Moderate
DX_003473,ADM_02177,P_02513,J18.9,"Pneumonia, unspecified organism",Secondary,2025-02-16,Moderate
DX_003474,ADM_02178,P_03161,I10,Essential (primary) hypertension,Primary,2024-02-25,Moderate
DX_003475,ADM_02178,P_03161,F32.9,"Major depressive disorder, single episode",Secondary,2024-02-25,Moderate
DX_003476,ADM_02179,P_03161,I50.9,"Heart failure, unspecified",Primary,2024-03-15,Severe
DX_003477,ADM_02179,P_03161,F32.9,"Major depressive disorder, single episode",Secondary,2024-03-15,  Moderate  
DX_003478,ADM_02180,P_00842,N18.9,"Chronic kidney disease, unspecified",Primary,2025-02-25,Severe
DX_003479,ADM_02180,P_00842,J18.9,"Pneumonia, unspecified organism",Secondary,2025-02-25,Moderate
DX_003480,ADM_02181,P_00842,E11.9,Type 2 diabetes mellitus without complications,Primary,2025-03-30,Moderate
DX_003481,ADM_02181,P_00842,A41.9,"Sepsis, unspecified organism",Secondary,2025/03/30 00:00:00,  Severe  
DX_003482,ADM_02182,P_00773,E11.9,Type 2 diabetes mellitus without complications,Primary,2024-04-15,Moderate
DX_003483,ADM_02182,P_00773,C34.90,Malignant neoplasm of unspecified part of bronchus or lung,Secondary,2024-04-15,Severe
DX_003484,ADM_02183,P_01276,F32.9,"Major depressive disorder, single episode",primary,2024-06-10,Moderate
DX_003485,ADM_02183,P_01276,I10,Essential (primary) hypertension,Secondary,2024-06-10,Moderate
DX_003486,ADM_02184,P_00094,I10,Essential (primary) hypertension,Primary,2024-07-11,  Moderate  
DX_003487,ADM_02185,P_00059,E11.9,Type 2 diabetes mellitus without complications,Primary,2024-08-13,Moderate
DX_003488,ADM_02185,P_00059,I10,Essential (primary) hypertension,Secondary,2024-08-13,Moderate
DX_003489,ADM_02186,P_00506,A41.9,"Sepsis, unspecified organism",Primary,2024-06-05,Severe
DX_003490,ADM_02187,P_00506,C34.90,Malignant neoplasm of unspecified part of bronchus or lung,Primary,2024-06-25,Severe
DX_003491,ADM_02187,P_00506,F32.9,"Major depressive disorder, single episode",Secondary,2024-06-25,Moderate
DX_003492,ADM_02188,P_01171,I21.9,"Acute myocardial infarction, unspecified",Primary,2024-05-05,Severe
DX_003493,ADM_02188,P_01171,I10,Essential (primary) hypertension,Secondary,2024-05-05,Moderate
DX_003494,ADM_02189,P_01171,E11.9,Type 2 diabetes mellitus without complications,Primary,2024-06-10,Moderate
DX_003495,ADM_02189,P_01171,N18.9,"Chronic kidney disease, unspecified",secondary,2024-06-10,Severe
DX_003496,ADM_02190,P_02372,A41.9,"Sepsis, unspecified organism",Primary,2024-05-07,Severe
DX_003497,ADM_02190,P_02372,E11.9,Type 2 diabetes mellitus without complications,Secondary,2024/05/07 00:00:00,Moderate
DX_003498,ADM_02191,P_01790,J18.9,"Pneumonia, unspecified organism",Primary,2024-06-16,Moderate
DX_003499,ADM_02192,P_00688,F32.9,"Major depressive disorder, single episode",Primary,2024-03-21,Moderate
DX_003500,ADM_02193,P_00688,E11.9,Type 2 diabetes mellitus without complications,Primary,2024-04-17,Moderate
DX_003501,ADM_02193,P_00688,F32.9,"Major depressive disorder, single episode",Secondary,2024-04-17,Moderate
DX_003502,ADM_02194,P_01860,M54.5,Low back pain,Primary,2025-01-28,Mild
DX_003503,ADM_02195,P_02200,N18.9,"Chronic kidney disease, unspecified",Primary,2024-09-28,Severe
DX_003504,ADM_02195,P_02200,C34.90,Malignant neoplasm of unspecified part of bronchus or lung,Secondary,2024-09-28,severe
DX_003505,ADM_02196,P_02200,M54.5,Low back pain,Primary,2024-10-25,Mild
DX_003506,ADM_02197,P_03389,N18.9,"Chronic kidney disease, unspecified",Primary,2025-05-03,Severe
DX_003507,ADM_02197,P_03389,E11.9,Type 2 diabetes mellitus without complications,Secondary,2025-05-03,Moderate
DX_003508,ADM_02198,P_01574,F32.9,"Major depressive disorder, single episode",Primary,2024-11-15,Moderate
DX_003509,ADM_02199,P_02392,C34.90,Malignant neoplasm of unspecified part of bronchus or lung,Primary,2024-06-09,  Severe  
DX_003510,ADM_02200,P_01223,N18.9,"Chronic kidney disease, unspecified",Primary,2024-05-08,Severe
DX_003511,ADM_02200,P_01223,A41.9,"Sepsis, unspecified organism",Secondary,2024-05-08,Severe
DX_003512,ADM_02201,P_02393,E11.9,Type 2 diabetes mellitus without complications,Primary,2024-01-16,Moderate
DX_003513,ADM_02201,P_02393,C34.90,Malignant neoplasm of unspecified part of bronchus or lung,Secondary,2024-01-16,Severe
DX_003514,ADM_02202,P_01242,F32.9,"Major depressive disorder, single episode",Primary,2025-05-15,Moderate
DX_003515,ADM_02203,P_01242,I50.9,"Heart failure, unspecified",Primary,2025-06-07,Severe
DX_003516,ADM_02203,P_01242,M54.5,Low back pain,Secondary,2025-06-07,Mild
DX_003517,ADM_02204,P_01353,J18.9,"Pneumonia, unspecified organism",Primary,2024-09-09,Moderate
DX_003518,ADM_02205,P_01353,M54.5,Low back pain,Primary,2024-10-14,Mild
DX_003519,ADM_02205,P_01353,I10,Essential (primary) hypertension,Secondary,2024-10-14,Moderate
DX_003520,ADM_02206,P_02454,A41.9,"Sepsis, unspecified organism",Primary,2025-01-26,Severe
DX_003521,ADM_02207,P_01540,E11.9,Type 2 diabetes mellitus without complications,Primary,2025-04-25,Moderate
DX_003522,ADM_02207,P_01540,F32.9,"Major depressive disorder, single episode",Secondary,2025-04-25,Moderate
DX_003523,ADM_02208,P_03087,C34.90,Malignant neoplasm of unspecified part of bronchus or lung,Primary,2024-08-04,Severe
DX_003524,ADM_02209,P_03087,E11.9,Type 2 diabetes mellitus without complications,primary,2024-08-11,Moderate
DX_003525,ADM_02210,P_00526,C34.90,Malignant neoplasm of unspecified part of bronchus or lung,Primary,2024-12-23,Severe
DX_003526,ADM_02211,P_01891,I10,Essential (primary) hypertension,Primary,2025-04-05,Moderate
DX_003527,ADM_02212,P_01891,I50.9,"Heart failure, unspecified",Primary,2025-05-09,Severe
DX_003528,ADM_02212,P_01891,I21.9,"Acute myocardial infarction, unspecified",Secondary,2025-05-09,SEVERE
DX_003529,ADM_02213,P_01735,J44.9,"Chronic obstructive pulmonary disease, unspecified",Primary,2024-12-10,Severe
DX_003530,ADM_02214,P_00052,K21.9,Gastro-esophageal reflux disease without esophagitis,  Primary  ,2024-10-27,MILD
DX_003531,ADM_02214,P_00052,E11.9,Type 2 diabetes mellitus without complications,Secondary,2024-10-27,Moderate
DX_003532,ADM_02215,P_00360,I21.9,"Acute myocardial infarction, unspecified",Primary,2025-03-29,Severe
DX_003533,ADM_02215,P_00360,C34.90,Malignant neoplasm of unspecified part of bronchus or lung,Secondary,2025-03-29,Severe
DX_003534,ADM_02216,P_00727,I21.9,"Acute myocardial infarction, unspecified",Primary,2024-06-25,Severe
DX_003535,ADM_02216,P_00727,E11.9,Type 2 diabetes mellitus without complications,Secondary,2024-06-25,Moderate
DX_003536,ADM_02217,P_02915,J44.9,"Chronic obstructive pulmonary disease, unspecified",Primary,2025-03-21,Severe
DX_003537,ADM_02217,P_02915,M54.5,Low back pain,Secondary,2025-03-21,Mild
DX_003538,ADM_02218,P_02007,A41.9,"Sepsis, unspecified organism",Primary,2024-06-22,Severe
DX_003539,ADM_02219,P_00214,E11.9,Type 2 diabetes mellitus without complications,Primary,2025-04-09,Moderate
DX_003540,ADM_02219,P_00214,A41.9,"Sepsis, unspecified organism",Secondary,2025-04-09,Severe
DX_003541,ADM_02220,P_00214,I21.9,"Acute myocardial infarction, unspecified",Primary,2025-04-24,Severe
DX_003542,ADM_02221,P_01918,C34.90,Malignant neoplasm of unspecified part of bronchus or lung,primary,2024-12-20,Severe
DX_003543,ADM_02222,P_01706,M54.5,Low back pain,primary,2025-03-16,Mild
DX_003544,ADM_02223,P_01236,A41.9,"Sepsis, unspecified organism",Primary,2024-10-16,Severe
DX_003545,ADM_02223,P_01236,F32.9,"Major depressive disorder, single episode",secondary,2024-10-16,Moderate
DX_003546,ADM_02224,P_01590,A41.9,"Sepsis, unspecified organism",Primary,2024-07-27,Severe
DX_003547,ADM_02224,P_01590,K21.9,Gastro-esophageal reflux disease without esophagitis,Secondary,2024-07-27,Mild
DX_003548,ADM_02225,P_01590,J18.9,"Pneumonia, unspecified organism",Primary,2024-08-07,Moderate
DX_003549,ADM_02225,P_01590,N18.9,"Chronic kidney disease, unspecified",Secondary,2024-08-07,Severe
DX_003550,ADM_02226,P_01693,F32.9,"Major depressive disorder, single episode",Primary,2025-03-18,Moderate
DX_003551,ADM_02227,P_01369,J18.9,"Pneumonia, unspecified organism",Primary,2024-04-06,Moderate
DX_003552,ADM_02228,P_00306,M54.5,Low back pain,Primary,2024-03-17,Mild
DX_003553,ADM_02228,P_00306,J18.9,"Pneumonia, unspecified organism",Secondary,2024-03-17,Moderate
DX_003554,ADM_02229,P_02431,I21.9,"Acute myocardial infarction, unspecified",Primary,2024-02-11,Severe
DX_003555,ADM_02230,P_02325,M54.5,Low back pain,Primary,2025-03-08,  Mild  
DX_003556,ADM_02230,P_02325,F32.9,"Major depressive disorder, single episode",Secondary,2025-03-08,Moderate
DX_003557,ADM_02231,P_03113,I50.9,"Heart failure, unspecified",Primary,2024-10-23,Severe
DX_003558,ADM_02232,P_02340,A41.9,"Sepsis, unspecified organism",Primary,2024-11-17,Severe
DX_003559,ADM_02232,P_02340,I10,Essential (primary) hypertension,Secondary,2024-11-17,Moderate
DX_003560,ADM_02233,P_00350,M54.5,Low back pain,Primary,2024-08-05,Mild
DX_003561,ADM_02233,P_00350,K21.9,Gastro-esophageal reflux disease without esophagitis,Secondary,2024-08-05,Mild
DX_003562,ADM_02234,P_02027,F32.9,"Major depressive disorder, single episode",Primary,2024-05-13,Moderate
DX_003563,ADM_02234,P_02027,C34.90,Malignant neoplasm of unspecified part of bronchus or lung,Secondary,2024-05-13,SEVERE
DX_003564,ADM_02235,P_03403,C34.90,Malignant neoplasm of unspecified part of bronchus or lung,Primary,2024-04-02,Severe
DX_003565,ADM_02235,P_03403,M54.5,Low back pain,Secondary,2024-04-02,Mild
DX_003566,ADM_02236,P_03403,I50.9,"Heart failure, unspecified",Primary,2024-04-16,Severe
DX_003567,ADM_02237,P_00963,I50.9,"Heart failure, unspecified",Primary,2025-04-26,SEVERE
DX_003568,ADM_02237,P_00963,J18.9,"Pneumonia, unspecified organism",Secondary,2025-04-26,Moderate
DX_003569,ADM_02238,P_02402,M54.5,Low back pain,Primary,2024-02-26,Mild
DX_003570,ADM_02239,P_03085,C34.90,Malignant neoplasm of unspecified part of bronchus or lung,Primary,2024-02-16,Severe
DX_003571,ADM_02239,P_03085,A41.9,"Sepsis, unspecified organism",Secondary,2024-02-16,Severe
DX_003572,ADM_02240,P_00999,C34.90,Malignant neoplasm of unspecified part of bronchus or lung,Primary,2024-12-15,Severe
DX_003573,ADM_02240,P_00999,M54.5,Low back pain,secondary,2024-12-15,mild
DX_003574,ADM_02241,P_02734,F32.9,"Major depressive disorder, single episode",primary,2024-04-25,Moderate
DX_003575,ADM_02241,P_02734,J18.9,"Pneumonia, unspecified organism",Secondary,2024-04-25,Moderate
DX_003576,ADM_02242,P_00615,M54.5,Low back pain,Primary,2024-04-08,Mild
DX_003577,ADM_02242,P_00615,I50.9,"Heart failure, unspecified",Secondary,2024-04-08,Severe
DX_003578,ADM_02243,P_00615,A41.9,"Sepsis, unspecified organism",Primary,2024-05-08,SEVERE
DX_003579,ADM_02244,P_01446,J18.9,"Pneumonia, unspecified organism",Primary,2024-08-20,Moderate
DX_003580,ADM_02244,P_01446,M54.5,Low back pain,Secondary,2024-08-20,Mild
DX_003581,ADM_02245,P_00681,I10,Essential (primary) hypertension,Primary,2024-09-23,Moderate
DX_003582,ADM_02246,P_01221,J18.9,"Pneumonia, unspecified organism",Primary,2025-03-05,Moderate
DX_003583,ADM_02246,P_01221,F32.9,"Major depressive disorder, single episode",Secondary,2025-03-05,Moderate
DX_003584,ADM_02247,P_01921,I50.9,"Heart failure, unspecified",Primary,2024-01-10,Severe
DX_003585,ADM_02247,P_01921,N18.9,"Chronic kidney disease, unspecified",Secondary,2024-01-10,Severe
DX_003586,ADM_02248,P_02146,I50.9,"Heart failure, unspecified",Primary,2024-12-29,severe
DX_003587,ADM_02248,P_02146,K21.9,Gastro-esophageal reflux disease without esophagitis,SECONDARY,2024-12-29,Mild
DX_003588,ADM_02249,P_00848,F32.9,"Major depressive disorder, single episode",Primary,2024-03-06,Moderate
DX_003589,ADM_02250,P_03437,A41.9,"Sepsis, unspecified organism",Primary,2024-02-11,Severe
DX_003590,ADM_02250,P_03437,J44.9,"Chronic obstructive pulmonary disease, unspecified",Secondary,2024-02-11,  Severe  
DX_003591,ADM_02251,P_00620,A41.9,"Sepsis, unspecified organism",Primary,2025-05-09,Severe
DX_003592,ADM_02251,P_00620,I10,Essential (primary) hypertension,  Secondary  ,2025-05-09,Moderate
DX_003593,ADM_02252,P_02813,J44.9,"Chronic obstructive pulmonary disease, unspecified",Primary,2025-03-14,Severe
DX_003594,ADM_02253,P_02813,A41.9,"Sepsis, unspecified organism",Primary,2025-04-14,Severe
DX_003595,ADM_02254,P_00569,I21.9,"Acute myocardial infarction, unspecified",Primary,2024-10-14,Severe
DX_003596,ADM_02255,P_02723,J18.9,"Pneumonia, unspecified organism",Primary,2024-12-29,Moderate
DX_003597,ADM_02255,P_02723,F32.9,"Major depressive disorder, single episode",Secondary,2024-12-29,Moderate
DX_003598,ADM_02256,P_02059,K21.9,Gastro-esophageal reflux disease without esophagitis,Primary,2024-08-26,Mild
DX_003599,ADM_02257,P_00857,I50.9,"Heart failure, unspecified",Primary,2024-08-05,Severe
DX_003600,ADM_02257,P_00857,I21.9,"Acute myocardial infarction, unspecified",Secondary,2024-08-05,severe
DX_003601,ADM_02258,P_02950,F32.9,"Major depressive disorder, single episode",primary,2024-06-04,Moderate
DX_003602,ADM_02258,P_02950,C34.90,Malignant neoplasm of unspecified part of bronchus or lung,SECONDARY,2024-06-04,Severe
DX_003603,ADM_02259,P_02950,I10,Essential (primary) hypertension,Primary,2024-06-25,Moderate
DX_003604,ADM_02259,P_02950,A41.9,"Sepsis, unspecified organism",secondary,2024-06-25,Severe
DX_003605,ADM_02260,P_03478,C34.90,Malignant neoplasm of unspecified part of bronchus or lung,Primary,2024-10-24,Severe
DX_003606,ADM_02260,P_03478,A41.9,"Sepsis, unspecified organism",Secondary,2024-10-24,Severe
DX_003607,ADM_02261,P_03478,I21.9,"Acute myocardial infarction, unspecified",Primary,2024-11-23,Severe
DX_003608,ADM_02262,P_02504,I10,Essential (primary) hypertension,PRIMARY,2025-01-02,Moderate
DX_003609,ADM_02262,P_02504,N18.9,"Chronic kidney disease, unspecified",Secondary,2025-01-02,Severe
DX_003610,ADM_02263,P_00127,A41.9,"Sepsis, unspecified organism",Primary,2024-09-08,Severe
DX_003611,ADM_02264,P_00811,E11.9,Type 2 diabetes mellitus without complications,Primary,2024-12-03,Moderate
DX_003612,ADM_02264,P_00811,J18.9,"Pneumonia, unspecified organism",Secondary,2024-12-03,Moderate
DX_003613,ADM_02265,P_01405,I50.9,"Heart failure, unspecified",Primary,2025-03-08,Severe
DX_003614,ADM_02266,P_01699,N18.9,"Chronic kidney disease, unspecified",Primary,2025-03-01,Severe
DX_003615,ADM_02267,P_03332,I21.9,"Acute myocardial infarction, unspecified",Primary,2024-01-28,Severe
DX_003616,ADM_02268,P_00253,N18.9,"Chronic kidney disease, unspecified",Primary,2025-02-08,Severe
DX_003617,ADM_02269,P_01631,M54.5,Low back pain,Primary,2024/03/18 00:00:00,Mild
DX_003618,ADM_02269,P_01631,I21.9,"Acute myocardial infarction, unspecified",Secondary,2024-03-18,Severe
DX_003619,ADM_02270,P_03259,N18.9,"Chronic kidney disease, unspecified",Primary,2024-11-05,Severe
DX_003620,ADM_02270,P_03259,M54.5,Low back pain,Secondary,2024-11-05,Mild
DX_003621,ADM_02271,P_02963,M54.5,Low back pain,Primary,2025-05-04,Mild
DX_003622,ADM_02271,P_02963,F32.9,"Major depressive disorder, single episode",  Secondary  ,2025-05-04,Moderate
DX_003623,ADM_02272,P_02963,J44.9,"Chronic obstructive pulmonary disease, unspecified",Primary,2025-05-11,Severe
DX_003624,ADM_02272,P_02963,I21.9,"Acute myocardial infarction, unspecified",Secondary,2025-05-11,Severe
DX_003625,ADM_02273,P_02921,A41.9,"Sepsis, unspecified organism",Primary,16-06-2024,Severe
DX_003626,ADM_02273,P_02921,I21.9,"Acute myocardial infarction, unspecified",Secondary,2024-06-16,Severe
DX_003627,ADM_02274,P_02035,K21.9,Gastro-esophageal reflux disease without esophagitis,Primary,2024-05-17,Mild
DX_003628,ADM_02274,P_02035,I50.9,"Heart failure, unspecified",Secondary,2024-05-17,Severe
DX_003629,ADM_02275,P_00348,K21.9,Gastro-esophageal reflux disease without esophagitis,Primary,2025-03-14,Mild
DX_003630,ADM_02275,P_00348,I10,Essential (primary) hypertension,Secondary,2025-03-14,Moderate
DX_003631,ADM_02276,P_00564,I21.9,"Acute myocardial infarction, unspecified",Primary,04/06/2025,Severe
DX_003632,ADM_02276,P_00564,K21.9,Gastro-esophageal reflux disease without esophagitis,Secondary,2025-04-06,Mild
DX_003633,ADM_02277,P_03298,J44.9,"Chronic obstructive pulmonary disease, unspecified",Primary,2024-02-25,Severe
DX_003634,ADM_02278,P_01102,C34.90,Malignant neoplasm of unspecified part of bronchus or lung,Primary,2024-12-07,Severe
DX_003635,ADM_02279,P_01102,M54.5,Low back pain,Primary,2024-12-21,Mild
DX_003636,ADM_02279,P_01102,I10,Essential (primary) hypertension,Secondary,2024-12-21,Moderate
DX_003637,ADM_02280,P_01080,F32.9,"Major depressive disorder, single episode",Primary,2025-02-02,Moderate
DX_003638,ADM_02281,P_03336,J44.9,"Chronic obstructive pulmonary disease, unspecified",Primary,2025-01-14,Severe
DX_003639,ADM_02281,P_03336,F32.9,"Major depressive disorder, single episode",Secondary,2025-01-14,Moderate
DX_003640,ADM_02282,P_01677,I10,Essential (primary) hypertension,Primary,2024-02-09,Moderate
DX_003641,ADM_02282,P_01677,N18.9,"Chronic kidney disease, unspecified",Secondary,2024-02-09,Severe
DX_003642,ADM_02283,P_02196,J44.9,"Chronic obstructive pulmonary disease, unspecified",Primary,2024-06-24,Severe
DX_003643,ADM_02284,P_00140,J18.9,"Pneumonia, unspecified organism",PRIMARY,2025-03-11,MODERATE
DX_003644,ADM_02285,P_02951,K21.9,Gastro-esophageal reflux disease without esophagitis,primary,2025-01-16,Mild
DX_003645,ADM_02285,P_02951,I10,Essential (primary) hypertension,Secondary,2025-01-16,  Moderate  
DX_003646,ADM_02286,P_00854,E11.9,Type 2 diabetes mellitus without complications,Primary,12/22/2024,Moderate
DX_003647,ADM_02287,P_00854,I21.9,"Acute myocardial infarction, unspecified",Primary,2025-01-27,Severe
DX_003648,ADM_02287,P_00854,M54.5,Low back pain,Secondary,2025-01-27,Mild
DX_003649,ADM_02288,P_03100,E11.9,Type 2 diabetes mellitus without complications,Primary,2024-07-15,Moderate
DX_003650,ADM_02288,P_03100,I10,Essential (primary) hypertension,Secondary,2024-07-15,Moderate
DX_003651,ADM_02289,P_03196,N18.9,"Chronic kidney disease, unspecified",Primary,2024-02-14,Severe
DX_003652,ADM_02290,P_01569,C34.90,Malignant neoplasm of unspecified part of bronchus or lung,Primary,2024/10/14 00:00:00,Severe
DX_003653,ADM_02291,P_00141,I21.9,"Acute myocardial infarction, unspecified",Primary,2024-09-09,Severe
DX_003654,ADM_02291,P_00141,I10,Essential (primary) hypertension,Secondary,2024-09-09,Moderate
DX_003655,ADM_02292,P_00557,M54.5,Low back pain,Primary,2024-12-08,Mild
DX_003656,ADM_02293,P_00557,F32.9,"Major depressive disorder, single episode",Primary,2025-01-10,Moderate
DX_003657,ADM_02294,P_00880,F32.9,"Major depressive disorder, single episode",Primary,2025-04-26,Moderate
DX_003658,ADM_02295,P_00047,I10,Essential (primary) hypertension,Primary,2024-11-12,Moderate
DX_003659,ADM_02295,P_00047,J44.9,"Chronic obstructive pulmonary disease, unspecified",secondary,2024-11-12,Severe
DX_003660,ADM_02296,P_00901,I50.9,"Heart failure, unspecified",Primary,2024-03-24,Severe
DX_003661,ADM_02296,P_00901,I21.9,"Acute myocardial infarction, unspecified",Secondary,2024-03-24,Severe
DX_003662,ADM_02297,P_00901,I21.9,"Acute myocardial infarction, unspecified",Primary,2024-04-23,Severe
DX_003663,ADM_02298,P_02062,I10,Essential (primary) hypertension,  Primary  ,2025-04-03,Moderate
DX_003664,ADM_02298,P_02062,N18.9,"Chronic kidney disease, unspecified",Secondary,2025-04-03,Severe
DX_003665,ADM_02299,P_01885,N18.9,"Chronic kidney disease, unspecified",Primary,2024-10-23,Severe
DX_003666,ADM_02299,P_01885,C34.90,Malignant neoplasm of unspecified part of bronchus or lung,Secondary,2024-10-23,Severe
DX_003667,ADM_02300,P_02701,E11.9,Type 2 diabetes mellitus without complications,primary,2024-09-08,Moderate
DX_003668,ADM_02300,P_02701,J18.9,"Pneumonia, unspecified organism",Secondary,2024-09-08,Moderate
DX_003669,ADM_02301,P_00794,E11.9,Type 2 diabetes mellitus without complications,Primary,2024-07-27,Moderate
DX_003670,ADM_02302,P_01602,M54.5,Low back pain,Primary,2024-04-13,Mild
DX_003671,ADM_02303,P_02973,N18.9,"Chronic kidney disease, unspecified",Primary,2024-01-03,Severe
DX_003672,ADM_02304,P_01109,N18.9,"Chronic kidney disease, unspecified",  Primary  ,2025-04-02,Severe
DX_003673,ADM_02304,P_01109,K21.9,Gastro-esophageal reflux disease without esophagitis,Secondary,2025-04-02,Mild
DX_003674,ADM_02305,P_00988,J18.9,"Pneumonia, unspecified organism",primary,2025-01-21,Moderate
DX_003675,ADM_02305,P_00988,E11.9,Type 2 diabetes mellitus without complications,Secondary,2025-01-21,Moderate
DX_003676,ADM_02306,P_02187,J44.9,"Chronic obstructive pulmonary disease, unspecified",Primary,2024-01-30,  Severe  
DX_003677,ADM_02307,P_00560,I50.9,"Heart failure, unspecified",Primary,2025-02-14,Severe
DX_003678,ADM_02308,P_00524,J18.9,"Pneumonia, unspecified organism",Primary,2024-05-19,moderate
DX_003679,ADM_02308,P_00524,E11.9,Type 2 diabetes mellitus without complications,Secondary,2024-05-19,Moderate
DX_003680,ADM_02309,P_00200,K21.9,Gastro-esophageal reflux disease without esophagitis,Primary,2024-10-15,Mild
DX_003681,ADM_02310,P_03194,N18.9,"Chronic kidney disease, unspecified",Primary,2024-07-16,Severe
DX_003682,ADM_02311,P_01913,E11.9,Type 2 diabetes mellitus without complications,Primary,2024-01-21,Moderate
DX_003683,ADM_02311,P_01913,M54.5,Low back pain,Secondary,2024-01-21,Mild
DX_003684,ADM_02312,P_00228,K21.9,Gastro-esophageal reflux disease without esophagitis,PRIMARY,2024-08-18,Mild
DX_003685,ADM_02312,P_00228,I50.9,"Heart failure, unspecified",Secondary,2024-08-18,Severe
DX_003686,ADM_02313,P_00228,K21.9,Gastro-esophageal reflux disease without esophagitis,Primary,2024-09-07,Mild
DX_003687,ADM_02313,P_00228,I21.9,"Acute myocardial infarction, unspecified",Secondary,2024-09-07,Severe
DX_003688,ADM_02314,P_03106,K21.9,Gastro-esophageal reflux disease without esophagitis,Primary,2024-11-18,Mild
DX_003689,ADM_02315,P_03460,F32.9,"Major depressive disorder, single episode",Primary,2025-01-20,Moderate
DX_003690,ADM_02315,P_03460,I10,Essential (primary) hypertension,Secondary,2025-01-20,Moderate
DX_003691,ADM_02316,P_00133,I10,Essential (primary) hypertension,Primary,2024-11-05,Moderate
DX_003692,ADM_02316,P_00133,J18.9,"Pneumonia, unspecified organism",Secondary,2024-11-05,Moderate
DX_003693,ADM_02317,P_00133,N18.9,"Chronic kidney disease, unspecified",Primary,2024-12-02,Severe
DX_003694,ADM_02317,P_00133,J44.9,"Chronic obstructive pulmonary disease, unspecified",Secondary,2024-12-02,Severe
DX_003695,ADM_02318,P_02040,J18.9,"Pneumonia, unspecified organism",Primary,2024-09-25,Moderate
DX_003696,ADM_02319,P_00055,I10,Essential (primary) hypertension,Primary,2024-05-30,Moderate
DX_003697,ADM_02319,P_00055,A41.9,"Sepsis, unspecified organism",Secondary,2024-05-30,severe
DX_003698,ADM_02320,P_01037,E11.9,Type 2 diabetes mellitus without complications,Primary,2024-07-02,Moderate
DX_003699,ADM_02320,P_01037,N18.9,"Chronic kidney disease, unspecified",SECONDARY,2024-07-02,Severe
DX_003700,ADM_02321,P_02388,K21.9,Gastro-esophageal reflux disease without esophagitis,primary,2024-04-10,Mild
DX_003701,ADM_02321,P_02388,I10,Essential (primary) hypertension,Secondary,2024-04-10,Moderate
DX_003702,ADM_02322,P_03064,K21.9,Gastro-esophageal reflux disease without esophagitis,Primary,2024-10-22,  Mild  
DX_003703,ADM_02323,P_00259,I21.9,"Acute myocardial infarction, unspecified",Primary,2024-06-09,Severe
DX_003704,ADM_02323,P_00259,C34.90,Malignant neoplasm of unspecified part of bronchus or lung,Secondary,06/09/2024,Severe
DX_003705,ADM_02324,P_03361,A41.9,"Sepsis, unspecified organism",Primary,2024-01-19,Severe
DX_003706,ADM_02324,P_03361,F32.9,"Major depressive disorder, single episode",SECONDARY,2024-01-19,Moderate
DX_003707,ADM_02325,P_00572,A41.9,"Sepsis, unspecified organism",Primary,2024-10-12,Severe
DX_003708,ADM_02325,P_00572,I50.9,"Heart failure, unspecified",Secondary,2024-10-12,Severe
DX_003709,ADM_02326,P_01918,N18.9,"Chronic kidney disease, unspecified",Primary,2025-03-12,Severe
DX_003710,ADM_02326,P_01918,K21.9,Gastro-esophageal reflux disease without esophagitis,Secondary,2025-03-12,Mild
DX_003711,ADM_02327,P_03406,J44.9,"Chronic obstructive pulmonary disease, unspecified",Primary,2025-03-06,Severe
DX_003712,ADM_02327,P_03406,J18.9,"Pneumonia, unspecified organism",Secondary,2025-03-06,Moderate
DX_003713,ADM_02328,P_03431,F32.9,"Major depressive disorder, single episode",Primary,2025-04-02,Moderate
DX_003714,ADM_02329,P_00069,N18.9,"Chronic kidney disease, unspecified",Primary,2024-10-15,Severe
DX_003715,ADM_02330,P_00069,E11.9,Type 2 diabetes mellitus without complications,  Primary  ,2024-11-06,Moderate
DX_003716,ADM_02331,P_01189,J18.9,"Pneumonia, unspecified organism",Primary,2024-01-11,Moderate
DX_003717,ADM_02331,P_01189,I10,Essential (primary) hypertension,Secondary,2024-01-11,Moderate
DX_003718,ADM_02332,P_00979,I21.9,"Acute myocardial infarction, unspecified",Primary,2024-12-19,Severe
DX_003719,ADM_02332,P_00979,N18.9,"Chronic kidney disease, unspecified",Secondary,2024-12-19,  Severe  
DX_003720,ADM_02333,P_02554,I50.9,"Heart failure, unspecified",  Primary  ,2024-12-27,Severe
DX_003721,ADM_02334,P_00993,C34.90,Malignant neoplasm of unspecified part of bronchus or lung,Primary,2024-03-26,Severe
DX_003722,ADM_02335,P_01266,F32.9,"Major depressive disorder, single episode",Primary,2024-02-10,Moderate
DX_003723,ADM_02335,P_01266,K21.9,Gastro-esophageal reflux disease without esophagitis,Secondary,2024-02-10,Mild
DX_003724,ADM_02336,P_03379,I50.9,"Heart failure, unspecified",Primary,2024-02-09,Severe
DX_003725,ADM_02336,P_03379,A41.9,"Sepsis, unspecified organism",Secondary,2024-02-09,Severe
DX_003726,ADM_02337,P_01398,C34.90,Malignant neoplasm of unspecified part of bronchus or lung,Primary,2025-02-28,Severe
DX_003727,ADM_02337,P_01398,K21.9,Gastro-esophageal reflux disease without esophagitis,Secondary,2025-02-28,Mild
DX_003728,ADM_02338,P_01398,J18.9,"Pneumonia, unspecified organism",Primary,2025-03-08,Moderate
DX_003729,ADM_02338,P_01398,I50.9,"Heart failure, unspecified",Secondary,2025-03-08,Severe
DX_003730,ADM_02339,P_03205,J44.9,"Chronic obstructive pulmonary disease, unspecified",Primary,2024-10-09,Severe
DX_003731,ADM_02340,P_03205,E11.9,Type 2 diabetes mellitus without complications,Primary,2024/10/21 00:00:00,Moderate
DX_003732,ADM_02340,P_03205,J18.9,"Pneumonia, unspecified organism",Secondary,2024-10-21,Moderate
DX_003733,ADM_02341,P_01819,I21.9,"Acute myocardial infarction, unspecified",  Primary  ,2025-02-15,Severe
DX_003734,ADM_02342,P_02557,E11.9,Type 2 diabetes mellitus without complications,Primary,2024-05-01,Moderate
DX_003735,ADM_02343,P_00054,K21.9,Gastro-esophageal reflux disease without esophagitis,Primary,2024-08-12,Mild
DX_003736,ADM_02344,P_02636,N18.9,"Chronic kidney disease, unspecified",Primary,2024-05-16,Severe
DX_003737,ADM_02345,P_02636,I50.9,"Heart failure, unspecified",Primary,2024-05-30,Severe
DX_003738,ADM_02346,P_03075,N18.9,"Chronic kidney disease, unspecified",PRIMARY,02-02-2024,Severe
DX_003739,ADM_02347,P_03447,C34.90,Malignant neoplasm of unspecified part of bronchus or lung,Primary,2024-09-01,Severe
DX_003740,ADM_02347,P_03447,I21.9,"Acute myocardial infarction, unspecified",Secondary,2024-09-01,Severe
DX_003741,ADM_02348,P_01267,F32.9,"Major depressive disorder, single episode",Primary,2024-04-27,Moderate
DX_003742,ADM_02348,P_01267,J44.9,"Chronic obstructive pulmonary disease, unspecified",Secondary,2024-04-27,Severe
DX_003743,ADM_02349,P_01817,A41.9,"Sepsis, unspecified organism",Primary,2025-05-12,Severe
DX_003744,ADM_02349,P_01817,I10,Essential (primary) hypertension,Secondary,2025-05-12,Moderate
DX_003745,ADM_02350,P_03374,I21.9,"Acute myocardial infarction, unspecified",Primary,09/29/2024,Severe
DX_003746,ADM_02350,P_03374,K21.9,Gastro-esophageal reflux disease without esophagitis,secondary,2024-09-29,Mild
DX_003747,ADM_02351,P_02951,I50.9,"Heart failure, unspecified",Primary,2024-12-01,Severe
DX_003748,ADM_02351,P_02951,C34.90,Malignant neoplasm of unspecified part of bronchus or lung,Secondary,2024-12-01,severe
DX_003749,ADM_02352,P_00199,C34.90,Malignant neoplasm of unspecified part of bronchus or lung,Primary,2025-02-21,Severe
DX_003750,ADM_02353,P_00422,A41.9,"Sepsis, unspecified organism",Primary,2024-06-10,Severe
DX_003751,ADM_02353,P_00422,K21.9,Gastro-esophageal reflux disease without esophagitis,Secondary,2024-06-10,Mild
DX_003752,ADM_02354,P_02226,J44.9,"Chronic obstructive pulmonary disease, unspecified",  Primary  ,2024-02-08,Severe
DX_003753,ADM_02354,P_02226,N18.9,"Chronic kidney disease, unspecified",Secondary,2024-02-08,Severe
DX_003754,ADM_02355,P_01723,J44.9,"Chronic obstructive pulmonary disease, unspecified",Primary,2024-01-19,Severe
DX_003755,ADM_02356,P_03076,K21.9,Gastro-esophageal reflux disease without esophagitis,Primary,2024-01-05,Mild
DX_003756,ADM_02356,P_03076,E11.9,Type 2 diabetes mellitus without complications,Secondary,2024-01-05,Moderate
DX_003757,ADM_02357,P_03012,E11.9,Type 2 diabetes mellitus without complications,Primary,2024-02-04,Moderate
DX_003758,ADM_02358,P_01326,I21.9,"Acute myocardial infarction, unspecified",PRIMARY,2024-03-31,  Severe  
DX_003759,ADM_02358,P_01326,N18.9,"Chronic kidney disease, unspecified",Secondary,2024-03-31,Severe
DX_003760,ADM_02359,P_01326,I21.9,"Acute myocardial infarction, unspecified",Primary,2024-04-16,Severe
DX_003761,ADM_02360,P_02563,J44.9,"Chronic obstructive pulmonary disease, unspecified",Primary,2025-01-17,Severe
DX_003762,ADM_02360,P_02563,N18.9,"Chronic kidney disease, unspecified",secondary,2025-01-17,Severe
DX_003763,ADM_02361,P_02819,I10,Essential (primary) hypertension,Primary,2025-03-13,Moderate
DX_003764,ADM_02362,P_01001,K21.9,Gastro-esophageal reflux disease without esophagitis,Primary,2024-11-15,Mild
DX_003765,ADM_02362,P_01001,I50.9,"Heart failure, unspecified",Secondary,2024-11-15,Severe
DX_003766,ADM_02363,P_01852,F32.9,"Major depressive disorder, single episode",Primary,2024-06-22,Moderate
DX_003767,ADM_02363,P_01852,I50.9,"Heart failure, unspecified",Secondary,2024-06-22,Severe
DX_003768,ADM_02364,P_01382,A41.9,"Sepsis, unspecified organism",Primary,2025-03-12,Severe
DX_003769,ADM_02365,P_01649,N18.9,"Chronic kidney disease, unspecified",Primary,2024-10-01,Severe
DX_003770,ADM_02365,P_01649,M54.5,Low back pain,Secondary,2024/10/01 00:00:00,Mild
DX_003771,ADM_02366,P_03294,M54.5,Low back pain,Primary,2025-05-07,Mild
DX_003772,ADM_02366,P_03294,F32.9,"Major depressive disorder, single episode",Secondary,2025-05-07,Moderate
DX_003773,ADM_02367,P_00596,M54.5,Low back pain,Primary,2024-02-15,Mild
DX_003774,ADM_02367,P_00596,C34.90,Malignant neoplasm of unspecified part of bronchus or lung,Secondary,2024-02-15,Severe
DX_003775,ADM_02368,P_02752,C34.90,Malignant neoplasm of unspecified part of bronchus or lung,Primary,2025-01-30,Severe
DX_003776,ADM_02368,P_02752,I10,Essential (primary) hypertension,Secondary,2025-01-30,Moderate
DX_003777,ADM_02369,P_02589,M54.5,Low back pain,Primary,2024-10-23,Mild
DX_003778,ADM_02370,P_01972,E11.9,Type 2 diabetes mellitus without complications,Primary,2025-01-05,Moderate
DX_003779,ADM_02370,P_01972,I50.9,"Heart failure, unspecified",Secondary,2025-01-05,Severe
DX_003780,ADM_02371,P_02592,I21.9,"Acute myocardial infarction, unspecified",Primary,2024-01-13,Severe
DX_003781,ADM_02372,P_01144,J44.9,"Chronic obstructive pulmonary disease, unspecified",Primary,2024-10-13,Severe
DX_003782,ADM_02372,P_01144,K21.9,Gastro-esophageal reflux disease without esophagitis,Secondary,13-10-2024,Mild
DX_003783,ADM_02373,P_00760,I21.9,"Acute myocardial infarction, unspecified",Primary,2024-09-26,Severe
DX_003784,ADM_02373,P_00760,I50.9,"Heart failure, unspecified",Secondary,2024-09-26,Severe
DX_003785,ADM_02374,P_00504,J18.9,"Pneumonia, unspecified organism",Primary,2024-03-20,Moderate
DX_003786,ADM_02374,P_00504,K21.9,Gastro-esophageal reflux disease without esophagitis,Secondary,2024-03-20,Mild
DX_003787,ADM_02375,P_00370,I50.9,"Heart failure, unspecified",Primary,22-04-2025,Severe
DX_003788,ADM_02375,P_00370,J44.9,"Chronic obstructive pulmonary disease, unspecified",Secondary,2025-04-22,severe
DX_003789,ADM_02376,P_00004,C34.90,Malignant neoplasm of unspecified part of bronchus or lung,PRIMARY,2024-04-04,Severe
DX_003790,ADM_02377,P_03000,M54.5,Low back pain,Primary,2025-04-11,mild
DX_003791,ADM_02378,P_03000,C34.90,Malignant neoplasm of unspecified part of bronchus or lung,Primary,2025-05-11,Severe
DX_003792,ADM_02378,P_03000,J18.9,"Pneumonia, unspecified organism",Secondary,2025/05/11 00:00:00,Moderate
DX_003793,ADM_02379,P_02511,C34.90,Malignant neoplasm of unspecified part of bronchus or lung,Primary,2024-06-11,Severe
DX_003794,ADM_02380,P_00980,I10,Essential (primary) hypertension,Primary,2024-05-13,MODERATE
DX_003795,ADM_02381,P_01422,C34.90,Malignant neoplasm of unspecified part of bronchus or lung,Primary,2024-04-25,Severe
DX_003796,ADM_02382,P_01422,C34.90,Malignant neoplasm of unspecified part of bronchus or lung,Primary,2024-05-15,Severe
DX_003797,ADM_02382,P_01422,N18.9,"Chronic kidney disease, unspecified",Secondary,2024-05-15,Severe
DX_003798,ADM_02383,P_00782,E11.9,Type 2 diabetes mellitus without complications,Primary,2024-12-07,Moderate
DX_003799,ADM_02383,P_00782,F32.9,"Major depressive disorder, single episode",Secondary,2024-12-07,Moderate
DX_003800,ADM_02384,P_01830,A41.9,"Sepsis, unspecified organism",PRIMARY,2025-02-20,Severe
DX_003801,ADM_02384,P_01830,K21.9,Gastro-esophageal reflux disease without esophagitis,Secondary,2025-02-20,Mild
DX_003802,ADM_02385,P_01815,F32.9,"Major depressive disorder, single episode",Primary,2024-08-06,Moderate
DX_003803,ADM_02385,P_01815,C34.90,Malignant neoplasm of unspecified part of bronchus or lung,Secondary,2024-08-06,Severe
DX_003804,ADM_02386,P_01789,I21.9,"Acute myocardial infarction, unspecified",Primary,2024-02-17,Severe
DX_003805,ADM_02386,P_01789,E11.9,Type 2 diabetes mellitus without complications,Secondary,2024-02-17,Moderate
DX_003806,ADM_02387,P_01502,F32.9,"Major depressive disorder, single episode",Primary,2024-09-25,Moderate
DX_003807,ADM_02388,P_01286,N18.9,"Chronic kidney disease, unspecified",Primary,2024-05-29,Severe
DX_003808,ADM_02388,P_01286,I21.9,"Acute myocardial infarction, unspecified",SECONDARY,2024-05-29,Severe
DX_003809,ADM_02389,P_01584,J44.9,"Chronic obstructive pulmonary disease, unspecified",Primary,2024-12-16,Severe
DX_003810,ADM_02390,P_02205,E11.9,Type 2 diabetes mellitus without complications,Primary,2024-04-17,Moderate
DX_003811,ADM_02390,P_02205,M54.5,Low back pain,Secondary,2024-04-17,Mild
DX_003812,ADM_02391,P_02205,J44.9,"Chronic obstructive pulmonary disease, unspecified",Primary,2024-04-27,Severe
DX_003813,ADM_02391,P_02205,I10,Essential (primary) hypertension,Secondary,2024-04-27,Moderate
DX_003814,ADM_02392,P_02450,I50.9,"Heart failure, unspecified",Primary,2024-07-21,Severe
DX_003815,ADM_02392,P_02450,C34.90,Malignant neoplasm of unspecified part of bronchus or lung,Secondary,07/21/2024,Severe
DX_003816,ADM_02393,P_02450,N18.9,"Chronic kidney disease, unspecified",Primary,2024-08-03,Severe
DX_003817,ADM_02394,P_00829,C34.90,Malignant neoplasm of unspecified part of bronchus or lung,Primary,2024-01-09,Severe
DX_003818,ADM_02395,P_00423,A41.9,"Sepsis, unspecified organism",Primary,2024-03-21,Severe
DX_003819,ADM_02396,P_00423,M54.5,Low back pain,Primary,2024-03-27,Mild
DX_003820,ADM_02397,P_00850,J44.9,"Chronic obstructive pulmonary disease, unspecified",Primary,2024-06-08,Severe
DX_003821,ADM_02398,P_00850,J44.9,"Chronic obstructive pulmonary disease, unspecified",Primary,08-07-2024,Severe
DX_003822,ADM_02398,P_00850,I50.9,"Heart failure, unspecified",Secondary,2024-07-08,Severe
DX_003823,ADM_02399,P_01153,J44.9,"Chronic obstructive pulmonary disease, unspecified",Primary,2024-02-11,Severe
DX_003824,ADM_02399,P_01153,M54.5,Low back pain,Secondary,2024-02-11,Mild
DX_003825,ADM_02400,P_01153,I50.9,"Heart failure, unspecified",Primary,2024-03-12,Severe
DX_003826,ADM_02400,P_01153,I21.9,"Acute myocardial infarction, unspecified",SECONDARY,2024-03-12,Severe
DX_003827,ADM_02401,P_00912,C34.90,Malignant neoplasm of unspecified part of bronchus or lung,Primary,2024-04-27,Severe
DX_003828,ADM_02401,P_00912,F32.9,"Major depressive disorder, single episode",Secondary,2024-04-27,Moderate
DX_003829,ADM_02402,P_02825,C34.90,Malignant neoplasm of unspecified part of bronchus or lung,Primary,2024-07-17,Severe
DX_003830,ADM_02402,P_02825,J18.9,"Pneumonia, unspecified organism",Secondary,2024-07-17,Moderate
DX_003831,ADM_02403,P_00733,N18.9,"Chronic kidney disease, unspecified",Primary,2024-09-25,Severe
DX_003832,ADM_02403,P_00733,K21.9,Gastro-esophageal reflux disease without esophagitis,Secondary,2024-09-25,Mild
DX_003833,ADM_02404,P_00297,J44.9,"Chronic obstructive pulmonary disease, unspecified",  Primary  ,2025-01-19,Severe
DX_003834,ADM_02405,P_02521,M54.5,Low back pain,Primary,2024-03-18,mild
DX_003835,ADM_02406,P_03129,F32.9,"Major depressive disorder, single episode",Primary,2024-11-20,Moderate
DX_003836,ADM_02406,P_03129,J18.9,"Pneumonia, unspecified organism",Secondary,2024-11-20,Moderate
DX_003837,ADM_02407,P_00327,I21.9,"Acute myocardial infarction, unspecified",Primary,2024-07-14,Severe
DX_003838,ADM_02407,P_00327,N18.9,"Chronic kidney disease, unspecified",Secondary,2024-07-14,Severe
DX_003839,ADM_02408,P_00180,M54.5,Low back pain,Primary,2024-04-03,Mild
DX_003840,ADM_02408,P_00180,E11.9,Type 2 diabetes mellitus without complications,Secondary,2024-04-03,Moderate
DX_003841,ADM_02409,P_01716,M54.5,Low back pain,Primary,2024-01-10,Mild
DX_003842,ADM_02409,P_01716,I50.9,"Heart failure, unspecified",Secondary,2024-01-10,Severe
DX_003843,ADM_02410,P_00817,N18.9,"Chronic kidney disease, unspecified",Primary,2025-02-28,Severe
DX_003844,ADM_02410,P_00817,I10,Essential (primary) hypertension,Secondary,2025-02-28,Moderate
DX_003845,ADM_02411,P_02946,J18.9,"Pneumonia, unspecified organism",Primary,2025-04-01,Moderate
DX_003846,ADM_02411,P_02946,N18.9,"Chronic kidney disease, unspecified",Secondary,2025-04-01,Severe
DX_003847,ADM_02412,P_00298,A41.9,"Sepsis, unspecified organism",Primary,01-08-2024,Severe
DX_003848,ADM_02413,P_01180,K21.9,Gastro-esophageal reflux disease without esophagitis,Primary,2024-08-28,Mild
DX_003849,ADM_02414,P_01180,J44.9,"Chronic obstructive pulmonary disease, unspecified",Primary,2024-09-05,Severe
DX_003850,ADM_02415,P_01431,I50.9,"Heart failure, unspecified",Primary,2025-03-23,Severe
DX_003851,ADM_02415,P_01431,N18.9,"Chronic kidney disease, unspecified",Secondary,2025-03-23,Severe
DX_003852,ADM_02416,P_03172,A41.9,"Sepsis, unspecified organism",Primary,2024-10-19,  Severe  
DX_003853,ADM_02416,P_03172,N18.9,"Chronic kidney disease, unspecified",Secondary,2024-10-19,Severe
DX_003854,ADM_02417,P_03470,N18.9,"Chronic kidney disease, unspecified",Primary,2024-08-23,Severe
DX_003855,ADM_02418,P_03470,I50.9,"Heart failure, unspecified",Primary,2024-09-17,Severe
DX_003856,ADM_02418,P_03470,K21.9,Gastro-esophageal reflux disease without esophagitis,Secondary,2024-09-17,Mild
DX_003857,ADM_02419,P_00703,E11.9,Type 2 diabetes mellitus without complications,Primary,2024-09-21,Moderate
DX_003858,ADM_02419,P_00703,A41.9,"Sepsis, unspecified organism",Secondary,2024-09-21,Severe
DX_003859,ADM_02420,P_02699,J18.9,"Pneumonia, unspecified organism",Primary,2024-06-26,Moderate
DX_003860,ADM_02420,P_02699,I10,Essential (primary) hypertension,Secondary,2024-06-26,  Moderate  
DX_003861,ADM_02421,P_02699,F32.9,"Major depressive disorder, single episode",Primary,2024-07-14,moderate
DX_003862,ADM_02422,P_01035,I21.9,"Acute myocardial infarction, unspecified",Primary,2024-06-22,SEVERE
DX_003863,ADM_02422,P_01035,J18.9,"Pneumonia, unspecified organism",Secondary,2024-06-22,Moderate
DX_003864,ADM_02423,P_03180,N18.9,"Chronic kidney disease, unspecified",Primary,2024-09-12,Severe
DX_003865,ADM_02423,P_03180,I21.9,"Acute myocardial infarction, unspecified",Secondary,2024-09-12,Severe
DX_003866,ADM_02424,P_01462,E11.9,Type 2 diabetes mellitus without complications,Primary,2025-01-11,Moderate
DX_003867,ADM_02425,P_03276,A41.9,"Sepsis, unspecified organism",Primary,2024-12-21,Severe
DX_003868,ADM_02425,P_03276,K21.9,Gastro-esophageal reflux disease without esophagitis,Secondary,2024-12-21,Mild
DX_003869,ADM_02426,P_00729,K21.9,Gastro-esophageal reflux disease without esophagitis,Primary,2024-01-03,Mild
DX_003870,ADM_02426,P_00729,I10,Essential (primary) hypertension,Secondary,2024-01-03,Moderate
DX_003871,ADM_02427,P_02249,E11.9,Type 2 diabetes mellitus without complications,Primary,07/01/2024,Moderate
DX_003872,ADM_02428,P_02249,J44.9,"Chronic obstructive pulmonary disease, unspecified",Primary,2024-08-02,Severe
DX_003873,ADM_02428,P_02249,J18.9,"Pneumonia, unspecified organism",secondary,2024-08-02,moderate
DX_003874,ADM_02429,P_00569,I50.9,"Heart failure, unspecified",Primary,2025-03-08,Severe
DX_003875,ADM_02430,P_00493,M54.5,Low back pain,Primary,2024-08-01,Mild
DX_003876,ADM_02430,P_00493,E11.9,Type 2 diabetes mellitus without complications,Secondary,2024-08-01,Moderate
DX_003877,ADM_02431,P_00187,N18.9,"Chronic kidney disease, unspecified",Primary,2025-01-23,Severe
DX_003878,ADM_02432,P_00187,N18.9,"Chronic kidney disease, unspecified",Primary,2025-02-21,Severe
DX_003879,ADM_02432,P_00187,F32.9,"Major depressive disorder, single episode",Secondary,02/21/2025,Moderate
DX_003880,ADM_02433,P_02459,J44.9,"Chronic obstructive pulmonary disease, unspecified",Primary,2024-04-28,Severe
DX_003881,ADM_02433,P_02459,J18.9,"Pneumonia, unspecified organism",Secondary,2024-04-28,Moderate
DX_003882,ADM_02434,P_01012,I21.9,"Acute myocardial infarction, unspecified",Primary,2024-07-06,Severe
DX_003883,ADM_02435,P_01027,K21.9,Gastro-esophageal reflux disease without esophagitis,Primary,2024-07-22,Mild
DX_003884,ADM_02435,P_01027,J44.9,"Chronic obstructive pulmonary disease, unspecified",Secondary,2024-07-22,Severe
DX_003885,ADM_02436,P_02299,F32.9,"Major depressive disorder, single episode",  Primary  ,2024-09-15,Moderate
DX_003886,ADM_02437,P_02782,A41.9,"Sepsis, unspecified organism",Primary,2024-09-03,Severe
DX_003887,ADM_02438,P_02442,I50.9,"Heart failure, unspecified",Primary,2024-10-30,Severe
DX_003888,ADM_02438,P_02442,M54.5,Low back pain,Secondary,2024-10-30,Mild
DX_003889,ADM_02439,P_03103,F32.9,"Major depressive disorder, single episode",Primary,2025-01-12,  Moderate  
DX_003890,ADM_02439,P_03103,I10,Essential (primary) hypertension,Secondary,2025-01-12,Moderate
DX_003891,ADM_02440,P_02142,F32.9,"Major depressive disorder, single episode",Primary,2024-11-23,Moderate
DX_003892,ADM_02441,P_01686,F32.9,"Major depressive disorder, single episode",Primary,2025-02-28,Moderate
DX_003893,ADM_02441,P_01686,M54.5,Low back pain,Secondary,2025-02-28,Mild
DX_003894,ADM_02442,P_01686,A41.9,"Sepsis, unspecified organism",Primary,2025-03-09,Severe
DX_003895,ADM_02442,P_01686,I10,Essential (primary) hypertension,Secondary,2025/03/09 00:00:00,Moderate
DX_003896,ADM_02443,P_00235,I21.9,"Acute myocardial infarction, unspecified",Primary,2025-04-24,Severe
DX_003897,ADM_02443,P_00235,J44.9,"Chronic obstructive pulmonary disease, unspecified",Secondary,2025-04-24,Severe
DX_003898,ADM_02444,P_00434,J44.9,"Chronic obstructive pulmonary disease, unspecified",Primary,2024-10-26,Severe
DX_003899,ADM_02445,P_00514,I21.9,"Acute myocardial infarction, unspecified",Primary,2024-08-26,Severe
DX_003900,ADM_02446,P_00213,J18.9,"Pneumonia, unspecified organism",Primary,2024-05-09,Moderate
DX_003901,ADM_02446,P_00213,E11.9,Type 2 diabetes mellitus without complications,Secondary,2024-05-09,Moderate
DX_003902,ADM_02447,P_00213,I10,Essential (primary) hypertension,Primary,2024-05-23,Moderate
DX_003903,ADM_02448,P_00294,I21.9,"Acute myocardial infarction, unspecified",Primary,2024-03-04,Severe
DX_003904,ADM_02448,P_00294,J44.9,"Chronic obstructive pulmonary disease, unspecified",Secondary,2024-03-04,Severe
DX_003905,ADM_02449,P_00041,I50.9,"Heart failure, unspecified",Primary,2024-04-12,Severe
DX_003906,ADM_02450,P_02784,A41.9,"Sepsis, unspecified organism",Primary,2024-12-18,Severe
DX_003907,ADM_02450,P_02784,I21.9,"Acute myocardial infarction, unspecified",Secondary,2024-12-18,Severe
DX_003908,ADM_02451,P_02784,E11.9,Type 2 diabetes mellitus without complications,Primary,2025-01-09,Moderate
DX_003909,ADM_02451,P_02784,I50.9,"Heart failure, unspecified",Secondary,2025-01-09,Severe
DX_003910,ADM_02452,P_00853,M54.5,Low back pain,Primary,2024-05-30,Mild
DX_003911,ADM_02453,P_01545,I21.9,"Acute myocardial infarction, unspecified",Primary,2024-08-14,Severe
DX_003912,ADM_02453,P_01545,A41.9,"Sepsis, unspecified organism",Secondary,2024-08-14,Severe
DX_003913,ADM_02454,P_00238,I10,Essential (primary) hypertension,Primary,2025-03-11,MODERATE
DX_003914,ADM_02454,P_00238,J44.9,"Chronic obstructive pulmonary disease, unspecified",Secondary,2025-03-11,Severe
DX_003915,ADM_02455,P_00238,I10,Essential (primary) hypertension,Primary,2025-04-02,  Moderate  
DX_003916,ADM_02455,P_00238,C34.90,Malignant neoplasm of unspecified part of bronchus or lung,Secondary,02-04-2025,Severe
DX_003917,ADM_02456,P_02226,J44.9,"Chronic obstructive pulmonary disease, unspecified",Primary,2024-04-08,Severe
DX_003918,ADM_02456,P_02226,A41.9,"Sepsis, unspecified organism",Secondary,2024-04-08,Severe
DX_003919,ADM_02457,P_02620,F32.9,"Major depressive disorder, single episode",Primary,2024-07-01,Moderate
DX_003920,ADM_02458,P_02779,J44.9,"Chronic obstructive pulmonary disease, unspecified",Primary,2024-11-16,Severe
DX_003921,ADM_02459,P_01012,M54.5,Low back pain,Primary,2024-02-29,Mild
DX_003922,ADM_02459,P_01012,A41.9,"Sepsis, unspecified organism",Secondary,2024-02-29,Severe
DX_003923,ADM_02460,P_03171,F32.9,"Major depressive disorder, single episode",Primary,2024-09-04,Moderate
DX_003924,ADM_02461,P_01764,I50.9,"Heart failure, unspecified",Primary,2024-10-14,Severe
DX_003925,ADM_02461,P_01764,A41.9,"Sepsis, unspecified organism",Secondary,2024-10-14,Severe
DX_003926,ADM_02462,P_00889,C34.90,Malignant neoplasm of unspecified part of bronchus or lung,Primary,2024-08-06,Severe
DX_003927,ADM_02463,P_01884,A41.9,"Sepsis, unspecified organism",Primary,2024-03-17,Severe
DX_003928,ADM_02463,P_01884,I50.9,"Heart failure, unspecified",Secondary,2024-03-17,Severe
DX_003929,ADM_02464,P_01018,J44.9,"Chronic obstructive pulmonary disease, unspecified",Primary,2024-05-04,Severe
DX_003930,ADM_02464,P_01018,I10,Essential (primary) hypertension,Secondary,2024-05-04,moderate
DX_003931,ADM_02465,P_02498,I50.9,"Heart failure, unspecified",Primary,2024-04-27,Severe
DX_003932,ADM_02465,P_02498,J44.9,"Chronic obstructive pulmonary disease, unspecified",Secondary,2024-04-27,Severe
DX_003933,ADM_02466,P_02557,N18.9,"Chronic kidney disease, unspecified",Primary,2024-05-03,Severe
DX_003934,ADM_02466,P_02557,I10,Essential (primary) hypertension,Secondary,2024-05-03,Moderate
DX_003935,ADM_02467,P_03479,A41.9,"Sepsis, unspecified organism",Primary,2024-01-22,Severe
DX_003936,ADM_02467,P_03479,C34.90,Malignant neoplasm of unspecified part of bronchus or lung,Secondary,2024-01-22,Severe
DX_003937,ADM_02468,P_03479,I10,Essential (primary) hypertension,Primary,2024-02-17,Moderate
DX_003938,ADM_02468,P_03479,F32.9,"Major depressive disorder, single episode",Secondary,2024-02-17,Moderate
DX_003939,ADM_02469,P_02290,F32.9,"Major depressive disorder, single episode",primary,2025-03-26,Moderate
DX_003940,ADM_02469,P_02290,E11.9,Type 2 diabetes mellitus without complications,Secondary,2025/03/26 00:00:00,Moderate
DX_003941,ADM_02470,P_00381,J18.9,"Pneumonia, unspecified organism",Primary,2024-05-10,Moderate
DX_003942,ADM_02470,P_00381,M54.5,Low back pain,Secondary,2024-05-10,Mild
DX_003943,ADM_02471,P_01865,F32.9,"Major depressive disorder, single episode",Primary,2024-05-19,Moderate
DX_003944,ADM_02471,P_01865,N18.9,"Chronic kidney disease, unspecified",Secondary,2024-05-19,Severe
DX_003945,ADM_02472,P_01898,K21.9,Gastro-esophageal reflux disease without esophagitis,Primary,2024-05-21,  Mild  
DX_003946,ADM_02472,P_01898,I21.9,"Acute myocardial infarction, unspecified",Secondary,2024-05-21,Severe
DX_003947,ADM_02473,P_01898,F32.9,"Major depressive disorder, single episode",Primary,2024-06-09,Moderate
DX_003948,ADM_02474,P_02188,J18.9,"Pneumonia, unspecified organism",Primary,2024-11-04,Moderate
DX_003949,ADM_02475,P_01378,J44.9,"Chronic obstructive pulmonary disease, unspecified",Primary,2024-09-02,Severe
DX_003950,ADM_02476,P_00386,I10,Essential (primary) hypertension,Primary,2024-12-05,Moderate
DX_003951,ADM_02476,P_00386,J44.9,"Chronic obstructive pulmonary disease, unspecified",Secondary,2024-12-05,Severe
DX_003952,ADM_02477,P_01406,J18.9,"Pneumonia, unspecified organism",Primary,2024-04-15,Moderate
DX_003953,ADM_02477,P_01406,J44.9,"Chronic obstructive pulmonary disease, unspecified",Secondary,2024-04-15,Severe
DX_003954,ADM_02478,P_02378,J44.9,"Chronic obstructive pulmonary disease, unspecified",Primary,2025-04-17,Severe
DX_003955,ADM_02479,P_01202,F32.9,"Major depressive disorder, single episode",PRIMARY,2024-12-27,  Moderate  
DX_003956,ADM_02479,P_01202,K21.9,Gastro-esophageal reflux disease without esophagitis,Secondary,2024-12-27,Mild
DX_003957,ADM_02480,P_01759,I10,Essential (primary) hypertension,Primary,2024-11-23,  Moderate  
DX_003958,ADM_02480,P_01759,A41.9,"Sepsis, unspecified organism",Secondary,11/23/2024,Severe
DX_003959,ADM_02481,P_02923,I21.9,"Acute myocardial infarction, unspecified",PRIMARY,2025-02-16,Severe
DX_003960,ADM_02482,P_03249,M54.5,Low back pain,Primary,2024-08-21,MILD
DX_003961,ADM_02483,P_02361,N18.9,"Chronic kidney disease, unspecified",Primary,2024-02-21,Severe
DX_003962,ADM_02483,P_02361,E11.9,Type 2 diabetes mellitus without complications,Secondary,2024-02-21,Moderate
DX_003963,ADM_02484,P_00949,E11.9,Type 2 diabetes mellitus without complications,Primary,2024-05-06,Moderate
DX_003964,ADM_02485,P_00949,E11.9,Type 2 diabetes mellitus without complications,Primary,2024-05-21,  Moderate  
DX_003965,ADM_02485,P_00949,A41.9,"Sepsis, unspecified organism",Secondary,2024-05-21,Severe
DX_003966,ADM_02486,P_02278,I10,Essential (primary) hypertension,Primary,2024-08-18,Moderate
DX_003967,ADM_02486,P_02278,J18.9,"Pneumonia, unspecified organism",Secondary,2024-08-18,Moderate
DX_003968,ADM_02487,P_01578,F32.9,"Major depressive disorder, single episode",Primary,2025-02-18,Moderate
DX_003969,ADM_02488,P_01578,I50.9,"Heart failure, unspecified",Primary,2025-03-02,Severe
DX_003970,ADM_02488,P_01578,K21.9,Gastro-esophageal reflux disease without esophagitis,Secondary,2025-03-02,Mild
DX_003971,ADM_02489,P_03155,I21.9,"Acute myocardial infarction, unspecified",UNKNOWN_VAL,2025-03-06,Severe
DX_003972,ADM_02490,P_02303,A41.9,"Sepsis, unspecified organism",Primary,2024-11-24,Severe
DX_003973,ADM_02491,P_02303,E11.9,Type 2 diabetes mellitus without complications,Primary,2024-12-11,Moderate
DX_003974,ADM_02491,P_02303,A41.9,"Sepsis, unspecified organism",Secondary,2024-12-11,Severe
DX_003975,ADM_02492,P_02760,I21.9,"Acute myocardial infarction, unspecified",Primary,2024-02-02,Severe
DX_003976,ADM_02492,P_02760,N18.9,"Chronic kidney disease, unspecified",Secondary,2024-02-02,SEVERE
DX_003977,ADM_02493,P_02171,F32.9,"Major depressive disorder, single episode",Primary,21-02-2024,Moderate
DX_003978,ADM_02494,P_03189,N18.9,"Chronic kidney disease, unspecified",Primary,2025-03-24,Severe
DX_003979,ADM_02495,P_00253,C34.90,Malignant neoplasm of unspecified part of bronchus or lung,Primary,2024-04-19,Severe
DX_003980,ADM_02495,P_00253,I21.9,"Acute myocardial infarction, unspecified",Secondary,2024-04-19,Severe
DX_003981,ADM_02496,P_02170,A41.9,"Sepsis, unspecified organism",Primary,07-07-2024,Severe
DX_003982,ADM_02497,P_02020,F32.9,"Major depressive disorder, single episode",Primary,2024-08-10,moderate
DX_003983,ADM_02498,P_02243,K21.9,Gastro-esophageal reflux disease without esophagitis,Primary,2024-05-18,Mild
DX_003984,ADM_02499,P_01114,E11.9,Type 2 diabetes mellitus without complications,Primary,05-02-2025,Moderate
DX_003985,ADM_02499,P_01114,C34.90,Malignant neoplasm of unspecified part of bronchus or lung,Secondary,2025-02-05,Severe
DX_003986,ADM_02500,P_00977,J44.9,"Chronic obstructive pulmonary disease, unspecified",Primary,2024-01-27,severe
DX_003987,ADM_02501,P_00166,C34.90,Malignant neoplasm of unspecified part of bronchus or lung,Primary,2025-01-28,Severe
DX_003988,ADM_02502,P_01684,C34.90,Malignant neoplasm of unspecified part of bronchus or lung,Primary,2025-01-14,Severe
DX_003989,ADM_02503,P_02711,J18.9,"Pneumonia, unspecified organism",Primary,2025-01-18,Moderate
DX_003990,ADM_02504,P_00845,I21.9,"Acute myocardial infarction, unspecified",  Primary  ,2024-05-12,Severe
DX_003991,ADM_02505,P_03371,J18.9,"Pneumonia, unspecified organism",Primary,2024-03-17,Moderate
DX_003992,ADM_02506,P_03493,E11.9,Type 2 diabetes mellitus without complications,Primary,2024-09-02,Moderate
DX_003993,ADM_02507,P_02585,N18.9,"Chronic kidney disease, unspecified",PRIMARY,2024-05-21,Severe
DX_003994,ADM_02507,P_02585,C34.90,Malignant neoplasm of unspecified part of bronchus or lung,Secondary,2024-05-21,Severe
DX_003995,ADM_02508,P_01891,M54.5,Low back pain,Primary,2024-12-25,mild
DX_003996,ADM_02508,P_01891,F32.9,"Major depressive disorder, single episode",Secondary,2024-12-25,Moderate
DX_003997,ADM_02509,P_01891,E11.9,Type 2 diabetes mellitus without complications,Primary,2025-01-24,Moderate
DX_003998,ADM_02510,P_00275,E11.9,Type 2 diabetes mellitus without complications,Primary,2025-03-05,Moderate
DX_003999,ADM_02511,P_00586,C34.90,Malignant neoplasm of unspecified part of bronchus or lung,Primary,2024-11-27,SEVERE
DX_004000,ADM_02512,P_02840,I10,Essential (primary) hypertension,Primary,2024-08-23,Moderate
DX_004001,ADM_02512,P_02840,N18.9,"Chronic kidney disease, unspecified",Secondary,2024-08-23,Severe
DX_004002,ADM_02513,P_01644,I50.9,"Heart failure, unspecified",Primary,2025-01-28,Severe
DX_004003,ADM_02513,P_01644,N18.9,"Chronic kidney disease, unspecified",Secondary,2025-01-28,Severe
DX_004004,ADM_02514,P_00920,J18.9,"Pneumonia, unspecified organism",Primary,2024-05-11,Moderate
DX_004005,ADM_02515,P_01545,E11.9,Type 2 diabetes mellitus without complications,Primary,2024-01-24,Moderate
DX_004006,ADM_02516,P_01676,M54.5,Low back pain,Primary,2025-03-09,Mild
DX_004007,ADM_02516,P_01676,N18.9,"Chronic kidney disease, unspecified",Secondary,2025-03-09,Severe
DX_004008,ADM_02517,P_00003,I10,Essential (primary) hypertension,Primary,2024-02-26,Moderate
DX_004009,ADM_02518,P_02895,A41.9,"Sepsis, unspecified organism",PRIMARY,2024-02-22,Severe
DX_004010,ADM_02518,P_02895,J18.9,"Pneumonia, unspecified organism",Secondary,2024-02-22,Moderate
DX_004011,ADM_02519,P_01335,F32.9,"Major depressive disorder, single episode",Primary,2024-07-29,  Moderate  
DX_004012,ADM_02520,P_01879,F32.9,"Major depressive disorder, single episode",Primary,2024-10-18,Moderate
DX_004013,ADM_02521,P_01205,K21.9,Gastro-esophageal reflux disease without esophagitis,Primary,2024-09-19,Mild
DX_004014,ADM_02521,P_01205,E11.9,Type 2 diabetes mellitus without complications,Secondary,2024-09-19,Moderate
DX_004015,ADM_02522,P_01892,A41.9,"Sepsis, unspecified organism",Primary,03/10/2024,Severe
DX_004016,ADM_02523,P_01796,A41.9,"Sepsis, unspecified organism",Primary,2024-03-14,Severe
DX_004017,ADM_02523,P_01796,M54.5,Low back pain,Secondary,2024-03-14,Mild
DX_004018,ADM_02524,P_00295,I10,Essential (primary) hypertension,Primary,2024-11-23,Moderate
DX_004019,ADM_02524,P_00295,J44.9,"Chronic obstructive pulmonary disease, unspecified",Secondary,2024-11-23,Severe
DX_004020,ADM_02525,P_00295,J18.9,"Pneumonia, unspecified organism",Primary,2024-12-11,Moderate
DX_004021,ADM_02525,P_00295,E11.9,Type 2 diabetes mellitus without complications,Secondary,2024-12-11,Moderate
DX_004022,ADM_02526,P_01118,E11.9,Type 2 diabetes mellitus without complications,Primary,2024-03-05,MODERATE
DX_004023,ADM_02527,P_01573,C34.90,Malignant neoplasm of unspecified part of bronchus or lung,Primary,2025-04-01,Severe
DX_004024,ADM_02527,P_01573,F32.9,"Major depressive disorder, single episode",  Secondary  ,2025-04-01,Moderate
DX_004025,ADM_02528,P_02794,I21.9,"Acute myocardial infarction, unspecified",Primary,2024-08-11,Severe
DX_004026,ADM_02529,P_02794,I21.9,"Acute myocardial infarction, unspecified",Primary,2024-09-09,  Severe  
DX_004027,ADM_02529,P_02794,E11.9,Type 2 diabetes mellitus without complications,Secondary,2024-09-09,Moderate
DX_004028,ADM_02530,P_02880,I21.9,"Acute myocardial infarction, unspecified",Primary,2024-01-17,Severe
DX_004029,ADM_02530,P_02880,K21.9,Gastro-esophageal reflux disease without esophagitis,Secondary,2024-01-17,Mild
DX_004030,ADM_02531,P_02880,J18.9,"Pneumonia, unspecified organism",Primary,2024-01-29,Moderate
DX_004031,ADM_02532,P_02874,J18.9,"Pneumonia, unspecified organism",Primary,2025-03-21,Moderate
DX_004032,ADM_02532,P_02874,I50.9,"Heart failure, unspecified",Secondary,2025-03-21,Severe
DX_004033,ADM_02533,P_00554,I50.9,"Heart failure, unspecified",Primary,2025-02-09,Severe
DX_004034,ADM_02533,P_00554,M54.5,Low back pain,Secondary,2025-02-09,Mild
DX_004035,ADM_02534,P_02918,K21.9,Gastro-esophageal reflux disease without esophagitis,Primary,2024-07-15,Mild
DX_004036,ADM_02534,P_02918,E11.9,Type 2 diabetes mellitus without complications,Secondary,2024-07-15,Moderate
DX_004037,ADM_02535,P_01174,N18.9,"Chronic kidney disease, unspecified",Primary,2024-06-15,Severe
DX_004038,ADM_02535,P_01174,I50.9,"Heart failure, unspecified",Secondary,2024-06-15,Severe
DX_004039,ADM_02536,P_00643,M54.5,Low back pain,Primary,2024-12-20,Mild
DX_004040,ADM_02537,P_00907,I10,Essential (primary) hypertension,Primary,2024-04-24,Moderate
DX_004041,ADM_02538,P_03054,C34.90,Malignant neoplasm of unspecified part of bronchus or lung,Primary,2025-04-12,Severe
DX_004042,ADM_02538,P_03054,E11.9,Type 2 diabetes mellitus without complications,Secondary,2025-04-12,Moderate
DX_004043,ADM_02539,P_01498,I21.9,"Acute myocardial infarction, unspecified",Primary,2025-03-31,Severe
DX_004044,ADM_02539,P_01498,E11.9,Type 2 diabetes mellitus without complications,Secondary,2025-03-31,Moderate
DX_004045,ADM_02540,P_00132,E11.9,Type 2 diabetes mellitus without complications,PRIMARY,2024-08-19,moderate
DX_004046,ADM_02540,P_00132,M54.5,Low back pain,Secondary,2024-08-19,Mild
DX_004047,ADM_02541,P_03178,I50.9,"Heart failure, unspecified",Primary,2025-03-14,Severe
DX_004048,ADM_02541,P_03178,J44.9,"Chronic obstructive pulmonary disease, unspecified",Secondary,2025-03-14,Severe
DX_004049,ADM_02542,P_03178,N18.9,"Chronic kidney disease, unspecified",Primary,2025-04-05,severe
DX_004050,ADM_02543,P_01361,I50.9,"Heart failure, unspecified",Primary,2024-03-09,Severe
DX_004051,ADM_02543,P_01361,K21.9,Gastro-esophageal reflux disease without esophagitis,Secondary,2024-03-09,Mild
DX_004052,ADM_02544,P_01805,N18.9,"Chronic kidney disease, unspecified",Primary,2025-01-11,Severe
DX_004053,ADM_02545,P_00035,I21.9,"Acute myocardial infarction, unspecified",Primary,2025-05-08,Severe
DX_004054,ADM_02546,P_00148,J18.9,"Pneumonia, unspecified organism",Primary,2024-07-23,moderate
DX_004055,ADM_02546,P_00148,I21.9,"Acute myocardial infarction, unspecified",Secondary,2024-07-23,Severe
DX_004056,ADM_02547,P_01185,I21.9,"Acute myocardial infarction, unspecified",Primary,2024-03-05,Severe
DX_004057,ADM_02548,P_02404,F32.9,"Major depressive disorder, single episode",Primary,2025-03-04,Moderate
DX_004058,ADM_02548,P_02404,A41.9,"Sepsis, unspecified organism",Secondary,2025-03-04,  Severe  
DX_004059,ADM_02549,P_01778,M54.5,Low back pain,Primary,2025-04-22,Mild
DX_004060,ADM_02549,P_01778,C34.90,Malignant neoplasm of unspecified part of bronchus or lung,Secondary,2025-04-22,Severe
DX_004061,ADM_02550,P_00617,J18.9,"Pneumonia, unspecified organism",Primary,2024-05-06,Moderate
DX_004062,ADM_02551,P_00617,E11.9,Type 2 diabetes mellitus without complications,primary,2024-05-23,Moderate
DX_004063,ADM_02552,P_01417,I21.9,"Acute myocardial infarction, unspecified",Primary,2024-07-06,Severe
DX_004064,ADM_02552,P_01417,N18.9,"Chronic kidney disease, unspecified",Secondary,2024-07-06,  Severe  
DX_004065,ADM_02553,P_02406,I50.9,"Heart failure, unspecified",Primary,2024-12-21,Severe
DX_004066,ADM_02553,P_02406,I21.9,"Acute myocardial infarction, unspecified",Secondary,2024-12-21,Severe
DX_004067,ADM_02554,P_00823,I10,Essential (primary) hypertension,  Primary  ,2025-03-25,Moderate
DX_004068,ADM_02555,P_00275,I50.9,"Heart failure, unspecified",Primary,2024-08-20,Severe
DX_004069,ADM_02555,P_00275,A41.9,"Sepsis, unspecified organism",Secondary,2024-08-20,Severe
DX_004070,ADM_02556,P_00275,C34.90,Malignant neoplasm of unspecified part of bronchus or lung,Primary,2024-09-05,Severe
DX_004071,ADM_02556,P_00275,I21.9,"Acute myocardial infarction, unspecified",Secondary,2024-09-05,Severe
DX_004072,ADM_02557,P_02648,I50.9,"Heart failure, unspecified",Primary,2024-12-08,Severe
DX_004073,ADM_02557,P_02648,J18.9,"Pneumonia, unspecified organism",  Secondary  ,2024-12-08,Moderate
DX_004074,ADM_02558,P_02817,I21.9,"Acute myocardial infarction, unspecified",Primary,2024-02-27,Severe
DX_004075,ADM_02558,P_02817,F32.9,"Major depressive disorder, single episode",Secondary,2024-02-27,Moderate
DX_004076,ADM_02559,P_00366,I10,Essential (primary) hypertension,Primary,2024-05-21,Moderate
DX_004077,ADM_02560,P_02867,E11.9,Type 2 diabetes mellitus without complications,Primary,2025-01-29,Moderate
DX_004078,ADM_02560,P_02867,I10,Essential (primary) hypertension,Secondary,2025-01-29,Moderate
DX_004079,ADM_02561,P_00523,K21.9,Gastro-esophageal reflux disease without esophagitis,Primary,2025-04-07,Mild
DX_004080,ADM_02561,P_00523,M54.5,Low back pain,Secondary,2025-04-07,Mild
DX_004081,ADM_02562,P_02771,I21.9,"Acute myocardial infarction, unspecified",Primary,2024-02-18,Severe
DX_004082,ADM_02562,P_02771,A41.9,"Sepsis, unspecified organism",Secondary,2024-02-18,Severe
DX_004083,ADM_02563,P_02163,F32.9,"Major depressive disorder, single episode",Primary,2024-03-26,Moderate
DX_004084,ADM_02564,P_02288,I50.9,"Heart failure, unspecified",Primary,2024-05-19,Severe
DX_004085,ADM_02565,P_02697,I50.9,"Heart failure, unspecified",Primary,2024-05-06,Severe
DX_004086,ADM_02565,P_02697,F32.9,"Major depressive disorder, single episode",Secondary,2024-05-06,Moderate
DX_004087,ADM_02566,P_02269,I21.9,"Acute myocardial infarction, unspecified",Primary,2025-02-18,Severe
DX_004088,ADM_02567,P_01997,J44.9,"Chronic obstructive pulmonary disease, unspecified",Primary,2024-05-07,Severe
DX_004089,ADM_02567,P_01997,M54.5,Low back pain,Secondary,2024-05-07,Mild
DX_004090,ADM_02568,P_00075,N18.9,"Chronic kidney disease, unspecified",Primary,2024-09-20,Severe
DX_004091,ADM_02568,P_00075,I50.9,"Heart failure, unspecified",Secondary,2024-09-20,Severe
DX_004092,ADM_02569,P_00049,C34.90,Malignant neoplasm of unspecified part of bronchus or lung,Primary,2025-03-12,Severe
DX_004093,ADM_02569,P_00049,J18.9,"Pneumonia, unspecified organism",Secondary,2025-03-12,Moderate
DX_004094,ADM_02570,P_02239,I10,Essential (primary) hypertension,Primary,2024-05-17,Moderate
DX_004095,ADM_02570,P_02239,A41.9,"Sepsis, unspecified organism",SECONDARY,05/17/2024,Severe
DX_004096,ADM_02571,P_03438,I21.9,"Acute myocardial infarction, unspecified",Primary,2024-06-23,SEVERE
DX_004097,ADM_02571,P_03438,K21.9,Gastro-esophageal reflux disease without esophagitis,Secondary,2024-06-23,Mild
DX_004098,ADM_02572,P_00461,N18.9,"Chronic kidney disease, unspecified",Primary,2024-06-22,Severe
DX_004099,ADM_02572,P_00461,E11.9,Type 2 diabetes mellitus without complications,Secondary,2024-06-22,Moderate
DX_004100,ADM_02573,P_01398,I10,Essential (primary) hypertension,Primary,2025-01-03,Moderate
DX_004101,ADM_02573,P_01398,J44.9,"Chronic obstructive pulmonary disease, unspecified",secondary,2025-01-03,Severe
DX_004102,ADM_02574,P_01398,I10,Essential (primary) hypertension,Primary,2025-01-12,Moderate
DX_004103,ADM_02574,P_01398,F32.9,"Major depressive disorder, single episode",SECONDARY,2025-01-12,Moderate
DX_004104,ADM_02575,P_00756,I21.9,"Acute myocardial infarction, unspecified",Primary,2025-02-02,SEVERE
DX_004105,ADM_02575,P_00756,E11.9,Type 2 diabetes mellitus without complications,Secondary,2025-02-02,Moderate
DX_004106,ADM_02576,P_02874,I10,Essential (primary) hypertension,Primary,2024-10-18,Moderate
DX_004107,ADM_02577,P_02607,J18.9,"Pneumonia, unspecified organism",Primary,2024-03-23,Moderate
DX_004108,ADM_02578,P_02607,I10,Essential (primary) hypertension,PRIMARY,2024-04-12,  Moderate  
DX_004109,ADM_02578,P_02607,K21.9,Gastro-esophageal reflux disease without esophagitis,Secondary,2024-04-12,Mild
DX_004110,ADM_02579,P_01729,I50.9,"Heart failure, unspecified",Primary,2024-03-14,Severe
DX_004111,ADM_02580,P_01421,N18.9,"Chronic kidney disease, unspecified",Primary,2024-09-25,Severe
DX_004112,ADM_02580,P_01421,K21.9,Gastro-esophageal reflux disease without esophagitis,Secondary,09/25/2024,Mild
DX_004113,ADM_02581,P_00212,C34.90,Malignant neoplasm of unspecified part of bronchus or lung,Primary,2025-02-22,Severe
DX_004114,ADM_02581,P_00212,F32.9,"Major depressive disorder, single episode",Secondary,2025-02-22,Moderate
DX_004115,ADM_02582,P_00212,I50.9,"Heart failure, unspecified",Primary,2025-03-25,Severe
DX_004116,ADM_02582,P_00212,E11.9,Type 2 diabetes mellitus without complications,Secondary,2025-03-25,Moderate
DX_004117,ADM_02583,P_02396,F32.9,"Major depressive disorder, single episode",Primary,2024-11-02,Moderate
DX_004118,ADM_02583,P_02396,K21.9,Gastro-esophageal reflux disease without esophagitis,Secondary,2024-11-02,Mild
DX_004119,ADM_02584,P_00609,K21.9,Gastro-esophageal reflux disease without esophagitis,Primary,2024-05-05,Mild
DX_004120,ADM_02585,P_03052,J18.9,"Pneumonia, unspecified organism",Primary,2024-07-08,Moderate
DX_004121,ADM_02585,P_03052,A41.9,"Sepsis, unspecified organism",Secondary,08-07-2024,Severe
DX_004122,ADM_02586,P_02931,I50.9,"Heart failure, unspecified",Primary,2025-01-23,Severe
DX_004123,ADM_02586,P_02931,F32.9,"Major depressive disorder, single episode",Secondary,2025-01-23,Moderate
DX_004124,ADM_02587,P_02099,F32.9,"Major depressive disorder, single episode",Primary,2024-04-18,Moderate
DX_004125,ADM_02587,P_02099,J44.9,"Chronic obstructive pulmonary disease, unspecified",Secondary,2024-04-18,Severe
DX_004126,ADM_02588,P_02099,K21.9,Gastro-esophageal reflux disease without esophagitis,Primary,2024-04-24,Mild
DX_004127,ADM_02588,P_02099,I21.9,"Acute myocardial infarction, unspecified",Secondary,2024-04-24,Severe
DX_004128,ADM_02589,P_00964,C34.90,Malignant neoplasm of unspecified part of bronchus or lung,Primary,2024-10-18,Severe
DX_004129,ADM_02589,P_00964,M54.5,Low back pain,Secondary,2024-10-18,Mild
DX_004130,ADM_02590,P_00412,A41.9,"Sepsis, unspecified organism",Primary,2024-05-18,Severe
DX_004131,ADM_02591,P_02966,A41.9,"Sepsis, unspecified organism",Primary,2025-03-25,Severe
DX_004132,ADM_02592,P_03150,K21.9,Gastro-esophageal reflux disease without esophagitis,Primary,2025-03-09,Mild
DX_004133,ADM_02593,P_02980,C34.90,Malignant neoplasm of unspecified part of bronchus or lung,Primary,2025-04-14,Severe
DX_004134,ADM_02594,P_02980,I50.9,"Heart failure, unspecified",Primary,2025-04-25,Severe
DX_004135,ADM_02594,P_02980,E11.9,Type 2 diabetes mellitus without complications,Secondary,2025-04-25,moderate
DX_004136,ADM_02595,P_00892,I21.9,"Acute myocardial infarction, unspecified",Primary,2024-07-05,Severe
DX_004137,ADM_02595,P_00892,C34.90,Malignant neoplasm of unspecified part of bronchus or lung,Secondary,2024-07-05,Severe
DX_004138,ADM_02596,P_02008,I50.9,"Heart failure, unspecified",Primary,2024-06-13,severe
DX_004139,ADM_02596,P_02008,C34.90,Malignant neoplasm of unspecified part of bronchus or lung,Secondary,2024-06-13,Severe
DX_004140,ADM_02597,P_00055,F32.9,"Major depressive disorder, single episode",UNKNOWN_VAL,2025-03-13,Moderate
DX_004141,ADM_02597,P_00055,K21.9,Gastro-esophageal reflux disease without esophagitis,  Secondary  ,2025-03-13,Mild
DX_004142,ADM_02598,P_00149,J44.9,"Chronic obstructive pulmonary disease, unspecified",primary,2024-04-22,Severe
DX_004143,ADM_02598,P_00149,I50.9,"Heart failure, unspecified",Secondary,2024-04-22,Severe
DX_004144,ADM_02599,P_01144,J18.9,"Pneumonia, unspecified organism",Primary,2024-12-11,Moderate
DX_004145,ADM_02599,P_01144,I21.9,"Acute myocardial infarction, unspecified",Secondary,2024/12/11 00:00:00,Severe
DX_004146,ADM_02600,P_02313,F32.9,"Major depressive disorder, single episode",Primary,2025/04/20 00:00:00,Moderate
DX_004147,ADM_02600,P_02313,C34.90,Malignant neoplasm of unspecified part of bronchus or lung,Secondary,2025-04-20,Severe
DX_004148,ADM_02601,P_01776,C34.90,Malignant neoplasm of unspecified part of bronchus or lung,Primary,2024-07-15,Severe
DX_004149,ADM_02602,P_01518,I21.9,"Acute myocardial infarction, unspecified",PRIMARY,2024-07-31,Severe
DX_004150,ADM_02603,P_02820,J44.9,"Chronic obstructive pulmonary disease, unspecified",Primary,2024-03-12,Severe
DX_004151,ADM_02604,P_03303,M54.5,Low back pain,Primary,2024-08-28,Mild
DX_004152,ADM_02604,P_03303,J18.9,"Pneumonia, unspecified organism",Secondary,2024/08/28 00:00:00,Moderate
DX_004153,ADM_02605,P_02181,E11.9,Type 2 diabetes mellitus without complications,Primary,2024-11-09,Moderate
DX_004154,ADM_02605,P_02181,F32.9,"Major depressive disorder, single episode",SECONDARY,2024-11-09,Moderate
DX_004155,ADM_02606,P_01390,F32.9,"Major depressive disorder, single episode",Primary,2025-03-03,Moderate
DX_004156,ADM_02607,P_00135,N18.9,"Chronic kidney disease, unspecified",Primary,2025-04-08,Severe
DX_004157,ADM_02607,P_00135,M54.5,Low back pain,Secondary,2025-04-08,Mild
DX_004158,ADM_02608,P_03459,M54.5,Low back pain,Primary,2025-04-02,Mild
DX_004159,ADM_02608,P_03459,I10,Essential (primary) hypertension,Secondary,2025-04-02,Moderate
DX_004160,ADM_02609,P_02037,I10,Essential (primary) hypertension,Primary,2024-12-13,Moderate
DX_004161,ADM_02609,P_02037,C34.90,Malignant neoplasm of unspecified part of bronchus or lung,Secondary,2024-12-13,Severe
DX_004162,ADM_02610,P_01214,J44.9,"Chronic obstructive pulmonary disease, unspecified",  Primary  ,2025-03-20,Severe
DX_004163,ADM_02611,P_02706,J18.9,"Pneumonia, unspecified organism",Primary,2024-05-26,Moderate
DX_004164,ADM_02612,P_02732,K21.9,Gastro-esophageal reflux disease without esophagitis,Primary,2024-05-22,Mild
DX_004165,ADM_02612,P_02732,E11.9,Type 2 diabetes mellitus without complications,Secondary,2024-05-22,Moderate
DX_004166,ADM_02613,P_02732,J44.9,"Chronic obstructive pulmonary disease, unspecified",Primary,2024-06-06,Severe
DX_004167,ADM_02613,P_02732,J18.9,"Pneumonia, unspecified organism",Secondary,2024-06-06,Moderate
DX_004168,ADM_02614,P_00300,J18.9,"Pneumonia, unspecified organism",Primary,2025-01-15,Moderate
DX_004169,ADM_02614,P_00300,F32.9,"Major depressive disorder, single episode",Secondary,2025-01-15,Moderate
DX_004170,ADM_02615,P_02869,I21.9,"Acute myocardial infarction, unspecified",Primary,2025-02-27,Severe
DX_004171,ADM_02616,P_02869,J18.9,"Pneumonia, unspecified organism",Primary,2025-03-22,Moderate
DX_004172,ADM_02616,P_02869,M54.5,Low back pain,  Secondary  ,2025-03-22,Mild
DX_004173,ADM_02617,P_02348,E11.9,Type 2 diabetes mellitus without complications,Primary,2025-03-30,Moderate
DX_004174,ADM_02617,P_02348,A41.9,"Sepsis, unspecified organism",Secondary,2025-03-30,Severe
DX_004175,ADM_02618,P_03051,I10,Essential (primary) hypertension,Primary,2024-08-28,Moderate
DX_004176,ADM_02619,P_03051,E11.9,Type 2 diabetes mellitus without complications,  Primary  ,2024-09-05,Moderate
DX_004177,ADM_02620,P_02712,A41.9,"Sepsis, unspecified organism",  Primary  ,31-05-2024,Severe
DX_004178,ADM_02621,P_02712,I10,Essential (primary) hypertension,Primary,2024-06-21,Moderate
DX_004179,ADM_02622,P_02285,I21.9,"Acute myocardial infarction, unspecified",Primary,2024-07-20,Severe
DX_004180,ADM_02623,P_01831,J18.9,"Pneumonia, unspecified organism",Primary,2024-12-30,Moderate
DX_004181,ADM_02623,P_01831,C34.90,Malignant neoplasm of unspecified part of bronchus or lung,Secondary,2024-12-30,severe
DX_004182,ADM_02624,P_02640,N18.9,"Chronic kidney disease, unspecified",Primary,2024-04-06,Severe
DX_004183,ADM_02624,P_02640,A41.9,"Sepsis, unspecified organism",Secondary,2024-04-06,Severe
DX_004184,ADM_02625,P_00584,K21.9,Gastro-esophageal reflux disease without esophagitis,Primary,2024-06-15,Mild
DX_004185,ADM_02625,P_00584,J18.9,"Pneumonia, unspecified organism",Secondary,2024-06-15,Moderate
DX_004186,ADM_02626,P_00532,J44.9,"Chronic obstructive pulmonary disease, unspecified",Primary,2024-05-15,Severe
DX_004187,ADM_02627,P_01954,K21.9,Gastro-esophageal reflux disease without esophagitis,Primary,2025-01-29,mild
DX_004188,ADM_02627,P_01954,I21.9,"Acute myocardial infarction, unspecified",Secondary,2025-01-29,Severe
DX_004189,ADM_02628,P_01827,I21.9,"Acute myocardial infarction, unspecified",Primary,2024-01-25,Severe
DX_004190,ADM_02628,P_01827,I50.9,"Heart failure, unspecified",  Secondary  ,2024-01-25,Severe
DX_004191,ADM_02629,P_02135,I21.9,"Acute myocardial infarction, unspecified",Primary,2025-03-25,Severe
DX_004192,ADM_02630,P_01155,A41.9,"Sepsis, unspecified organism",Primary,2024-06-07,Severe
DX_004193,ADM_02630,P_01155,K21.9,Gastro-esophageal reflux disease without esophagitis,Secondary,2024-06-07,Mild
DX_004194,ADM_02631,P_01551,K21.9,Gastro-esophageal reflux disease without esophagitis,Primary,2024-09-28,Mild
DX_004195,ADM_02632,P_02004,M54.5,Low back pain,PRIMARY,2025-03-02,Mild
DX_004196,ADM_02632,P_02004,J44.9,"Chronic obstructive pulmonary disease, unspecified",Secondary,2025-03-02,Severe
DX_004197,ADM_02633,P_03211,N18.9,"Chronic kidney disease, unspecified",Primary,2025-01-23,Severe
DX_004198,ADM_02634,P_01357,J44.9,"Chronic obstructive pulmonary disease, unspecified",Primary,2025-01-30,Severe
DX_004199,ADM_02634,P_01357,N18.9,"Chronic kidney disease, unspecified",Secondary,2025-01-30,Severe
DX_004200,ADM_02635,P_01275,E11.9,Type 2 diabetes mellitus without complications,Primary,2025-01-20,Moderate
DX_004201,ADM_02636,P_02959,J18.9,"Pneumonia, unspecified organism",Primary,2024-12-15,Moderate
DX_004202,ADM_02636,P_02959,A41.9,"Sepsis, unspecified organism",Secondary,2024-12-15,Severe
DX_004203,ADM_02637,P_02959,M54.5,Low back pain,UNKNOWN_VAL,2025-01-11,Mild
DX_004204,ADM_02637,P_02959,J18.9,"Pneumonia, unspecified organism",Secondary,2025-01-11,Moderate
DX_004205,ADM_02638,P_00616,F32.9,"Major depressive disorder, single episode",Primary,2024-06-07,Moderate
DX_004206,ADM_02638,P_00616,J44.9,"Chronic obstructive pulmonary disease, unspecified",Secondary,2024-06-07,Severe
DX_004207,ADM_02639,P_02644,N18.9,"Chronic kidney disease, unspecified",PRIMARY,2024-10-30,Severe
DX_004208,ADM_02639,P_02644,I10,Essential (primary) hypertension,Secondary,2024-10-30,Moderate
DX_004209,ADM_02640,P_02642,M54.5,Low back pain,Primary,25-09-2024,Mild
DX_004210,ADM_02640,P_02642,I50.9,"Heart failure, unspecified",Secondary,2024-09-25,Severe
DX_004211,ADM_02641,P_02333,K21.9,Gastro-esophageal reflux disease without esophagitis,Primary,2025-02-07,  Mild  
DX_004212,ADM_02641,P_02333,I10,Essential (primary) hypertension,Secondary,2025-02-07,Moderate
DX_004213,ADM_02642,P_00322,A41.9,"Sepsis, unspecified organism",PRIMARY,2025-03-21,Severe
DX_004214,ADM_02643,P_01344,K21.9,Gastro-esophageal reflux disease without esophagitis,  Primary  ,2024-03-10,Mild
DX_004215,ADM_02644,P_02295,I10,Essential (primary) hypertension,Primary,2025-01-18,Moderate
DX_004216,ADM_02645,P_01361,I21.9,"Acute myocardial infarction, unspecified",Primary,2024-02-14,Severe
DX_004217,ADM_02645,P_01361,J44.9,"Chronic obstructive pulmonary disease, unspecified",Secondary,2024-02-14,Severe
DX_004218,ADM_02646,P_01997,M54.5,Low back pain,Primary,2024-08-04,Mild
DX_004219,ADM_02646,P_01997,K21.9,Gastro-esophageal reflux disease without esophagitis,Secondary,2024-08-04,Mild
DX_004220,ADM_02647,P_03203,K21.9,Gastro-esophageal reflux disease without esophagitis,Primary,2024-07-13,Mild
DX_004221,ADM_02647,P_03203,A41.9,"Sepsis, unspecified organism",Secondary,2024-07-13,Severe
DX_004222,ADM_02648,P_02549,A41.9,"Sepsis, unspecified organism",Primary,2024-12-13,Severe
DX_004223,ADM_02648,P_02549,J44.9,"Chronic obstructive pulmonary disease, unspecified",Secondary,2024/12/13 00:00:00,Severe
DX_004224,ADM_02649,P_02270,K21.9,Gastro-esophageal reflux disease without esophagitis,Primary,2025-02-18,Mild
DX_004225,ADM_02649,P_02270,F32.9,"Major depressive disorder, single episode",Secondary,2025-02-18,Moderate
DX_004226,ADM_02650,P_02270,A41.9,"Sepsis, unspecified organism",Primary,2025-03-16,Severe
DX_004227,ADM_02651,P_00096,J44.9,"Chronic obstructive pulmonary disease, unspecified",Primary,2024-02-19,Severe
DX_004228,ADM_02652,P_01671,J18.9,"Pneumonia, unspecified organism",Primary,2024/11/01 00:00:00,Moderate
DX_004229,ADM_02652,P_01671,E11.9,Type 2 diabetes mellitus without complications,Secondary,2024-11-01,Moderate
DX_004230,ADM_02653,P_01319,I50.9,"Heart failure, unspecified",Primary,2024-06-14,Severe
DX_004231,ADM_02653,P_01319,M54.5,Low back pain,Secondary,2024-06-14,Mild
DX_004232,ADM_02654,P_02387,E11.9,Type 2 diabetes mellitus without complications,Primary,2024-10-16,Moderate
DX_004233,ADM_02654,P_02387,C34.90,Malignant neoplasm of unspecified part of bronchus or lung,Secondary,2024-10-16,Severe
DX_004234,ADM_02655,P_02857,N18.9,"Chronic kidney disease, unspecified",Primary,2024-12-05,Severe
DX_004235,ADM_02656,P_02586,M54.5,Low back pain,Primary,2024-09-20,Mild
DX_004236,ADM_02657,P_02586,I10,Essential (primary) hypertension,Primary,2024-10-03,Moderate
DX_004237,ADM_02657,P_02586,I21.9,"Acute myocardial infarction, unspecified",Secondary,2024-10-03,Severe
DX_004238,ADM_02658,P_02759,J44.9,"Chronic obstructive pulmonary disease, unspecified",Primary,2025-03-24,Severe
DX_004239,ADM_02658,P_02759,C34.90,Malignant neoplasm of unspecified part of bronchus or lung,Secondary,2025-03-24,Severe
DX_004240,ADM_02659,P_02759,J44.9,"Chronic obstructive pulmonary disease, unspecified",Primary,2025-04-14,Severe
DX_004241,ADM_02660,P_02701,I10,Essential (primary) hypertension,Primary,2024-11-13,Moderate
DX_004242,ADM_02660,P_02701,K21.9,Gastro-esophageal reflux disease without esophagitis,Secondary,2024-11-13,Mild
DX_004243,ADM_02661,P_00184,A41.9,"Sepsis, unspecified organism",Primary,2024/02/28 00:00:00,SEVERE
DX_004244,ADM_02661,P_00184,N18.9,"Chronic kidney disease, unspecified",  Secondary  ,2024-02-28,Severe
DX_004245,ADM_02662,P_00262,C34.90,Malignant neoplasm of unspecified part of bronchus or lung,Primary,2024-11-30,Severe
DX_004246,ADM_02662,P_00262,N18.9,"Chronic kidney disease, unspecified",Secondary,2024-11-30,Severe
DX_004247,ADM_02663,P_03109,I10,Essential (primary) hypertension,Primary,2024/06/16 00:00:00,Moderate
DX_004248,ADM_02664,P_02785,E11.9,Type 2 diabetes mellitus without complications,PRIMARY,2024-09-11,moderate
DX_004249,ADM_02664,P_02785,K21.9,Gastro-esophageal reflux disease without esophagitis,Secondary,2024-09-11,Mild
DX_004250,ADM_02665,P_03224,I50.9,"Heart failure, unspecified",Primary,2024-07-17,Severe
DX_004251,ADM_02665,P_03224,E11.9,Type 2 diabetes mellitus without complications,Secondary,2024-07-17,Moderate
DX_004252,ADM_02666,P_03499,J18.9,"Pneumonia, unspecified organism",Primary,2024-06-14,Moderate
DX_004253,ADM_02666,P_03499,I21.9,"Acute myocardial infarction, unspecified",Secondary,2024-06-14,Severe
DX_004254,ADM_02667,P_01227,I50.9,"Heart failure, unspecified",Primary,2024-08-12,Severe
DX_004255,ADM_02667,P_01227,M54.5,Low back pain,Secondary,2024-08-12,Mild
DX_004256,ADM_02668,P_01956,J44.9,"Chronic obstructive pulmonary disease, unspecified",Primary,2024-11-18,SEVERE
DX_004257,ADM_02669,P_02089,C34.90,Malignant neoplasm of unspecified part of bronchus or lung,Primary,2025-05-04,Severe
DX_004258,ADM_02669,P_02089,M54.5,Low back pain,Secondary,2025-05-04,Mild
DX_004259,ADM_02670,P_02362,J18.9,"Pneumonia, unspecified organism",Primary,2024-01-19,Moderate
DX_004260,ADM_02670,P_02362,E11.9,Type 2 diabetes mellitus without complications,Secondary,2024-01-19,Moderate
DX_004261,ADM_02671,P_02362,F32.9,"Major depressive disorder, single episode",primary,2024-02-18,Moderate
DX_004262,ADM_02671,P_02362,I50.9,"Heart failure, unspecified",Secondary,2024-02-18,Severe
DX_004263,ADM_02672,P_02475,I50.9,"Heart failure, unspecified",Primary,2025-03-02,Severe
DX_004264,ADM_02672,P_02475,A41.9,"Sepsis, unspecified organism",Secondary,2025-03-02,Severe
DX_004265,ADM_02673,P_03460,J44.9,"Chronic obstructive pulmonary disease, unspecified",Primary,2024-08-23,Severe
DX_004266,ADM_02673,P_03460,I50.9,"Heart failure, unspecified",Secondary,2024-08-23,Severe
DX_004267,ADM_02674,P_03146,C34.90,Malignant neoplasm of unspecified part of bronchus or lung,Primary,2024-07-07,Severe
DX_004268,ADM_02675,P_01004,I21.9,"Acute myocardial infarction, unspecified",Primary,2024/04/21 00:00:00,Severe
DX_004269,ADM_02675,P_01004,J18.9,"Pneumonia, unspecified organism",Secondary,2024-04-21,Moderate
DX_004270,ADM_02676,P_03472,F32.9,"Major depressive disorder, single episode",Primary,2024-07-09,Moderate
DX_004271,ADM_02676,P_03472,E11.9,Type 2 diabetes mellitus without complications,Secondary,2024-07-09,Moderate
DX_004272,ADM_02677,P_02180,K21.9,Gastro-esophageal reflux disease without esophagitis,Primary,2025-01-07,Mild
DX_004273,ADM_02677,P_02180,C34.90,Malignant neoplasm of unspecified part of bronchus or lung,Secondary,2025-01-07,severe
DX_004274,ADM_02678,P_01312,I21.9,"Acute myocardial infarction, unspecified",Primary,2024-08-30,Severe
DX_004275,ADM_02678,P_01312,I10,Essential (primary) hypertension,Secondary,2024-08-30,Moderate
DX_004276,ADM_02679,P_00227,I50.9,"Heart failure, unspecified",Primary,2024-03-31,Severe
DX_004277,ADM_02680,P_01219,J44.9,"Chronic obstructive pulmonary disease, unspecified",Primary,2025-03-06,Severe
DX_004278,ADM_02680,P_01219,I21.9,"Acute myocardial infarction, unspecified",Secondary,2025-03-06,Severe
DX_004279,ADM_02681,P_03069,C34.90,Malignant neoplasm of unspecified part of bronchus or lung,Primary,2024-04-03,  Severe  
DX_004280,ADM_02682,P_03231,I10,Essential (primary) hypertension,Primary,2024-04-14,Moderate
DX_004281,ADM_02682,P_03231,J44.9,"Chronic obstructive pulmonary disease, unspecified",Secondary,2024-04-14,Severe
DX_004282,ADM_02683,P_00440,F32.9,"Major depressive disorder, single episode",Primary,2024-07-21,Moderate
DX_004283,ADM_02683,P_00440,E11.9,Type 2 diabetes mellitus without complications,Secondary,2024-07-21,Moderate
DX_004284,ADM_02684,P_01368,C34.90,Malignant neoplasm of unspecified part of bronchus or lung,Primary,2024-12-23,Severe
DX_004285,ADM_02685,P_03122,J18.9,"Pneumonia, unspecified organism",Primary,2024-10-25,MODERATE
DX_004286,ADM_02685,P_03122,N18.9,"Chronic kidney disease, unspecified",Secondary,2024-10-25,Severe
DX_004287,ADM_02686,P_03122,A41.9,"Sepsis, unspecified organism",primary,2024-11-12,Severe
DX_004288,ADM_02686,P_03122,J44.9,"Chronic obstructive pulmonary disease, unspecified",Secondary,2024-11-12,Severe
DX_004289,ADM_02687,P_00068,J18.9,"Pneumonia, unspecified organism",Primary,2024-11-29,Moderate
DX_004290,ADM_02687,P_00068,E11.9,Type 2 diabetes mellitus without complications,Secondary,2024-11-29,Moderate
DX_004291,ADM_02688,P_03247,F32.9,"Major depressive disorder, single episode",Primary,2024-07-02,Moderate
DX_004292,ADM_02688,P_03247,I50.9,"Heart failure, unspecified",Secondary,2024-07-02,Severe
DX_004293,ADM_02689,P_03247,N18.9,"Chronic kidney disease, unspecified",Primary,2024-07-24,Severe
DX_004294,ADM_02689,P_03247,C34.90,Malignant neoplasm of unspecified part of bronchus or lung,Secondary,2024-07-24,Severe
DX_004295,ADM_02690,P_03035,E11.9,Type 2 diabetes mellitus without complications,Primary,2025-03-22,Moderate
DX_004296,ADM_02690,P_03035,J44.9,"Chronic obstructive pulmonary disease, unspecified",Secondary,2025-03-22,Severe
DX_004297,ADM_02691,P_03035,I21.9,"Acute myocardial infarction, unspecified",Primary,2025-04-19,Severe
DX_004298,ADM_02692,P_01491,N18.9,"Chronic kidney disease, unspecified",Primary,2025-03-23,Severe
DX_004299,ADM_02693,P_02588,C34.90,Malignant neoplasm of unspecified part of bronchus or lung,Primary,2024-11-05,Severe
DX_004300,ADM_02693,P_02588,J18.9,"Pneumonia, unspecified organism",Secondary,2024-11-05,Moderate
DX_004301,ADM_02694,P_02575,M54.5,Low back pain,Primary,2025-01-26,Mild
DX_004302,ADM_02695,P_02229,C34.90,Malignant neoplasm of unspecified part of bronchus or lung,Primary,2024-08-13,Severe
DX_004303,ADM_02695,P_02229,I21.9,"Acute myocardial infarction, unspecified",Secondary,2024-08-13,Severe
DX_004304,ADM_02696,P_01477,C34.90,Malignant neoplasm of unspecified part of bronchus or lung,Primary,2024-09-21,Severe
DX_004305,ADM_02696,P_01477,J18.9,"Pneumonia, unspecified organism",Secondary,2024-09-21,Moderate
DX_004306,ADM_02697,P_01477,I50.9,"Heart failure, unspecified",Primary,2024-10-02,Severe
DX_004307,ADM_02697,P_01477,E11.9,Type 2 diabetes mellitus without complications,Secondary,02-10-2024,Moderate
DX_004308,ADM_02698,P_02408,E11.9,Type 2 diabetes mellitus without complications,Primary,2024-07-15,Moderate
DX_004309,ADM_02698,P_02408,I50.9,"Heart failure, unspecified",Secondary,2024-07-15,Severe
DX_004310,ADM_02699,P_02408,I10,Essential (primary) hypertension,Primary,2024-08-14,Moderate
DX_004311,ADM_02699,P_02408,K21.9,Gastro-esophageal reflux disease without esophagitis,Secondary,2024-08-14,Mild
DX_004312,ADM_02700,P_00750,C34.90,Malignant neoplasm of unspecified part of bronchus or lung,UNKNOWN_VAL,2024-01-05,Severe
DX_004313,ADM_02701,P_00889,C34.90,Malignant neoplasm of unspecified part of bronchus or lung,Primary,04/18/2024,Severe
DX_004314,ADM_02701,P_00889,A41.9,"Sepsis, unspecified organism",Secondary,2024-04-18,Severe
DX_004315,ADM_02702,P_00799,M54.5,Low back pain,Primary,2025-02-21,Mild
DX_004316,ADM_02702,P_00799,J18.9,"Pneumonia, unspecified organism",Secondary,2025-02-21,Moderate
DX_004317,ADM_02703,P_01023,I21.9,"Acute myocardial infarction, unspecified",Primary,2025-01-23,Severe
DX_004318,ADM_02704,P_01474,J44.9,"Chronic obstructive pulmonary disease, unspecified",Primary,2024-09-03,Severe
DX_004319,ADM_02704,P_01474,I10,Essential (primary) hypertension,Secondary,2024-09-03,Moderate
DX_004320,ADM_02705,P_00277,I10,Essential (primary) hypertension,Primary,2024-05-16,Moderate
DX_004321,ADM_02706,P_00259,J44.9,"Chronic obstructive pulmonary disease, unspecified",Primary,2024-06-29,Severe
DX_004322,ADM_02706,P_00259,I50.9,"Heart failure, unspecified",Secondary,06/29/2024,Severe
DX_004323,ADM_02707,P_01785,J44.9,"Chronic obstructive pulmonary disease, unspecified",Primary,2024-06-21,Severe
DX_004324,ADM_02707,P_01785,F32.9,"Major depressive disorder, single episode",Secondary,2024-06-21,Moderate
DX_004325,ADM_02708,P_02838,E11.9,Type 2 diabetes mellitus without complications,Primary,2024-07-04,Moderate
DX_004326,ADM_02708,P_02838,M54.5,Low back pain,Secondary,2024-07-04,Mild
DX_004327,ADM_02709,P_02279,N18.9,"Chronic kidney disease, unspecified",Primary,2024-12-08,Severe
DX_004328,ADM_02709,P_02279,I50.9,"Heart failure, unspecified",Secondary,2024-12-08,Severe
DX_004329,ADM_02710,P_00799,A41.9,"Sepsis, unspecified organism",Primary,2025-02-05,Severe
DX_004330,ADM_02711,P_03188,C34.90,Malignant neoplasm of unspecified part of bronchus or lung,Primary,2024-11-07,Severe
DX_004331,ADM_02712,P_00589,C34.90,Malignant neoplasm of unspecified part of bronchus or lung,Primary,2025-03-13,Severe
DX_004332,ADM_02712,P_00589,E11.9,Type 2 diabetes mellitus without complications,Secondary,2025-03-13,Moderate
DX_004333,ADM_02713,P_01535,I21.9,"Acute myocardial infarction, unspecified",Primary,2024-06-28,Severe
DX_004334,ADM_02714,P_01231,M54.5,Low back pain,primary,2025-04-27,Mild
DX_004335,ADM_02715,P_03484,J44.9,"Chronic obstructive pulmonary disease, unspecified",Primary,2024-05-16,Severe
DX_004336,ADM_02716,P_03484,E11.9,Type 2 diabetes mellitus without complications,Primary,2024-06-18,Moderate
DX_004337,ADM_02716,P_03484,I50.9,"Heart failure, unspecified",  Secondary  ,2024-06-18,Severe
DX_004338,ADM_02717,P_02130,I21.9,"Acute myocardial infarction, unspecified",Primary,2024-02-22,Severe
DX_004339,ADM_02717,P_02130,I10,Essential (primary) hypertension,  Secondary  ,2024-02-22,Moderate
DX_004340,ADM_02718,P_02256,I21.9,"Acute myocardial infarction, unspecified",Primary,2025-01-06,severe
DX_004341,ADM_02719,P_02212,I21.9,"Acute myocardial infarction, unspecified",Primary,06/10/2024,Severe
DX_004342,ADM_02719,P_02212,I10,Essential (primary) hypertension,Secondary,2024-06-10,Moderate
DX_004343,ADM_02720,P_01437,K21.9,Gastro-esophageal reflux disease without esophagitis,Primary,2025-01-17,Mild
DX_004344,ADM_02721,P_01437,K21.9,Gastro-esophageal reflux disease without esophagitis,Primary,2025-02-12,Mild
DX_004345,ADM_02722,P_00446,J44.9,"Chronic obstructive pulmonary disease, unspecified",Primary,2024-10-14,  Severe  
DX_004346,ADM_02722,P_00446,E11.9,Type 2 diabetes mellitus without complications,Secondary,2024-10-14,Moderate
DX_004347,ADM_02723,P_03374,C34.90,Malignant neoplasm of unspecified part of bronchus or lung,Primary,2024-09-06,Severe
DX_004348,ADM_02724,P_01039,M54.5,Low back pain,Primary,2024-08-10,Mild
DX_004349,ADM_02725,P_03324,C34.90,Malignant neoplasm of unspecified part of bronchus or lung,Primary,2025-05-03,Severe
DX_004350,ADM_02726,P_01212,I50.9,"Heart failure, unspecified",Primary,2025-01-25,severe
DX_004351,ADM_02726,P_01212,E11.9,Type 2 diabetes mellitus without complications,Secondary,2025-01-25,  Moderate  
DX_004352,ADM_02727,P_01212,I10,Essential (primary) hypertension,Primary,2025-02-14,  Moderate  
DX_004353,ADM_02728,P_01133,E11.9,Type 2 diabetes mellitus without complications,  Primary  ,2024-07-28,Moderate
DX_004354,ADM_02728,P_01133,C34.90,Malignant neoplasm of unspecified part of bronchus or lung,Secondary,2024-07-28,Severe
DX_004355,ADM_02729,P_02365,N18.9,"Chronic kidney disease, unspecified",Primary,2024-03-20,Severe
DX_004356,ADM_02729,P_02365,I10,Essential (primary) hypertension,Secondary,2024-03-20,Moderate
DX_004357,ADM_02730,P_00698,J18.9,"Pneumonia, unspecified organism",Primary,2024-02-28,Moderate
DX_004358,ADM_02730,P_00698,I10,Essential (primary) hypertension,SECONDARY,2024-02-28,Moderate
DX_004359,ADM_02731,P_00743,N18.9,"Chronic kidney disease, unspecified",Primary,2024-09-05,Severe
DX_004360,ADM_02731,P_00743,M54.5,Low back pain,Secondary,2024-09-05,mild
DX_004361,ADM_02732,P_02043,K21.9,Gastro-esophageal reflux disease without esophagitis,Primary,2024-05-27,Mild
DX_004362,ADM_02732,P_02043,M54.5,Low back pain,Secondary,2024-05-27,Mild
DX_004363,ADM_02733,P_00675,C34.90,Malignant neoplasm of unspecified part of bronchus or lung,Primary,2024-11-03,Severe
DX_004364,ADM_02733,P_00675,I10,Essential (primary) hypertension,Secondary,2024-11-03,Moderate
DX_004365,ADM_02734,P_00016,I50.9,"Heart failure, unspecified",Primary,2024-08-30,Severe
DX_004366,ADM_02734,P_00016,A41.9,"Sepsis, unspecified organism",Secondary,2024-08-30,Severe
DX_004367,ADM_02735,P_01959,J18.9,"Pneumonia, unspecified organism",Primary,2024-08-06,Moderate
DX_004368,ADM_02735,P_01959,C34.90,Malignant neoplasm of unspecified part of bronchus or lung,Secondary,2024-08-06,Severe
DX_004369,ADM_02736,P_02407,A41.9,"Sepsis, unspecified organism",Primary,2024-08-18,Severe
DX_004370,ADM_02736,P_02407,M54.5,Low back pain,Secondary,2024-08-18,Mild
DX_004371,ADM_02737,P_02407,C34.90,Malignant neoplasm of unspecified part of bronchus or lung,Primary,2024-09-10,Severe
DX_004372,ADM_02738,P_03038,I50.9,"Heart failure, unspecified",Primary,2024-10-24,Severe
DX_004373,ADM_02739,P_03078,J44.9,"Chronic obstructive pulmonary disease, unspecified",Primary,2024/09/05 00:00:00,Severe
DX_004374,ADM_02740,P_01495,I10,Essential (primary) hypertension,Primary,2024-11-10,Moderate
DX_004375,ADM_02740,P_01495,N18.9,"Chronic kidney disease, unspecified",Secondary,2024-11-10,severe
DX_004376,ADM_02741,P_02147,J44.9,"Chronic obstructive pulmonary disease, unspecified",Primary,2025-02-16,Severe
DX_004377,ADM_02741,P_02147,I21.9,"Acute myocardial infarction, unspecified",Secondary,2025-02-16,Severe
DX_004378,ADM_02742,P_02786,F32.9,"Major depressive disorder, single episode",Primary,2025-04-07,Moderate
DX_004379,ADM_02742,P_02786,I10,Essential (primary) hypertension,Secondary,2025-04-07,Moderate
DX_004380,ADM_02743,P_02786,M54.5,Low back pain,Primary,2025-05-15,Mild
DX_004381,ADM_02744,P_02508,K21.9,Gastro-esophageal reflux disease without esophagitis,Primary,05/09/2024,Mild
DX_004382,ADM_02744,P_02508,M54.5,Low back pain,Secondary,2024-05-09,Mild
DX_004383,ADM_02745,P_01599,J18.9,"Pneumonia, unspecified organism",Primary,2025-04-15,Moderate
DX_004384,ADM_02745,P_01599,M54.5,Low back pain,Secondary,2025/04/15 00:00:00,Mild
DX_004385,ADM_02746,P_00742,J18.9,"Pneumonia, unspecified organism",Primary,09/02/2024,Moderate
DX_004386,ADM_02746,P_00742,A41.9,"Sepsis, unspecified organism",Secondary,2024-09-02,Severe
DX_004387,ADM_02747,P_00971,J18.9,"Pneumonia, unspecified organism",Primary,2024-11-23,Moderate
DX_004388,ADM_02748,P_01123,J44.9,"Chronic obstructive pulmonary disease, unspecified",Primary,2024-08-21,Severe
DX_004389,ADM_02748,P_01123,E11.9,Type 2 diabetes mellitus without complications,Secondary,2024-08-21,Moderate
DX_004390,ADM_02749,P_01123,N18.9,"Chronic kidney disease, unspecified",Primary,2024-09-20,Severe
DX_004391,ADM_02749,P_01123,E11.9,Type 2 diabetes mellitus without complications,Secondary,2024-09-20,Moderate
DX_004392,ADM_02750,P_02246,J44.9,"Chronic obstructive pulmonary disease, unspecified",Primary,2025-03-02,Severe
DX_004393,ADM_02751,P_02428,N18.9,"Chronic kidney disease, unspecified",Primary,2025-03-10,Severe
DX_004394,ADM_02751,P_02428,I50.9,"Heart failure, unspecified",Secondary,2025-03-10,Severe
DX_004395,ADM_02752,P_03335,N18.9,"Chronic kidney disease, unspecified",Primary,2024-01-21,Severe
DX_004396,ADM_02752,P_03335,A41.9,"Sepsis, unspecified organism",Secondary,2024-01-21,Severe
DX_004397,ADM_02753,P_01326,C34.90,Malignant neoplasm of unspecified part of bronchus or lung,Primary,2024-01-07,Severe
DX_004398,ADM_02754,P_01326,E11.9,Type 2 diabetes mellitus without complications,Primary,2024-01-30,Moderate
DX_004399,ADM_02755,P_02255,K21.9,Gastro-esophageal reflux disease without esophagitis,Primary,2024-05-25,Mild
DX_004400,ADM_02755,P_02255,I21.9,"Acute myocardial infarction, unspecified",Secondary,2024-05-25,Severe
DX_004401,ADM_02756,P_02255,N18.9,"Chronic kidney disease, unspecified",Primary,2024-06-07,Severe
DX_004402,ADM_02757,P_00758,M54.5,Low back pain,Primary,2024-07-28,Mild
DX_004403,ADM_02757,P_00758,E11.9,Type 2 diabetes mellitus without complications,Secondary,2024-07-28,Moderate
DX_004404,ADM_02758,P_01923,F32.9,"Major depressive disorder, single episode",Primary,2024-03-09,Moderate
DX_004405,ADM_02758,P_01923,J44.9,"Chronic obstructive pulmonary disease, unspecified",Secondary,2024-03-09,Severe
DX_004406,ADM_02759,P_00227,I50.9,"Heart failure, unspecified",Primary,2024-06-21,Severe
DX_004407,ADM_02760,P_00798,N18.9,"Chronic kidney disease, unspecified",Primary,2024-11-09,Severe
DX_004408,ADM_02761,P_03364,A41.9,"Sepsis, unspecified organism",Primary,2024-12-09,Severe
DX_004409,ADM_02761,P_03364,N18.9,"Chronic kidney disease, unspecified",Secondary,2024-12-09,Severe
DX_004410,ADM_02762,P_03364,N18.9,"Chronic kidney disease, unspecified",Primary,25-12-2024,Severe
DX_004411,ADM_02762,P_03364,C34.90,Malignant neoplasm of unspecified part of bronchus or lung,  Secondary  ,2024-12-25,Severe
DX_004412,ADM_02763,P_02884,N18.9,"Chronic kidney disease, unspecified",Primary,2024-10-31,Severe
DX_004413,ADM_02763,P_02884,I21.9,"Acute myocardial infarction, unspecified",Secondary,2024-10-31,Severe
DX_004414,ADM_02764,P_02295,J18.9,"Pneumonia, unspecified organism",UNKNOWN_VAL,2025-01-26,Moderate
DX_004415,ADM_02765,P_02670,K21.9,Gastro-esophageal reflux disease without esophagitis,PRIMARY,2024-03-15,Mild
DX_004416,ADM_02766,P_02670,C34.90,Malignant neoplasm of unspecified part of bronchus or lung,Primary,2024-04-06,Severe
DX_004417,ADM_02766,P_02670,J18.9,"Pneumonia, unspecified organism",  Secondary  ,2024-04-06,Moderate
DX_004418,ADM_02767,P_00195,E11.9,Type 2 diabetes mellitus without complications,Primary,2025-04-22,Moderate
DX_004419,ADM_02768,P_02969,J44.9,"Chronic obstructive pulmonary disease, unspecified",Primary,2025-03-20,Severe
DX_004420,ADM_02768,P_02969,K21.9,Gastro-esophageal reflux disease without esophagitis,Secondary,2025-03-20,Mild
DX_004421,ADM_02769,P_02332,M54.5,Low back pain,Primary,2024-12-02,Mild
DX_004422,ADM_02769,P_02332,A41.9,"Sepsis, unspecified organism",Secondary,2024-12-02,Severe
DX_004423,ADM_02770,P_02332,E11.9,Type 2 diabetes mellitus without complications,Primary,2024-12-19,Moderate
DX_004424,ADM_02770,P_02332,M54.5,Low back pain,Secondary,2024-12-19,Mild
DX_004425,ADM_02771,P_00046,C34.90,Malignant neoplasm of unspecified part of bronchus or lung,Primary,2024-12-17,Severe
DX_004426,ADM_02771,P_00046,E11.9,Type 2 diabetes mellitus without complications,Secondary,2024-12-17,Moderate
DX_004427,ADM_02772,P_02711,I50.9,"Heart failure, unspecified",Primary,2024-08-15,Severe
DX_004428,ADM_02772,P_02711,A41.9,"Sepsis, unspecified organism",  Secondary  ,2024-08-15,Severe
DX_004429,ADM_02773,P_02498,E11.9,Type 2 diabetes mellitus without complications,Primary,2024-12-17,Moderate
DX_004430,ADM_02773,P_02498,I21.9,"Acute myocardial infarction, unspecified",Secondary,2024-12-17,Severe
DX_004431,ADM_02774,P_00948,J44.9,"Chronic obstructive pulmonary disease, unspecified",Primary,2024-12-19,Severe
DX_004432,ADM_02774,P_00948,J18.9,"Pneumonia, unspecified organism",Secondary,2024-12-19,Moderate
DX_004433,ADM_02775,P_01838,A41.9,"Sepsis, unspecified organism",Primary,2024-03-22,Severe
DX_004434,ADM_02775,P_01838,J44.9,"Chronic obstructive pulmonary disease, unspecified",Secondary,2024-03-22,Severe
DX_004435,ADM_02776,P_01838,I50.9,"Heart failure, unspecified",Primary,2024-04-08,Severe
DX_004436,ADM_02777,P_00322,J18.9,"Pneumonia, unspecified organism",Primary,2024-08-05,Moderate
DX_004437,ADM_02777,P_00322,K21.9,Gastro-esophageal reflux disease without esophagitis,Secondary,2024-08-05,Mild
DX_004438,ADM_02778,P_00322,C34.90,Malignant neoplasm of unspecified part of bronchus or lung,Primary,2024-09-02,Severe
DX_004439,ADM_02779,P_03442,A41.9,"Sepsis, unspecified organism",Primary,2024-03-25,Severe
DX_004440,ADM_02780,P_03442,J18.9,"Pneumonia, unspecified organism",primary,2024-04-25,Moderate
DX_004441,ADM_02781,P_03467,E11.9,Type 2 diabetes mellitus without complications,Primary,2024-08-23,Moderate
DX_004442,ADM_02782,P_02052,M54.5,Low back pain,Primary,2024-01-04,Mild
DX_004443,ADM_02782,P_02052,I10,Essential (primary) hypertension,Secondary,2024-01-04,Moderate
DX_004444,ADM_02783,P_00822,K21.9,Gastro-esophageal reflux disease without esophagitis,Primary,2025-02-16,MILD
DX_004445,ADM_02784,P_01388,M54.5,Low back pain,Primary,2024-11-16,Mild
DX_004446,ADM_02785,P_01520,A41.9,"Sepsis, unspecified organism",Primary,2025-01-28,SEVERE
DX_004447,ADM_02785,P_01520,I21.9,"Acute myocardial infarction, unspecified",Secondary,2025-01-28,Severe
DX_004448,ADM_02786,P_01520,A41.9,"Sepsis, unspecified organism",Primary,2025-03-15,Severe
DX_004449,ADM_02786,P_01520,I10,Essential (primary) hypertension,Secondary,2025-03-15,Moderate
DX_004450,ADM_02787,P_03491,I50.9,"Heart failure, unspecified",Primary,2024-07-28,Severe
DX_004451,ADM_02788,P_03193,I21.9,"Acute myocardial infarction, unspecified",Primary,2024-09-30,Severe
DX_004452,ADM_02789,P_02265,N18.9,"Chronic kidney disease, unspecified",Primary,2025-02-04,Severe
DX_004453,ADM_02789,P_02265,M54.5,Low back pain,Secondary,2025-02-04,Mild
DX_004454,ADM_02790,P_02133,J44.9,"Chronic obstructive pulmonary disease, unspecified",Primary,2024-04-24,Severe
DX_004455,ADM_02790,P_02133,F32.9,"Major depressive disorder, single episode",Secondary,2024-04-24,Moderate
DX_004456,ADM_02791,P_03158,J18.9,"Pneumonia, unspecified organism",Primary,2024-02-27,Moderate
DX_004457,ADM_02792,P_00699,I50.9,"Heart failure, unspecified",Primary,2024-02-13,Severe
DX_004458,ADM_02792,P_00699,A41.9,"Sepsis, unspecified organism",Secondary,2024-02-13,Severe
DX_004459,ADM_02793,P_00699,E11.9,Type 2 diabetes mellitus without complications,Primary,2024-03-10,Moderate
DX_004460,ADM_02794,P_00788,A41.9,"Sepsis, unspecified organism",Primary,2024-01-19,  Severe  
DX_004461,ADM_02794,P_00788,I50.9,"Heart failure, unspecified",Secondary,2024-01-19,Severe
DX_004462,ADM_02795,P_00884,F32.9,"Major depressive disorder, single episode",Primary,2024-07-27,Moderate
DX_004463,ADM_02796,P_00884,F32.9,"Major depressive disorder, single episode",Primary,15-08-2024,  Moderate  
DX_004464,ADM_02797,P_03126,I21.9,"Acute myocardial infarction, unspecified",Primary,2025-04-20,Severe
DX_004465,ADM_02798,P_02195,F32.9,"Major depressive disorder, single episode",Primary,08/05/2024,Moderate
DX_004466,ADM_02799,P_01635,I50.9,"Heart failure, unspecified",Primary,2024-09-03,Severe
DX_004467,ADM_02800,P_01635,C34.90,Malignant neoplasm of unspecified part of bronchus or lung,Primary,2024-10-14,  Severe  
DX_004468,ADM_02800,P_01635,M54.5,Low back pain,Secondary,2024/10/14 00:00:00,Mild
DX_004469,ADM_02801,P_03011,I50.9,"Heart failure, unspecified",Primary,2024-05-28,Severe
DX_004470,ADM_02802,P_03052,N18.9,"Chronic kidney disease, unspecified",Primary,2024-09-03,Severe
DX_004471,ADM_02802,P_03052,K21.9,Gastro-esophageal reflux disease without esophagitis,Secondary,2024-09-03,Mild
DX_004472,ADM_02803,P_01203,J18.9,"Pneumonia, unspecified organism",Primary,2024-04-01,Moderate
DX_004473,ADM_02803,P_01203,I10,Essential (primary) hypertension,Secondary,2024-04-01,MODERATE
DX_004474,ADM_02804,P_02184,K21.9,Gastro-esophageal reflux disease without esophagitis,Primary,2025-01-12,Mild
DX_004475,ADM_02804,P_02184,J18.9,"Pneumonia, unspecified organism",Secondary,2025-01-12,Moderate
DX_004476,ADM_02805,P_02215,E11.9,Type 2 diabetes mellitus without complications,primary,2025-02-16,Moderate
DX_004477,ADM_02806,P_01404,N18.9,"Chronic kidney disease, unspecified",Primary,2024-09-14,Severe
DX_004478,ADM_02806,P_01404,F32.9,"Major depressive disorder, single episode",Secondary,2024-09-14,Moderate
DX_004479,ADM_02807,P_02578,F32.9,"Major depressive disorder, single episode",Primary,2024/01/24 00:00:00,Moderate
DX_004480,ADM_02807,P_02578,C34.90,Malignant neoplasm of unspecified part of bronchus or lung,Secondary,2024-01-24,Severe
DX_004481,ADM_02808,P_02578,K21.9,Gastro-esophageal reflux disease without esophagitis,Primary,2024-03-05,Mild
DX_004482,ADM_02808,P_02578,F32.9,"Major depressive disorder, single episode",  Secondary  ,2024-03-05,Moderate
DX_004483,ADM_02809,P_00351,C34.90,Malignant neoplasm of unspecified part of bronchus or lung,Primary,2024-01-31,Severe
DX_004484,ADM_02810,P_03125,J44.9,"Chronic obstructive pulmonary disease, unspecified",Primary,10/23/2024,Severe
DX_004485,ADM_02811,P_02143,C34.90,Malignant neoplasm of unspecified part of bronchus or lung,Primary,2024-08-07,Severe
DX_004486,ADM_02811,P_02143,I50.9,"Heart failure, unspecified",Secondary,2024-08-07,Severe
DX_004487,ADM_02812,P_02143,F32.9,"Major depressive disorder, single episode",Primary,2024-08-28,Moderate
DX_004488,ADM_02813,P_01567,N18.9,"Chronic kidney disease, unspecified",Primary,2024-02-15,Severe
DX_004489,ADM_02813,P_01567,K21.9,Gastro-esophageal reflux disease without esophagitis,secondary,2024-02-15,Mild
DX_004490,ADM_02814,P_01567,K21.9,Gastro-esophageal reflux disease without esophagitis,Primary,2024-03-11,Mild
DX_004491,ADM_02815,P_01460,J18.9,"Pneumonia, unspecified organism",Primary,2024-01-22,Moderate
DX_004492,ADM_02815,P_01460,N18.9,"Chronic kidney disease, unspecified",UNKNOWN_VAL,2024-01-22,Severe
DX_004493,ADM_02816,P_01460,I21.9,"Acute myocardial infarction, unspecified",PRIMARY,2024-02-02,Severe
DX_004494,ADM_02817,P_02625,J18.9,"Pneumonia, unspecified organism",Primary,2024-10-27,Moderate
DX_004495,ADM_02817,P_02625,I10,Essential (primary) hypertension,Secondary,2024-10-27,Moderate
DX_004496,ADM_02818,P_02625,E11.9,Type 2 diabetes mellitus without complications,Primary,2024-11-19,Moderate
DX_004497,ADM_02818,P_02625,M54.5,Low back pain,Secondary,2024-11-19,Mild
DX_004498,ADM_02819,P_02793,C34.90,Malignant neoplasm of unspecified part of bronchus or lung,Primary,2025-04-19,Severe
DX_004499,ADM_02819,P_02793,F32.9,"Major depressive disorder, single episode",Secondary,2025-04-19,Moderate
DX_004500,ADM_02820,P_01261,N18.9,"Chronic kidney disease, unspecified",Primary,2024-05-03,Severe
DX_004501,ADM_02820,P_01261,J18.9,"Pneumonia, unspecified organism",Secondary,2024-05-03,Moderate
DX_004502,ADM_02821,P_02661,J18.9,"Pneumonia, unspecified organism",UNKNOWN_VAL,2025-04-29,Moderate
DX_004503,ADM_02822,P_02685,E11.9,Type 2 diabetes mellitus without complications,Primary,2024-04-18,Moderate
DX_004504,ADM_02822,P_02685,I50.9,"Heart failure, unspecified",Secondary,2024-04-18,Severe
DX_004505,ADM_02823,P_00574,J44.9,"Chronic obstructive pulmonary disease, unspecified",Primary,2024-06-04,Severe
DX_004506,ADM_02823,P_00574,A41.9,"Sepsis, unspecified organism",Secondary,2024-06-04,Severe
DX_004507,ADM_02824,P_03047,A41.9,"Sepsis, unspecified organism",Primary,2024/09/05 00:00:00,Severe
DX_004508,ADM_02825,P_01432,A41.9,"Sepsis, unspecified organism",Primary,2025-02-04,Severe
DX_004509,ADM_02826,P_02736,N18.9,"Chronic kidney disease, unspecified",Primary,2024-05-13,Severe
DX_004510,ADM_02826,P_02736,I50.9,"Heart failure, unspecified",Secondary,2024-05-13,Severe
DX_004511,ADM_02827,P_02510,E11.9,Type 2 diabetes mellitus without complications,Primary,2024-07-24,Moderate
DX_004512,ADM_02827,P_02510,I10,Essential (primary) hypertension,Secondary,2024-07-24,Moderate
DX_004513,ADM_02828,P_03156,J18.9,"Pneumonia, unspecified organism",UNKNOWN_VAL,2025-01-08,Moderate
DX_004514,ADM_02829,P_02909,I50.9,"Heart failure, unspecified",Primary,2024-01-10,Severe
DX_004515,ADM_02829,P_02909,A41.9,"Sepsis, unspecified organism",Secondary,2024-01-10,Severe
DX_004516,ADM_02830,P_02967,F32.9,"Major depressive disorder, single episode",  Primary  ,03/20/2025,moderate
DX_004517,ADM_02831,P_02031,I50.9,"Heart failure, unspecified",Primary,2025-03-07,Severe
DX_004518,ADM_02831,P_02031,A41.9,"Sepsis, unspecified organism",Secondary,2025-03-07,Severe
DX_004519,ADM_02832,P_02031,C34.90,Malignant neoplasm of unspecified part of bronchus or lung,Primary,03/16/2025,Severe
DX_004520,ADM_02832,P_02031,J44.9,"Chronic obstructive pulmonary disease, unspecified",Secondary,2025-03-16,Severe
DX_004521,ADM_02833,P_01793,J44.9,"Chronic obstructive pulmonary disease, unspecified",Primary,2024-10-16,Severe
DX_004522,ADM_02834,P_00302,J44.9,"Chronic obstructive pulmonary disease, unspecified",Primary,2025-02-26,Severe
DX_004523,ADM_02835,P_00474,N18.9,"Chronic kidney disease, unspecified",Primary,2025-05-11,Severe
DX_004524,ADM_02836,P_00421,M54.5,Low back pain,Primary,2025-04-02,Mild
DX_004525,ADM_02836,P_00421,A41.9,"Sepsis, unspecified organism",Secondary,04/02/2025,Severe
DX_004526,ADM_02837,P_00421,M54.5,Low back pain,Primary,2025-04-27,Mild
DX_004527,ADM_02837,P_00421,C34.90,Malignant neoplasm of unspecified part of bronchus or lung,Secondary,2025-04-27,Severe
DX_004528,ADM_02838,P_02783,K21.9,Gastro-esophageal reflux disease without esophagitis,  Primary  ,2024/10/08 00:00:00,Mild
DX_004529,ADM_02839,P_01034,I50.9,"Heart failure, unspecified",Primary,2024-05-13,Severe
DX_004530,ADM_02840,P_01515,J44.9,"Chronic obstructive pulmonary disease, unspecified",Primary,2024-04-28,Severe
DX_004531,ADM_02840,P_01515,M54.5,Low back pain,Secondary,2024-04-28,Mild
DX_004532,ADM_02841,P_01728,C34.90,Malignant neoplasm of unspecified part of bronchus or lung,Primary,2024-03-06,Severe
DX_004533,ADM_02841,P_01728,N18.9,"Chronic kidney disease, unspecified",Secondary,2024-03-06,Severe
DX_004534,ADM_02842,P_01728,I10,Essential (primary) hypertension,PRIMARY,2024-04-09,Moderate
DX_004535,ADM_02843,P_00663,I10,Essential (primary) hypertension,  Primary  ,2024-06-30,Moderate
DX_004536,ADM_02844,P_02394,I21.9,"Acute myocardial infarction, unspecified",Primary,2024-09-07,Severe
DX_004537,ADM_02845,P_02394,A41.9,"Sepsis, unspecified organism",Primary,2024-10-05,Severe
DX_004538,ADM_02845,P_02394,I50.9,"Heart failure, unspecified",Secondary,2024-10-05,Severe
DX_004539,ADM_02846,P_02527,J18.9,"Pneumonia, unspecified organism",Primary,2024-03-02,Moderate
DX_004540,ADM_02847,P_00367,N18.9,"Chronic kidney disease, unspecified",Primary,2025-01-31,Severe
DX_004541,ADM_02847,P_00367,M54.5,Low back pain,Secondary,2025-01-31,Mild
DX_004542,ADM_02848,P_01138,J44.9,"Chronic obstructive pulmonary disease, unspecified",Primary,2024-07-14,severe
DX_004543,ADM_02848,P_01138,A41.9,"Sepsis, unspecified organism",Secondary,2024-07-14,Severe
DX_004544,ADM_02849,P_03154,J18.9,"Pneumonia, unspecified organism",Primary,2024-08-17,moderate
DX_004545,ADM_02849,P_03154,E11.9,Type 2 diabetes mellitus without complications,Secondary,2024-08-17,Moderate
DX_004546,ADM_02850,P_01076,J44.9,"Chronic obstructive pulmonary disease, unspecified",Primary,2024-07-08,Severe
DX_004547,ADM_02850,P_01076,K21.9,Gastro-esophageal reflux disease without esophagitis,Secondary,2024-07-08,Mild
DX_004548,ADM_02851,P_01076,J18.9,"Pneumonia, unspecified organism",Primary,2024-08-06,Moderate
DX_004549,ADM_02852,P_03031,I10,Essential (primary) hypertension,Primary,2024-11-02,Moderate
DX_004550,ADM_02852,P_03031,K21.9,Gastro-esophageal reflux disease without esophagitis,Secondary,11/02/2024,Mild
DX_004551,ADM_02853,P_01171,I50.9,"Heart failure, unspecified",Primary,2024-05-11,Severe
DX_004552,ADM_02853,P_01171,N18.9,"Chronic kidney disease, unspecified",  Secondary  ,2024-05-11,Severe
DX_004553,ADM_02854,P_00470,K21.9,Gastro-esophageal reflux disease without esophagitis,Primary,2025-04-22,MILD
DX_004554,ADM_02855,P_01042,K21.9,Gastro-esophageal reflux disease without esophagitis,Primary,2024-09-16,Mild
DX_004555,ADM_02855,P_01042,I50.9,"Heart failure, unspecified",Secondary,2024-09-16,Severe
DX_004556,ADM_02856,P_02470,M54.5,Low back pain,Primary,2025-02-19,Mild
DX_004557,ADM_02856,P_02470,F32.9,"Major depressive disorder, single episode",Secondary,2025-02-19,  Moderate  
DX_004558,ADM_02857,P_02434,A41.9,"Sepsis, unspecified organism",Primary,2025-04-21,Severe
DX_004559,ADM_02857,P_02434,K21.9,Gastro-esophageal reflux disease without esophagitis,Secondary,2025-04-21,Mild
DX_004560,ADM_02858,P_00712,N18.9,"Chronic kidney disease, unspecified",Primary,2024-12-09,Severe
DX_004561,ADM_02858,P_00712,I50.9,"Heart failure, unspecified",Secondary,2024-12-09,Severe
DX_004562,ADM_02859,P_01153,A41.9,"Sepsis, unspecified organism",Primary,2024-06-08,severe
DX_004563,ADM_02859,P_01153,F32.9,"Major depressive disorder, single episode",Secondary,2024-06-08,Moderate
DX_004564,ADM_02860,P_01153,J44.9,"Chronic obstructive pulmonary disease, unspecified",Primary,2024-07-10,Severe
DX_004565,ADM_02860,P_01153,E11.9,Type 2 diabetes mellitus without complications,Secondary,2024-07-10,Moderate
DX_004566,ADM_02861,P_01784,I21.9,"Acute myocardial infarction, unspecified",PRIMARY,2024-04-07,  Severe  
DX_004567,ADM_02862,P_01447,J18.9,"Pneumonia, unspecified organism",Primary,2024-07-16,Moderate
DX_004568,ADM_02863,P_01763,C34.90,Malignant neoplasm of unspecified part of bronchus or lung,Primary,2025-03-01,Severe
DX_004569,ADM_02863,P_01763,I10,Essential (primary) hypertension,Secondary,2025-03-01,Moderate
DX_004570,ADM_02864,P_00504,J18.9,"Pneumonia, unspecified organism",Primary,2024-06-25,Moderate
DX_004571,ADM_02864,P_00504,I50.9,"Heart failure, unspecified",Secondary,06/25/2024,Severe
DX_004572,ADM_02865,P_01441,J44.9,"Chronic obstructive pulmonary disease, unspecified",Primary,04/21/2025,Severe
DX_004573,ADM_02865,P_01441,C34.90,Malignant neoplasm of unspecified part of bronchus or lung,Secondary,2025-04-21,Severe
DX_004574,ADM_02866,P_03166,F32.9,"Major depressive disorder, single episode",Primary,2025-03-19,Moderate
DX_004575,ADM_02867,P_02217,J18.9,"Pneumonia, unspecified organism",Primary,2024-11-22,Moderate
DX_004576,ADM_02867,P_02217,J44.9,"Chronic obstructive pulmonary disease, unspecified",Secondary,2024-11-22,Severe
DX_004577,ADM_02868,P_02153,K21.9,Gastro-esophageal reflux disease without esophagitis,Primary,2024-12-22,Mild
DX_004578,ADM_02869,P_00620,I21.9,"Acute myocardial infarction, unspecified",Primary,2024-04-06,Severe
DX_004579,ADM_02869,P_00620,J18.9,"Pneumonia, unspecified organism",Secondary,2024-04-06,Moderate
DX_004580,ADM_02870,P_00756,I10,Essential (primary) hypertension,  Primary  ,2024-04-18,Moderate
DX_004581,ADM_02870,P_00756,I21.9,"Acute myocardial infarction, unspecified",Secondary,2024-04-18,Severe
DX_004582,ADM_02871,P_03208,I50.9,"Heart failure, unspecified",Primary,2024-03-18,Severe
DX_004583,ADM_02872,P_00999,I10,Essential (primary) hypertension,Primary,2025-03-25,Moderate
DX_004584,ADM_02872,P_00999,I50.9,"Heart failure, unspecified",Secondary,2025-03-25,Severe
DX_004585,ADM_02873,P_02954,F32.9,"Major depressive disorder, single episode",Primary,2024-08-12,Moderate
DX_004586,ADM_02873,P_02954,A41.9,"Sepsis, unspecified organism",Secondary,2024-08-12,Severe
DX_004587,ADM_02874,P_02076,I21.9,"Acute myocardial infarction, unspecified",Primary,2025-03-16,Severe
DX_004588,ADM_02874,P_02076,A41.9,"Sepsis, unspecified organism",Secondary,2025-03-16,Severe
DX_004589,ADM_02875,P_03123,J44.9,"Chronic obstructive pulmonary disease, unspecified",Primary,2024-10-02,Severe
DX_004590,ADM_02876,P_03083,F32.9,"Major depressive disorder, single episode",Primary,2024-10-25,Moderate
DX_004591,ADM_02877,P_01100,F32.9,"Major depressive disorder, single episode",Primary,2024-11-08,Moderate
DX_004592,ADM_02878,P_02003,C34.90,Malignant neoplasm of unspecified part of bronchus or lung,Primary,2024-11-22,Severe
DX_004593,ADM_02878,P_02003,K21.9,Gastro-esophageal reflux disease without esophagitis,Secondary,2024-11-22,Mild
DX_004594,ADM_02879,P_03074,F32.9,"Major depressive disorder, single episode",Primary,2024-07-28,Moderate
DX_004595,ADM_02879,P_03074,I10,Essential (primary) hypertension,Secondary,2024-07-28,Moderate
DX_004596,ADM_02880,P_00019,E11.9,Type 2 diabetes mellitus without complications,Primary,2024-04-27,Moderate
DX_004597,ADM_02880,P_00019,C34.90,Malignant neoplasm of unspecified part of bronchus or lung,Secondary,2024-04-27,Severe
DX_004598,ADM_02881,P_00019,A41.9,"Sepsis, unspecified organism",Primary,2024-05-11,Severe
DX_004599,ADM_02881,P_00019,J44.9,"Chronic obstructive pulmonary disease, unspecified",Secondary,2024-05-11,Severe
DX_004600,ADM_02882,P_00765,F32.9,"Major depressive disorder, single episode",Primary,2024-04-07,Moderate
DX_004601,ADM_02882,P_00765,N18.9,"Chronic kidney disease, unspecified",Secondary,2024-04-07,Severe
DX_004602,ADM_02883,P_02914,C34.90,Malignant neoplasm of unspecified part of bronchus or lung,Primary,2025-03-23,Severe
DX_004603,ADM_02883,P_02914,J18.9,"Pneumonia, unspecified organism",Secondary,2025-03-23,Moderate
DX_004604,ADM_02884,P_01399,J44.9,"Chronic obstructive pulmonary disease, unspecified",Primary,2024-06-03,SEVERE
DX_004605,ADM_02885,P_02188,C34.90,Malignant neoplasm of unspecified part of bronchus or lung,Primary,2024-04-06,Severe
DX_004606,ADM_02886,P_02723,E11.9,Type 2 diabetes mellitus without complications,Primary,2024-09-19,Moderate
DX_004607,ADM_02887,P_02215,E11.9,Type 2 diabetes mellitus without complications,Primary,2024-03-21,Moderate
DX_004608,ADM_02887,P_02215,N18.9,"Chronic kidney disease, unspecified",Secondary,2024-03-21,Severe
DX_004609,ADM_02888,P_00489,A41.9,"Sepsis, unspecified organism",PRIMARY,2024-04-23,Severe
DX_004610,ADM_02888,P_00489,M54.5,Low back pain,Secondary,2024-04-23,Mild
DX_004611,ADM_02889,P_02518,A41.9,"Sepsis, unspecified organism",Primary,2025-05-03,Severe
DX_004612,ADM_02889,P_02518,N18.9,"Chronic kidney disease, unspecified",Secondary,2025-05-03,Severe
DX_004613,ADM_02890,P_03174,C34.90,Malignant neoplasm of unspecified part of bronchus or lung,Primary,2024-10-15,Severe
DX_004614,ADM_02890,P_03174,I10,Essential (primary) hypertension,Secondary,2024-10-15,Moderate
DX_004615,ADM_02891,P_01986,I10,Essential (primary) hypertension,Primary,2024-05-13,Moderate
DX_004616,ADM_02892,P_03292,A41.9,"Sepsis, unspecified organism",Primary,2024-01-12,Severe
DX_004617,ADM_02893,P_03292,A41.9,"Sepsis, unspecified organism",Primary,2024-01-24,Severe
DX_004618,ADM_02894,P_02932,I10,Essential (primary) hypertension,Primary,2024-06-29,Moderate
DX_004619,ADM_02894,P_02932,A41.9,"Sepsis, unspecified organism",Secondary,2024-06-29,Severe
DX_004620,ADM_02895,P_00579,N18.9,"Chronic kidney disease, unspecified",Primary,2025-04-12,Severe
DX_004621,ADM_02896,P_00579,I10,Essential (primary) hypertension,Primary,2025-05-04,Moderate
DX_004622,ADM_02897,P_02618,M54.5,Low back pain,Primary,2024-03-08,Mild
DX_004623,ADM_02897,P_02618,I50.9,"Heart failure, unspecified",secondary,2024-03-08,Severe
DX_004624,ADM_02898,P_00430,I21.9,"Acute myocardial infarction, unspecified",Primary,2024-12-22,Severe
DX_004625,ADM_02899,P_00407,M54.5,Low back pain,Primary,2024-06-21,Mild
DX_004626,ADM_02900,P_00248,F32.9,"Major depressive disorder, single episode",Primary,2024-05-28,Moderate
DX_004627,ADM_02901,P_03459,I10,Essential (primary) hypertension,Primary,2025-03-31,Moderate
DX_004628,ADM_02902,P_01617,F32.9,"Major depressive disorder, single episode",Primary,2024-12-29,Moderate
DX_004629,ADM_02902,P_01617,E11.9,Type 2 diabetes mellitus without complications,Secondary,2024-12-29,Moderate
DX_004630,ADM_02903,P_02312,J18.9,"Pneumonia, unspecified organism",Primary,2024-09-01,Moderate
DX_004631,ADM_02904,P_01732,I10,Essential (primary) hypertension,Primary,07/21/2024,Moderate
DX_004632,ADM_02905,P_01732,N18.9,"Chronic kidney disease, unspecified",Primary,2024-08-15,Severe
DX_004633,ADM_02905,P_01732,J18.9,"Pneumonia, unspecified organism",Secondary,2024-08-15,Moderate
DX_004634,ADM_02906,P_03125,F32.9,"Major depressive disorder, single episode",  Primary  ,2024-10-12,Moderate
DX_004635,ADM_02907,P_00466,F32.9,"Major depressive disorder, single episode",Primary,2024-01-22,Moderate
DX_004636,ADM_02907,P_00466,I10,Essential (primary) hypertension,Secondary,2024-01-22,Moderate
DX_004637,ADM_02908,P_00221,N18.9,"Chronic kidney disease, unspecified",Primary,2024-12-17,Severe
DX_004638,ADM_02908,P_00221,J18.9,"Pneumonia, unspecified organism",Secondary,2024-12-17,Moderate
DX_004639,ADM_02909,P_03091,M54.5,Low back pain,Primary,2024-10-23,Mild
DX_004640,ADM_02910,P_00636,N18.9,"Chronic kidney disease, unspecified",Primary,2025-04-12,Severe
DX_004641,ADM_02910,P_00636,I21.9,"Acute myocardial infarction, unspecified",Secondary,2025-04-12,Severe
DX_004642,ADM_02911,P_02724,F32.9,"Major depressive disorder, single episode",Primary,2024-03-31,Moderate
DX_004643,ADM_02911,P_02724,A41.9,"Sepsis, unspecified organism",Secondary,2024-03-31,Severe
DX_004644,ADM_02912,P_02591,J18.9,"Pneumonia, unspecified organism",Primary,2024-11-29,Moderate
DX_004645,ADM_02913,P_03381,E11.9,Type 2 diabetes mellitus without complications,Primary,2025-04-02,Moderate
DX_004646,ADM_02913,P_03381,M54.5,Low back pain,Secondary,2025-04-02,Mild
DX_004647,ADM_02914,P_02189,I21.9,"Acute myocardial infarction, unspecified",  Primary  ,11-11-2024,Severe
DX_004648,ADM_02914,P_02189,J44.9,"Chronic obstructive pulmonary disease, unspecified",Secondary,2024-11-11,  Severe  
DX_004649,ADM_02915,P_00936,J44.9,"Chronic obstructive pulmonary disease, unspecified",Primary,2024-03-01,severe
DX_004650,ADM_02915,P_00936,C34.90,Malignant neoplasm of unspecified part of bronchus or lung,Secondary,2024-03-01,SEVERE
DX_004651,ADM_02916,P_02442,I50.9,"Heart failure, unspecified",Primary,2024-03-29,Severe
DX_004652,ADM_02916,P_02442,A41.9,"Sepsis, unspecified organism",Secondary,2024-03-29,Severe
DX_004653,ADM_02917,P_00716,I10,Essential (primary) hypertension,Primary,2024-05-11,Moderate
DX_004654,ADM_02918,P_01020,K21.9,Gastro-esophageal reflux disease without esophagitis,Primary,2024-12-16,Mild
DX_004655,ADM_02918,P_01020,N18.9,"Chronic kidney disease, unspecified",Secondary,2024-12-16,Severe
DX_004656,ADM_02919,P_03158,A41.9,"Sepsis, unspecified organism",Primary,2024-05-29,Severe
DX_004657,ADM_02919,P_03158,M54.5,Low back pain,Secondary,2024-05-29,Mild
DX_004658,ADM_02920,P_01646,K21.9,Gastro-esophageal reflux disease without esophagitis,Primary,2024-07-03,Mild
DX_004659,ADM_02921,P_01646,I50.9,"Heart failure, unspecified",Primary,2024-08-05,Severe
DX_004660,ADM_02921,P_01646,A41.9,"Sepsis, unspecified organism",secondary,2024-08-05,Severe
DX_004661,ADM_02922,P_03405,C34.90,Malignant neoplasm of unspecified part of bronchus or lung,Primary,2024-03-29,Severe
DX_004662,ADM_02923,P_00888,I21.9,"Acute myocardial infarction, unspecified",Primary,2024-07-29,Severe
DX_004663,ADM_02923,P_00888,C34.90,Malignant neoplasm of unspecified part of bronchus or lung,Secondary,2024-07-29,Severe
DX_004664,ADM_02924,P_01959,I21.9,"Acute myocardial infarction, unspecified",Primary,2024-07-03,Severe
DX_004665,ADM_02924,P_01959,E11.9,Type 2 diabetes mellitus without complications,Secondary,2024-07-03,Moderate
DX_004666,ADM_02925,P_00070,J18.9,"Pneumonia, unspecified organism",UNKNOWN_VAL,2025-03-01,Moderate
DX_004667,ADM_02926,P_02019,I21.9,"Acute myocardial infarction, unspecified",Primary,2024-01-20,severe
DX_004668,ADM_02926,P_02019,F32.9,"Major depressive disorder, single episode",Secondary,2024/01/20 00:00:00,Moderate
DX_004669,ADM_02927,P_01904,N18.9,"Chronic kidney disease, unspecified",Primary,2024-11-11,Severe
DX_004670,ADM_02927,P_01904,M54.5,Low back pain,Secondary,2024/11/11 00:00:00,Mild
DX_004671,ADM_02928,P_01818,M54.5,Low back pain,Primary,02/18/2024,Mild
DX_004672,ADM_02929,P_03138,M54.5,Low back pain,Primary,2024-10-27,Mild
DX_004673,ADM_02929,P_03138,K21.9,Gastro-esophageal reflux disease without esophagitis,Secondary,2024-10-27,Mild
DX_004674,ADM_02930,P_00859,J18.9,"Pneumonia, unspecified organism",Primary,2024-02-26,Moderate
DX_004675,ADM_02930,P_00859,F32.9,"Major depressive disorder, single episode",Secondary,2024-02-26,Moderate
DX_004676,ADM_02931,P_00859,N18.9,"Chronic kidney disease, unspecified",Primary,2024-03-10,Severe
DX_004677,ADM_02932,P_00474,C34.90,Malignant neoplasm of unspecified part of bronchus or lung,Primary,2024-02-12,Severe
DX_004678,ADM_02932,P_00474,M54.5,Low back pain,Secondary,2024-02-12,Mild
DX_004679,ADM_02933,P_02532,F32.9,"Major depressive disorder, single episode",Primary,2025-04-16,Moderate
DX_004680,ADM_02933,P_02532,K21.9,Gastro-esophageal reflux disease without esophagitis,Secondary,2025-04-16,Mild
DX_004681,ADM_02934,P_01781,I50.9,"Heart failure, unspecified",Primary,2024-03-30,  Severe  
DX_004682,ADM_02935,P_01781,E11.9,Type 2 diabetes mellitus without complications,  Primary  ,2024-04-12,Moderate
DX_004683,ADM_02935,P_01781,N18.9,"Chronic kidney disease, unspecified",Secondary,2024-04-12,SEVERE
DX_004684,ADM_02936,P_03045,K21.9,Gastro-esophageal reflux disease without esophagitis,Primary,2024-03-07,Mild
DX_004685,ADM_02936,P_03045,E11.9,Type 2 diabetes mellitus without complications,Secondary,2024-03-07,Moderate
DX_004686,ADM_02937,P_00929,E11.9,Type 2 diabetes mellitus without complications,Primary,2024-02-29,Moderate
DX_004687,ADM_02938,P_02252,F32.9,"Major depressive disorder, single episode",Primary,2024-04-07,Moderate
DX_004688,ADM_02938,P_02252,J18.9,"Pneumonia, unspecified organism",Secondary,2024-04-07,Moderate
DX_004689,ADM_02939,P_02831,J44.9,"Chronic obstructive pulmonary disease, unspecified",PRIMARY,2024-03-02,Severe
DX_004690,ADM_02939,P_02831,F32.9,"Major depressive disorder, single episode",Secondary,2024-03-02,Moderate
DX_004691,ADM_02940,P_01906,E11.9,Type 2 diabetes mellitus without complications,Primary,2024-01-24,Moderate
DX_004692,ADM_02940,P_01906,F32.9,"Major depressive disorder, single episode",Secondary,2024-01-24,Moderate
DX_004693,ADM_02941,P_02609,N18.9,"Chronic kidney disease, unspecified",Primary,2024-07-04,Severe
DX_004694,ADM_02941,P_02609,J44.9,"Chronic obstructive pulmonary disease, unspecified",Secondary,2024-07-04,Severe
DX_004695,ADM_02942,P_02908,J18.9,"Pneumonia, unspecified organism",Primary,2024-01-03,Moderate
DX_004696,ADM_02942,P_02908,I50.9,"Heart failure, unspecified",Secondary,2024-01-03,Severe
DX_004697,ADM_02943,P_01692,N18.9,"Chronic kidney disease, unspecified",Primary,2025-02-12,Severe
DX_004698,ADM_02944,P_03288,I50.9,"Heart failure, unspecified",Primary,2024-04-25,Severe
DX_004699,ADM_02944,P_03288,E11.9,Type 2 diabetes mellitus without complications,Secondary,2024-04-25,Moderate
DX_004700,ADM_02945,P_00978,I10,Essential (primary) hypertension,Primary,2024-04-03,Moderate
DX_004701,ADM_02945,P_00978,J44.9,"Chronic obstructive pulmonary disease, unspecified",Secondary,2024-04-03,Severe
DX_004702,ADM_02946,P_00116,I10,Essential (primary) hypertension,Primary,2024-12-26,moderate
DX_004703,ADM_02946,P_00116,I21.9,"Acute myocardial infarction, unspecified",Secondary,2024-12-26,Severe
DX_004704,ADM_02947,P_03209,F32.9,"Major depressive disorder, single episode",Primary,2024-09-02,Moderate
DX_004705,ADM_02947,P_03209,E11.9,Type 2 diabetes mellitus without complications,Secondary,2024-09-02,Moderate
DX_004706,ADM_02948,P_03209,N18.9,"Chronic kidney disease, unspecified",Primary,2024-09-25,Severe
DX_004707,ADM_02948,P_03209,E11.9,Type 2 diabetes mellitus without complications,Secondary,2024-09-25,Moderate
DX_004708,ADM_02949,P_00691,N18.9,"Chronic kidney disease, unspecified",Primary,2024-10-24,Severe
DX_004709,ADM_02949,P_00691,E11.9,Type 2 diabetes mellitus without complications,Secondary,2024-10-24,Moderate
DX_004710,ADM_02950,P_01826,E11.9,Type 2 diabetes mellitus without complications,Primary,2024-08-15,Moderate
DX_004711,ADM_02951,P_01826,I10,Essential (primary) hypertension,Primary,2024-09-07,Moderate
DX_004712,ADM_02952,P_02042,A41.9,"Sepsis, unspecified organism",Primary,2024-04-08,Severe
DX_004713,ADM_02952,P_02042,N18.9,"Chronic kidney disease, unspecified",Secondary,2024-04-08,Severe
DX_004714,ADM_02953,P_02795,M54.5,Low back pain,Primary,2025-04-21,Mild
DX_004715,ADM_02953,P_02795,I21.9,"Acute myocardial infarction, unspecified",secondary,2025-04-21,Severe
DX_004716,ADM_02954,P_03246,E11.9,Type 2 diabetes mellitus without complications,Primary,2024-03-24,Moderate
DX_004717,ADM_02955,P_01903,A41.9,"Sepsis, unspecified organism",Primary,2024-11-15,  Severe  
DX_004718,ADM_02955,P_01903,K21.9,Gastro-esophageal reflux disease without esophagitis,Secondary,2024-11-15,Mild
DX_004719,ADM_02956,P_02437,E11.9,Type 2 diabetes mellitus without complications,Primary,2024-07-24,Moderate
DX_004720,ADM_02957,P_00405,N18.9,"Chronic kidney disease, unspecified",Primary,2025-05-12,Severe
DX_004721,ADM_02958,P_00384,I50.9,"Heart failure, unspecified",Primary,2024-05-12,Severe
DX_004722,ADM_02959,P_01200,I10,Essential (primary) hypertension,Primary,2024-06-08,Moderate
DX_004723,ADM_02959,P_01200,J44.9,"Chronic obstructive pulmonary disease, unspecified",Secondary,2024-06-08,SEVERE
DX_004724,ADM_02960,P_01706,J44.9,"Chronic obstructive pulmonary disease, unspecified",primary,2024-04-21,Severe
DX_004725,ADM_02960,P_01706,I21.9,"Acute myocardial infarction, unspecified",Secondary,2024-04-21,Severe
DX_004726,ADM_02961,P_01818,J44.9,"Chronic obstructive pulmonary disease, unspecified",  Primary  ,2025-04-17,Severe
DX_004727,ADM_02961,P_01818,F32.9,"Major depressive disorder, single episode",Secondary,2025-04-17,Moderate
DX_004728,ADM_02962,P_02925,C34.90,Malignant neoplasm of unspecified part of bronchus or lung,Primary,2024-02-17,Severe
DX_004729,ADM_02962,P_02925,I10,Essential (primary) hypertension,Secondary,2024-02-17,Moderate
DX_004730,ADM_02963,P_02925,C34.90,Malignant neoplasm of unspecified part of bronchus or lung,Primary,2024-03-12,Severe
DX_004731,ADM_02963,P_02925,I21.9,"Acute myocardial infarction, unspecified",Secondary,2024-03-12,Severe
DX_004732,ADM_02964,P_01271,J44.9,"Chronic obstructive pulmonary disease, unspecified",Primary,2024-12-01,Severe
DX_004733,ADM_02964,P_01271,C34.90,Malignant neoplasm of unspecified part of bronchus or lung,secondary,2024-12-01,Severe
DX_004734,ADM_02965,P_00787,J18.9,"Pneumonia, unspecified organism",Primary,2024-01-04,Moderate
DX_004735,ADM_02965,P_00787,I50.9,"Heart failure, unspecified",Secondary,2024-01-04,Severe
DX_004736,ADM_02966,P_00372,K21.9,Gastro-esophageal reflux disease without esophagitis,Primary,2024-07-25,Mild
DX_004737,ADM_02967,P_00372,J44.9,"Chronic obstructive pulmonary disease, unspecified",Primary,2024-08-11,Severe
DX_004738,ADM_02967,P_00372,I50.9,"Heart failure, unspecified",Secondary,2024-08-11,Severe
DX_004739,ADM_02968,P_00151,A41.9,"Sepsis, unspecified organism",Primary,2024-02-23,Severe
DX_004740,ADM_02968,P_00151,M54.5,Low back pain,Secondary,2024-02-23,Mild
DX_004741,ADM_02969,P_00151,I10,Essential (primary) hypertension,Primary,2024-03-02,moderate
DX_004742,ADM_02970,P_02140,K21.9,Gastro-esophageal reflux disease without esophagitis,Primary,2024-08-20,Mild
DX_004743,ADM_02971,P_01303,E11.9,Type 2 diabetes mellitus without complications,Primary,2024-10-27,Moderate
DX_004744,ADM_02972,P_01064,A41.9,"Sepsis, unspecified organism",Primary,2024-01-16,Severe
DX_004745,ADM_02972,P_01064,K21.9,Gastro-esophageal reflux disease without esophagitis,Secondary,2024-01-16,Mild
DX_004746,ADM_02973,P_03491,K21.9,Gastro-esophageal reflux disease without esophagitis,PRIMARY,2024-05-28,Mild
DX_004747,ADM_02974,P_00235,J44.9,"Chronic obstructive pulmonary disease, unspecified",Primary,2024-10-10,severe
DX_004748,ADM_02975,P_00308,I10,Essential (primary) hypertension,Primary,2024-08-03,Moderate
DX_004749,ADM_02975,P_00308,I50.9,"Heart failure, unspecified",Secondary,2024-08-03,Severe
DX_004750,ADM_02976,P_02821,I21.9,"Acute myocardial infarction, unspecified",Primary,2024-06-04,Severe
DX_004751,ADM_02976,P_02821,J44.9,"Chronic obstructive pulmonary disease, unspecified",Secondary,2024/06/04 00:00:00,Severe
DX_004752,ADM_02977,P_00286,I50.9,"Heart failure, unspecified",Primary,2024-05-09,Severe
DX_004753,ADM_02978,P_01195,C34.90,Malignant neoplasm of unspecified part of bronchus or lung,Primary,2025-04-27,Severe
DX_004754,ADM_02979,P_02164,A41.9,"Sepsis, unspecified organism",PRIMARY,2024-03-05,severe
DX_004755,ADM_02979,P_02164,I10,Essential (primary) hypertension,Secondary,2024-03-05,Moderate
DX_004756,ADM_02980,P_01743,F32.9,"Major depressive disorder, single episode",Primary,2024-03-05,Moderate
DX_004757,ADM_02981,P_02094,C34.90,Malignant neoplasm of unspecified part of bronchus or lung,Primary,2024-07-23,Severe
DX_004758,ADM_02981,P_02094,N18.9,"Chronic kidney disease, unspecified",Secondary,2024-07-23,Severe
DX_004759,ADM_02982,P_03314,C34.90,Malignant neoplasm of unspecified part of bronchus or lung,Primary,2024-02-20,Severe
DX_004760,ADM_02982,P_03314,I50.9,"Heart failure, unspecified",Secondary,2024-02-20,Severe
DX_004761,ADM_02983,P_00976,I21.9,"Acute myocardial infarction, unspecified",Primary,2025-04-15,Severe
DX_004762,ADM_02983,P_00976,J18.9,"Pneumonia, unspecified organism",SECONDARY,2025-04-15,Moderate
DX_004763,ADM_02984,P_00976,I10,Essential (primary) hypertension,Primary,2025-05-13,moderate
DX_004764,ADM_02984,P_00976,A41.9,"Sepsis, unspecified organism",Secondary,2025-05-13,Severe
DX_004765,ADM_02985,P_01175,A41.9,"Sepsis, unspecified organism",Primary,2024-05-11,Severe
DX_004766,ADM_02985,P_01175,I50.9,"Heart failure, unspecified",Secondary,2024-05-11,Severe
DX_004767,ADM_02986,P_01175,F32.9,"Major depressive disorder, single episode",Primary,2024-06-01,  Moderate  
DX_004768,ADM_02987,P_01108,J18.9,"Pneumonia, unspecified organism",Primary,2025-02-09,Moderate
DX_004769,ADM_02987,P_01108,A41.9,"Sepsis, unspecified organism",Secondary,2025-02-09,Severe
DX_004770,ADM_02988,P_01326,F32.9,"Major depressive disorder, single episode",Primary,22-02-2024,Moderate
DX_004771,ADM_02988,P_01326,J44.9,"Chronic obstructive pulmonary disease, unspecified",Secondary,2024-02-22,Severe
DX_004772,ADM_02989,P_02676,F32.9,"Major depressive disorder, single episode",Primary,2025-04-21,Moderate
DX_004773,ADM_02989,P_02676,I10,Essential (primary) hypertension,Secondary,2025-04-21,Moderate
DX_004774,ADM_02990,P_01742,J44.9,"Chronic obstructive pulmonary disease, unspecified",Primary,2024-11-19,Severe
DX_004775,ADM_02990,P_01742,N18.9,"Chronic kidney disease, unspecified",Secondary,2024-11-19,Severe
DX_004776,ADM_02991,P_01742,K21.9,Gastro-esophageal reflux disease without esophagitis,Primary,15-12-2024,Mild
DX_004777,ADM_02992,P_02802,A41.9,"Sepsis, unspecified organism",Primary,2024-11-23,Severe
DX_004778,ADM_02992,P_02802,N18.9,"Chronic kidney disease, unspecified",Secondary,2024-11-23,Severe
DX_004779,ADM_02993,P_02804,I21.9,"Acute myocardial infarction, unspecified",Primary,2024-08-19,Severe
DX_004780,ADM_02994,P_03280,E11.9,Type 2 diabetes mellitus without complications,Primary,2024-04-26,Moderate
DX_004781,ADM_02995,P_02760,A41.9,"Sepsis, unspecified organism",Primary,2024-11-20,Severe
DX_004782,ADM_02996,P_02001,M54.5,Low back pain,Primary,2025-03-04,Mild
DX_004783,ADM_02996,P_02001,N18.9,"Chronic kidney disease, unspecified",Secondary,2025-03-04,Severe
DX_004784,ADM_02997,P_02001,N18.9,"Chronic kidney disease, unspecified",Primary,2025-03-29,Severe
DX_004785,ADM_02997,P_02001,E11.9,Type 2 diabetes mellitus without complications,Secondary,2025-03-29,Moderate
DX_004786,ADM_02998,P_02675,J18.9,"Pneumonia, unspecified organism",Primary,2024-08-28,Moderate
DX_004787,ADM_02998,P_02675,F32.9,"Major depressive disorder, single episode",Secondary,2024-08-28,Moderate
DX_004788,ADM_02999,P_00142,A41.9,"Sepsis, unspecified organism",Primary,2024-12-06,Severe
DX_004789,ADM_03000,P_03425,K21.9,Gastro-esophageal reflux disease without esophagitis,Primary,2025-03-04,Mild
DX_004790,ADM_03001,P_02877,I10,Essential (primary) hypertension,Primary,2025-02-12,Moderate
DX_004791,ADM_03002,P_03257,K21.9,Gastro-esophageal reflux disease without esophagitis,Primary,2024-04-19,Mild
DX_004792,ADM_03002,P_03257,I21.9,"Acute myocardial infarction, unspecified",Secondary,2024-04-19,Severe
DX_004793,ADM_03003,P_00474,J44.9,"Chronic obstructive pulmonary disease, unspecified",Primary,2024-06-16,Severe
DX_004794,ADM_03003,P_00474,I21.9,"Acute myocardial infarction, unspecified",Secondary,2024-06-16,Severe
DX_004795,ADM_03004,P_01834,J44.9,"Chronic obstructive pulmonary disease, unspecified",Primary,2024-11-25,Severe
DX_004796,ADM_03004,P_01834,C34.90,Malignant neoplasm of unspecified part of bronchus or lung,Secondary,2024-11-25,Severe
DX_004797,ADM_03005,P_02313,I10,Essential (primary) hypertension,UNKNOWN_VAL,2024-06-16,Moderate
DX_004798,ADM_03005,P_02313,C34.90,Malignant neoplasm of unspecified part of bronchus or lung,Secondary,2024-06-16,Severe
DX_004799,ADM_03006,P_00134,J44.9,"Chronic obstructive pulmonary disease, unspecified",Primary,2024-06-28,Severe
DX_004800,ADM_03006,P_00134,I21.9,"Acute myocardial infarction, unspecified",Secondary,2024-06-28,Severe
DX_004801,ADM_03007,P_00277,I10,Essential (primary) hypertension,Primary,2024-05-16,Moderate
DX_004802,ADM_03007,P_00277,F32.9,"Major depressive disorder, single episode",Secondary,2024-05-16,moderate
DX_004803,ADM_03008,P_02070,C34.90,Malignant neoplasm of unspecified part of bronchus or lung,Primary,2024-07-22,Severe
DX_004804,ADM_03009,P_02070,J44.9,"Chronic obstructive pulmonary disease, unspecified",Primary,2024-08-01,Severe
DX_004805,ADM_03010,P_00316,K21.9,Gastro-esophageal reflux disease without esophagitis,Primary,2025-04-26,Mild
DX_004806,ADM_03010,P_00316,J18.9,"Pneumonia, unspecified organism",Secondary,2025-04-26,Moderate
DX_004807,ADM_03011,P_01104,I50.9,"Heart failure, unspecified",Primary,2025-02-19,Severe
DX_004808,ADM_03011,P_01104,J44.9,"Chronic obstructive pulmonary disease, unspecified",Secondary,2025-02-19,Severe
DX_004809,ADM_03012,P_02607,J44.9,"Chronic obstructive pulmonary disease, unspecified",Primary,2024-03-31,Severe
DX_004810,ADM_03012,P_02607,I50.9,"Heart failure, unspecified",Secondary,2024-03-31,Severe
DX_004811,ADM_03013,P_00107,E11.9,Type 2 diabetes mellitus without complications,Primary,2025-05-15,Moderate
DX_004812,ADM_03013,P_00107,I21.9,"Acute myocardial infarction, unspecified",Secondary,2025-05-15,Severe
DX_004813,ADM_03014,P_00221,E11.9,Type 2 diabetes mellitus without complications,Primary,2024-09-14,Moderate
DX_004814,ADM_03014,P_00221,I10,Essential (primary) hypertension,Secondary,2024-09-14,Moderate
DX_004815,ADM_03015,P_00615,I50.9,"Heart failure, unspecified",Primary,2024-08-23,Severe
DX_004816,ADM_03016,P_00609,J18.9,"Pneumonia, unspecified organism",Primary,2024-04-17,Moderate
DX_004817,ADM_03017,P_01599,I50.9,"Heart failure, unspecified",Primary,2024-09-12,Severe
DX_004818,ADM_03018,P_02902,J44.9,"Chronic obstructive pulmonary disease, unspecified",Primary,2024-09-22,Severe
DX_004819,ADM_03019,P_01757,J44.9,"Chronic obstructive pulmonary disease, unspecified",Primary,2024-08-05,Severe
DX_004820,ADM_03019,P_01757,F32.9,"Major depressive disorder, single episode",Secondary,2024-08-05,Moderate
DX_004821,ADM_03020,P_01070,J44.9,"Chronic obstructive pulmonary disease, unspecified",UNKNOWN_VAL,2024-04-07,Severe
DX_004822,ADM_03020,P_01070,J18.9,"Pneumonia, unspecified organism",SECONDARY,2024-04-07,Moderate
DX_004823,ADM_03021,P_00773,J44.9,"Chronic obstructive pulmonary disease, unspecified",Primary,2024-04-13,Severe
DX_004824,ADM_03021,P_00773,M54.5,Low back pain,Secondary,2024-04-13,Mild
DX_004825,ADM_03022,P_02008,I10,Essential (primary) hypertension,Primary,2024-04-02,Moderate
DX_004826,ADM_03022,P_02008,I21.9,"Acute myocardial infarction, unspecified",SECONDARY,2024-04-02,Severe
DX_004827,ADM_03023,P_01268,F32.9,"Major depressive disorder, single episode",Primary,2024-01-07,Moderate
DX_004828,ADM_03024,P_02433,A41.9,"Sepsis, unspecified organism",Primary,2025-04-03,Severe
DX_004829,ADM_03024,P_02433,F32.9,"Major depressive disorder, single episode",Secondary,2025-04-03,Moderate
DX_004830,ADM_03025,P_02082,I21.9,"Acute myocardial infarction, unspecified",Primary,02/03/2024,Severe
DX_004831,ADM_03026,P_01403,N18.9,"Chronic kidney disease, unspecified",Primary,2025-05-15,Severe
DX_004832,ADM_03026,P_01403,C34.90,Malignant neoplasm of unspecified part of bronchus or lung,Secondary,2025-05-15,Severe
DX_004833,ADM_03027,P_00557,J44.9,"Chronic obstructive pulmonary disease, unspecified",Primary,2024-04-25,Severe
DX_004834,ADM_03028,P_03138,J44.9,"Chronic obstructive pulmonary disease, unspecified",Primary,2024-07-05,SEVERE
DX_004835,ADM_03028,P_03138,N18.9,"Chronic kidney disease, unspecified",Secondary,2024-07-05,Severe
DX_004836,ADM_03029,P_02243,J44.9,"Chronic obstructive pulmonary disease, unspecified",Primary,2024-09-10,Severe
DX_004837,ADM_03029,P_02243,J18.9,"Pneumonia, unspecified organism",Secondary,2024-09-10,Moderate
DX_004838,ADM_03030,P_02243,K21.9,Gastro-esophageal reflux disease without esophagitis,Primary,2024-09-26,Mild
DX_004839,ADM_03031,P_03211,K21.9,Gastro-esophageal reflux disease without esophagitis,Primary,07-09-2024,Mild
DX_004840,ADM_03031,P_03211,A41.9,"Sepsis, unspecified organism",secondary,2024-09-07,Severe
DX_004841,ADM_03032,P_00611,I21.9,"Acute myocardial infarction, unspecified",primary,2024-09-23,Severe
DX_004842,ADM_03032,P_00611,I10,Essential (primary) hypertension,Secondary,2024-09-23,Moderate
DX_004843,ADM_03033,P_02790,F32.9,"Major depressive disorder, single episode",  Primary  ,2024-03-06,Moderate
DX_004844,ADM_03034,P_00425,F32.9,"Major depressive disorder, single episode",Primary,2024-12-03,Moderate
DX_004845,ADM_03034,P_00425,J44.9,"Chronic obstructive pulmonary disease, unspecified",Secondary,2024-12-03,Severe
DX_004846,ADM_03035,P_00850,E11.9,Type 2 diabetes mellitus without complications,Primary,2024-02-24,Moderate
DX_004847,ADM_03035,P_00850,N18.9,"Chronic kidney disease, unspecified",Secondary,2024-02-24,Severe
DX_004848,ADM_03036,P_02771,M54.5,Low back pain,Primary,2024-04-01,Mild
DX_004849,ADM_03037,P_01143,C34.90,Malignant neoplasm of unspecified part of bronchus or lung,Primary,2025-03-02,Severe
DX_004850,ADM_03037,P_01143,A41.9,"Sepsis, unspecified organism",Secondary,2025-03-02,Severe
DX_004851,ADM_03038,P_00425,J44.9,"Chronic obstructive pulmonary disease, unspecified",Primary,2024-04-18,Severe
DX_004852,ADM_03038,P_00425,J18.9,"Pneumonia, unspecified organism",SECONDARY,2024-04-18,Moderate
DX_004853,ADM_03039,P_00935,J18.9,"Pneumonia, unspecified organism",Primary,2025-04-09,Moderate
DX_004854,ADM_03040,P_02146,N18.9,"Chronic kidney disease, unspecified",Primary,2025-03-29,Severe
DX_004855,ADM_03040,P_02146,J44.9,"Chronic obstructive pulmonary disease, unspecified",Secondary,2025-03-29,Severe
DX_004856,ADM_03041,P_03147,J44.9,"Chronic obstructive pulmonary disease, unspecified",Primary,2024-06-04,Severe
DX_004857,ADM_03041,P_03147,I10,Essential (primary) hypertension,UNKNOWN_VAL,2024-06-04,Moderate
DX_004858,ADM_03042,P_01019,N18.9,"Chronic kidney disease, unspecified",Primary,2024-01-07,Severe
DX_004859,ADM_03043,P_02127,I21.9,"Acute myocardial infarction, unspecified",  Primary  ,2024-09-02,Severe
DX_004860,ADM_03044,P_00458,A41.9,"Sepsis, unspecified organism",Primary,2025-02-21,Severe
DX_004861,ADM_03045,P_01540,M54.5,Low back pain,Primary,2024-09-21,Mild
DX_004862,ADM_03046,P_00857,N18.9,"Chronic kidney disease, unspecified",Primary,2024-02-04,Severe
DX_004863,ADM_03046,P_00857,J44.9,"Chronic obstructive pulmonary disease, unspecified",Secondary,2024-02-04,  Severe  
DX_004864,ADM_03047,P_01840,A41.9,"Sepsis, unspecified organism",Primary,2024-06-03,Severe
DX_004865,ADM_03047,P_01840,C34.90,Malignant neoplasm of unspecified part of bronchus or lung,Secondary,2024-06-03,Severe
DX_004866,ADM_03048,P_03223,M54.5,Low back pain,Primary,2024/10/03 00:00:00,Mild
DX_004867,ADM_03048,P_03223,I50.9,"Heart failure, unspecified",Secondary,2024-10-03,Severe
DX_004868,ADM_03049,P_02663,M54.5,Low back pain,Primary,2025-03-30,MILD
DX_004869,ADM_03049,P_02663,J18.9,"Pneumonia, unspecified organism",Secondary,2025-03-30,Moderate
DX_004870,ADM_03050,P_02663,A41.9,"Sepsis, unspecified organism",Primary,2025-05-03,Severe
DX_004871,ADM_03050,P_02663,I50.9,"Heart failure, unspecified",Secondary,2025-05-03,Severe
DX_004872,ADM_03051,P_01825,M54.5,Low back pain,PRIMARY,2024-12-09,Mild
DX_004873,ADM_03052,P_01255,I50.9,"Heart failure, unspecified",Primary,2024-06-09,Severe
DX_004874,ADM_03052,P_01255,I10,Essential (primary) hypertension,Secondary,2024-06-09,Moderate
DX_004875,ADM_03053,P_00063,I10,Essential (primary) hypertension,Primary,2024-06-13,Moderate
DX_004876,ADM_03053,P_00063,E11.9,Type 2 diabetes mellitus without complications,Secondary,2024-06-13,Moderate
DX_004877,ADM_03054,P_02663,A41.9,"Sepsis, unspecified organism",Primary,2024-09-22,Severe
DX_004878,ADM_03055,P_02663,I50.9,"Heart failure, unspecified",Primary,2024-10-02,Severe
DX_004879,ADM_03055,P_02663,F32.9,"Major depressive disorder, single episode",Secondary,2024-10-02,Moderate
DX_004880,ADM_03056,P_00510,M54.5,Low back pain,  Primary  ,2024-01-15,Mild
DX_004881,ADM_03056,P_00510,K21.9,Gastro-esophageal reflux disease without esophagitis,Secondary,2024-01-15,Mild
DX_004882,ADM_03057,P_00952,C34.90,Malignant neoplasm of unspecified part of bronchus or lung,Primary,2024-06-13,Severe
DX_004883,ADM_03058,P_02192,M54.5,Low back pain,Primary,2024-09-08,Mild
DX_004884,ADM_03059,P_02192,F32.9,"Major depressive disorder, single episode",Primary,2024-09-24,Moderate
DX_004885,ADM_03059,P_02192,I21.9,"Acute myocardial infarction, unspecified",Secondary,2024-09-24,Severe
DX_004886,ADM_03060,P_01992,M54.5,Low back pain,Primary,2024-04-22,Mild
DX_004887,ADM_03061,P_03155,E11.9,Type 2 diabetes mellitus without complications,Primary,2024-02-21,Moderate
DX_004888,ADM_03062,P_00962,C34.90,Malignant neoplasm of unspecified part of bronchus or lung,Primary,2025-01-15,Severe
DX_004889,ADM_03062,P_00962,I50.9,"Heart failure, unspecified",Secondary,2025-01-15,Severe
DX_004890,ADM_03063,P_01684,I50.9,"Heart failure, unspecified",Primary,2024-12-14,Severe
DX_004891,ADM_03063,P_01684,N18.9,"Chronic kidney disease, unspecified",Secondary,2024-12-14,Severe
DX_004892,ADM_03064,P_02714,F32.9,"Major depressive disorder, single episode",Primary,2024-04-19,moderate
DX_004893,ADM_03064,P_02714,A41.9,"Sepsis, unspecified organism",Secondary,2024-04-19,Severe
DX_004894,ADM_03065,P_02348,I10,Essential (primary) hypertension,Primary,2025-01-02,Moderate
DX_004895,ADM_03065,P_02348,I21.9,"Acute myocardial infarction, unspecified",Secondary,2025-01-02,Severe
DX_004896,ADM_03066,P_02418,C34.90,Malignant neoplasm of unspecified part of bronchus or lung,Primary,2024-06-21,Severe
DX_004897,ADM_03067,P_02008,C34.90,Malignant neoplasm of unspecified part of bronchus or lung,Primary,2025-01-06,Severe
DX_004898,ADM_03067,P_02008,N18.9,"Chronic kidney disease, unspecified",Secondary,2025-01-06,Severe
DX_004899,ADM_03068,P_00234,A41.9,"Sepsis, unspecified organism",Primary,09/06/2024,SEVERE
DX_004900,ADM_03068,P_00234,K21.9,Gastro-esophageal reflux disease without esophagitis,Secondary,2024-09-06,Mild
DX_004901,ADM_03069,P_00035,I21.9,"Acute myocardial infarction, unspecified",Primary,2024/09/05 00:00:00,Severe
DX_004902,ADM_03070,P_01697,A41.9,"Sepsis, unspecified organism",Primary,2025-02-19,Severe
DX_004903,ADM_03071,P_00060,K21.9,Gastro-esophageal reflux disease without esophagitis,Primary,2025-04-15,Mild
DX_004904,ADM_03072,P_00590,I21.9,"Acute myocardial infarction, unspecified",Primary,2024-07-19,Severe
DX_004905,ADM_03072,P_00590,F32.9,"Major depressive disorder, single episode",Secondary,2024-07-19,Moderate
DX_004906,ADM_03073,P_02838,E11.9,Type 2 diabetes mellitus without complications,Primary,2024-03-06,Moderate
DX_004907,ADM_03073,P_02838,C34.90,Malignant neoplasm of unspecified part of bronchus or lung,Secondary,2024-03-06,Severe
DX_004908,ADM_03074,P_01959,I10,Essential (primary) hypertension,Primary,2024/03/16 00:00:00,Moderate
DX_004909,ADM_03074,P_01959,C34.90,Malignant neoplasm of unspecified part of bronchus or lung,Secondary,2024-03-16,Severe
DX_004910,ADM_03075,P_00249,K21.9,Gastro-esophageal reflux disease without esophagitis,Primary,2025-04-28,Mild
DX_004911,ADM_03075,P_00249,I21.9,"Acute myocardial infarction, unspecified",Secondary,2025-04-28,Severe
DX_004912,ADM_03076,P_02482,I10,Essential (primary) hypertension,PRIMARY,2024-06-20,Moderate
DX_004913,ADM_03077,P_01807,I21.9,"Acute myocardial infarction, unspecified",Primary,2024-11-21,Severe
DX_004914,ADM_03077,P_01807,J44.9,"Chronic obstructive pulmonary disease, unspecified",Secondary,2024-11-21,Severe
DX_004915,ADM_03078,P_03064,N18.9,"Chronic kidney disease, unspecified",Primary,2024-11-14,Severe
DX_004916,ADM_03079,P_02480,M54.5,Low back pain,Primary,2025-03-09,Mild
DX_004917,ADM_03079,P_02480,E11.9,Type 2 diabetes mellitus without complications,Secondary,2025-03-09,Moderate
DX_004918,ADM_03080,P_02480,M54.5,Low back pain,Primary,2025-04-04,Mild
DX_004919,ADM_03081,P_02329,M54.5,Low back pain,primary,2025-01-20,Mild
DX_004920,ADM_03081,P_02329,E11.9,Type 2 diabetes mellitus without complications,Secondary,2025-01-20,Moderate
DX_004921,ADM_03082,P_02329,M54.5,Low back pain,Primary,2025-02-20,Mild
DX_004922,ADM_03083,P_03062,C34.90,Malignant neoplasm of unspecified part of bronchus or lung,Primary,2024-05-22,  Severe  
DX_004923,ADM_03084,P_03062,I10,Essential (primary) hypertension,Primary,2024-06-20,Moderate
DX_004924,ADM_03084,P_03062,F32.9,"Major depressive disorder, single episode",  Secondary  ,2024/06/20 00:00:00,MODERATE
DX_004925,ADM_03085,P_02947,J18.9,"Pneumonia, unspecified organism",primary,2025-02-03,Moderate
DX_004926,ADM_03086,P_01206,J18.9,"Pneumonia, unspecified organism",Primary,2024-01-18,MODERATE
DX_004927,ADM_03087,P_02605,M54.5,Low back pain,Primary,2025-04-07,Mild
DX_004928,ADM_03087,P_02605,N18.9,"Chronic kidney disease, unspecified",Secondary,2025-04-07,  Severe  
DX_004929,ADM_03088,P_02829,M54.5,Low back pain,Primary,2024-08-02,Mild
DX_004930,ADM_03088,P_02829,E11.9,Type 2 diabetes mellitus without complications,Secondary,2024-08-02,Moderate
DX_004931,ADM_03089,P_02311,I10,Essential (primary) hypertension,Primary,2024-01-25,Moderate
DX_004932,ADM_03090,P_03273,M54.5,Low back pain,Primary,2024-11-03,Mild
DX_004933,ADM_03091,P_00099,N18.9,"Chronic kidney disease, unspecified",Primary,2024-04-24,Severe
DX_004934,ADM_03091,P_00099,A41.9,"Sepsis, unspecified organism",Secondary,2024-04-24,Severe
DX_004935,ADM_03092,P_01242,I21.9,"Acute myocardial infarction, unspecified",Primary,2024-06-27,Severe
DX_004936,ADM_03093,P_01242,I21.9,"Acute myocardial infarction, unspecified",Primary,2024-07-10,Severe
DX_004937,ADM_03094,P_00296,C34.90,Malignant neoplasm of unspecified part of bronchus or lung,Primary,2025-02-05,SEVERE
DX_004938,ADM_03094,P_00296,E11.9,Type 2 diabetes mellitus without complications,Secondary,2025-02-05,Moderate
DX_004939,ADM_03095,P_00296,C34.90,Malignant neoplasm of unspecified part of bronchus or lung,Primary,02/18/2025,Severe
DX_004940,ADM_03095,P_00296,A41.9,"Sepsis, unspecified organism",Secondary,18-02-2025,Severe
DX_004941,ADM_03096,P_00201,M54.5,Low back pain,Primary,2024-01-21,Mild
DX_004942,ADM_03096,P_00201,I21.9,"Acute myocardial infarction, unspecified",Secondary,2024-01-21,Severe
DX_004943,ADM_03097,P_02922,I10,Essential (primary) hypertension,Primary,2024-05-10,Moderate
DX_004944,ADM_03097,P_02922,I50.9,"Heart failure, unspecified",Secondary,2024-05-10,Severe
DX_004945,ADM_03098,P_01578,N18.9,"Chronic kidney disease, unspecified",Primary,2025-02-09,Severe
DX_004946,ADM_03099,P_01438,I21.9,"Acute myocardial infarction, unspecified",Primary,2024-07-03,SEVERE
DX_004947,ADM_03100,P_02260,I50.9,"Heart failure, unspecified",PRIMARY,2024-11-05,Severe
DX_004948,ADM_03101,P_00552,C34.90,Malignant neoplasm of unspecified part of bronchus or lung,PRIMARY,2024-08-15,Severe
DX_004949,ADM_03101,P_00552,I10,Essential (primary) hypertension,Secondary,2024-08-15,Moderate
DX_004950,ADM_03102,P_02173,F32.9,"Major depressive disorder, single episode",PRIMARY,2024-12-22,Moderate
DX_004951,ADM_03102,P_02173,N18.9,"Chronic kidney disease, unspecified",Secondary,2024-12-22,Severe
DX_004952,ADM_03103,P_00366,E11.9,Type 2 diabetes mellitus without complications,Primary,2024-02-27,  Moderate  
DX_004953,ADM_03104,P_03336,M54.5,Low back pain,primary,2024-06-29,Mild
DX_004954,ADM_03105,P_03336,E11.9,Type 2 diabetes mellitus without complications,Primary,2024-07-12,Moderate
DX_004955,ADM_03106,P_02319,C34.90,Malignant neoplasm of unspecified part of bronchus or lung,Primary,2024-11-04,Severe
DX_004956,ADM_03106,P_02319,A41.9,"Sepsis, unspecified organism",Secondary,2024-11-04,Severe
DX_004957,ADM_03107,P_00089,I10,Essential (primary) hypertension,Primary,2025-03-20,Moderate
DX_004958,ADM_03108,P_00089,I50.9,"Heart failure, unspecified",Primary,2025-03-30,Severe
DX_004959,ADM_03109,P_01773,I50.9,"Heart failure, unspecified",Primary,2024/09/03 00:00:00,Severe
DX_004960,ADM_03109,P_01773,N18.9,"Chronic kidney disease, unspecified",Secondary,2024-09-03,Severe
DX_004961,ADM_03110,P_02709,F32.9,"Major depressive disorder, single episode",Primary,2025-03-25,Moderate
DX_004962,ADM_03111,P_00416,I10,Essential (primary) hypertension,Primary,2024-12-19,Moderate
DX_004963,ADM_03111,P_00416,K21.9,Gastro-esophageal reflux disease without esophagitis,Secondary,2024-12-19,Mild
DX_004964,ADM_03112,P_00641,N18.9,"Chronic kidney disease, unspecified",primary,2024-03-03,Severe
DX_004965,ADM_03112,P_00641,I50.9,"Heart failure, unspecified",Secondary,2024-03-03,Severe
DX_004966,ADM_03113,P_00665,M54.5,Low back pain,Primary,2024-06-06,Mild
DX_004967,ADM_03114,P_01041,E11.9,Type 2 diabetes mellitus without complications,Primary,2024-05-22,Moderate
DX_004968,ADM_03114,P_01041,A41.9,"Sepsis, unspecified organism",Secondary,2024-05-22,Severe
DX_004969,ADM_03115,P_03118,J18.9,"Pneumonia, unspecified organism",Primary,2024-11-06,Moderate
DX_004970,ADM_03116,P_03118,I10,Essential (primary) hypertension,Primary,2024-12-08,Moderate
DX_004971,ADM_03117,P_00934,N18.9,"Chronic kidney disease, unspecified",Primary,2024-09-17,Severe
DX_004972,ADM_03117,P_00934,I21.9,"Acute myocardial infarction, unspecified",UNKNOWN_VAL,2024-09-17,Severe
DX_004973,ADM_03118,P_03273,A41.9,"Sepsis, unspecified organism",Primary,2025-03-18,Severe
DX_004974,ADM_03119,P_03056,C34.90,Malignant neoplasm of unspecified part of bronchus or lung,Primary,2025-01-27,Severe
DX_004975,ADM_03119,P_03056,I21.9,"Acute myocardial infarction, unspecified",Secondary,2025-01-27,Severe
DX_004976,ADM_03120,P_02910,F32.9,"Major depressive disorder, single episode",Primary,2025/02/03 00:00:00,Moderate
DX_004977,ADM_03120,P_02910,J18.9,"Pneumonia, unspecified organism",Secondary,2025-02-03,Moderate
DX_004978,ADM_03121,P_02354,I21.9,"Acute myocardial infarction, unspecified",primary,2025-01-02,Severe
DX_004979,ADM_03122,P_02172,I21.9,"Acute myocardial infarction, unspecified",Primary,2024-06-05,Severe
DX_004980,ADM_03122,P_02172,J44.9,"Chronic obstructive pulmonary disease, unspecified",Secondary,2024-06-05,Severe
DX_004981,ADM_03123,P_01268,C34.90,Malignant neoplasm of unspecified part of bronchus or lung,  Primary  ,2024-06-22,Severe
DX_004982,ADM_03123,P_01268,I21.9,"Acute myocardial infarction, unspecified",Secondary,2024-06-22,Severe
DX_004983,ADM_03124,P_01660,J44.9,"Chronic obstructive pulmonary disease, unspecified",Primary,2025-03-27,Severe
DX_004984,ADM_03125,P_03067,M54.5,Low back pain,Primary,2024-10-13,Mild
DX_004985,ADM_03125,P_03067,A41.9,"Sepsis, unspecified organism",Secondary,2024-10-13,Severe
DX_004986,ADM_03126,P_03067,I21.9,"Acute myocardial infarction, unspecified",  Primary  ,2024-11-09,Severe
DX_004987,ADM_03126,P_03067,F32.9,"Major depressive disorder, single episode",Secondary,2024-11-09,Moderate
DX_004988,ADM_03127,P_01953,I50.9,"Heart failure, unspecified",Primary,2024-09-01,Severe
DX_004989,ADM_03128,P_01953,C34.90,Malignant neoplasm of unspecified part of bronchus or lung,Primary,2024-10-01,Severe
DX_004990,ADM_03129,P_03497,F32.9,"Major depressive disorder, single episode",Primary,2024-08-28,Moderate
DX_004991,ADM_03129,P_03497,A41.9,"Sepsis, unspecified organism",Secondary,2024-08-28,Severe
DX_004992,ADM_03130,P_01318,E11.9,Type 2 diabetes mellitus without complications,Primary,2024-05-20,Moderate
DX_004993,ADM_03131,P_00409,K21.9,Gastro-esophageal reflux disease without esophagitis,  Primary  ,2024-08-20,Mild
DX_004994,ADM_03131,P_00409,N18.9,"Chronic kidney disease, unspecified",UNKNOWN_VAL,2024-08-20,Severe
DX_004995,ADM_03132,P_00409,K21.9,Gastro-esophageal reflux disease without esophagitis,Primary,2024-09-09,  Mild  
DX_004996,ADM_03133,P_01783,F32.9,"Major depressive disorder, single episode",Primary,2024-08-09,Moderate
DX_004997,ADM_03133,P_01783,I50.9,"Heart failure, unspecified",Secondary,09-08-2024,Severe
DX_004998,ADM_03134,P_00235,I10,Essential (primary) hypertension,Primary,2024-02-11,Moderate
DX_004999,ADM_03135,P_01495,F32.9,"Major depressive disorder, single episode",Primary,2024-07-13,Moderate
DX_005000,ADM_03135,P_01495,K21.9,Gastro-esophageal reflux disease without esophagitis,Secondary,2024-07-13,Mild
DX_005001,ADM_03136,P_02695,I21.9,"Acute myocardial infarction, unspecified",Primary,2024-04-17,Severe
DX_005002,ADM_03136,P_02695,A41.9,"Sepsis, unspecified organism",Secondary,2024-04-17,Severe
DX_005003,ADM_03137,P_02033,N18.9,"Chronic kidney disease, unspecified",Primary,2024-09-28,Severe
DX_005004,ADM_03137,P_02033,F32.9,"Major depressive disorder, single episode",Secondary,2024-09-28,Moderate
DX_005005,ADM_03138,P_01833,I10,Essential (primary) hypertension,Primary,2024-10-21,Moderate
DX_005006,ADM_03138,P_01833,M54.5,Low back pain,Secondary,2024-10-21,Mild
DX_005007,ADM_03139,P_02674,C34.90,Malignant neoplasm of unspecified part of bronchus or lung,Primary,2025-01-10,Severe
DX_005008,ADM_03140,P_02674,F32.9,"Major depressive disorder, single episode",UNKNOWN_VAL,2025-02-06,Moderate
DX_005009,ADM_03141,P_01703,N18.9,"Chronic kidney disease, unspecified",Primary,2024-01-24,Severe
DX_005010,ADM_03141,P_01703,J18.9,"Pneumonia, unspecified organism",Secondary,2024-01-24,Moderate
DX_005011,ADM_03142,P_01825,I21.9,"Acute myocardial infarction, unspecified",Primary,2025-05-09,Severe
DX_005012,ADM_03142,P_01825,F32.9,"Major depressive disorder, single episode",Secondary,2025-05-09,Moderate
DX_005013,ADM_03143,P_01113,J18.9,"Pneumonia, unspecified organism",Primary,2024-06-30,Moderate
DX_005014,ADM_03143,P_01113,E11.9,Type 2 diabetes mellitus without complications,Secondary,2024-06-30,Moderate
DX_005015,ADM_03144,P_00227,J18.9,"Pneumonia, unspecified organism",Primary,2025-05-11,Moderate
DX_005016,ADM_03144,P_00227,J44.9,"Chronic obstructive pulmonary disease, unspecified",Secondary,2025-05-11,Severe
DX_005017,ADM_03145,P_02856,M54.5,Low back pain,Primary,2024-07-03,Mild
DX_005018,ADM_03146,P_01156,J44.9,"Chronic obstructive pulmonary disease, unspecified",Primary,2024-11-23,Severe
DX_005019,ADM_03146,P_01156,F32.9,"Major depressive disorder, single episode",Secondary,2024-11-23,Moderate
DX_005020,ADM_03147,P_01314,I50.9,"Heart failure, unspecified",Primary,2025-02-19,Severe
DX_005021,ADM_03147,P_01314,E11.9,Type 2 diabetes mellitus without complications,Secondary,2025-02-19,Moderate
DX_005022,ADM_03148,P_01314,F32.9,"Major depressive disorder, single episode",Primary,2025-03-09,Moderate
DX_005023,ADM_03149,P_01095,F32.9,"Major depressive disorder, single episode",Primary,2024-05-17,Moderate
DX_005024,ADM_03149,P_01095,J18.9,"Pneumonia, unspecified organism",Secondary,2024-05-17,Moderate
DX_005025,ADM_03150,P_02741,F32.9,"Major depressive disorder, single episode",Primary,2024-07-18,Moderate
DX_005026,ADM_03150,P_02741,I50.9,"Heart failure, unspecified",secondary,2024-07-18,Severe
DX_005027,ADM_03151,P_01680,I10,Essential (primary) hypertension,Primary,2024-05-03,Moderate
DX_005028,ADM_03151,P_01680,C34.90,Malignant neoplasm of unspecified part of bronchus or lung,Secondary,2024-05-03,Severe
DX_005029,ADM_03152,P_01680,C34.90,Malignant neoplasm of unspecified part of bronchus or lung,Primary,2024-06-06,Severe
DX_005030,ADM_03152,P_01680,J44.9,"Chronic obstructive pulmonary disease, unspecified",Secondary,2024-06-06,Severe
DX_005031,ADM_03153,P_01368,M54.5,Low back pain,Primary,2024-10-16,Mild
DX_005032,ADM_03154,P_00041,J18.9,"Pneumonia, unspecified organism",Primary,2024-03-23,Moderate
DX_005033,ADM_03154,P_00041,C34.90,Malignant neoplasm of unspecified part of bronchus or lung,Secondary,2024-03-23,Severe
DX_005034,ADM_03155,P_02163,J18.9,"Pneumonia, unspecified organism",Primary,2024-08-31,Moderate
DX_005035,ADM_03156,P_02279,J44.9,"Chronic obstructive pulmonary disease, unspecified",Primary,2024-01-31,  Severe  
DX_005036,ADM_03156,P_02279,C34.90,Malignant neoplasm of unspecified part of bronchus or lung,Secondary,2024-01-31,Severe
DX_005037,ADM_03157,P_03447,J44.9,"Chronic obstructive pulmonary disease, unspecified",Primary,2025-01-11,Severe
DX_005038,ADM_03157,P_03447,E11.9,Type 2 diabetes mellitus without complications,Secondary,2025-01-11,Moderate
DX_005039,ADM_03158,P_01652,C34.90,Malignant neoplasm of unspecified part of bronchus or lung,  Primary  ,2024-04-30,Severe
DX_005040,ADM_03158,P_01652,N18.9,"Chronic kidney disease, unspecified",Secondary,2024-04-30,Severe
DX_005041,ADM_03159,P_02214,E11.9,Type 2 diabetes mellitus without complications,Primary,2025-02-07,Moderate
DX_005042,ADM_03160,P_02791,K21.9,Gastro-esophageal reflux disease without esophagitis,Primary,2024-05-15,Mild
DX_005043,ADM_03161,P_02458,I50.9,"Heart failure, unspecified",Primary,2024-04-10,Severe
DX_005044,ADM_03161,P_02458,M54.5,Low back pain,Secondary,2024-04-10,Mild
DX_005045,ADM_03162,P_02458,M54.5,Low back pain,Primary,2024-05-15,Mild
DX_005046,ADM_03162,P_02458,J18.9,"Pneumonia, unspecified organism",Secondary,2024-05-15,MODERATE
DX_005047,ADM_03163,P_03285,I21.9,"Acute myocardial infarction, unspecified",Primary,2024-08-09,Severe
DX_005048,ADM_03163,P_03285,M54.5,Low back pain,Secondary,2024-08-09,Mild
DX_005049,ADM_03164,P_03199,M54.5,Low back pain,Primary,2024-12-14,Mild
DX_005050,ADM_03164,P_03199,C34.90,Malignant neoplasm of unspecified part of bronchus or lung,Secondary,2024-12-14,Severe
DX_005051,ADM_03165,P_00435,I21.9,"Acute myocardial infarction, unspecified",Primary,2024-05-27,Severe
DX_005052,ADM_03165,P_00435,N18.9,"Chronic kidney disease, unspecified",Secondary,2024-05-27,Severe
DX_005053,ADM_03166,P_01596,K21.9,Gastro-esophageal reflux disease without esophagitis,Primary,2025-04-28,Mild
DX_005054,ADM_03166,P_01596,I50.9,"Heart failure, unspecified",Secondary,2025-04-28,Severe
DX_005055,ADM_03167,P_03426,C34.90,Malignant neoplasm of unspecified part of bronchus or lung,Primary,2025-02-15,Severe
DX_005056,ADM_03168,P_00148,K21.9,Gastro-esophageal reflux disease without esophagitis,primary,2024-07-17,Mild
DX_005057,ADM_03169,P_01952,J18.9,"Pneumonia, unspecified organism",Primary,2024-02-01,Moderate
DX_005058,ADM_03170,P_00220,M54.5,Low back pain,Primary,2024/12/08 00:00:00,Mild
DX_005059,ADM_03170,P_00220,I10,Essential (primary) hypertension,Secondary,2024-12-08,Moderate
DX_005060,ADM_03171,P_00884,I21.9,"Acute myocardial infarction, unspecified",Primary,2025-02-26,Severe
DX_005061,ADM_03171,P_00884,F32.9,"Major depressive disorder, single episode",Secondary,2025-02-26,Moderate
DX_005062,ADM_03172,P_01968,I50.9,"Heart failure, unspecified",Primary,2024-04-28,Severe
DX_005063,ADM_03172,P_01968,C34.90,Malignant neoplasm of unspecified part of bronchus or lung,Secondary,2024-04-28,Severe
DX_005064,ADM_03173,P_02934,F32.9,"Major depressive disorder, single episode",Primary,2025-01-23,Moderate
DX_005065,ADM_03174,P_02262,A41.9,"Sepsis, unspecified organism",Primary,2024-02-16,Severe
DX_005066,ADM_03174,P_02262,M54.5,Low back pain,Secondary,2024-02-16,MILD
DX_005067,ADM_03175,P_01444,E11.9,Type 2 diabetes mellitus without complications,Primary,2024-11-09,Moderate
DX_005068,ADM_03175,P_01444,J18.9,"Pneumonia, unspecified organism",Secondary,2024-11-09,Moderate
DX_005069,ADM_03176,P_02345,K21.9,Gastro-esophageal reflux disease without esophagitis,Primary,2024-08-03,Mild
DX_005070,ADM_03177,P_00439,I21.9,"Acute myocardial infarction, unspecified",Primary,2024-03-20,Severe
DX_005071,ADM_03177,P_00439,E11.9,Type 2 diabetes mellitus without complications,Secondary,2024-03-20,Moderate
DX_005072,ADM_03178,P_00387,M54.5,Low back pain,Primary,2024-08-10,Mild
DX_005073,ADM_03178,P_00387,I50.9,"Heart failure, unspecified",SECONDARY,2024-08-10,Severe
DX_005074,ADM_03179,P_00337,K21.9,Gastro-esophageal reflux disease without esophagitis,Primary,2024-01-15,Mild
DX_005075,ADM_03180,P_03070,J18.9,"Pneumonia, unspecified organism",Primary,2024-07-07,Moderate
DX_005076,ADM_03180,P_03070,A41.9,"Sepsis, unspecified organism",Secondary,2024-07-07,  Severe  
DX_005077,ADM_03181,P_02648,I10,Essential (primary) hypertension,Primary,2024-05-09,Moderate
DX_005078,ADM_03182,P_01189,F32.9,"Major depressive disorder, single episode",Primary,2024-10-12,Moderate
DX_005079,ADM_03183,P_02769,E11.9,Type 2 diabetes mellitus without complications,  Primary  ,2025-03-29,Moderate
DX_005080,ADM_03184,P_02769,I10,Essential (primary) hypertension,Primary,2025/05/01 00:00:00,Moderate
DX_005081,ADM_03184,P_02769,F32.9,"Major depressive disorder, single episode",  Secondary  ,2025-05-01,Moderate
DX_005082,ADM_03185,P_00989,F32.9,"Major depressive disorder, single episode",Primary,2024-11-17,Moderate
DX_005083,ADM_03185,P_00989,E11.9,Type 2 diabetes mellitus without complications,Secondary,2024-11-17,Moderate
DX_005084,ADM_03186,P_03012,F32.9,"Major depressive disorder, single episode",Primary,2024-01-05,Moderate
DX_005085,ADM_03187,P_01838,J44.9,"Chronic obstructive pulmonary disease, unspecified",Primary,2025-02-08,Severe
DX_005086,ADM_03188,P_01838,I50.9,"Heart failure, unspecified",Primary,2025-03-16,Severe
DX_005087,ADM_03188,P_01838,J18.9,"Pneumonia, unspecified organism",SECONDARY,2025-03-16,Moderate
DX_005088,ADM_03189,P_01643,E11.9,Type 2 diabetes mellitus without complications,Primary,2024-07-02,Moderate
DX_005089,ADM_03189,P_01643,F32.9,"Major depressive disorder, single episode",Secondary,2024-07-02,Moderate
DX_005090,ADM_03190,P_00811,A41.9,"Sepsis, unspecified organism",Primary,2024-08-05,Severe
DX_005091,ADM_03191,P_03449,I50.9,"Heart failure, unspecified",Primary,2024-12-11,Severe
DX_005092,ADM_03192,P_01909,J44.9,"Chronic obstructive pulmonary disease, unspecified",Primary,2024-07-21,Severe
DX_005093,ADM_03192,P_01909,I21.9,"Acute myocardial infarction, unspecified",Secondary,2024-07-21,  Severe  
DX_005094,ADM_03193,P_02898,E11.9,Type 2 diabetes mellitus without complications,Primary,2024-10-28,Moderate
DX_005095,ADM_03194,P_02333,I50.9,"Heart failure, unspecified",Primary,2025-03-16,Severe
DX_005096,ADM_03195,P_02157,J44.9,"Chronic obstructive pulmonary disease, unspecified",Primary,2024-08-14,Severe
DX_005097,ADM_03195,P_02157,J18.9,"Pneumonia, unspecified organism",Secondary,2024-08-14,Moderate
DX_005098,ADM_03196,P_02157,A41.9,"Sepsis, unspecified organism",Primary,2024-09-08,Severe
DX_005099,ADM_03196,P_02157,J18.9,"Pneumonia, unspecified organism",Secondary,2024-09-08,Moderate
DX_005100,ADM_03197,P_02526,N18.9,"Chronic kidney disease, unspecified",Primary,2024-01-27,  Severe  
DX_005101,ADM_03198,P_03213,J18.9,"Pneumonia, unspecified organism",Primary,2024-11-01,Moderate
DX_005102,ADM_03199,P_01561,N18.9,"Chronic kidney disease, unspecified",Primary,2024-04-03,Severe
DX_005103,ADM_03200,P_01561,M54.5,Low back pain,Primary,2024-04-19,Mild
DX_005104,ADM_03201,P_02727,M54.5,Low back pain,Primary,2024-01-26,Mild
DX_005105,ADM_03201,P_02727,F32.9,"Major depressive disorder, single episode",Secondary,2024-01-26,MODERATE
DX_005106,ADM_03202,P_02727,C34.90,Malignant neoplasm of unspecified part of bronchus or lung,Primary,2024-02-03,Severe
DX_005107,ADM_03202,P_02727,J44.9,"Chronic obstructive pulmonary disease, unspecified",Secondary,2024-02-03,Severe
DX_005108,ADM_03203,P_03301,N18.9,"Chronic kidney disease, unspecified",Primary,2024-10-17,Severe
DX_005109,ADM_03203,P_03301,F32.9,"Major depressive disorder, single episode",Secondary,2024-10-17,Moderate
DX_005110,ADM_03204,P_01147,A41.9,"Sepsis, unspecified organism",Primary,2025-02-06,Severe
DX_005111,ADM_03205,P_01147,M54.5,Low back pain,Primary,2025-02-25,Mild
DX_005112,ADM_03206,P_02168,E11.9,Type 2 diabetes mellitus without complications,primary,2024-05-29,Moderate
DX_005113,ADM_03206,P_02168,I10,Essential (primary) hypertension,SECONDARY,2024-05-29,Moderate
DX_005114,ADM_03207,P_02168,K21.9,Gastro-esophageal reflux disease without esophagitis,Primary,2024-06-08,Mild
DX_005115,ADM_03208,P_00859,F32.9,"Major depressive disorder, single episode",Primary,2024-04-17,Moderate
DX_005116,ADM_03208,P_00859,A41.9,"Sepsis, unspecified organism",  Secondary  ,2024-04-17,Severe
DX_005117,ADM_03209,P_02947,I21.9,"Acute myocardial infarction, unspecified",Primary,18-09-2024,Severe
DX_005118,ADM_03210,P_00923,J44.9,"Chronic obstructive pulmonary disease, unspecified",Primary,2025-02-20,severe
DX_005119,ADM_03211,P_02966,A41.9,"Sepsis, unspecified organism",Primary,2024-12-06,Severe
DX_005120,ADM_03212,P_00378,E11.9,Type 2 diabetes mellitus without complications,Primary,2024-07-03,Moderate
DX_005121,ADM_03212,P_00378,M54.5,Low back pain,Secondary,2024-07-03,Mild
DX_005122,ADM_03213,P_00956,I21.9,"Acute myocardial infarction, unspecified",Primary,2024-04-04,Severe
DX_005123,ADM_03214,P_03482,J44.9,"Chronic obstructive pulmonary disease, unspecified",Primary,2024-04-19,Severe
DX_005124,ADM_03214,P_03482,M54.5,Low back pain,Secondary,2024-04-19,Mild
DX_005125,ADM_03215,P_03482,E11.9,Type 2 diabetes mellitus without complications,Primary,2024-05-18,Moderate
DX_005126,ADM_03216,P_00182,J44.9,"Chronic obstructive pulmonary disease, unspecified",Primary,2025-03-06,Severe
DX_005127,ADM_03216,P_00182,A41.9,"Sepsis, unspecified organism",Secondary,2025-03-06,Severe
DX_005128,ADM_03217,P_01186,I50.9,"Heart failure, unspecified",Primary,2024-03-28,SEVERE
DX_005129,ADM_03218,P_02260,F32.9,"Major depressive disorder, single episode",Primary,2025-03-12,Moderate
DX_005130,ADM_03218,P_02260,M54.5,Low back pain,Secondary,2025-03-12,Mild
DX_005131,ADM_03219,P_02974,I21.9,"Acute myocardial infarction, unspecified",Primary,2024-01-08,Severe
DX_005132,ADM_03219,P_02974,E11.9,Type 2 diabetes mellitus without complications,Secondary,2024-01-08,Moderate
DX_005133,ADM_03220,P_02974,J44.9,"Chronic obstructive pulmonary disease, unspecified",Primary,2024-01-27,Severe
DX_005134,ADM_03220,P_02974,E11.9,Type 2 diabetes mellitus without complications,Secondary,2024-01-27,Moderate
DX_005135,ADM_03221,P_03468,J44.9,"Chronic obstructive pulmonary disease, unspecified",Primary,2024-08-06,Severe
DX_005136,ADM_03222,P_02664,J44.9,"Chronic obstructive pulmonary disease, unspecified",Primary,2025-03-13,Severe
DX_005137,ADM_03223,P_01399,I50.9,"Heart failure, unspecified",primary,2025-01-04,Severe
DX_005138,ADM_03223,P_01399,I21.9,"Acute myocardial infarction, unspecified",Secondary,2025-01-04,Severe
DX_005139,ADM_03224,P_00342,E11.9,Type 2 diabetes mellitus without complications,Primary,2025-02-28,Moderate
DX_005140,ADM_03224,P_00342,F32.9,"Major depressive disorder, single episode",Secondary,2025-02-28,Moderate
DX_005141,ADM_03225,P_00134,E11.9,Type 2 diabetes mellitus without complications,Primary,2024-06-22,Moderate
DX_005142,ADM_03225,P_00134,M54.5,Low back pain,  Secondary  ,2024-06-22,mild
DX_005143,ADM_03226,P_00993,J44.9,"Chronic obstructive pulmonary disease, unspecified",primary,2024-12-28,Severe
DX_005144,ADM_03226,P_00993,K21.9,Gastro-esophageal reflux disease without esophagitis,secondary,2024-12-28,Mild
DX_005145,ADM_03227,P_03329,C34.90,Malignant neoplasm of unspecified part of bronchus or lung,Primary,2024-01-30,Severe
DX_005146,ADM_03227,P_03329,I50.9,"Heart failure, unspecified",Secondary,2024-01-30,Severe
DX_005147,ADM_03228,P_02460,I50.9,"Heart failure, unspecified",Primary,2025-02-13,Severe
DX_005148,ADM_03228,P_02460,J44.9,"Chronic obstructive pulmonary disease, unspecified",Secondary,2025-02-13,Severe
DX_005149,ADM_03229,P_03100,F32.9,"Major depressive disorder, single episode",Primary,2024-09-05,Moderate
DX_005150,ADM_03230,P_01341,N18.9,"Chronic kidney disease, unspecified",PRIMARY,2025-04-12,Severe
DX_005151,ADM_03230,P_01341,C34.90,Malignant neoplasm of unspecified part of bronchus or lung,Secondary,2025-04-12,Severe
DX_005152,ADM_03231,P_01341,J44.9,"Chronic obstructive pulmonary disease, unspecified",Primary,2025-05-04,Severe
DX_005153,ADM_03232,P_00034,J44.9,"Chronic obstructive pulmonary disease, unspecified",Primary,2024-03-27,Severe
DX_005154,ADM_03233,P_01585,F32.9,"Major depressive disorder, single episode",Primary,2025-03-24,Moderate
DX_005155,ADM_03233,P_01585,E11.9,Type 2 diabetes mellitus without complications,Secondary,2025-03-24,Moderate
DX_005156,ADM_03234,P_01700,J44.9,"Chronic obstructive pulmonary disease, unspecified",Primary,02/03/2025,Severe
DX_005157,ADM_03234,P_01700,I50.9,"Heart failure, unspecified",Secondary,2025-02-03,Severe
DX_005158,ADM_03235,P_01700,I10,Essential (primary) hypertension,Primary,2025-02-14,Moderate
DX_005159,ADM_03235,P_01700,N18.9,"Chronic kidney disease, unspecified",Secondary,2025-02-14,SEVERE
DX_005160,ADM_03236,P_02123,J44.9,"Chronic obstructive pulmonary disease, unspecified",Primary,2024-09-12,SEVERE
DX_005161,ADM_03236,P_02123,E11.9,Type 2 diabetes mellitus without complications,Secondary,2024-09-12,Moderate
DX_005162,ADM_03237,P_01230,F32.9,"Major depressive disorder, single episode",Primary,2024-10-12,Moderate
DX_005163,ADM_03237,P_01230,C34.90,Malignant neoplasm of unspecified part of bronchus or lung,Secondary,2024-10-12,Severe
DX_005164,ADM_03238,P_01512,E11.9,Type 2 diabetes mellitus without complications,primary,2024-01-11,Moderate
DX_005165,ADM_03238,P_01512,F32.9,"Major depressive disorder, single episode",Secondary,2024-01-11,Moderate
DX_005166,ADM_03239,P_03219,I21.9,"Acute myocardial infarction, unspecified",Primary,2024-06-30,Severe
DX_005167,ADM_03239,P_03219,K21.9,Gastro-esophageal reflux disease without esophagitis,Secondary,2024-06-30,Mild
DX_005168,ADM_03240,P_01645,K21.9,Gastro-esophageal reflux disease without esophagitis,Primary,2025-01-12,Mild
DX_005169,ADM_03241,P_01076,A41.9,"Sepsis, unspecified organism",Primary,2025-01-10,Severe
DX_005170,ADM_03241,P_01076,I50.9,"Heart failure, unspecified",Secondary,2025-01-10,Severe
DX_005171,ADM_03242,P_03059,I10,Essential (primary) hypertension,primary,2024-11-15,Moderate
DX_005172,ADM_03242,P_03059,J44.9,"Chronic obstructive pulmonary disease, unspecified",Secondary,11/15/2024,Severe
DX_005173,ADM_03243,P_03067,M54.5,Low back pain,Primary,2024-09-09,Mild
DX_005174,ADM_03243,P_03067,N18.9,"Chronic kidney disease, unspecified",Secondary,2024-09-09,Severe
DX_005175,ADM_03244,P_03067,I10,Essential (primary) hypertension,Primary,2024-09-29,Moderate
DX_005176,ADM_03245,P_00179,I50.9,"Heart failure, unspecified",Primary,2024-06-17,Severe
DX_005177,ADM_03246,P_02097,M54.5,Low back pain,Primary,2025-01-29,Mild
DX_005178,ADM_03246,P_02097,I50.9,"Heart failure, unspecified",Secondary,2025-01-29,Severe
DX_005179,ADM_03247,P_02529,M54.5,Low back pain,Primary,2024-01-23,Mild
DX_005180,ADM_03247,P_02529,C34.90,Malignant neoplasm of unspecified part of bronchus or lung,secondary,2024-01-23,Severe
DX_005181,ADM_03248,P_02973,F32.9,"Major depressive disorder, single episode",Primary,2024-12-06,Moderate
DX_005182,ADM_03249,P_00023,N18.9,"Chronic kidney disease, unspecified",Primary,2025-05-14,Severe
DX_005183,ADM_03249,P_00023,J18.9,"Pneumonia, unspecified organism",Secondary,2025-05-14,Moderate
DX_005184,ADM_03250,P_02677,C34.90,Malignant neoplasm of unspecified part of bronchus or lung,Primary,2024-01-23,Severe
DX_005185,ADM_03251,P_00901,C34.90,Malignant neoplasm of unspecified part of bronchus or lung,PRIMARY,2024-07-03,Severe
DX_005186,ADM_03251,P_00901,K21.9,Gastro-esophageal reflux disease without esophagitis,Secondary,2024-07-03,Mild
DX_005187,ADM_03252,P_00901,M54.5,Low back pain,Primary,2024-08-07,Mild
DX_005188,ADM_03252,P_00901,E11.9,Type 2 diabetes mellitus without complications,Secondary,08/07/2024,Moderate
DX_005189,ADM_03253,P_03223,F32.9,"Major depressive disorder, single episode",Primary,2024-07-19,Moderate
DX_005190,ADM_03253,P_03223,J18.9,"Pneumonia, unspecified organism",SECONDARY,2024-07-19,  Moderate  
DX_005191,ADM_03254,P_01282,E11.9,Type 2 diabetes mellitus without complications,Primary,2024-03-03,Moderate
DX_005192,ADM_03255,P_01282,I10,Essential (primary) hypertension,Primary,2024-04-01,Moderate
DX_005193,ADM_03255,P_01282,J18.9,"Pneumonia, unspecified organism",Secondary,2024-04-01,MODERATE
DX_005194,ADM_03256,P_01772,I21.9,"Acute myocardial infarction, unspecified",Primary,2024-02-11,Severe
DX_005195,ADM_03257,P_03104,J18.9,"Pneumonia, unspecified organism",Primary,2024-12-29,  Moderate  
DX_005196,ADM_03257,P_03104,I21.9,"Acute myocardial infarction, unspecified",Secondary,2024-12-29,Severe
DX_005197,ADM_03258,P_01839,J18.9,"Pneumonia, unspecified organism",Primary,2024-10-10,Moderate
DX_005198,ADM_03258,P_01839,A41.9,"Sepsis, unspecified organism",Secondary,2024-10-10,SEVERE
DX_005199,ADM_03259,P_01507,N18.9,"Chronic kidney disease, unspecified",Primary,2024-08-21,Severe
DX_005200,ADM_03259,P_01507,M54.5,Low back pain,Secondary,2024-08-21,Mild
DX_005201,ADM_03260,P_01980,F32.9,"Major depressive disorder, single episode",Primary,2025-02-13,Moderate
DX_005202,ADM_03260,P_01980,C34.90,Malignant neoplasm of unspecified part of bronchus or lung,Secondary,2025-02-13,Severe
DX_005203,ADM_03261,P_02819,J18.9,"Pneumonia, unspecified organism",Primary,2024-11-05,Moderate
DX_005204,ADM_03262,P_02267,I21.9,"Acute myocardial infarction, unspecified",PRIMARY,2024-06-02,Severe
DX_005205,ADM_03263,P_00044,C34.90,Malignant neoplasm of unspecified part of bronchus or lung,Primary,2025-02-11,Severe
DX_005206,ADM_03263,P_00044,E11.9,Type 2 diabetes mellitus without complications,Secondary,2025-02-11,Moderate
DX_005207,ADM_03264,P_00724,I10,Essential (primary) hypertension,Primary,2024-11-14,Moderate
DX_005208,ADM_03265,P_01900,J18.9,"Pneumonia, unspecified organism",Primary,2025-02-05,Moderate
DX_005209,ADM_03266,P_02361,F32.9,"Major depressive disorder, single episode",Primary,2024-03-28,Moderate
DX_005210,ADM_03266,P_02361,A41.9,"Sepsis, unspecified organism",SECONDARY,2024-03-28,Severe
DX_005211,ADM_03267,P_02393,I21.9,"Acute myocardial infarction, unspecified",Primary,2025-02-17,Severe
DX_005212,ADM_03267,P_02393,J44.9,"Chronic obstructive pulmonary disease, unspecified",Secondary,2025-02-17,Severe
DX_005213,ADM_03268,P_03168,J18.9,"Pneumonia, unspecified organism",Primary,2024-10-29,Moderate
DX_005214,ADM_03268,P_03168,C34.90,Malignant neoplasm of unspecified part of bronchus or lung,Secondary,2024-10-29,Severe
DX_005215,ADM_03269,P_02210,C34.90,Malignant neoplasm of unspecified part of bronchus or lung,Primary,2024-02-16,SEVERE
DX_005216,ADM_03269,P_02210,J44.9,"Chronic obstructive pulmonary disease, unspecified",Secondary,2024-02-16,Severe
DX_005217,ADM_03270,P_03094,J44.9,"Chronic obstructive pulmonary disease, unspecified",Primary,2025-02-12,Severe
DX_005218,ADM_03270,P_03094,N18.9,"Chronic kidney disease, unspecified",Secondary,2025-02-12,Severe
DX_005219,ADM_03271,P_00394,C34.90,Malignant neoplasm of unspecified part of bronchus or lung,Primary,2025-03-16,Severe
DX_005220,ADM_03272,P_00394,A41.9,"Sepsis, unspecified organism",Primary,2025-04-12,Severe
DX_005221,ADM_03272,P_00394,J44.9,"Chronic obstructive pulmonary disease, unspecified",Secondary,2025-04-12,Severe
DX_005222,ADM_03273,P_03245,M54.5,Low back pain,Primary,2025-03-11,Mild
DX_005223,ADM_03273,P_03245,N18.9,"Chronic kidney disease, unspecified",Secondary,2025-03-11,Severe
DX_005224,ADM_03274,P_03245,N18.9,"Chronic kidney disease, unspecified",Primary,2025-04-08,Severe
DX_005225,ADM_03275,P_02943,I21.9,"Acute myocardial infarction, unspecified",Primary,2024-08-22,Severe
DX_005226,ADM_03276,P_01381,J18.9,"Pneumonia, unspecified organism",Primary,2024-06-29,Moderate
DX_005227,ADM_03277,P_00505,I50.9,"Heart failure, unspecified",Primary,2024-08-12,Severe
DX_005228,ADM_03278,P_02889,M54.5,Low back pain,  Primary  ,2024-03-18,Mild
DX_005229,ADM_03278,P_02889,I21.9,"Acute myocardial infarction, unspecified",Secondary,2024-03-18,Severe
DX_005230,ADM_03279,P_01423,J44.9,"Chronic obstructive pulmonary disease, unspecified",Primary,2025-03-16,Severe
DX_005231,ADM_03279,P_01423,M54.5,Low back pain,Secondary,2025-03-16,Mild
DX_005232,ADM_03280,P_01423,M54.5,Low back pain,Primary,03/22/2025,Mild
DX_005233,ADM_03281,P_03198,J44.9,"Chronic obstructive pulmonary disease, unspecified",  Primary  ,2024-05-04,Severe
DX_005234,ADM_03281,P_03198,M54.5,Low back pain,Secondary,2024-05-04,MILD
DX_005235,ADM_03282,P_03198,M54.5,Low back pain,Primary,2024-05-15,Mild
DX_005236,ADM_03283,P_00249,F32.9,"Major depressive disorder, single episode",PRIMARY,2024-03-16,Moderate
DX_005237,ADM_03283,P_00249,I10,Essential (primary) hypertension,Secondary,2024-03-16,Moderate
DX_005238,ADM_03284,P_00189,M54.5,Low back pain,Primary,2025-04-28,MILD
DX_005239,ADM_03284,P_00189,E11.9,Type 2 diabetes mellitus without complications,Secondary,2025-04-28,moderate
DX_005240,ADM_03285,P_00076,K21.9,Gastro-esophageal reflux disease without esophagitis,Primary,2024-08-12,Mild
DX_005241,ADM_03285,P_00076,I10,Essential (primary) hypertension,Secondary,2024-08-12,Moderate
DX_005242,ADM_03286,P_00837,K21.9,Gastro-esophageal reflux disease without esophagitis,Primary,2024-09-11,Mild
DX_005243,ADM_03286,P_00837,M54.5,Low back pain,secondary,2024-09-11,  Mild  
DX_005244,ADM_03287,P_02606,M54.5,Low back pain,Primary,2025-04-01,Mild
DX_005245,ADM_03288,P_02621,N18.9,"Chronic kidney disease, unspecified",Primary,2024-08-11,Severe
DX_005246,ADM_03288,P_02621,A41.9,"Sepsis, unspecified organism",Secondary,2024-08-11,Severe
DX_005247,ADM_03289,P_02621,I10,Essential (primary) hypertension,Primary,2024-08-25,Moderate
DX_005248,ADM_03289,P_02621,F32.9,"Major depressive disorder, single episode",Secondary,2024-08-25,Moderate
DX_005249,ADM_03290,P_02915,C34.90,Malignant neoplasm of unspecified part of bronchus or lung,Primary,2024-04-28,Severe
DX_005250,ADM_03290,P_02915,I21.9,"Acute myocardial infarction, unspecified",SECONDARY,2024-04-28,Severe
DX_005251,ADM_03291,P_01764,C34.90,Malignant neoplasm of unspecified part of bronchus or lung,Primary,04/25/2024,Severe
DX_005252,ADM_03291,P_01764,K21.9,Gastro-esophageal reflux disease without esophagitis,Secondary,2024-04-25,Mild
DX_005253,ADM_03292,P_02927,N18.9,"Chronic kidney disease, unspecified",Primary,2024-01-01,  Severe  
DX_005254,ADM_03292,P_02927,I50.9,"Heart failure, unspecified",Secondary,2024-01-01,Severe
DX_005255,ADM_03293,P_02576,K21.9,Gastro-esophageal reflux disease without esophagitis,PRIMARY,2025-03-30,Mild
DX_005256,ADM_03293,P_02576,C34.90,Malignant neoplasm of unspecified part of bronchus or lung,Secondary,2025-03-30,Severe
DX_005257,ADM_03294,P_01004,A41.9,"Sepsis, unspecified organism",Primary,2024-07-09,Severe
DX_005258,ADM_03295,P_01004,N18.9,"Chronic kidney disease, unspecified",Primary,2024-08-03,Severe
DX_005259,ADM_03295,P_01004,C34.90,Malignant neoplasm of unspecified part of bronchus or lung,Secondary,2024-08-03,Severe
DX_005260,ADM_03296,P_02603,C34.90,Malignant neoplasm of unspecified part of bronchus or lung,Primary,2025-01-17,Severe
DX_005261,ADM_03296,P_02603,E11.9,Type 2 diabetes mellitus without complications,Secondary,2025-01-17,Moderate
DX_005262,ADM_03297,P_01925,I21.9,"Acute myocardial infarction, unspecified",Primary,2024-03-05,Severe
DX_005263,ADM_03297,P_01925,J18.9,"Pneumonia, unspecified organism",Secondary,2024-03-05,Moderate
DX_005264,ADM_03298,P_00655,I10,Essential (primary) hypertension,Primary,2024-08-05,Moderate
DX_005265,ADM_03299,P_00018,J18.9,"Pneumonia, unspecified organism",Primary,2024-06-13,Moderate
DX_005266,ADM_03300,P_03500,N18.9,"Chronic kidney disease, unspecified",  Primary  ,2025-04-03,Severe
DX_005267,ADM_03300,P_03500,E11.9,Type 2 diabetes mellitus without complications,Secondary,2025-04-03,Moderate
DX_005268,ADM_03301,P_01346,A41.9,"Sepsis, unspecified organism",Primary,2024-09-03,Severe
DX_005269,ADM_03301,P_01346,J44.9,"Chronic obstructive pulmonary disease, unspecified",Secondary,2024-09-03,Severe
DX_005270,ADM_03302,P_00001,J44.9,"Chronic obstructive pulmonary disease, unspecified",Primary,2024-05-24,Severe
DX_005271,ADM_03302,P_00001,K21.9,Gastro-esophageal reflux disease without esophagitis,Secondary,2024-05-24,Mild
DX_005272,ADM_03303,P_00001,C34.90,Malignant neoplasm of unspecified part of bronchus or lung,Primary,2024-06-07,Severe
DX_005273,ADM_03303,P_00001,J44.9,"Chronic obstructive pulmonary disease, unspecified",Secondary,2024-06-07,Severe
DX_005274,ADM_03304,P_01334,J44.9,"Chronic obstructive pulmonary disease, unspecified",Primary,2024-08-15,Severe
DX_005275,ADM_03305,P_01334,I50.9,"Heart failure, unspecified",Primary,2024-09-10,Severe
DX_005276,ADM_03306,P_02197,E11.9,Type 2 diabetes mellitus without complications,Primary,2024-02-07,Moderate
DX_005277,ADM_03306,P_02197,F32.9,"Major depressive disorder, single episode",Secondary,2024-02-07,Moderate
DX_005278,ADM_03307,P_00480,N18.9,"Chronic kidney disease, unspecified",PRIMARY,06/17/2024,Severe
DX_005279,ADM_03308,P_03281,F32.9,"Major depressive disorder, single episode",Primary,2024-10-10,Moderate
DX_005280,ADM_03309,P_01416,I50.9,"Heart failure, unspecified",Primary,2025-01-03,Severe
DX_005281,ADM_03309,P_01416,N18.9,"Chronic kidney disease, unspecified",Secondary,2025-01-03,Severe
DX_005282,ADM_03310,P_02550,F32.9,"Major depressive disorder, single episode",Primary,2025-03-25,Moderate
DX_005283,ADM_03311,P_00101,J18.9,"Pneumonia, unspecified organism",Primary,2025-01-18,Moderate
DX_005284,ADM_03311,P_00101,M54.5,Low back pain,Secondary,2025-01-18,Mild
DX_005285,ADM_03312,P_00091,I10,Essential (primary) hypertension,PRIMARY,2024-09-09,Moderate
DX_005286,ADM_03312,P_00091,C34.90,Malignant neoplasm of unspecified part of bronchus or lung,Secondary,2024-09-09,Severe
DX_005287,ADM_03313,P_03011,N18.9,"Chronic kidney disease, unspecified",Primary,2024-02-04,Severe
DX_005288,ADM_03313,P_03011,C34.90,Malignant neoplasm of unspecified part of bronchus or lung,Secondary,2024-02-04,Severe
DX_005289,ADM_03314,P_03432,C34.90,Malignant neoplasm of unspecified part of bronchus or lung,Primary,2024-04-20,Severe
DX_005290,ADM_03314,P_03432,J18.9,"Pneumonia, unspecified organism",Secondary,2024-04-20,Moderate
DX_005291,ADM_03315,P_02868,I21.9,"Acute myocardial infarction, unspecified",Primary,2024-03-15,Severe
DX_005292,ADM_03315,P_02868,M54.5,Low back pain,Secondary,2024-03-15,Mild
DX_005293,ADM_03316,P_02392,J44.9,"Chronic obstructive pulmonary disease, unspecified",Primary,2024-08-17,Severe
DX_005294,ADM_03316,P_02392,E11.9,Type 2 diabetes mellitus without complications,secondary,2024-08-17,Moderate
DX_005295,ADM_03317,P_00832,I10,Essential (primary) hypertension,PRIMARY,2024-10-17,Moderate
DX_005296,ADM_03317,P_00832,J18.9,"Pneumonia, unspecified organism",Secondary,2024-10-17,Moderate
DX_005297,ADM_03318,P_03485,J18.9,"Pneumonia, unspecified organism",primary,2024-11-04,Moderate
DX_005298,ADM_03318,P_03485,C34.90,Malignant neoplasm of unspecified part of bronchus or lung,Secondary,2024-11-04,Severe
DX_005299,ADM_03319,P_01691,E11.9,Type 2 diabetes mellitus without complications,Primary,2024-07-29,Moderate
DX_005300,ADM_03320,P_01236,N18.9,"Chronic kidney disease, unspecified",Primary,2024-04-14,Severe
DX_005301,ADM_03320,P_01236,A41.9,"Sepsis, unspecified organism",SECONDARY,2024-04-14,Severe
DX_005302,ADM_03321,P_02522,K21.9,Gastro-esophageal reflux disease without esophagitis,  Primary  ,2024-03-11,Mild
DX_005303,ADM_03321,P_02522,J44.9,"Chronic obstructive pulmonary disease, unspecified",Secondary,2024-03-11,Severe
DX_005304,ADM_03322,P_00285,K21.9,Gastro-esophageal reflux disease without esophagitis,Primary,2024-04-23,MILD
DX_005305,ADM_03322,P_00285,I21.9,"Acute myocardial infarction, unspecified",Secondary,2024-04-23,Severe
DX_005306,ADM_03323,P_00777,F32.9,"Major depressive disorder, single episode",Primary,2024-06-01,Moderate
DX_005307,ADM_03324,P_02840,I21.9,"Acute myocardial infarction, unspecified",Primary,2024-02-13,Severe
DX_005308,ADM_03324,P_02840,J18.9,"Pneumonia, unspecified organism",Secondary,2024-02-13,Moderate
DX_005309,ADM_03325,P_01291,F32.9,"Major depressive disorder, single episode",Primary,2025-05-14,Moderate
DX_005310,ADM_03326,P_02261,I50.9,"Heart failure, unspecified",Primary,2024-07-07,  Severe  
DX_005311,ADM_03327,P_01203,I21.9,"Acute myocardial infarction, unspecified",PRIMARY,2024-12-25,Severe
DX_005312,ADM_03328,P_02188,M54.5,Low back pain,Primary,2024-11-12,Mild
DX_005313,ADM_03329,P_03200,F32.9,"Major depressive disorder, single episode",Primary,2024-05-02,Moderate
DX_005314,ADM_03330,P_00813,K21.9,Gastro-esophageal reflux disease without esophagitis,Primary,2024-05-23,Mild
DX_005315,ADM_03331,P_03330,F32.9,"Major depressive disorder, single episode",Primary,2024-12-20,Moderate
DX_005316,ADM_03332,P_03330,I21.9,"Acute myocardial infarction, unspecified",primary,2025-01-22,Severe
DX_005317,ADM_03332,P_03330,E11.9,Type 2 diabetes mellitus without complications,Secondary,2025-01-22,Moderate
DX_005318,ADM_03333,P_00017,E11.9,Type 2 diabetes mellitus without complications,Primary,2024-06-15,Moderate
DX_005319,ADM_03333,P_00017,I21.9,"Acute myocardial infarction, unspecified",Secondary,2024-06-15,Severe
DX_005320,ADM_03334,P_00629,F32.9,"Major depressive disorder, single episode",Primary,2024-01-09,Moderate
DX_005321,ADM_03334,P_00629,C34.90,Malignant neoplasm of unspecified part of bronchus or lung,Secondary,2024-01-09,Severe
DX_005322,ADM_03335,P_01005,N18.9,"Chronic kidney disease, unspecified",Primary,2025-04-14,Severe
DX_005323,ADM_03336,P_01242,I50.9,"Heart failure, unspecified",Primary,2024-01-21,Severe
DX_005324,ADM_03337,P_01242,E11.9,Type 2 diabetes mellitus without complications,Primary,02/03/2024,Moderate
DX_005325,ADM_03337,P_01242,F32.9,"Major depressive disorder, single episode",Secondary,2024-02-03,  Moderate  
DX_005326,ADM_03338,P_01289,F32.9,"Major depressive disorder, single episode",Primary,2025-01-10,Moderate
DX_005327,ADM_03339,P_00830,N18.9,"Chronic kidney disease, unspecified",Primary,2024-09-14,Severe
DX_005328,ADM_03339,P_00830,J18.9,"Pneumonia, unspecified organism",Secondary,2024-09-14,Moderate
DX_005329,ADM_03340,P_00793,M54.5,Low back pain,primary,2024-01-30,Mild
DX_005330,ADM_03341,P_00825,M54.5,Low back pain,PRIMARY,2025-03-28,Mild
DX_005331,ADM_03341,P_00825,I10,Essential (primary) hypertension,Secondary,2025-03-28,Moderate
DX_005332,ADM_03342,P_00825,F32.9,"Major depressive disorder, single episode",Primary,2025-04-27,Moderate
DX_005333,ADM_03343,P_02221,J18.9,"Pneumonia, unspecified organism",Primary,2024-05-30,Moderate
DX_005334,ADM_03344,P_01912,F32.9,"Major depressive disorder, single episode",Primary,2024-02-20,Moderate
DX_005335,ADM_03345,P_00428,A41.9,"Sepsis, unspecified organism",Primary,2024-10-15,Severe
DX_005336,ADM_03345,P_00428,F32.9,"Major depressive disorder, single episode",Secondary,2024-10-15,Moderate
DX_005337,ADM_03346,P_02688,J18.9,"Pneumonia, unspecified organism",Primary,2025-03-05,Moderate
DX_005338,ADM_03347,P_02809,N18.9,"Chronic kidney disease, unspecified",Primary,2024-09-15,Severe
DX_005339,ADM_03348,P_02231,C34.90,Malignant neoplasm of unspecified part of bronchus or lung,Primary,2024-07-17,Severe
DX_005340,ADM_03348,P_02231,J44.9,"Chronic obstructive pulmonary disease, unspecified",Secondary,2024-07-17,Severe
DX_005341,ADM_03349,P_01635,M54.5,Low back pain,Primary,12/14/2024,Mild
DX_005342,ADM_03350,P_01635,N18.9,"Chronic kidney disease, unspecified",Primary,2025-01-17,severe
DX_005343,ADM_03350,P_01635,E11.9,Type 2 diabetes mellitus without complications,Secondary,2025-01-17,Moderate
DX_005344,ADM_03351,P_01277,C34.90,Malignant neoplasm of unspecified part of bronchus or lung,Primary,2024-07-08,Severe
DX_005345,ADM_03352,P_01277,K21.9,Gastro-esophageal reflux disease without esophagitis,Primary,2024-07-16,Mild
DX_005346,ADM_03352,P_01277,F32.9,"Major depressive disorder, single episode",Secondary,07/16/2024,Moderate
DX_005347,ADM_03353,P_02237,M54.5,Low back pain,Primary,2024-12-12,Mild
DX_005348,ADM_03353,P_02237,E11.9,Type 2 diabetes mellitus without complications,Secondary,2024-12-12,Moderate
DX_005349,ADM_03354,P_01170,A41.9,"Sepsis, unspecified organism",Primary,2024-12-06,Severe
DX_005350,ADM_03354,P_01170,K21.9,Gastro-esophageal reflux disease without esophagitis,Secondary,2024-12-06,Mild
DX_005351,ADM_03355,P_01814,J44.9,"Chronic obstructive pulmonary disease, unspecified",Primary,2024-04-21,Severe
DX_005352,ADM_03355,P_01814,A41.9,"Sepsis, unspecified organism",Secondary,2024-04-21,Severe
DX_005353,ADM_03356,P_00869,I21.9,"Acute myocardial infarction, unspecified",Primary,2024-10-13,Severe
DX_005354,ADM_03356,P_00869,F32.9,"Major depressive disorder, single episode",Secondary,2024-10-13,Moderate
DX_005355,ADM_03357,P_03483,I10,Essential (primary) hypertension,Primary,2025-03-29,Moderate
DX_005356,ADM_03358,P_02257,J44.9,"Chronic obstructive pulmonary disease, unspecified",Primary,2024-01-23,Severe
DX_005357,ADM_03358,P_02257,A41.9,"Sepsis, unspecified organism",  Secondary  ,2024-01-23,Severe
DX_005358,ADM_03359,P_02188,J44.9,"Chronic obstructive pulmonary disease, unspecified",Primary,2024-04-08,Severe
DX_005359,ADM_03359,P_02188,I21.9,"Acute myocardial infarction, unspecified",Secondary,2024-04-08,Severe
DX_005360,ADM_03360,P_02209,J18.9,"Pneumonia, unspecified organism",Primary,2025-04-14,Moderate
DX_005361,ADM_03360,P_02209,I50.9,"Heart failure, unspecified",Secondary,2025-04-14,SEVERE
DX_005362,ADM_03361,P_00555,E11.9,Type 2 diabetes mellitus without complications,Primary,2024-01-31,Moderate
DX_005363,ADM_03361,P_00555,J18.9,"Pneumonia, unspecified organism",Secondary,2024-01-31,Moderate
DX_005364,ADM_03362,P_02066,C34.90,Malignant neoplasm of unspecified part of bronchus or lung,Primary,2024-08-04,Severe
DX_005365,ADM_03363,P_01220,I10,Essential (primary) hypertension,Primary,2024-06-12,Moderate
DX_005366,ADM_03363,P_01220,C34.90,Malignant neoplasm of unspecified part of bronchus or lung,Secondary,2024-06-12,Severe
DX_005367,ADM_03364,P_01952,K21.9,Gastro-esophageal reflux disease without esophagitis,Primary,2024-04-23,Mild
DX_005368,ADM_03365,P_02277,I21.9,"Acute myocardial infarction, unspecified",Primary,2025-03-07,Severe
DX_005369,ADM_03366,P_02632,J44.9,"Chronic obstructive pulmonary disease, unspecified",Primary,2024-12-27,Severe
DX_005370,ADM_03366,P_02632,K21.9,Gastro-esophageal reflux disease without esophagitis,  Secondary  ,2024-12-27,Mild
DX_005371,ADM_03367,P_02632,J18.9,"Pneumonia, unspecified organism",Primary,2025-02-01,Moderate
DX_005372,ADM_03368,P_02155,F32.9,"Major depressive disorder, single episode",Primary,2024-09-11,Moderate
DX_005373,ADM_03368,P_02155,I21.9,"Acute myocardial infarction, unspecified",Secondary,2024-09-11,Severe
DX_005374,ADM_03369,P_01367,I50.9,"Heart failure, unspecified",Primary,2024-09-06,Severe
DX_005375,ADM_03370,P_01367,I50.9,"Heart failure, unspecified",Primary,2024-09-28,Severe
DX_005376,ADM_03370,P_01367,E11.9,Type 2 diabetes mellitus without complications,Secondary,2024/09/28 00:00:00,Moderate
DX_005377,ADM_03371,P_02927,N18.9,"Chronic kidney disease, unspecified",Primary,2024-05-25,Severe
DX_005378,ADM_03371,P_02927,C34.90,Malignant neoplasm of unspecified part of bronchus or lung,Secondary,2024-05-25,Severe
DX_005379,ADM_03372,P_03444,J44.9,"Chronic obstructive pulmonary disease, unspecified",Primary,2024-12-08,Severe
DX_005380,ADM_03372,P_03444,J18.9,"Pneumonia, unspecified organism",Secondary,2024-12-08,moderate
DX_005381,ADM_03373,P_01969,F32.9,"Major depressive disorder, single episode",Primary,2024-11-04,Moderate
DX_005382,ADM_03373,P_01969,A41.9,"Sepsis, unspecified organism",Secondary,2024-11-04,Severe
DX_005383,ADM_03374,P_00805,A41.9,"Sepsis, unspecified organism",Primary,2024-09-11,Severe
DX_005384,ADM_03374,P_00805,C34.90,Malignant neoplasm of unspecified part of bronchus or lung,Secondary,2024-09-11,Severe
DX_005385,ADM_03375,P_02959,J44.9,"Chronic obstructive pulmonary disease, unspecified",Primary,2024-06-29,Severe
DX_005386,ADM_03376,P_02959,K21.9,Gastro-esophageal reflux disease without esophagitis,Primary,2024-07-08,Mild
DX_005387,ADM_03376,P_02959,J18.9,"Pneumonia, unspecified organism",Secondary,2024-07-08,Moderate
DX_005388,ADM_03377,P_01266,I50.9,"Heart failure, unspecified",Primary,2025-04-16,Severe
DX_005389,ADM_03377,P_01266,A41.9,"Sepsis, unspecified organism",Secondary,04/16/2025,Severe
DX_005390,ADM_03378,P_01643,M54.5,Low back pain,Primary,2025-04-04,Mild
DX_005391,ADM_03379,P_01840,E11.9,Type 2 diabetes mellitus without complications,Primary,2024-07-27,Moderate
DX_005392,ADM_03379,P_01840,I10,Essential (primary) hypertension,Secondary,2024-07-27,Moderate
DX_005393,ADM_03380,P_02517,I10,Essential (primary) hypertension,Primary,2024-09-18,Moderate
DX_005394,ADM_03380,P_02517,I21.9,"Acute myocardial infarction, unspecified",Secondary,2024-09-18,Severe
DX_005395,ADM_03381,P_02586,E11.9,Type 2 diabetes mellitus without complications,Primary,2024-06-10,Moderate
DX_005396,ADM_03381,P_02586,I10,Essential (primary) hypertension,Secondary,2024-06-10,Moderate
DX_005397,ADM_03382,P_02586,I50.9,"Heart failure, unspecified",Primary,2024-07-03,Severe
DX_005398,ADM_03383,P_03229,C34.90,Malignant neoplasm of unspecified part of bronchus or lung,PRIMARY,2024-07-24,Severe
DX_005399,ADM_03383,P_03229,K21.9,Gastro-esophageal reflux disease without esophagitis,Secondary,2024-07-24,Mild
DX_005400,ADM_03384,P_03229,E11.9,Type 2 diabetes mellitus without complications,Primary,2024-08-12,moderate
DX_005401,ADM_03384,P_03229,I10,Essential (primary) hypertension,Secondary,08/12/2024,moderate
DX_005402,ADM_03385,P_00555,F32.9,"Major depressive disorder, single episode",Primary,2024-08-29,Moderate
DX_005403,ADM_03386,P_00097,K21.9,Gastro-esophageal reflux disease without esophagitis,Primary,2024-06-09,Mild
DX_005404,ADM_03387,P_02117,N18.9,"Chronic kidney disease, unspecified",Primary,2024-08-12,Severe
DX_005405,ADM_03388,P_01668,C34.90,Malignant neoplasm of unspecified part of bronchus or lung,primary,2024-09-26,Severe
DX_005406,ADM_03388,P_01668,E11.9,Type 2 diabetes mellitus without complications,secondary,2024-09-26,Moderate
DX_005407,ADM_03389,P_03418,K21.9,Gastro-esophageal reflux disease without esophagitis,Primary,2024-12-07,Mild
DX_005408,ADM_03390,P_00636,J44.9,"Chronic obstructive pulmonary disease, unspecified",Primary,2024-11-27,Severe
DX_005409,ADM_03391,P_03030,C34.90,Malignant neoplasm of unspecified part of bronchus or lung,Primary,2024-04-05,Severe
DX_005410,ADM_03391,P_03030,K21.9,Gastro-esophageal reflux disease without esophagitis,Secondary,2024-04-05,Mild
DX_005411,ADM_03392,P_03030,J18.9,"Pneumonia, unspecified organism",Primary,2024-04-23,Moderate
DX_005412,ADM_03392,P_03030,A41.9,"Sepsis, unspecified organism",Secondary,2024-04-23,Severe
DX_005413,ADM_03393,P_01528,N18.9,"Chronic kidney disease, unspecified",Primary,2024-05-17,Severe
DX_005414,ADM_03394,P_01528,J44.9,"Chronic obstructive pulmonary disease, unspecified",Primary,2024-06-06,Severe
DX_005415,ADM_03394,P_01528,E11.9,Type 2 diabetes mellitus without complications,Secondary,2024-06-06,Moderate
DX_005416,ADM_03395,P_00325,J44.9,"Chronic obstructive pulmonary disease, unspecified",Primary,2025-03-02,Severe
DX_005417,ADM_03395,P_00325,A41.9,"Sepsis, unspecified organism",Secondary,2025-03-02,Severe
DX_005418,ADM_03396,P_01971,E11.9,Type 2 diabetes mellitus without complications,Primary,2024-11-16,Moderate
DX_005419,ADM_03396,P_01971,N18.9,"Chronic kidney disease, unspecified",Secondary,2024-11-16,Severe
DX_005420,ADM_03397,P_01971,J18.9,"Pneumonia, unspecified organism",Primary,2024-11-24,Moderate
DX_005421,ADM_03397,P_01971,K21.9,Gastro-esophageal reflux disease without esophagitis,Secondary,2024-11-24,Mild
DX_005422,ADM_03398,P_03367,I21.9,"Acute myocardial infarction, unspecified",Primary,2024-07-30,Severe
DX_005423,ADM_03399,P_03392,J44.9,"Chronic obstructive pulmonary disease, unspecified",Primary,26-10-2024,Severe
DX_005424,ADM_03400,P_02321,E11.9,Type 2 diabetes mellitus without complications,Primary,2024-01-04,Moderate
DX_005425,ADM_03401,P_01457,M54.5,Low back pain,Primary,2025-03-22,Mild
DX_005426,ADM_03402,P_02951,C34.90,Malignant neoplasm of unspecified part of bronchus or lung,PRIMARY,2024-01-20,Severe
DX_005427,ADM_03402,P_02951,E11.9,Type 2 diabetes mellitus without complications,Secondary,2024-01-20,Moderate
DX_005428,ADM_03403,P_01101,K21.9,Gastro-esophageal reflux disease without esophagitis,Primary,2024-03-07,Mild
DX_005429,ADM_03403,P_01101,J44.9,"Chronic obstructive pulmonary disease, unspecified",Secondary,2024/03/07 00:00:00,Severe
DX_005430,ADM_03404,P_01222,I21.9,"Acute myocardial infarction, unspecified",Primary,2025-02-15,Severe
DX_005431,ADM_03405,P_00741,I50.9,"Heart failure, unspecified",Primary,2024-06-23,Severe
DX_005432,ADM_03405,P_00741,I10,Essential (primary) hypertension,Secondary,2024-06-23,Moderate
DX_005433,ADM_03406,P_01875,E11.9,Type 2 diabetes mellitus without complications,Primary,2024-01-29,Moderate
DX_005434,ADM_03407,P_01875,I10,Essential (primary) hypertension,Primary,2024-02-16,Moderate
DX_005435,ADM_03408,P_03363,M54.5,Low back pain,Primary,2024-10-18,Mild
DX_005436,ADM_03409,P_00243,I10,Essential (primary) hypertension,Primary,2024-12-13,Moderate
DX_005437,ADM_03409,P_00243,F32.9,"Major depressive disorder, single episode",Secondary,2024-12-13,Moderate
DX_005438,ADM_03410,P_00484,N18.9,"Chronic kidney disease, unspecified",PRIMARY,2024-02-17,Severe
DX_005439,ADM_03410,P_00484,I10,Essential (primary) hypertension,Secondary,2024-02-17,Moderate
DX_005440,ADM_03411,P_02619,F32.9,"Major depressive disorder, single episode",Primary,2024-07-02,Moderate
DX_005441,ADM_03411,P_02619,I21.9,"Acute myocardial infarction, unspecified",Secondary,2024-07-02,Severe
DX_005442,ADM_03412,P_00722,K21.9,Gastro-esophageal reflux disease without esophagitis,Primary,2024-08-22,Mild
DX_005443,ADM_03412,P_00722,E11.9,Type 2 diabetes mellitus without complications,Secondary,2024-08-22,Moderate
DX_005444,ADM_03413,P_01005,M54.5,Low back pain,Primary,2025-03-02,mild
DX_005445,ADM_03414,P_01696,I10,Essential (primary) hypertension,Primary,12-03-2024,Moderate
DX_005446,ADM_03414,P_01696,N18.9,"Chronic kidney disease, unspecified",Secondary,2024-03-12,Severe
DX_005447,ADM_03415,P_01459,E11.9,Type 2 diabetes mellitus without complications,Primary,2025-03-09,Moderate
DX_005448,ADM_03416,P_02009,I50.9,"Heart failure, unspecified",Primary,2024-02-10,Severe
DX_005449,ADM_03416,P_02009,K21.9,Gastro-esophageal reflux disease without esophagitis,Secondary,2024-02-10,Mild
DX_005450,ADM_03417,P_02083,A41.9,"Sepsis, unspecified organism",Primary,2024-12-24,Severe
DX_005451,ADM_03417,P_02083,I21.9,"Acute myocardial infarction, unspecified",  Secondary  ,2024-12-24,Severe
DX_005452,ADM_03418,P_03435,M54.5,Low back pain,Primary,2024-10-02,Mild
DX_005453,ADM_03418,P_03435,E11.9,Type 2 diabetes mellitus without complications,Secondary,2024-10-02,moderate
DX_005454,ADM_03419,P_02619,M54.5,Low back pain,Primary,2024-09-09,  Mild  
DX_005455,ADM_03419,P_02619,C34.90,Malignant neoplasm of unspecified part of bronchus or lung,Secondary,2024-09-09,Severe
DX_005456,ADM_03420,P_00768,I10,Essential (primary) hypertension,Primary,2024-05-13,Moderate
DX_005457,ADM_03421,P_01324,A41.9,"Sepsis, unspecified organism",Primary,2025-05-07,Severe
DX_005458,ADM_03421,P_01324,J18.9,"Pneumonia, unspecified organism",Secondary,2025-05-07,Moderate
DX_005459,ADM_03422,P_00675,E11.9,Type 2 diabetes mellitus without complications,Primary,2024-01-26,Moderate
DX_005460,ADM_03422,P_00675,M54.5,Low back pain,Secondary,2024-01-26,Mild
DX_005461,ADM_03423,P_01122,N18.9,"Chronic kidney disease, unspecified",Primary,2024-01-11,Severe
DX_005462,ADM_03423,P_01122,M54.5,Low back pain,SECONDARY,2024-01-11,Mild
DX_005463,ADM_03424,P_00549,C34.90,Malignant neoplasm of unspecified part of bronchus or lung,Primary,2025-05-06,Severe
DX_005464,ADM_03424,P_00549,A41.9,"Sepsis, unspecified organism",Secondary,2025-05-06,Severe
DX_005465,ADM_03425,P_00549,I21.9,"Acute myocardial infarction, unspecified",Primary,2025-05-21,Severe
DX_005466,ADM_03425,P_00549,I50.9,"Heart failure, unspecified",Secondary,2025-05-21,Severe
DX_005467,ADM_03426,P_00934,I21.9,"Acute myocardial infarction, unspecified",Primary,2024-10-30,Severe
DX_005468,ADM_03427,P_02152,A41.9,"Sepsis, unspecified organism",Primary,2025-04-30,Severe
DX_005469,ADM_03428,P_02898,I50.9,"Heart failure, unspecified",  Primary  ,2024-05-31,Severe
DX_005470,ADM_03429,P_02898,J44.9,"Chronic obstructive pulmonary disease, unspecified",Primary,2024-06-17,  Severe  
DX_005471,ADM_03429,P_02898,M54.5,Low back pain,Secondary,2024-06-17,Mild
DX_005472,ADM_03430,P_02607,I10,Essential (primary) hypertension,Primary,2025-01-03,Moderate
DX_005473,ADM_03430,P_02607,I21.9,"Acute myocardial infarction, unspecified",Secondary,2025-01-03,Severe
DX_005474,ADM_03431,P_03233,N18.9,"Chronic kidney disease, unspecified",Primary,2024-04-18,SEVERE
DX_005475,ADM_03432,P_03257,K21.9,Gastro-esophageal reflux disease without esophagitis,Primary,2024-07-28,Mild
DX_005476,ADM_03432,P_03257,J18.9,"Pneumonia, unspecified organism",Secondary,2024-07-28,Moderate
DX_005477,ADM_03433,P_00306,J18.9,"Pneumonia, unspecified organism",Primary,2024-01-17,Moderate
DX_005478,ADM_03434,P_01195,A41.9,"Sepsis, unspecified organism",Primary,2024-11-10,Severe
DX_005479,ADM_03435,P_00271,I10,Essential (primary) hypertension,Primary,2024-11-21,Moderate
DX_005480,ADM_03435,P_00271,J44.9,"Chronic obstructive pulmonary disease, unspecified",Secondary,2024-11-21,Severe
DX_005481,ADM_03436,P_00519,A41.9,"Sepsis, unspecified organism",Primary,2024-07-01,Severe
DX_005482,ADM_03437,P_03174,I21.9,"Acute myocardial infarction, unspecified",Primary,2025-05-10,Severe
DX_005483,ADM_03438,P_02113,N18.9,"Chronic kidney disease, unspecified",Primary,2024-02-06,Severe
DX_005484,ADM_03439,P_02310,I21.9,"Acute myocardial infarction, unspecified",Primary,2024-10-17,Severe
DX_005485,ADM_03440,P_02166,J18.9,"Pneumonia, unspecified organism",  Primary  ,2024-04-27,Moderate
DX_005486,ADM_03440,P_02166,I50.9,"Heart failure, unspecified",Secondary,2024-04-27,Severe
DX_005487,ADM_03441,P_01552,J18.9,"Pneumonia, unspecified organism",Primary,2025-05-07,Moderate
DX_005488,ADM_03441,P_01552,I50.9,"Heart failure, unspecified",Secondary,2025-05-07,Severe
DX_005489,ADM_03442,P_00914,I10,Essential (primary) hypertension,Primary,2024-04-14,  Moderate  
DX_005490,ADM_03442,P_00914,A41.9,"Sepsis, unspecified organism",Secondary,2024-04-14,Severe
DX_005491,ADM_03443,P_01915,K21.9,Gastro-esophageal reflux disease without esophagitis,Primary,2024-09-20,Mild
DX_005492,ADM_03443,P_01915,A41.9,"Sepsis, unspecified organism",  Secondary  ,2024-09-20,  Severe  
DX_005493,ADM_03444,P_00887,C34.90,Malignant neoplasm of unspecified part of bronchus or lung,Primary,2025-04-26,Severe
DX_005494,ADM_03444,P_00887,J18.9,"Pneumonia, unspecified organism",Secondary,2025-04-26,Moderate
DX_005495,ADM_03445,P_02657,I21.9,"Acute myocardial infarction, unspecified",Primary,2024-05-02,Severe
DX_005496,ADM_03446,P_01104,N18.9,"Chronic kidney disease, unspecified",Primary,2024-11-13,Severe
DX_005497,ADM_03446,P_01104,C34.90,Malignant neoplasm of unspecified part of bronchus or lung,Secondary,2024-11-13,Severe
DX_005498,ADM_03447,P_02983,I21.9,"Acute myocardial infarction, unspecified",Primary,2024-03-20,Severe
DX_005499,ADM_03447,P_02983,N18.9,"Chronic kidney disease, unspecified",Secondary,2024-03-20,Severe
DX_005500,ADM_03448,P_03253,J18.9,"Pneumonia, unspecified organism",Primary,2024-04-03,Moderate
DX_005501,ADM_03448,P_03253,E11.9,Type 2 diabetes mellitus without complications,UNKNOWN_VAL,2024-04-03,Moderate
DX_005502,ADM_03449,P_02093,I10,Essential (primary) hypertension,Primary,2024-06-12,Moderate
DX_005503,ADM_03449,P_02093,C34.90,Malignant neoplasm of unspecified part of bronchus or lung,Secondary,2024-06-12,Severe
DX_005504,ADM_03450,P_02268,I50.9,"Heart failure, unspecified",Primary,2024-10-25,Severe
DX_005505,ADM_03450,P_02268,C34.90,Malignant neoplasm of unspecified part of bronchus or lung,Secondary,2024-10-25,Severe
DX_005506,ADM_03451,P_01867,M54.5,Low back pain,Primary,2024-09-06,Mild
DX_005507,ADM_03451,P_01867,F32.9,"Major depressive disorder, single episode",Secondary,2024-09-06,Moderate
DX_005508,ADM_03452,P_00103,E11.9,Type 2 diabetes mellitus without complications,Primary,2024-07-08,Moderate
DX_005509,ADM_03452,P_00103,C34.90,Malignant neoplasm of unspecified part of bronchus or lung,Secondary,2024-07-08,Severe
DX_005510,ADM_03453,P_00103,K21.9,Gastro-esophageal reflux disease without esophagitis,Primary,2024-07-19,Mild
DX_005511,ADM_03453,P_00103,N18.9,"Chronic kidney disease, unspecified",Secondary,2024-07-19,Severe
DX_005512,ADM_03454,P_02740,J44.9,"Chronic obstructive pulmonary disease, unspecified",Primary,2024-04-04,Severe
DX_005513,ADM_03454,P_02740,E11.9,Type 2 diabetes mellitus without complications,Secondary,2024-04-04,moderate
DX_005514,ADM_03455,P_03126,I10,Essential (primary) hypertension,Primary,2024-03-07,MODERATE
DX_005515,ADM_03455,P_03126,M54.5,Low back pain,Secondary,2024-03-07,Mild
DX_005516,ADM_03456,P_03150,F32.9,"Major depressive disorder, single episode",Primary,2024-11-06,Moderate
DX_005517,ADM_03456,P_03150,M54.5,Low back pain,Secondary,2024-11-06,Mild
DX_005518,ADM_03457,P_03150,J18.9,"Pneumonia, unspecified organism",Primary,2024-12-06,Moderate
DX_005519,ADM_03457,P_03150,I10,Essential (primary) hypertension,Secondary,2024-12-06,Moderate
DX_005520,ADM_03458,P_03241,I10,Essential (primary) hypertension,Primary,2024-08-13,Moderate
DX_005521,ADM_03458,P_03241,I21.9,"Acute myocardial infarction, unspecified",Secondary,2024-08-13,Severe
DX_005522,ADM_03459,P_02718,K21.9,Gastro-esophageal reflux disease without esophagitis,Primary,2024-03-24,Mild
DX_005523,ADM_03459,P_02718,J44.9,"Chronic obstructive pulmonary disease, unspecified",Secondary,2024-03-24,Severe
DX_005524,ADM_03460,P_02413,J18.9,"Pneumonia, unspecified organism",Primary,2024-08-10,Moderate
DX_005525,ADM_03461,P_03321,J18.9,"Pneumonia, unspecified organism",Primary,2024-06-02,Moderate
DX_005526,ADM_03462,P_02781,C34.90,Malignant neoplasm of unspecified part of bronchus or lung,Primary,2024-10-06,Severe
DX_005527,ADM_03462,P_02781,J44.9,"Chronic obstructive pulmonary disease, unspecified",Secondary,2024-10-06,Severe
DX_005528,ADM_03463,P_01485,J44.9,"Chronic obstructive pulmonary disease, unspecified",Primary,2025-05-13,Severe
DX_005529,ADM_03463,P_01485,I10,Essential (primary) hypertension,Secondary,2025-05-13,Moderate
DX_005530,ADM_03464,P_01485,C34.90,Malignant neoplasm of unspecified part of bronchus or lung,Primary,2025-06-15,Severe
DX_005531,ADM_03465,P_03041,N18.9,"Chronic kidney disease, unspecified",Primary,2024-01-10,Severe
DX_005532,ADM_03465,P_03041,E11.9,Type 2 diabetes mellitus without complications,Secondary,2024-01-10,Moderate
DX_005533,ADM_03466,P_03041,M54.5,Low back pain,Primary,2024-02-09,Mild
DX_005534,ADM_03466,P_03041,J18.9,"Pneumonia, unspecified organism",Secondary,2024-02-09,Moderate
DX_005535,ADM_03467,P_02365,K21.9,Gastro-esophageal reflux disease without esophagitis,Primary,2024-03-25,Mild
DX_005536,ADM_03467,P_02365,A41.9,"Sepsis, unspecified organism",Secondary,2024-03-25,Severe
DX_005537,ADM_03468,P_03405,C34.90,Malignant neoplasm of unspecified part of bronchus or lung,Primary,2025-05-05,Severe
DX_005538,ADM_03468,P_03405,I50.9,"Heart failure, unspecified",Secondary,2025-05-05,Severe
DX_005539,ADM_03469,P_00918,C34.90,Malignant neoplasm of unspecified part of bronchus or lung,Primary,2025-05-07,Severe
DX_005540,ADM_03470,P_02352,A41.9,"Sepsis, unspecified organism",Primary,2024-02-06,Severe
DX_005541,ADM_03470,P_02352,I21.9,"Acute myocardial infarction, unspecified",Secondary,2024-02-06,Severe
DX_005542,ADM_03471,P_03348,I10,Essential (primary) hypertension,primary,2024-06-17,moderate
DX_005543,ADM_03471,P_03348,E11.9,Type 2 diabetes mellitus without complications,Secondary,2024-06-17,Moderate
DX_005544,ADM_03472,P_03070,K21.9,Gastro-esophageal reflux disease without esophagitis,Primary,2025-03-15,Mild
DX_005545,ADM_03472,P_03070,I21.9,"Acute myocardial infarction, unspecified",Secondary,2025-03-15,Severe
DX_005546,ADM_03473,P_03070,A41.9,"Sepsis, unspecified organism",Primary,2025-04-16,Severe
DX_005547,ADM_03473,P_03070,I50.9,"Heart failure, unspecified",Secondary,2025-04-16,Severe
DX_005548,ADM_03474,P_03285,J18.9,"Pneumonia, unspecified organism",Primary,2025-02-06,Moderate
DX_005549,ADM_03475,P_01261,C34.90,Malignant neoplasm of unspecified part of bronchus or lung,Primary,2025-01-29,Severe
DX_005550,ADM_03475,P_01261,F32.9,"Major depressive disorder, single episode",Secondary,2025-01-29,Moderate
DX_005551,ADM_03476,P_01261,A41.9,"Sepsis, unspecified organism",Primary,2025-02-28,Severe
DX_005552,ADM_03477,P_01901,A41.9,"Sepsis, unspecified organism",Primary,2025-01-28,Severe
DX_005553,ADM_03478,P_01334,J18.9,"Pneumonia, unspecified organism",Primary,2024-09-19,Moderate
DX_005554,ADM_03478,P_01334,K21.9,Gastro-esophageal reflux disease without esophagitis,Secondary,2024-09-19,Mild
DX_005555,ADM_03479,P_00792,A41.9,"Sepsis, unspecified organism",Primary,2024-11-10,Severe
DX_005556,ADM_03479,P_00792,N18.9,"Chronic kidney disease, unspecified",Secondary,2024-11-10,Severe
DX_005557,ADM_03480,P_03419,M54.5,Low back pain,Primary,2024-11-02,Mild
DX_005558,ADM_03480,P_03419,I10,Essential (primary) hypertension,Secondary,2024-11-02,Moderate
DX_005559,ADM_03481,P_02596,N18.9,"Chronic kidney disease, unspecified",primary,2025-04-09,Severe
DX_005560,ADM_03481,P_02596,I10,Essential (primary) hypertension,Secondary,2025-04-09,  Moderate  
DX_005561,ADM_03482,P_02040,A41.9,"Sepsis, unspecified organism",Primary,2024-12-11,Severe
DX_005562,ADM_03483,P_00734,K21.9,Gastro-esophageal reflux disease without esophagitis,Primary,2025-04-11,Mild
DX_005563,ADM_03483,P_00734,I50.9,"Heart failure, unspecified",Secondary,2025-04-11,Severe
DX_005564,ADM_03484,P_00797,J44.9,"Chronic obstructive pulmonary disease, unspecified",Primary,2024-02-09,Severe
DX_005565,ADM_03484,P_00797,N18.9,"Chronic kidney disease, unspecified",Secondary,2024-02-09,Severe
DX_005566,ADM_03485,P_01066,F32.9,"Major depressive disorder, single episode",Primary,2024-10-02,Moderate
DX_005567,ADM_03485,P_01066,N18.9,"Chronic kidney disease, unspecified",Secondary,2024-10-02,Severe
DX_005568,ADM_03486,P_01066,I50.9,"Heart failure, unspecified",Primary,2024-10-28,Severe
DX_005569,ADM_03486,P_01066,J44.9,"Chronic obstructive pulmonary disease, unspecified",secondary,2024-10-28,Severe
DX_005570,ADM_03487,P_00790,C34.90,Malignant neoplasm of unspecified part of bronchus or lung,Primary,2024-06-07,  Severe  
DX_005571,ADM_03488,P_02494,J44.9,"Chronic obstructive pulmonary disease, unspecified",Primary,2025-02-18,Severe
DX_005572,ADM_03489,P_02494,J18.9,"Pneumonia, unspecified organism",Primary,2025-03-18,Moderate
DX_005573,ADM_03489,P_02494,I50.9,"Heart failure, unspecified",Secondary,2025-03-18,  Severe  
DX_005574,ADM_03490,P_01293,N18.9,"Chronic kidney disease, unspecified",Primary,2025-05-12,Severe
DX_005575,ADM_03490,P_01293,F32.9,"Major depressive disorder, single episode",Secondary,2025-05-12,MODERATE
DX_005576,ADM_03491,P_01293,I50.9,"Heart failure, unspecified",Primary,2025-05-28,Severe
DX_005577,ADM_03492,P_00830,A41.9,"Sepsis, unspecified organism",Primary,2024-05-22,Severe
DX_005578,ADM_03493,P_02936,I50.9,"Heart failure, unspecified",PRIMARY,2025-01-27,  Severe  
DX_005579,ADM_03494,P_03457,E11.9,Type 2 diabetes mellitus without complications,Primary,2024-08-18,Moderate
DX_005580,ADM_03494,P_03457,M54.5,Low back pain,Secondary,2024-08-18,Mild
DX_005581,ADM_03495,P_01696,N18.9,"Chronic kidney disease, unspecified",primary,2024-06-18,Severe
DX_005582,ADM_03495,P_01696,K21.9,Gastro-esophageal reflux disease without esophagitis,Secondary,2024-06-18,Mild
DX_005583,ADM_03496,P_02761,I10,Essential (primary) hypertension,Primary,2025-04-03,Moderate
DX_005584,ADM_03496,P_02761,E11.9,Type 2 diabetes mellitus without complications,Secondary,2025-04-03,MODERATE
DX_005585,ADM_03497,P_00486,I21.9,"Acute myocardial infarction, unspecified",Primary,2025-04-25,Severe
DX_005586,ADM_03498,P_01856,C34.90,Malignant neoplasm of unspecified part of bronchus or lung,Primary,2024-01-10,Severe
DX_005587,ADM_03498,P_01856,E11.9,Type 2 diabetes mellitus without complications,Secondary,2024-01-10,MODERATE
DX_005588,ADM_03499,P_01138,F32.9,"Major depressive disorder, single episode",Primary,2024-07-31,Moderate
DX_005589,ADM_03499,P_01138,J44.9,"Chronic obstructive pulmonary disease, unspecified",Secondary,2024-07-31,Severe
DX_005590,ADM_03500,P_01138,I10,Essential (primary) hypertension,Primary,2024-08-22,Moderate
DX_005591,ADM_03500,P_01138,F32.9,"Major depressive disorder, single episode",SECONDARY,2024-08-22,Moderate
DX_005592,ADM_03501,P_01881,E11.9,Type 2 diabetes mellitus without complications,Primary,2025-02-11,Moderate
DX_005593,ADM_03502,P_00224,E11.9,Type 2 diabetes mellitus without complications,PRIMARY,2024-04-30,Moderate
DX_005594,ADM_03503,P_00005,I10,Essential (primary) hypertension,Primary,2024-07-19,Moderate
DX_005595,ADM_03503,P_00005,J18.9,"Pneumonia, unspecified organism",Secondary,2024-07-19,Moderate
DX_005596,ADM_03504,P_02845,I50.9,"Heart failure, unspecified",Primary,2024-08-24,Severe
DX_005597,ADM_03504,P_02845,K21.9,Gastro-esophageal reflux disease without esophagitis,Secondary,2024-08-24,Mild
DX_005598,ADM_03505,P_03153,I10,Essential (primary) hypertension,primary,2024-07-04,Moderate
DX_005599,ADM_03505,P_03153,E11.9,Type 2 diabetes mellitus without complications,Secondary,2024-07-04,Moderate
DX_005600,ADM_03506,P_03153,I21.9,"Acute myocardial infarction, unspecified",Primary,2024-07-29,Severe
DX_005601,ADM_03506,P_03153,I50.9,"Heart failure, unspecified",Secondary,2024-07-29,Severe
DX_005602,ADM_03507,P_01965,N18.9,"Chronic kidney disease, unspecified",Primary,2024-02-12,Severe
DX_005603,ADM_03507,P_01965,A41.9,"Sepsis, unspecified organism",Secondary,2024-02-12,Severe
DX_005604,ADM_03508,P_01965,K21.9,Gastro-esophageal reflux disease without esophagitis,Primary,2024-03-09,Mild
DX_005605,ADM_03509,P_03246,I10,Essential (primary) hypertension,Primary,03-05-2024,Moderate
DX_005606,ADM_03510,P_01746,M54.5,Low back pain,Primary,2024-03-01,Mild
DX_005607,ADM_03511,P_01713,K21.9,Gastro-esophageal reflux disease without esophagitis,Primary,2025-03-04,mild
DX_005608,ADM_03511,P_01713,C34.90,Malignant neoplasm of unspecified part of bronchus or lung,Secondary,2025-03-04,Severe
DX_005609,ADM_03512,P_03481,F32.9,"Major depressive disorder, single episode",Primary,2024-04-22,Moderate
DX_005610,ADM_03512,P_03481,J18.9,"Pneumonia, unspecified organism",Secondary,2024-04-22,Moderate
DX_005611,ADM_03513,P_00835,F32.9,"Major depressive disorder, single episode",Primary,2024-03-25,Moderate
DX_005612,ADM_03514,P_00288,J44.9,"Chronic obstructive pulmonary disease, unspecified",Primary,2024-03-17,Severe
DX_005613,ADM_03514,P_00288,I50.9,"Heart failure, unspecified",Secondary,17-03-2024,SEVERE
DX_005614,ADM_03515,P_01548,M54.5,Low back pain,Primary,2024-06-29,Mild
DX_005615,ADM_03515,P_01548,I21.9,"Acute myocardial infarction, unspecified",Secondary,2024-06-29,Severe
DX_005616,ADM_03516,P_03450,J18.9,"Pneumonia, unspecified organism",Primary,2024-08-09,Moderate
DX_005617,ADM_03516,P_03450,K21.9,Gastro-esophageal reflux disease without esophagitis,Secondary,2024-08-09,Mild
DX_005618,ADM_03517,P_00903,C34.90,Malignant neoplasm of unspecified part of bronchus or lung,Primary,2025-03-09,Severe
DX_005619,ADM_03517,P_00903,N18.9,"Chronic kidney disease, unspecified",Secondary,2025-03-09,Severe
DX_005620,ADM_03518,P_00903,N18.9,"Chronic kidney disease, unspecified",Primary,2025-03-19,Severe
DX_005621,ADM_03519,P_01885,I21.9,"Acute myocardial infarction, unspecified",Primary,2024-11-23,Severe
DX_005622,ADM_03519,P_01885,M54.5,Low back pain,Secondary,2024-11-23,Mild
DX_005623,ADM_03520,P_01765,J18.9,"Pneumonia, unspecified organism",Primary,2024-02-23,  Moderate  
DX_005624,ADM_03520,P_01765,A41.9,"Sepsis, unspecified organism",Secondary,2024-02-23,Severe
DX_005625,ADM_03521,P_01816,I50.9,"Heart failure, unspecified",Primary,2024-10-17,severe
DX_005626,ADM_03521,P_01816,K21.9,Gastro-esophageal reflux disease without esophagitis,secondary,2024-10-17,Mild
DX_005627,ADM_03522,P_02251,J44.9,"Chronic obstructive pulmonary disease, unspecified",Primary,2024-05-18,Severe
DX_005628,ADM_03523,P_02251,M54.5,Low back pain,Primary,2024-06-12,Mild
DX_005629,ADM_03523,P_02251,N18.9,"Chronic kidney disease, unspecified",Secondary,2024-06-12,Severe
DX_005630,ADM_03524,P_02095,J44.9,"Chronic obstructive pulmonary disease, unspecified",Primary,2024-01-10,Severe
DX_005631,ADM_03525,P_02118,J44.9,"Chronic obstructive pulmonary disease, unspecified",Primary,2024-12-30,Severe
DX_005632,ADM_03525,P_02118,M54.5,Low back pain,Secondary,2024-12-30,Mild
DX_005633,ADM_03526,P_02083,I10,Essential (primary) hypertension,Primary,2024-03-19,Moderate
DX_005634,ADM_03527,P_02547,J18.9,"Pneumonia, unspecified organism",Primary,2024-09-28,Moderate
DX_005635,ADM_03527,P_02547,I21.9,"Acute myocardial infarction, unspecified",Secondary,2024-09-28,Severe
DX_005636,ADM_03528,P_00725,E11.9,Type 2 diabetes mellitus without complications,Primary,2024-05-09,Moderate
DX_005637,ADM_03529,P_00960,I21.9,"Acute myocardial infarction, unspecified",Primary,2025-03-22,Severe
DX_005638,ADM_03529,P_00960,E11.9,Type 2 diabetes mellitus without complications,Secondary,2025-03-22,Moderate
DX_005639,ADM_03530,P_01804,C34.90,Malignant neoplasm of unspecified part of bronchus or lung,Primary,2025-04-05,Severe
DX_005640,ADM_03530,P_01804,I10,Essential (primary) hypertension,Secondary,2025-04-05,Moderate
DX_005641,ADM_03531,P_01804,C34.90,Malignant neoplasm of unspecified part of bronchus or lung,Primary,2025-04-23,Severe
DX_005642,ADM_03532,P_00474,I50.9,"Heart failure, unspecified",Primary,03/12/2025,Severe
DX_005643,ADM_03533,P_01853,M54.5,Low back pain,Primary,2025-01-07,Mild
DX_005644,ADM_03534,P_01565,M54.5,Low back pain,Primary,2025-01-26,Mild
DX_005645,ADM_03535,P_00073,E11.9,Type 2 diabetes mellitus without complications,Primary,2024-03-22,Moderate
DX_005646,ADM_03535,P_00073,I10,Essential (primary) hypertension,Secondary,2024-03-22,Moderate
DX_005647,ADM_03536,P_03082,N18.9,"Chronic kidney disease, unspecified",Primary,2024-06-06,Severe
DX_005648,ADM_03536,P_03082,I21.9,"Acute myocardial infarction, unspecified",Secondary,2024-06-06,Severe
DX_005649,ADM_03537,P_03260,K21.9,Gastro-esophageal reflux disease without esophagitis,Primary,2024-11-24,Mild
DX_005650,ADM_03538,P_03260,I50.9,"Heart failure, unspecified",Primary,2024-12-19,Severe
DX_005651,ADM_03538,P_03260,N18.9,"Chronic kidney disease, unspecified",Secondary,2024-12-19,Severe
DX_005652,ADM_03539,P_02745,E11.9,Type 2 diabetes mellitus without complications,Primary,2024-12-05,Moderate
DX_005653,ADM_03540,P_01531,J18.9,"Pneumonia, unspecified organism",Primary,2024-07-28,Moderate
DX_005654,ADM_03541,P_00352,I50.9,"Heart failure, unspecified",Primary,2024/03/01 00:00:00,Severe
DX_005655,ADM_03541,P_00352,F32.9,"Major depressive disorder, single episode",Secondary,2024-03-01,Moderate
DX_005656,ADM_03542,P_01494,I50.9,"Heart failure, unspecified",Primary,2024-09-19,Severe
DX_005657,ADM_03543,P_03291,M54.5,Low back pain,Primary,2024-01-14,Mild
DX_005658,ADM_03544,P_01245,A41.9,"Sepsis, unspecified organism",Primary,2025-01-10,Severe
DX_005659,ADM_03544,P_01245,I10,Essential (primary) hypertension,Secondary,2025-01-10,Moderate
DX_005660,ADM_03545,P_03154,C34.90,Malignant neoplasm of unspecified part of bronchus or lung,Primary,2024-12-15,Severe
DX_005661,ADM_03546,P_03154,J18.9,"Pneumonia, unspecified organism",Primary,2024-12-28,Moderate
DX_005662,ADM_03547,P_01045,J18.9,"Pneumonia, unspecified organism",Primary,2024-09-10,Moderate
DX_005663,ADM_03547,P_01045,F32.9,"Major depressive disorder, single episode",Secondary,2024-09-10,Moderate
DX_005664,ADM_03548,P_02881,K21.9,Gastro-esophageal reflux disease without esophagitis,Primary,2024-11-14,mild
DX_005665,ADM_03549,P_02444,N18.9,"Chronic kidney disease, unspecified",Primary,2024-01-11,Severe
DX_005666,ADM_03550,P_02778,A41.9,"Sepsis, unspecified organism",Primary,23-11-2024,Severe
DX_005667,ADM_03551,P_03411,I21.9,"Acute myocardial infarction, unspecified",Primary,2024-06-06,Severe
DX_005668,ADM_03551,P_03411,E11.9,Type 2 diabetes mellitus without complications,Secondary,2024-06-06,Moderate
DX_005669,ADM_03552,P_03411,J18.9,"Pneumonia, unspecified organism",Primary,2024-07-06,Moderate
DX_005670,ADM_03553,P_00394,F32.9,"Major depressive disorder, single episode",Primary,2024-09-01,Moderate
DX_005671,ADM_03553,P_00394,I50.9,"Heart failure, unspecified",Secondary,2024-09-01,Severe
DX_005672,ADM_03554,P_00394,A41.9,"Sepsis, unspecified organism",Primary,2024-09-16,Severe
DX_005673,ADM_03554,P_00394,I50.9,"Heart failure, unspecified",Secondary,09/16/2024,Severe
DX_005674,ADM_03555,P_00009,C34.90,Malignant neoplasm of unspecified part of bronchus or lung,Primary,2025-03-30,Severe
DX_005675,ADM_03555,P_00009,F32.9,"Major depressive disorder, single episode",secondary,2025-03-30,Moderate
DX_005676,ADM_03556,P_00123,J18.9,"Pneumonia, unspecified organism",Primary,2025-01-14,Moderate
DX_005677,ADM_03557,P_00630,E11.9,Type 2 diabetes mellitus without complications,Primary,2024-12-13,Moderate
DX_005678,ADM_03558,P_01985,A41.9,"Sepsis, unspecified organism",Primary,2025-05-14,Severe
DX_005679,ADM_03559,P_01985,C34.90,Malignant neoplasm of unspecified part of bronchus or lung,Primary,2025-05-21,Severe
DX_005680,ADM_03560,P_00945,N18.9,"Chronic kidney disease, unspecified",Primary,2024-04-11,Severe
DX_005681,ADM_03561,P_00945,J44.9,"Chronic obstructive pulmonary disease, unspecified",Primary,2024-05-01,Severe
DX_005682,ADM_03562,P_01833,F32.9,"Major depressive disorder, single episode",Primary,2024-10-28,  Moderate  
DX_005683,ADM_03563,P_00624,I50.9,"Heart failure, unspecified",Primary,2024-11-08,severe
DX_005684,ADM_03563,P_00624,F32.9,"Major depressive disorder, single episode",Secondary,2024-11-08,Moderate
DX_005685,ADM_03564,P_01082,K21.9,Gastro-esophageal reflux disease without esophagitis,Primary,08-11-2024,Mild
DX_005686,ADM_03564,P_01082,I10,Essential (primary) hypertension,Secondary,2024-11-08,  Moderate  
DX_005687,ADM_03565,P_02073,M54.5,Low back pain,Primary,2024-04-02,Mild
DX_005688,ADM_03565,P_02073,J18.9,"Pneumonia, unspecified organism",Secondary,2024-04-02,Moderate
DX_005689,ADM_03566,P_00156,K21.9,Gastro-esophageal reflux disease without esophagitis,PRIMARY,2024-01-06,Mild
DX_005690,ADM_03566,P_00156,J18.9,"Pneumonia, unspecified organism",  Secondary  ,2024-01-06,Moderate
DX_005691,ADM_03567,P_00952,J18.9,"Pneumonia, unspecified organism",Primary,2024-05-14,Moderate
DX_005692,ADM_03567,P_00952,E11.9,Type 2 diabetes mellitus without complications,Secondary,2024-05-14,Moderate
DX_005693,ADM_03568,P_01815,I10,Essential (primary) hypertension,Primary,2024-12-23,  Moderate  
DX_005694,ADM_03568,P_01815,J18.9,"Pneumonia, unspecified organism",Secondary,2024-12-23,Moderate
DX_005695,ADM_03569,P_02365,I21.9,"Acute myocardial infarction, unspecified",Primary,2025-03-11,Severe
DX_005696,ADM_03570,P_02365,E11.9,Type 2 diabetes mellitus without complications,Primary,2025-04-08,Moderate
DX_005697,ADM_03570,P_02365,M54.5,Low back pain,Secondary,2025-04-08,Mild
DX_005698,ADM_03571,P_01477,I21.9,"Acute myocardial infarction, unspecified",Primary,2024-05-15,Severe
DX_005699,ADM_03572,P_00375,E11.9,Type 2 diabetes mellitus without complications,Primary,2024-09-24,Moderate
DX_005700,ADM_03572,P_00375,I21.9,"Acute myocardial infarction, unspecified",SECONDARY,2024-09-24,Severe
DX_005701,ADM_03573,P_02655,F32.9,"Major depressive disorder, single episode",Primary,2024-09-01,Moderate
DX_005702,ADM_03574,P_02754,E11.9,Type 2 diabetes mellitus without complications,primary,2025-03-21,Moderate
DX_005703,ADM_03574,P_02754,I21.9,"Acute myocardial infarction, unspecified",Secondary,2025-03-21,Severe
DX_005704,ADM_03575,P_01485,M54.5,Low back pain,Primary,2025-02-16,Mild
DX_005705,ADM_03576,P_01485,I21.9,"Acute myocardial infarction, unspecified",Primary,2025-03-08,Severe
DX_005706,ADM_03576,P_01485,I10,Essential (primary) hypertension,Secondary,2025-03-08,Moderate
DX_005707,ADM_03577,P_02066,E11.9,Type 2 diabetes mellitus without complications,Primary,2024-11-08,Moderate
DX_005708,ADM_03578,P_00684,K21.9,Gastro-esophageal reflux disease without esophagitis,PRIMARY,2024-03-17,mild
DX_005709,ADM_03578,P_00684,C34.90,Malignant neoplasm of unspecified part of bronchus or lung,Secondary,2024-03-17,Severe
DX_005710,ADM_03579,P_01142,E11.9,Type 2 diabetes mellitus without complications,Primary,08-05-2024,Moderate
DX_005711,ADM_03579,P_01142,M54.5,Low back pain,Secondary,2024-05-08,Mild
DX_005712,ADM_03580,P_02331,J44.9,"Chronic obstructive pulmonary disease, unspecified",Primary,2025-02-12,Severe
DX_005713,ADM_03581,P_01772,N18.9,"Chronic kidney disease, unspecified",Primary,2025-04-27,Severe
DX_005714,ADM_03581,P_01772,M54.5,Low back pain,Secondary,2025-04-27,Mild
DX_005715,ADM_03582,P_00809,I10,Essential (primary) hypertension,Primary,2024-07-10,Moderate
DX_005716,ADM_03582,P_00809,J44.9,"Chronic obstructive pulmonary disease, unspecified",Secondary,2024-07-10,Severe
DX_005717,ADM_03583,P_02830,E11.9,Type 2 diabetes mellitus without complications,Primary,2025-01-29,Moderate
DX_005718,ADM_03583,P_02830,F32.9,"Major depressive disorder, single episode",Secondary,2025-01-29,Moderate
DX_005719,ADM_03584,P_01249,K21.9,Gastro-esophageal reflux disease without esophagitis,Primary,2024-03-28,Mild
DX_005720,ADM_03585,P_02781,J18.9,"Pneumonia, unspecified organism",Primary,2024-03-22,Moderate
DX_005721,ADM_03585,P_02781,K21.9,Gastro-esophageal reflux disease without esophagitis,Secondary,2024-03-22,Mild
DX_005722,ADM_03586,P_01423,J44.9,"Chronic obstructive pulmonary disease, unspecified",Primary,2024-08-13,Severe
DX_005723,ADM_03587,P_01851,F32.9,"Major depressive disorder, single episode",Primary,2025-01-27,Moderate
DX_005724,ADM_03588,P_02621,C34.90,Malignant neoplasm of unspecified part of bronchus or lung,PRIMARY,2025-03-20,Severe
DX_005725,ADM_03589,P_02621,E11.9,Type 2 diabetes mellitus without complications,Primary,2025-04-14,  Moderate  
DX_005726,ADM_03590,P_01505,N18.9,"Chronic kidney disease, unspecified",Primary,2024-10-02,SEVERE
DX_005727,ADM_03591,P_00589,E11.9,Type 2 diabetes mellitus without complications,Primary,2025-04-24,Moderate
DX_005728,ADM_03591,P_00589,I10,Essential (primary) hypertension,Secondary,2025-04-24,MODERATE
DX_005729,ADM_03592,P_01885,C34.90,Malignant neoplasm of unspecified part of bronchus or lung,Primary,2025-03-10,Severe
DX_005730,ADM_03592,P_01885,I50.9,"Heart failure, unspecified",Secondary,2025-03-10,Severe
DX_005731,ADM_03593,P_03483,J44.9,"Chronic obstructive pulmonary disease, unspecified",Primary,2024-11-21,Severe
DX_005732,ADM_03593,P_03483,E11.9,Type 2 diabetes mellitus without complications,Secondary,2024-11-21,Moderate
DX_005733,ADM_03594,P_03483,I10,Essential (primary) hypertension,Primary,2024-12-08,Moderate
DX_005734,ADM_03595,P_00391,C34.90,Malignant neoplasm of unspecified part of bronchus or lung,Primary,2025-04-24,Severe
DX_005735,ADM_03595,P_00391,I50.9,"Heart failure, unspecified",Secondary,2025-04-24,severe
DX_005736,ADM_03596,P_03102,J44.9,"Chronic obstructive pulmonary disease, unspecified",Primary,2025-03-11,SEVERE
DX_005737,ADM_03596,P_03102,F32.9,"Major depressive disorder, single episode",SECONDARY,2025-03-11,moderate
DX_005738,ADM_03597,P_01727,J18.9,"Pneumonia, unspecified organism",Primary,2025-01-11,Moderate
DX_005739,ADM_03598,P_02408,J44.9,"Chronic obstructive pulmonary disease, unspecified",Primary,2024-08-29,Severe
DX_005740,ADM_03598,P_02408,I50.9,"Heart failure, unspecified",Secondary,2024-08-29,Severe
DX_005741,ADM_03599,P_03479,I50.9,"Heart failure, unspecified",Primary,2024-05-07,Severe
DX_005742,ADM_03600,P_03479,I50.9,"Heart failure, unspecified",Primary,2024-05-14,Severe
DX_005743,ADM_03601,P_00721,F32.9,"Major depressive disorder, single episode",Primary,2024-12-01,Moderate
DX_005744,ADM_03602,P_02506,A41.9,"Sepsis, unspecified organism",Primary,2025-02-14,Severe
DX_005745,ADM_03602,P_02506,K21.9,Gastro-esophageal reflux disease without esophagitis,Secondary,2025-02-14,Mild
DX_005746,ADM_03603,P_01490,C34.90,Malignant neoplasm of unspecified part of bronchus or lung,Primary,2025-01-23,Severe
DX_005747,ADM_03603,P_01490,I50.9,"Heart failure, unspecified",Secondary,2025-01-23,SEVERE
DX_005748,ADM_03604,P_01106,E11.9,Type 2 diabetes mellitus without complications,Primary,2024-06-19,Moderate
DX_005749,ADM_03604,P_01106,J44.9,"Chronic obstructive pulmonary disease, unspecified",Secondary,2024-06-19,Severe
DX_005750,ADM_03605,P_01571,C34.90,Malignant neoplasm of unspecified part of bronchus or lung,Primary,2025-04-25,Severe
DX_005751,ADM_03605,P_01571,A41.9,"Sepsis, unspecified organism",Secondary,2025-04-25,Severe
DX_005752,ADM_03606,P_00842,N18.9,"Chronic kidney disease, unspecified",  Primary  ,30-01-2025,Severe
DX_005753,ADM_03607,P_00539,K21.9,Gastro-esophageal reflux disease without esophagitis,Primary,2024-10-16,Mild
DX_005754,ADM_03607,P_00539,E11.9,Type 2 diabetes mellitus without complications,Secondary,2024-10-16,Moderate
DX_005755,ADM_03608,P_02121,E11.9,Type 2 diabetes mellitus without complications,Primary,2024-08-17,Moderate
DX_005756,ADM_03608,P_02121,M54.5,Low back pain,Secondary,2024-08-17,Mild
DX_005757,ADM_03609,P_01541,C34.90,Malignant neoplasm of unspecified part of bronchus or lung,Primary,2025-04-13,SEVERE
DX_005758,ADM_03609,P_01541,I10,Essential (primary) hypertension,secondary,2025-04-13,Moderate
DX_005759,ADM_03610,P_02479,A41.9,"Sepsis, unspecified organism",Primary,2024-05-14,Severe
DX_005760,ADM_03610,P_02479,F32.9,"Major depressive disorder, single episode",Secondary,2024-05-14,Moderate
DX_005761,ADM_03611,P_02168,M54.5,Low back pain,Primary,2024-09-22,Mild
DX_005762,ADM_03611,P_02168,I50.9,"Heart failure, unspecified",Secondary,2024-09-22,severe
DX_005763,ADM_03612,P_02168,J18.9,"Pneumonia, unspecified organism",Primary,2024-10-14,Moderate
DX_005764,ADM_03612,P_02168,K21.9,Gastro-esophageal reflux disease without esophagitis,Secondary,2024-10-14,Mild
DX_005765,ADM_03613,P_02993,N18.9,"Chronic kidney disease, unspecified",Primary,2024-01-08,Severe
DX_005766,ADM_03614,P_01529,J18.9,"Pneumonia, unspecified organism",Primary,2025-02-11,Moderate
DX_005767,ADM_03615,P_01529,E11.9,Type 2 diabetes mellitus without complications,Primary,2025-02-26,Moderate
DX_005768,ADM_03615,P_01529,N18.9,"Chronic kidney disease, unspecified",Secondary,2025-02-26,Severe
DX_005769,ADM_03616,P_00052,E11.9,Type 2 diabetes mellitus without complications,Primary,2024-07-11,Moderate
DX_005770,ADM_03616,P_00052,J18.9,"Pneumonia, unspecified organism",Secondary,07/11/2024,moderate
DX_005771,ADM_03617,P_03095,M54.5,Low back pain,Primary,2025-04-12,Mild
DX_005772,ADM_03617,P_03095,A41.9,"Sepsis, unspecified organism",Secondary,2025-04-12,Severe
DX_005773,ADM_03618,P_03095,I21.9,"Acute myocardial infarction, unspecified",Primary,2025-05-10,Severe
DX_005774,ADM_03618,P_03095,N18.9,"Chronic kidney disease, unspecified",Secondary,2025-05-10,Severe
DX_005775,ADM_03619,P_00301,E11.9,Type 2 diabetes mellitus without complications,Primary,2024-04-19,Moderate
DX_005776,ADM_03619,P_00301,C34.90,Malignant neoplasm of unspecified part of bronchus or lung,Secondary,2024-04-19,Severe
DX_005777,ADM_03620,P_02517,I10,Essential (primary) hypertension,Primary,2024-12-11,Moderate
DX_005778,ADM_03621,P_02247,N18.9,"Chronic kidney disease, unspecified",Primary,2025-01-23,Severe
DX_005779,ADM_03622,P_00128,M54.5,Low back pain,Primary,2024-02-05,  Mild  
DX_005780,ADM_03623,P_00408,K21.9,Gastro-esophageal reflux disease without esophagitis,PRIMARY,2024-11-01,Mild
DX_005781,ADM_03623,P_00408,F32.9,"Major depressive disorder, single episode",Secondary,2024-11-01,Moderate
DX_005782,ADM_03624,P_02884,E11.9,Type 2 diabetes mellitus without complications,Primary,2024-01-14,Moderate
DX_005783,ADM_03625,P_00121,A41.9,"Sepsis, unspecified organism",Primary,2024-11-28,Severe
DX_005784,ADM_03625,P_00121,J44.9,"Chronic obstructive pulmonary disease, unspecified",Secondary,2024-11-28,Severe
DX_005785,ADM_03626,P_01173,A41.9,"Sepsis, unspecified organism",Primary,2025-02-04,Severe
DX_005786,ADM_03626,P_01173,I50.9,"Heart failure, unspecified",Secondary,2025-02-04,Severe
DX_005787,ADM_03627,P_01999,K21.9,Gastro-esophageal reflux disease without esophagitis,Primary,2025-02-03,Mild
DX_005788,ADM_03627,P_01999,E11.9,Type 2 diabetes mellitus without complications,Secondary,2025-02-03,Moderate
DX_005789,ADM_03628,P_03237,I50.9,"Heart failure, unspecified",Primary,2024-09-10,Severe
DX_005790,ADM_03628,P_03237,K21.9,Gastro-esophageal reflux disease without esophagitis,Secondary,2024-09-10,Mild
DX_005791,ADM_03629,P_00917,I50.9,"Heart failure, unspecified",Primary,2025/01/01 00:00:00,Severe
DX_005792,ADM_03630,P_00225,N18.9,"Chronic kidney disease, unspecified",Primary,04/29/2024,severe
DX_005793,ADM_03630,P_00225,I10,Essential (primary) hypertension,Secondary,2024-04-29,Moderate
DX_005794,ADM_03631,P_00225,M54.5,Low back pain,Primary,2024-05-30,Mild
DX_005795,ADM_03632,P_02335,I10,Essential (primary) hypertension,Primary,2024-06-17,Moderate
DX_005796,ADM_03633,P_00724,M54.5,Low back pain,Primary,2024-10-11,Mild
DX_005797,ADM_03634,P_00724,N18.9,"Chronic kidney disease, unspecified",Primary,2024-11-03,Severe
DX_005798,ADM_03635,P_03060,J18.9,"Pneumonia, unspecified organism",Primary,2024-05-22,Moderate
DX_005799,ADM_03636,P_02837,F32.9,"Major depressive disorder, single episode",Primary,2024-02-23,Moderate
DX_005800,ADM_03636,P_02837,I21.9,"Acute myocardial infarction, unspecified",Secondary,2024-02-23,Severe
DX_005801,ADM_03637,P_02536,N18.9,"Chronic kidney disease, unspecified",Primary,2024-06-07,Severe
DX_005802,ADM_03637,P_02536,J44.9,"Chronic obstructive pulmonary disease, unspecified",Secondary,2024-06-07,Severe
DX_005803,ADM_03638,P_02811,J44.9,"Chronic obstructive pulmonary disease, unspecified",Primary,2024-02-24,Severe
DX_005804,ADM_03638,P_02811,F32.9,"Major depressive disorder, single episode",Secondary,2024-02-24,Moderate
DX_005805,ADM_03639,P_02811,K21.9,Gastro-esophageal reflux disease without esophagitis,Primary,2024-03-28,Mild
DX_005806,ADM_03640,P_01264,J44.9,"Chronic obstructive pulmonary disease, unspecified",Primary,2024-12-26,severe
DX_005807,ADM_03640,P_01264,I10,Essential (primary) hypertension,Secondary,26-12-2024,Moderate
DX_005808,ADM_03641,P_01290,K21.9,Gastro-esophageal reflux disease without esophagitis,  Primary  ,2024-10-05,Mild
DX_005809,ADM_03642,P_01301,M54.5,Low back pain,Primary,2025-02-19,Mild
DX_005810,ADM_03642,P_01301,J44.9,"Chronic obstructive pulmonary disease, unspecified",Secondary,2025-02-19,Severe
DX_005811,ADM_03643,P_01072,M54.5,Low back pain,Primary,2024-07-14,Mild
DX_005812,ADM_03643,P_01072,N18.9,"Chronic kidney disease, unspecified",SECONDARY,2024-07-14,Severe
DX_005813,ADM_03644,P_01624,N18.9,"Chronic kidney disease, unspecified",Primary,2024-10-10,Severe
DX_005814,ADM_03645,P_01410,J18.9,"Pneumonia, unspecified organism",Primary,2024-02-19,Moderate
DX_005815,ADM_03646,P_03382,E11.9,Type 2 diabetes mellitus without complications,Primary,2024-08-23,Moderate
DX_005816,ADM_03647,P_03382,I21.9,"Acute myocardial infarction, unspecified",Primary,2024-09-04,Severe
DX_005817,ADM_03647,P_03382,M54.5,Low back pain,  Secondary  ,2024-09-04,Mild
DX_005818,ADM_03648,P_02611,M54.5,Low back pain,Primary,2024-03-20,  Mild  
DX_005819,ADM_03648,P_02611,J44.9,"Chronic obstructive pulmonary disease, unspecified",SECONDARY,2024-03-20,Severe
DX_005820,ADM_03649,P_00882,E11.9,Type 2 diabetes mellitus without complications,Primary,2025-05-03,Moderate
DX_005821,ADM_03650,P_02294,I10,Essential (primary) hypertension,Primary,2025-03-02,Moderate
DX_005822,ADM_03651,P_03095,F32.9,"Major depressive disorder, single episode",primary,2024-07-17,Moderate
DX_005823,ADM_03651,P_03095,K21.9,Gastro-esophageal reflux disease without esophagitis,Secondary,2024-07-17,Mild
DX_005824,ADM_03652,P_03095,I50.9,"Heart failure, unspecified",Primary,2024-08-03,Severe
DX_005825,ADM_03653,P_01907,N18.9,"Chronic kidney disease, unspecified",Primary,2024-03-14,Severe
DX_005826,ADM_03653,P_01907,F32.9,"Major depressive disorder, single episode",Secondary,2024-03-14,Moderate
DX_005827,ADM_03654,P_03044,E11.9,Type 2 diabetes mellitus without complications,Primary,2024-07-05,Moderate
DX_005828,ADM_03654,P_03044,C34.90,Malignant neoplasm of unspecified part of bronchus or lung,Secondary,2024-07-05,Severe
DX_005829,ADM_03655,P_02259,F32.9,"Major depressive disorder, single episode",Primary,2024-08-10,Moderate
DX_005830,ADM_03655,P_02259,J18.9,"Pneumonia, unspecified organism",Secondary,2024-08-10,Moderate
DX_005831,ADM_03656,P_02807,M54.5,Low back pain,Primary,2024-04-27,Mild
DX_005832,ADM_03657,P_00459,J18.9,"Pneumonia, unspecified organism",Primary,2024-12-29,Moderate
DX_005833,ADM_03658,P_00280,J44.9,"Chronic obstructive pulmonary disease, unspecified",Primary,2024-06-08,Severe
DX_005834,ADM_03659,P_00490,M54.5,Low back pain,Primary,2024-05-05,Mild
DX_005835,ADM_03660,P_00306,J18.9,"Pneumonia, unspecified organism",Primary,2024-02-21,MODERATE
DX_005836,ADM_03660,P_00306,N18.9,"Chronic kidney disease, unspecified",Secondary,02/21/2024,Severe
DX_005837,ADM_03661,P_02424,I21.9,"Acute myocardial infarction, unspecified",Primary,14-08-2024,Severe
DX_005838,ADM_03662,P_02424,J44.9,"Chronic obstructive pulmonary disease, unspecified",Primary,2024-09-15,Severe
DX_005839,ADM_03663,P_00614,F32.9,"Major depressive disorder, single episode",UNKNOWN_VAL,2025-05-14,Moderate
DX_005840,ADM_03663,P_00614,A41.9,"Sepsis, unspecified organism",Secondary,2025-05-14,Severe
DX_005841,ADM_03664,P_03451,F32.9,"Major depressive disorder, single episode",primary,2024-06-22,Moderate
DX_005842,ADM_03665,P_03451,A41.9,"Sepsis, unspecified organism",Primary,07-07-2024,Severe
DX_005843,ADM_03666,P_00205,I50.9,"Heart failure, unspecified",Primary,2025-02-11,Severe
DX_005844,ADM_03666,P_00205,K21.9,Gastro-esophageal reflux disease without esophagitis,Secondary,2025-02-11,Mild
DX_005845,ADM_03667,P_01483,I50.9,"Heart failure, unspecified",Primary,2024-05-22,Severe
DX_005846,ADM_03667,P_01483,J44.9,"Chronic obstructive pulmonary disease, unspecified",Secondary,2024-05-22,Severe
DX_005847,ADM_03668,P_01483,J44.9,"Chronic obstructive pulmonary disease, unspecified",Primary,2024-06-15,Severe
DX_005848,ADM_03668,P_01483,F32.9,"Major depressive disorder, single episode",Secondary,2024-06-15,Moderate
DX_005849,ADM_03669,P_02878,N18.9,"Chronic kidney disease, unspecified",Primary,2024-01-15,SEVERE
DX_005850,ADM_03670,P_00581,A41.9,"Sepsis, unspecified organism",Primary,06-09-2024,Severe
DX_005851,ADM_03670,P_00581,I50.9,"Heart failure, unspecified",Secondary,06-09-2024,Severe
DX_005852,ADM_03671,P_01764,I50.9,"Heart failure, unspecified",Primary,2024-05-03,Severe
DX_005853,ADM_03671,P_01764,F32.9,"Major depressive disorder, single episode",Secondary,2024-05-03,Moderate
DX_005854,ADM_03672,P_00023,E11.9,Type 2 diabetes mellitus without complications,Primary,2024-04-25,Moderate
DX_005855,ADM_03672,P_00023,F32.9,"Major depressive disorder, single episode",Secondary,2024-04-25,  Moderate  
DX_005856,ADM_03673,P_01517,I10,Essential (primary) hypertension,Primary,2024-09-18,Moderate
DX_005857,ADM_03673,P_01517,F32.9,"Major depressive disorder, single episode",UNKNOWN_VAL,18-09-2024,Moderate
DX_005858,ADM_03674,P_01190,A41.9,"Sepsis, unspecified organism",Primary,2025-03-16,Severe
DX_005859,ADM_03675,P_01190,C34.90,Malignant neoplasm of unspecified part of bronchus or lung,Primary,2025-03-25,Severe
DX_005860,ADM_03675,P_01190,J44.9,"Chronic obstructive pulmonary disease, unspecified",Secondary,2025-03-25,Severe
DX_005861,ADM_03676,P_02645,J44.9,"Chronic obstructive pulmonary disease, unspecified",Primary,2024-01-11,Severe
DX_005862,ADM_03677,P_02645,A41.9,"Sepsis, unspecified organism",Primary,2024-01-27,Severe
DX_005863,ADM_03678,P_02458,A41.9,"Sepsis, unspecified organism",primary,2024-10-07,Severe
DX_005864,ADM_03678,P_02458,I10,Essential (primary) hypertension,Secondary,2024-10-07,Moderate
DX_005865,ADM_03679,P_02458,I10,Essential (primary) hypertension,Primary,2024-11-02,Moderate
DX_005866,ADM_03680,P_03489,I10,Essential (primary) hypertension,Primary,2025-01-27,Moderate
DX_005867,ADM_03681,P_03489,I50.9,"Heart failure, unspecified",Primary,2025-02-25,Severe
DX_005868,ADM_03682,P_00662,N18.9,"Chronic kidney disease, unspecified",Primary,21-02-2025,Severe
DX_005869,ADM_03682,P_00662,I10,Essential (primary) hypertension,Secondary,2025-02-21,Moderate
DX_005870,ADM_03683,P_03287,I50.9,"Heart failure, unspecified",Primary,2024-05-23,Severe
DX_005871,ADM_03683,P_03287,I21.9,"Acute myocardial infarction, unspecified",Secondary,2024-05-23,Severe
DX_005872,ADM_03684,P_03287,M54.5,Low back pain,Primary,2024-06-06,Mild
DX_005873,ADM_03685,P_02611,F32.9,"Major depressive disorder, single episode",Primary,2024-11-17,Moderate
DX_005874,ADM_03685,P_02611,I50.9,"Heart failure, unspecified",Secondary,2024-11-17,Severe
DX_005875,ADM_03686,P_02475,J18.9,"Pneumonia, unspecified organism",Primary,2024-06-26,Moderate
DX_005876,ADM_03687,P_02607,I10,Essential (primary) hypertension,Primary,2025-03-01,Moderate
DX_005877,ADM_03687,P_02607,K21.9,Gastro-esophageal reflux disease without esophagitis,Secondary,2025-03-01,Mild
DX_005878,ADM_03688,P_02607,A41.9,"Sepsis, unspecified organism",Primary,2025-03-12,Severe
DX_005879,ADM_03689,P_00015,I50.9,"Heart failure, unspecified",Primary,2025/03/08 00:00:00,Severe
DX_005880,ADM_03689,P_00015,M54.5,Low back pain,Secondary,2025-03-08,Mild
DX_005881,ADM_03690,P_00015,K21.9,Gastro-esophageal reflux disease without esophagitis,Primary,2025-03-16,Mild
DX_005882,ADM_03690,P_00015,N18.9,"Chronic kidney disease, unspecified",Secondary,2025-03-16,Severe
DX_005883,ADM_03691,P_00932,A41.9,"Sepsis, unspecified organism",Primary,2025-02-04,Severe
DX_005884,ADM_03692,P_01543,K21.9,Gastro-esophageal reflux disease without esophagitis,Primary,2024-02-15,Mild
DX_005885,ADM_03693,P_02912,F32.9,"Major depressive disorder, single episode",Primary,2024/02/28 00:00:00,Moderate
DX_005886,ADM_03693,P_02912,A41.9,"Sepsis, unspecified organism",Secondary,2024-02-28,Severe
DX_005887,ADM_03694,P_01381,N18.9,"Chronic kidney disease, unspecified",Primary,2024-02-02,Severe
DX_005888,ADM_03695,P_01455,I21.9,"Acute myocardial infarction, unspecified",Primary,2025-05-05,Severe
DX_005889,ADM_03695,P_01455,F32.9,"Major depressive disorder, single episode",Secondary,2025-05-05,Moderate
DX_005890,ADM_03696,P_02573,C34.90,Malignant neoplasm of unspecified part of bronchus or lung,Primary,2025-04-04,Severe
DX_005891,ADM_03697,P_01434,C34.90,Malignant neoplasm of unspecified part of bronchus or lung,Primary,28-08-2024,Severe
DX_005892,ADM_03697,P_01434,I50.9,"Heart failure, unspecified",Secondary,2024-08-28,Severe
DX_005893,ADM_03698,P_01042,C34.90,Malignant neoplasm of unspecified part of bronchus or lung,Primary,2025-02-19,Severe
DX_005894,ADM_03699,P_00833,N18.9,"Chronic kidney disease, unspecified",Primary,2024-11-18,Severe
DX_005895,ADM_03699,P_00833,K21.9,Gastro-esophageal reflux disease without esophagitis,Secondary,2024-11-18,Mild
DX_005896,ADM_03700,P_00102,C34.90,Malignant neoplasm of unspecified part of bronchus or lung,Primary,2024-09-23,Severe
DX_005897,ADM_03700,P_00102,J44.9,"Chronic obstructive pulmonary disease, unspecified",Secondary,2024-09-23,Severe
DX_005898,ADM_03701,P_02642,I21.9,"Acute myocardial infarction, unspecified",PRIMARY,2024-02-29,Severe
DX_005899,ADM_03701,P_02642,M54.5,Low back pain,Secondary,2024-02-29,Mild
DX_005900,ADM_03702,P_01811,I50.9,"Heart failure, unspecified",Primary,2024-03-18,Severe
DX_005901,ADM_03702,P_01811,K21.9,Gastro-esophageal reflux disease without esophagitis,Secondary,2024-03-18,Mild
DX_005902,ADM_03703,P_01211,I21.9,"Acute myocardial infarction, unspecified",Primary,2024-09-08,Severe
DX_005903,ADM_03703,P_01211,J44.9,"Chronic obstructive pulmonary disease, unspecified",Secondary,2024-09-08,Severe
DX_005904,ADM_03704,P_00711,F32.9,"Major depressive disorder, single episode",Primary,2024-03-27,Moderate
DX_005905,ADM_03704,P_00711,I21.9,"Acute myocardial infarction, unspecified",Secondary,2024-03-27,Severe
DX_005906,ADM_03705,P_00329,A41.9,"Sepsis, unspecified organism",Primary,2024-05-10,Severe
DX_005907,ADM_03705,P_00329,C34.90,Malignant neoplasm of unspecified part of bronchus or lung,Secondary,2024-05-10,Severe
DX_005908,ADM_03706,P_00765,K21.9,Gastro-esophageal reflux disease without esophagitis,Primary,2024-01-15,Mild
DX_005909,ADM_03706,P_00765,M54.5,Low back pain,Secondary,2024-01-15,Mild
DX_005910,ADM_03707,P_00284,K21.9,Gastro-esophageal reflux disease without esophagitis,Primary,2024-07-08,Mild
DX_005911,ADM_03707,P_00284,N18.9,"Chronic kidney disease, unspecified",secondary,2024-07-08,Severe
DX_005912,ADM_03708,P_01014,J44.9,"Chronic obstructive pulmonary disease, unspecified",Primary,2024-11-10,Severe
DX_005913,ADM_03709,P_02272,I10,Essential (primary) hypertension,Primary,2024-10-10,Moderate
DX_005914,ADM_03710,P_02272,E11.9,Type 2 diabetes mellitus without complications,Primary,2024-11-12,Moderate
DX_005915,ADM_03710,P_02272,J44.9,"Chronic obstructive pulmonary disease, unspecified",Secondary,2024-11-12,Severe
DX_005916,ADM_03711,P_01664,K21.9,Gastro-esophageal reflux disease without esophagitis,Primary,2024-11-18,Mild
DX_005917,ADM_03711,P_01664,N18.9,"Chronic kidney disease, unspecified",Secondary,2024-11-18,Severe
DX_005918,ADM_03712,P_03127,I21.9,"Acute myocardial infarction, unspecified",Primary,2024-03-24,Severe
DX_005919,ADM_03713,P_01450,M54.5,Low back pain,Primary,2025-05-02,Mild
DX_005920,ADM_03713,P_01450,J18.9,"Pneumonia, unspecified organism",Secondary,2025-05-02,Moderate
DX_005921,ADM_03714,P_03444,A41.9,"Sepsis, unspecified organism",Primary,25-05-2024,Severe
DX_005922,ADM_03715,P_01965,A41.9,"Sepsis, unspecified organism",Primary,2024-05-12,Severe
DX_005923,ADM_03715,P_01965,E11.9,Type 2 diabetes mellitus without complications,Secondary,2024-05-12,Moderate
DX_005924,ADM_03716,P_01965,A41.9,"Sepsis, unspecified organism",Primary,2024-05-17,Severe
DX_005925,ADM_03717,P_01072,N18.9,"Chronic kidney disease, unspecified",Primary,2024-01-30,Severe
DX_005926,ADM_03718,P_01253,K21.9,Gastro-esophageal reflux disease without esophagitis,Primary,2025-02-10,Mild
DX_005927,ADM_03718,P_01253,N18.9,"Chronic kidney disease, unspecified",Secondary,2025-02-10,Severe
DX_005928,ADM_03719,P_02314,M54.5,Low back pain,Primary,2024-07-01,  Mild  
DX_005929,ADM_03719,P_02314,E11.9,Type 2 diabetes mellitus without complications,Secondary,01-07-2024,MODERATE
DX_005930,ADM_03720,P_02372,J44.9,"Chronic obstructive pulmonary disease, unspecified",Primary,2024-09-20,Severe
DX_005931,ADM_03721,P_01411,K21.9,Gastro-esophageal reflux disease without esophagitis,PRIMARY,2025-01-26,Mild
DX_005932,ADM_03721,P_01411,C34.90,Malignant neoplasm of unspecified part of bronchus or lung,Secondary,2025-01-26,Severe
DX_005933,ADM_03722,P_02770,A41.9,"Sepsis, unspecified organism",Primary,2024-06-14,Severe
DX_005934,ADM_03723,P_00761,I21.9,"Acute myocardial infarction, unspecified",Primary,2025-01-24,Severe
DX_005935,ADM_03724,P_02199,M54.5,Low back pain,Primary,2025-03-16,Mild
DX_005936,ADM_03724,P_02199,I50.9,"Heart failure, unspecified",Secondary,2025-03-16,Severe
DX_005937,ADM_03725,P_00145,J18.9,"Pneumonia, unspecified organism",Primary,2024-04-05,Moderate
DX_005938,ADM_03725,P_00145,I21.9,"Acute myocardial infarction, unspecified",Secondary,2024-04-05,  Severe  
DX_005939,ADM_03726,P_03160,I50.9,"Heart failure, unspecified",Primary,2025-03-11,Severe
DX_005940,ADM_03726,P_03160,K21.9,Gastro-esophageal reflux disease without esophagitis,Secondary,2025-03-11,Mild
DX_005941,ADM_03727,P_03160,K21.9,Gastro-esophageal reflux disease without esophagitis,Primary,2025-03-28,Mild
DX_005942,ADM_03727,P_03160,A41.9,"Sepsis, unspecified organism",Secondary,2025-03-28,Severe
DX_005943,ADM_03728,P_00062,I50.9,"Heart failure, unspecified",Primary,2024-04-25,Severe
DX_005944,ADM_03728,P_00062,C34.90,Malignant neoplasm of unspecified part of bronchus or lung,Secondary,2024-04-25,Severe
DX_005945,ADM_03729,P_02160,I21.9,"Acute myocardial infarction, unspecified",Primary,2024-01-10,Severe
DX_005946,ADM_03729,P_02160,J18.9,"Pneumonia, unspecified organism",Secondary,2024-01-10,Moderate
DX_005947,ADM_03730,P_02160,E11.9,Type 2 diabetes mellitus without complications,Primary,2024-01-30,Moderate
DX_005948,ADM_03730,P_02160,I21.9,"Acute myocardial infarction, unspecified",Secondary,2024-01-30,Severe
DX_005949,ADM_03731,P_00583,J44.9,"Chronic obstructive pulmonary disease, unspecified",Primary,2024-10-24,Severe
DX_005950,ADM_03731,P_00583,N18.9,"Chronic kidney disease, unspecified",Secondary,2024-10-24,Severe
DX_005951,ADM_03732,P_01346,I10,Essential (primary) hypertension,primary,2025-03-08,Moderate
DX_005952,ADM_03732,P_01346,J18.9,"Pneumonia, unspecified organism",Secondary,2025-03-08,Moderate
DX_005953,ADM_03733,P_00144,M54.5,Low back pain,Primary,30-06-2024,Mild
DX_005954,ADM_03733,P_00144,J18.9,"Pneumonia, unspecified organism",Secondary,2024-06-30,Moderate
DX_005955,ADM_03734,P_03111,I21.9,"Acute myocardial infarction, unspecified",Primary,2024-06-27,Severe
DX_005956,ADM_03734,P_03111,K21.9,Gastro-esophageal reflux disease without esophagitis,Secondary,2024-06-27,Mild
DX_005957,ADM_03735,P_03111,C34.90,Malignant neoplasm of unspecified part of bronchus or lung,Primary,2024-07-07,Severe
DX_005958,ADM_03736,P_01268,A41.9,"Sepsis, unspecified organism",Primary,2024-09-18,SEVERE
DX_005959,ADM_03737,P_02263,E11.9,Type 2 diabetes mellitus without complications,Primary,2024-05-05,Moderate
DX_005960,ADM_03737,P_02263,A41.9,"Sepsis, unspecified organism",Secondary,2024-05-05,Severe
DX_005961,ADM_03738,P_01301,F32.9,"Major depressive disorder, single episode",Primary,2024-07-30,Moderate
DX_005962,ADM_03739,P_01892,I50.9,"Heart failure, unspecified",Primary,2024-03-24,Severe
DX_005963,ADM_03740,P_00929,N18.9,"Chronic kidney disease, unspecified",Primary,2025-01-01,Severe
DX_005964,ADM_03740,P_00929,J18.9,"Pneumonia, unspecified organism",Secondary,2025-01-01,Moderate
DX_005965,ADM_03741,P_00936,K21.9,Gastro-esophageal reflux disease without esophagitis,  Primary  ,2025-01-22,Mild
DX_005966,ADM_03741,P_00936,A41.9,"Sepsis, unspecified organism",Secondary,2025-01-22,severe
DX_005967,ADM_03742,P_02523,K21.9,Gastro-esophageal reflux disease without esophagitis,Primary,2024-10-19,Mild
DX_005968,ADM_03742,P_02523,I50.9,"Heart failure, unspecified",Secondary,2024-10-19,Severe
DX_005969,ADM_03743,P_02523,F32.9,"Major depressive disorder, single episode",Primary,2024-11-10,  Moderate  
DX_005970,ADM_03743,P_02523,J18.9,"Pneumonia, unspecified organism",Secondary,2024-11-10,Moderate
DX_005971,ADM_03744,P_03301,A41.9,"Sepsis, unspecified organism",Primary,2025-04-18,Severe
DX_005972,ADM_03744,P_03301,I21.9,"Acute myocardial infarction, unspecified",Secondary,2025-04-18,Severe
DX_005973,ADM_03745,P_01263,E11.9,Type 2 diabetes mellitus without complications,Primary,2024-01-11,Moderate
DX_005974,ADM_03746,P_00616,A41.9,"Sepsis, unspecified organism",Primary,2025-02-03,Severe
DX_005975,ADM_03746,P_00616,M54.5,Low back pain,Secondary,2025-02-03,mild
DX_005976,ADM_03747,P_00616,I50.9,"Heart failure, unspecified",Primary,2025-03-06,Severe
DX_005977,ADM_03748,P_03067,A41.9,"Sepsis, unspecified organism",Primary,2024-01-18,Severe
DX_005978,ADM_03749,P_03067,J44.9,"Chronic obstructive pulmonary disease, unspecified",Primary,2024-01-30,Severe
DX_005979,ADM_03750,P_03246,F32.9,"Major depressive disorder, single episode",Primary,2024-03-22,Moderate
DX_005980,ADM_03751,P_01753,E11.9,Type 2 diabetes mellitus without complications,Primary,2024-08-14,Moderate
DX_005981,ADM_03752,P_01753,E11.9,Type 2 diabetes mellitus without complications,PRIMARY,2024-08-26,Moderate
DX_005982,ADM_03753,P_00893,C34.90,Malignant neoplasm of unspecified part of bronchus or lung,Primary,2024-09-26,Severe
DX_005983,ADM_03754,P_00772,K21.9,Gastro-esophageal reflux disease without esophagitis,Primary,2025-03-16,Mild
DX_005984,ADM_03754,P_00772,N18.9,"Chronic kidney disease, unspecified",Secondary,2025-03-16,Severe
DX_005985,ADM_03755,P_01792,N18.9,"Chronic kidney disease, unspecified",Primary,2024-03-14,Severe
DX_005986,ADM_03756,P_01176,M54.5,Low back pain,Primary,2024-07-14,Mild
DX_005987,ADM_03756,P_01176,K21.9,Gastro-esophageal reflux disease without esophagitis,Secondary,2024-07-14,Mild
DX_005988,ADM_03757,P_00840,F32.9,"Major depressive disorder, single episode",Primary,24-08-2024,Moderate
DX_005989,ADM_03758,P_00938,I50.9,"Heart failure, unspecified",Primary,06/08/2024,Severe
DX_005990,ADM_03758,P_00938,F32.9,"Major depressive disorder, single episode",Secondary,2024-06-08,Moderate
DX_005991,ADM_03759,P_01430,E11.9,Type 2 diabetes mellitus without complications,Primary,2025-03-21,Moderate
DX_005992,ADM_03759,P_01430,J44.9,"Chronic obstructive pulmonary disease, unspecified",Secondary,2025-03-21,Severe
DX_005993,ADM_03760,P_00264,K21.9,Gastro-esophageal reflux disease without esophagitis,  Primary  ,2025-02-02,Mild
DX_005994,ADM_03761,P_00722,N18.9,"Chronic kidney disease, unspecified",Primary,2024-07-25,Severe
DX_005995,ADM_03762,P_00057,A41.9,"Sepsis, unspecified organism",Primary,2025-03-20,Severe
DX_005996,ADM_03762,P_00057,J44.9,"Chronic obstructive pulmonary disease, unspecified",Secondary,2025-03-20,severe
DX_005997,ADM_03763,P_00916,K21.9,Gastro-esophageal reflux disease without esophagitis,Primary,2024-04-09,MILD
DX_005998,ADM_03764,P_00916,M54.5,Low back pain,Primary,2024-05-04,Mild
DX_005999,ADM_03765,P_00427,A41.9,"Sepsis, unspecified organism",Primary,2024-07-10,Severe
DX_006000,ADM_03765,P_00427,M54.5,Low back pain,Secondary,2024-07-10,Mild
DX_006001,ADM_03766,P_00194,A41.9,"Sepsis, unspecified organism",Primary,2025-04-04,Severe
DX_006002,ADM_03766,P_00194,E11.9,Type 2 diabetes mellitus without complications,Secondary,2025-04-04,Moderate
DX_006003,ADM_03767,P_03077,J18.9,"Pneumonia, unspecified organism",Primary,2024-05-24,Moderate
DX_006004,ADM_03767,P_03077,A41.9,"Sepsis, unspecified organism",Secondary,2024-05-24,Severe
DX_006005,ADM_03768,P_00757,F32.9,"Major depressive disorder, single episode",Primary,2024-09-26,Moderate
DX_006006,ADM_03769,P_00841,N18.9,"Chronic kidney disease, unspecified",Primary,2024-12-20,Severe
DX_006007,ADM_03770,P_02233,I10,Essential (primary) hypertension,Primary,2024-04-21,Moderate
DX_006008,ADM_03770,P_02233,J18.9,"Pneumonia, unspecified organism",Secondary,2024-04-21,Moderate
DX_006009,ADM_03771,P_00321,E11.9,Type 2 diabetes mellitus without complications,primary,2024-10-15,Moderate
DX_006010,ADM_03771,P_00321,A41.9,"Sepsis, unspecified organism",Secondary,2024-10-15,SEVERE
DX_006011,ADM_03772,P_00779,I21.9,"Acute myocardial infarction, unspecified",Primary,2025-04-11,Severe
DX_006012,ADM_03772,P_00779,A41.9,"Sepsis, unspecified organism",Secondary,2025-04-11,SEVERE
DX_006013,ADM_03773,P_00826,F32.9,"Major depressive disorder, single episode",Primary,2025-01-16,Moderate
DX_006014,ADM_03774,P_00826,A41.9,"Sepsis, unspecified organism",Primary,2025-01-25,Severe
DX_006015,ADM_03775,P_02631,E11.9,Type 2 diabetes mellitus without complications,Primary,2025-02-07,Moderate
DX_006016,ADM_03776,P_02681,N18.9,"Chronic kidney disease, unspecified",Primary,2024-07-24,Severe
DX_006017,ADM_03776,P_02681,E11.9,Type 2 diabetes mellitus without complications,Secondary,2024-07-24,Moderate
DX_006018,ADM_03777,P_02681,N18.9,"Chronic kidney disease, unspecified",Primary,2024-08-12,Severe
DX_006019,ADM_03777,P_02681,F32.9,"Major depressive disorder, single episode",Secondary,2024-08-12,Moderate
DX_006020,ADM_03778,P_02298,N18.9,"Chronic kidney disease, unspecified",Primary,2024-10-11,Severe
DX_006021,ADM_03778,P_02298,K21.9,Gastro-esophageal reflux disease without esophagitis,Secondary,2024-10-11,MILD
DX_006022,ADM_03779,P_01946,E11.9,Type 2 diabetes mellitus without complications,Primary,2025-03-30,Moderate
DX_006023,ADM_03780,P_02850,J44.9,"Chronic obstructive pulmonary disease, unspecified",Primary,2024-02-22,Severe
DX_006024,ADM_03780,P_02850,K21.9,Gastro-esophageal reflux disease without esophagitis,Secondary,2024-02-22,Mild
DX_006025,ADM_03781,P_00851,F32.9,"Major depressive disorder, single episode",Primary,2024-04-04,Moderate
DX_006026,ADM_03781,P_00851,I50.9,"Heart failure, unspecified",Secondary,2024-04-04,Severe
DX_006027,ADM_03782,P_00851,A41.9,"Sepsis, unspecified organism",Primary,2024-04-17,Severe
DX_006028,ADM_03782,P_00851,F32.9,"Major depressive disorder, single episode",Secondary,2024-04-17,MODERATE
DX_006029,ADM_03783,P_00820,E11.9,Type 2 diabetes mellitus without complications,Primary,2024-09-06,Moderate
DX_006030,ADM_03783,P_00820,N18.9,"Chronic kidney disease, unspecified",Secondary,2024-09-06,Severe
DX_006031,ADM_03784,P_01001,J18.9,"Pneumonia, unspecified organism",Primary,2024-06-08,Moderate
DX_006032,ADM_03784,P_01001,N18.9,"Chronic kidney disease, unspecified",Secondary,2024-06-08,Severe
DX_006033,ADM_03785,P_01001,I50.9,"Heart failure, unspecified",Primary,2024-06-25,Severe
DX_006034,ADM_03786,P_00633,F32.9,"Major depressive disorder, single episode",Primary,2024-09-09,Moderate
DX_006035,ADM_03786,P_00633,E11.9,Type 2 diabetes mellitus without complications,Secondary,2024-09-09,moderate
DX_006036,ADM_03787,P_00655,I10,Essential (primary) hypertension,Primary,2025-04-12,Moderate
DX_006037,ADM_03787,P_00655,C34.90,Malignant neoplasm of unspecified part of bronchus or lung,Secondary,2025-04-12,Severe
DX_006038,ADM_03788,P_00291,I21.9,"Acute myocardial infarction, unspecified",Primary,2024/06/22 00:00:00,Severe
DX_006039,ADM_03789,P_01710,N18.9,"Chronic kidney disease, unspecified",Primary,2024-10-01,Severe
DX_006040,ADM_03789,P_01710,E11.9,Type 2 diabetes mellitus without complications,secondary,2024-10-01,Moderate
DX_006041,ADM_03790,P_01710,J44.9,"Chronic obstructive pulmonary disease, unspecified",Primary,2024-11-02,Severe
DX_006042,ADM_03790,P_01710,K21.9,Gastro-esophageal reflux disease without esophagitis,Secondary,2024-11-02,Mild
DX_006043,ADM_03791,P_00907,N18.9,"Chronic kidney disease, unspecified",Primary,2024-11-27,Severe
DX_006044,ADM_03792,P_00915,I21.9,"Acute myocardial infarction, unspecified",  Primary  ,2025-02-01,Severe
DX_006045,ADM_03792,P_00915,C34.90,Malignant neoplasm of unspecified part of bronchus or lung,Secondary,2025-02-01,Severe
DX_006046,ADM_03793,P_03248,M54.5,Low back pain,Primary,2025-02-07,Mild
DX_006047,ADM_03794,P_01122,K21.9,Gastro-esophageal reflux disease without esophagitis,Primary,2024-10-19,Mild
DX_006048,ADM_03795,P_03390,I50.9,"Heart failure, unspecified",Primary,2024-10-29,Severe
DX_006049,ADM_03795,P_03390,K21.9,Gastro-esophageal reflux disease without esophagitis,Secondary,2024-10-29,Mild
DX_006050,ADM_03796,P_03180,I10,Essential (primary) hypertension,Primary,2024-01-22,Moderate
DX_006051,ADM_03796,P_03180,E11.9,Type 2 diabetes mellitus without complications,Secondary,2024-01-22,Moderate
DX_006052,ADM_03797,P_03180,F32.9,"Major depressive disorder, single episode",Primary,2024-01-31,Moderate
DX_006053,ADM_03797,P_03180,M54.5,Low back pain,Secondary,2024-01-31,Mild
DX_006054,ADM_03798,P_02782,I10,Essential (primary) hypertension,Primary,2024-06-23,Moderate
DX_006055,ADM_03798,P_02782,C34.90,Malignant neoplasm of unspecified part of bronchus or lung,Secondary,2024-06-23,Severe
DX_006056,ADM_03799,P_03229,J44.9,"Chronic obstructive pulmonary disease, unspecified",Primary,2024-04-28,Severe
DX_006057,ADM_03800,P_03229,J18.9,"Pneumonia, unspecified organism",Primary,2024-05-03,Moderate
DX_006058,ADM_03801,P_02782,M54.5,Low back pain,Primary,2024-05-23,Mild
DX_006059,ADM_03801,P_02782,I50.9,"Heart failure, unspecified",Secondary,2024-05-23,Severe
DX_006060,ADM_03802,P_01135,J18.9,"Pneumonia, unspecified organism",Primary,2025-03-10,Moderate
DX_006061,ADM_03802,P_01135,I10,Essential (primary) hypertension,SECONDARY,2025-03-10,Moderate
DX_006062,ADM_03803,P_01046,K21.9,Gastro-esophageal reflux disease without esophagitis,Primary,2024-08-12,Mild
DX_006063,ADM_03803,P_01046,C34.90,Malignant neoplasm of unspecified part of bronchus or lung,Secondary,2024-08-12,Severe
DX_006064,ADM_03804,P_00650,F32.9,"Major depressive disorder, single episode",Primary,2024-10-14,Moderate
DX_006065,ADM_03804,P_00650,J18.9,"Pneumonia, unspecified organism",secondary,2024-10-14,Moderate
DX_006066,ADM_03805,P_02247,I21.9,"Acute myocardial infarction, unspecified",Primary,2024-06-06,SEVERE
DX_006067,ADM_03806,P_03344,N18.9,"Chronic kidney disease, unspecified",Primary,2024-10-05,Severe
DX_006068,ADM_03807,P_00288,F32.9,"Major depressive disorder, single episode",Primary,2025-04-19,Moderate
DX_006069,ADM_03808,P_00288,K21.9,Gastro-esophageal reflux disease without esophagitis,Primary,2025-05-08,Mild
DX_006070,ADM_03809,P_02882,A41.9,"Sepsis, unspecified organism",Primary,2025-05-13,Severe
DX_006071,ADM_03809,P_02882,K21.9,Gastro-esophageal reflux disease without esophagitis,  Secondary  ,2025-05-13,Mild
DX_006072,ADM_03810,P_02813,N18.9,"Chronic kidney disease, unspecified",Primary,2024-11-23,Severe
DX_006073,ADM_03811,P_02813,F32.9,"Major depressive disorder, single episode",Primary,2024-12-17,Moderate
DX_006074,ADM_03812,P_01748,N18.9,"Chronic kidney disease, unspecified",Primary,2025-01-30,Severe
DX_006075,ADM_03812,P_01748,J44.9,"Chronic obstructive pulmonary disease, unspecified",Secondary,2025-01-30,Severe
DX_006076,ADM_03813,P_02432,E11.9,Type 2 diabetes mellitus without complications,Primary,2024-05-08,Moderate
DX_006077,ADM_03813,P_02432,J18.9,"Pneumonia, unspecified organism",Secondary,2024-05-08,Moderate
DX_006078,ADM_03814,P_01658,I21.9,"Acute myocardial infarction, unspecified",Primary,2024-12-11,Severe
DX_006079,ADM_03814,P_01658,J18.9,"Pneumonia, unspecified organism",Secondary,2024-12-11,Moderate
DX_006080,ADM_03815,P_01522,I21.9,"Acute myocardial infarction, unspecified",Primary,2025-02-03,Severe
DX_006081,ADM_03816,P_01449,I50.9,"Heart failure, unspecified",Primary,2024-06-24,Severe
DX_006082,ADM_03817,P_02149,I10,Essential (primary) hypertension,Primary,2024-10-15,Moderate
DX_006083,ADM_03818,P_01390,J44.9,"Chronic obstructive pulmonary disease, unspecified",Primary,2024-04-29,Severe
DX_006084,ADM_03818,P_01390,N18.9,"Chronic kidney disease, unspecified",Secondary,2024-04-29,Severe
DX_006085,ADM_03819,P_03296,J18.9,"Pneumonia, unspecified organism",Primary,2025-04-11,Moderate
DX_006086,ADM_03819,P_03296,N18.9,"Chronic kidney disease, unspecified",Secondary,2025-04-11,Severe
DX_006087,ADM_03820,P_02218,C34.90,Malignant neoplasm of unspecified part of bronchus or lung,Primary,2025-04-07,Severe
DX_006088,ADM_03821,P_01546,I50.9,"Heart failure, unspecified",Primary,2024-05-24,Severe
DX_006089,ADM_03821,P_01546,E11.9,Type 2 diabetes mellitus without complications,  Secondary  ,2024-05-24,Moderate
DX_006090,ADM_03822,P_01546,I50.9,"Heart failure, unspecified",Primary,2024-06-29,Severe
DX_006091,ADM_03823,P_01598,F32.9,"Major depressive disorder, single episode",Primary,2024-11-23,Moderate
DX_006092,ADM_03824,P_03327,F32.9,"Major depressive disorder, single episode",Primary,2024-03-29,Moderate
DX_006093,ADM_03824,P_03327,J18.9,"Pneumonia, unspecified organism",Secondary,2024-03-29,MODERATE
DX_006094,ADM_03825,P_03327,M54.5,Low back pain,Primary,11-04-2024,Mild
DX_006095,ADM_03825,P_03327,K21.9,Gastro-esophageal reflux disease without esophagitis,Secondary,2024-04-11,Mild
DX_006096,ADM_03826,P_01631,J44.9,"Chronic obstructive pulmonary disease, unspecified",Primary,2025-01-05,Severe
DX_006097,ADM_03827,P_01684,F32.9,"Major depressive disorder, single episode",Primary,2025-01-26,Moderate
DX_006098,ADM_03827,P_01684,J18.9,"Pneumonia, unspecified organism",Secondary,2025-01-26,Moderate
DX_006099,ADM_03828,P_03417,N18.9,"Chronic kidney disease, unspecified",Primary,2025-02-23,Severe
DX_006100,ADM_03828,P_03417,I10,Essential (primary) hypertension,Secondary,2025-02-23,Moderate
DX_006101,ADM_03829,P_02011,C34.90,Malignant neoplasm of unspecified part of bronchus or lung,PRIMARY,2024-02-16,Severe
DX_006102,ADM_03830,P_03367,I21.9,"Acute myocardial infarction, unspecified",Primary,2025-04-25,Severe
DX_006103,ADM_03830,P_03367,K21.9,Gastro-esophageal reflux disease without esophagitis,Secondary,2025-04-25,Mild
DX_006104,ADM_03831,P_01307,E11.9,Type 2 diabetes mellitus without complications,Primary,2024-01-08,Moderate
DX_006105,ADM_03831,P_01307,A41.9,"Sepsis, unspecified organism",Secondary,2024-01-08,Severe
DX_006106,ADM_03832,P_02518,I21.9,"Acute myocardial infarction, unspecified",Primary,2024-08-24,Severe
DX_006107,ADM_03832,P_02518,I50.9,"Heart failure, unspecified",Secondary,2024-08-24,Severe
DX_006108,ADM_03833,P_03474,F32.9,"Major depressive disorder, single episode",Primary,2024-04-15,Moderate
DX_006109,ADM_03834,P_00963,A41.9,"Sepsis, unspecified organism",Primary,2024-11-14,Severe
DX_006110,ADM_03834,P_00963,I10,Essential (primary) hypertension,Secondary,2024-11-14,Moderate
DX_006111,ADM_03835,P_03254,E11.9,Type 2 diabetes mellitus without complications,Primary,2024-10-28,  Moderate  
DX_006112,ADM_03835,P_03254,M54.5,Low back pain,Secondary,2024-10-28,Mild
DX_006113,ADM_03836,P_00271,F32.9,"Major depressive disorder, single episode",PRIMARY,2024-07-10,Moderate
DX_006114,ADM_03836,P_00271,K21.9,Gastro-esophageal reflux disease without esophagitis,Secondary,2024-07-10,Mild
DX_006115,ADM_03837,P_01235,M54.5,Low back pain,Primary,2024-07-12,Mild
DX_006116,ADM_03838,P_02808,M54.5,Low back pain,Primary,2024-12-08,Mild
DX_006117,ADM_03838,P_02808,J18.9,"Pneumonia, unspecified organism",Secondary,2024-12-08,Moderate
DX_006118,ADM_03839,P_01616,I50.9,"Heart failure, unspecified",Primary,2025-03-22,Severe
DX_006119,ADM_03840,P_00861,N18.9,"Chronic kidney disease, unspecified",Primary,2025-01-02,Severe
DX_006120,ADM_03841,P_00861,J18.9,"Pneumonia, unspecified organism",Primary,2025-01-25,Moderate
DX_006121,ADM_03842,P_00028,I21.9,"Acute myocardial infarction, unspecified",Primary,2025-01-17,Severe
DX_006122,ADM_03842,P_00028,I50.9,"Heart failure, unspecified",Secondary,2025-01-17,Severe
DX_006123,ADM_03843,P_01672,A41.9,"Sepsis, unspecified organism",Primary,2024-12-03,Severe
DX_006124,ADM_03843,P_01672,E11.9,Type 2 diabetes mellitus without complications,Secondary,2024-12-03,Moderate
DX_006125,ADM_03844,P_01551,I21.9,"Acute myocardial infarction, unspecified",  Primary  ,2024-01-11,Severe
DX_006126,ADM_03844,P_01551,I50.9,"Heart failure, unspecified",Secondary,2024-01-11,Severe
DX_006127,ADM_03845,P_01543,J44.9,"Chronic obstructive pulmonary disease, unspecified",PRIMARY,2024-08-25,Severe
DX_006128,ADM_03845,P_01543,I10,Essential (primary) hypertension,Secondary,2024-08-25,Moderate
DX_006129,ADM_03846,P_01202,I50.9,"Heart failure, unspecified",Primary,2024-04-27,Severe
DX_006130,ADM_03847,P_01586,C34.90,Malignant neoplasm of unspecified part of bronchus or lung,Primary,2025-05-14,Severe
DX_006131,ADM_03848,P_03245,E11.9,Type 2 diabetes mellitus without complications,Primary,2024-05-14,Moderate
DX_006132,ADM_03849,P_03245,C34.90,Malignant neoplasm of unspecified part of bronchus or lung,Primary,2024-06-18,severe
DX_006133,ADM_03849,P_03245,A41.9,"Sepsis, unspecified organism",Secondary,2024-06-18,Severe
DX_006134,ADM_03850,P_01712,N18.9,"Chronic kidney disease, unspecified",Primary,2024-07-09,Severe
DX_006135,ADM_03851,P_00645,C34.90,Malignant neoplasm of unspecified part of bronchus or lung,Primary,2024-11-07,SEVERE
DX_006136,ADM_03851,P_00645,K21.9,Gastro-esophageal reflux disease without esophagitis,Secondary,2024-11-07,Mild
DX_006137,ADM_03852,P_01640,F32.9,"Major depressive disorder, single episode",Primary,2025-01-06,Moderate
DX_006138,ADM_03852,P_01640,I21.9,"Acute myocardial infarction, unspecified",Secondary,2025-01-06,Severe
DX_006139,ADM_03853,P_02974,I10,Essential (primary) hypertension,Primary,2024-09-20,Moderate
DX_006140,ADM_03854,P_02974,M54.5,Low back pain,Primary,2024/10/02 00:00:00,Mild
DX_006141,ADM_03854,P_02974,E11.9,Type 2 diabetes mellitus without complications,Secondary,2024-10-02,Moderate
DX_006142,ADM_03855,P_02620,F32.9,"Major depressive disorder, single episode",Primary,2024-04-08,Moderate
DX_006143,ADM_03855,P_02620,I21.9,"Acute myocardial infarction, unspecified",Secondary,2024-04-08,Severe
DX_006144,ADM_03856,P_02157,F32.9,"Major depressive disorder, single episode",Primary,2024-05-13,  Moderate  
DX_006145,ADM_03856,P_02157,N18.9,"Chronic kidney disease, unspecified",Secondary,2024-05-13,Severe
DX_006146,ADM_03857,P_02157,K21.9,Gastro-esophageal reflux disease without esophagitis,Primary,2024-06-05,Mild
DX_006147,ADM_03858,P_00988,C34.90,Malignant neoplasm of unspecified part of bronchus or lung,Primary,2024-11-09,severe
DX_006148,ADM_03858,P_00988,N18.9,"Chronic kidney disease, unspecified",Secondary,2024-11-09,Severe
DX_006149,ADM_03859,P_03041,K21.9,Gastro-esophageal reflux disease without esophagitis,Primary,2024-04-16,Mild
DX_006150,ADM_03859,P_03041,J18.9,"Pneumonia, unspecified organism",Secondary,2024-04-16,Moderate
DX_006151,ADM_03860,P_03041,K21.9,Gastro-esophageal reflux disease without esophagitis,Primary,2024-05-02,Mild
DX_006152,ADM_03860,P_03041,M54.5,Low back pain,Secondary,2024-05-02,Mild
DX_006153,ADM_03861,P_00288,I50.9,"Heart failure, unspecified",Primary,2024-02-13,Severe
DX_006154,ADM_03862,P_01354,C34.90,Malignant neoplasm of unspecified part of bronchus or lung,Primary,2024-11-06,Severe
DX_006155,ADM_03863,P_01354,K21.9,Gastro-esophageal reflux disease without esophagitis,Primary,2024-11-21,Mild
DX_006156,ADM_03863,P_01354,I21.9,"Acute myocardial infarction, unspecified",Secondary,2024-11-21,Severe
DX_006157,ADM_03864,P_01587,A41.9,"Sepsis, unspecified organism",PRIMARY,2024-09-05,Severe
DX_006158,ADM_03865,P_01587,I50.9,"Heart failure, unspecified",Primary,2024-09-28,Severe
DX_006159,ADM_03866,P_01830,J44.9,"Chronic obstructive pulmonary disease, unspecified",Primary,2025-05-14,Severe
DX_006160,ADM_03867,P_02790,J44.9,"Chronic obstructive pulmonary disease, unspecified",Primary,2024-02-25,Severe
DX_006161,ADM_03868,P_00968,I50.9,"Heart failure, unspecified",UNKNOWN_VAL,2024-09-05,Severe
DX_006162,ADM_03869,P_02484,N18.9,"Chronic kidney disease, unspecified",Primary,2025-02-15,Severe
DX_006163,ADM_03870,P_03045,J44.9,"Chronic obstructive pulmonary disease, unspecified",Primary,2025-01-03,Severe
DX_006164,ADM_03870,P_03045,N18.9,"Chronic kidney disease, unspecified",Secondary,2025-01-03,Severe
DX_006165,ADM_03871,P_01569,M54.5,Low back pain,Primary,2024-04-21,Mild
DX_006166,ADM_03871,P_01569,A41.9,"Sepsis, unspecified organism",Secondary,2024-04-21,Severe
DX_006167,ADM_03872,P_01285,F32.9,"Major depressive disorder, single episode",Primary,2025-02-03,Moderate
DX_006168,ADM_03873,P_00542,I10,Essential (primary) hypertension,primary,2025-03-04,Moderate
DX_006169,ADM_03873,P_00542,I21.9,"Acute myocardial infarction, unspecified",Secondary,2025-03-04,Severe
DX_006170,ADM_03874,P_00098,M54.5,Low back pain,Primary,2024-10-02,Mild
DX_006171,ADM_03874,P_00098,I50.9,"Heart failure, unspecified",Secondary,2024-10-02,Severe
DX_006172,ADM_03875,P_01222,M54.5,Low back pain,UNKNOWN_VAL,2024-10-13,Mild
DX_006173,ADM_03876,P_03443,E11.9,Type 2 diabetes mellitus without complications,Primary,2024-08-16,Moderate
DX_006174,ADM_03876,P_03443,N18.9,"Chronic kidney disease, unspecified",Secondary,2024-08-16,Severe
DX_006175,ADM_03877,P_00965,J18.9,"Pneumonia, unspecified organism",Primary,2024-07-17,Moderate
DX_006176,ADM_03878,P_01747,C34.90,Malignant neoplasm of unspecified part of bronchus or lung,Primary,2024-11-05,Severe
DX_006177,ADM_03878,P_01747,I50.9,"Heart failure, unspecified",Secondary,2024-11-05,Severe
DX_006178,ADM_03879,P_01747,C34.90,Malignant neoplasm of unspecified part of bronchus or lung,Primary,2024-12-06,  Severe  
DX_006179,ADM_03879,P_01747,M54.5,Low back pain,Secondary,2024-12-06,Mild
DX_006180,ADM_03880,P_02123,C34.90,Malignant neoplasm of unspecified part of bronchus or lung,Primary,2024-04-28,Severe
DX_006181,ADM_03881,P_01217,I21.9,"Acute myocardial infarction, unspecified",Primary,2024-10-03,Severe
DX_006182,ADM_03881,P_01217,J44.9,"Chronic obstructive pulmonary disease, unspecified",Secondary,2024-10-03,Severe
DX_006183,ADM_03882,P_03056,I21.9,"Acute myocardial infarction, unspecified",Primary,2024-05-26,Severe
DX_006184,ADM_03882,P_03056,C34.90,Malignant neoplasm of unspecified part of bronchus or lung,  Secondary  ,2024-05-26,Severe
DX_006185,ADM_03883,P_01193,I21.9,"Acute myocardial infarction, unspecified",Primary,2024-08-26,Severe
DX_006186,ADM_03883,P_01193,J44.9,"Chronic obstructive pulmonary disease, unspecified",Secondary,2024-08-26,Severe
DX_006187,ADM_03884,P_00565,I10,Essential (primary) hypertension,Primary,2024-06-02,Moderate
DX_006188,ADM_03884,P_00565,N18.9,"Chronic kidney disease, unspecified",Secondary,2024-06-02,Severe
DX_006189,ADM_03885,P_02297,M54.5,Low back pain,Primary,2024-02-02,Mild
DX_006190,ADM_03885,P_02297,N18.9,"Chronic kidney disease, unspecified",Secondary,2024-02-02,Severe
DX_006191,ADM_03886,P_03389,J18.9,"Pneumonia, unspecified organism",Primary,2024-10-08,Moderate
DX_006192,ADM_03887,P_03389,N18.9,"Chronic kidney disease, unspecified",Primary,2024-10-23,  Severe  
DX_006193,ADM_03888,P_02514,A41.9,"Sepsis, unspecified organism",  Primary  ,11/08/2024,Severe
DX_006194,ADM_03888,P_02514,J18.9,"Pneumonia, unspecified organism",Secondary,2024-11-08,Moderate
DX_006195,ADM_03889,P_00030,I10,Essential (primary) hypertension,Primary,17-08-2024,Moderate
DX_006196,ADM_03890,P_00127,M54.5,Low back pain,Primary,2024-06-09,mild
DX_006197,ADM_03891,P_02824,I21.9,"Acute myocardial infarction, unspecified",Primary,2024-12-12,Severe
DX_006198,ADM_03892,P_02824,E11.9,Type 2 diabetes mellitus without complications,Primary,2025-01-11,  Moderate  
DX_006199,ADM_03893,P_01881,I21.9,"Acute myocardial infarction, unspecified",Primary,2025-04-01,Severe
DX_006200,ADM_03893,P_01881,J44.9,"Chronic obstructive pulmonary disease, unspecified",Secondary,2025-04-01,Severe
DX_006201,ADM_03894,P_00784,I50.9,"Heart failure, unspecified",Primary,2024-11-30,Severe
DX_006202,ADM_03895,P_00784,K21.9,Gastro-esophageal reflux disease without esophagitis,Primary,2024-12-11,Mild
DX_006203,ADM_03895,P_00784,N18.9,"Chronic kidney disease, unspecified",Secondary,12/11/2024,Severe
DX_006204,ADM_03896,P_01613,I21.9,"Acute myocardial infarction, unspecified",Primary,2025-03-04,Severe
DX_006205,ADM_03896,P_01613,J44.9,"Chronic obstructive pulmonary disease, unspecified",Secondary,04-03-2025,Severe
DX_006206,ADM_03897,P_02833,K21.9,Gastro-esophageal reflux disease without esophagitis,Primary,2025-01-30,Mild
DX_006207,ADM_03897,P_02833,E11.9,Type 2 diabetes mellitus without complications,Secondary,2025-01-30,Moderate
DX_006208,ADM_03898,P_00377,I50.9,"Heart failure, unspecified",Primary,2025-02-02,Severe
DX_006209,ADM_03898,P_00377,I10,Essential (primary) hypertension,Secondary,2025-02-02,Moderate
DX_006210,ADM_03899,P_01665,C34.90,Malignant neoplasm of unspecified part of bronchus or lung,Primary,2025-01-09,Severe
DX_006211,ADM_03900,P_01665,I50.9,"Heart failure, unspecified",Primary,2025-01-26,Severe
DX_006212,ADM_03900,P_01665,N18.9,"Chronic kidney disease, unspecified",  Secondary  ,2025-01-26,Severe
DX_006213,ADM_03901,P_00953,K21.9,Gastro-esophageal reflux disease without esophagitis,Primary,2025-01-26,Mild
DX_006214,ADM_03902,P_00953,C34.90,Malignant neoplasm of unspecified part of bronchus or lung,Primary,2025-02-02,Severe
DX_006215,ADM_03903,P_00811,I50.9,"Heart failure, unspecified",Primary,2025-01-16,Severe
DX_006216,ADM_03904,P_03356,K21.9,Gastro-esophageal reflux disease without esophagitis,Primary,2024-09-21,Mild
DX_006217,ADM_03904,P_03356,I10,Essential (primary) hypertension,Secondary,2024-09-21,Moderate
DX_006218,ADM_03905,P_01649,N18.9,"Chronic kidney disease, unspecified",Primary,2024-07-06,Severe
DX_006219,ADM_03905,P_01649,M54.5,Low back pain,Secondary,2024-07-06,Mild
DX_006220,ADM_03906,P_01854,E11.9,Type 2 diabetes mellitus without complications,Primary,2025-02-02,Moderate
DX_006221,ADM_03907,P_03289,J18.9,"Pneumonia, unspecified organism",Primary,2025-02-22,Moderate
DX_006222,ADM_03908,P_01177,K21.9,Gastro-esophageal reflux disease without esophagitis,Primary,2024-03-08,Mild
DX_006223,ADM_03908,P_01177,C34.90,Malignant neoplasm of unspecified part of bronchus or lung,Secondary,2024-03-08,Severe
DX_006224,ADM_03909,P_00199,C34.90,Malignant neoplasm of unspecified part of bronchus or lung,Primary,2024-11-29,Severe
DX_006225,ADM_03909,P_00199,E11.9,Type 2 diabetes mellitus without complications,Secondary,2024/11/29 00:00:00,Moderate
DX_006226,ADM_03910,P_02176,F32.9,"Major depressive disorder, single episode",Primary,2024-05-07,Moderate
DX_006227,ADM_03910,P_02176,E11.9,Type 2 diabetes mellitus without complications,Secondary,2024-05-07,Moderate
DX_006228,ADM_03911,P_02182,I10,Essential (primary) hypertension,primary,2025-04-14,Moderate
DX_006229,ADM_03911,P_02182,A41.9,"Sepsis, unspecified organism",Secondary,2025-04-14,Severe
DX_006230,ADM_03912,P_01456,I21.9,"Acute myocardial infarction, unspecified",Primary,2025-03-15,Severe
DX_006231,ADM_03912,P_01456,J44.9,"Chronic obstructive pulmonary disease, unspecified",Secondary,03/15/2025,Severe
DX_006232,ADM_03913,P_01456,I21.9,"Acute myocardial infarction, unspecified",Primary,2025-04-08,Severe
DX_006233,ADM_03913,P_01456,I50.9,"Heart failure, unspecified",Secondary,2025-04-08,Severe
DX_006234,ADM_03914,P_02536,E11.9,Type 2 diabetes mellitus without complications,Primary,2024-11-02,Moderate
DX_006235,ADM_03915,P_00694,M54.5,Low back pain,PRIMARY,2024-04-06,Mild
DX_006236,ADM_03916,P_03302,I21.9,"Acute myocardial infarction, unspecified",Primary,2024-01-08,Severe
DX_006237,ADM_03917,P_02611,J18.9,"Pneumonia, unspecified organism",Primary,2024-06-16,Moderate
DX_006238,ADM_03918,P_00596,F32.9,"Major depressive disorder, single episode",Primary,2024-08-04,Moderate
DX_006239,ADM_03919,P_02670,I50.9,"Heart failure, unspecified",Primary,2024-09-02,Severe
DX_006240,ADM_03920,P_03043,J44.9,"Chronic obstructive pulmonary disease, unspecified",Primary,2025-02-15,Severe
DX_006241,ADM_03920,P_03043,I10,Essential (primary) hypertension,Secondary,2025-02-15,Moderate
DX_006242,ADM_03921,P_03043,A41.9,"Sepsis, unspecified organism",PRIMARY,2025-03-23,Severe
DX_006243,ADM_03921,P_03043,F32.9,"Major depressive disorder, single episode",Secondary,2025-03-23,Moderate
DX_006244,ADM_03922,P_01273,C34.90,Malignant neoplasm of unspecified part of bronchus or lung,  Primary  ,2024-01-11,Severe
DX_006245,ADM_03922,P_01273,I10,Essential (primary) hypertension,SECONDARY,11-01-2024,Moderate
DX_006246,ADM_03923,P_01313,M54.5,Low back pain,Primary,2024-07-20,Mild
DX_006247,ADM_03923,P_01313,J44.9,"Chronic obstructive pulmonary disease, unspecified",Secondary,07/20/2024,Severe
DX_006248,ADM_03924,P_03385,C34.90,Malignant neoplasm of unspecified part of bronchus or lung,Primary,2025-03-28,Severe
DX_006249,ADM_03925,P_03160,A41.9,"Sepsis, unspecified organism",Primary,2024-01-28,Severe
DX_006250,ADM_03926,P_03160,A41.9,"Sepsis, unspecified organism",Primary,2024-02-21,Severe
DX_006251,ADM_03927,P_00259,M54.5,Low back pain,Primary,2025-03-30,Mild
DX_006252,ADM_03927,P_00259,F32.9,"Major depressive disorder, single episode",Secondary,2025-03-30,Moderate
DX_006253,ADM_03928,P_01510,F32.9,"Major depressive disorder, single episode",Primary,18-04-2024,Moderate
DX_006254,ADM_03928,P_01510,I10,Essential (primary) hypertension,Secondary,2024-04-18,Moderate
DX_006255,ADM_03929,P_02872,E11.9,Type 2 diabetes mellitus without complications,primary,2024-05-24,Moderate
DX_006256,ADM_03930,P_02700,N18.9,"Chronic kidney disease, unspecified",Primary,2024-04-22,Severe
DX_006257,ADM_03930,P_02700,I10,Essential (primary) hypertension,Secondary,2024-04-22,Moderate
DX_006258,ADM_03931,P_01685,F32.9,"Major depressive disorder, single episode",Primary,2024-12-11,Moderate
DX_006259,ADM_03932,P_01685,I50.9,"Heart failure, unspecified",Primary,2025-01-08,Severe
DX_006260,ADM_03932,P_01685,J18.9,"Pneumonia, unspecified organism",Secondary,2025-01-08,Moderate
DX_006261,ADM_03933,P_03368,N18.9,"Chronic kidney disease, unspecified",Primary,2024-11-12,Severe
DX_006262,ADM_03933,P_03368,I50.9,"Heart failure, unspecified",Secondary,2024-11-12,Severe
DX_006263,ADM_03934,P_02465,M54.5,Low back pain,Primary,2025-04-02,Mild
DX_006264,ADM_03934,P_02465,N18.9,"Chronic kidney disease, unspecified",Secondary,2025-04-02,Severe
DX_006265,ADM_03935,P_00869,I21.9,"Acute myocardial infarction, unspecified",  Primary  ,2025-03-24,Severe
DX_006266,ADM_03936,P_01405,E11.9,Type 2 diabetes mellitus without complications,Primary,2024-03-05,Moderate
DX_006267,ADM_03937,P_01732,F32.9,"Major depressive disorder, single episode",Primary,2024-09-11,Moderate
DX_006268,ADM_03937,P_01732,N18.9,"Chronic kidney disease, unspecified",Secondary,2024-09-11,Severe
DX_006269,ADM_03938,P_03204,M54.5,Low back pain,PRIMARY,2024-05-25,Mild
DX_006270,ADM_03939,P_03469,I10,Essential (primary) hypertension,Primary,2024-05-05,Moderate
DX_006271,ADM_03939,P_03469,A41.9,"Sepsis, unspecified organism",Secondary,2024-05-05,  Severe  
DX_006272,ADM_03940,P_03469,J44.9,"Chronic obstructive pulmonary disease, unspecified",Primary,2024-05-24,Severe
DX_006273,ADM_03940,P_03469,C34.90,Malignant neoplasm of unspecified part of bronchus or lung,Secondary,2024-05-24,Severe
DX_006274,ADM_03941,P_00362,I50.9,"Heart failure, unspecified",Primary,2025-03-21,Severe
DX_006275,ADM_03941,P_00362,A41.9,"Sepsis, unspecified organism",Secondary,2025-03-21,Severe
DX_006276,ADM_03942,P_00568,E11.9,Type 2 diabetes mellitus without complications,Primary,2024-01-27,Moderate
DX_006277,ADM_03942,P_00568,J44.9,"Chronic obstructive pulmonary disease, unspecified",Secondary,2024-01-27,Severe
DX_006278,ADM_03943,P_03150,I21.9,"Acute myocardial infarction, unspecified",Primary,2024-08-01,Severe
DX_006279,ADM_03944,P_03150,I10,Essential (primary) hypertension,Primary,2024-08-07,Moderate
DX_006280,ADM_03944,P_03150,N18.9,"Chronic kidney disease, unspecified",Secondary,2024-08-07,Severe
DX_006281,ADM_03945,P_02570,C34.90,Malignant neoplasm of unspecified part of bronchus or lung,Primary,2024-02-25,Severe
DX_006282,ADM_03945,P_02570,I21.9,"Acute myocardial infarction, unspecified",Secondary,2024-02-25,Severe
DX_006283,ADM_03946,P_01429,C34.90,Malignant neoplasm of unspecified part of bronchus or lung,Primary,2024-08-20,Severe
DX_006284,ADM_03947,P_00977,I50.9,"Heart failure, unspecified",Primary,2024-04-28,Severe
DX_006285,ADM_03948,P_01268,E11.9,Type 2 diabetes mellitus without complications,Primary,2025-05-09,Moderate
DX_006286,ADM_03948,P_01268,I50.9,"Heart failure, unspecified",Secondary,2025-05-09,Severe
DX_006287,ADM_03949,P_03416,N18.9,"Chronic kidney disease, unspecified",Primary,10/07/2024,Severe
DX_006288,ADM_03949,P_03416,I10,Essential (primary) hypertension,  Secondary  ,2024-10-07,Moderate
DX_006289,ADM_03950,P_00070,J18.9,"Pneumonia, unspecified organism",Primary,2024-10-26,Moderate
DX_006290,ADM_03951,P_03090,K21.9,Gastro-esophageal reflux disease without esophagitis,Primary,2024-02-25,Mild
DX_006291,ADM_03951,P_03090,I10,Essential (primary) hypertension,Secondary,25-02-2024,Moderate
DX_006292,ADM_03952,P_01935,K21.9,Gastro-esophageal reflux disease without esophagitis,Primary,2024-09-11,Mild
DX_006293,ADM_03953,P_02384,K21.9,Gastro-esophageal reflux disease without esophagitis,Primary,10-03-2025,Mild
DX_006294,ADM_03954,P_02995,N18.9,"Chronic kidney disease, unspecified",Primary,2025-04-29,Severe
DX_006295,ADM_03954,P_02995,E11.9,Type 2 diabetes mellitus without complications,Secondary,2025-04-29,Moderate
DX_006296,ADM_03955,P_01591,F32.9,"Major depressive disorder, single episode",primary,2024-01-13,Moderate
DX_006297,ADM_03955,P_01591,M54.5,Low back pain,Secondary,2024-01-13,Mild
DX_006298,ADM_03956,P_02905,K21.9,Gastro-esophageal reflux disease without esophagitis,Primary,2024-12-27,Mild
DX_006299,ADM_03957,P_03355,F32.9,"Major depressive disorder, single episode",Primary,2025-03-30,Moderate
DX_006300,ADM_03958,P_03355,E11.9,Type 2 diabetes mellitus without complications,Primary,2025-04-18,Moderate
DX_006301,ADM_03959,P_01813,K21.9,Gastro-esophageal reflux disease without esophagitis,Primary,2024-12-20,Mild
DX_006302,ADM_03960,P_02435,M54.5,Low back pain,Primary,2024-11-04,Mild
DX_006303,ADM_03961,P_00121,I21.9,"Acute myocardial infarction, unspecified",Primary,2024-12-15,Severe
DX_006304,ADM_03962,P_02083,J44.9,"Chronic obstructive pulmonary disease, unspecified",Primary,2025-01-25,Severe
DX_006305,ADM_03963,P_00766,I10,Essential (primary) hypertension,Primary,2025-04-26,Moderate
DX_006306,ADM_03963,P_00766,A41.9,"Sepsis, unspecified organism",Secondary,2025-04-26,Severe
DX_006307,ADM_03964,P_01394,M54.5,Low back pain,Primary,2024-04-02,Mild
DX_006308,ADM_03964,P_01394,I21.9,"Acute myocardial infarction, unspecified",Secondary,2024-04-02,Severe
DX_006309,ADM_03965,P_01394,A41.9,"Sepsis, unspecified organism",Primary,2024-04-24,Severe
DX_006310,ADM_03965,P_01394,E11.9,Type 2 diabetes mellitus without complications,Secondary,24-04-2024,Moderate
DX_006311,ADM_03966,P_00050,C34.90,Malignant neoplasm of unspecified part of bronchus or lung,Primary,2024-10-14,Severe
DX_006312,ADM_03967,P_02586,N18.9,"Chronic kidney disease, unspecified",Primary,2025-03-14,Severe
DX_006313,ADM_03967,P_02586,I10,Essential (primary) hypertension,Secondary,2025-03-14,Moderate
DX_006314,ADM_03968,P_02602,F32.9,"Major depressive disorder, single episode",Primary,2025-03-02,Moderate
DX_006315,ADM_03969,P_01719,J44.9,"Chronic obstructive pulmonary disease, unspecified",Primary,2024-12-08,Severe
DX_006316,ADM_03969,P_01719,A41.9,"Sepsis, unspecified organism",Secondary,2024-12-08,Severe
DX_006317,ADM_03970,P_01916,A41.9,"Sepsis, unspecified organism",PRIMARY,2025-04-03,Severe
DX_006318,ADM_03970,P_01916,I10,Essential (primary) hypertension,Secondary,2025-04-03,Moderate
DX_006319,ADM_03971,P_02189,K21.9,Gastro-esophageal reflux disease without esophagitis,Primary,2024-08-16,Mild
DX_006320,ADM_03971,P_02189,E11.9,Type 2 diabetes mellitus without complications,Secondary,2024-08-16,Moderate
DX_006321,ADM_03972,P_00219,M54.5,Low back pain,Primary,2024-10-09,Mild
DX_006322,ADM_03972,P_00219,J44.9,"Chronic obstructive pulmonary disease, unspecified",Secondary,2024-10-09,Severe
DX_006323,ADM_03973,P_01990,J18.9,"Pneumonia, unspecified organism",Primary,2025-03-29,Moderate
DX_006324,ADM_03974,P_01033,J18.9,"Pneumonia, unspecified organism",Primary,2025-02-10,Moderate
DX_006325,ADM_03975,P_01896,F32.9,"Major depressive disorder, single episode",Primary,2024-04-16,Moderate
DX_006326,ADM_03975,P_01896,I10,Essential (primary) hypertension,Secondary,2024-04-16,Moderate
DX_006327,ADM_03976,P_01064,N18.9,"Chronic kidney disease, unspecified",Primary,2024-05-08,Severe
DX_006328,ADM_03977,P_00688,K21.9,Gastro-esophageal reflux disease without esophagitis,Primary,2024-03-17,Mild
DX_006329,ADM_03978,P_01102,J18.9,"Pneumonia, unspecified organism",Primary,2024-12-15,Moderate
DX_006330,ADM_03978,P_01102,A41.9,"Sepsis, unspecified organism",secondary,12/15/2024,Severe
DX_006331,ADM_03979,P_01102,I10,Essential (primary) hypertension,Primary,2025-01-13,  Moderate  
DX_006332,ADM_03979,P_01102,E11.9,Type 2 diabetes mellitus without complications,secondary,2025-01-13,MODERATE
DX_006333,ADM_03980,P_02557,F32.9,"Major depressive disorder, single episode",Primary,2024-03-02,Moderate
DX_006334,ADM_03980,P_02557,C34.90,Malignant neoplasm of unspecified part of bronchus or lung,Secondary,2024-03-02,Severe
DX_006335,ADM_03981,P_03102,I21.9,"Acute myocardial infarction, unspecified",Primary,07-09-2024,Severe
DX_006336,ADM_03982,P_02659,A41.9,"Sepsis, unspecified organism",Primary,2025-01-11,Severe
DX_006337,ADM_03983,P_00514,M54.5,Low back pain,Primary,2024-02-12,Mild
DX_006338,ADM_03984,P_01701,I10,Essential (primary) hypertension,Primary,2024-05-20,Moderate
DX_006339,ADM_03985,P_02845,J44.9,"Chronic obstructive pulmonary disease, unspecified",Primary,2024-04-22,  Severe  
DX_006340,ADM_03986,P_01502,N18.9,"Chronic kidney disease, unspecified",Primary,2024-12-24,Severe
DX_006341,ADM_03986,P_01502,I10,Essential (primary) hypertension,Secondary,2024-12-24,Moderate
DX_006342,ADM_03987,P_03121,F32.9,"Major depressive disorder, single episode",  Primary  ,2024-01-06,Moderate
DX_006343,ADM_03988,P_00328,F32.9,"Major depressive disorder, single episode",Primary,2024-04-23,Moderate
DX_006344,ADM_03988,P_00328,M54.5,Low back pain,Secondary,2024-04-23,Mild
DX_006345,ADM_03989,P_00192,J18.9,"Pneumonia, unspecified organism",primary,2025-03-05,Moderate
DX_006346,ADM_03990,P_03025,K21.9,Gastro-esophageal reflux disease without esophagitis,Primary,2025-03-24,Mild
DX_006347,ADM_03990,P_03025,J44.9,"Chronic obstructive pulmonary disease, unspecified",Secondary,2025-03-24,Severe
DX_006348,ADM_03991,P_00155,C34.90,Malignant neoplasm of unspecified part of bronchus or lung,Primary,2024-07-12,Severe
DX_006349,ADM_03991,P_00155,N18.9,"Chronic kidney disease, unspecified",Secondary,2024-07-12,Severe
DX_006350,ADM_03992,P_00964,N18.9,"Chronic kidney disease, unspecified",Primary,2024-07-22,Severe
DX_006351,ADM_03992,P_00964,I50.9,"Heart failure, unspecified",SECONDARY,2024/07/22 00:00:00,Severe
DX_006352,ADM_03993,P_01232,A41.9,"Sepsis, unspecified organism",Primary,2025-03-04,Severe
DX_006353,ADM_03993,P_01232,F32.9,"Major depressive disorder, single episode",Secondary,2025-03-04,Moderate
DX_006354,ADM_03994,P_00474,A41.9,"Sepsis, unspecified organism",Primary,2024-07-13,Severe
DX_006355,ADM_03994,P_00474,J44.9,"Chronic obstructive pulmonary disease, unspecified",Secondary,2024-07-13,Severe
DX_006356,ADM_03995,P_01861,A41.9,"Sepsis, unspecified organism",Primary,2024-09-08,Severe
DX_006357,ADM_03996,P_02534,I10,Essential (primary) hypertension,Primary,2024-02-07,Moderate
DX_006358,ADM_03996,P_02534,F32.9,"Major depressive disorder, single episode",secondary,2024-02-07,Moderate
DX_006359,ADM_03997,P_00246,I10,Essential (primary) hypertension,Primary,2024-03-23,Moderate
DX_006360,ADM_03997,P_00246,N18.9,"Chronic kidney disease, unspecified",Secondary,2024-03-23,Severe
DX_006361,ADM_03998,P_00246,I50.9,"Heart failure, unspecified",Primary,2024-04-20,Severe
DX_006362,ADM_03998,P_00246,J44.9,"Chronic obstructive pulmonary disease, unspecified",Secondary,2024-04-20,Severe
DX_006363,ADM_03999,P_03407,I50.9,"Heart failure, unspecified",Primary,2025-01-03,Severe
DX_006364,ADM_03999,P_03407,I10,Essential (primary) hypertension,Secondary,2025-01-03,moderate
DX_006365,ADM_04000,P_01869,K21.9,Gastro-esophageal reflux disease without esophagitis,Primary,2025-01-11,Mild
DX_006366,ADM_04000,P_01869,N18.9,"Chronic kidney disease, unspecified",Secondary,2025-01-11,Severe
DX_006367,ADM_04001,P_02613,A41.9,"Sepsis, unspecified organism",Primary,2025-01-13,Severe
DX_006368,ADM_04001,P_02613,J18.9,"Pneumonia, unspecified organism",Secondary,2025-01-13,Moderate
DX_006369,ADM_04002,P_01843,M54.5,Low back pain,Primary,2024-01-11,Mild
DX_006370,ADM_04003,P_01843,F32.9,"Major depressive disorder, single episode",  Primary  ,2024-02-01,Moderate
DX_006371,ADM_04004,P_02983,F32.9,"Major depressive disorder, single episode",Primary,2024-11-20,Moderate
DX_006372,ADM_04004,P_02983,I21.9,"Acute myocardial infarction, unspecified",Secondary,2024/11/20 00:00:00,Severe
DX_006373,ADM_04005,P_03147,K21.9,Gastro-esophageal reflux disease without esophagitis,Primary,2025-04-22,Mild
DX_006374,ADM_04006,P_00085,N18.9,"Chronic kidney disease, unspecified",Primary,2025-01-24,Severe
DX_006375,ADM_04006,P_00085,E11.9,Type 2 diabetes mellitus without complications,Secondary,2025-01-24,Moderate
DX_006376,ADM_04007,P_02564,N18.9,"Chronic kidney disease, unspecified",Primary,2025-01-15,Severe
DX_006377,ADM_04007,P_02564,J18.9,"Pneumonia, unspecified organism",Secondary,2025-01-15,MODERATE
DX_006378,ADM_04008,P_02212,I50.9,"Heart failure, unspecified",Primary,2024-06-10,Severe
DX_006379,ADM_04009,P_00019,N18.9,"Chronic kidney disease, unspecified",Primary,2024-06-10,Severe
DX_006380,ADM_04009,P_00019,E11.9,Type 2 diabetes mellitus without complications,Secondary,2024-06-10,Moderate
DX_006381,ADM_04010,P_00019,C34.90,Malignant neoplasm of unspecified part of bronchus or lung,Primary,2024-06-23,Severe
DX_006382,ADM_04011,P_03350,C34.90,Malignant neoplasm of unspecified part of bronchus or lung,Primary,30-03-2024,Severe
DX_006383,ADM_04011,P_03350,J44.9,"Chronic obstructive pulmonary disease, unspecified",Secondary,2024-03-30,Severe
DX_006384,ADM_04012,P_00009,N18.9,"Chronic kidney disease, unspecified",Primary,2024-03-19,Severe
DX_006385,ADM_04013,P_01383,A41.9,"Sepsis, unspecified organism",Primary,2024-08-16,Severe
DX_006386,ADM_04013,P_01383,N18.9,"Chronic kidney disease, unspecified",Secondary,2024-08-16,Severe
DX_006387,ADM_04014,P_02524,A41.9,"Sepsis, unspecified organism",Primary,2025-02-16,Severe
DX_006388,ADM_04014,P_02524,N18.9,"Chronic kidney disease, unspecified",Secondary,2025-02-16,Severe
DX_006389,ADM_04015,P_01739,C34.90,Malignant neoplasm of unspecified part of bronchus or lung,  Primary  ,2024-09-27,Severe
DX_006390,ADM_04015,P_01739,I50.9,"Heart failure, unspecified",Secondary,2024-09-27,Severe
DX_006391,ADM_04016,P_03498,I10,Essential (primary) hypertension,Primary,02/23/2025,Moderate
DX_006392,ADM_04016,P_03498,E11.9,Type 2 diabetes mellitus without complications,Secondary,2025-02-23,Moderate
DX_006393,ADM_04017,P_03452,I50.9,"Heart failure, unspecified",Primary,2024-09-16,Severe
DX_006394,ADM_04018,P_00718,I10,Essential (primary) hypertension,Primary,2025-05-04,Moderate
DX_006395,ADM_04019,P_02229,C34.90,Malignant neoplasm of unspecified part of bronchus or lung,Primary,2025-02-04,Severe
DX_006396,ADM_04019,P_02229,E11.9,Type 2 diabetes mellitus without complications,Secondary,2025-02-04,Moderate
DX_006397,ADM_04020,P_03453,F32.9,"Major depressive disorder, single episode",Primary,2024-10-01,Moderate
DX_006398,ADM_04020,P_03453,C34.90,Malignant neoplasm of unspecified part of bronchus or lung,Secondary,2024-10-01,Severe
DX_006399,ADM_04021,P_02846,F32.9,"Major depressive disorder, single episode",Primary,2024-02-24,Moderate
DX_006400,ADM_04022,P_01240,I50.9,"Heart failure, unspecified",Primary,12/25/2024,severe
DX_006401,ADM_04022,P_01240,M54.5,Low back pain,Secondary,2024-12-25,Mild
DX_006402,ADM_04023,P_02792,J44.9,"Chronic obstructive pulmonary disease, unspecified",Primary,2025-04-17,Severe
DX_006403,ADM_04024,P_01824,J18.9,"Pneumonia, unspecified organism",Primary,2024-12-25,Moderate
DX_006404,ADM_04025,P_01824,F32.9,"Major depressive disorder, single episode",PRIMARY,2025-01-04,Moderate
DX_006405,ADM_04026,P_03486,C34.90,Malignant neoplasm of unspecified part of bronchus or lung,Primary,2024-07-31,severe
DX_006406,ADM_04027,P_01506,I21.9,"Acute myocardial infarction, unspecified",Primary,2024-02-13,Severe
DX_006407,ADM_04027,P_01506,E11.9,Type 2 diabetes mellitus without complications,Secondary,2024-02-13,Moderate
DX_006408,ADM_04028,P_00828,I21.9,"Acute myocardial infarction, unspecified",Primary,2024-02-28,SEVERE
DX_006409,ADM_04029,P_01618,N18.9,"Chronic kidney disease, unspecified",Primary,2024-07-29,Severe
DX_006410,ADM_04030,P_03024,M54.5,Low back pain,Primary,2024-02-21,Mild
DX_006411,ADM_04031,P_03441,I50.9,"Heart failure, unspecified",Primary,2024-08-06,SEVERE
DX_006412,ADM_04031,P_03441,J44.9,"Chronic obstructive pulmonary disease, unspecified",Secondary,2024-08-06,Severe
DX_006413,ADM_04032,P_01912,I21.9,"Acute myocardial infarction, unspecified",Primary,2025-05-15,Severe
DX_006414,ADM_04033,P_01820,C34.90,Malignant neoplasm of unspecified part of bronchus or lung,Primary,2024-10-02,Severe
DX_006415,ADM_04033,P_01820,J18.9,"Pneumonia, unspecified organism",Secondary,2024-10-02,Moderate
DX_006416,ADM_04034,P_02013,J18.9,"Pneumonia, unspecified organism",Primary,2025-02-19,Moderate
DX_006417,ADM_04034,P_02013,I21.9,"Acute myocardial infarction, unspecified",  Secondary  ,2025-02-19,Severe
DX_006418,ADM_04035,P_02013,J18.9,"Pneumonia, unspecified organism",Primary,2025-03-20,Moderate
DX_006419,ADM_04036,P_01581,I10,Essential (primary) hypertension,Primary,2024-04-24,Moderate
DX_006420,ADM_04037,P_01021,J44.9,"Chronic obstructive pulmonary disease, unspecified",Primary,2025-01-13,Severe
DX_006421,ADM_04037,P_01021,I21.9,"Acute myocardial infarction, unspecified",Secondary,2025-01-13,Severe
DX_006422,ADM_04038,P_02520,I10,Essential (primary) hypertension,Primary,2024-12-30,Moderate
DX_006423,ADM_04038,P_02520,I21.9,"Acute myocardial infarction, unspecified",Secondary,2024-12-30,Severe
DX_006424,ADM_04039,P_03261,C34.90,Malignant neoplasm of unspecified part of bronchus or lung,Primary,2024-06-28,Severe
DX_006425,ADM_04039,P_03261,M54.5,Low back pain,Secondary,2024-06-28,Mild
DX_006426,ADM_04040,P_03261,A41.9,"Sepsis, unspecified organism",Primary,2024-07-20,Severe
DX_006427,ADM_04041,P_02734,C34.90,Malignant neoplasm of unspecified part of bronchus or lung,Primary,2024-03-13,Severe
DX_006428,ADM_04041,P_02734,I21.9,"Acute myocardial infarction, unspecified",Secondary,2024-03-13,Severe
DX_006429,ADM_04042,P_02013,J18.9,"Pneumonia, unspecified organism",Primary,2024-06-21,Moderate
DX_006430,ADM_04042,P_02013,J44.9,"Chronic obstructive pulmonary disease, unspecified",  Secondary  ,2024-06-21,Severe
DX_006431,ADM_04043,P_02013,C34.90,Malignant neoplasm of unspecified part of bronchus or lung,Primary,2024-07-17,Severe
DX_006432,ADM_04043,P_02013,J18.9,"Pneumonia, unspecified organism",Secondary,2024-07-17,moderate
DX_006433,ADM_04044,P_02632,E11.9,Type 2 diabetes mellitus without complications,Primary,2025-05-15,Moderate
DX_006434,ADM_04044,P_02632,C34.90,Malignant neoplasm of unspecified part of bronchus or lung,Secondary,05/15/2025,Severe
DX_006435,ADM_04045,P_00943,J18.9,"Pneumonia, unspecified organism",Primary,2025-01-31,Moderate
DX_006436,ADM_04046,P_02800,I21.9,"Acute myocardial infarction, unspecified",Primary,2024-12-15,Severe
DX_006437,ADM_04046,P_02800,K21.9,Gastro-esophageal reflux disease without esophagitis,Secondary,2024/12/15 00:00:00,Mild
DX_006438,ADM_04047,P_02800,E11.9,Type 2 diabetes mellitus without complications,Primary,08-01-2025,Moderate
DX_006439,ADM_04048,P_03130,I10,Essential (primary) hypertension,Primary,2024-02-14,Moderate
DX_006440,ADM_04048,P_03130,J18.9,"Pneumonia, unspecified organism",secondary,02/14/2024,Moderate
DX_006441,ADM_04049,P_03130,I10,Essential (primary) hypertension,  Primary  ,2024-03-18,Moderate
DX_006442,ADM_04050,P_03243,I21.9,"Acute myocardial infarction, unspecified",Primary,2024-01-14,Severe
DX_006443,ADM_04051,P_01440,I50.9,"Heart failure, unspecified",Primary,2024-11-23,Severe
DX_006444,ADM_04051,P_01440,I10,Essential (primary) hypertension,Secondary,2024-11-23,Moderate
DX_006445,ADM_04052,P_01123,M54.5,Low back pain,Primary,2024-04-14,Mild
DX_006446,ADM_04053,P_01123,E11.9,Type 2 diabetes mellitus without complications,Primary,2024-05-11,Moderate
DX_006447,ADM_04054,P_01815,A41.9,"Sepsis, unspecified organism",Primary,2024-11-18,Severe
DX_006448,ADM_04054,P_01815,I10,Essential (primary) hypertension,Secondary,2024-11-18,Moderate
DX_006449,ADM_04055,P_01165,E11.9,Type 2 diabetes mellitus without complications,Primary,2024-03-15,Moderate
DX_006450,ADM_04056,P_01900,F32.9,"Major depressive disorder, single episode",Primary,2024-03-14,Moderate
DX_006451,ADM_04057,P_01189,C34.90,Malignant neoplasm of unspecified part of bronchus or lung,Primary,2024-01-11,Severe
DX_006452,ADM_04057,P_01189,E11.9,Type 2 diabetes mellitus without complications,Secondary,2024-01-11,Moderate
DX_006453,ADM_04058,P_00535,M54.5,Low back pain,Primary,2024-11-23,Mild
DX_006454,ADM_04059,P_02988,N18.9,"Chronic kidney disease, unspecified",Primary,2024-09-24,Severe
DX_006455,ADM_04060,P_02615,C34.90,Malignant neoplasm of unspecified part of bronchus or lung,Primary,2024-10-25,Severe
DX_006456,ADM_04060,P_02615,I50.9,"Heart failure, unspecified",Secondary,2024-10-25,Severe
DX_006457,ADM_04061,P_00692,J44.9,"Chronic obstructive pulmonary disease, unspecified",Primary,12/29/2024,Severe
DX_006458,ADM_04061,P_00692,K21.9,Gastro-esophageal reflux disease without esophagitis,Secondary,2024-12-29,Mild
DX_006459,ADM_04062,P_01085,I50.9,"Heart failure, unspecified",PRIMARY,2025-02-08,SEVERE
DX_006460,ADM_04063,P_00843,I50.9,"Heart failure, unspecified",Primary,2024-02-22,Severe
DX_006461,ADM_04064,P_00394,M54.5,Low back pain,Primary,2024-12-09,Mild
DX_006462,ADM_04065,P_00394,J18.9,"Pneumonia, unspecified organism",Primary,2024-12-27,Moderate
DX_006463,ADM_04065,P_00394,F32.9,"Major depressive disorder, single episode",SECONDARY,2024-12-27,Moderate
DX_006464,ADM_04066,P_01090,J18.9,"Pneumonia, unspecified organism",Primary,2024-05-11,Moderate
DX_006465,ADM_04066,P_01090,I21.9,"Acute myocardial infarction, unspecified",Secondary,2024-05-11,Severe
DX_006466,ADM_04067,P_03041,K21.9,Gastro-esophageal reflux disease without esophagitis,Primary,2024-05-13,Mild
DX_006467,ADM_04067,P_03041,J44.9,"Chronic obstructive pulmonary disease, unspecified",Secondary,2024-05-13,Severe
DX_006468,ADM_04068,P_03481,A41.9,"Sepsis, unspecified organism",PRIMARY,2024-06-04,Severe
DX_006469,ADM_04068,P_03481,I10,Essential (primary) hypertension,Secondary,2024-06-04,Moderate
DX_006470,ADM_04069,P_03270,A41.9,"Sepsis, unspecified organism",Primary,2025-04-26,Severe
DX_006471,ADM_04070,P_03270,I10,Essential (primary) hypertension,Primary,2025-05-16,Moderate
DX_006472,ADM_04070,P_03270,A41.9,"Sepsis, unspecified organism",Secondary,2025-05-16,Severe
DX_006473,ADM_04071,P_01890,I50.9,"Heart failure, unspecified",Primary,2024-05-06,Severe
DX_006474,ADM_04071,P_01890,K21.9,Gastro-esophageal reflux disease without esophagitis,SECONDARY,2024-05-06,Mild
DX_006475,ADM_04072,P_02267,F32.9,"Major depressive disorder, single episode",Primary,2024-06-16,  Moderate  
DX_006476,ADM_04072,P_02267,I50.9,"Heart failure, unspecified",Secondary,2024-06-16,Severe
DX_006477,ADM_04073,P_02565,J18.9,"Pneumonia, unspecified organism",Primary,2024-01-04,Moderate
DX_006478,ADM_04073,P_02565,I10,Essential (primary) hypertension,Secondary,2024-01-04,  Moderate  
DX_006479,ADM_04074,P_01801,J44.9,"Chronic obstructive pulmonary disease, unspecified",Primary,2024-12-15,Severe
DX_006480,ADM_04074,P_01801,F32.9,"Major depressive disorder, single episode",Secondary,2024-12-15,Moderate
DX_006481,ADM_04075,P_01986,C34.90,Malignant neoplasm of unspecified part of bronchus or lung,Primary,2024-08-02,Severe
DX_006482,ADM_04075,P_01986,A41.9,"Sepsis, unspecified organism",Secondary,2024-08-02,Severe
DX_006483,ADM_04076,P_00472,F32.9,"Major depressive disorder, single episode",Primary,2024-10-06,Moderate
DX_006484,ADM_04076,P_00472,J18.9,"Pneumonia, unspecified organism",Secondary,2024-10-06,Moderate
DX_006485,ADM_04077,P_01785,A41.9,"Sepsis, unspecified organism",primary,2024-09-10,Severe
DX_006486,ADM_04077,P_01785,F32.9,"Major depressive disorder, single episode",Secondary,2024-09-10,Moderate
DX_006487,ADM_04078,P_02485,C34.90,Malignant neoplasm of unspecified part of bronchus or lung,Primary,2024-10-03,Severe
DX_006488,ADM_04078,P_02485,J44.9,"Chronic obstructive pulmonary disease, unspecified",  Secondary  ,2024-10-03,Severe
DX_006489,ADM_04079,P_00523,I50.9,"Heart failure, unspecified",Primary,2024-07-04,Severe
DX_006490,ADM_04079,P_00523,C34.90,Malignant neoplasm of unspecified part of bronchus or lung,Secondary,2024-07-04,Severe
DX_006491,ADM_04080,P_03101,F32.9,"Major depressive disorder, single episode",Primary,2024-10-01,Moderate
DX_006492,ADM_04081,P_03101,I10,Essential (primary) hypertension,Primary,2024-10-18,Moderate
DX_006493,ADM_04082,P_01018,J44.9,"Chronic obstructive pulmonary disease, unspecified",Primary,2024-02-25,Severe
DX_006494,ADM_04083,P_01276,N18.9,"Chronic kidney disease, unspecified",Primary,2024-02-24,Severe
DX_006495,ADM_04083,P_01276,C34.90,Malignant neoplasm of unspecified part of bronchus or lung,Secondary,2024-02-24,Severe
DX_006496,ADM_04084,P_03137,N18.9,"Chronic kidney disease, unspecified",Primary,2024-12-01,Severe
DX_006497,ADM_04084,P_03137,I21.9,"Acute myocardial infarction, unspecified",Secondary,2024-12-01,Severe
DX_006498,ADM_04085,P_01895,C34.90,Malignant neoplasm of unspecified part of bronchus or lung,Primary,2024/10/17 00:00:00,  Severe  
DX_006499,ADM_04085,P_01895,E11.9,Type 2 diabetes mellitus without complications,secondary,2024-10-17,Moderate
DX_006500,ADM_04086,P_02578,K21.9,Gastro-esophageal reflux disease without esophagitis,Primary,2025-02-28,Mild
DX_006501,ADM_04087,P_01284,C34.90,Malignant neoplasm of unspecified part of bronchus or lung,Primary,2024-05-08,Severe
DX_006502,ADM_04087,P_01284,N18.9,"Chronic kidney disease, unspecified",Secondary,2024-05-08,Severe
DX_006503,ADM_04088,P_00034,M54.5,Low back pain,Primary,2024-03-09,Mild
DX_006504,ADM_04088,P_00034,A41.9,"Sepsis, unspecified organism",Secondary,2024-03-09,Severe
DX_006505,ADM_04089,P_00034,J44.9,"Chronic obstructive pulmonary disease, unspecified",  Primary  ,2024-04-01,Severe
DX_006506,ADM_04089,P_00034,A41.9,"Sepsis, unspecified organism",  Secondary  ,2024-04-01,Severe
DX_006507,ADM_04090,P_00431,K21.9,Gastro-esophageal reflux disease without esophagitis,Primary,2024-07-16,Mild
DX_006508,ADM_04091,P_03390,C34.90,Malignant neoplasm of unspecified part of bronchus or lung,Primary,2024-01-03,Severe
DX_006509,ADM_04092,P_01155,I21.9,"Acute myocardial infarction, unspecified",UNKNOWN_VAL,2024-09-06,Severe
DX_006510,ADM_04093,P_02156,J44.9,"Chronic obstructive pulmonary disease, unspecified",Primary,2024-12-02,Severe
DX_006511,ADM_04093,P_02156,K21.9,Gastro-esophageal reflux disease without esophagitis,Secondary,2024-12-02,Mild
DX_006512,ADM_04094,P_03100,E11.9,Type 2 diabetes mellitus without complications,Primary,2024-10-31,Moderate
DX_006513,ADM_04095,P_00184,J18.9,"Pneumonia, unspecified organism",Primary,2024-05-13,Moderate
DX_006514,ADM_04096,P_00184,M54.5,Low back pain,Primary,2024-06-05,Mild
DX_006515,ADM_04096,P_00184,N18.9,"Chronic kidney disease, unspecified",  Secondary  ,2024-06-05,Severe
DX_006516,ADM_04097,P_01211,J18.9,"Pneumonia, unspecified organism",Primary,2024-03-20,Moderate
DX_006517,ADM_04098,P_01032,I50.9,"Heart failure, unspecified",Primary,2024-03-05,Severe
DX_006518,ADM_04099,P_01855,I50.9,"Heart failure, unspecified",Primary,2024-09-25,Severe
DX_006519,ADM_04099,P_01855,N18.9,"Chronic kidney disease, unspecified",Secondary,2024-09-25,Severe
DX_006520,ADM_04100,P_01577,N18.9,"Chronic kidney disease, unspecified",Primary,2024-08-02,Severe
DX_006521,ADM_04101,P_02271,F32.9,"Major depressive disorder, single episode",Primary,2024-07-05,Moderate
DX_006522,ADM_04101,P_02271,A41.9,"Sepsis, unspecified organism",Secondary,2024-07-05,Severe
DX_006523,ADM_04102,P_02271,F32.9,"Major depressive disorder, single episode",  Primary  ,2024-07-30,Moderate
DX_006524,ADM_04103,P_02260,J44.9,"Chronic obstructive pulmonary disease, unspecified",Primary,2024-01-07,Severe
DX_006525,ADM_04104,P_01361,F32.9,"Major depressive disorder, single episode",Primary,2024-08-21,  Moderate  
DX_006526,ADM_04104,P_01361,N18.9,"Chronic kidney disease, unspecified",Secondary,2024-08-21,Severe
DX_006527,ADM_04105,P_02146,I50.9,"Heart failure, unspecified",Primary,2024-11-18,Severe
DX_006528,ADM_04105,P_02146,F32.9,"Major depressive disorder, single episode",Secondary,2024-11-18,Moderate
DX_006529,ADM_04106,P_02569,I50.9,"Heart failure, unspecified",Primary,2024-01-27,Severe
DX_006530,ADM_04106,P_02569,J18.9,"Pneumonia, unspecified organism",Secondary,2024-01-27,Moderate
DX_006531,ADM_04107,P_01861,A41.9,"Sepsis, unspecified organism",Primary,2024-02-01,Severe
DX_006532,ADM_04108,P_03128,J44.9,"Chronic obstructive pulmonary disease, unspecified",Primary,2024-10-19,  Severe  
DX_006533,ADM_04109,P_02899,I50.9,"Heart failure, unspecified",Primary,2024-08-27,Severe
DX_006534,ADM_04110,P_02899,I10,Essential (primary) hypertension,Primary,2024-09-08,Moderate
DX_006535,ADM_04110,P_02899,C34.90,Malignant neoplasm of unspecified part of bronchus or lung,Secondary,2024-09-08,Severe
DX_006536,ADM_04111,P_01428,I10,Essential (primary) hypertension,Primary,2025-05-14,Moderate
DX_006537,ADM_04111,P_01428,J44.9,"Chronic obstructive pulmonary disease, unspecified",Secondary,2025-05-14,Severe
DX_006538,ADM_04112,P_00011,E11.9,Type 2 diabetes mellitus without complications,Primary,2024-08-20,Moderate
DX_006539,ADM_04112,P_00011,J18.9,"Pneumonia, unspecified organism",Secondary,2024-08-20,Moderate
DX_006540,ADM_04113,P_02845,I10,Essential (primary) hypertension,Primary,2024-06-06,Moderate
DX_006541,ADM_04113,P_02845,K21.9,Gastro-esophageal reflux disease without esophagitis,Secondary,2024-06-06,Mild
DX_006542,ADM_04114,P_02289,I21.9,"Acute myocardial infarction, unspecified",primary,2024-04-20,Severe
DX_006543,ADM_04114,P_02289,K21.9,Gastro-esophageal reflux disease without esophagitis,Secondary,2024-04-20,Mild
DX_006544,ADM_04115,P_01255,J44.9,"Chronic obstructive pulmonary disease, unspecified",primary,2024-03-26,Severe
DX_006545,ADM_04115,P_01255,M54.5,Low back pain,Secondary,2024-03-26,Mild
DX_006546,ADM_04116,P_02387,I50.9,"Heart failure, unspecified",Primary,2024-09-06,Severe
DX_006547,ADM_04116,P_02387,J18.9,"Pneumonia, unspecified organism",Secondary,2024-09-06,Moderate
DX_006548,ADM_04117,P_01439,C34.90,Malignant neoplasm of unspecified part of bronchus or lung,Primary,2024-02-15,Severe
DX_006549,ADM_04118,P_03058,N18.9,"Chronic kidney disease, unspecified",Primary,2025-04-26,Severe
DX_006550,ADM_04118,P_03058,I10,Essential (primary) hypertension,Secondary,2025-04-26,Moderate
DX_006551,ADM_04119,P_02066,J18.9,"Pneumonia, unspecified organism",Primary,2024-08-21,Moderate
DX_006552,ADM_04119,P_02066,N18.9,"Chronic kidney disease, unspecified",  Secondary  ,2024-08-21,Severe
DX_006553,ADM_04120,P_02661,A41.9,"Sepsis, unspecified organism",Primary,2024-05-14,Severe
DX_006554,ADM_04121,P_03343,J18.9,"Pneumonia, unspecified organism",Primary,2024-02-19,Moderate
DX_006555,ADM_04122,P_00110,I10,Essential (primary) hypertension,Primary,2024-06-13,Moderate
DX_006556,ADM_04123,P_00852,J44.9,"Chronic obstructive pulmonary disease, unspecified",Primary,2024-12-23,Severe
DX_006557,ADM_04124,P_00852,F32.9,"Major depressive disorder, single episode",Primary,2025-01-17,Moderate
DX_006558,ADM_04124,P_00852,C34.90,Malignant neoplasm of unspecified part of bronchus or lung,Secondary,2025-01-17,Severe
DX_006559,ADM_04125,P_02742,F32.9,"Major depressive disorder, single episode",Primary,2025-02-08,Moderate
DX_006560,ADM_04125,P_02742,K21.9,Gastro-esophageal reflux disease without esophagitis,SECONDARY,2025-02-08,Mild
DX_006561,ADM_04126,P_02498,E11.9,Type 2 diabetes mellitus without complications,Primary,2024-02-03,Moderate
DX_006562,ADM_04126,P_02498,F32.9,"Major depressive disorder, single episode",Secondary,02/03/2024,Moderate
DX_006563,ADM_04127,P_02698,A41.9,"Sepsis, unspecified organism",Primary,2024-11-29,Severe
DX_006564,ADM_04127,P_02698,J18.9,"Pneumonia, unspecified organism",SECONDARY,2024-11-29,Moderate
DX_006565,ADM_04128,P_02081,A41.9,"Sepsis, unspecified organism",Primary,2024-12-15,Severe
DX_006566,ADM_04128,P_02081,I10,Essential (primary) hypertension,Secondary,2024-12-15,Moderate
DX_006567,ADM_04129,P_03485,M54.5,Low back pain,PRIMARY,2025-04-17,Mild
DX_006568,ADM_04129,P_03485,J44.9,"Chronic obstructive pulmonary disease, unspecified",Secondary,2025-04-17,Severe
DX_006569,ADM_04130,P_02524,M54.5,Low back pain,PRIMARY,2024-08-30,Mild
DX_006570,ADM_04130,P_02524,K21.9,Gastro-esophageal reflux disease without esophagitis,Secondary,2024-08-30,  Mild  
DX_006571,ADM_04131,P_03208,I50.9,"Heart failure, unspecified",Primary,2024-06-03,Severe
DX_006572,ADM_04131,P_03208,J18.9,"Pneumonia, unspecified organism",Secondary,2024-06-03,Moderate
DX_006573,ADM_04132,P_01055,J44.9,"Chronic obstructive pulmonary disease, unspecified",Primary,2025-03-06,Severe
DX_006574,ADM_04132,P_01055,M54.5,Low back pain,Secondary,2025-03-06,Mild
DX_006575,ADM_04133,P_01055,F32.9,"Major depressive disorder, single episode",Primary,2025-04-04,Moderate
DX_006576,ADM_04134,P_01630,I50.9,"Heart failure, unspecified",Primary,2025-01-11,Severe
DX_006577,ADM_04135,P_02021,A41.9,"Sepsis, unspecified organism",Primary,2024-01-11,Severe
DX_006578,ADM_04136,P_00093,F32.9,"Major depressive disorder, single episode",Primary,2024-08-21,Moderate
DX_006579,ADM_04136,P_00093,I10,Essential (primary) hypertension,Secondary,2024-08-21,Moderate
DX_006580,ADM_04137,P_00093,I50.9,"Heart failure, unspecified",Primary,2024-09-06,Severe
DX_006581,ADM_04138,P_03124,J44.9,"Chronic obstructive pulmonary disease, unspecified",Primary,2024-08-16,Severe
DX_006582,ADM_04138,P_03124,N18.9,"Chronic kidney disease, unspecified",Secondary,2024-08-16,Severe
DX_006583,ADM_04139,P_02527,J44.9,"Chronic obstructive pulmonary disease, unspecified",Primary,2024-06-18,Severe
DX_006584,ADM_04140,P_03111,M54.5,Low back pain,  Primary  ,2025-03-23,Mild
DX_006585,ADM_04140,P_03111,A41.9,"Sepsis, unspecified organism",SECONDARY,2025-03-23,Severe
DX_006586,ADM_04141,P_01100,N18.9,"Chronic kidney disease, unspecified",Primary,2025-02-22,Severe
DX_006587,ADM_04141,P_01100,J44.9,"Chronic obstructive pulmonary disease, unspecified",SECONDARY,2025-02-22,Severe
DX_006588,ADM_04142,P_01391,M54.5,Low back pain,Primary,2024-02-26,Mild
DX_006589,ADM_04143,P_01391,N18.9,"Chronic kidney disease, unspecified",Primary,2024-03-25,Severe
DX_006590,ADM_04143,P_01391,M54.5,Low back pain,Secondary,2024-03-25,Mild
DX_006591,ADM_04144,P_01202,J18.9,"Pneumonia, unspecified organism",Primary,2024-11-26,  Moderate  
DX_006592,ADM_04144,P_01202,K21.9,Gastro-esophageal reflux disease without esophagitis,SECONDARY,2024-11-26,Mild
DX_006593,ADM_04145,P_02779,I21.9,"Acute myocardial infarction, unspecified",Primary,2024-01-03,severe
DX_006594,ADM_04145,P_02779,J18.9,"Pneumonia, unspecified organism",Secondary,2024-01-03,Moderate
DX_006595,ADM_04146,P_02344,F32.9,"Major depressive disorder, single episode",Primary,2024-07-20,Moderate
DX_006596,ADM_04147,P_01263,J44.9,"Chronic obstructive pulmonary disease, unspecified",Primary,2025-02-03,Severe
DX_006597,ADM_04147,P_01263,N18.9,"Chronic kidney disease, unspecified",  Secondary  ,2025-02-03,Severe
DX_006598,ADM_04148,P_01938,E11.9,Type 2 diabetes mellitus without complications,Primary,2025-04-04,Moderate
DX_006599,ADM_04148,P_01938,J44.9,"Chronic obstructive pulmonary disease, unspecified",Secondary,2025-04-04,Severe
DX_006600,ADM_04149,P_01985,F32.9,"Major depressive disorder, single episode",Primary,2024-08-22,Moderate
DX_006601,ADM_04149,P_01985,N18.9,"Chronic kidney disease, unspecified",Secondary,2024-08-22,Severe
DX_006602,ADM_04150,P_01985,C34.90,Malignant neoplasm of unspecified part of bronchus or lung,Primary,2024-09-19,Severe
DX_006603,ADM_04150,P_01985,I10,Essential (primary) hypertension,Secondary,2024-09-19,Moderate
DX_006604,ADM_04151,P_00871,J18.9,"Pneumonia, unspecified organism",PRIMARY,2024-08-13,Moderate
DX_006605,ADM_04152,P_02532,E11.9,Type 2 diabetes mellitus without complications,Primary,2025-03-15,Moderate
DX_006606,ADM_04152,P_02532,C34.90,Malignant neoplasm of unspecified part of bronchus or lung,Secondary,2025-03-15,Severe
DX_006607,ADM_04153,P_01711,F32.9,"Major depressive disorder, single episode",Primary,2024-05-16,Moderate
DX_006608,ADM_04153,P_01711,J44.9,"Chronic obstructive pulmonary disease, unspecified",Secondary,2024-05-16,Severe
DX_006609,ADM_04154,P_02765,M54.5,Low back pain,Primary,2024-09-15,Mild
DX_006610,ADM_04154,P_02765,C34.90,Malignant neoplasm of unspecified part of bronchus or lung,Secondary,2024-09-15,Severe
DX_006611,ADM_04155,P_00552,N18.9,"Chronic kidney disease, unspecified",Primary,2024-12-13,Severe
DX_006612,ADM_04156,P_03199,I10,Essential (primary) hypertension,Primary,2024-09-01,Moderate
DX_006613,ADM_04156,P_03199,J18.9,"Pneumonia, unspecified organism",Secondary,2024-09-01,Moderate
DX_006614,ADM_04157,P_03184,A41.9,"Sepsis, unspecified organism",Primary,2024/10/11 00:00:00,Severe
DX_006615,ADM_04157,P_03184,E11.9,Type 2 diabetes mellitus without complications,Secondary,2024-10-11,MODERATE
DX_006616,ADM_04158,P_02054,F32.9,"Major depressive disorder, single episode",Primary,2024-07-12,Moderate
DX_006617,ADM_04159,P_01464,A41.9,"Sepsis, unspecified organism",Primary,2024/03/12 00:00:00,Severe
DX_006618,ADM_04160,P_02215,E11.9,Type 2 diabetes mellitus without complications,Primary,2024-01-13,Moderate
DX_006619,ADM_04161,P_01096,J44.9,"Chronic obstructive pulmonary disease, unspecified",Primary,2024-09-01,Severe
DX_006620,ADM_04161,P_01096,I10,Essential (primary) hypertension,Secondary,2024-09-01,Moderate
DX_006621,ADM_04162,P_02090,K21.9,Gastro-esophageal reflux disease without esophagitis,Primary,2024-02-27,Mild
DX_006622,ADM_04162,P_02090,E11.9,Type 2 diabetes mellitus without complications,SECONDARY,2024-02-27,Moderate
DX_006623,ADM_04163,P_01407,C34.90,Malignant neoplasm of unspecified part of bronchus or lung,Primary,2024-05-13,Severe
DX_006624,ADM_04163,P_01407,K21.9,Gastro-esophageal reflux disease without esophagitis,Secondary,2024-05-13,Mild
DX_006625,ADM_04164,P_01407,E11.9,Type 2 diabetes mellitus without complications,Primary,2024-05-28,Moderate
DX_006626,ADM_04164,P_01407,K21.9,Gastro-esophageal reflux disease without esophagitis,Secondary,2024-05-28,Mild
DX_006627,ADM_04165,P_02547,N18.9,"Chronic kidney disease, unspecified",Primary,2024-06-27,Severe
DX_006628,ADM_04165,P_02547,I50.9,"Heart failure, unspecified",secondary,2024-06-27,Severe
DX_006629,ADM_04166,P_02084,M54.5,Low back pain,Primary,2024-05-27,Mild
DX_006630,ADM_04166,P_02084,J18.9,"Pneumonia, unspecified organism",SECONDARY,2024-05-27,Moderate
DX_006631,ADM_04167,P_01276,J18.9,"Pneumonia, unspecified organism",Primary,2024-01-19,Moderate
DX_006632,ADM_04167,P_01276,M54.5,Low back pain,Secondary,2024-01-19,Mild
DX_006633,ADM_04168,P_03135,I50.9,"Heart failure, unspecified",Primary,2024-09-03,Severe
DX_006634,ADM_04168,P_03135,I21.9,"Acute myocardial infarction, unspecified",Secondary,2024-09-03,Severe
DX_006635,ADM_04169,P_02658,E11.9,Type 2 diabetes mellitus without complications,Primary,2025-03-12,MODERATE
DX_006636,ADM_04170,P_02656,E11.9,Type 2 diabetes mellitus without complications,Primary,11-04-2024,Moderate
DX_006637,ADM_04171,P_01491,A41.9,"Sepsis, unspecified organism",Primary,2024-06-27,Severe
DX_006638,ADM_04171,P_01491,M54.5,Low back pain,Secondary,2024-06-27,Mild
DX_006639,ADM_04172,P_02355,A41.9,"Sepsis, unspecified organism",Primary,2025-04-25,Severe
DX_006640,ADM_04172,P_02355,F32.9,"Major depressive disorder, single episode",Secondary,2025-04-25,Moderate
DX_006641,ADM_04173,P_02653,I10,Essential (primary) hypertension,Primary,2024-05-27,Moderate
DX_006642,ADM_04174,P_03470,N18.9,"Chronic kidney disease, unspecified",Primary,2025-01-03,Severe
DX_006643,ADM_04174,P_03470,J44.9,"Chronic obstructive pulmonary disease, unspecified",Secondary,2025-01-03,Severe
DX_006644,ADM_04175,P_03470,A41.9,"Sepsis, unspecified organism",Primary,2025-02-01,  Severe  
DX_006645,ADM_04176,P_01809,I50.9,"Heart failure, unspecified",Primary,2024-05-30,Severe
DX_006646,ADM_04177,P_03399,K21.9,Gastro-esophageal reflux disease without esophagitis,Primary,2024-10-06,MILD
DX_006647,ADM_04177,P_03399,J44.9,"Chronic obstructive pulmonary disease, unspecified",  Secondary  ,2024-10-06,Severe
DX_006648,ADM_04178,P_02129,F32.9,"Major depressive disorder, single episode",Primary,2024-11-05,Moderate
DX_006649,ADM_04179,P_00915,C34.90,Malignant neoplasm of unspecified part of bronchus or lung,Primary,2024/10/20 00:00:00,Severe
DX_006650,ADM_04179,P_00915,N18.9,"Chronic kidney disease, unspecified",Secondary,2024-10-20,Severe
DX_006651,ADM_04180,P_00842,E11.9,Type 2 diabetes mellitus without complications,Primary,2025-02-01,Moderate
DX_006652,ADM_04180,P_00842,I21.9,"Acute myocardial infarction, unspecified",Secondary,2025-02-01,Severe
DX_006653,ADM_04181,P_00842,J44.9,"Chronic obstructive pulmonary disease, unspecified",Primary,2025-02-14,Severe
DX_006654,ADM_04182,P_02072,M54.5,Low back pain,Primary,2024-02-11,mild
DX_006655,ADM_04182,P_02072,C34.90,Malignant neoplasm of unspecified part of bronchus or lung,Secondary,2024-02-11,  Severe  
DX_006656,ADM_04183,P_02157,M54.5,Low back pain,Primary,2025-02-16,Mild
DX_006657,ADM_04183,P_02157,K21.9,Gastro-esophageal reflux disease without esophagitis,Secondary,2025-02-16,Mild
DX_006658,ADM_04184,P_02157,J18.9,"Pneumonia, unspecified organism",Primary,2025-03-15,moderate
DX_006659,ADM_04185,P_02211,I21.9,"Acute myocardial infarction, unspecified",Primary,2024-04-06,Severe
DX_006660,ADM_04186,P_01303,I21.9,"Acute myocardial infarction, unspecified",Primary,2025-01-06,SEVERE
DX_006661,ADM_04186,P_01303,J18.9,"Pneumonia, unspecified organism",Secondary,2025-01-06,Moderate
DX_006662,ADM_04187,P_02312,I10,Essential (primary) hypertension,Primary,2024/11/23 00:00:00,Moderate
DX_006663,ADM_04187,P_02312,N18.9,"Chronic kidney disease, unspecified",secondary,2024-11-23,Severe
DX_006664,ADM_04188,P_02717,I50.9,"Heart failure, unspecified",Primary,2024/03/09 00:00:00,Severe
DX_006665,ADM_04188,P_02717,N18.9,"Chronic kidney disease, unspecified",Secondary,2024-03-09,Severe
DX_006666,ADM_04189,P_02855,K21.9,Gastro-esophageal reflux disease without esophagitis,Primary,2024-06-02,Mild
DX_006667,ADM_04189,P_02855,I50.9,"Heart failure, unspecified",Secondary,2024-06-02,SEVERE
DX_006668,ADM_04190,P_02178,J18.9,"Pneumonia, unspecified organism",Primary,2025-04-19,Moderate
DX_006669,ADM_04191,P_01810,I50.9,"Heart failure, unspecified",Primary,2024-10-20,Severe
DX_006670,ADM_04191,P_01810,J44.9,"Chronic obstructive pulmonary disease, unspecified",Secondary,2024-10-20,Severe
DX_006671,ADM_04192,P_00386,E11.9,Type 2 diabetes mellitus without complications,Primary,2024-07-31,Moderate
DX_006672,ADM_04192,P_00386,N18.9,"Chronic kidney disease, unspecified",Secondary,2024-07-31,Severe
DX_006673,ADM_04193,P_02124,I10,Essential (primary) hypertension,Primary,2024-08-18,Moderate
DX_006674,ADM_04193,P_02124,C34.90,Malignant neoplasm of unspecified part of bronchus or lung,Secondary,2024-08-18,Severe
DX_006675,ADM_04194,P_02847,I10,Essential (primary) hypertension,Primary,2024-06-27,moderate
DX_006676,ADM_04195,P_03018,J18.9,"Pneumonia, unspecified organism",Primary,2025-01-26,Moderate
DX_006677,ADM_04195,P_03018,I10,Essential (primary) hypertension,Secondary,2025-01-26,Moderate
DX_006678,ADM_04196,P_02937,N18.9,"Chronic kidney disease, unspecified",Primary,2024-04-13,Severe
DX_006679,ADM_04196,P_02937,I21.9,"Acute myocardial infarction, unspecified",Secondary,2024-04-13,Severe
DX_006680,ADM_04197,P_00229,K21.9,Gastro-esophageal reflux disease without esophagitis,Primary,2024-05-27,Mild
DX_006681,ADM_04197,P_00229,I50.9,"Heart failure, unspecified",Secondary,2024-05-27,Severe
DX_006682,ADM_04198,P_03137,E11.9,Type 2 diabetes mellitus without complications,Primary,2024-04-01,Moderate
DX_006683,ADM_04198,P_03137,M54.5,Low back pain,Secondary,2024-04-01,Mild
DX_006684,ADM_04199,P_03137,J18.9,"Pneumonia, unspecified organism",Primary,2024-04-11,Moderate
DX_006685,ADM_04200,P_03209,M54.5,Low back pain,PRIMARY,01-11-2024,Mild
DX_006686,ADM_04200,P_03209,N18.9,"Chronic kidney disease, unspecified",Secondary,2024-11-01,Severe
DX_006687,ADM_04201,P_03209,A41.9,"Sepsis, unspecified organism",Primary,28-11-2024,Severe
DX_006688,ADM_04201,P_03209,I50.9,"Heart failure, unspecified",Secondary,2024-11-28,Severe
DX_006689,ADM_04202,P_00631,K21.9,Gastro-esophageal reflux disease without esophagitis,Primary,2024-02-21,Mild
DX_006690,ADM_04202,P_00631,I50.9,"Heart failure, unspecified",Secondary,2024-02-21,Severe
DX_006691,ADM_04203,P_00137,J18.9,"Pneumonia, unspecified organism",Primary,2024-09-25,Moderate
DX_006692,ADM_04204,P_00137,E11.9,Type 2 diabetes mellitus without complications,Primary,2024-10-22,Moderate
DX_006693,ADM_04204,P_00137,I21.9,"Acute myocardial infarction, unspecified",Secondary,2024-10-22,Severe
DX_006694,ADM_04205,P_01985,I50.9,"Heart failure, unspecified",Primary,2024-04-28,Severe
DX_006695,ADM_04205,P_01985,J44.9,"Chronic obstructive pulmonary disease, unspecified",Secondary,2024-04-28,Severe
DX_006696,ADM_04206,P_01985,F32.9,"Major depressive disorder, single episode",Primary,2024-05-16,Moderate
DX_006697,ADM_04206,P_01985,N18.9,"Chronic kidney disease, unspecified",Secondary,2024-05-16,Severe
DX_006698,ADM_04207,P_00744,I10,Essential (primary) hypertension,Primary,2025-05-11,Moderate
DX_006699,ADM_04208,P_01631,A41.9,"Sepsis, unspecified organism",Primary,2024-02-07,Severe
DX_006700,ADM_04208,P_01631,N18.9,"Chronic kidney disease, unspecified",Secondary,2024-02-07,Severe
DX_006701,ADM_04209,P_03297,I21.9,"Acute myocardial infarction, unspecified",Primary,2024-12-05,Severe
DX_006702,ADM_04210,P_01355,C34.90,Malignant neoplasm of unspecified part of bronchus or lung,primary,2024-02-18,Severe
DX_006703,ADM_04210,P_01355,M54.5,Low back pain,Secondary,2024-02-18,Mild
DX_006704,ADM_04211,P_01102,I21.9,"Acute myocardial infarction, unspecified",Primary,2025-04-29,Severe
DX_006705,ADM_04212,P_01102,J18.9,"Pneumonia, unspecified organism",Primary,2025-05-16,  Moderate  
DX_006706,ADM_04212,P_01102,K21.9,Gastro-esophageal reflux disease without esophagitis,Secondary,2025-05-16,Mild
DX_006707,ADM_04213,P_01562,K21.9,Gastro-esophageal reflux disease without esophagitis,PRIMARY,2024-07-06,Mild
DX_006708,ADM_04213,P_01562,E11.9,Type 2 diabetes mellitus without complications,Secondary,2024-07-06,Moderate
DX_006709,ADM_04214,P_02196,C34.90,Malignant neoplasm of unspecified part of bronchus or lung,Primary,2024-03-27,severe
DX_006710,ADM_04214,P_02196,J44.9,"Chronic obstructive pulmonary disease, unspecified",Secondary,2024-03-27,Severe
DX_006711,ADM_04215,P_00581,C34.90,Malignant neoplasm of unspecified part of bronchus or lung,Primary,2024-06-19,Severe
DX_006712,ADM_04216,P_00691,J44.9,"Chronic obstructive pulmonary disease, unspecified",Primary,2024-01-19,Severe
DX_006713,ADM_04217,P_01476,M54.5,Low back pain,Primary,2024-01-24,Mild
DX_006714,ADM_04218,P_00475,F32.9,"Major depressive disorder, single episode",  Primary  ,2024-11-09,Moderate
DX_006715,ADM_04218,P_00475,C34.90,Malignant neoplasm of unspecified part of bronchus or lung,Secondary,2024-11-09,Severe
DX_006716,ADM_04219,P_02175,J44.9,"Chronic obstructive pulmonary disease, unspecified",Primary,2024-03-10,SEVERE
DX_006717,ADM_04220,P_00805,C34.90,Malignant neoplasm of unspecified part of bronchus or lung,UNKNOWN_VAL,2024-01-27,Severe
DX_006718,ADM_04220,P_00805,E11.9,Type 2 diabetes mellitus without complications,Secondary,2024-01-27,Moderate
DX_006719,ADM_04221,P_01716,I50.9,"Heart failure, unspecified",Primary,2025-02-10,Severe
DX_006720,ADM_04221,P_01716,A41.9,"Sepsis, unspecified organism",Secondary,2025-02-10,Severe
DX_006721,ADM_04222,P_00897,E11.9,Type 2 diabetes mellitus without complications,Primary,2024-07-06,Moderate
DX_006722,ADM_04222,P_00897,F32.9,"Major depressive disorder, single episode",Secondary,2024-07-06,Moderate
DX_006723,ADM_04223,P_01519,I50.9,"Heart failure, unspecified",Primary,2024-10-11,Severe
DX_006724,ADM_04223,P_01519,J44.9,"Chronic obstructive pulmonary disease, unspecified",Secondary,2024-10-11,Severe
DX_006725,ADM_04224,P_01519,E11.9,Type 2 diabetes mellitus without complications,Primary,2024-10-25,Moderate
DX_006726,ADM_04225,P_02310,A41.9,"Sepsis, unspecified organism",Primary,2024-06-01,Severe
DX_006727,ADM_04225,P_02310,M54.5,Low back pain,Secondary,2024-06-01,Mild
DX_006728,ADM_04226,P_00174,J18.9,"Pneumonia, unspecified organism",Primary,2025-03-23,Moderate
DX_006729,ADM_04226,P_00174,E11.9,Type 2 diabetes mellitus without complications,Secondary,2025-03-23,Moderate
DX_006730,ADM_04227,P_00855,N18.9,"Chronic kidney disease, unspecified",Primary,2025-04-09,Severe
DX_006731,ADM_04227,P_00855,F32.9,"Major depressive disorder, single episode",Secondary,2025-04-09,Moderate
DX_006732,ADM_04228,P_00516,C34.90,Malignant neoplasm of unspecified part of bronchus or lung,Primary,2024-11-18,Severe
DX_006733,ADM_04228,P_00516,N18.9,"Chronic kidney disease, unspecified",Secondary,2024-11-18,Severe
DX_006734,ADM_04229,P_00516,J18.9,"Pneumonia, unspecified organism",Primary,2024-12-03,Moderate
DX_006735,ADM_04229,P_00516,I50.9,"Heart failure, unspecified",Secondary,2024-12-03,Severe
DX_006736,ADM_04230,P_01517,M54.5,Low back pain,Primary,2024-02-22,Mild
DX_006737,ADM_04231,P_01690,K21.9,Gastro-esophageal reflux disease without esophagitis,Primary,2024-06-26,Mild
DX_006738,ADM_04231,P_01690,F32.9,"Major depressive disorder, single episode",Secondary,2024-06-26,Moderate
DX_006739,ADM_04232,P_02507,I21.9,"Acute myocardial infarction, unspecified",Primary,2024-11-26,Severe
DX_006740,ADM_04232,P_02507,K21.9,Gastro-esophageal reflux disease without esophagitis,Secondary,2024-11-26,Mild
DX_006741,ADM_04233,P_02420,J44.9,"Chronic obstructive pulmonary disease, unspecified",Primary,19-03-2025,Severe
DX_006742,ADM_04233,P_02420,I50.9,"Heart failure, unspecified",Secondary,2025-03-19,Severe
DX_006743,ADM_04234,P_02420,N18.9,"Chronic kidney disease, unspecified",Primary,2025-04-03,Severe
DX_006744,ADM_04234,P_02420,M54.5,Low back pain,Secondary,2025-04-03,Mild
DX_006745,ADM_04235,P_00745,A41.9,"Sepsis, unspecified organism",Primary,2024-05-09,Severe
DX_006746,ADM_04236,P_02828,K21.9,Gastro-esophageal reflux disease without esophagitis,Primary,2024-10-20,Mild
DX_006747,ADM_04236,P_02828,I10,Essential (primary) hypertension,Secondary,2024-10-20,Moderate
DX_006748,ADM_04237,P_03493,M54.5,Low back pain,Primary,2024-08-28,Mild
DX_006749,ADM_04237,P_03493,J44.9,"Chronic obstructive pulmonary disease, unspecified",SECONDARY,2024-08-28,Severe
DX_006750,ADM_04238,P_01009,I50.9,"Heart failure, unspecified",Primary,2025-01-23,Severe
DX_006751,ADM_04239,P_02752,A41.9,"Sepsis, unspecified organism",Primary,2025-03-08,Severe
DX_006752,ADM_04240,P_00203,C34.90,Malignant neoplasm of unspecified part of bronchus or lung,Primary,2024-10-07,Severe
DX_006753,ADM_04240,P_00203,E11.9,Type 2 diabetes mellitus without complications,Secondary,2024-10-07,Moderate
DX_006754,ADM_04241,P_00886,M54.5,Low back pain,Primary,2024-10-10,Mild
DX_006755,ADM_04241,P_00886,I50.9,"Heart failure, unspecified",Secondary,2024-10-10,SEVERE
DX_006756,ADM_04242,P_01105,A41.9,"Sepsis, unspecified organism",Primary,2025-01-01,Severe
DX_006757,ADM_04243,P_01352,K21.9,Gastro-esophageal reflux disease without esophagitis,Primary,2024-03-10,Mild
DX_006758,ADM_04243,P_01352,J44.9,"Chronic obstructive pulmonary disease, unspecified",Secondary,2024-03-10,Severe
DX_006759,ADM_04244,P_00700,E11.9,Type 2 diabetes mellitus without complications,Primary,2024-05-02,Moderate
DX_006760,ADM_04244,P_00700,F32.9,"Major depressive disorder, single episode",Secondary,2024-05-02,Moderate
DX_006761,ADM_04245,P_00229,F32.9,"Major depressive disorder, single episode",Primary,01/14/2024,Moderate
DX_006762,ADM_04246,P_00702,E11.9,Type 2 diabetes mellitus without complications,Primary,2024-12-03,Moderate
DX_006763,ADM_04247,P_01364,J44.9,"Chronic obstructive pulmonary disease, unspecified",Primary,2024-11-24,Severe
DX_006764,ADM_04247,P_01364,A41.9,"Sepsis, unspecified organism",Secondary,2024-11-24,Severe
DX_006765,ADM_04248,P_02926,F32.9,"Major depressive disorder, single episode",Primary,2024-06-20,Moderate
DX_006766,ADM_04248,P_02926,I50.9,"Heart failure, unspecified",Secondary,2024-06-20,Severe
DX_006767,ADM_04249,P_01560,J18.9,"Pneumonia, unspecified organism",Primary,2024-11-21,Moderate
DX_006768,ADM_04250,P_02411,E11.9,Type 2 diabetes mellitus without complications,Primary,2025-04-02,Moderate
DX_006769,ADM_04251,P_03012,J18.9,"Pneumonia, unspecified organism",Primary,2025-02-13,Moderate
DX_006770,ADM_04252,P_02202,A41.9,"Sepsis, unspecified organism",primary,2025-03-20,Severe
DX_006771,ADM_04253,P_00883,I50.9,"Heart failure, unspecified",Primary,2024-02-05,Severe
DX_006772,ADM_04253,P_00883,M54.5,Low back pain,UNKNOWN_VAL,2024-02-05,Mild
DX_006773,ADM_04254,P_00002,F32.9,"Major depressive disorder, single episode",Primary,2024-01-21,Moderate
DX_006774,ADM_04254,P_00002,I10,Essential (primary) hypertension,Secondary,2024/01/21 00:00:00,moderate
DX_006775,ADM_04255,P_00973,I10,Essential (primary) hypertension,  Primary  ,2024-01-29,Moderate
DX_006776,ADM_04256,P_00973,M54.5,Low back pain,Primary,2024-02-17,Mild
DX_006777,ADM_04257,P_01925,N18.9,"Chronic kidney disease, unspecified",Primary,2024-08-03,Severe
DX_006778,ADM_04257,P_01925,C34.90,Malignant neoplasm of unspecified part of bronchus or lung,Secondary,2024-08-03,Severe
DX_006779,ADM_04258,P_03198,I21.9,"Acute myocardial infarction, unspecified",Primary,2024-08-07,Severe
DX_006780,ADM_04258,P_03198,I50.9,"Heart failure, unspecified",Secondary,2024-08-07,Severe
DX_006781,ADM_04259,P_02739,A41.9,"Sepsis, unspecified organism",Primary,2024-10-19,SEVERE
DX_006782,ADM_04259,P_02739,C34.90,Malignant neoplasm of unspecified part of bronchus or lung,Secondary,2024-10-19,Severe
DX_006783,ADM_04260,P_00801,E11.9,Type 2 diabetes mellitus without complications,Primary,2025-01-06,Moderate
DX_006784,ADM_04260,P_00801,M54.5,Low back pain,Secondary,2025-01-06,Mild
DX_006785,ADM_04261,P_02059,J44.9,"Chronic obstructive pulmonary disease, unspecified",Primary,2024-02-02,Severe
DX_006786,ADM_04262,P_00679,C34.90,Malignant neoplasm of unspecified part of bronchus or lung,Primary,2024-03-23,Severe
DX_006787,ADM_04263,P_02139,I10,Essential (primary) hypertension,Primary,2024-04-10,Moderate
DX_006788,ADM_04263,P_02139,A41.9,"Sepsis, unspecified organism",Secondary,2024-04-10,Severe
DX_006789,ADM_04264,P_02957,J44.9,"Chronic obstructive pulmonary disease, unspecified",Primary,2024-04-21,Severe
DX_006790,ADM_04264,P_02957,I21.9,"Acute myocardial infarction, unspecified",Secondary,2024-04-21,Severe
DX_006791,ADM_04265,P_00593,K21.9,Gastro-esophageal reflux disease without esophagitis,Primary,2024/12/14 00:00:00,Mild
DX_006792,ADM_04265,P_00593,M54.5,Low back pain,Secondary,2024-12-14,Mild
DX_006793,ADM_04266,P_01194,C34.90,Malignant neoplasm of unspecified part of bronchus or lung,Primary,2025-03-25,SEVERE
DX_006794,ADM_04267,P_01226,M54.5,Low back pain,Primary,2024-03-28,Mild
DX_006795,ADM_04268,P_01226,I50.9,"Heart failure, unspecified",  Primary  ,2024-04-10,Severe
DX_006796,ADM_04269,P_03322,K21.9,Gastro-esophageal reflux disease without esophagitis,Primary,2024-07-17,Mild
DX_006797,ADM_04269,P_03322,J18.9,"Pneumonia, unspecified organism",Secondary,2024-07-17,Moderate
DX_006798,ADM_04270,P_03376,J44.9,"Chronic obstructive pulmonary disease, unspecified",Primary,2024-04-22,Severe
DX_006799,ADM_04270,P_03376,M54.5,Low back pain,Secondary,04/22/2024,Mild
DX_006800,ADM_04271,P_02857,I10,Essential (primary) hypertension,  Primary  ,2024-01-18,Moderate
DX_006801,ADM_04271,P_02857,F32.9,"Major depressive disorder, single episode",Secondary,2024-01-18,Moderate
DX_006802,ADM_04272,P_02514,J18.9,"Pneumonia, unspecified organism",Primary,2024-04-10,Moderate
DX_006803,ADM_04272,P_02514,N18.9,"Chronic kidney disease, unspecified",Secondary,2024-04-10,Severe
DX_006804,ADM_04273,P_01444,I10,Essential (primary) hypertension,Primary,2025-03-15,Moderate
DX_006805,ADM_04274,P_00960,N18.9,"Chronic kidney disease, unspecified",Primary,2025-01-01,Severe
DX_006806,ADM_04274,P_00960,I50.9,"Heart failure, unspecified",Secondary,2025-01-01,Severe
DX_006807,ADM_04275,P_02386,F32.9,"Major depressive disorder, single episode",Primary,2025-02-07,Moderate
DX_006808,ADM_04275,P_02386,I21.9,"Acute myocardial infarction, unspecified",Secondary,2025-02-07,Severe
DX_006809,ADM_04276,P_02497,I21.9,"Acute myocardial infarction, unspecified",Primary,2024-06-23,Severe
DX_006810,ADM_04276,P_02497,E11.9,Type 2 diabetes mellitus without complications,Secondary,2024-06-23,Moderate
DX_006811,ADM_04277,P_03050,M54.5,Low back pain,Primary,2024-06-23,Mild
DX_006812,ADM_04277,P_03050,J44.9,"Chronic obstructive pulmonary disease, unspecified",Secondary,2024-06-23,Severe
DX_006813,ADM_04278,P_03050,F32.9,"Major depressive disorder, single episode",Primary,2024-07-21,moderate
DX_006814,ADM_04279,P_01415,I10,Essential (primary) hypertension,Primary,2024-03-07,Moderate
DX_006815,ADM_04280,P_00783,A41.9,"Sepsis, unspecified organism",Primary,2024-01-03,Severe
DX_006816,ADM_04280,P_00783,I10,Essential (primary) hypertension,Secondary,2024-01-03,Moderate
DX_006817,ADM_04281,P_00287,M54.5,Low back pain,Primary,2024-08-11,Mild
DX_006818,ADM_04281,P_00287,C34.90,Malignant neoplasm of unspecified part of bronchus or lung,Secondary,2024-08-11,Severe
DX_006819,ADM_04282,P_01221,I21.9,"Acute myocardial infarction, unspecified",Primary,2024-12-14,Severe
DX_006820,ADM_04283,P_00689,C34.90,Malignant neoplasm of unspecified part of bronchus or lung,Primary,2024-02-20,Severe
DX_006821,ADM_04284,P_02648,A41.9,"Sepsis, unspecified organism",Primary,2025-03-21,Severe
DX_006822,ADM_04284,P_02648,F32.9,"Major depressive disorder, single episode",Secondary,2025-03-21,Moderate
DX_006823,ADM_04285,P_01561,J44.9,"Chronic obstructive pulmonary disease, unspecified",  Primary  ,2024-03-10,Severe
DX_006824,ADM_04285,P_01561,E11.9,Type 2 diabetes mellitus without complications,Secondary,2024-03-10,Moderate
DX_006825,ADM_04286,P_02706,K21.9,Gastro-esophageal reflux disease without esophagitis,Primary,2025-01-17,Mild
DX_006826,ADM_04286,P_02706,I10,Essential (primary) hypertension,Secondary,2025-01-17,Moderate
DX_006827,ADM_04287,P_02799,J44.9,"Chronic obstructive pulmonary disease, unspecified",Primary,2025-02-15,Severe
DX_006828,ADM_04287,P_02799,I10,Essential (primary) hypertension,Secondary,2025-02-15,Moderate
DX_006829,ADM_04288,P_02564,J44.9,"Chronic obstructive pulmonary disease, unspecified",Primary,2025-02-11,SEVERE
DX_006830,ADM_04289,P_03074,F32.9,"Major depressive disorder, single episode",Primary,2024-06-30,Moderate
DX_006831,ADM_04289,P_03074,J44.9,"Chronic obstructive pulmonary disease, unspecified",Secondary,2024-06-30,Severe
DX_006832,ADM_04290,P_00586,J44.9,"Chronic obstructive pulmonary disease, unspecified",Primary,2024-12-03,Severe
DX_006833,ADM_04291,P_02079,N18.9,"Chronic kidney disease, unspecified",Primary,2025-02-06,Severe
DX_006834,ADM_04292,P_00203,K21.9,Gastro-esophageal reflux disease without esophagitis,Primary,2024-10-18,Mild
DX_006835,ADM_04292,P_00203,M54.5,Low back pain,Secondary,2024-10-18,Mild
DX_006836,ADM_04293,P_00821,J18.9,"Pneumonia, unspecified organism",Primary,2025-02-24,Moderate
DX_006837,ADM_04293,P_00821,K21.9,Gastro-esophageal reflux disease without esophagitis,Secondary,2025-02-24,Mild
DX_006838,ADM_04294,P_03112,F32.9,"Major depressive disorder, single episode",Primary,2025-05-15,Moderate
DX_006839,ADM_04294,P_03112,K21.9,Gastro-esophageal reflux disease without esophagitis,Secondary,2025-05-15,Mild
DX_006840,ADM_04295,P_01109,J44.9,"Chronic obstructive pulmonary disease, unspecified",Primary,12-03-2024,Severe
DX_006841,ADM_04296,P_00904,J18.9,"Pneumonia, unspecified organism",Primary,2025-03-20,Moderate
DX_006842,ADM_04297,P_03446,I10,Essential (primary) hypertension,Primary,2024-09-01,Moderate
DX_006843,ADM_04297,P_03446,N18.9,"Chronic kidney disease, unspecified",Secondary,2024-09-01,Severe
DX_006844,ADM_04298,P_02914,F32.9,"Major depressive disorder, single episode",Primary,2024-04-07,Moderate
DX_006845,ADM_04299,P_01373,I50.9,"Heart failure, unspecified",Primary,2024-09-30,Severe
DX_006846,ADM_04299,P_01373,A41.9,"Sepsis, unspecified organism",Secondary,2024-09-30,Severe
DX_006847,ADM_04300,P_03020,J44.9,"Chronic obstructive pulmonary disease, unspecified",Primary,2024-05-03,Severe
DX_006848,ADM_04300,P_03020,C34.90,Malignant neoplasm of unspecified part of bronchus or lung,Secondary,2024-05-03,Severe
DX_006849,ADM_04301,P_00764,C34.90,Malignant neoplasm of unspecified part of bronchus or lung,Primary,2024-07-05,Severe
DX_006850,ADM_04301,P_00764,I10,Essential (primary) hypertension,  Secondary  ,2024-07-05,Moderate
DX_006851,ADM_04302,P_01130,I21.9,"Acute myocardial infarction, unspecified",Primary,2024-08-15,Severe
DX_006852,ADM_04302,P_01130,E11.9,Type 2 diabetes mellitus without complications,Secondary,2024-08-15,Moderate
DX_006853,ADM_04303,P_01782,J44.9,"Chronic obstructive pulmonary disease, unspecified",Primary,2024-11-29,SEVERE
DX_006854,ADM_04304,P_01782,I21.9,"Acute myocardial infarction, unspecified",Primary,2024-12-18,Severe
DX_006855,ADM_04304,P_01782,K21.9,Gastro-esophageal reflux disease without esophagitis,Secondary,2024-12-18,Mild
DX_006856,ADM_04305,P_00954,N18.9,"Chronic kidney disease, unspecified",primary,2024-08-26,Severe
DX_006857,ADM_04305,P_00954,K21.9,Gastro-esophageal reflux disease without esophagitis,Secondary,2024-08-26,Mild
DX_006858,ADM_04306,P_00954,M54.5,Low back pain,Primary,2024-09-30,Mild
DX_006859,ADM_04306,P_00954,N18.9,"Chronic kidney disease, unspecified",Secondary,2024-09-30,Severe
DX_006860,ADM_04307,P_02998,J44.9,"Chronic obstructive pulmonary disease, unspecified",Primary,2025-01-10,Severe
DX_006861,ADM_04307,P_02998,K21.9,Gastro-esophageal reflux disease without esophagitis,  Secondary  ,2025-01-10,Mild
DX_006862,ADM_04308,P_01188,I21.9,"Acute myocardial infarction, unspecified",Primary,2025-01-29,Severe
DX_006863,ADM_04308,P_01188,N18.9,"Chronic kidney disease, unspecified",Secondary,2025-01-29,Severe
DX_006864,ADM_04309,P_01218,I10,Essential (primary) hypertension,Primary,2024-02-23,Moderate
DX_006865,ADM_04310,P_02935,A41.9,"Sepsis, unspecified organism",Primary,2024-11-30,Severe
DX_006866,ADM_04311,P_00285,M54.5,Low back pain,Primary,2024-12-02,Mild
DX_006867,ADM_04311,P_00285,J18.9,"Pneumonia, unspecified organism",Secondary,2024-12-02,Moderate
DX_006868,ADM_04312,P_00695,N18.9,"Chronic kidney disease, unspecified",Primary,2024-12-18,Severe
DX_006869,ADM_04312,P_00695,I10,Essential (primary) hypertension,Secondary,2024-12-18,Moderate
DX_006870,ADM_04313,P_02335,I21.9,"Acute myocardial infarction, unspecified",Primary,2024-01-16,Severe
DX_006871,ADM_04313,P_02335,N18.9,"Chronic kidney disease, unspecified",Secondary,2024-01-16,Severe
DX_006872,ADM_04314,P_01697,K21.9,Gastro-esophageal reflux disease without esophagitis,Primary,2024-01-29,Mild
DX_006873,ADM_04315,P_00242,J44.9,"Chronic obstructive pulmonary disease, unspecified",Primary,2024-01-21,Severe
DX_006874,ADM_04315,P_00242,M54.5,Low back pain,Secondary,01/21/2024,Mild
DX_006875,ADM_04316,P_00242,M54.5,Low back pain,Primary,2024-01-28,Mild
DX_006876,ADM_04317,P_01426,N18.9,"Chronic kidney disease, unspecified",Primary,2025-02-06,Severe
DX_006877,ADM_04318,P_02139,E11.9,Type 2 diabetes mellitus without complications,Primary,2024-08-21,Moderate
DX_006878,ADM_04318,P_02139,J44.9,"Chronic obstructive pulmonary disease, unspecified",Secondary,2024-08-21,Severe
DX_006879,ADM_04319,P_00064,C34.90,Malignant neoplasm of unspecified part of bronchus or lung,Primary,2024-08-15,Severe
DX_006880,ADM_04319,P_00064,F32.9,"Major depressive disorder, single episode",Secondary,2024-08-15,Moderate
DX_006881,ADM_04320,P_01095,I10,Essential (primary) hypertension,Primary,2024-05-15,Moderate
DX_006882,ADM_04320,P_01095,J44.9,"Chronic obstructive pulmonary disease, unspecified",  Secondary  ,2024-05-15,Severe
DX_006883,ADM_04321,P_01361,C34.90,Malignant neoplasm of unspecified part of bronchus or lung,Primary,2024-01-11,Severe
DX_006884,ADM_04322,P_00539,I10,Essential (primary) hypertension,Primary,2024-08-30,Moderate
DX_006885,ADM_04323,P_03189,M54.5,Low back pain,Primary,2024-10-03,Mild
DX_006886,ADM_04323,P_03189,F32.9,"Major depressive disorder, single episode",Secondary,2024-10-03,Moderate
DX_006887,ADM_04324,P_00501,K21.9,Gastro-esophageal reflux disease without esophagitis,Primary,2024-02-10,Mild
DX_006888,ADM_04324,P_00501,C34.90,Malignant neoplasm of unspecified part of bronchus or lung,Secondary,2024-02-10,Severe
DX_006889,ADM_04325,P_02970,I10,Essential (primary) hypertension,Primary,2025/03/09 00:00:00,Moderate
DX_006890,ADM_04325,P_02970,I50.9,"Heart failure, unspecified",Secondary,2025-03-09,Severe
DX_006891,ADM_04326,P_02525,I10,Essential (primary) hypertension,Primary,2024-05-14,Moderate
DX_006892,ADM_04326,P_02525,N18.9,"Chronic kidney disease, unspecified",Secondary,2024-05-14,Severe
DX_006893,ADM_04327,P_01728,C34.90,Malignant neoplasm of unspecified part of bronchus or lung,Primary,2024-01-06,Severe
DX_006894,ADM_04328,P_01728,N18.9,"Chronic kidney disease, unspecified",Primary,2024-01-22,Severe
DX_006895,ADM_04329,P_00883,I50.9,"Heart failure, unspecified",Primary,2025-03-10,Severe
DX_006896,ADM_04329,P_00883,J44.9,"Chronic obstructive pulmonary disease, unspecified",Secondary,2025-03-10,Severe
DX_006897,ADM_04330,P_00305,I50.9,"Heart failure, unspecified",Primary,2024-03-15,Severe
DX_006898,ADM_04330,P_00305,J44.9,"Chronic obstructive pulmonary disease, unspecified",Secondary,2024-03-15,Severe
DX_006899,ADM_04331,P_00131,J44.9,"Chronic obstructive pulmonary disease, unspecified",Primary,2024-11-27,Severe
DX_006900,ADM_04331,P_00131,J18.9,"Pneumonia, unspecified organism",Secondary,2024-11-27,Moderate
DX_006901,ADM_04332,P_01232,E11.9,Type 2 diabetes mellitus without complications,Primary,2024-10-07,Moderate
DX_006902,ADM_04332,P_01232,J18.9,"Pneumonia, unspecified organism",Secondary,2024-10-07,Moderate
DX_006903,ADM_04333,P_01756,J18.9,"Pneumonia, unspecified organism",Primary,2024-03-06,Moderate
DX_006904,ADM_04334,P_00962,K21.9,Gastro-esophageal reflux disease without esophagitis,Primary,2024-01-20,Mild
DX_006905,ADM_04334,P_00962,C34.90,Malignant neoplasm of unspecified part of bronchus or lung,Secondary,2024-01-20,Severe
DX_006906,ADM_04335,P_02386,E11.9,Type 2 diabetes mellitus without complications,Primary,2024-10-21,Moderate
DX_006907,ADM_04335,P_02386,I10,Essential (primary) hypertension,Secondary,2024-10-21,Moderate
DX_006908,ADM_04336,P_02420,J44.9,"Chronic obstructive pulmonary disease, unspecified",Primary,2025-04-28,Severe
DX_006909,ADM_04336,P_02420,C34.90,Malignant neoplasm of unspecified part of bronchus or lung,Secondary,2025-04-28,Severe
DX_006910,ADM_04337,P_02420,I10,Essential (primary) hypertension,Primary,2025-05-31,Moderate
DX_006911,ADM_04337,P_02420,J44.9,"Chronic obstructive pulmonary disease, unspecified",Secondary,2025-05-31,Severe
DX_006912,ADM_04338,P_02504,E11.9,Type 2 diabetes mellitus without complications,Primary,2024-02-28,Moderate
DX_006913,ADM_04339,P_02504,I21.9,"Acute myocardial infarction, unspecified",Primary,2024-03-29,Severe
DX_006914,ADM_04340,P_03242,J18.9,"Pneumonia, unspecified organism",Primary,2024-03-10,Moderate
DX_006915,ADM_04340,P_03242,J44.9,"Chronic obstructive pulmonary disease, unspecified",Secondary,2024-03-10,Severe
DX_006916,ADM_04341,P_00757,J18.9,"Pneumonia, unspecified organism",Primary,2024-09-23,Moderate
DX_006917,ADM_04342,P_00315,E11.9,Type 2 diabetes mellitus without complications,Primary,2024-12-29,Moderate
DX_006918,ADM_04342,P_00315,M54.5,Low back pain,Secondary,2024-12-29,Mild
DX_006919,ADM_04343,P_00615,J18.9,"Pneumonia, unspecified organism",Primary,05/15/2024,Moderate
DX_006920,ADM_04343,P_00615,A41.9,"Sepsis, unspecified organism",Secondary,2024-05-15,Severe
DX_006921,ADM_04344,P_00609,F32.9,"Major depressive disorder, single episode",Primary,2024-08-06,Moderate
DX_006922,ADM_04344,P_00609,N18.9,"Chronic kidney disease, unspecified",Secondary,2024-08-06,Severe
DX_006923,ADM_04345,P_02182,I21.9,"Acute myocardial infarction, unspecified",PRIMARY,2024-11-16,Severe
DX_006924,ADM_04346,P_02248,I10,Essential (primary) hypertension,Primary,2025-03-25,  Moderate  
DX_006925,ADM_04347,P_03138,A41.9,"Sepsis, unspecified organism",Primary,2024-10-16,Severe
DX_006926,ADM_04348,P_01919,K21.9,Gastro-esophageal reflux disease without esophagitis,  Primary  ,2025-02-23,Mild
DX_006927,ADM_04348,P_01919,A41.9,"Sepsis, unspecified organism",Secondary,2025-02-23,Severe
DX_006928,ADM_04349,P_02019,M54.5,Low back pain,Primary,2024-09-11,Mild
DX_006929,ADM_04349,P_02019,F32.9,"Major depressive disorder, single episode",Secondary,2024-09-11,moderate
DX_006930,ADM_04350,P_01866,J44.9,"Chronic obstructive pulmonary disease, unspecified",Primary,2024-09-16,Severe
DX_006931,ADM_04350,P_01866,C34.90,Malignant neoplasm of unspecified part of bronchus or lung,Secondary,2024-09-16,Severe
DX_006932,ADM_04351,P_00552,C34.90,Malignant neoplasm of unspecified part of bronchus or lung,primary,2025-05-06,Severe
DX_006933,ADM_04351,P_00552,E11.9,Type 2 diabetes mellitus without complications,Secondary,2025/05/06 00:00:00,Moderate
DX_006934,ADM_04352,P_02593,N18.9,"Chronic kidney disease, unspecified",Primary,12-02-2024,Severe
DX_006935,ADM_04353,P_02593,I10,Essential (primary) hypertension,Primary,2024-03-14,Moderate
DX_006936,ADM_04353,P_02593,J18.9,"Pneumonia, unspecified organism",Secondary,2024-03-14,Moderate
DX_006937,ADM_04354,P_01456,I50.9,"Heart failure, unspecified",Primary,2024-10-22,severe
DX_006938,ADM_04355,P_01456,F32.9,"Major depressive disorder, single episode",Primary,2024-11-13,Moderate
DX_006939,ADM_04355,P_01456,J18.9,"Pneumonia, unspecified organism",Secondary,2024-11-13,Moderate
DX_006940,ADM_04356,P_00344,F32.9,"Major depressive disorder, single episode",Primary,2024-11-25,Moderate
DX_006941,ADM_04356,P_00344,N18.9,"Chronic kidney disease, unspecified",Secondary,2024-11-25,Severe
DX_006942,ADM_04357,P_00619,M54.5,Low back pain,Primary,2025-02-19,Mild
DX_006943,ADM_04357,P_00619,C34.90,Malignant neoplasm of unspecified part of bronchus or lung,SECONDARY,2025/02/19 00:00:00,Severe
DX_006944,ADM_04358,P_00576,I21.9,"Acute myocardial infarction, unspecified",Primary,2024-11-25,Severe
DX_006945,ADM_04359,P_02794,I10,Essential (primary) hypertension,UNKNOWN_VAL,2025-04-14,Moderate
DX_006946,ADM_04359,P_02794,A41.9,"Sepsis, unspecified organism",Secondary,2025-04-14,Severe
DX_006947,ADM_04360,P_00359,C34.90,Malignant neoplasm of unspecified part of bronchus or lung,Primary,2024-10-10,Severe
DX_006948,ADM_04361,P_00111,E11.9,Type 2 diabetes mellitus without complications,Primary,2024-04-02,Moderate
DX_006949,ADM_04361,P_00111,I50.9,"Heart failure, unspecified",Secondary,2024-04-02,Severe
DX_006950,ADM_04362,P_01602,I50.9,"Heart failure, unspecified",Primary,2024-04-20,Severe
DX_006951,ADM_04363,P_01710,M54.5,Low back pain,Primary,03/30/2025,Mild
DX_006952,ADM_04363,P_01710,N18.9,"Chronic kidney disease, unspecified",Secondary,2025-03-30,Severe
DX_006953,ADM_04364,P_01710,N18.9,"Chronic kidney disease, unspecified",Primary,2025-04-23,Severe
DX_006954,ADM_04364,P_01710,F32.9,"Major depressive disorder, single episode",Secondary,2025-04-23,Moderate
DX_006955,ADM_04365,P_01603,E11.9,Type 2 diabetes mellitus without complications,Primary,2024-12-25,Moderate
DX_006956,ADM_04366,P_00036,I50.9,"Heart failure, unspecified",Primary,2024-06-30,Severe
DX_006957,ADM_04367,P_00036,N18.9,"Chronic kidney disease, unspecified",Primary,2024-08-02,Severe
DX_006958,ADM_04367,P_00036,A41.9,"Sepsis, unspecified organism",Secondary,2024-08-02,SEVERE
DX_006959,ADM_04368,P_00200,I10,Essential (primary) hypertension,Primary,2024-01-28,Moderate
DX_006960,ADM_04369,P_00200,K21.9,Gastro-esophageal reflux disease without esophagitis,Primary,2024-02-17,Mild
DX_006961,ADM_04370,P_02834,F32.9,"Major depressive disorder, single episode",Primary,2025-01-24,Moderate
DX_006962,ADM_04370,P_02834,J18.9,"Pneumonia, unspecified organism",secondary,2025-01-24,Moderate
DX_006963,ADM_04371,P_01766,F32.9,"Major depressive disorder, single episode",Primary,2024-06-08,Moderate
DX_006964,ADM_04372,P_01180,I50.9,"Heart failure, unspecified",PRIMARY,2025-03-08,Severe
DX_006965,ADM_04372,P_01180,J44.9,"Chronic obstructive pulmonary disease, unspecified",Secondary,2025-03-08,Severe
DX_006966,ADM_04373,P_01180,A41.9,"Sepsis, unspecified organism",Primary,2025-03-28,  Severe  
DX_006967,ADM_04374,P_02864,M54.5,Low back pain,Primary,2024-11-01,Mild
DX_006968,ADM_04375,P_00174,I10,Essential (primary) hypertension,Primary,2024-07-23,Moderate
DX_006969,ADM_04375,P_00174,C34.90,Malignant neoplasm of unspecified part of bronchus or lung,Secondary,23-07-2024,Severe
DX_006970,ADM_04376,P_02068,F32.9,"Major depressive disorder, single episode",Primary,2025-01-14,Moderate
DX_006971,ADM_04377,P_02198,J18.9,"Pneumonia, unspecified organism",Primary,2024-07-30,Moderate
DX_006972,ADM_04377,P_02198,I21.9,"Acute myocardial infarction, unspecified",Secondary,2024-07-30,Severe
DX_006973,ADM_04378,P_00971,C34.90,Malignant neoplasm of unspecified part of bronchus or lung,Primary,2025-03-04,Severe
DX_006974,ADM_04379,P_02309,J18.9,"Pneumonia, unspecified organism",Primary,2025-05-13,Moderate
DX_006975,ADM_04379,P_02309,N18.9,"Chronic kidney disease, unspecified",Secondary,2025-05-13,Severe
DX_006976,ADM_04380,P_01364,J44.9,"Chronic obstructive pulmonary disease, unspecified",Primary,2024-01-12,Severe
DX_006977,ADM_04381,P_00167,I21.9,"Acute myocardial infarction, unspecified",Primary,2024-04-06,Severe
DX_006978,ADM_04381,P_00167,I10,Essential (primary) hypertension,Secondary,2024-04-06,Moderate
DX_006979,ADM_04382,P_00816,I50.9,"Heart failure, unspecified",Primary,06/19/2024,Severe
DX_006980,ADM_04382,P_00816,F32.9,"Major depressive disorder, single episode",Secondary,2024-06-19,Moderate
DX_006981,ADM_04383,P_02724,C34.90,Malignant neoplasm of unspecified part of bronchus or lung,Primary,2025-04-02,Severe
DX_006982,ADM_04384,P_02206,M54.5,Low back pain,Primary,2025-02-25,Mild
DX_006983,ADM_04384,P_02206,I21.9,"Acute myocardial infarction, unspecified",Secondary,2025-02-25,Severe
DX_006984,ADM_04385,P_02389,I10,Essential (primary) hypertension,  Primary  ,2024-04-19,Moderate
DX_006985,ADM_04386,P_02389,N18.9,"Chronic kidney disease, unspecified",Primary,2024-05-08,Severe
DX_006986,ADM_04387,P_01621,N18.9,"Chronic kidney disease, unspecified",Primary,2025-05-02,Severe
DX_006987,ADM_04388,P_01332,I50.9,"Heart failure, unspecified",Primary,2025-03-30,Severe
DX_006988,ADM_04388,P_01332,M54.5,Low back pain,Secondary,2025-03-30,Mild
DX_006989,ADM_04389,P_02023,C34.90,Malignant neoplasm of unspecified part of bronchus or lung,Primary,2024-04-13,Severe
DX_006990,ADM_04390,P_02123,I21.9,"Acute myocardial infarction, unspecified",Primary,2024-03-28,Severe
DX_006991,ADM_04391,P_03386,A41.9,"Sepsis, unspecified organism",Primary,2024-04-16,Severe
DX_006992,ADM_04391,P_03386,I10,Essential (primary) hypertension,Secondary,2024-04-16,Moderate
DX_006993,ADM_04392,P_00474,N18.9,"Chronic kidney disease, unspecified",Primary,2024-05-07,Severe
DX_006994,ADM_04393,P_02060,I50.9,"Heart failure, unspecified",Primary,2025-03-09,Severe
DX_006995,ADM_04394,P_03148,I10,Essential (primary) hypertension,Primary,2024-01-05,Moderate
DX_006996,ADM_04394,P_03148,C34.90,Malignant neoplasm of unspecified part of bronchus or lung,Secondary,2024-01-05,Severe
DX_006997,ADM_04395,P_01901,F32.9,"Major depressive disorder, single episode",Primary,2024-09-07,Moderate
DX_006998,ADM_04396,P_01449,J18.9,"Pneumonia, unspecified organism",Primary,2025-03-29,Moderate
DX_006999,ADM_04396,P_01449,J44.9,"Chronic obstructive pulmonary disease, unspecified",Secondary,2025-03-29,Severe
DX_007000,ADM_04397,P_02043,C34.90,Malignant neoplasm of unspecified part of bronchus or lung,Primary,2024-05-13,Severe
DX_007001,ADM_04398,P_01150,I50.9,"Heart failure, unspecified",Primary,2025-02-05,Severe
DX_007002,ADM_04399,P_01633,N18.9,"Chronic kidney disease, unspecified",Primary,2024-08-10,Severe
DX_007003,ADM_04399,P_01633,I21.9,"Acute myocardial infarction, unspecified",Secondary,2024-08-10,Severe
DX_007004,ADM_04400,P_00692,E11.9,Type 2 diabetes mellitus without complications,Primary,2024-12-19,moderate
DX_007005,ADM_04401,P_00429,N18.9,"Chronic kidney disease, unspecified",Primary,2024-06-23,Severe
DX_007006,ADM_04402,P_00694,E11.9,Type 2 diabetes mellitus without complications,Primary,2024-01-10,Moderate
DX_007007,ADM_04402,P_00694,J18.9,"Pneumonia, unspecified organism",Secondary,2024-01-10,  Moderate  
DX_007008,ADM_04403,P_01239,M54.5,Low back pain,Primary,2024-07-01,Mild
DX_007009,ADM_04404,P_01239,K21.9,Gastro-esophageal reflux disease without esophagitis,Primary,2024-07-21,Mild
DX_007010,ADM_04404,P_01239,F32.9,"Major depressive disorder, single episode",Secondary,2024-07-21,Moderate
DX_007011,ADM_04405,P_01299,I50.9,"Heart failure, unspecified",Primary,2024-10-03,Severe
DX_007012,ADM_04405,P_01299,K21.9,Gastro-esophageal reflux disease without esophagitis,SECONDARY,2024-10-03,Mild
DX_007013,ADM_04406,P_02560,E11.9,Type 2 diabetes mellitus without complications,Primary,2025-04-04,Moderate
DX_007014,ADM_04407,P_01843,N18.9,"Chronic kidney disease, unspecified",Primary,2024-06-29,Severe
DX_007015,ADM_04407,P_01843,M54.5,Low back pain,Secondary,06/29/2024,Mild
DX_007016,ADM_04408,P_01843,E11.9,Type 2 diabetes mellitus without complications,Primary,2024-07-09,Moderate
DX_007017,ADM_04408,P_01843,N18.9,"Chronic kidney disease, unspecified",Secondary,2024/07/09 00:00:00,Severe
DX_007018,ADM_04409,P_02217,E11.9,Type 2 diabetes mellitus without complications,Primary,2024-10-11,Moderate
DX_007019,ADM_04409,P_02217,N18.9,"Chronic kidney disease, unspecified",secondary,2024-10-11,Severe
DX_007020,ADM_04410,P_01245,J44.9,"Chronic obstructive pulmonary disease, unspecified",Primary,2024-05-10,Severe
DX_007021,ADM_04410,P_01245,A41.9,"Sepsis, unspecified organism",Secondary,2024-05-10,Severe
DX_007022,ADM_04411,P_02743,M54.5,Low back pain,Primary,2025-04-07,Mild
DX_007023,ADM_04411,P_02743,J44.9,"Chronic obstructive pulmonary disease, unspecified",Secondary,2025-04-07,SEVERE
DX_007024,ADM_04412,P_00152,N18.9,"Chronic kidney disease, unspecified",Primary,2025-05-11,Severe
DX_007025,ADM_04413,P_01391,C34.90,Malignant neoplasm of unspecified part of bronchus or lung,Primary,2025-02-02,Severe
DX_007026,ADM_04414,P_01391,E11.9,Type 2 diabetes mellitus without complications,Primary,2025-02-13,Moderate
DX_007027,ADM_04414,P_01391,I10,Essential (primary) hypertension,Secondary,13-02-2025,Moderate
DX_007028,ADM_04415,P_02166,I50.9,"Heart failure, unspecified",Primary,2024-11-30,Severe
DX_007029,ADM_04415,P_02166,N18.9,"Chronic kidney disease, unspecified",Secondary,2024-11-30,Severe
DX_007030,ADM_04416,P_00054,C34.90,Malignant neoplasm of unspecified part of bronchus or lung,Primary,2024-05-26,Severe
DX_007031,ADM_04416,P_00054,J18.9,"Pneumonia, unspecified organism",Secondary,2024-05-26,Moderate
DX_007032,ADM_04417,P_02201,K21.9,Gastro-esophageal reflux disease without esophagitis,Primary,2024-03-21,Mild
DX_007033,ADM_04417,P_02201,N18.9,"Chronic kidney disease, unspecified",Secondary,2024-03-21,Severe
DX_007034,ADM_04418,P_00322,E11.9,Type 2 diabetes mellitus without complications,Primary,2024-02-05,Moderate
DX_007035,ADM_04419,P_00322,J44.9,"Chronic obstructive pulmonary disease, unspecified",Primary,2024-03-08,Severe
DX_007036,ADM_04419,P_00322,J18.9,"Pneumonia, unspecified organism",Secondary,03/08/2024,Moderate
DX_007037,ADM_04420,P_02015,I10,Essential (primary) hypertension,Primary,2025-01-11,Moderate
DX_007038,ADM_04420,P_02015,F32.9,"Major depressive disorder, single episode",Secondary,2025/01/11 00:00:00,Moderate
DX_007039,ADM_04421,P_01675,J18.9,"Pneumonia, unspecified organism",Primary,2024-02-15,Moderate
DX_007040,ADM_04421,P_01675,I50.9,"Heart failure, unspecified",Secondary,2024-02-15,Severe
DX_007041,ADM_04422,P_01300,J44.9,"Chronic obstructive pulmonary disease, unspecified",Primary,2025-03-29,Severe
DX_007042,ADM_04422,P_01300,I10,Essential (primary) hypertension,Secondary,2025-03-29,Moderate
DX_007043,ADM_04423,P_02891,A41.9,"Sepsis, unspecified organism",Primary,2024-03-07,Severe
DX_007044,ADM_04424,P_02891,J18.9,"Pneumonia, unspecified organism",Primary,2024-04-09,MODERATE
DX_007045,ADM_04425,P_00896,F32.9,"Major depressive disorder, single episode",Primary,2025-02-22,Moderate
DX_007046,ADM_04426,P_00171,I21.9,"Acute myocardial infarction, unspecified",Primary,2025-01-04,Severe
DX_007047,ADM_04426,P_00171,A41.9,"Sepsis, unspecified organism",Secondary,2025-01-04,Severe
DX_007048,ADM_04427,P_00953,F32.9,"Major depressive disorder, single episode",Primary,2024-10-08,Moderate
DX_007049,ADM_04427,P_00953,A41.9,"Sepsis, unspecified organism",Secondary,10/08/2024,Severe
DX_007050,ADM_04428,P_00953,J44.9,"Chronic obstructive pulmonary disease, unspecified",Primary,2024-10-26,  Severe  
DX_007051,ADM_04428,P_00953,N18.9,"Chronic kidney disease, unspecified",  Secondary  ,2024-10-26,Severe
DX_007052,ADM_04429,P_01598,I50.9,"Heart failure, unspecified",Primary,2025-01-21,Severe
DX_007053,ADM_04430,P_01206,I10,Essential (primary) hypertension,Primary,2024-09-28,Moderate
DX_007054,ADM_04430,P_01206,K21.9,Gastro-esophageal reflux disease without esophagitis,Secondary,2024-09-28,Mild
DX_007055,ADM_04431,P_02913,C34.90,Malignant neoplasm of unspecified part of bronchus or lung,Primary,2025-02-10,Severe
DX_007056,ADM_04431,P_02913,A41.9,"Sepsis, unspecified organism",Secondary,2025-02-10,Severe
DX_007057,ADM_04432,P_02913,F32.9,"Major depressive disorder, single episode",  Primary  ,2025-03-03,Moderate
DX_007058,ADM_04432,P_02913,I10,Essential (primary) hypertension,Secondary,2025-03-03,Moderate
DX_007059,ADM_04433,P_00315,M54.5,Low back pain,Primary,2024-12-05,Mild
DX_007060,ADM_04433,P_00315,N18.9,"Chronic kidney disease, unspecified",Secondary,05-12-2024,Severe
DX_007061,ADM_04434,P_01910,I50.9,"Heart failure, unspecified",Primary,2025-02-12,Severe
DX_007062,ADM_04434,P_01910,J44.9,"Chronic obstructive pulmonary disease, unspecified",Secondary,2025-02-12,Severe
DX_007063,ADM_04435,P_01194,F32.9,"Major depressive disorder, single episode",Primary,2024-12-22,Moderate
DX_007064,ADM_04435,P_01194,N18.9,"Chronic kidney disease, unspecified",Secondary,2024-12-22,Severe
DX_007065,ADM_04436,P_00311,J18.9,"Pneumonia, unspecified organism",Primary,2024-02-01,Moderate
DX_007066,ADM_04436,P_00311,A41.9,"Sepsis, unspecified organism",  Secondary  ,2024-02-01,  Severe  
DX_007067,ADM_04437,P_00926,J18.9,"Pneumonia, unspecified organism",Primary,2025-04-21,Moderate
DX_007068,ADM_04438,P_00926,I21.9,"Acute myocardial infarction, unspecified",Primary,2025-05-14,Severe
DX_007069,ADM_04438,P_00926,C34.90,Malignant neoplasm of unspecified part of bronchus or lung,Secondary,2025-05-14,Severe
DX_007070,ADM_04439,P_02470,J44.9,"Chronic obstructive pulmonary disease, unspecified",Primary,2024-06-26,Severe
DX_007071,ADM_04439,P_02470,K21.9,Gastro-esophageal reflux disease without esophagitis,Secondary,2024-06-26,Mild
DX_007072,ADM_04440,P_00817,J18.9,"Pneumonia, unspecified organism",Primary,13-10-2024,  Moderate  
DX_007073,ADM_04440,P_00817,F32.9,"Major depressive disorder, single episode",Secondary,2024-10-13,Moderate
DX_007074,ADM_04441,P_03084,I21.9,"Acute myocardial infarction, unspecified",Primary,2024-03-15,Severe
DX_007075,ADM_04442,P_00911,E11.9,Type 2 diabetes mellitus without complications,Primary,03/08/2025,Moderate
DX_007076,ADM_04442,P_00911,I10,Essential (primary) hypertension,Secondary,2025-03-08,Moderate
DX_007077,ADM_04443,P_00911,A41.9,"Sepsis, unspecified organism",Primary,2025-04-05,Severe
DX_007078,ADM_04444,P_02664,M54.5,Low back pain,Primary,2024-08-14,Mild
DX_007079,ADM_04444,P_02664,I50.9,"Heart failure, unspecified",Secondary,2024-08-14,Severe
DX_007080,ADM_04445,P_01364,C34.90,Malignant neoplasm of unspecified part of bronchus or lung,Primary,2024-01-01,Severe
DX_007081,ADM_04446,P_03072,F32.9,"Major depressive disorder, single episode",Primary,2024-09-04,Moderate
DX_007082,ADM_04447,P_03353,K21.9,Gastro-esophageal reflux disease without esophagitis,Primary,2024-12-31,Mild
DX_007083,ADM_04448,P_01853,J18.9,"Pneumonia, unspecified organism",Primary,2024-04-21,Moderate
DX_007084,ADM_04449,P_01038,C34.90,Malignant neoplasm of unspecified part of bronchus or lung,Primary,2024-05-23,Severe
DX_007085,ADM_04449,P_01038,F32.9,"Major depressive disorder, single episode",Secondary,2024-05-23,Moderate
DX_007086,ADM_04450,P_01038,I10,Essential (primary) hypertension,Primary,2024-06-12,Moderate
DX_007087,ADM_04451,P_00918,K21.9,Gastro-esophageal reflux disease without esophagitis,Primary,2024-11-11,Mild
DX_007088,ADM_04452,P_02627,J18.9,"Pneumonia, unspecified organism",Primary,2024-09-17,Moderate
DX_007089,ADM_04453,P_02627,J44.9,"Chronic obstructive pulmonary disease, unspecified",Primary,2024-10-24,Severe
DX_007090,ADM_04454,P_02673,E11.9,Type 2 diabetes mellitus without complications,Primary,2024-08-01,Moderate
DX_007091,ADM_04454,P_02673,A41.9,"Sepsis, unspecified organism",Secondary,2024-08-01,Severe
DX_007092,ADM_04455,P_02161,J18.9,"Pneumonia, unspecified organism",Primary,2024-12-22,Moderate
DX_007093,ADM_04455,P_02161,M54.5,Low back pain,Secondary,2024-12-22,Mild
DX_007094,ADM_04456,P_01942,E11.9,Type 2 diabetes mellitus without complications,Primary,2024-01-31,Moderate
DX_007095,ADM_04456,P_01942,M54.5,Low back pain,Secondary,2024-01-31,Mild
DX_007096,ADM_04457,P_01602,M54.5,Low back pain,Primary,2024-02-10,Mild
DX_007097,ADM_04458,P_02440,A41.9,"Sepsis, unspecified organism",Primary,2024-06-05,Severe
DX_007098,ADM_04458,P_02440,M54.5,Low back pain,Secondary,2024-06-05,Mild
DX_007099,ADM_04459,P_03381,E11.9,Type 2 diabetes mellitus without complications,Primary,2024-03-20,Moderate
DX_007100,ADM_04459,P_03381,J44.9,"Chronic obstructive pulmonary disease, unspecified",Secondary,2024-03-20,Severe
DX_007101,ADM_04460,P_00829,E11.9,Type 2 diabetes mellitus without complications,Primary,2025-04-19,Moderate
DX_007102,ADM_04461,P_00518,J44.9,"Chronic obstructive pulmonary disease, unspecified",Primary,2024-09-23,Severe
DX_007103,ADM_04462,P_01941,A41.9,"Sepsis, unspecified organism",Primary,2024-09-02,Severe
DX_007104,ADM_04462,P_01941,F32.9,"Major depressive disorder, single episode",Secondary,2024-09-02,Moderate
DX_007105,ADM_04463,P_00920,E11.9,Type 2 diabetes mellitus without complications,Primary,2025-04-25,Moderate
DX_007106,ADM_04463,P_00920,I50.9,"Heart failure, unspecified",Secondary,2025-04-25,Severe
DX_007107,ADM_04464,P_01412,I50.9,"Heart failure, unspecified",Primary,2025-03-29,Severe
DX_007108,ADM_04464,P_01412,C34.90,Malignant neoplasm of unspecified part of bronchus or lung,Secondary,2025-03-29,Severe
DX_007109,ADM_04465,P_00027,J18.9,"Pneumonia, unspecified organism",Primary,2024-09-29,Moderate
DX_007110,ADM_04466,P_01459,N18.9,"Chronic kidney disease, unspecified",Primary,2025-05-08,Severe
DX_007111,ADM_04466,P_01459,M54.5,Low back pain,Secondary,2025-05-08,Mild
DX_007112,ADM_04467,P_02735,J18.9,"Pneumonia, unspecified organism",Primary,2024-09-02,Moderate
DX_007113,ADM_04468,P_03120,J18.9,"Pneumonia, unspecified organism",Primary,2024-06-23,Moderate
DX_007114,ADM_04468,P_03120,K21.9,Gastro-esophageal reflux disease without esophagitis,SECONDARY,2024-06-23,Mild
DX_007115,ADM_04469,P_02393,I10,Essential (primary) hypertension,Primary,2025-01-22,Moderate
DX_007116,ADM_04470,P_01839,J18.9,"Pneumonia, unspecified organism",Primary,2024-11-13,Moderate
DX_007117,ADM_04470,P_01839,I21.9,"Acute myocardial infarction, unspecified",Secondary,2024-11-13,Severe
DX_007118,ADM_04471,P_01223,F32.9,"Major depressive disorder, single episode",Primary,2024-04-02,Moderate
DX_007119,ADM_04472,P_01795,I21.9,"Acute myocardial infarction, unspecified",Primary,2024-06-18,Severe
DX_007120,ADM_04472,P_01795,C34.90,Malignant neoplasm of unspecified part of bronchus or lung,secondary,2024-06-18,Severe
DX_007121,ADM_04473,P_01630,C34.90,Malignant neoplasm of unspecified part of bronchus or lung,Primary,2024-09-15,Severe
DX_007122,ADM_04474,P_02710,K21.9,Gastro-esophageal reflux disease without esophagitis,PRIMARY,2024-02-04,mild
DX_007123,ADM_04474,P_02710,N18.9,"Chronic kidney disease, unspecified",SECONDARY,2024-02-04,Severe
DX_007124,ADM_04475,P_01578,I50.9,"Heart failure, unspecified",Primary,2024-03-25,severe
DX_007125,ADM_04475,P_01578,I21.9,"Acute myocardial infarction, unspecified",Secondary,03/25/2024,Severe
DX_007126,ADM_04476,P_01578,M54.5,Low back pain,Primary,2024-04-17,Mild
DX_007127,ADM_04476,P_01578,I21.9,"Acute myocardial infarction, unspecified",Secondary,2024-04-17,Severe
DX_007128,ADM_04477,P_02961,I21.9,"Acute myocardial infarction, unspecified",Primary,2025-03-19,Severe
DX_007129,ADM_04477,P_02961,N18.9,"Chronic kidney disease, unspecified",Secondary,2025-03-19,Severe
DX_007130,ADM_04478,P_01447,I21.9,"Acute myocardial infarction, unspecified",Primary,2024-04-29,Severe
DX_007131,ADM_04479,P_01092,F32.9,"Major depressive disorder, single episode",Primary,2024-01-13,Moderate
DX_007132,ADM_04480,P_02713,N18.9,"Chronic kidney disease, unspecified",Primary,05-04-2025,Severe
DX_007133,ADM_04481,P_02713,I10,Essential (primary) hypertension,Primary,2025-04-18,Moderate
DX_007134,ADM_04481,P_02713,I50.9,"Heart failure, unspecified",Secondary,2025-04-18,Severe
DX_007135,ADM_04482,P_01149,K21.9,Gastro-esophageal reflux disease without esophagitis,Primary,2024-03-20,Mild
DX_007136,ADM_04482,P_01149,I10,Essential (primary) hypertension,Secondary,2024-03-20,Moderate
DX_007137,ADM_04483,P_03360,I21.9,"Acute myocardial infarction, unspecified",UNKNOWN_VAL,2025-01-26,Severe
DX_007138,ADM_04484,P_02152,I21.9,"Acute myocardial infarction, unspecified",Primary,2024-12-25,severe
DX_007139,ADM_04484,P_02152,J18.9,"Pneumonia, unspecified organism",Secondary,2024-12-25,Moderate
DX_007140,ADM_04485,P_02607,A41.9,"Sepsis, unspecified organism",Primary,2024-01-24,Severe
DX_007141,ADM_04486,P_03444,E11.9,Type 2 diabetes mellitus without complications,Primary,2025-04-25,Moderate
DX_007142,ADM_04487,P_01799,F32.9,"Major depressive disorder, single episode",PRIMARY,2024-02-23,Moderate
DX_007143,ADM_04487,P_01799,I10,Essential (primary) hypertension,Secondary,2024-02-23,Moderate
DX_007144,ADM_04488,P_00793,J44.9,"Chronic obstructive pulmonary disease, unspecified",Primary,2025-02-04,Severe
DX_007145,ADM_04489,P_00793,M54.5,Low back pain,Primary,07-03-2025,Mild
DX_007146,ADM_04489,P_00793,I50.9,"Heart failure, unspecified",Secondary,2025-03-07,Severe
DX_007147,ADM_04490,P_01654,I10,Essential (primary) hypertension,Primary,2024-02-03,Moderate
DX_007148,ADM_04490,P_01654,I21.9,"Acute myocardial infarction, unspecified",SECONDARY,2024-02-03,Severe
DX_007149,ADM_04491,P_01941,E11.9,Type 2 diabetes mellitus without complications,Primary,2024-04-30,Moderate
DX_007150,ADM_04491,P_01941,I10,Essential (primary) hypertension,Secondary,2024-04-30,Moderate
DX_007151,ADM_04492,P_00259,J44.9,"Chronic obstructive pulmonary disease, unspecified",Primary,2024-01-11,SEVERE
DX_007152,ADM_04493,P_00309,I50.9,"Heart failure, unspecified",Primary,2024-12-19,Severe
DX_007153,ADM_04493,P_00309,M54.5,Low back pain,Secondary,2024-12-19,Mild
DX_007154,ADM_04494,P_03174,M54.5,Low back pain,Primary,2024-08-05,mild
DX_007155,ADM_04494,P_03174,J18.9,"Pneumonia, unspecified organism",Secondary,2024-08-05,Moderate
DX_007156,ADM_04495,P_01627,J44.9,"Chronic obstructive pulmonary disease, unspecified",Primary,2025-01-05,Severe
DX_007157,ADM_04495,P_01627,A41.9,"Sepsis, unspecified organism",Secondary,2025-01-05,Severe
DX_007158,ADM_04496,P_03000,J44.9,"Chronic obstructive pulmonary disease, unspecified",Primary,2024-09-02,Severe
DX_007159,ADM_04496,P_03000,I21.9,"Acute myocardial infarction, unspecified",Secondary,2024-09-02,Severe
DX_007160,ADM_04497,P_02058,N18.9,"Chronic kidney disease, unspecified",Primary,2024-04-02,Severe
DX_007161,ADM_04497,P_02058,J44.9,"Chronic obstructive pulmonary disease, unspecified",Secondary,2024-04-02,Severe
DX_007162,ADM_04498,P_02058,C34.90,Malignant neoplasm of unspecified part of bronchus or lung,Primary,2024-04-17,Severe
DX_007163,ADM_04498,P_02058,A41.9,"Sepsis, unspecified organism",Secondary,2024-04-17,Severe
DX_007164,ADM_04499,P_02024,E11.9,Type 2 diabetes mellitus without complications,Primary,2024-11-29,Moderate
DX_007165,ADM_04500,P_01803,J44.9,"Chronic obstructive pulmonary disease, unspecified",Primary,2024-12-17,Severe
DX_007166,ADM_04500,P_01803,N18.9,"Chronic kidney disease, unspecified",Secondary,2024-12-17,Severe
DX_007167,ADM_04501,P_00377,J44.9,"Chronic obstructive pulmonary disease, unspecified",Primary,09/22/2024,Severe
DX_007168,ADM_04502,P_00578,F32.9,"Major depressive disorder, single episode",  Primary  ,2024-08-21,Moderate
DX_007169,ADM_04503,P_01293,F32.9,"Major depressive disorder, single episode",Primary,2024-11-01,moderate
DX_007170,ADM_04504,P_03216,A41.9,"Sepsis, unspecified organism",Primary,2024-04-06,Severe
DX_007171,ADM_04505,P_01809,C34.90,Malignant neoplasm of unspecified part of bronchus or lung,Primary,2024-05-08,Severe
DX_007172,ADM_04505,P_01809,E11.9,Type 2 diabetes mellitus without complications,Secondary,2024-05-08,Moderate
DX_007173,ADM_04506,P_01960,K21.9,Gastro-esophageal reflux disease without esophagitis,Primary,2025-05-08,Mild
DX_007174,ADM_04506,P_01960,N18.9,"Chronic kidney disease, unspecified",Secondary,2025-05-08,Severe
DX_007175,ADM_04507,P_00761,J44.9,"Chronic obstructive pulmonary disease, unspecified",Primary,2025-04-30,Severe
DX_007176,ADM_04507,P_00761,I50.9,"Heart failure, unspecified",Secondary,2025-04-30,Severe
DX_007177,ADM_04508,P_01365,A41.9,"Sepsis, unspecified organism",Primary,2024-08-15,Severe
DX_007178,ADM_04509,P_01848,E11.9,Type 2 diabetes mellitus without complications,Primary,2024-08-10,Moderate
DX_007179,ADM_04510,P_00809,J18.9,"Pneumonia, unspecified organism",Primary,2024-04-17,Moderate
DX_007180,ADM_04510,P_00809,N18.9,"Chronic kidney disease, unspecified",Secondary,2024-04-17,Severe
DX_007181,ADM_04511,P_01220,N18.9,"Chronic kidney disease, unspecified",Primary,2024-05-04,Severe
DX_007182,ADM_04512,P_01213,F32.9,"Major depressive disorder, single episode",Primary,2024-06-27,Moderate
DX_007183,ADM_04513,P_01478,I10,Essential (primary) hypertension,Primary,2024-05-04,Moderate
DX_007184,ADM_04513,P_01478,J18.9,"Pneumonia, unspecified organism",Secondary,2024-05-04,Moderate
DX_007185,ADM_04514,P_00717,K21.9,Gastro-esophageal reflux disease without esophagitis,Primary,2024-01-17,Mild
DX_007186,ADM_04515,P_02860,I10,Essential (primary) hypertension,Primary,2024-08-18,Moderate
DX_007187,ADM_04516,P_01197,E11.9,Type 2 diabetes mellitus without complications,Primary,2024-10-28,Moderate
DX_007188,ADM_04516,P_01197,I21.9,"Acute myocardial infarction, unspecified",Secondary,2024-10-28,Severe
DX_007189,ADM_04517,P_03126,E11.9,Type 2 diabetes mellitus without complications,Primary,2024-08-29,moderate
DX_007190,ADM_04518,P_01967,M54.5,Low back pain,Primary,07/03/2024,Mild
DX_007191,ADM_04518,P_01967,F32.9,"Major depressive disorder, single episode",Secondary,2024-07-03,Moderate
DX_007192,ADM_04519,P_01967,M54.5,Low back pain,Primary,2024-07-15,Mild
DX_007193,ADM_04520,P_00169,C34.90,Malignant neoplasm of unspecified part of bronchus or lung,PRIMARY,2025-04-05,Severe
DX_007194,ADM_04520,P_00169,I10,Essential (primary) hypertension,Secondary,2025-04-05,Moderate
DX_007195,ADM_04521,P_00169,I21.9,"Acute myocardial infarction, unspecified",Primary,2025-04-23,Severe
DX_007196,ADM_04522,P_00791,J18.9,"Pneumonia, unspecified organism",Primary,2025-03-23,Moderate
DX_007197,ADM_04523,P_03292,C34.90,Malignant neoplasm of unspecified part of bronchus or lung,Primary,2024-08-11,Severe
DX_007198,ADM_04523,P_03292,K21.9,Gastro-esophageal reflux disease without esophagitis,Secondary,2024-08-11,Mild
DX_007199,ADM_04524,P_01231,I10,Essential (primary) hypertension,Primary,2025-01-03,Moderate
DX_007200,ADM_04524,P_01231,F32.9,"Major depressive disorder, single episode",Secondary,2025/01/03 00:00:00,Moderate
DX_007201,ADM_04525,P_00480,J44.9,"Chronic obstructive pulmonary disease, unspecified",Primary,2024-12-04,Severe
DX_007202,ADM_04525,P_00480,I10,Essential (primary) hypertension,Secondary,2024-12-04,Moderate
DX_007203,ADM_04526,P_00542,I50.9,"Heart failure, unspecified",Primary,2025-03-16,Severe
DX_007204,ADM_04527,P_02596,A41.9,"Sepsis, unspecified organism",primary,2024-07-12,Severe
DX_007205,ADM_04528,P_02596,I10,Essential (primary) hypertension,Primary,2024-08-04,Moderate
DX_007206,ADM_04528,P_02596,E11.9,Type 2 diabetes mellitus without complications,Secondary,2024-08-04,Moderate
DX_007207,ADM_04529,P_00602,E11.9,Type 2 diabetes mellitus without complications,Primary,2024-11-08,Moderate
DX_007208,ADM_04529,P_00602,F32.9,"Major depressive disorder, single episode",Secondary,2024-11-08,Moderate
DX_007209,ADM_04530,P_02516,F32.9,"Major depressive disorder, single episode",Primary,2024-05-16,Moderate
DX_007210,ADM_04530,P_02516,K21.9,Gastro-esophageal reflux disease without esophagitis,Secondary,2024-05-16,Mild
DX_007211,ADM_04531,P_02584,C34.90,Malignant neoplasm of unspecified part of bronchus or lung,Primary,2024-01-26,  Severe  
DX_007212,ADM_04532,P_00695,I50.9,"Heart failure, unspecified",Primary,2024-10-21,Severe
DX_007213,ADM_04533,P_00551,N18.9,"Chronic kidney disease, unspecified",Primary,2024-02-18,Severe
DX_007214,ADM_04533,P_00551,E11.9,Type 2 diabetes mellitus without complications,Secondary,2024-02-18,Moderate
DX_007215,ADM_04534,P_00619,N18.9,"Chronic kidney disease, unspecified",Primary,2024-11-10,Severe
DX_007216,ADM_04534,P_00619,I10,Essential (primary) hypertension,Secondary,2024-11-10,Moderate
DX_007217,ADM_04535,P_02441,E11.9,Type 2 diabetes mellitus without complications,Primary,2024-02-23,Moderate
DX_007218,ADM_04535,P_02441,I10,Essential (primary) hypertension,Secondary,02/23/2024,Moderate
DX_007219,ADM_04536,P_03197,N18.9,"Chronic kidney disease, unspecified",Primary,2024-11-14,Severe
DX_007220,ADM_04536,P_03197,J44.9,"Chronic obstructive pulmonary disease, unspecified",  Secondary  ,2024-11-14,Severe
DX_007221,ADM_04537,P_03197,F32.9,"Major depressive disorder, single episode",  Primary  ,2024-12-09,Moderate
DX_007222,ADM_04538,P_00250,F32.9,"Major depressive disorder, single episode",Primary,2024-09-19,Moderate
DX_007223,ADM_04539,P_02980,K21.9,Gastro-esophageal reflux disease without esophagitis,Primary,2024-01-04,Mild
DX_007224,ADM_04539,P_02980,J18.9,"Pneumonia, unspecified organism",Secondary,2024-01-04,Moderate
DX_007225,ADM_04540,P_02980,K21.9,Gastro-esophageal reflux disease without esophagitis,Primary,2024-01-28,Mild
DX_007226,ADM_04540,P_02980,A41.9,"Sepsis, unspecified organism",Secondary,2024-01-28,Severe
DX_007227,ADM_04541,P_00070,F32.9,"Major depressive disorder, single episode",Primary,2025-02-15,Moderate
DX_007228,ADM_04542,P_01124,I50.9,"Heart failure, unspecified",primary,2025-04-14,Severe
DX_007229,ADM_04542,P_01124,N18.9,"Chronic kidney disease, unspecified",Secondary,2025-04-14,Severe
DX_007230,ADM_04543,P_02022,J44.9,"Chronic obstructive pulmonary disease, unspecified",Primary,2024-04-10,Severe
DX_007231,ADM_04543,P_02022,J18.9,"Pneumonia, unspecified organism",Secondary,2024-04-10,Moderate
DX_007232,ADM_04544,P_00491,F32.9,"Major depressive disorder, single episode",Primary,2024-05-16,MODERATE
DX_007233,ADM_04545,P_02554,K21.9,Gastro-esophageal reflux disease without esophagitis,Primary,2024-10-22,Mild
DX_007234,ADM_04545,P_02554,J18.9,"Pneumonia, unspecified organism",Secondary,2024-10-22,Moderate
DX_007235,ADM_04546,P_03013,I50.9,"Heart failure, unspecified",PRIMARY,2024-11-01,Severe
DX_007236,ADM_04546,P_03013,A41.9,"Sepsis, unspecified organism",Secondary,2024-11-01,Severe
DX_007237,ADM_04547,P_02546,I21.9,"Acute myocardial infarction, unspecified",PRIMARY,2024-11-04,Severe
DX_007238,ADM_04548,P_02546,I10,Essential (primary) hypertension,Primary,2024-12-01,Moderate
DX_007239,ADM_04549,P_01299,M54.5,Low back pain,Primary,2024-03-06,Mild
DX_007240,ADM_04550,P_01240,I10,Essential (primary) hypertension,Primary,2024-11-20,Moderate
DX_007241,ADM_04550,P_01240,J18.9,"Pneumonia, unspecified organism",Secondary,2024-11-20,Moderate
DX_007242,ADM_04551,P_02335,K21.9,Gastro-esophageal reflux disease without esophagitis,Primary,2025-03-31,Mild
DX_007243,ADM_04551,P_02335,I21.9,"Acute myocardial infarction, unspecified",Secondary,2025-03-31,Severe
DX_007244,ADM_04552,P_02335,M54.5,Low back pain,Primary,2025-04-11,Mild
DX_007245,ADM_04553,P_00337,I10,Essential (primary) hypertension,Primary,2025-04-02,Moderate
DX_007246,ADM_04554,P_00337,C34.90,Malignant neoplasm of unspecified part of bronchus or lung,Primary,2025-04-27,Severe
DX_007247,ADM_04554,P_00337,I50.9,"Heart failure, unspecified",Secondary,2025-04-27,Severe
DX_007248,ADM_04555,P_01196,I21.9,"Acute myocardial infarction, unspecified",Primary,2024-11-07,Severe
DX_007249,ADM_04555,P_01196,K21.9,Gastro-esophageal reflux disease without esophagitis,Secondary,2024-11-07,Mild
DX_007250,ADM_04556,P_02684,M54.5,Low back pain,Primary,2025-04-03,Mild
DX_007251,ADM_04556,P_02684,I50.9,"Heart failure, unspecified",SECONDARY,2025-04-03,Severe
DX_007252,ADM_04557,P_00013,E11.9,Type 2 diabetes mellitus without complications,Primary,2024-07-30,Moderate
DX_007253,ADM_04557,P_00013,M54.5,Low back pain,Secondary,30-07-2024,Mild
DX_007254,ADM_04558,P_01372,N18.9,"Chronic kidney disease, unspecified",Primary,2025-02-15,Severe
DX_007255,ADM_04558,P_01372,I10,Essential (primary) hypertension,Secondary,2025-02-15,Moderate
DX_007256,ADM_04559,P_01470,F32.9,"Major depressive disorder, single episode",Primary,2024-04-01,Moderate
DX_007257,ADM_04560,P_03052,C34.90,Malignant neoplasm of unspecified part of bronchus or lung,Primary,04/19/2025,Severe
DX_007258,ADM_04560,P_03052,J44.9,"Chronic obstructive pulmonary disease, unspecified",Secondary,2025-04-19,Severe
DX_007259,ADM_04561,P_02240,N18.9,"Chronic kidney disease, unspecified",Primary,2024-11-27,Severe
DX_007260,ADM_04562,P_00072,I21.9,"Acute myocardial infarction, unspecified",Primary,2024-11-01,Severe
DX_007261,ADM_04562,P_00072,A41.9,"Sepsis, unspecified organism",Secondary,2024-11-01,Severe
DX_007262,ADM_04563,P_00072,K21.9,Gastro-esophageal reflux disease without esophagitis,Primary,2024-12-02,Mild
DX_007263,ADM_04564,P_01322,C34.90,Malignant neoplasm of unspecified part of bronchus or lung,Primary,2024-02-19,Severe
DX_007264,ADM_04564,P_01322,A41.9,"Sepsis, unspecified organism",Secondary,2024-02-19,Severe
DX_007265,ADM_04565,P_01322,M54.5,Low back pain,Primary,2024-03-06,Mild
DX_007266,ADM_04566,P_03455,M54.5,Low back pain,Primary,2025-04-01,  Mild  
DX_007267,ADM_04566,P_03455,J44.9,"Chronic obstructive pulmonary disease, unspecified",Secondary,2025-04-01,Severe
DX_007268,ADM_04567,P_03202,I50.9,"Heart failure, unspecified",Primary,2024-02-21,Severe
DX_007269,ADM_04567,P_03202,J18.9,"Pneumonia, unspecified organism",Secondary,2024-02-21,Moderate
DX_007270,ADM_04568,P_03202,I21.9,"Acute myocardial infarction, unspecified",Primary,2024-03-14,Severe
DX_007271,ADM_04569,P_02568,J44.9,"Chronic obstructive pulmonary disease, unspecified",PRIMARY,2024-04-30,Severe
DX_007272,ADM_04570,P_02842,A41.9,"Sepsis, unspecified organism",Primary,2025-02-20,Severe
DX_007273,ADM_04570,P_02842,I50.9,"Heart failure, unspecified",secondary,2025-02-20,Severe
DX_007274,ADM_04571,P_00109,J44.9,"Chronic obstructive pulmonary disease, unspecified",Primary,2025-03-20,Severe
DX_007275,ADM_04571,P_00109,I10,Essential (primary) hypertension,Secondary,2025-03-20,Moderate
DX_007276,ADM_04572,P_02079,K21.9,Gastro-esophageal reflux disease without esophagitis,Primary,2024-12-12,Mild
DX_007277,ADM_04572,P_02079,M54.5,Low back pain,Secondary,2024-12-12,Mild
DX_007278,ADM_04573,P_02934,A41.9,"Sepsis, unspecified organism",Primary,2024-05-13,Severe
DX_007279,ADM_04574,P_00592,N18.9,"Chronic kidney disease, unspecified",Primary,2024-01-08,Severe
DX_007280,ADM_04574,P_00592,K21.9,Gastro-esophageal reflux disease without esophagitis,Secondary,2024-01-08,Mild
DX_007281,ADM_04575,P_02705,K21.9,Gastro-esophageal reflux disease without esophagitis,Primary,2024-10-27,Mild
DX_007282,ADM_04575,P_02705,J44.9,"Chronic obstructive pulmonary disease, unspecified",Secondary,2024-10-27,Severe
DX_007283,ADM_04576,P_03227,M54.5,Low back pain,Primary,2025-02-28,Mild
DX_007284,ADM_04576,P_03227,J18.9,"Pneumonia, unspecified organism",Secondary,2025-02-28,Moderate
DX_007285,ADM_04577,P_00819,I10,Essential (primary) hypertension,Primary,2025-01-01,Moderate
DX_007286,ADM_04578,P_00819,C34.90,Malignant neoplasm of unspecified part of bronchus or lung,Primary,2025-01-14,severe
DX_007287,ADM_04579,P_01932,I21.9,"Acute myocardial infarction, unspecified",  Primary  ,2025-01-19,Severe
DX_007288,ADM_04579,P_01932,F32.9,"Major depressive disorder, single episode",Secondary,2025-01-19,Moderate
DX_007289,ADM_04580,P_01932,J44.9,"Chronic obstructive pulmonary disease, unspecified",Primary,2025-02-10,Severe
DX_007290,ADM_04580,P_01932,M54.5,Low back pain,Secondary,02/10/2025,Mild
DX_007291,ADM_04581,P_02322,C34.90,Malignant neoplasm of unspecified part of bronchus or lung,Primary,2024-09-22,Severe
DX_007292,ADM_04581,P_02322,I50.9,"Heart failure, unspecified",Secondary,2024-09-22,Severe
DX_007293,ADM_04582,P_01033,N18.9,"Chronic kidney disease, unspecified",Primary,2024-08-22,Severe
DX_007294,ADM_04583,P_01050,A41.9,"Sepsis, unspecified organism",Primary,2025-01-05,Severe
DX_007295,ADM_04584,P_01122,A41.9,"Sepsis, unspecified organism",Primary,2024-06-12,Severe
DX_007296,ADM_04585,P_00995,J44.9,"Chronic obstructive pulmonary disease, unspecified",Primary,2024-02-08,  Severe  
DX_007297,ADM_04586,P_01132,F32.9,"Major depressive disorder, single episode",Primary,2025-02-23,Moderate
DX_007298,ADM_04587,P_03158,J44.9,"Chronic obstructive pulmonary disease, unspecified",Primary,2024-12-15,Severe
DX_007299,ADM_04587,P_03158,M54.5,Low back pain,Secondary,2024-12-15,Mild
DX_007300,ADM_04588,P_00425,J44.9,"Chronic obstructive pulmonary disease, unspecified",Primary,2025-03-23,Severe
DX_007301,ADM_04588,P_00425,F32.9,"Major depressive disorder, single episode",Secondary,2025-03-23,Moderate
DX_007302,ADM_04589,P_00678,N18.9,"Chronic kidney disease, unspecified",Primary,2024-06-16,Severe
DX_007303,ADM_04589,P_00678,I10,Essential (primary) hypertension,Secondary,2024-06-16,Moderate
DX_007304,ADM_04590,P_00599,N18.9,"Chronic kidney disease, unspecified",Primary,2025-03-07,Severe
DX_007305,ADM_04591,P_00599,I10,Essential (primary) hypertension,Primary,2025-03-17,Moderate
DX_007306,ADM_04591,P_00599,J18.9,"Pneumonia, unspecified organism",Secondary,2025-03-17,Moderate
DX_007307,ADM_04592,P_02935,E11.9,Type 2 diabetes mellitus without complications,Primary,2024-10-04,Moderate
DX_007308,ADM_04592,P_02935,C34.90,Malignant neoplasm of unspecified part of bronchus or lung,SECONDARY,2024-10-04,Severe
DX_007309,ADM_04593,P_00240,K21.9,Gastro-esophageal reflux disease without esophagitis,Primary,2024-04-07,Mild
DX_007310,ADM_04593,P_00240,J44.9,"Chronic obstructive pulmonary disease, unspecified",Secondary,2024-04-07,Severe
DX_007311,ADM_04594,P_02412,K21.9,Gastro-esophageal reflux disease without esophagitis,Primary,2024-02-25,Mild
DX_007312,ADM_04594,P_02412,M54.5,Low back pain,Secondary,2024-02-25,Mild
DX_007313,ADM_04595,P_02412,I10,Essential (primary) hypertension,Primary,2024-03-11,Moderate
DX_007314,ADM_04595,P_02412,J18.9,"Pneumonia, unspecified organism",Secondary,2024-03-11,Moderate
DX_007315,ADM_04596,P_00960,I50.9,"Heart failure, unspecified",Primary,2024-05-08,Severe
DX_007316,ADM_04596,P_00960,I10,Essential (primary) hypertension,Secondary,2024-05-08,Moderate
DX_007317,ADM_04597,P_03070,M54.5,Low back pain,PRIMARY,2025-04-20,Mild
DX_007318,ADM_04597,P_03070,F32.9,"Major depressive disorder, single episode",Secondary,2025-04-20,Moderate
DX_007319,ADM_04598,P_00540,K21.9,Gastro-esophageal reflux disease without esophagitis,Primary,2024-07-17,MILD
DX_007320,ADM_04599,P_02309,C34.90,Malignant neoplasm of unspecified part of bronchus or lung,Primary,2024-09-21,Severe
DX_007321,ADM_04599,P_02309,J18.9,"Pneumonia, unspecified organism",Secondary,2024-09-21,Moderate
DX_007322,ADM_04600,P_00248,C34.90,Malignant neoplasm of unspecified part of bronchus or lung,Primary,2024-02-09,Severe
DX_007323,ADM_04600,P_00248,I50.9,"Heart failure, unspecified",  Secondary  ,2024-02-09,Severe
DX_007324,ADM_04601,P_02851,I21.9,"Acute myocardial infarction, unspecified",Primary,2024-03-03,Severe
DX_007325,ADM_04602,P_02851,F32.9,"Major depressive disorder, single episode",Primary,2024-03-30,Moderate
DX_007326,ADM_04602,P_02851,N18.9,"Chronic kidney disease, unspecified",Secondary,2024-03-30,Severe
DX_007327,ADM_04603,P_01599,M54.5,Low back pain,Primary,2025-04-08,Mild
DX_007328,ADM_04603,P_01599,A41.9,"Sepsis, unspecified organism",Secondary,2025-04-08,Severe
DX_007329,ADM_04604,P_02651,I50.9,"Heart failure, unspecified",Primary,2024-07-17,Severe
DX_007330,ADM_04604,P_02651,F32.9,"Major depressive disorder, single episode",Secondary,2024-07-17,Moderate
DX_007331,ADM_04605,P_01259,J44.9,"Chronic obstructive pulmonary disease, unspecified",Primary,2024-07-20,severe
DX_007332,ADM_04605,P_01259,I50.9,"Heart failure, unspecified",Secondary,2024-07-20,Severe
DX_007333,ADM_04606,P_01259,N18.9,"Chronic kidney disease, unspecified",Primary,2024-08-15,Severe
DX_007334,ADM_04606,P_01259,I21.9,"Acute myocardial infarction, unspecified",Secondary,2024-08-15,Severe
DX_007335,ADM_04607,P_02714,N18.9,"Chronic kidney disease, unspecified",Primary,2024-11-25,Severe
DX_007336,ADM_04608,P_02761,E11.9,Type 2 diabetes mellitus without complications,Primary,2025-02-02,Moderate
DX_007337,ADM_04608,P_02761,I21.9,"Acute myocardial infarction, unspecified",Secondary,2025-02-02,Severe
DX_007338,ADM_04609,P_01505,A41.9,"Sepsis, unspecified organism",Primary,2024-11-10,Severe
DX_007339,ADM_04609,P_01505,K21.9,Gastro-esophageal reflux disease without esophagitis,Secondary,2024-11-10,MILD
DX_007340,ADM_04610,P_01108,E11.9,Type 2 diabetes mellitus without complications,Primary,2024-09-25,Moderate
DX_007341,ADM_04610,P_01108,I21.9,"Acute myocardial infarction, unspecified",Secondary,2024-09-25,Severe
DX_007342,ADM_04611,P_01628,J44.9,"Chronic obstructive pulmonary disease, unspecified",Primary,2024-06-18,severe
DX_007343,ADM_04611,P_01628,E11.9,Type 2 diabetes mellitus without complications,Secondary,2024-06-18,Moderate
DX_007344,ADM_04612,P_00108,J44.9,"Chronic obstructive pulmonary disease, unspecified",Primary,2024-09-08,Severe
DX_007345,ADM_04612,P_00108,A41.9,"Sepsis, unspecified organism",Secondary,2024-09-08,Severe
DX_007346,ADM_04613,P_00108,I21.9,"Acute myocardial infarction, unspecified",Primary,2024-09-15,Severe
DX_007347,ADM_04614,P_01527,F32.9,"Major depressive disorder, single episode",Primary,2024-02-10,  Moderate  
DX_007348,ADM_04614,P_01527,A41.9,"Sepsis, unspecified organism",Secondary,2024-02-10,Severe
DX_007349,ADM_04615,P_01527,I21.9,"Acute myocardial infarction, unspecified",Primary,2024-03-09,Severe
DX_007350,ADM_04616,P_03063,N18.9,"Chronic kidney disease, unspecified",Primary,2024-07-10,Severe
DX_007351,ADM_04617,P_02429,F32.9,"Major depressive disorder, single episode",Primary,2025-01-02,Moderate
DX_007352,ADM_04617,P_02429,N18.9,"Chronic kidney disease, unspecified",Secondary,2025-01-02,Severe
DX_007353,ADM_04618,P_01738,C34.90,Malignant neoplasm of unspecified part of bronchus or lung,Primary,2024-05-06,Severe
DX_007354,ADM_04619,P_01983,K21.9,Gastro-esophageal reflux disease without esophagitis,Primary,2024-03-06,Mild
DX_007355,ADM_04620,P_02149,E11.9,Type 2 diabetes mellitus without complications,Primary,2025-04-19,Moderate
DX_007356,ADM_04620,P_02149,F32.9,"Major depressive disorder, single episode",Secondary,2025-04-19,Moderate
DX_007357,ADM_04621,P_00245,J18.9,"Pneumonia, unspecified organism",Primary,2024-01-12,  Moderate  
DX_007358,ADM_04621,P_00245,E11.9,Type 2 diabetes mellitus without complications,Secondary,01/12/2024,Moderate
DX_007359,ADM_04622,P_01880,C34.90,Malignant neoplasm of unspecified part of bronchus or lung,Primary,2024-07-15,Severe
DX_007360,ADM_04622,P_01880,I10,Essential (primary) hypertension,Secondary,2024-07-15,Moderate
DX_007361,ADM_04623,P_01000,F32.9,"Major depressive disorder, single episode",Primary,2024-03-15,Moderate
DX_007362,ADM_04623,P_01000,I50.9,"Heart failure, unspecified",Secondary,2024-03-15,  Severe  
DX_007363,ADM_04624,P_02010,J44.9,"Chronic obstructive pulmonary disease, unspecified",Primary,2025-01-20,Severe
DX_007364,ADM_04624,P_02010,I21.9,"Acute myocardial infarction, unspecified",Secondary,2025-01-20,Severe
DX_007365,ADM_04625,P_01192,K21.9,Gastro-esophageal reflux disease without esophagitis,Primary,2025-05-05,Mild
DX_007366,ADM_04625,P_01192,N18.9,"Chronic kidney disease, unspecified",Secondary,2025-05-05,Severe
DX_007367,ADM_04626,P_01528,F32.9,"Major depressive disorder, single episode",Primary,02/01/2024,Moderate
DX_007368,ADM_04626,P_01528,K21.9,Gastro-esophageal reflux disease without esophagitis,Secondary,2024-02-01,Mild
DX_007369,ADM_04627,P_00900,J44.9,"Chronic obstructive pulmonary disease, unspecified",Primary,2024-01-08,Severe
DX_007370,ADM_04627,P_00900,E11.9,Type 2 diabetes mellitus without complications,Secondary,2024-01-08,Moderate
DX_007371,ADM_04628,P_01738,K21.9,Gastro-esophageal reflux disease without esophagitis,Primary,2025-03-02,Mild
DX_007372,ADM_04628,P_01738,M54.5,Low back pain,  Secondary  ,2025-03-02,Mild
DX_007373,ADM_04629,P_01905,I21.9,"Acute myocardial infarction, unspecified",Primary,2024-09-14,Severe
DX_007374,ADM_04629,P_01905,F32.9,"Major depressive disorder, single episode",Secondary,2024-09-14,Moderate
DX_007375,ADM_04630,P_03476,C34.90,Malignant neoplasm of unspecified part of bronchus or lung,Primary,2024-06-20,Severe
DX_007376,ADM_04630,P_03476,J18.9,"Pneumonia, unspecified organism",Secondary,2024-06-20,Moderate
DX_007377,ADM_04631,P_00546,E11.9,Type 2 diabetes mellitus without complications,Primary,2025-05-09,Moderate
DX_007378,ADM_04632,P_00546,I10,Essential (primary) hypertension,Primary,2025/06/09 00:00:00,Moderate
DX_007379,ADM_04632,P_00546,J44.9,"Chronic obstructive pulmonary disease, unspecified",Secondary,2025-06-09,Severe
DX_007380,ADM_04633,P_02308,J18.9,"Pneumonia, unspecified organism",Primary,2024-07-23,Moderate
DX_007381,ADM_04634,P_02391,F32.9,"Major depressive disorder, single episode",Primary,2025-04-24,Moderate
DX_007382,ADM_04634,P_02391,M54.5,Low back pain,Secondary,2025-04-24,Mild
DX_007383,ADM_04635,P_01787,F32.9,"Major depressive disorder, single episode",primary,2024-02-09,Moderate
DX_007384,ADM_04635,P_01787,N18.9,"Chronic kidney disease, unspecified",Secondary,2024-02-09,Severe
DX_007385,ADM_04636,P_01787,M54.5,Low back pain,Primary,2024-03-03,Mild
DX_007386,ADM_04637,P_01188,I10,Essential (primary) hypertension,Primary,2024-11-14,Moderate
DX_007387,ADM_04637,P_01188,A41.9,"Sepsis, unspecified organism",Secondary,2024-11-14,Severe
DX_007388,ADM_04638,P_02895,K21.9,Gastro-esophageal reflux disease without esophagitis,Primary,2024-04-07,Mild
DX_007389,ADM_04639,P_00165,I10,Essential (primary) hypertension,Primary,2024-02-27,  Moderate  
DX_007390,ADM_04640,P_02045,J44.9,"Chronic obstructive pulmonary disease, unspecified",Primary,2024-01-25,Severe
DX_007391,ADM_04641,P_02045,I50.9,"Heart failure, unspecified",Primary,2024-02-04,Severe
DX_007392,ADM_04641,P_02045,F32.9,"Major depressive disorder, single episode",Secondary,2024/02/04 00:00:00,Moderate
DX_007393,ADM_04642,P_00271,I10,Essential (primary) hypertension,Primary,2025-03-28,Moderate
DX_007394,ADM_04642,P_00271,N18.9,"Chronic kidney disease, unspecified",Secondary,2025-03-28,Severe
DX_007395,ADM_04643,P_03321,A41.9,"Sepsis, unspecified organism",Primary,2025-01-09,Severe
DX_007396,ADM_04643,P_03321,I50.9,"Heart failure, unspecified",Secondary,2025-01-09,Severe
DX_007397,ADM_04644,P_01513,M54.5,Low back pain,Primary,2025-01-06,Mild
DX_007398,ADM_04644,P_01513,J18.9,"Pneumonia, unspecified organism",Secondary,2025-01-06,Moderate
DX_007399,ADM_04645,P_00567,K21.9,Gastro-esophageal reflux disease without esophagitis,Primary,2025-01-26,Mild
DX_007400,ADM_04646,P_00567,I50.9,"Heart failure, unspecified",Primary,2025-02-15,Severe
DX_007401,ADM_04646,P_00567,N18.9,"Chronic kidney disease, unspecified",Secondary,2025-02-15,Severe
DX_007402,ADM_04647,P_00305,J18.9,"Pneumonia, unspecified organism",primary,2024-07-26,Moderate
DX_007403,ADM_04648,P_01932,E11.9,Type 2 diabetes mellitus without complications,Primary,2024-12-13,moderate
DX_007404,ADM_04648,P_01932,I10,Essential (primary) hypertension,Secondary,2024-12-13,Moderate
DX_007405,ADM_04649,P_01932,N18.9,"Chronic kidney disease, unspecified",Primary,2025-01-05,Severe
DX_007406,ADM_04649,P_01932,A41.9,"Sepsis, unspecified organism",Secondary,2025-01-05,Severe
DX_007407,ADM_04650,P_00459,K21.9,Gastro-esophageal reflux disease without esophagitis,Primary,2024-09-26,Mild
DX_007408,ADM_04650,P_00459,I21.9,"Acute myocardial infarction, unspecified",Secondary,2024-09-26,Severe
DX_007409,ADM_04651,P_00279,J18.9,"Pneumonia, unspecified organism",Primary,2024-03-01,Moderate
DX_007410,ADM_04652,P_00526,J18.9,"Pneumonia, unspecified organism",Primary,2024-10-25,moderate
DX_007411,ADM_04652,P_00526,I10,Essential (primary) hypertension,Secondary,2024-10-25,Moderate
DX_007412,ADM_04653,P_00526,J18.9,"Pneumonia, unspecified organism",Primary,2024-11-14,Moderate
DX_007413,ADM_04654,P_02113,I10,Essential (primary) hypertension,Primary,2024-01-06,Moderate
DX_007414,ADM_04654,P_02113,K21.9,Gastro-esophageal reflux disease without esophagitis,Secondary,2024-01-06,Mild
DX_007415,ADM_04655,P_01652,E11.9,Type 2 diabetes mellitus without complications,Primary,2025-01-05,Moderate
DX_007416,ADM_04656,P_02203,I10,Essential (primary) hypertension,Primary,2024-12-30,Moderate
DX_007417,ADM_04657,P_01827,A41.9,"Sepsis, unspecified organism",Primary,2025-02-19,Severe
DX_007418,ADM_04657,P_01827,K21.9,Gastro-esophageal reflux disease without esophagitis,Secondary,2025-02-19,mild
DX_007419,ADM_04658,P_01419,I10,Essential (primary) hypertension,Primary,2024-09-22,Moderate
DX_007420,ADM_04658,P_01419,I21.9,"Acute myocardial infarction, unspecified",Secondary,2024-09-22,Severe
DX_007421,ADM_04659,P_01883,I10,Essential (primary) hypertension,Primary,2024-02-04,Moderate
DX_007422,ADM_04659,P_01883,A41.9,"Sepsis, unspecified organism",Secondary,2024-02-04,SEVERE
DX_007423,ADM_04660,P_01883,J44.9,"Chronic obstructive pulmonary disease, unspecified",Primary,2024-03-06,Severe
DX_007424,ADM_04661,P_01144,I50.9,"Heart failure, unspecified",Primary,2024-01-31,Severe
DX_007425,ADM_04661,P_01144,C34.90,Malignant neoplasm of unspecified part of bronchus or lung,Secondary,2024-01-31,Severe
DX_007426,ADM_04662,P_03170,F32.9,"Major depressive disorder, single episode",PRIMARY,2024-11-04,Moderate
DX_007427,ADM_04662,P_03170,I21.9,"Acute myocardial infarction, unspecified",Secondary,2024-11-04,Severe
DX_007428,ADM_04663,P_00947,A41.9,"Sepsis, unspecified organism",Primary,2024-11-07,Severe
DX_007429,ADM_04663,P_00947,J44.9,"Chronic obstructive pulmonary disease, unspecified",Secondary,2024-11-07,Severe
DX_007430,ADM_04664,P_00214,J44.9,"Chronic obstructive pulmonary disease, unspecified",Primary,2024-06-07,Severe
DX_007431,ADM_04665,P_00214,M54.5,Low back pain,Primary,2024-06-15,  Mild  
DX_007432,ADM_04665,P_00214,E11.9,Type 2 diabetes mellitus without complications,  Secondary  ,2024-06-15,Moderate
DX_007433,ADM_04666,P_02147,E11.9,Type 2 diabetes mellitus without complications,Primary,2024-07-27,Moderate
DX_007434,ADM_04666,P_02147,M54.5,Low back pain,Secondary,2024-07-27,Mild
DX_007435,ADM_04667,P_02937,K21.9,Gastro-esophageal reflux disease without esophagitis,Primary,2024-11-26,Mild
DX_007436,ADM_04668,P_01181,I10,Essential (primary) hypertension,Primary,2024-08-01,Moderate
DX_007437,ADM_04668,P_01181,I21.9,"Acute myocardial infarction, unspecified",Secondary,2024-08-01,Severe
DX_007438,ADM_04669,P_01536,I21.9,"Acute myocardial infarction, unspecified",Primary,2024-08-24,Severe
DX_007439,ADM_04670,P_01536,C34.90,Malignant neoplasm of unspecified part of bronchus or lung,Primary,2024-09-19,Severe
DX_007440,ADM_04670,P_01536,E11.9,Type 2 diabetes mellitus without complications,Secondary,2024-09-19,moderate
DX_007441,ADM_04671,P_02624,N18.9,"Chronic kidney disease, unspecified",Primary,2025-02-28,Severe
DX_007442,ADM_04672,P_01702,I21.9,"Acute myocardial infarction, unspecified",Primary,2024-06-16,Severe
DX_007443,ADM_04672,P_01702,J18.9,"Pneumonia, unspecified organism",Secondary,2024-06-16,Moderate
DX_007444,ADM_04673,P_03241,K21.9,Gastro-esophageal reflux disease without esophagitis,Primary,2024-05-21,Mild
DX_007445,ADM_04674,P_01408,I21.9,"Acute myocardial infarction, unspecified",primary,2024-11-01,Severe
DX_007446,ADM_04675,P_01408,E11.9,Type 2 diabetes mellitus without complications,Primary,2024-12-01,  Moderate  
DX_007447,ADM_04676,P_00250,M54.5,Low back pain,Primary,2025-04-02,Mild
DX_007448,ADM_04676,P_00250,J18.9,"Pneumonia, unspecified organism",Secondary,2025-04-02,Moderate
DX_007449,ADM_04677,P_02585,N18.9,"Chronic kidney disease, unspecified",Primary,2024-06-21,Severe
DX_007450,ADM_04678,P_02585,F32.9,"Major depressive disorder, single episode",Primary,2024-07-07,Moderate
DX_007451,ADM_04679,P_03180,K21.9,Gastro-esophageal reflux disease without esophagitis,Primary,2024-02-23,Mild
DX_007452,ADM_04680,P_03180,C34.90,Malignant neoplasm of unspecified part of bronchus or lung,Primary,2024-03-05,Severe
DX_007453,ADM_04681,P_00752,J18.9,"Pneumonia, unspecified organism",Primary,2024-11-16,Moderate
DX_007454,ADM_04681,P_00752,I50.9,"Heart failure, unspecified",Secondary,2024-11-16,Severe
DX_007455,ADM_04682,P_00521,I50.9,"Heart failure, unspecified",  Primary  ,2024-01-27,Severe
DX_007456,ADM_04683,P_00666,K21.9,Gastro-esophageal reflux disease without esophagitis,Primary,2025-03-11,Mild
DX_007457,ADM_04684,P_02600,N18.9,"Chronic kidney disease, unspecified",Primary,2024-06-30,Severe
DX_007458,ADM_04684,P_02600,I50.9,"Heart failure, unspecified",Secondary,2024-06-30,SEVERE
DX_007459,ADM_04685,P_01653,N18.9,"Chronic kidney disease, unspecified",Primary,2025-04-12,Severe
DX_007460,ADM_04685,P_01653,J18.9,"Pneumonia, unspecified organism",Secondary,2025-04-12,Moderate
DX_007461,ADM_04686,P_00885,I50.9,"Heart failure, unspecified",Primary,2024-06-06,Severe
DX_007462,ADM_04686,P_00885,J18.9,"Pneumonia, unspecified organism",  Secondary  ,2024-06-06,Moderate
DX_007463,ADM_04687,P_00631,A41.9,"Sepsis, unspecified organism",Primary,2024-04-04,Severe
DX_007464,ADM_04687,P_00631,M54.5,Low back pain,Secondary,2024-04-04,Mild
DX_007465,ADM_04688,P_01714,F32.9,"Major depressive disorder, single episode",Primary,2025-04-08,Moderate
DX_007466,ADM_04689,P_01714,N18.9,"Chronic kidney disease, unspecified",Primary,2025-04-18,Severe
DX_007467,ADM_04690,P_00253,K21.9,Gastro-esophageal reflux disease without esophagitis,Primary,2025-01-05,Mild
DX_007468,ADM_04690,P_00253,E11.9,Type 2 diabetes mellitus without complications,secondary,2025-01-05,Moderate
DX_007469,ADM_04691,P_02552,E11.9,Type 2 diabetes mellitus without complications,Primary,2024-08-19,  Moderate  
DX_007470,ADM_04692,P_00138,J18.9,"Pneumonia, unspecified organism",Primary,2024-10-20,Moderate
DX_007471,ADM_04692,P_00138,C34.90,Malignant neoplasm of unspecified part of bronchus or lung,Secondary,2024-10-20,Severe
DX_007472,ADM_04693,P_01403,E11.9,Type 2 diabetes mellitus without complications,Primary,2025-01-03,Moderate
DX_007473,ADM_04694,P_00735,I10,Essential (primary) hypertension,Primary,2024-07-10,MODERATE
DX_007474,ADM_04694,P_00735,M54.5,Low back pain,Secondary,2024-07-10,mild
DX_007475,ADM_04695,P_00171,N18.9,"Chronic kidney disease, unspecified",Primary,2025-04-02,Severe
DX_007476,ADM_04696,P_02757,J18.9,"Pneumonia, unspecified organism",Primary,2025-04-13,Moderate
DX_007477,ADM_04696,P_02757,F32.9,"Major depressive disorder, single episode",Secondary,2025-04-13,Moderate
DX_007478,ADM_04697,P_01439,K21.9,Gastro-esophageal reflux disease without esophagitis,Primary,2024-04-21,Mild
DX_007479,ADM_04697,P_01439,E11.9,Type 2 diabetes mellitus without complications,Secondary,2024-04-21,Moderate
DX_007480,ADM_04698,P_00296,M54.5,Low back pain,Primary,2025-04-08,Mild
DX_007481,ADM_04699,P_00699,J44.9,"Chronic obstructive pulmonary disease, unspecified",Primary,2024-10-02,Severe
DX_007482,ADM_04700,P_00699,I21.9,"Acute myocardial infarction, unspecified",Primary,2024-10-09,Severe
DX_007483,ADM_04700,P_00699,E11.9,Type 2 diabetes mellitus without complications,Secondary,2024-10-09,Moderate
DX_007484,ADM_04701,P_03234,N18.9,"Chronic kidney disease, unspecified",Primary,2024-03-14,Severe
DX_007485,ADM_04702,P_01486,M54.5,Low back pain,Primary,2024-12-22,Mild
DX_007486,ADM_04702,P_01486,F32.9,"Major depressive disorder, single episode",Secondary,2024-12-22,Moderate
DX_007487,ADM_04703,P_02468,N18.9,"Chronic kidney disease, unspecified",Primary,2024-08-30,Severe
DX_007488,ADM_04704,P_02468,C34.90,Malignant neoplasm of unspecified part of bronchus or lung,Primary,2024-09-16,  Severe  
DX_007489,ADM_04704,P_02468,M54.5,Low back pain,Secondary,2024-09-16,Mild
DX_007490,ADM_04705,P_01763,I21.9,"Acute myocardial infarction, unspecified",Primary,2024-04-29,Severe
DX_007491,ADM_04705,P_01763,J44.9,"Chronic obstructive pulmonary disease, unspecified",Secondary,2024-04-29,Severe
DX_007492,ADM_04706,P_00868,M54.5,Low back pain,Primary,2025-04-05,Mild
DX_007493,ADM_04706,P_00868,E11.9,Type 2 diabetes mellitus without complications,Secondary,2025-04-05,Moderate
DX_007494,ADM_04707,P_00192,I21.9,"Acute myocardial infarction, unspecified",Primary,2024-04-21,Severe
DX_007495,ADM_04708,P_01866,K21.9,Gastro-esophageal reflux disease without esophagitis,Primary,2024-03-27,Mild
DX_007496,ADM_04709,P_01866,I21.9,"Acute myocardial infarction, unspecified",Primary,2024-04-22,Severe
DX_007497,ADM_04709,P_01866,J18.9,"Pneumonia, unspecified organism",Secondary,2024-04-22,Moderate
DX_007498,ADM_04710,P_01362,J44.9,"Chronic obstructive pulmonary disease, unspecified",Primary,2024-10-17,SEVERE
DX_007499,ADM_04710,P_01362,J18.9,"Pneumonia, unspecified organism",Secondary,2024-10-17,Moderate
DX_007500,ADM_04711,P_01362,J18.9,"Pneumonia, unspecified organism",Primary,2024-11-12,Moderate
DX_007501,ADM_04712,P_01629,J18.9,"Pneumonia, unspecified organism",Primary,2024-02-12,Moderate
DX_007502,ADM_04712,P_01629,I21.9,"Acute myocardial infarction, unspecified",Secondary,2024-02-12,Severe
DX_007503,ADM_04713,P_02831,F32.9,"Major depressive disorder, single episode",PRIMARY,2024/12/07 00:00:00,Moderate
DX_007504,ADM_04713,P_02831,I21.9,"Acute myocardial infarction, unspecified",Secondary,2024-12-07,Severe
DX_007505,ADM_04714,P_02059,K21.9,Gastro-esophageal reflux disease without esophagitis,Primary,30-01-2024,Mild
DX_007506,ADM_04714,P_02059,N18.9,"Chronic kidney disease, unspecified",SECONDARY,2024-01-30,Severe
DX_007507,ADM_04715,P_00136,I50.9,"Heart failure, unspecified",Primary,2024-03-29,Severe
DX_007508,ADM_04716,P_00852,I10,Essential (primary) hypertension,Primary,2024-04-23,Moderate
DX_007509,ADM_04717,P_00852,F32.9,"Major depressive disorder, single episode",Primary,2024-05-19,Moderate
DX_007510,ADM_04717,P_00852,N18.9,"Chronic kidney disease, unspecified",Secondary,2024-05-19,Severe
DX_007511,ADM_04718,P_00182,J18.9,"Pneumonia, unspecified organism",Primary,2024-05-26,Moderate
DX_007512,ADM_04718,P_00182,A41.9,"Sepsis, unspecified organism",Secondary,2024-05-26,Severe
DX_007513,ADM_04719,P_02675,J18.9,"Pneumonia, unspecified organism",Primary,2024-11-18,Moderate
DX_007514,ADM_04720,P_02497,C34.90,Malignant neoplasm of unspecified part of bronchus or lung,Primary,2024-10-08,  Severe  
DX_007515,ADM_04721,P_00450,C34.90,Malignant neoplasm of unspecified part of bronchus or lung,Primary,2024-08-02,  Severe  
DX_007516,ADM_04722,P_01331,M54.5,Low back pain,Primary,2024/03/07 00:00:00,Mild
DX_007517,ADM_04722,P_01331,E11.9,Type 2 diabetes mellitus without complications,Secondary,2024-03-07,Moderate
DX_007518,ADM_04723,P_02409,J18.9,"Pneumonia, unspecified organism",Primary,2024-08-28,moderate
DX_007519,ADM_04724,P_01220,C34.90,Malignant neoplasm of unspecified part of bronchus or lung,primary,2024-02-09,Severe
DX_007520,ADM_04724,P_01220,I21.9,"Acute myocardial infarction, unspecified",Secondary,2024-02-09,Severe
DX_007521,ADM_04725,P_03105,M54.5,Low back pain,Primary,2024-06-08,Mild
DX_007522,ADM_04726,P_00610,F32.9,"Major depressive disorder, single episode",Primary,2025-03-14,moderate
DX_007523,ADM_04726,P_00610,K21.9,Gastro-esophageal reflux disease without esophagitis,Secondary,2025-03-14,Mild
DX_007524,ADM_04727,P_01080,E11.9,Type 2 diabetes mellitus without complications,Primary,2024-02-12,Moderate
DX_007525,ADM_04727,P_01080,I10,Essential (primary) hypertension,SECONDARY,2024-02-12,Moderate
DX_007526,ADM_04728,P_01087,J44.9,"Chronic obstructive pulmonary disease, unspecified",Primary,2024-09-07,Severe
DX_007527,ADM_04729,P_01878,A41.9,"Sepsis, unspecified organism",Primary,2024-06-18,Severe
DX_007528,ADM_04729,P_01878,J44.9,"Chronic obstructive pulmonary disease, unspecified",Secondary,2024-06-18,Severe
DX_007529,ADM_04730,P_03388,M54.5,Low back pain,Primary,2024-05-01,Mild
DX_007530,ADM_04731,P_03388,K21.9,Gastro-esophageal reflux disease without esophagitis,Primary,2024-05-28,Mild
DX_007531,ADM_04731,P_03388,E11.9,Type 2 diabetes mellitus without complications,Secondary,2024-05-28,Moderate
DX_007532,ADM_04732,P_03161,K21.9,Gastro-esophageal reflux disease without esophagitis,Primary,2025-02-17,Mild
DX_007533,ADM_04733,P_01464,I21.9,"Acute myocardial infarction, unspecified",Primary,2024-02-13,Severe
DX_007534,ADM_04733,P_01464,A41.9,"Sepsis, unspecified organism",Secondary,2024-02-13,Severe
DX_007535,ADM_04734,P_01464,M54.5,Low back pain,Primary,2024-03-06,Mild
DX_007536,ADM_04734,P_01464,A41.9,"Sepsis, unspecified organism",Secondary,2024-03-06,Severe
DX_007537,ADM_04735,P_00964,M54.5,Low back pain,Primary,2025-03-17,Mild
DX_007538,ADM_04735,P_00964,F32.9,"Major depressive disorder, single episode",Secondary,17-03-2025,  Moderate  
DX_007539,ADM_04736,P_00292,A41.9,"Sepsis, unspecified organism",Primary,2024-02-09,Severe
DX_007540,ADM_04737,P_00737,J18.9,"Pneumonia, unspecified organism",Primary,2024-11-04,Moderate
DX_007541,ADM_04737,P_00737,M54.5,Low back pain,Secondary,2024-11-04,Mild
DX_007542,ADM_04738,P_03263,N18.9,"Chronic kidney disease, unspecified",Primary,2024-02-09,Severe
DX_007543,ADM_04739,P_03125,M54.5,Low back pain,Primary,2024-03-07,Mild
DX_007544,ADM_04739,P_03125,E11.9,Type 2 diabetes mellitus without complications,Secondary,2024-03-07,Moderate
DX_007545,ADM_04740,P_01427,A41.9,"Sepsis, unspecified organism",Primary,2024-10-06,Severe
DX_007546,ADM_04741,P_03239,J18.9,"Pneumonia, unspecified organism",Primary,2025-05-09,Moderate
DX_007547,ADM_04742,P_01534,N18.9,"Chronic kidney disease, unspecified",Primary,2024-03-23,Severe
DX_007548,ADM_04742,P_01534,M54.5,Low back pain,Secondary,2024-03-23,Mild
DX_007549,ADM_04743,P_03444,E11.9,Type 2 diabetes mellitus without complications,Primary,2025-04-04,Moderate
DX_007550,ADM_04744,P_00965,I21.9,"Acute myocardial infarction, unspecified",  Primary  ,08/09/2024,Severe
DX_007551,ADM_04745,P_00963,I21.9,"Acute myocardial infarction, unspecified",Primary,2024-01-25,Severe
DX_007552,ADM_04745,P_00963,C34.90,Malignant neoplasm of unspecified part of bronchus or lung,Secondary,2024-01-25,Severe
DX_007553,ADM_04746,P_00797,J18.9,"Pneumonia, unspecified organism",Primary,2024/09/18 00:00:00,Moderate
DX_007554,ADM_04746,P_00797,F32.9,"Major depressive disorder, single episode",Secondary,2024-09-18,Moderate
DX_007555,ADM_04747,P_01441,J18.9,"Pneumonia, unspecified organism",Primary,2024-04-03,Moderate
DX_007556,ADM_04747,P_01441,I50.9,"Heart failure, unspecified",Secondary,2024-04-03,Severe
DX_007557,ADM_04748,P_01567,N18.9,"Chronic kidney disease, unspecified",Primary,2024-01-13,SEVERE
DX_007558,ADM_04749,P_01567,I10,Essential (primary) hypertension,Primary,2024-02-02,Moderate
DX_007559,ADM_04749,P_01567,I50.9,"Heart failure, unspecified",Secondary,2024-02-02,Severe
DX_007560,ADM_04750,P_00209,E11.9,Type 2 diabetes mellitus without complications,Primary,2024-01-26,Moderate
DX_007561,ADM_04750,P_00209,J44.9,"Chronic obstructive pulmonary disease, unspecified",Secondary,2024-01-26,Severe
DX_007562,ADM_04751,P_00056,K21.9,Gastro-esophageal reflux disease without esophagitis,Primary,2024-04-13,Mild
DX_007563,ADM_04752,P_00056,J44.9,"Chronic obstructive pulmonary disease, unspecified",Primary,2024-04-21,Severe
DX_007564,ADM_04752,P_00056,M54.5,Low back pain,Secondary,2024-04-21,Mild
DX_007565,ADM_04753,P_00637,I21.9,"Acute myocardial infarction, unspecified",Primary,2024-01-19,Severe
DX_007566,ADM_04754,P_00357,M54.5,Low back pain,Primary,2024-03-13,mild
DX_007567,ADM_04754,P_00357,F32.9,"Major depressive disorder, single episode",Secondary,2024-03-13,  Moderate  
DX_007568,ADM_04755,P_00357,F32.9,"Major depressive disorder, single episode",Primary,2024-04-17,Moderate
DX_007569,ADM_04756,P_02044,I50.9,"Heart failure, unspecified",Primary,2024-04-26,Severe
DX_007570,ADM_04756,P_02044,J44.9,"Chronic obstructive pulmonary disease, unspecified",Secondary,2024-04-26,Severe
DX_007571,ADM_04757,P_01670,K21.9,Gastro-esophageal reflux disease without esophagitis,Primary,2024-11-14,Mild
DX_007572,ADM_04758,P_00647,M54.5,Low back pain,Primary,2025-02-25,Mild
DX_007573,ADM_04758,P_00647,A41.9,"Sepsis, unspecified organism",Secondary,2025-02-25,Severe
DX_007574,ADM_04759,P_01010,K21.9,Gastro-esophageal reflux disease without esophagitis,Primary,2025-04-26,Mild
DX_007575,ADM_04760,P_02093,J44.9,"Chronic obstructive pulmonary disease, unspecified",Primary,2024-03-13,Severe
DX_007576,ADM_04760,P_02093,M54.5,Low back pain,Secondary,2024-03-13,Mild
DX_007577,ADM_04761,P_00713,I21.9,"Acute myocardial infarction, unspecified",Primary,2024-02-13,Severe
DX_007578,ADM_04761,P_00713,E11.9,Type 2 diabetes mellitus without complications,Secondary,2024-02-13,Moderate
DX_007579,ADM_04762,P_02506,J44.9,"Chronic obstructive pulmonary disease, unspecified",Primary,2024-02-23,Severe
DX_007580,ADM_04763,P_00309,I10,Essential (primary) hypertension,PRIMARY,2024-01-14,Moderate
DX_007581,ADM_04763,P_00309,I21.9,"Acute myocardial infarction, unspecified",Secondary,2024-01-14,Severe
DX_007582,ADM_04764,P_00127,C34.90,Malignant neoplasm of unspecified part of bronchus or lung,primary,30-09-2024,Severe
DX_007583,ADM_04765,P_02560,J44.9,"Chronic obstructive pulmonary disease, unspecified",Primary,2024-04-28,Severe
DX_007584,ADM_04765,P_02560,E11.9,Type 2 diabetes mellitus without complications,Secondary,2024-04-28,Moderate
DX_007585,ADM_04766,P_01101,J18.9,"Pneumonia, unspecified organism",Primary,17-06-2024,Moderate
DX_007586,ADM_04767,P_02467,I21.9,"Acute myocardial infarction, unspecified",Primary,2024-03-10,Severe
DX_007587,ADM_04767,P_02467,N18.9,"Chronic kidney disease, unspecified",Secondary,2024-03-10,Severe
DX_007588,ADM_04768,P_02825,C34.90,Malignant neoplasm of unspecified part of bronchus or lung,Primary,2024-04-01,Severe
DX_007589,ADM_04769,P_01292,I10,Essential (primary) hypertension,Primary,2024-05-01,Moderate
DX_007590,ADM_04769,P_01292,A41.9,"Sepsis, unspecified organism",Secondary,2024-05-01,Severe
DX_007591,ADM_04770,P_01608,F32.9,"Major depressive disorder, single episode",PRIMARY,2025-03-18,MODERATE
DX_007592,ADM_04770,P_01608,C34.90,Malignant neoplasm of unspecified part of bronchus or lung,Secondary,2025-03-18,Severe
DX_007593,ADM_04771,P_01608,I21.9,"Acute myocardial infarction, unspecified",PRIMARY,2025-04-07,Severe
DX_007594,ADM_04772,P_01481,N18.9,"Chronic kidney disease, unspecified",Primary,2024-02-13,Severe
DX_007595,ADM_04773,P_02877,N18.9,"Chronic kidney disease, unspecified",Primary,08/04/2024,Severe
DX_007596,ADM_04773,P_02877,M54.5,Low back pain,Secondary,2024-08-04,Mild
DX_007597,ADM_04774,P_01214,N18.9,"Chronic kidney disease, unspecified",primary,2025-02-05,severe
DX_007598,ADM_04774,P_01214,F32.9,"Major depressive disorder, single episode",Secondary,2025-02-05,Moderate
DX_007599,ADM_04775,P_02381,A41.9,"Sepsis, unspecified organism",Primary,2024-08-06,Severe
DX_007600,ADM_04775,P_02381,I10,Essential (primary) hypertension,Secondary,2024-08-06,Moderate
DX_007601,ADM_04776,P_01397,I10,Essential (primary) hypertension,Primary,2024-06-14,Moderate
DX_007602,ADM_04776,P_01397,C34.90,Malignant neoplasm of unspecified part of bronchus or lung,Secondary,2024-06-14,Severe
DX_007603,ADM_04777,P_01619,K21.9,Gastro-esophageal reflux disease without esophagitis,Primary,2025-04-09,Mild
DX_007604,ADM_04777,P_01619,J44.9,"Chronic obstructive pulmonary disease, unspecified",Secondary,2025-04-09,Severe
DX_007605,ADM_04778,P_00383,F32.9,"Major depressive disorder, single episode",Primary,2024-02-13,  Moderate  
DX_007606,ADM_04778,P_00383,I50.9,"Heart failure, unspecified",Secondary,2024/02/13 00:00:00,Severe
DX_007607,ADM_04779,P_00383,I10,Essential (primary) hypertension,Primary,2024-02-26,Moderate
DX_007608,ADM_04779,P_00383,K21.9,Gastro-esophageal reflux disease without esophagitis,Secondary,2024/02/26 00:00:00,Mild
DX_007609,ADM_04780,P_03019,J18.9,"Pneumonia, unspecified organism",Primary,2024-03-01,Moderate
DX_007610,ADM_04780,P_03019,C34.90,Malignant neoplasm of unspecified part of bronchus or lung,Secondary,2024-03-01,Severe
DX_007611,ADM_04781,P_01637,F32.9,"Major depressive disorder, single episode",Primary,2025-04-19,Moderate
DX_007612,ADM_04782,P_00891,F32.9,"Major depressive disorder, single episode",Primary,2024-10-24,Moderate
DX_007613,ADM_04783,P_03227,J18.9,"Pneumonia, unspecified organism",Primary,2025-05-11,Moderate
DX_007614,ADM_04784,P_01723,J44.9,"Chronic obstructive pulmonary disease, unspecified",Primary,2024-06-30,Severe
DX_007615,ADM_04784,P_01723,I50.9,"Heart failure, unspecified",Secondary,30-06-2024,Severe
DX_007616,ADM_04785,P_00309,C34.90,Malignant neoplasm of unspecified part of bronchus or lung,Primary,2024-07-13,Severe
DX_007617,ADM_04786,P_01663,I10,Essential (primary) hypertension,Primary,2025-01-14,Moderate
DX_007618,ADM_04787,P_01255,J18.9,"Pneumonia, unspecified organism",Primary,2024-12-29,Moderate
DX_007619,ADM_04788,P_00427,I21.9,"Acute myocardial infarction, unspecified",Primary,2024-04-30,Severe
DX_007620,ADM_04789,P_00808,A41.9,"Sepsis, unspecified organism",Primary,2025-05-13,Severe
DX_007621,ADM_04789,P_00808,C34.90,Malignant neoplasm of unspecified part of bronchus or lung,Secondary,2025-05-13,Severe
DX_007622,ADM_04790,P_01713,E11.9,Type 2 diabetes mellitus without complications,Primary,2024-08-08,Moderate
DX_007623,ADM_04790,P_01713,I50.9,"Heart failure, unspecified",Secondary,2024-08-08,Severe
DX_007624,ADM_04791,P_03130,A41.9,"Sepsis, unspecified organism",Primary,2024-12-28,Severe
DX_007625,ADM_04791,P_03130,F32.9,"Major depressive disorder, single episode",Secondary,2024-12-28,Moderate
DX_007626,ADM_04792,P_03130,A41.9,"Sepsis, unspecified organism",Primary,2025-01-08,Severe
DX_007627,ADM_04793,P_01236,I50.9,"Heart failure, unspecified",Primary,2025-05-10,Severe
DX_007628,ADM_04794,P_02419,J44.9,"Chronic obstructive pulmonary disease, unspecified",Primary,2024-04-08,Severe
DX_007629,ADM_04794,P_02419,M54.5,Low back pain,Secondary,2024-04-08,Mild
DX_007630,ADM_04795,P_03286,C34.90,Malignant neoplasm of unspecified part of bronchus or lung,Primary,2024-01-15,Severe
DX_007631,ADM_04796,P_00426,M54.5,Low back pain,Primary,2024-06-16,Mild
DX_007632,ADM_04797,P_01497,J44.9,"Chronic obstructive pulmonary disease, unspecified",Primary,2024-05-01,Severe
DX_007633,ADM_04797,P_01497,F32.9,"Major depressive disorder, single episode",Secondary,2024-05-01,Moderate
DX_007634,ADM_04798,P_00964,I10,Essential (primary) hypertension,Primary,2024-08-30,Moderate
DX_007635,ADM_04798,P_00964,M54.5,Low back pain,Secondary,2024-08-30,Mild
DX_007636,ADM_04799,P_03015,K21.9,Gastro-esophageal reflux disease without esophagitis,Primary,2024-02-14,Mild
DX_007637,ADM_04799,P_03015,F32.9,"Major depressive disorder, single episode",Secondary,2024-02-14,Moderate
DX_007638,ADM_04800,P_02998,A41.9,"Sepsis, unspecified organism",primary,2024-12-10,Severe
DX_007639,ADM_04801,P_02854,A41.9,"Sepsis, unspecified organism",Primary,2025-05-08,Severe
DX_007640,ADM_04802,P_01560,A41.9,"Sepsis, unspecified organism",Primary,2025-04-21,Severe
DX_007641,ADM_04802,P_01560,M54.5,Low back pain,Secondary,2025-04-21,Mild
DX_007642,ADM_04803,P_01828,I21.9,"Acute myocardial infarction, unspecified",Primary,2024-12-25,Severe
DX_007643,ADM_04803,P_01828,E11.9,Type 2 diabetes mellitus without complications,Secondary,2024-12-25,Moderate
DX_007644,ADM_04804,P_01828,E11.9,Type 2 diabetes mellitus without complications,Primary,2025-01-19,Moderate
DX_007645,ADM_04805,P_02073,M54.5,Low back pain,Primary,2024-06-14,Mild
DX_007646,ADM_04805,P_02073,I50.9,"Heart failure, unspecified",Secondary,2024-06-14,Severe
DX_007647,ADM_04806,P_02231,I10,Essential (primary) hypertension,Primary,2025-05-08,Moderate
DX_007648,ADM_04806,P_02231,K21.9,Gastro-esophageal reflux disease without esophagitis,Secondary,2025-05-08,Mild
DX_007649,ADM_04807,P_01631,F32.9,"Major depressive disorder, single episode",Primary,2024-03-09,Moderate
DX_007650,ADM_04807,P_01631,K21.9,Gastro-esophageal reflux disease without esophagitis,Secondary,2024-03-09,Mild
DX_007651,ADM_04808,P_02974,J18.9,"Pneumonia, unspecified organism",Primary,2024-06-23,Moderate
DX_007652,ADM_04809,P_01244,F32.9,"Major depressive disorder, single episode",Primary,2024-08-23,Moderate
DX_007653,ADM_04809,P_01244,C34.90,Malignant neoplasm of unspecified part of bronchus or lung,Secondary,2024-08-23,Severe
DX_007654,ADM_04810,P_00410,A41.9,"Sepsis, unspecified organism",primary,2024-12-05,Severe
DX_007655,ADM_04811,P_03046,K21.9,Gastro-esophageal reflux disease without esophagitis,Primary,2024-07-08,Mild
DX_007656,ADM_04812,P_00438,J18.9,"Pneumonia, unspecified organism",Primary,2024-06-13,Moderate
DX_007657,ADM_04812,P_00438,C34.90,Malignant neoplasm of unspecified part of bronchus or lung,Secondary,2024-06-13,Severe
DX_007658,ADM_04813,P_00821,E11.9,Type 2 diabetes mellitus without complications,Primary,04/16/2025,Moderate
DX_007659,ADM_04814,P_00821,K21.9,Gastro-esophageal reflux disease without esophagitis,Primary,2025-05-08,Mild
DX_007660,ADM_04815,P_01192,C34.90,Malignant neoplasm of unspecified part of bronchus or lung,Primary,2024-02-11,Severe
DX_007661,ADM_04815,P_01192,J44.9,"Chronic obstructive pulmonary disease, unspecified",Secondary,2024-02-11,Severe
DX_007662,ADM_04816,P_01306,I10,Essential (primary) hypertension,Primary,2024-05-03,Moderate
DX_007663,ADM_04816,P_01306,J44.9,"Chronic obstructive pulmonary disease, unspecified",Secondary,2024-05-03,SEVERE
DX_007664,ADM_04817,P_03082,A41.9,"Sepsis, unspecified organism",Primary,2024-07-14,Severe
DX_007665,ADM_04817,P_03082,E11.9,Type 2 diabetes mellitus without complications,Secondary,2024-07-14,Moderate
DX_007666,ADM_04818,P_01064,I50.9,"Heart failure, unspecified",primary,2024-01-03,Severe
DX_007667,ADM_04819,P_01536,C34.90,Malignant neoplasm of unspecified part of bronchus or lung,Primary,2025-02-15,Severe
DX_007668,ADM_04820,P_01536,I10,Essential (primary) hypertension,Primary,2025-03-18,moderate
DX_007669,ADM_04821,P_01240,K21.9,Gastro-esophageal reflux disease without esophagitis,Primary,2024-12-05,  Mild  
DX_007670,ADM_04822,P_00576,I21.9,"Acute myocardial infarction, unspecified",Primary,2024-08-06,Severe
DX_007671,ADM_04822,P_00576,M54.5,Low back pain,Secondary,2024-08-06,Mild
DX_007672,ADM_04823,P_01118,F32.9,"Major depressive disorder, single episode",Primary,2024-10-10,Moderate
DX_007673,ADM_04823,P_01118,N18.9,"Chronic kidney disease, unspecified",Secondary,2024-10-10,Severe
DX_007674,ADM_04824,P_02523,F32.9,"Major depressive disorder, single episode",Primary,2024-11-26,Moderate
DX_007675,ADM_04824,P_02523,N18.9,"Chronic kidney disease, unspecified",Secondary,2024-11-26,Severe
DX_007676,ADM_04825,P_01853,K21.9,Gastro-esophageal reflux disease without esophagitis,Primary,2025-01-15,Mild
DX_007677,ADM_04825,P_01853,C34.90,Malignant neoplasm of unspecified part of bronchus or lung,SECONDARY,2025-01-15,Severe
DX_007678,ADM_04826,P_01057,F32.9,"Major depressive disorder, single episode",Primary,2025-05-08,  Moderate  
DX_007679,ADM_04826,P_01057,M54.5,Low back pain,  Secondary  ,2025-05-08,Mild
DX_007680,ADM_04827,P_00480,N18.9,"Chronic kidney disease, unspecified",Primary,2025-02-24,Severe
DX_007681,ADM_04827,P_00480,F32.9,"Major depressive disorder, single episode",Secondary,2025-02-24,Moderate
DX_007682,ADM_04828,P_00495,I21.9,"Acute myocardial infarction, unspecified",Primary,2025-05-13,Severe
DX_007683,ADM_04829,P_01602,N18.9,"Chronic kidney disease, unspecified",Primary,2024-08-10,Severe
DX_007684,ADM_04830,P_03464,N18.9,"Chronic kidney disease, unspecified",Primary,2024-01-26,Severe
DX_007685,ADM_04830,P_03464,E11.9,Type 2 diabetes mellitus without complications,Secondary,2024-01-26,Moderate
DX_007686,ADM_04831,P_03463,A41.9,"Sepsis, unspecified organism",  Primary  ,09/01/2024,Severe
DX_007687,ADM_04832,P_03353,J18.9,"Pneumonia, unspecified organism",Primary,2024-11-19,Moderate
DX_007688,ADM_04832,P_03353,M54.5,Low back pain,Secondary,2024-11-19,Mild
DX_007689,ADM_04833,P_00531,E11.9,Type 2 diabetes mellitus without complications,Primary,04/23/2025,Moderate
DX_007690,ADM_04834,P_01607,I21.9,"Acute myocardial infarction, unspecified",Primary,2024-07-28,Severe
DX_007691,ADM_04834,P_01607,E11.9,Type 2 diabetes mellitus without complications,Secondary,2024-07-28,Moderate
DX_007692,ADM_04835,P_01607,I50.9,"Heart failure, unspecified",Primary,2024-08-16,Severe
DX_007693,ADM_04835,P_01607,N18.9,"Chronic kidney disease, unspecified",Secondary,2024-08-16,Severe
DX_007694,ADM_04836,P_02078,I21.9,"Acute myocardial infarction, unspecified",  Primary  ,2024-04-05,Severe
DX_007695,ADM_04837,P_02531,I21.9,"Acute myocardial infarction, unspecified",Primary,06-08-2024,Severe
DX_007696,ADM_04837,P_02531,E11.9,Type 2 diabetes mellitus without complications,Secondary,2024-08-06,  Moderate  
DX_007697,ADM_04838,P_01265,A41.9,"Sepsis, unspecified organism",Primary,2025-04-22,Severe
DX_007698,ADM_04839,P_01495,I21.9,"Acute myocardial infarction, unspecified",Primary,2024-10-23,Severe
DX_007699,ADM_04839,P_01495,K21.9,Gastro-esophageal reflux disease without esophagitis,Secondary,2024-10-23,Mild
DX_007700,ADM_04840,P_03176,E11.9,Type 2 diabetes mellitus without complications,Primary,2024-07-28,Moderate
DX_007701,ADM_04840,P_03176,N18.9,"Chronic kidney disease, unspecified",Secondary,2024-07-28,Severe
DX_007702,ADM_04841,P_03176,J44.9,"Chronic obstructive pulmonary disease, unspecified",Primary,2024-08-29,Severe
DX_007703,ADM_04842,P_02358,K21.9,Gastro-esophageal reflux disease without esophagitis,Primary,2024-03-13,Mild
DX_007704,ADM_04842,P_02358,I21.9,"Acute myocardial infarction, unspecified",Secondary,2024-03-13,Severe
DX_007705,ADM_04843,P_02358,C34.90,Malignant neoplasm of unspecified part of bronchus or lung,Primary,2024-04-11,Severe
DX_007706,ADM_04843,P_02358,F32.9,"Major depressive disorder, single episode",  Secondary  ,2024-04-11,Moderate
DX_007707,ADM_04844,P_00804,M54.5,Low back pain,Primary,2024-07-26,Mild
DX_007708,ADM_04844,P_00804,C34.90,Malignant neoplasm of unspecified part of bronchus or lung,Secondary,2024-07-26,Severe
DX_007709,ADM_04845,P_00804,M54.5,Low back pain,Primary,2024-08-02,Mild
DX_007710,ADM_04846,P_03309,C34.90,Malignant neoplasm of unspecified part of bronchus or lung,Primary,2024-07-08,Severe
DX_007711,ADM_04846,P_03309,E11.9,Type 2 diabetes mellitus without complications,Secondary,2024-07-08,Moderate
DX_007712,ADM_04847,P_02446,C34.90,Malignant neoplasm of unspecified part of bronchus or lung,PRIMARY,2024-06-26,Severe
DX_007713,ADM_04847,P_02446,I50.9,"Heart failure, unspecified",Secondary,2024-06-26,Severe
DX_007714,ADM_04848,P_01513,F32.9,"Major depressive disorder, single episode",Primary,2024-08-05,Moderate
DX_007715,ADM_04848,P_01513,C34.90,Malignant neoplasm of unspecified part of bronchus or lung,Secondary,2024-08-05,Severe
DX_007716,ADM_04849,P_02059,I10,Essential (primary) hypertension,Primary,2024-11-06,Moderate
DX_007717,ADM_04850,P_03286,N18.9,"Chronic kidney disease, unspecified",Primary,2024-11-06,Severe
DX_007718,ADM_04850,P_03286,I21.9,"Acute myocardial infarction, unspecified",SECONDARY,2024-11-06,Severe
DX_007719,ADM_04851,P_02133,E11.9,Type 2 diabetes mellitus without complications,Primary,2024-06-15,Moderate
DX_007720,ADM_04851,P_02133,F32.9,"Major depressive disorder, single episode",Secondary,2024-06-15,Moderate
DX_007721,ADM_04852,P_02378,J44.9,"Chronic obstructive pulmonary disease, unspecified",Primary,2024-12-24,Severe
DX_007722,ADM_04853,P_00899,E11.9,Type 2 diabetes mellitus without complications,Primary,2024-06-08,Moderate
DX_007723,ADM_04854,P_00651,I50.9,"Heart failure, unspecified",Primary,2024-07-01,Severe
DX_007724,ADM_04854,P_00651,J44.9,"Chronic obstructive pulmonary disease, unspecified",Secondary,2024-07-01,Severe
DX_007725,ADM_04855,P_00136,I10,Essential (primary) hypertension,Primary,2024-07-24,MODERATE
DX_007726,ADM_04855,P_00136,I21.9,"Acute myocardial infarction, unspecified",Secondary,07/24/2024,severe
DX_007727,ADM_04856,P_00585,J18.9,"Pneumonia, unspecified organism",Primary,2025-05-03,moderate
DX_007728,ADM_04856,P_00585,K21.9,Gastro-esophageal reflux disease without esophagitis,Secondary,2025-05-03,Mild
DX_007729,ADM_04857,P_01267,J44.9,"Chronic obstructive pulmonary disease, unspecified",Primary,2025-04-30,Severe
DX_007730,ADM_04857,P_01267,E11.9,Type 2 diabetes mellitus without complications,Secondary,2025-04-30,Moderate
DX_007731,ADM_04858,P_02834,E11.9,Type 2 diabetes mellitus without complications,Primary,2024-11-21,MODERATE
DX_007732,ADM_04859,P_00081,M54.5,Low back pain,Primary,2024-07-07,Mild
DX_007733,ADM_04860,P_03333,J18.9,"Pneumonia, unspecified organism",  Primary  ,2024-01-26,Moderate
DX_007734,ADM_04861,P_02337,M54.5,Low back pain,Primary,2024-09-07,Mild
DX_007735,ADM_04862,P_02388,J44.9,"Chronic obstructive pulmonary disease, unspecified",Primary,2024-07-21,Severe
DX_007736,ADM_04862,P_02388,I50.9,"Heart failure, unspecified",Secondary,2024-07-21,Severe
DX_007737,ADM_04863,P_00404,F32.9,"Major depressive disorder, single episode",Primary,2025-03-11,Moderate
DX_007738,ADM_04863,P_00404,J18.9,"Pneumonia, unspecified organism",Secondary,2025-03-11,Moderate
DX_007739,ADM_04864,P_03277,C34.90,Malignant neoplasm of unspecified part of bronchus or lung,Primary,2024-05-23,Severe
DX_007740,ADM_04864,P_03277,I50.9,"Heart failure, unspecified",Secondary,2024-05-23,Severe
DX_007741,ADM_04865,P_02976,F32.9,"Major depressive disorder, single episode",Primary,2024-05-19,Moderate
DX_007742,ADM_04865,P_02976,I10,Essential (primary) hypertension,Secondary,2024-05-19,Moderate
DX_007743,ADM_04866,P_00205,E11.9,Type 2 diabetes mellitus without complications,Primary,2024-03-19,Moderate
DX_007744,ADM_04867,P_00588,I21.9,"Acute myocardial infarction, unspecified",Primary,2024-02-15,Severe
DX_007745,ADM_04867,P_00588,A41.9,"Sepsis, unspecified organism",Secondary,2024-02-15,Severe
DX_007746,ADM_04868,P_00018,I21.9,"Acute myocardial infarction, unspecified",Primary,2024-10-26,Severe
DX_007747,ADM_04869,P_03016,J44.9,"Chronic obstructive pulmonary disease, unspecified",Primary,2024-06-04,Severe
DX_007748,ADM_04869,P_03016,J18.9,"Pneumonia, unspecified organism",Secondary,2024-06-04,Moderate
DX_007749,ADM_04870,P_03465,I21.9,"Acute myocardial infarction, unspecified",Primary,2024-03-31,Severe
DX_007750,ADM_04870,P_03465,N18.9,"Chronic kidney disease, unspecified",SECONDARY,2024-03-31,Severe
DX_007751,ADM_04871,P_01517,N18.9,"Chronic kidney disease, unspecified",Primary,2024-03-05,Severe
DX_007752,ADM_04872,P_02532,N18.9,"Chronic kidney disease, unspecified",Primary,2024-05-09,Severe
DX_007753,ADM_04872,P_02532,M54.5,Low back pain,SECONDARY,2024-05-09,Mild
DX_007754,ADM_04873,P_02532,K21.9,Gastro-esophageal reflux disease without esophagitis,Primary,2024-06-10,Mild
DX_007755,ADM_04874,P_01284,E11.9,Type 2 diabetes mellitus without complications,Primary,2025-04-20,Moderate
DX_007756,ADM_04875,P_01566,I21.9,"Acute myocardial infarction, unspecified",Primary,2024-04-10,Severe
DX_007757,ADM_04876,P_02600,C34.90,Malignant neoplasm of unspecified part of bronchus or lung,Primary,2024-10-05,SEVERE
DX_007758,ADM_04876,P_02600,I10,Essential (primary) hypertension,Secondary,2024/10/05 00:00:00,Moderate
DX_007759,ADM_04877,P_01698,I21.9,"Acute myocardial infarction, unspecified",  Primary  ,2024-02-03,Severe
DX_007760,ADM_04877,P_01698,K21.9,Gastro-esophageal reflux disease without esophagitis,Secondary,2024-02-03,Mild
DX_007761,ADM_04878,P_01192,C34.90,Malignant neoplasm of unspecified part of bronchus or lung,Primary,2024-04-12,Severe
DX_007762,ADM_04879,P_00366,F32.9,"Major depressive disorder, single episode",Primary,2024-01-22,Moderate
DX_007763,ADM_04879,P_00366,I21.9,"Acute myocardial infarction, unspecified",Secondary,2024-01-22,Severe
DX_007764,ADM_04880,P_02711,I50.9,"Heart failure, unspecified",Primary,2024-12-04,Severe
DX_007765,ADM_04881,P_00169,F32.9,"Major depressive disorder, single episode",Primary,2024-07-06,Moderate
DX_007766,ADM_04881,P_00169,J18.9,"Pneumonia, unspecified organism",Secondary,2024-07-06,Moderate
DX_007767,ADM_04882,P_00487,C34.90,Malignant neoplasm of unspecified part of bronchus or lung,Primary,2024-12-15,Severe
DX_007768,ADM_04882,P_00487,N18.9,"Chronic kidney disease, unspecified",Secondary,2024-12-15,Severe
DX_007769,ADM_04883,P_00836,I50.9,"Heart failure, unspecified",Primary,2025-01-02,Severe
DX_007770,ADM_04883,P_00836,E11.9,Type 2 diabetes mellitus without complications,Secondary,2025/01/02 00:00:00,Moderate
DX_007771,ADM_04884,P_02903,E11.9,Type 2 diabetes mellitus without complications,Primary,2025-05-05,Moderate
DX_007772,ADM_04885,P_01860,J44.9,"Chronic obstructive pulmonary disease, unspecified",Primary,2024-10-07,Severe
DX_007773,ADM_04885,P_01860,M54.5,Low back pain,Secondary,2024-10-07,Mild
DX_007774,ADM_04886,P_00410,C34.90,Malignant neoplasm of unspecified part of bronchus or lung,Primary,2024-03-22,Severe
DX_007775,ADM_04886,P_00410,J18.9,"Pneumonia, unspecified organism",secondary,2024/03/22 00:00:00,Moderate
DX_007776,ADM_04887,P_01777,E11.9,Type 2 diabetes mellitus without complications,Primary,2024-10-18,Moderate
DX_007777,ADM_04887,P_01777,I10,Essential (primary) hypertension,Secondary,2024-10-18,Moderate
DX_007778,ADM_04888,P_01890,F32.9,"Major depressive disorder, single episode",Primary,2024-02-28,Moderate
DX_007779,ADM_04889,P_00112,F32.9,"Major depressive disorder, single episode",Primary,2025-02-14,Moderate
DX_007780,ADM_04889,P_00112,M54.5,Low back pain,Secondary,2025-02-14,Mild
DX_007781,ADM_04890,P_00965,F32.9,"Major depressive disorder, single episode",Primary,2024-10-12,Moderate
DX_007782,ADM_04890,P_00965,M54.5,Low back pain,Secondary,2024-10-12,Mild
DX_007783,ADM_04891,P_02785,E11.9,Type 2 diabetes mellitus without complications,Primary,2025-04-10,Moderate
DX_007784,ADM_04891,P_02785,N18.9,"Chronic kidney disease, unspecified",Secondary,2025-04-10,Severe
DX_007785,ADM_04892,P_03442,F32.9,"Major depressive disorder, single episode",Primary,2024-08-18,Moderate
DX_007786,ADM_04893,P_03442,M54.5,Low back pain,Primary,2024-09-04,mild
DX_007787,ADM_04894,P_02701,J44.9,"Chronic obstructive pulmonary disease, unspecified",Primary,2025-04-07,Severe
DX_007788,ADM_04895,P_01429,J44.9,"Chronic obstructive pulmonary disease, unspecified",Primary,04/10/2025,Severe
DX_007789,ADM_04896,P_01601,C34.90,Malignant neoplasm of unspecified part of bronchus or lung,Primary,2024-10-30,Severe
DX_007790,ADM_04897,P_01255,M54.5,Low back pain,Primary,2024-12-05,Mild
DX_007791,ADM_04897,P_01255,I50.9,"Heart failure, unspecified",Secondary,2024-12-05,Severe
DX_007792,ADM_04898,P_02552,K21.9,Gastro-esophageal reflux disease without esophagitis,Primary,2024-01-30,Mild
DX_007793,ADM_04898,P_02552,J18.9,"Pneumonia, unspecified organism",Secondary,2024-01-30,Moderate
DX_007794,ADM_04899,P_02552,I21.9,"Acute myocardial infarction, unspecified",Primary,2024-05-13,Severe
DX_007795,ADM_04899,P_02552,M54.5,Low back pain,Secondary,2024-05-13,Mild
DX_007796,ADM_04900,P_02633,I10,Essential (primary) hypertension,Primary,2024-12-01,Moderate
DX_007797,ADM_04900,P_02633,I50.9,"Heart failure, unspecified",Secondary,2024-12-01,Severe
DX_007798,ADM_04901,P_02633,M54.5,Low back pain,Primary,2024-12-24,  Mild  
DX_007799,ADM_04902,P_01542,C34.90,Malignant neoplasm of unspecified part of bronchus or lung,Primary,2024-05-03,Severe
DX_007800,ADM_04902,P_01542,I21.9,"Acute myocardial infarction, unspecified",Secondary,2024-05-03,Severe
DX_007801,ADM_04903,P_01542,I10,Essential (primary) hypertension,Primary,2024-06-07,Moderate
DX_007802,ADM_04904,P_00101,C34.90,Malignant neoplasm of unspecified part of bronchus or lung,primary,2025-03-11,Severe
DX_007803,ADM_04904,P_00101,I21.9,"Acute myocardial infarction, unspecified",Secondary,2025-03-11,Severe
DX_007804,ADM_04905,P_02129,C34.90,Malignant neoplasm of unspecified part of bronchus or lung,Primary,2024-08-15,Severe
DX_007805,ADM_04906,P_00887,E11.9,Type 2 diabetes mellitus without complications,Primary,2024-10-03,Moderate
DX_007806,ADM_04907,P_01229,E11.9,Type 2 diabetes mellitus without complications,Primary,2024-07-18,Moderate
DX_007807,ADM_04908,P_01229,J44.9,"Chronic obstructive pulmonary disease, unspecified",Primary,2024-08-10,Severe
DX_007808,ADM_04909,P_02244,A41.9,"Sepsis, unspecified organism",Primary,2025-01-05,Severe
DX_007809,ADM_04910,P_02244,M54.5,Low back pain,  Primary  ,2025-01-13,Mild
DX_007810,ADM_04910,P_02244,K21.9,Gastro-esophageal reflux disease without esophagitis,Secondary,2025-01-13,Mild
DX_007811,ADM_04911,P_02865,C34.90,Malignant neoplasm of unspecified part of bronchus or lung,Primary,2024-12-13,Severe
DX_007812,ADM_04911,P_02865,M54.5,Low back pain,Secondary,2024-12-13,Mild
DX_007813,ADM_04912,P_03479,E11.9,Type 2 diabetes mellitus without complications,Primary,2024-09-08,Moderate
DX_007814,ADM_04912,P_03479,F32.9,"Major depressive disorder, single episode",Secondary,2024-09-08,Moderate
DX_007815,ADM_04913,P_03479,J44.9,"Chronic obstructive pulmonary disease, unspecified",Primary,2024-09-19,Severe
DX_007816,ADM_04914,P_02982,I10,Essential (primary) hypertension,Primary,2025-03-14,Moderate
DX_007817,ADM_04914,P_02982,J18.9,"Pneumonia, unspecified organism",Secondary,2025-03-14,Moderate
DX_007818,ADM_04915,P_00697,E11.9,Type 2 diabetes mellitus without complications,Primary,2025-01-04,Moderate
DX_007819,ADM_04915,P_00697,I50.9,"Heart failure, unspecified",secondary,2025-01-04,Severe
DX_007820,ADM_04916,P_02508,K21.9,Gastro-esophageal reflux disease without esophagitis,Primary,2024-03-09,Mild
DX_007821,ADM_04916,P_02508,I10,Essential (primary) hypertension,Secondary,2024-03-09,MODERATE
DX_007822,ADM_04917,P_02508,F32.9,"Major depressive disorder, single episode",Primary,2024-04-05,Moderate
DX_007823,ADM_04917,P_02508,I21.9,"Acute myocardial infarction, unspecified",Secondary,2024-04-05,Severe
DX_007824,ADM_04918,P_02352,I50.9,"Heart failure, unspecified",Primary,2024-01-14,Severe
DX_007825,ADM_04919,P_02831,I10,Essential (primary) hypertension,Primary,2024-02-24,Moderate
DX_007826,ADM_04920,P_00538,I21.9,"Acute myocardial infarction, unspecified",Primary,2025-01-25,Severe
DX_007827,ADM_04920,P_00538,I50.9,"Heart failure, unspecified",Secondary,2025-01-25,Severe
DX_007828,ADM_04921,P_03082,A41.9,"Sepsis, unspecified organism",Primary,2024-08-20,Severe
DX_007829,ADM_04921,P_03082,I21.9,"Acute myocardial infarction, unspecified",Secondary,08/20/2024,Severe
DX_007830,ADM_04922,P_01836,I50.9,"Heart failure, unspecified",Primary,2024-07-01,Severe
DX_007831,ADM_04922,P_01836,J18.9,"Pneumonia, unspecified organism",Secondary,2024-07-01,Moderate
DX_007832,ADM_04923,P_01836,E11.9,Type 2 diabetes mellitus without complications,Primary,2024-07-07,Moderate
DX_007833,ADM_04924,P_00229,I50.9,"Heart failure, unspecified",Primary,2025-01-25,Severe
DX_007834,ADM_04925,P_00867,A41.9,"Sepsis, unspecified organism",Primary,2024-12-25,Severe
DX_007835,ADM_04925,P_00867,F32.9,"Major depressive disorder, single episode",Secondary,2024-12-25,Moderate
DX_007836,ADM_04926,P_00424,I21.9,"Acute myocardial infarction, unspecified",Primary,2024-07-17,Severe
DX_007837,ADM_04926,P_00424,I10,Essential (primary) hypertension,Secondary,2024/07/17 00:00:00,Moderate
DX_007838,ADM_04927,P_02504,M54.5,Low back pain,primary,2024-03-01,Mild
DX_007839,ADM_04928,P_02504,E11.9,Type 2 diabetes mellitus without complications,Primary,2024-03-15,moderate
DX_007840,ADM_04928,P_02504,F32.9,"Major depressive disorder, single episode",Secondary,2024-03-15,Moderate
DX_007841,ADM_04929,P_01241,J44.9,"Chronic obstructive pulmonary disease, unspecified",Primary,2024-10-22,Severe
DX_007842,ADM_04929,P_01241,I21.9,"Acute myocardial infarction, unspecified",Secondary,2024-10-22,Severe
DX_007843,ADM_04930,P_02618,M54.5,Low back pain,Primary,2025-04-29,Mild
DX_007844,ADM_04931,P_01630,F32.9,"Major depressive disorder, single episode",Primary,2024-02-02,Moderate
DX_007845,ADM_04931,P_01630,M54.5,Low back pain,Secondary,2024-02-02,Mild
DX_007846,ADM_04932,P_02972,E11.9,Type 2 diabetes mellitus without complications,Primary,2025-03-08,Moderate
DX_007847,ADM_04932,P_02972,I10,Essential (primary) hypertension,Secondary,2025-03-08,Moderate
DX_007848,ADM_04933,P_02322,N18.9,"Chronic kidney disease, unspecified",Primary,2025-03-23,Severe
DX_007849,ADM_04933,P_02322,I50.9,"Heart failure, unspecified",Secondary,2025-03-23,Severe
DX_007850,ADM_04934,P_01493,F32.9,"Major depressive disorder, single episode",Primary,2025-01-24,MODERATE
DX_007851,ADM_04934,P_01493,K21.9,Gastro-esophageal reflux disease without esophagitis,Secondary,2025-01-24,Mild
DX_007852,ADM_04935,P_01851,F32.9,"Major depressive disorder, single episode",Primary,2025-04-09,Moderate
DX_007853,ADM_04936,P_01710,C34.90,Malignant neoplasm of unspecified part of bronchus or lung,Primary,2025-01-29,Severe
DX_007854,ADM_04936,P_01710,I10,Essential (primary) hypertension,Secondary,2025-01-29,Moderate
DX_007855,ADM_04937,P_01710,C34.90,Malignant neoplasm of unspecified part of bronchus or lung,Primary,2025-02-21,Severe
DX_007856,ADM_04938,P_01711,A41.9,"Sepsis, unspecified organism",Primary,2024-07-02,Severe
DX_007857,ADM_04939,P_01992,I21.9,"Acute myocardial infarction, unspecified",Primary,2024-06-13,  Severe  
DX_007858,ADM_04939,P_01992,J44.9,"Chronic obstructive pulmonary disease, unspecified",Secondary,2024-06-13,Severe
DX_007859,ADM_04940,P_03407,C34.90,Malignant neoplasm of unspecified part of bronchus or lung,Primary,2024-07-21,Severe
DX_007860,ADM_04940,P_03407,M54.5,Low back pain,Secondary,2024-07-21,Mild
DX_007861,ADM_04941,P_01694,C34.90,Malignant neoplasm of unspecified part of bronchus or lung,Primary,2025-03-18,Severe
DX_007862,ADM_04941,P_01694,M54.5,Low back pain,Secondary,03/18/2025,Mild
DX_007863,ADM_04942,P_01694,F32.9,"Major depressive disorder, single episode",Primary,2025-04-04,moderate
DX_007864,ADM_04943,P_00563,J44.9,"Chronic obstructive pulmonary disease, unspecified",Primary,2024-07-30,Severe
DX_007865,ADM_04943,P_00563,A41.9,"Sepsis, unspecified organism",Secondary,2024-07-30,Severe
DX_007866,ADM_04944,P_00679,I21.9,"Acute myocardial infarction, unspecified",Primary,2024-05-14,Severe
DX_007867,ADM_04945,P_01463,I50.9,"Heart failure, unspecified",Primary,2025-03-10,Severe
DX_007868,ADM_04946,P_01463,J18.9,"Pneumonia, unspecified organism",  Primary  ,2025-04-04,Moderate
DX_007869,ADM_04947,P_03438,E11.9,Type 2 diabetes mellitus without complications,  Primary  ,2024-12-20,Moderate
DX_007870,ADM_04947,P_03438,F32.9,"Major depressive disorder, single episode",Secondary,2024-12-20,Moderate
DX_007871,ADM_04948,P_02885,A41.9,"Sepsis, unspecified organism",Primary,2024-09-15,Severe
DX_007872,ADM_04949,P_01711,N18.9,"Chronic kidney disease, unspecified",Primary,2025-01-25,Severe
DX_007873,ADM_04949,P_01711,C34.90,Malignant neoplasm of unspecified part of bronchus or lung,SECONDARY,2025-01-25,Severe
DX_007874,ADM_04950,P_02580,J18.9,"Pneumonia, unspecified organism",PRIMARY,2024-01-15,Moderate
DX_007875,ADM_04951,P_00716,E11.9,Type 2 diabetes mellitus without complications,Primary,2024-04-04,Moderate
DX_007876,ADM_04952,P_00716,J18.9,"Pneumonia, unspecified organism",Primary,2024-04-29,Moderate
DX_007877,ADM_04952,P_00716,J44.9,"Chronic obstructive pulmonary disease, unspecified",Secondary,2024-04-29,Severe
DX_007878,ADM_04953,P_02753,A41.9,"Sepsis, unspecified organism",Primary,2024-05-15,Severe
DX_007879,ADM_04953,P_02753,N18.9,"Chronic kidney disease, unspecified",Secondary,2024-05-15,Severe
DX_007880,ADM_04954,P_03449,N18.9,"Chronic kidney disease, unspecified",Primary,2025-04-04,Severe
DX_007881,ADM_04954,P_03449,K21.9,Gastro-esophageal reflux disease without esophagitis,Secondary,2025-04-04,Mild
DX_007882,ADM_04955,P_02945,C34.90,Malignant neoplasm of unspecified part of bronchus or lung,Primary,2025-03-30,Severe
DX_007883,ADM_04955,P_02945,F32.9,"Major depressive disorder, single episode",Secondary,2025-03-30,Moderate
DX_007884,ADM_04956,P_02418,J18.9,"Pneumonia, unspecified organism",Primary,2024-11-18,Moderate
DX_007885,ADM_04957,P_02757,E11.9,Type 2 diabetes mellitus without complications,Primary,2025-04-30,Moderate
DX_007886,ADM_04957,P_02757,I21.9,"Acute myocardial infarction, unspecified",Secondary,2025-04-30,Severe
DX_007887,ADM_04958,P_02296,I21.9,"Acute myocardial infarction, unspecified",  Primary  ,2024-05-03,Severe
DX_007888,ADM_04958,P_02296,E11.9,Type 2 diabetes mellitus without complications,Secondary,2024-05-03,Moderate
DX_007889,ADM_04959,P_02589,M54.5,Low back pain,Primary,2024-06-18,Mild
DX_007890,ADM_04959,P_02589,I10,Essential (primary) hypertension,Secondary,2024-06-18,Moderate
DX_007891,ADM_04960,P_02495,F32.9,"Major depressive disorder, single episode",UNKNOWN_VAL,2024-12-15,Moderate
DX_007892,ADM_04961,P_02419,N18.9,"Chronic kidney disease, unspecified",Primary,2024-04-24,Severe
DX_007893,ADM_04961,P_02419,I50.9,"Heart failure, unspecified",Secondary,2024-04-24,Severe
DX_007894,ADM_04962,P_02654,E11.9,Type 2 diabetes mellitus without complications,Primary,2024-12-30,Moderate
DX_007895,ADM_04962,P_02654,C34.90,Malignant neoplasm of unspecified part of bronchus or lung,Secondary,2024-12-30,Severe
DX_007896,ADM_04963,P_02654,C34.90,Malignant neoplasm of unspecified part of bronchus or lung,Primary,2025-01-28,Severe
DX_007897,ADM_04963,P_02654,N18.9,"Chronic kidney disease, unspecified",Secondary,2025-01-28,Severe
DX_007898,ADM_04964,P_00325,A41.9,"Sepsis, unspecified organism",Primary,2024-01-04,Severe
DX_007899,ADM_04965,P_00368,C34.90,Malignant neoplasm of unspecified part of bronchus or lung,Primary,2024-12-07,Severe
DX_007900,ADM_04965,P_00368,M54.5,Low back pain,Secondary,2024-12-07,Mild
DX_007901,ADM_04966,P_03139,A41.9,"Sepsis, unspecified organism",Primary,2024-03-03,Severe
DX_007902,ADM_04966,P_03139,J18.9,"Pneumonia, unspecified organism",Secondary,2024-03-03,Moderate
DX_007903,ADM_04967,P_00979,N18.9,"Chronic kidney disease, unspecified",Primary,2024-08-04,SEVERE
DX_007904,ADM_04967,P_00979,F32.9,"Major depressive disorder, single episode",Secondary,2024-08-04,Moderate
DX_007905,ADM_04968,P_02941,M54.5,Low back pain,Primary,2025-04-20,Mild
DX_007906,ADM_04968,P_02941,I21.9,"Acute myocardial infarction, unspecified",Secondary,2025-04-20,Severe
DX_007907,ADM_04969,P_01155,F32.9,"Major depressive disorder, single episode",Primary,2024-11-05,Moderate
DX_007908,ADM_04969,P_01155,M54.5,Low back pain,Secondary,2024-11-05,Mild
DX_007909,ADM_04970,P_02534,K21.9,Gastro-esophageal reflux disease without esophagitis,Primary,2025-04-05,Mild
DX_007910,ADM_04970,P_02534,J18.9,"Pneumonia, unspecified organism",Secondary,2025-04-05,Moderate
DX_007911,ADM_04971,P_03469,I50.9,"Heart failure, unspecified",primary,2024-11-11,Severe
DX_007912,ADM_04971,P_03469,F32.9,"Major depressive disorder, single episode",Secondary,2024/11/11 00:00:00,Moderate
DX_007913,ADM_04972,P_03469,F32.9,"Major depressive disorder, single episode",Primary,2024-12-07,Moderate
DX_007914,ADM_04972,P_03469,E11.9,Type 2 diabetes mellitus without complications,Secondary,2024-12-07,Moderate
DX_007915,ADM_04973,P_01465,I10,Essential (primary) hypertension,Primary,2025-01-11,Moderate
DX_007916,ADM_04974,P_01228,A41.9,"Sepsis, unspecified organism",  Primary  ,2024-01-09,Severe
DX_007917,ADM_04975,P_00368,K21.9,Gastro-esophageal reflux disease without esophagitis,Primary,2024-04-05,Mild
DX_007918,ADM_04975,P_00368,A41.9,"Sepsis, unspecified organism",Secondary,2024-04-05,Severe
DX_007919,ADM_04976,P_01313,F32.9,"Major depressive disorder, single episode",Primary,2024-10-18,Moderate
DX_007920,ADM_04976,P_01313,M54.5,Low back pain,Secondary,2024-10-18,Mild
DX_007921,ADM_04977,P_00713,N18.9,"Chronic kidney disease, unspecified",Primary,2024-06-17,SEVERE
DX_007922,ADM_04978,P_01371,N18.9,"Chronic kidney disease, unspecified",Primary,2024-11-06,Severe
DX_007923,ADM_04978,P_01371,I50.9,"Heart failure, unspecified",Secondary,2024-11-06,Severe
DX_007924,ADM_04979,P_03420,E11.9,Type 2 diabetes mellitus without complications,primary,2025-01-23,Moderate
DX_007925,ADM_04979,P_03420,J44.9,"Chronic obstructive pulmonary disease, unspecified",Secondary,2025-01-23,Severe
DX_007926,ADM_04980,P_03394,C34.90,Malignant neoplasm of unspecified part of bronchus or lung,primary,2024-07-13,Severe
DX_007927,ADM_04980,P_03394,A41.9,"Sepsis, unspecified organism",Secondary,2024-07-13,Severe
DX_007928,ADM_04981,P_02793,E11.9,Type 2 diabetes mellitus without complications,Primary,2024/02/17 00:00:00,  Moderate  
DX_007929,ADM_04981,P_02793,A41.9,"Sepsis, unspecified organism",Secondary,2024-02-17,Severe
DX_007930,ADM_04982,P_00462,E11.9,Type 2 diabetes mellitus without complications,Primary,2025-01-24,moderate
DX_007931,ADM_04983,P_02220,I10,Essential (primary) hypertension,Primary,2025-02-07,Moderate
DX_007932,ADM_04983,P_02220,C34.90,Malignant neoplasm of unspecified part of bronchus or lung,Secondary,2025-02-07,Severe
DX_007933,ADM_04984,P_02220,N18.9,"Chronic kidney disease, unspecified",Primary,2025-03-10,Severe
DX_007934,ADM_04985,P_01475,J18.9,"Pneumonia, unspecified organism",Primary,2025-02-28,Moderate
DX_007935,ADM_04985,P_01475,M54.5,Low back pain,Secondary,2025-02-28,Mild
DX_007936,ADM_04986,P_01897,N18.9,"Chronic kidney disease, unspecified",Primary,2024-12-20,Severe
DX_007937,ADM_04987,P_00559,J44.9,"Chronic obstructive pulmonary disease, unspecified",Primary,2024-11-02,Severe
DX_007938,ADM_04987,P_00559,I10,Essential (primary) hypertension,Secondary,2024-11-02,Moderate
DX_007939,ADM_04988,P_00559,K21.9,Gastro-esophageal reflux disease without esophagitis,Primary,2024-12-01,Mild
DX_007940,ADM_04989,P_01032,K21.9,Gastro-esophageal reflux disease without esophagitis,Primary,2024-01-15,Mild
DX_007941,ADM_04989,P_01032,A41.9,"Sepsis, unspecified organism",Secondary,2024-01-15,Severe
DX_007942,ADM_04990,P_02642,I10,Essential (primary) hypertension,primary,2024-09-11,Moderate
DX_007943,ADM_04990,P_02642,C34.90,Malignant neoplasm of unspecified part of bronchus or lung,Secondary,2024-09-11,Severe
DX_007944,ADM_04991,P_02915,N18.9,"Chronic kidney disease, unspecified",primary,2024-06-30,Severe
DX_007945,ADM_04992,P_02556,N18.9,"Chronic kidney disease, unspecified",Primary,2024/07/06 00:00:00,Severe
DX_007946,ADM_04992,P_02556,K21.9,Gastro-esophageal reflux disease without esophagitis,Secondary,2024-07-06,Mild
DX_007947,ADM_04993,P_02391,J44.9,"Chronic obstructive pulmonary disease, unspecified",Primary,2024-06-20,Severe
DX_007948,ADM_04993,P_02391,M54.5,Low back pain,Secondary,2024-06-20,Mild
DX_007949,ADM_04994,P_02391,M54.5,Low back pain,Primary,2024-07-03,Mild
DX_007950,ADM_04994,P_02391,I50.9,"Heart failure, unspecified",Secondary,2024-07-03,Severe
DX_007951,ADM_04995,P_00798,I10,Essential (primary) hypertension,Primary,2024-06-26,Moderate
DX_007952,ADM_04995,P_00798,C34.90,Malignant neoplasm of unspecified part of bronchus or lung,Secondary,2024-06-26,Severe
DX_007953,ADM_04996,P_00838,N18.9,"Chronic kidney disease, unspecified",Primary,2024-07-02,Severe
DX_007954,ADM_04997,P_00838,M54.5,Low back pain,Primary,2024-07-28,Mild
DX_007955,ADM_04998,P_00995,C34.90,Malignant neoplasm of unspecified part of bronchus or lung,Primary,2025-01-11,Severe
DX_007956,ADM_04998,P_00995,F32.9,"Major depressive disorder, single episode",Secondary,2025-01-11,Moderate
DX_007957,ADM_04999,P_00012,M54.5,Low back pain,Primary,2024-10-14,Mild
DX_007958,ADM_04999,P_00012,J18.9,"Pneumonia, unspecified organism",Secondary,2024-10-14,Moderate
DX_007959,ADM_05000,P_02821,F32.9,"Major depressive disorder, single episode",Primary,2024-03-02,Moderate
DX_007902,ADM_04966,P_03139,J18.9,"Pneumonia, unspecified organism",SECONDARY,2024-03-03,Moderate
DX_003726,ADM_02337,P_01398,C34.90,Malignant neoplasm of unspecified part of bronchus or lung,Primary,2025-02-28,Severe
DX_000173,ADM_00111,P_02684,M54.5,Low back pain,Primary,2024-08-15,Mild
DX_000091,ADM_00059,P_00753,J18.9,"Pneumonia, unspecified organism",Secondary,2025-04-03,Moderate
DX_004725,ADM_02960,P_01706,I21.9,"Acute myocardial infarction, unspecified",Secondary,2024-04-21,Severe
DX_002160,ADM_01357,P_01737,J44.9,"Chronic obstructive pulmonary disease, unspecified",PRIMARY,2025-05-04,SEVERE
DX_007790,ADM_04897,P_01255,M54.5,Low back pain,Primary,2024-12-05,Mild
DX_004263,ADM_02672,P_02475,I50.9,"Heart failure, unspecified",Primary,2025/03/02 00:00:00,Severe
DX_005111,ADM_03205,P_01147,M54.5,Low back pain,Primary,2025-02-25,Mild
DX_007209,ADM_04530,P_02516,F32.9,"Major depressive disorder, single episode",Primary,2024-05-16,Moderate
DX_003019,ADM_01892,P_00527,E11.9,Type 2 diabetes mellitus without complications,Primary,2025-02-01,Moderate
DX_003894,ADM_02442,P_01686,A41.9,"Sepsis, unspecified organism",  Primary  ,2025-03-09,Severe
DX_005983,ADM_03754,P_00772,K21.9,Gastro-esophageal reflux disease without esophagitis,Primary,2025-03-16,Mild
DX_003638,ADM_02281,P_03336,J44.9,"Chronic obstructive pulmonary disease, unspecified",primary,2025-01-14,SEVERE
DX_003738,ADM_02346,P_03075,N18.9,"Chronic kidney disease, unspecified",Primary,2024-02-02,severe
DX_003213,ADM_02012,P_02691,F32.9,"Major depressive disorder, single episode",Primary,2024-01-05,Moderate
DX_007267,ADM_04566,P_03455,J44.9,"Chronic obstructive pulmonary disease, unspecified",Secondary,2025-04-01,Severe
DX_007564,ADM_04752,P_00056,M54.5,Low back pain,Secondary,2024-04-21,Mild
DX_004436,ADM_02777,P_00322,J18.9,"Pneumonia, unspecified organism",Primary,2024-08-05,Moderate
DX_006949,ADM_04361,P_00111,I50.9,"Heart failure, unspecified",Secondary,2024-04-02,Severe
DX_006538,ADM_04112,P_00011,E11.9,Type 2 diabetes mellitus without complications,Primary,2024-08-20,MODERATE
DX_002866,ADM_01799,P_01017,J44.9,"Chronic obstructive pulmonary disease, unspecified",primary,30-07-2024,Severe
DX_001155,ADM_00736,P_01984,I10,Essential (primary) hypertension,Primary,2025-03-18,Moderate
DX_000666,ADM_00427,P_03404,C34.90,Malignant neoplasm of unspecified part of bronchus or lung,Secondary,2025-02-21,Severe
DX_003423,ADM_02144,P_01710,F32.9,"Major depressive disorder, single episode",Primary,2025-01-31,Moderate
DX_002554,ADM_01600,P_02179,I50.9,"Heart failure, unspecified",SECONDARY,2024-12-09,Severe
DX_000168,ADM_00108,P_02449,I50.9,"Heart failure, unspecified",Primary,2025-03-02,Severe
DX_004425,ADM_02771,P_00046,C34.90,Malignant neoplasm of unspecified part of bronchus or lung,Primary,2024-12-17,Severe
DX_007769,ADM_04883,P_00836,I50.9,"Heart failure, unspecified",Primary,2025-01-02,Severe
DX_002659,ADM_01663,P_00915,E11.9,Type 2 diabetes mellitus without complications,Secondary,2024-08-21,Moderate
DX_007013,ADM_04406,P_02560,E11.9,Type 2 diabetes mellitus without complications,Primary,2025-04-04,Moderate
DX_001270,ADM_00807,P_00119,F32.9,"Major depressive disorder, single episode",Secondary,2024-05-03,Moderate
DX_002203,ADM_01384,P_01818,N18.9,"Chronic kidney disease, unspecified",Primary,2024-05-19,Severe
DX_001096,ADM_00697,P_02245,I10,Essential (primary) hypertension,Primary,2024-07-09,Moderate
DX_003868,ADM_02425,P_03276,K21.9,Gastro-esophageal reflux disease without esophagitis,Secondary,2024-12-21,  Mild  
DX_000518,ADM_00328,P_00869,C34.90,Malignant neoplasm of unspecified part of bronchus or lung,Primary,2025-03-18,Severe
DX_006458,ADM_04061,P_00692,K21.9,Gastro-esophageal reflux disease without esophagitis,Secondary,2024/12/29 00:00:00,Mild
DX_004650,ADM_02915,P_00936,C34.90,Malignant neoplasm of unspecified part of bronchus or lung,Secondary,2024-03-01,Severe
DX_004742,ADM_02970,P_02140,K21.9,Gastro-esophageal reflux disease without esophagitis,Primary,2024-08-20,Mild
DX_001460,ADM_00925,P_00347,I10,Essential (primary) hypertension,Primary,2025-03-30,Moderate
DX_001488,ADM_00943,P_01550,N18.9,"Chronic kidney disease, unspecified",Primary,2024-11-22,Severe
DX_002083,ADM_01309,P_00088,I21.9,"Acute myocardial infarction, unspecified",Primary,2025/02/25 00:00:00,Severe
DX_007653,ADM_04809,P_01244,C34.90,Malignant neoplasm of unspecified part of bronchus or lung,Secondary,2024-08-23,Severe
DX_003486,ADM_02184,P_00094,I10,Essential (primary) hypertension,Primary,2024-07-11,Moderate
DX_006481,ADM_04075,P_01986,C34.90,Malignant neoplasm of unspecified part of bronchus or lung,PRIMARY,2024-08-02,Severe
DX_004320,ADM_02705,P_00277,I10,Essential (primary) hypertension,Primary,2024-05-16,Moderate
DX_004201,ADM_02636,P_02959,J18.9,"Pneumonia, unspecified organism",Primary,12/15/2024,Moderate
DX_003457,ADM_02167,P_00948,I50.9,"Heart failure, unspecified",Secondary,2024-09-15,Severe
DX_004281,ADM_02682,P_03231,J44.9,"Chronic obstructive pulmonary disease, unspecified",Secondary,14-04-2024,Severe
DX_005181,ADM_03248,P_02973,F32.9,"Major depressive disorder, single episode",Primary,2024-12-06,Moderate
DX_005263,ADM_03297,P_01925,J18.9,"Pneumonia, unspecified organism",Secondary,2024-03-05,Moderate
DX_006349,ADM_03991,P_00155,N18.9,"Chronic kidney disease, unspecified",Secondary,2024-07-12,Severe
DX_004677,ADM_02932,P_00474,C34.90,Malignant neoplasm of unspecified part of bronchus or lung,Primary,2024-02-12,Severe
DX_007613,ADM_04783,P_03227,J18.9,"Pneumonia, unspecified organism",Primary,11-05-2025,Moderate
DX_002022,ADM_01275,P_01075,C34.90,Malignant neoplasm of unspecified part of bronchus or lung,  Primary  ,2025-03-27,Severe
DX_003048,ADM_01910,P_01945,A41.9,"Sepsis, unspecified organism",Primary,2024-09-30,Severe
DX_002127,ADM_01333,P_03463,E11.9,Type 2 diabetes mellitus without complications,Secondary,2025-01-12,Moderate
DX_007891,ADM_04960,P_02495,F32.9,"Major depressive disorder, single episode",Primary,2024-12-15,Moderate
DX_004277,ADM_02680,P_01219,J44.9,"Chronic obstructive pulmonary disease, unspecified",Primary,2025-03-06,  Severe  
DX_006618,ADM_04160,P_02215,E11.9,Type 2 diabetes mellitus without complications,Primary,2024-01-13,Moderate
DX_000396,ADM_00249,P_00113,J18.9,"Pneumonia, unspecified organism",Secondary,2024-01-22,Moderate
DX_003531,ADM_02214,P_00052,E11.9,Type 2 diabetes mellitus without complications,Secondary,2024-10-27,Moderate
DX_003038,ADM_01904,P_02112,M54.5,Low back pain,Primary,2025-03-13,Mild
DX_000302,ADM_00190,P_03161,E11.9,Type 2 diabetes mellitus without complications,Primary,2024-04-04,Moderate
DX_007460,ADM_04685,P_01653,J18.9,"Pneumonia, unspecified organism",Secondary,2025-04-12,Moderate
DX_005239,ADM_03284,P_00189,E11.9,Type 2 diabetes mellitus without complications,Secondary,2025-04-28,Moderate
DX_004271,ADM_02676,P_03472,E11.9,Type 2 diabetes mellitus without complications,Secondary,2024-07-09,Moderate
DX_006108,ADM_03833,P_03474,F32.9,"Major depressive disorder, single episode",Primary,2024-04-15,Moderate
DX_005985,ADM_03755,P_01792,N18.9,"Chronic kidney disease, unspecified",primary,2024-03-14,Severe
DX_005570,ADM_03487,P_00790,C34.90,Malignant neoplasm of unspecified part of bronchus or lung,Primary,2024-06-07,Severe
DX_007156,ADM_04495,P_01627,J44.9,"Chronic obstructive pulmonary disease, unspecified",Primary,2025-01-05,severe
DX_002652,ADM_01660,P_01951,N18.9,"Chronic kidney disease, unspecified",Primary,2025-04-14,Severe
DX_001658,ADM_01047,P_02211,E11.9,Type 2 diabetes mellitus without complications,Secondary,2025-01-28,Moderate
DX_004007,ADM_02516,P_01676,N18.9,"Chronic kidney disease, unspecified",Secondary,2025-03-09,Severe
DX_000282,ADM_00178,P_00583,N18.9,"Chronic kidney disease, unspecified",Secondary,2024-07-19,Severe
DX_001538,ADM_00973,P_01929,E11.9,Type 2 diabetes mellitus without complications,Primary,2024-07-03,Moderate
DX_002585,ADM_01619,P_03372,E11.9,Type 2 diabetes mellitus without complications,Secondary,2024-10-09,Moderate
DX_007017,ADM_04408,P_01843,N18.9,"Chronic kidney disease, unspecified",Secondary,2024-07-09,Severe
DX_002313,ADM_01450,P_01689,C34.90,Malignant neoplasm of unspecified part of bronchus or lung,Secondary,2025-02-05,Severe
