patient_id,name,dob,age,gender,blood_group,contact,address,insurance_provider,emergency_contact,created_at
P_00001,Daniel Lyons,1950-10-05,76,Male,B-,001-852-599-1241x90496,"314 Laura Port, West Amandastad",Medicaid,985-406-7165,2023-04-22
P_00002,Morgan Sheppard,1988-10-05,38,Female,A-,998-577-6945x314,"965 Troy Islands Apt. 735, Matthewview",Medicare,+1-508-931-3678,2023-09-13
P_00003,Katherine Mcguire,1940/10/05 00:00:00,86,Female,B-,743-863-4957,"7444 David Fields Suite 182, East Joanna",Aetna Health,298-494-1343x524,2023-01-16
P_00004,William Tran,10/05/1954,72,Male,A+,001-227-610-9477x752,"16719 Edward Valleys Suite 131, Obrienbury",Medicare,001-586-577-4964x99091,2023-03-02
P_00005,Angela Allen,1976-10-05,50,Female,O-,+1-212-506-7974,"471 Sandra Turnpike Apt. 618, Lake Edward",Aetna Health,621-802-4994x717,2024-07-23
P_00006,Jonathan Snyder,1972-10-05,54,Male,AB-,590-265-9401,"027 Moon Falls Suite 717, Rickymouth",Blue Cross Blue Shield,+1-712-356-7468x07154,2024-07-09
P_00007,Mr. Jose Travis,1944-10-05,82,Male,A-,+1-487-660-3859x77034,"710 Jennifer Inlet Apt. 861, Port Robin",Humana,412.874.8467x737,2024-06-27
P_00008,Kyle Francis,10/05/1966,60,Male,B-,(614)965-8404,"8755 Gibson Islands, Lake John",Medicaid,(736)305-7662x7028,2023-08-29
P_00009,Jessica Fox,1974-10-05,52,Female,AB+,,"780 Jimmy Spur Suite 316, Port Cynthiaville",Aetna Health,524.800.5045x562,2024-08-01
P_00010,Ricky Jackson,1998-10-05,28,Male,AB-,996-693-7923,"0748 Charles Key Suite 647, Jamesfurt",Humana,,2024-10-22
P_00011,Steven Parsons,1941-10-05,85,Male,B-,295.633.9421,"95214 Burgess Extensions Apt. 285, Mariaview",Medicaid,245.617.1236x8516,2023-04-13
P_00012,Jesse Chambers,1949-10-05,77,Male,B+,+1-349-965-1370x98593,"612 Sophia Hollow Suite 113, South Shawn",Medicare,+1-986-992-6179x64053,2023-09-08
P_00013,Savannah Garcia,1941-10-05,85,Female,AB+,+1-258-750-6431x71390,"93183 Lisa Fort, Kimtown",Cigna,722-284-2102x053,2024-10-31
P_00014,Amy Harmon,2005-10-05,21,Female,B+,611.977.5891x78390,"76617 Jones Common, Charleneland",UnitedHealthcare,(649)998-5698,2023-04-20
P_00015,Jessica Mcguire,1981-10-05,45,Female,O-,883-867-3657,"6545 Gloria Mountains, North Marieland",UnitedHealthcare,(215)628-0988x51656,2024-10-11
P_00016,Guy Lane,1947-10-06,79,Male,B+,627.531.5851,"998 Chelsea Shoals Suite 024, Sandrastad",Cigna,5228961201,2023-02-15
P_00017,Glenda Wood,1964-10-05,62,Female,A-,001-859-991-0229x0147,"4381 Jordan Haven Suite 840, South Tracey",Blue Cross Blue Shield,3032432445,2024-03-13
P_00018,Jeffrey Anderson,1975-10-06,51,Male,A+,+1-238-985-1606,"9696 Roberts Lodge, West Georgemouth",UnitedHealthcare,001-651-761-3696x816,2023-06-01
P_00019,Peggy Jones,1959/10/06 00:00:00,67,Female,A-,+1-418-483-5523x1243,"77997 Lin Road, Edwardland",UnitedHealthcare,274.749.0581x4770,2023-08-04
P_00020,Angela Lin,1947-10-06,79,Female,B-,999-586-7980,"782 Shannon Valleys Suite 182, East Jasminemouth",Humana,789.325.5466x59051,2023-06-08
P_00021,James King,1955-10-06,71,Male,AB-,+1-892-751-9254x62914,"816 Smith Inlet, East Matthew",Humana,001-473-832-2141x88805,2023-01-26
P_00022,Christopher Schwartz,1978-10-05,48,Male,A+,+1-527-606-5379x473,"59774 Shaw Manor Apt. 392, Brettfort",Humana,(881)381-4124x782,2023-04-21
P_00023,Daniel Hayes,1987-10-06,39,Male,B-,(206)706-8536x153,"522 Justin Village, Hortonberg",Medicare,001-377-690-1043x28986,2023-08-22
P_00024,Bryan Allen,1958-10-05,68,Male,O+,+1-697-811-7980x8932,"539 Lopez Skyway, New Theresaland",Cigna,388.788.0670x65405,2023-10-13
P_00025,Matthew Garcia,05-10-1957,69,Male,AB+,001-952-405-8527,"70430 Nina Island, Zacharyside",Blue Cross Blue Shield,940.834.5054x1566,2023-09-25
P_00026,Cody Holt,1969-10-05,57,Male,A-,(384)316-1692x845,"447 Jackson Mills Suite 705, Hillton",Medicare,265-482-0297,2023-11-18
P_00027,Paula Diaz,1986-10-05,40,Female,B-,(790)892-7557x1928,"431 Jill Parks Suite 814, Janeborough",UnitedHealthcare,+1-747-331-2172x715,2024-06-16
P_00028,Donna Evans,1965-10-05,61,Female,AB+,(925)283-1323,"957 Cheryl Corners Apt. 467, Hammondshire",Medicaid,425-417-7852,2024-11-10
P_00029,Susan Brown,1980-10-05,46,Female,B-,682-342-2535,"84249 Wayne Extension Apt. 299, Meganshire",Medicare,2019094396,2023-10-30
P_00030,Joshua May,1964-10-05,62,Male,A+,573-764-7102x7677,"5562 Robertson Coves, Johnville",UnitedHealthcare,773-721-0469x632,2023-11-05
P_00031,Christopher Ferrell,1969-10-05,57,Male,O-,774.270.1687x339,"7974 Melanie Meadows, West Jessica",Cigna,001-965-606-0983x58416,11/26/2023
P_00032,Lisa Carr,1968-10-05,58,female,AB-,(816)255-8523,"25787 Catherine Passage, West Sarah",Blue Cross Blue Shield,226-794-9588x87947,2023-10-18
P_00033,Brian Butler,1953-10-05,73,Male,B-,809-474-9930x9728,,Medicare,+1-470-928-3857x865,2023-05-31
P_00034,Gloria Gomez,1969-10-05,57,Female,B-,001-749-973-3484x34437,"441 Huang Locks Suite 240, Stephanieland",Aetna Health,(574)573-3848x421,2024-01-29
P_00035,Taylor Perez,1957-10-05,69,Male,O-,401.865.7120,"3454 Rebecca Corners Apt. 802, Khanburgh",Blue Cross Blue Shield,3677240049,2023-08-13
P_00036,Virginia Daniels,1961-10-05,65,Female,AB-,728.674.3152x7420,"96685 Richard Court, East Thomas",Humana,204.663.7454,2024/04/20 00:00:00
P_00037,Michael Brown,1981-10-05,45,Male,B+,774-526-8414,"72795 Miles Mountains, Port John",Cigna,001-491-487-8519x10883,2024-07-15
P_00038,Kelly Wilson,1953-10-05,73,Female,  O-  ,897.918.7072,"740 Scott Alley, New Charles",Cigna,(851)980-1704x62265,2023-10-11
P_00039,Terry Bennett,1968-10-05,58,Male,AB-,+1-982-851-2868x23004,,Medicaid,+1-207-490-3067x383,2023-08-29
P_00040,Donna Cabrera,1988-10-05,38,Female,A-,001-695-299-5342x8364,"687 Teresa Row, Floydmouth",Medicare,001-466-924-6287x334,2023-06-06
P_00041,Kristina Faulkner,1985-10-05,41,Female,O+,+1-982-763-4351,,Humana,001-583-873-5403x3173,2023-07-31
P_00042,Kristen Rowe,10/05/1977,49,Female,AB+,(578)754-4587x7175,"0932 Jose Prairie Suite 423, Jerryshire",Humana,778.454.7772,2023-01-07
P_00043,Kimberly White,1961-10-05,65,Female,B-,+1-508-301-0062,"38750 Hopkins Brook, New Andreatown",Medicare,3843840862,2024-07-13
P_00044,Daisy Harvey,2001-10-05,25,Female,O+,354-261-5679x334,"6687 Dana Squares, North Vincent",Cigna,(259)418-0339x74014,2023-12-11
P_00045,Ernest Ali,1956-10-05,70,Male,O+,001-826-714-2939,"218 Brown Mews Apt. 159, Novakmouth",Medicaid,,2024-06-30
P_00046,Luke Yates,2008-10-05,18,Male,AB+,001-211-642-6265x511,"4121 Ryan Point Suite 101, Angelamouth",Medicare,(404)666-1839x8262,2024-04-17
P_00047,Johnny Brown,10/06/1987,39,Male,O+,(346)447-1543x79937,"65965 Cook Via Apt. 459, South Leon",UnitedHealthcare,(554)479-3564x6519,2024-01-24
P_00048,Joshua Benton,2006-10-05,20,  Male  ,A-,837.841.6724x342,"9796 Stephens Turnpike, Jacquelineside",Humana,+1-311-235-2909x656,2023-12-25
P_00049,Courtney Burgess,2007-10-06,19,Female,B-,+1-499-737-5679,"1461 Marie Stream, West Larry",Aetna Health,238.375.7177x514,2023-01-21
P_00050,Grace Rodriguez,1942-10-05,84,  Female  ,AB-,(938)528-2586,"226 Johnson Ridges Apt. 796, Smithborough",Aetna Health,541.991.8255,2024-04-21
P_00051,Megan Burns,1955-10-06,71,Female,AB+,+1-659-369-6915x5792,"1341 Nathaniel Divide, Barnesberg",Medicaid,001-966-627-8282,2023-04-21
P_00052,Ernest Hayes,1996-10-05,30,Male,AB+,9508723688,"7721 Laura Forges Suite 043, Garymouth",Humana,001-778-281-9148,2024-10-04
P_00053,Jessica Robinson,1978-10-05,48,Female,A-,(713)840-7451x71339,"233 Ashley Place, Candiceburgh",Medicaid,444-794-8126x04223,2024-03-14
P_00054,Philip Lowe,1947-10-06,79,Male,AB-,929.946.6711x6845,"017 Horn Underpass Suite 363, Adamsport",Cigna,989-929-7500x17012,2023-04-19
P_00055,Tina Harris,1994-10-05,32,FEMALE,AB+,001-824-624-1541x520,"1103 Miller Ramp, New Erin",Medicaid,8053162713,2024-06-18
P_00056,Brian Edwards,1978-10-05,48,Male,  B-  ,526-422-1890x9275,"731 Donald Crossing Suite 565, East Joshua",Humana,538-599-9404,2024-08-29
P_00057,Elizabeth Brown,1986-10-05,40,Female,O+,276.713.7918,"69658 Kathryn Trail Apt. 091, West Jasonton",UnitedHealthcare,(384)686-6618x8924,2024-04-20
P_00058,Thomas Mccann,2008-10-05,18,Male,AB+,(285)569-1463,"1799 Kyle Streets, North Alexander",UnitedHealthcare,(702)475-8842,2023-08-06
P_00059,Shane Quinn,1938-10-05,88,Male,B-,305-964-8149,"507 Michael Glens Apt. 913, North Micheletown",Blue Cross Blue Shield,,2024-07-23
P_00060,Jennifer Cortez,1969-10-05,57,Female,O-,319-951-8023x806,,Medicare,001-838-632-0603x85050,2023-09-04
P_00061,Joseph Allen,1989-10-05,37,Male,AB-,302.441.0386x5719,"99062 Kelly Vista Suite 655, Nelsonland",Medicare,729.812.1277,2023-09-07
P_00062,Hunter Townsend,1947-10-06,79,Male,O-,447.341.1249x035,"6804 Wilkins Extensions, South Melissaside",UnitedHealthcare,001-883-717-1210x0323,2024-07-17
P_00063,Timothy Miller,1972-10-05,54,Male,B+,001-741-301-3721,"0296 Crawford Light, Thompsonborough",Aetna Health,(544)672-0999,2023-11-20
P_00064,Sonya Mendoza,1968-10-05,58,Female,A-,246-826-3838,"8759 Price Falls Apt. 593, Port Kimberlyton",Humana,885.793.2133x4803,2024-06-21
P_00065,Wendy Thompson,2002-10-05,24,Female,B+,495.559.0599,"427 Christopher Fort Apt. 087, West Samanthaborough",UnitedHealthcare,(352)750-0292,2023/01/15 00:00:00
P_00066,Mrs. Teresa Foster,1967-10-06,59,Female,O-,454-752-2675,"926 Gross Hill, East Jessica",Blue Cross Blue Shield,001-996-490-2959x391,2023-05-10
P_00067,Blake Reed,1971-10-06,55,Male,A+,221-857-0433x15410,"626 Macias Keys Suite 179, East Shannon",UnitedHealthcare,8404541152,2023-12-15
P_00068,Kimberly Villanueva,1989-10-05,37,Female,A+,859-497-0629,,Aetna Health,001-687-920-5061,2023-03-17
P_00069,Alexander Jackson,2004-10-05,22,Male,O+,717-814-6774x1862,"70477 Perez Grove Apt. 211, Lindseychester",Medicaid,001-393-880-6868x79374,2023-09-12
P_00070,Miguel Shaw,1967-10-06,59,Male,O+,899.521.7223x32061,"451 Paul Locks, Melissahaven",UnitedHealthcare,309.398.6162x299,2024-03-29
P_00071,Ashlee Mitchell,1957-10-05,69,Female,  AB+  ,+1-256-446-7997,"2996 Randy Isle Apt. 074, Andrewport",Cigna,547-913-2475x4691,2023-08-01
P_00072,Rodney Figueroa,1972-10-05,54,Male,O-,001-485-508-2148x62890,"30705 Joshua View, Wagnerville",Cigna,+1-603-357-9727x98552,2023-06-10
P_00073,Jasmine Martin,1986-10-05,40,Female,O-,001-233-933-4680,"290 Johnny Valley, Jenniferview",Blue Cross Blue Shield,(765)674-3748x96910,2023-10-17
P_00074,Brian Brown,1971-10-06,55,Male,B-,754-444-3283x096,,Cigna,453.687.5842,2023-07-22
P_00075,Bethany Green,2004-10-05,22,Female,AB+,+1-725-713-5346,"471 Brown Roads Apt. 738, Port Erinhaven",Medicare,360-922-3569x7252,2023-06-19
P_00076,Victoria Edwards,1964-10-05,62,Female,O-,3074432927,,Medicare,+1-233-654-2168x9421,2023-10-06
P_00077,Jesus Meyer,1975-10-06,51,Male,A-,556.225.7532x60332,"50648 Brittney Causeway, Lake Maryton",Aetna Health,001-616-876-1847x230,2024-09-10
P_00078,Matthew Nelson,1965-10-05,61,Male,O-,+1-526-618-9141x173,"6420 Lozano Spurs, Riveratown",UnitedHealthcare,3116972181,2023-06-29
P_00079,Jesus Madden,1940-10-05,86,Male,O+,270-212-0455x611,"255 Friedman Grove, West Lisaburgh",UnitedHealthcare,366-474-6762,2023-04-04
P_00080,Anthony Dunlap,1980-10-05,46,Male,O+,(816)797-9729,"277 Paige Mill, North Josemouth",Humana,3898935889,05/22/2024
P_00081,David Reed,1990-10-05,36,Male,O+,+1-762-589-0028x77217,"0838 Powell Freeway Apt. 779, Millerfort",Humana,351.670.1660x880,2023-11-28
P_00082,Justin Pena,1939-10-06,87,male,B-,955.303.7589x975,"305 Gallegos Union, Amystad",Medicaid,001-310-827-2614x933,2024-04-18
P_00083,Roger Lee,1963-10-06,63,Male,B+,216-809-1779x82708,"292 Dale Shoals Suite 866, West Raymond",UnitedHealthcare,,2023-02-22
P_00084,Tammy Anderson,1994-10-05,32,FEMALE,B-,001-628-885-1587x996,"106 Brian Centers, West Karen",Cigna,(744)920-4380,2024-10-07
P_00085,Sean Stevenson,1967-10-06,59,Male,A-,886.738.4066,"43973 Fischer Plains, Port Jenny",Medicare,847.221.2281,2023-04-06
P_00086,Kristin Anderson,1962-10-05,64,Female,AB+,001-240-657-2025,"851 Fox Ferry Apt. 826, Davisbury",Medicare,255.354.3987,2023-10-26
P_00087,Jeremy Conway,1972-10-05,54,Male,B+,+1-793-905-6164x840,"43581 Gary Trail Apt. 133, Houstonborough",Humana,+1-361-220-7501,2024-01-28
P_00088,David Jones,1986-10-05,40,Male,A+,846.367.6650,"919 Jaclyn Cliffs, Sarahville",UnitedHealthcare,449-814-7660x7283,2024-06-03
P_00089,Sarah Phillips,1942-10-05,84,Female,O-,+1-824-350-8821x0099,"53682 Jack Ridges Suite 312, Port Karenside",Medicaid,481.541.4139x755,2024-05-16
P_00090,Manuel Mccullough,1943-10-06,83,Male,AB-,277-759-4929x95562,"64525 Ford Knolls, Tonyville",Humana,(391)242-8341,2024-01-22
P_00091,Mark Hess,1979-10-06,47,Male,O-,001-969-430-8488,"3942 Mason Course Suite 580, Port Tamara",Cigna,+1-228-527-2299x275,2024-02-25
P_00092,Crystal Baker,1940-10-05,86,Female,B+,203.785.6770,"844 Nicholas Lane, Brianaland",Medicaid,946.438.6557x79082,2024-05-22
P_00093,Jose Campbell,1998-10-05,28,Male,B+,(322)959-1365,"3926 John Crossroad Apt. 280, North Gabriel",Medicare,(986)999-0413,2024-04-12
P_00094,Carolyn Greer,1989-10-05,37,Female,AB-,+1-329-529-8425x799,"2103 Serrano Rest Apt. 279, Port Amandaville",Humana,772-298-0686,2024/02/12 00:00:00
P_00095,Jessica Mays,1970-10-05,56,Female,A+,865.699.1624x7314,"09818 Nicholas Ford, Robertville",Medicaid,(669)844-8695,2024-05-14
P_00096,Jennifer Bowers,1939-10-06,87,Female,O+,525.988.7449x5621,"38658 Eugene Roads, Port Christopherberg",Blue Cross Blue Shield,696.211.4351x9066,2023-08-21
P_00097,Robert Bowman,1983-10-06,43,Male,A+,403.284.3098x839,"02146 Caldwell Lodge Apt. 801, New Justinside",UnitedHealthcare,001-255-643-9376,2023-01-30
P_00098,Katie Hansen,10/05/1985,41,Female,B+,745.918.4894x76973,"071 Jones Roads Apt. 356, Zacharytown",Aetna Health,001-743-541-6518x275,2024-02-26
P_00099,Debra Valentine,1966-10-05,60,Female,B+,+1-337-333-3433x33952,"790 Melanie Landing, Travisshire",Aetna Health,972-284-6392x086,2023-09-04
P_00100,Jennifer Parks,1980-10-05,46,Female,O-,(871)387-5003,"9428 Young Mountains Suite 527, Clarkstad",UnitedHealthcare,(864)872-9293x143,2023-01-10
P_00101,Robert Rodgers,1946-10-05,80,Male,  O+  ,202.867.2885x7448,"203 Woods Roads, South Julieview",Cigna,(458)684-5061x593,2024-08-24
P_00102,Megan Freeman,2000-10-05,26,Female,A-,001-871-369-4722x5699,"53554 Jacobs Locks, Pamstad",Aetna Health,001-498-876-2202x3413,2024-01-29
P_00103,Arthur Johns,1981-10-05,45,Male,O+,,"3347 David Villages Apt. 005, Michellemouth",UnitedHealthcare,+1-948-872-8299,2023-10-30
P_00104,Margaret Collins,1939-10-06,87,Female,O-,(278)231-7456x424,"4780 Arroyo Neck, Albertchester",Humana,893-808-5368x6632,20-02-2023
P_00105,Bobby Garrett,1963-10-06,63,Male,B-,994.648.4631x22417,"50208 Jacob Cove Suite 427, East Christophertown",Medicaid,635.864.7570x5120,2023-12-27
P_00106,Julie Lee,1963-10-06,63,Female,A+,560-913-6730x371,"452 Julie Plaza Apt. 474, West Paige",UnitedHealthcare,+1-231-936-5024x91630,2023-05-21
P_00107,Brittney Townsend,1966-10-05,60,Female,AB-,427.319.5005,,Cigna,707-778-4873x928,2023-04-03
P_00108,Denise Guerra,1956-10-05,70,Female,AB+,+1-721-982-7448,"862 Christine Lakes, West Jennifer",Humana,+1-386-338-7829x45651,2024-01-10
P_00109,Teresa White,1945-10-05,81,Female,AB-,9316731096,"3910 Diana Village, South Laurieton",Humana,(586)350-9480x141,2023-10-30
P_00110,Crystal Cruz,1956-10-05,70,Female,O+,783.992.8861,"22868 Sandoval Place Suite 558, Meganchester",Humana,001-865-293-9836x84577,2023-08-20
P_00111,William Larson,1991-10-06,35,Male,AB-,424.304.3350x48889,"5224 Preston Gateway, West Lisa",Cigna,996-393-1572,2024-07-03
P_00112,Elizabeth Cross,1940-10-05,86,Female,O-,001-561-205-5661,"48058 Mark Square Apt. 206, Mullinsshire",Blue Cross Blue Shield,813.664.6225x17908,21-04-2023
P_00113,Kathryn Ayala,1985-10-05,41,Female,O-,(527)583-7693,"6591 Emily Manors, Michaelmouth",Cigna,(590)542-5979x270,2023-03-06
P_00114,Christopher Chandler,1999-10-06,27,Male,O-,310-639-2405,"0538 James Pike Suite 879, Lake Holly",Blue Cross Blue Shield,5696804204,2023-02-08
P_00115,Matthew Smith,2005-10-05,21,Male,O+,(345)410-4636x8157,"780 John Pines, Matthewfurt",Medicaid,001-220-655-5438x4046,2024-04-09
P_00116,Gloria Long,2004-10-05,22,Female,AB+,(416)889-3639,"578 Jamie Dam Apt. 248, South Wendy",Blue Cross Blue Shield,001-829-825-1881x25205,2024-05-16
P_00117,Patrick Underwood,1946-10-05,80,Male,AB-,+1-542-531-2209x9499,"051 Anderson Vista, Josephstad",Medicaid,(867)272-2330,2024-01-07
P_00118,Tiffany Walker,1997-10-05,29,Female,O-,+1-833-712-7975x73660,"998 Abigail Mission Suite 038, Terrellton",Blue Cross Blue Shield,+1-668-903-4764,2023-05-06
P_00119,Elizabeth Ellison,1941-10-05,85,Female,B-,001-882-877-1812x982,"0279 Nicole Course Suite 521, North Jasminstad",Aetna Health,286-489-2686,02/21/2023
P_00120,Krystal Keller,1989-10-05,37,Female,B-,(622)420-6447,"30940 Jimenez Parks, New Nicolebury",UnitedHealthcare,297.576.7199,2023-08-10
P_00121,Diana Fuller,2004-10-05,22,Other,AB+,602.720.5020,"16224 Tammy Summit, Sarahland",Humana,001-745-856-1681x47214,2023-05-29
P_00122,Melissa Salazar,2003-10-06,23,Female,B-,798-617-9469,"99787 Morton Ridge Apt. 430, North Stevenville",Medicaid,001-639-366-0558x3034,2024-01-02
P_00123,Katie Nguyen,1998/10/05 00:00:00,28,FEMALE,a-,5157569902,"770 Timothy Road Suite 857, Reillyton",Medicare,249.758.8039x55124,2024-03-07
P_00124,Lori Kirby DDS,1970-10-05,56,female,A+,(929)614-5046x1735,"421 Glover Tunnel, North Scott",Cigna,7784235784,2024-04-07
P_00125,Annette Hendrix,1940-10-05,86,Other,O+,923.207.6810x40915,"409 Fowler Fords, Jamesport",Medicare,385-571-4224x109,2023-03-04
P_00126,Joshua Nelson,2005-10-05,21,Male,B+,001-449-232-1495x870,"016 Christopher Lock Apt. 997, Larryborough",Blue Cross Blue Shield,001-981-579-2171x747,2023-03-24
P_00127,Charles Huang,1966-10-05,60,  Male  ,AB+,756-925-5770x171,"45992 Richard Station Apt. 581, Amandafurt",Medicare,001-363-793-8276,2023-11-29
P_00128,Melissa Reynolds,1957-10-05,69,Female,B-,(395)983-2197x19975,"6191 Murphy Rue, North Jeffberg",Medicare,001-902-527-8469,2023-04-28
P_00129,Shawn Evans,1976-10-05,50,Male,A-,+1-246-251-9098x62405,"40369 Garrett Station Suite 666, Lake Glenn",UnitedHealthcare,(438)265-6242,2024-04-09
P_00130,Alexis Griffith,1985-10-05,41,Female,O-,862.912.6796x9278,"3269 Becky Vista Apt. 846, Arthurton",Blue Cross Blue Shield,001-675-919-7128,2023-06-06
P_00131,Kelly Bishop,1977-10-05,49,Female,A+,271.989.4905,"795 Gomez Union Suite 420, Jessicashire",Medicaid,307-492-9049x047,2024-01-17
P_00132,Sarah Ramirez,1991-10-06,35,Female,O+,(494)944-0192,"43728 Matthew Corner Apt. 927, Townsendbury",Humana,+1-672-939-5041x02767,2023-12-29
P_00133,Nicole Patel,1986-10-05,40,  Female  ,B+,(267)342-8604x7658,"9454 Lang Glens Suite 739, New Matthew",Cigna,001-925-780-0106x181,2024-08-14
P_00134,Douglas Lee,1987-10-06,39,Male,AB+,3914093911,"921 Jon Mountain Apt. 746, Jonathanland",Medicaid,506-865-0442x717,2024-07-23
P_00135,Katherine Thomas,10/06/1943,83,Female,A+,001-263-991-7410x11947,"006 Hernandez Isle, Andrewshaven",Medicaid,001-777-766-1830x671,2024-09-28
P_00136,Jennifer Chen,1973-10-05,53,Female,AB-,+1-515-685-1743x2806,"57173 Austin Burg Apt. 761, Victormouth",Blue Cross Blue Shield,9054050613,2023-11-13
P_00137,David Jones,1973-10-05,53,Male,A+,001-327-907-9032x0204,"111 Larson Ridges, North Linda",Blue Cross Blue Shield,(356)351-9825x30925,03/13/2023
P_00138,Peter Jackson,1969-10-05,57,Male,AB-,(282)973-9021x962,"02194 Steele Turnpike, Schwartzborough",Humana,(448)976-3290,2023-06-11
P_00139,Brandon Serrano,2006-10-05,20,Male,A-,556-908-3318x1958,"0312 Jimenez Estate, North Deannaport",UnitedHealthcare,464.459.7010,2024-09-24
P_00140,John Wilson,1969-10-05,57,Male,A-,379.795.6353,"36363 Thomas Oval, South Dustinmouth",UnitedHealthcare,(765)427-3543,2024-02-29
P_00141,Laura Ramirez,1971-10-06,55,Female,AB+,477-462-5349,"68739 Hood Harbors, Lake Ronniebury",Blue Cross Blue Shield,856.293.9290,2024-05-13
P_00142,Julie Mack,2001-10-05,25,Female,B+,3682671773,,Humana,001-862-657-0165x804,2023-11-05
P_00143,Logan Johnston,2000-10-05,26,Male,O+,819.750.8501,"055 Deborah Squares Apt. 832, Johnville",Medicaid,+1-779-733-5548x6401,16-03-2024
P_00144,Jonathan Gallegos,1939-10-06,87,MALE,A+,488.647.9513x7116,,Medicare,(275)567-0431,2023-03-15
P_00145,Joseph Rogers,1958-10-05,68,Male,O+,001-655-479-8877,"43754 Eddie Haven Suite 292, Ianburgh",Cigna,001-422-531-0592x745,2024-08-12
P_00146,Andrew Stewart,1995/10/06 00:00:00,31,Male,O-,(425)978-2841x067,"08854 Kemp Throughway Apt. 975, Lake Timothyton",Humana,(781)340-6937,2023-11-29
P_00147,Lee Lee,1989-10-05,37,Male,  A-  ,234.730.1871x86375,"65650 Cooper Inlet Suite 813, Figueroachester",Medicare,942.766.2991x234,2024-08-26
P_00148,Tyler Avila,1979-10-06,47,MALE,A-,406-546-2879,"4870 Davenport Hollow, Hansenmouth",Medicaid,800.424.4714,2023-06-22
P_00149,Melissa Sanchez,1987-10-06,39,Female,B-,847-619-5979,"158 Megan Estates Apt. 257, West Frank",Blue Cross Blue Shield,356-450-4481x832,2024-10-22
P_00150,Shane Serrano,1972-10-05,54,MALE,O-,+1-944-851-8952x02845,"13283 Laura Points Apt. 671, Port Davidtown",Medicare,554.452.7985x2401,02-11-2024
P_00151,Charles Perez,1961-10-05,65,Male,AB-,(832)216-1107,"08907 Rebekah Cape, West Elizabethville",Aetna Health,493-693-2501,2024-10-01
P_00152,Hannah Martin,1968-10-05,58,Female,AB-,293.389.1190x83342,"759 Scott Coves, Port Michael",Medicaid,(963)783-6151x7182,2023-10-09
P_00153,Kristin Williams,2006-10-05,20,Female,A-,571-364-7947x38646,"520 Powers Locks Suite 811, South Richard",Cigna,001-812-315-3539,2024-01-13
P_00154,Jessica Porter,1981-10-05,45,female,A+,001-399-346-5796x78427,"7320 Joan Village Apt. 702, Jacobsmouth",Medicare,(549)691-1877,2024-08-17
P_00155,John Green,1966-10-05,60,male,AB-,288-400-6167x56770,"276 Larry Loaf Suite 197, Alvarezburgh",Cigna,206.447.9695x45009,2023-03-05
P_00156,Hannah Harmon,2006-10-05,20,OTHER,B+,2565165565,"49114 Matthew Brooks, Benjaminchester",UnitedHealthcare,001-886-840-7905,2024-03-24
P_00157,Anne Freeman,1976-10-05,50,Female,A+,001-935-378-5294x563,"4049 Ballard Road, Lake Meganville",Humana,001-754-319-8763,2023-12-13
P_00158,Eric Brock,1970/10/05 00:00:00,56,Male,UNKNOWN_VAL,(485)936-6498x78208,"748 Michael Stream, New Jamesmouth",UnitedHealthcare,(832)646-6513,2024-01-31
P_00159,Maria Scott,1956-10-05,70,  Female  ,O+,+1-836-831-2303x477,"24204 Hopkins Fall, Lake Toddtown",Aetna Health,8154941651,2023-11-14
P_00160,Laura Mason,1967-10-06,59,Female,A-,389-784-7139,"636 Drew Extensions Apt. 476, Michelleton",Cigna,785.615.8673x4257,2023-12-03
P_00161,Tracy Obrien,1982-10-05,44,Female,AB-,001-203-848-6451x8376,"1343 Ruth Roads Suite 604, Port Kimberlyfort",Humana,765.961.2481x5698,2023-07-04
P_00162,Pamela Davidson,1993-10-05,33,Female,A-,(372)306-3459,"82965 Mendoza Street, West Glenn",Medicaid,,2023-10-30
P_00163,Allison Hansen,1991-10-06,35,Female,B+,+1-631-473-4206x969,"2910 Ayala Motorway, Wilsonborough",Medicaid,544.676.2639,2023-12-11
P_00164,Chelsey White,1955-10-06,71,Female,B+,(904)343-9735,"2563 Erickson Street, Charlesside",Cigna,2056375990,2024-10-01
P_00165,Jane Madden,1969/10/05 00:00:00,57,Female,AB+,+1-352-780-9242x87572,"41502 Savage Village Suite 564, Chloeview",Humana,456.225.7287x03203,2023-09-01
P_00166,Carla Mcdonald,1987-10-06,39,Female,B-,370-475-8777,"1342 Karen View, Annashire",UnitedHealthcare,990.389.2613,04/25/2024
P_00167,Allison Maldonado,1951-10-06,75,Female,B+,+1-216-759-1520x17774,"975 Jason Causeway, Marcuston",Humana,001-518-496-1642x3610,2024-05-29
P_00168,Jennifer Holland,1956-10-05,70,Female,AB-,+1-521-947-6492x5158,"7499 Davis Manors Suite 926, Davishaven",Medicaid,473-427-8814x76174,2023-02-23
P_00169,Eric Wright,1944-10-05,82,Male,B+,(649)708-1081x86617,"180 Joy Mountain Apt. 260, South Nancyport",UnitedHealthcare,897-279-4523x21941,2023-10-19
P_00170,Audrey Jackson,1956-10-05,70,Female,UNKNOWN_VAL,476.297.4995x6412,"03037 Debra Mews, North Kevin",Humana,927.560.1227x770,2023-04-04
P_00171,Laura Bass,1976-10-05,50,Female,B-,6502166799,,Medicare,917.595.7602x4375,2024-02-10
P_00172,Laurie Cohen,1985-10-05,41,Female,AB-,+1-372-946-6572x934,"32971 Hahn Park, Jimmyside",Humana,3057452280,2023-04-12
P_00173,Lisa Martinez,1951-10-06,75,Female,B+,,"1199 Madison Canyon Apt. 213, Ericport",Humana,001-878-271-2552x137,2024-04-28
P_00174,Robert Peterson,1960-10-05,66,Male,B+,821.845.6532x86326,"507 Kayla Stravenue Apt. 155, Holdenburgh",Medicaid,(706)202-9084x66845,01/20/2023
P_00175,Steven Bishop,1984-10-05,42,  Male  ,O+,,"08562 Lewis Pass Suite 852, North Pamelaside",Cigna,001-643-746-8105,2023-05-05
P_00176,Nicole Pugh,1974-10-05,52,Female,B-,749.607.5399x893,"926 Daniel Path Apt. 571, Lake Ronald",Cigna,(811)606-2737x15869,2023-01-17
P_00177,Mallory Barajas,1969-10-05,57,Female,B+,001-376-522-8277x288,"0285 Carolyn Lodge Apt. 159, Billyberg",Cigna,,2023-09-04
P_00178,Stephanie Small,1958-10-05,68,female,A+,827.901.8510,"756 Davenport Village Apt. 287, Contrerasberg",Medicare,001-651-399-6636x5807,2024-07-11
P_00179,Michelle Armstrong,1948-10-05,78,Female,AB-,001-948-218-1398x90983,"820 Buchanan Gardens, Millerside",Humana,+1-756-890-7056x260,2023-09-17
P_00180,Ashley Garcia,1972-10-05,54,Female,AB-,(442)224-1246,"00461 Thomas Islands Suite 610, East Karen",Aetna Health,,2024-08-18
P_00181,Ana Johnson,1950-10-05,76,Female,O-,+1-930-348-9138x2496,"58238 Ali Point, Williamsmouth",Cigna,+1-642-200-7494x653,2023-06-29
P_00182,Joseph Jones,1993-10-05,33,Male,B-,761-728-4639,"743 Peterson Mount Suite 020, Smithtown",Blue Cross Blue Shield,+1-826-787-6811x80715,2024-04-13
P_00183,Ryan Cain,1950-10-05,76,male,O-,6177537030,"94337 Johnson Park, North James",UnitedHealthcare,+1-461-349-8728x3999,2024-06-11
P_00184,Nichole Anderson,1978-10-05,48,Female,AB-,001-938-243-0894,"056 Hill Springs Suite 758, Lake Jeffreyview",UnitedHealthcare,(587)550-6351x90361,2023-02-18
P_00185,Emily Garrett,1947-10-06,79,Female,O+,307-960-9543,"0583 Kimberly River, Duranmouth",UnitedHealthcare,001-211-900-6512,2024-03-26
P_00186,Leslie Reynolds,1983-10-06,43,Male,A-,808-504-6619,"6769 Matthew Spring, South Zacharyshire",Cigna,411.609.1939,2024-06-15
P_00187,Karen Oliver,1941-10-05,85,Female,AB-,(732)600-2496,"74954 Cordova Path, North John",Blue Cross Blue Shield,+1-506-953-3315,2023-07-04
P_00188,Vicki Greene,1985-10-05,41,Female,B+,299-559-4652x17073,"9337 Aguirre Lane, South Jack",Cigna,6509150812,2024-09-09
P_00189,Laurie Cannon,1968-10-05,58,Female,O+,7035342342,"02410 Nicholas Turnpike, West Sharonport",UnitedHealthcare,535.552.8961x122,2023-12-28
P_00190,Melissa Stewart,1989-10-05,37,Female,B+,(930)599-3842x53042,"9128 Potter Rue, Victormouth",Blue Cross Blue Shield,(855)287-7749,2024-06-09
P_00191,Steven Hayes,1939-10-06,87,Male,B-,663.346.6925,"47853 Steven Road, Ronaldmouth",Humana,(365)675-4602x73415,2023-02-05
P_00192,Kayla Schneider,1997-10-05,29,Female,AB-,631-611-5083x535,,UnitedHealthcare,(733)537-3898x7751,2023-06-07
P_00193,Tom Butler,1994-10-05,32,Male,AB+,778.505.2924x075,"6845 Ashley Bypass Apt. 259, Bairdborough",Aetna Health,(318)463-7159x7412,2024-01-11
P_00194,Melissa Burns,1964-10-05,62,Female,A-,(331)964-3348,"8025 Myers Creek, New Robert",UnitedHealthcare,001-516-932-3467x2994,2024-02-01
P_00195,Adrienne Thomas,1954-10-05,72,Female,O-,969-238-5977,"7546 Robert Fall, Ellisburgh",Aetna Health,001-991-860-3248x413,2023-10-20
P_00196,Kristen Carney MD,1962-10-05,64,  Other  ,AB-,285-967-2438,"76563 Johnson Glen, Lake Sallymouth",Cigna,+1-277-371-1837x27422,2024-03-31
P_00197,Becky Figueroa,1974-10-05,52,Female,b+,(210)542-7523,"081 Vaughn Mills Apt. 900, Wangbury",Humana,(333)410-6005x313,2023-11-04
P_00198,Andrew Hunt,1957-10-05,69,Male,O-,758-439-3866x13315,"5063 Robinson Shoals, Debrastad",Blue Cross Blue Shield,4136649718,2023-05-23
P_00199,Kyle Jarvis,1966-10-05,60,Male,A-,001-962-852-5715x099,"903 Christina Crossing, Joelchester",Blue Cross Blue Shield,001-539-910-2574x32630,2024-07-18
P_00200,Erin Ramirez,1964-10-05,62,Female,A-,+1-508-564-0355x3380,"527 Calvin Overpass Apt. 302, East Christopher",Aetna Health,001-483-538-1674,2024-02-24
P_00201,Christopher Wright,1974-10-05,52,male,B+,897-834-7156x6277,"0661 Larson Drives, West Oscar",Humana,574-268-9715x2732,2024-06-13
P_00202,Jonathan Swanson,1959-10-06,67,Male,B+,866.465.6749x1601,"4587 Horton Run, Housebury",Aetna Health,470.650.2497,2024-06-14
P_00203,Laura Bates,1976-10-05,50,Female,A-,(501)816-6918,"4488 Willis Street, Goodwinland",UnitedHealthcare,495-924-3640,2024-06-15
P_00204,Andrea Horton,2002-10-05,24,Female,A-,964.562.2522x37281,"02346 Sims Road, Port Danaland",Medicaid,216-214-1509x3771,2023-11-07
P_00205,Tina Ortega,2003-10-06,23,Female,AB-,9139806984,"655 Key Viaduct Apt. 566, West Morganville",Humana,5767209184,2024-10-01
P_00206,Melissa Kane,2007-10-06,19,Female,AB+,363.705.0505x73976,"1649 Jennifer Ways Apt. 271, Marisaside",Cigna,827.217.8333x211,2024-10-18
P_00207,Tanya Orr,1966-10-05,60,Female,AB+,001-343-747-1287x15399,"686 Jeffrey Crescent Suite 111, Joyborough",Cigna,001-519-852-5690x4098,2023-02-01
P_00208,Francisco Diaz DDS,1983-10-06,43,Male,A+,(989)793-1608,"3772 Thomas Shores, New Lukehaven",Aetna Health,001-514-597-3746x052,2024-04-09
P_00209,Anthony Grimes,1984-10-05,42,Male,AB-,(876)942-0865,"6184 Horton Fields Suite 125, Port Sarahport",Cigna,729.327.7423x330,2024-09-13
P_00210,William Hernandez,1973-10-05,53,Male,O-,(820)515-7201x85962,"36749 Denise Lane, Port Stevenfurt",Blue Cross Blue Shield,975-601-1117x830,2023-04-19
P_00211,Anna Watkins,2000-10-05,26,Female,O+,(876)949-2151x8260,"981 Tammy Crest, Port Carol",Aetna Health,(508)475-1029,2023-10-25
P_00212,Dawn Mullins,1970-10-05,56,Female,O-,518-645-8260,"487 Barbara Square, Alexandrastad",Medicaid,+1-488-531-0303x243,2023-07-14
P_00213,Destiny Daniel,1961-10-05,65,Female,O-,(518)344-6267x14628,"359 Robert Drives Suite 660, North Joseph",Aetna Health,+1-618-461-5155,2023-04-03
P_00214,Courtney Smith,2002-10-05,24,Female,O-,(636)611-2849x7185,"25625 Woods Crossroad, Alberthaven",UnitedHealthcare,001-922-426-9405x396,2024-05-21
P_00215,Heather Harrison,1990-10-05,36,  Female  ,O+,546-383-4146x5111,"014 Stokes Branch, Rhodesberg",UnitedHealthcare,578.281.6093x0685,2023-09-28
P_00216,Traci Craig,1975-10-06,51,FEMALE,A-,001-783-321-5285x06762,"381 Evans Hill Suite 309, Robinsonport",Medicare,+1-780-379-7050x9754,2024-01-07
P_00217,Stefanie Lopez,1983-10-06,43,Female,A-,(901)267-3188x261,"437 Brooks Lakes, Mcclainside",Aetna Health,517-672-2560x531,2024-09-30
P_00218,Jennifer Manning,1970-10-05,56,Female,B-,9234741678,"8621 Laura Crossroad Apt. 580, North Erika",Medicaid,469-506-7447x16392,01/10/2024
P_00219,Ashley Baker,1992-10-05,34,Female,O-,001-536-337-1892x392,,Medicaid,743.635.6708x60414,2023-05-21
P_00220,Michael Wright,1994-10-05,32,Male,O+,6203005347,"47554 Collin Bridge Apt. 555, Johnview",Medicaid,,2024/09/19 00:00:00
P_00221,Tammy Jones,1944-10-05,82,Female,AB+,+1-495-547-3820,"485 West Stravenue Apt. 617, Millshaven",Medicare,5298424090,2024-06-29
P_00222,Kim Palmer,2008-10-05,18,Female,A+,627-586-8669,"29390 Gordon Stravenue, Kevinbury",Medicaid,448-612-3083x4024,2024-03-02
P_00223,Amber Whitney,1965-10-05,61,Female,B+,681.405.9551,"450 Madison Forges Suite 240, Lake Juliefurt",Medicaid,+1-949-583-7354x3962,2023-02-22
P_00224,Jessica Hernandez,1988-10-05,38,Female,A-,617.427.2239x7240,"9312 Ronald Motorway, Garciahaven",Aetna Health,(209)416-6010,2024-08-09
P_00225,Bradley Thomas,2008-10-05,18,Male,O-,+1-490-601-8513x2797,"2308 Burton Crossing Apt. 018, Curtischester",Humana,(603)503-6625,07/28/2023
P_00226,Melinda Mcdaniel,1979-10-06,47,Other,O-,001-317-721-3145x195,"92268 Greene Springs, Hernandezport",Medicaid,+1-745-414-7541x022,2023-11-29
P_00227,Mikayla Floyd,1946-10-05,80,Female,AB+,711.996.4215x2265,,Medicaid,001-968-493-1350x305,2023-12-17
P_00228,Amy Bailey,1972-10-05,54,Female,AB+,001-824-272-8633x30212,"0191 Monroe Ways Apt. 025, North John",Humana,9968227284,2023-08-19
P_00229,Jeremy Newman,1972-10-05,54,Male,  AB+  ,4412200928,"7849 Fletcher Manors Apt. 418, Spenceberg",UnitedHealthcare,001-736-890-3628x9177,2023-11-21
P_00230,Carmen Pratt,1981-10-05,45,Female,B+,+1-463-341-1159x5034,"90438 Danielle Bypass, West Christopher",UnitedHealthcare,001-690-297-0051,2024-02-09
P_00231,Nicole Benjamin DDS,1986-10-05,40,Female,O-,965-221-5681x82096,"27113 Lindsey Shoal Apt. 288, Sethberg",Aetna Health,945-396-0633x99129,2024-03-28
P_00232,Charles Harrell,1952-10-05,74,Male,B-,+1-317-617-5242,"1127 Andersen Glens Suite 219, Williamsport",Aetna Health,(969)627-5895x5168,2023-10-06
P_00233,William Williams,1980-10-05,46,Male,O+,+1-503-880-2146x2961,"157 Day Viaduct Suite 112, South Kaylaborough",UnitedHealthcare,(451)955-9737x1470,2023-08-27
P_00234,Cindy Carroll,10/05/1993,33,other,B+,+1-660-456-7303x064,"14614 Savage Pine, Lake Patricia",Medicare,(801)965-4235,2024-07-17
P_00235,Michael Martin,1954-10-05,72,Male,A+,001-465-796-0893x199,,Humana,+1-779-510-3368x2963,2023-10-22
P_00236,Valerie Ray,1966-10-05,60,Female,B+,9558044817,"5868 Wilson Fall Suite 652, New Ryan",Medicare,364-991-1110x9617,2023-02-08
P_00237,Renee Contreras,1959-10-06,67,Female,B+,,"444 Roberson Underpass, Nuneztown",Cigna,(800)502-5895x52963,2024-02-11
P_00238,James Williams,1976-10-05,50,Male,AB-,001-862-562-6582,"281 Cameron Road, Maryburgh",UnitedHealthcare,831-210-6092x09819,2024-09-09
P_00239,Bianca Chavez,1967-10-06,59,Female,O-,+1-352-433-4383x6404,"911 Ho Crossing, East Justinburgh",UnitedHealthcare,817-353-6170,2023-05-18
P_00240,Lori Clark,2002-10-05,24,Female,B+,(765)972-2402x99015,"84139 Amanda Path, East Michelle",Blue Cross Blue Shield,630-952-3124,2024-04-14
P_00241,Brandon Erickson,1971-10-06,55,Male,O+,+1-347-676-8634x2346,"76769 Cabrera Road, New Patrickborough",Humana,001-855-617-2084,2023-07-17
P_00242,Shawn Clements,1982-10-05,44,Male,B+,756.401.2562x53135,"05053 Bradley Islands Apt. 816, Carolynhaven",Medicare,718.749.1966,2023-04-08
P_00243,Anthony Snyder,1976-10-05,50,Male,AB+,8465117295,"0907 Anderson Lodge, New Samanthaton",UnitedHealthcare,901-271-6445x56185,2023-08-30
P_00244,Michael Gibson,1999-10-06,27,Male,B-,+1-515-491-0300x2156,"58004 Daniel Hollow, West Markfurt",Blue Cross Blue Shield,322-597-1252x967,2024-10-31
P_00245,Mary Bray,1983-10-06,43,Female,AB+,273-514-4158x33117,"376 Tony Junctions, Port Brittany",Cigna,585.847.2812x35679,2024-05-29
P_00246,Donald Martin,1980-10-05,46,Male,B+,991-927-1130x7240,"1815 Lewis Locks Suite 850, Nelsonville",Medicare,6669343629,2023-08-15
P_00247,Ashley Williams,1983-10-06,43,Female,B-,313.310.0943,"96661 Jessica Square Suite 732, West Dana",Humana,001-794-301-2897x432,2024-07-16
P_00248,Evelyn Gibson,1941-10-05,85,Female,AB-,2767502412,,Blue Cross Blue Shield,914-657-7584,2023-03-25
P_00249,Alexis Gomez,1943-10-06,83,Female,B+,001-458-797-1480x263,"39653 James Lane Apt. 487, West Renee",Aetna Health,(356)896-4430x985,2023-07-27
P_00250,Lacey Sparks,1998-10-05,28,Female,O-,(441)607-2728x498,"1407 Jeff Views Apt. 074, South Michaeltown",Blue Cross Blue Shield,6424548821,2023-07-30
P_00251,Mr. Kevin Miller II,1963-10-06,63,Male,A+,853.766.6144x9429,"342 Spencer Hollow, Christophershire",Medicaid,+1-978-726-6128x7585,2024-06-09
P_00252,Jason Jenkins,1963-10-06,63,Male,A+,7804612943,"62607 Combs Corner Apt. 415, Port Kellyfort",Cigna,001-450-519-8038x287,2024-02-10
P_00253,Margaret Moore,1981-10-05,45,Female,A+,+1-340-579-3110x2918,"70876 Sara Hills, Webbburgh",Blue Cross Blue Shield,284.497.9162,2023-03-07
P_00254,Natasha Allen,1993-10-05,33,Female,O+,383.977.4419x75466,"2047 Anne Branch Suite 097, West Sydneymouth",UnitedHealthcare,,2023-05-19
P_00255,Heather Ball,1983-10-06,43,Female,B+,,"959 Jones Burgs Apt. 311, Villafort",Cigna,933-712-6610x94101,2024-11-30
P_00256,Sara Mclean,1989-10-05,37,Female,B-,517-462-9833x47743,"319 Crystal Skyway Apt. 302, West Kimshire",Humana,+1-915-728-7339,2023-05-11
P_00257,Steven Castaneda,1975-10-06,51,Male,O+,676-361-9128,"3098 Johnson View, Sandraview",Humana,,2024-07-11
P_00258,Stephanie Aguilar,2001-10-05,25,Female,A-,700-256-4350x238,"1990 Zavala Mall, New Timothyberg",Blue Cross Blue Shield,,2023-07-13
P_00259,Richard Gonzalez,1981-10-05,45,Male,A+,+1-460-387-0662x668,"95535 Hull Freeway Apt. 190, South Julie",Medicare,+1-990-403-0102,2023-03-10
P_00260,Emily Morrison,1987-10-06,39,Female,A+,642.596.7111,"537 Pugh Tunnel Suite 384, Heidihaven",Aetna Health,405-569-7413,2023-08-28
P_00261,Kristen Martinez,1986-10-05,40,Female,AB-,001-820-637-7107x0449,"49670 Cruz Cape, East Nicolas",Aetna Health,+1-268-704-0850x95493,2024-09-04
P_00262,Marc Glenn,1973-10-05,53,Male,A+,001-401-886-4876x9984,"320 Marsh Harbor Apt. 384, Ashleyton",Medicaid,+1-445-944-9014x954,2024-02-28
P_00263,Jessica Owens,1965-10-05,61,Other,O+,(378)936-0914x985,"4472 Crystal Drive, East Dannyton",Humana,(687)695-0830,2023-02-18
P_00264,Ryan Atkinson,1985-10-05,41,Male,O-,+1-309-335-1187,"59561 Liu Divide, West Catherinestad",Aetna Health,365-574-9025x04290,2023-11-04
P_00265,Kayla Norman,2001-10-05,25,Female,  O+  ,895.336.9026x11398,"788 Stewart Fields, Rhondamouth",Medicare,753.375.1376,2024-04-19
P_00266,Jonathan Melendez,1982-10-05,44,Male,A-,,"5116 Wagner Drive Suite 327, East Davidview",Medicare,001-887-712-0602x12886,2023-07-28
P_00267,Melissa Allen,1997-10-05,29,Female,A+,,"2298 Edwin Avenue Suite 765, Thompsonshire",Humana,813-647-5098x898,2024-01-22
P_00268,Fernando White,1963/10/06 00:00:00,63,Male,B-,(303)768-4995,"14477 Nicole Heights Suite 913, Donaldborough",Humana,+1-282-909-0883,2024-07-26
P_00269,Allison Harris,05-10-1986,40,Female,A-,001-967-882-7411,"1241 Lara Summit Apt. 152, Joshuahaven",Cigna,+1-815-506-1853x80032,2023-07-14
P_00270,Derek Hernandez,1972-10-05,54,Male,B-,(874)323-1830,"932 Robert Greens Suite 935, Morenoburgh",Medicaid,334-677-6958x7413,07/29/2023
P_00271,Jeremy Wright,1971-10-06,55,Male,AB+,(212)675-1562x77963,"360 Green Island Suite 676, Greenton",UnitedHealthcare,573-350-4763x928,2024-10-26
P_00272,Lisa Rivera,1992-10-05,34,Female,AB-,+1-580-706-1558x108,"86342 Rivera Forge, North Barry",Aetna Health,6812867024,2024-04-25
P_00273,Patricia Wright,1969-10-05,57,Female,A+,216-462-4111x860,"963 Glover Manors, West Joshuaborough",UnitedHealthcare,849-676-4613,2023-08-15
P_00274,Terry Ferguson,1966-10-05,60,Male,AB-,560.276.5817,"75791 Cook Valleys Apt. 182, Port Sheri",Aetna Health,001-531-226-9789,2023-10-30
P_00275,Darlene Collins,1962-10-05,64,Female,  AB-  ,720-559-9604x38787,"7881 Ronald Club Suite 202, East Jamesville",UnitedHealthcare,8672287286,2024-11-01
P_00276,Jeffrey Phillips,1965-10-05,61,Male,o-,+1-648-959-5922x48395,"52287 Louis Fall Apt. 710, Jacquelineborough",Aetna Health,001-718-575-1097x921,2023-12-27
P_00277,Alexis Lee,1991-10-06,35,FEMALE,A+,469-345-9648x8319,"2491 Laura Radial, Riverashire",Humana,+1-449-473-2033x192,2023-03-18
P_00278,Aaron Miller,1984-10-05,42,Male,O-,3285767548,"6754 Schmidt Rapids Apt. 242, Castrofort",UnitedHealthcare,001-541-586-5205x756,2023-06-04
P_00279,Cassidy Adkins,1939-10-06,87,Female,A+,7373583094,"8094 Deborah Row Suite 604, Colleenshire",Blue Cross Blue Shield,2797772781,2024-05-09
P_00280,Stephanie Hernandez,1991-10-06,35,Female,AB+,001-522-216-1070x5184,"529 Black Shores Suite 601, Port Kathleen",Blue Cross Blue Shield,(841)427-0493,2023-10-09
P_00281,Ryan Everett,1977-10-05,49,Male,A-,348-451-5791x9711,"59020 Dana Mount, Lake Sherryport",Medicaid,+1-532-640-6424x29563,2023-07-03
P_00282,Christopher Phillips,1972-10-05,54,Male,O+,001-274-817-5955x872,"936 Brewer Springs, Jaredhaven",Blue Cross Blue Shield,+1-241-383-4374,2023-12-29
P_00283,Mark Alvarez,1984-10-05,42,Male,A-,495.859.6905x150,"5125 Martin Plains Apt. 079, Watkinschester",Cigna,001-367-834-5957x6403,2023-08-20
P_00284,Derrick Ray,1989-10-05,37,Male,A+,001-402-482-4983,"14257 Martin Alley Apt. 324, Christopherbury",Cigna,461.732.8507,2024-05-02
P_00285,Krista Long,1968-10-05,58,Female,A-,476.873.1625,"6968 Michael Skyway Apt. 392, West Michael",Medicaid,309.796.1327x30346,2023-12-06
P_00286,Christopher Hernandez,1938-10-05,88,Male,A-,767-304-6226x8171,"25298 Parks Branch Suite 660, Ronaldville",Cigna,+1-878-357-5851x268,2024-05-01
P_00287,Gabrielle Villa,1967-10-06,59,Female,AB-,001-643-289-7607,"7509 King Junction, Katietown",Blue Cross Blue Shield,+1-642-245-6075,2023-07-03
P_00288,Howard Johnson,1938-10-05,88,male,B-,001-963-521-8122x7645,"15502 Patrick Stream Apt. 546, Johnsonview",Medicaid,001-716-913-9449x8830,2023-03-20
P_00289,Taylor Hill,1980-10-05,46,Female,A-,001-524-280-9624x406,"244 George Roads Suite 133, Lake Markland",Medicaid,+1-249-779-6958x678,2023-05-24
P_00290,Gregory Wallace,1990-10-05,36,Male,O+,773.382.6460x917,"854 Potter Mission, Johnsonshire",Humana,(995)596-6048,2023-03-19
P_00291,Kimberly Gray,1952-10-05,74,Female,AB-,416-833-1942,"3694 Townsend Roads Apt. 588, Perezfurt",Medicaid,374.872.2640x8572,2024-04-06
P_00292,Jason Barnes,1973-10-05,53,Male,AB+,809.232.9981,"329 Cohen Land Apt. 968, Port Robin",Humana,953.927.3524x103,2024-01-25
P_00293,Lindsey Fritz,10/06/1979,47,Female,B+,(378)219-5237,"687 Jones Mall, Nicoleside",Cigna,298-707-7046,2024-01-25
P_00294,Timothy Soto,1996-10-05,30,Male,AB+,461.512.4912x565,"41517 Goodwin Throughway Suite 547, Kristinview",Blue Cross Blue Shield,001-549-702-2840,2023-11-12
P_00295,Michelle Parker,1989-10-05,37,Female,A-,001-829-647-7422x294,"39429 Jordan Stravenue, Woodsburgh",Blue Cross Blue Shield,(429)985-8567x287,2024-07-22
P_00296,Alexis Arroyo,1967-10-06,59,Female,A+,234-533-2491x35779,"0615 Joseph Place, Port Brianshire",UnitedHealthcare,333.542.3372x09484,2023-11-29
P_00297,Sylvia Escobar,1963-10-06,63,Female,B-,,"051 Timothy Mills, South Jamesside",Medicaid,001-339-974-9096,2024-07-26
P_00298,Cory Shaffer,1992-10-05,34,Male,O-,+1-670-646-9472x587,"354 Garrett Creek Apt. 705, Simpsonburgh",Aetna Health,364-517-5823,2023-10-03
P_00299,Kathryn Flores,1988-10-05,38,Female,AB-,471.749.3925x23622,"964 Sarah Mountains Suite 524, Jessicamouth",UnitedHealthcare,946.696.6060x652,2024-05-10
P_00300,Michael Clark,1965-10-05,61,Male,B+,001-544-950-5665x883,"13257 Crane Cape Suite 734, Brownton",UnitedHealthcare,+1-454-485-7417x2156,2023-07-20
P_00301,Kenneth Hoffman,1984-10-05,42,Male,O+,735.798.4884x021,"325 Perez Lake Suite 344, East Davidchester",Humana,(967)608-0850x96085,2023-12-04
P_00302,Mark Navarro,10/05/1941,85,Male,B+,001-918-518-2819,,Medicare,(695)278-6069,2023-07-25
P_00303,Jean Smith,1964-10-05,62,Female,AB-,562-443-9587x39592,"2108 Kimberly Plains, Stephaniemouth",Medicare,333-834-2643x35027,2024-08-12
P_00304,Sean Dickerson,1977-10-05,49,Male,B+,360.377.6336,"981 Katherine Crest, Yangstad",Cigna,001-256-233-1857x4817,2024-07-31
P_00305,Jason Nixon,1946-10-05,80,Male,AB+,855-941-6431,"5023 Anne Crossroad, East Heather",Humana,001-400-493-4596x26228,2023-08-03
P_00306,Tammy Buchanan,1962-10-05,64,Female,B-,2732465495,"70260 Farmer Stravenue Apt. 210, Phyllisland",UnitedHealthcare,(611)477-6872x90477,2023-05-23
P_00307,Joshua Krueger,2004-10-05,22,Male,O+,+1-817-679-3238x22311,"34245 Barnett Pike, Kathleenberg",Medicaid,465-829-0603x20203,2024-09-04
P_00308,Laura Webb,1976-10-05,50,female,AB-,(639)767-3794x871,"45787 Elizabeth Junctions Suite 156, New Davidbury",Cigna,411.884.2547x681,2023-02-07
P_00309,Stacey Dixon,1991-10-06,35,Female,ab-,(230)735-8929,"825 Craig Expressway, Port Sarah",Aetna Health,001-828-996-3406x468,2023-09-12
P_00310,Brandy Hurley,1965-10-05,61,FEMALE,O+,2148843991,"72362 Myers Fields, Port Michael",Blue Cross Blue Shield,442.661.9237,2023-12-06
P_00311,Alexandra Wilson,1971-10-06,55,Female,B-,381-797-3741x8972,"64176 Nancy Square Suite 438, North Whitneystad",Medicare,776.860.1444,2024-06-15
P_00312,David Kelly,10/05/1968,58,Male,A+,6173397396,"996 Williams Coves Apt. 911, West Betty",Medicare,001-896-260-5779x806,2024-05-27
P_00313,Christopher Mccoy,2005-10-05,21,Male,AB-,714-960-7455x53470,"38856 Norman Extensions Suite 155, West Maria",Medicare,616-959-7263,2023-05-26
P_00314,Renee Huang,1968-10-05,58,Female,O-,001-422-850-1394x88488,"11964 Jennifer Place, Randyfurt",UnitedHealthcare,549-491-5370,2024-03-24
P_00315,Denise Simpson,2006-10-05,20,Female,B+,001-933-937-3204x309,"893 Lopez Path Suite 964, Lindaview",Cigna,(355)935-8512x53892,2023-12-18
P_00316,Brian Mckenzie,2001-10-05,25,Male,O-,958.937.4907,"20878 Paula Neck Apt. 151, Ashleytown",Aetna Health,001-597-862-6374x845,2024-07-27
P_00317,Joshua Maldonado,1973-10-05,53,Male,  B-  ,509-405-9119x18623,"71511 Berry Spur, Ballardfurt",Medicare,001-372-452-1452x647,2024-03-18
P_00318,Christina Bell,1984-10-05,42,Female,A-,+1-315-471-8409x0805,"005 Torres Union, Micheleburgh",Medicaid,797.428.3512,2023-10-13
P_00319,Michael Hobbs,2005-10-05,21,Male,A-,,"2982 Tyler Rapids, New Samantha",UnitedHealthcare,986.571.8153x523,2023-11-30
P_00320,Andrew Brown,1965-10-05,61,Male,A-,591.681.5899x8868,"73466 Bennett Overpass Apt. 715, Lynchport",UnitedHealthcare,240.280.3149x9825,2024-09-17
P_00321,Elizabeth Lopez,1997-10-05,29,Female,AB+,+1-506-388-2850,"35137 Ashley Ridge Apt. 063, West Adambury",Medicaid,+1-852-663-5602x29394,2024-11-20
P_00322,Shawn Doyle,2006-10-05,20,Male,AB-,,"31112 Jones Plain Suite 246, Amandaport",Cigna,001-541-416-3187,2023-11-09
P_00323,Andrew Mendoza,1969-10-05,57,Male,B+,730-962-1136,,Medicare,(357)530-6624,2024-08-11
P_00324,Cheyenne Barrett,1940-10-05,86,Female,O-,707.213.9848x228,"168 Christine Extension, Mitchellberg",UnitedHealthcare,330-560-9069,2023-06-27
P_00325,Amanda Gardner,10/05/1970,56,Female,O-,,"772 Herrera Lake Apt. 242, Kiddburgh",Aetna Health,(706)542-0768x362,2024/01/03 00:00:00
P_00326,Jason Butler,1969-10-05,57,Male,O-,001-577-567-5556x2833,"957 Brooks Inlet, South Donald",Medicare,787-449-6033,2024-05-21
P_00327,Timothy Reynolds,1973-10-05,53,Male,AB+,,"3275 Erica Turnpike Apt. 100, West Melissamouth",Aetna Health,(732)434-1595x977,2023-08-14
P_00328,Ashley Hoffman,1973-10-05,53,Female,A-,(926)618-9628,"27102 Kennedy Neck, Port Andrew",Medicaid,001-357-799-2707x955,2024-05-22
P_00329,Brandy Evans,1943-10-06,83,Female,A+,(821)435-4159x7099,"3848 Tracy Expressway Apt. 344, Ferrellmouth",Humana,2472158029,2024-01-11
P_00330,Christina Harrison,1994-10-05,32,FEMALE,AB+,(504)965-5866x5254,"1715 Andrew Crossroad Apt. 312, Calvinshire",Humana,911.700.5912,2024-10-31
P_00331,Brian Martinez,1949-10-05,77,Male,A-,001-323-812-1106x330,"837 Jeanette Park Apt. 749, South Jacksontown",Humana,323-542-8931,2023-03-31
P_00332,Erica Braun,1963-10-06,63,Female,B+,,"380 Campbell Estates Apt. 017, Raventon",Medicaid,+1-661-770-1595x919,2024-09-16
P_00333,Patrick Castillo,1954-10-05,72,Male,AB+,947.758.3392x0567,"7722 Barnes Burg Apt. 562, Diazchester",Medicaid,+1-222-992-3106x72453,2024-08-06
P_00334,Eric Moses,1988-10-05,38,Male,A-,+1-443-937-9766,"1157 Thomas Path, Larachester",Aetna Health,604.725.4969x1928,2024-08-09
P_00335,Renee Shields,1952-10-05,74,Female,B+,(797)910-7563x353,,Aetna Health,9589162951,2023-05-10
P_00336,Steven Mullen,1953-10-05,73,Male,B+,217-763-4250x733,"782 Frye Oval Suite 983, New Cassie",Medicaid,403-688-4366x0443,2024-11-23
P_00337,Marissa Farmer,1969-10-05,57,Female,A-,957-727-6829,"7439 Mitchell Radial, West Stephanie",Medicare,205-887-5256,2024-10-10
P_00338,James Nguyen,1938-10-05,88,Male,O-,001-404-359-9080x27112,"315 Morgan Loop, Karenfort",UnitedHealthcare,(680)586-6281x3721,2024-01-13
P_00339,Maria Grant,1963-10-06,63,Female,AB-,7377003322,"608 Vasquez Skyway Suite 810, New Barry",Humana,497.805.1958,2024-04-14
P_00340,Kimberly Herman,1978-10-05,48,Female,O-,001-594-748-5862x3945,"1470 Morrison Run Suite 321, South Lindaborough",UnitedHealthcare,594.639.4570,2024-03-15
P_00341,Allison Smith,1971-10-06,55,Female,O-,(453)976-5769,"943 Christina Alley Apt. 900, Sarahport",Humana,669.821.0533x651,2023-05-14
P_00342,Elizabeth Johnson,1998-10-05,28,Female,o-,442-247-3107,"37984 Johnson Port, Brownberg",Blue Cross Blue Shield,816.460.0767,2024-10-03
P_00343,Ms. Amanda Brown,1976-10-05,50,Other,O+,001-844-973-4043x37009,"045 Carly Motorway, Stephensstad",Aetna Health,+1-658-482-5562x96575,2023-01-01
P_00344,Paul Simpson,2004-10-05,22,Male,AB-,+1-765-961-9425,"205 Carol Plains Apt. 923, Millerchester",UnitedHealthcare,488-508-1904,2023-10-08
P_00345,Rachel Burns,2006-10-05,20,Female,B-,558-268-6395x61372,"2143 Turner Fords, Port Jamestown",Medicare,3418321147,2024-02-10
P_00346,Matthew Smith,1979-10-06,47,Male,B-,+1-245-965-3469x979,"5504 Callahan Lights, South Haleystad",Medicaid,+1-970-860-7174x81131,2023-03-21
P_00347,Dana Riggs,1990-10-05,36,Other,O+,2544873961,"718 Steven Square, Solisside",Cigna,+1-704-891-8727x4204,2023-05-04
P_00348,Christopher Monroe,1983-10-06,43,Male,AB-,677.430.6260,"9737 Craig Dam, Lake Tiffany",UnitedHealthcare,+1-890-977-5608x581,2023-04-15
P_00349,Jeffrey Miles,1963-10-06,63,Male,A+,,"19237 Grant Neck, Port Dianashire",Medicaid,(218)303-3242x60508,2024-11-24
P_00350,Deborah Moreno,1970-10-05,56,Female,O-,825-337-3377x7312,"282 Tim Cliffs, East Courtney",Humana,(953)546-0605x60356,2023-06-05
P_00351,Bethany Mendez,2002-10-05,24,Female,O+,362.439.8471x69061,"4647 Turner Plain, Samanthafort",UnitedHealthcare,376.698.9992x75175,2023-05-07
P_00352,Timothy Baxter,10/05/1985,41,Male,AB+,+1-883-655-3935x435,"639 Leah Spurs Suite 358, Jamesmouth",Humana,001-482-914-3395,2024-10-22
P_00353,Jenna Love,1939-10-06,87,Female,B-,001-378-852-4914,"13477 Dixon Manor Apt. 406, Larsonfort",Cigna,(665)412-2150x01418,2023-07-30
P_00354,Tammy Mcdaniel,1959-10-06,67,Female,A-,609.800.1594,"39994 Randall Drive, New Breannabury",Aetna Health,(663)989-0219,2023-09-03
P_00355,Danielle Russell,1966-10-05,60,Other,AB-,579.622.3410,"967 Jesse Vista Apt. 677, Lake Pamela",Aetna Health,+1-960-884-3768x550,2023-01-13
P_00356,Lisa Watson,1977-10-05,49,female,O-,001-519-662-6335x564,"9709 Debbie Circles, Marqueztown",Humana,(795)556-0767x6164,2024-07-13
P_00357,Thomas Green,2006-10-05,20,Male,A+,(823)798-9830,"12198 John Pine, Shawnport",Humana,(364)523-6428,2023-08-09
P_00358,Marc Armstrong,1971-10-06,55,Male,O+,001-324-687-6230x3911,"178 Cummings Drives, East Kristin",Blue Cross Blue Shield,424-580-8806x22072,2024-03-01
P_00359,Ruben Berry,1982-10-05,44,Male,B-,473-272-1329x016,"8768 Oneal Mountain Suite 996, Alexandrachester",Humana,(687)320-3195,2023-11-14
P_00360,Jennifer Bennett,1970/10/05 00:00:00,56,Female,UNKNOWN_VAL,(605)873-0362x792,"03747 Owens Mountain, Nicolemouth",UnitedHealthcare,(760)932-1450,2024-10-27
P_00361,Stacy Wiggins,1995-10-06,31,Female,A-,394-758-8707,"48201 Julie Points Suite 008, Lake Adriana",Medicare,6767597595,2023-03-30
P_00362,Jose Martinez,1965-10-05,61,Male,B+,976.680.8981x265,"31964 Robinson Cape, Alexanderberg",Cigna,669.536.2689,2023-05-03
P_00363,Austin Trevino,1968-10-05,58,Male,UNKNOWN_VAL,,"885 Rose Shores Suite 933, South Timothymouth",Cigna,947.460.9441x28333,2023-09-23
P_00364,Michael Wagner,1957-10-05,69,Male,O+,(866)895-4132x97150,"67055 Kyle Oval Suite 693, Jordanbury",UnitedHealthcare,339-225-2959x6111,2023-01-31
P_00365,Jeffrey Mosley,1938-10-05,88,Male,O-,001-320-207-2024x559,"5109 Vanessa Ridges, Port Sandraburgh",Medicaid,(971)649-4981x9421,2024-10-04
P_00366,Ricardo Robertson,1997-10-05,29,Male,A-,693.840.6527x7584,"45337 Jacqueline Camp Apt. 091, North Whitney",Medicaid,,2023-06-11
P_00367,Matthew Bender,2005/10/05 00:00:00,21,Male,O-,+1-594-737-0526,"04627 Barrett Locks, Shannonmouth",UnitedHealthcare,001-265-492-0246x1752,2023-01-13
P_00368,Lindsey Krueger,1955-10-06,71,Female,O+,726.200.5595,"8332 Becker Walks, Alyssahaven",Aetna Health,001-699-936-0798,2023-02-06
P_00369,Faith Russell,1987-10-06,39,Female,A-,,"946 Smith Forks, East Stephaniemouth",Medicaid,860.260.1488,21-03-2023
P_00370,Troy Norton,1944-10-05,82,Male,O-,,,Humana,+1-346-426-3251x44881,2024-02-15
P_00371,Samuel Smith,1978-10-05,48,Male,AB-,914.321.7518,"941 Mccormick Knoll Apt. 638, Jessicaland",Aetna Health,722-252-8837,07/20/2024
P_00372,James Sherman,1963-10-06,63,Male,O-,386-532-3979,"765 Gonzalez Canyon Apt. 730, Andrestad",Humana,+1-456-905-7121x9881,2023-09-06
P_00373,Zachary Swanson,1943-10-06,83,Male,  O+  ,,"45618 Jones Inlet Suite 600, Markland",Blue Cross Blue Shield,(789)791-5114,2023-09-09
P_00374,Catherine Lewis,1940-10-05,86,Female,A+,630-644-8818,"0461 Adams Center, North Clinton",Humana,001-301-670-7568,2023-01-10
P_00375,Teresa Jacobson,1996-10-05,30,OTHER,O+,515.422.9107,"836 Erin Wells, Barbaraborough",Medicare,883.806.3963x8452,2024-06-26
P_00376,Donna Wright,2007-10-06,19,Female,O+,564-697-0169,"291 David Canyon, East Julie",Cigna,001-316-723-4190x3106,2023-08-26
P_00377,Charles Ramsey,1964-10-05,62,Male,O+,455-566-8473,"3377 Kim Glen Apt. 672, Port Pamelaton",Blue Cross Blue Shield,001-278-943-6142x4426,2024-06-01
P_00378,Kendra Willis,1984-10-05,42,Female,O+,(943)473-4764x273,"76388 Daniel Stravenue, Alexaville",Cigna,484-960-1913x443,2023-09-25
P_00379,Aaron Benjamin MD,10/05/1985,41,Male,A-,001-686-695-0732x146,"699 Davis Mountains, East Mark",Aetna Health,457-538-5736x80119,2023-07-27
P_00380,Amanda Mcdonald,1988-10-05,38,  Female  ,B-,+1-711-387-2333,"0961 Day Mission, North Matthew",Medicare,991.614.9830,2023-05-04
P_00381,Mary Dominguez,1999-10-06,27,Female,A+,,"5578 Anthony Court, Lake Joshuaburgh",Aetna Health,(930)223-3324,2023-11-08
P_00382,Darius Taylor,1988-10-05,38,Male,A+,835-246-2127,"0826 Christopher Estate, North Eric",Cigna,763-924-8889,2023-12-31
P_00383,Yolanda Patel,1999-10-06,27,Female,B-,001-637-562-9745,"64687 Nancy Crescent, North Jerry",Blue Cross Blue Shield,001-581-487-6920x828,2024-02-19
P_00384,Amber Garrison,1994-10-05,32,Female,B-,+1-313-688-1588,"8220 Henry Villages Apt. 231, New Scott",Aetna Health,(381)757-2450x00000,2023-03-05
P_00385,Patrick Walsh,1969-10-05,57,Male,AB+,213-471-7850,"6184 Green Corner Apt. 998, Mitchellhaven",Humana,001-912-224-8905x67086,2024-10-22
P_00386,Amber Stanley,1954-10-05,72,Female,A-,465.851.5848,"136 Lauren Pass Apt. 550, Kyleburgh",Humana,001-560-880-7063,2024-03-30
P_00387,Lucas Stevens,1998-10-05,28,Male,O+,(609)382-2104x016,"4287 Gilmore Gateway, South Jennifer",Medicare,881.664.3212,2024-08-10
P_00388,Kelly Brewer,2008-10-05,18,Female,AB+,+1-646-642-0362x58631,"0646 Michael Terrace, Katherineton",UnitedHealthcare,(263)355-8243,2023-08-08
P_00389,Eric Conner,1973-10-05,53,Male,AB+,489-688-0315x3888,"279 Emily Junctions Apt. 404, East Sabrina",Medicare,553.484.9516,2024-09-23
P_00390,Brandon Dawson,1995-10-06,31,  Male  ,O+,987.518.0933x913,"5306 Jennifer Corner, Changmouth",Aetna Health,(317)786-8800x2300,2023-10-14
P_00391,Ashley Anderson,1943-10-06,83,FEMALE,AB-,+1-880-236-5774x491,"5952 Charles Rapids, Port Davidhaven",Medicare,+1-494-818-4336x8750,2024-01-27
P_00392,Robert Moore,1949-10-05,77,Male,AB+,799.782.1374,"14042 Shepard Canyon Suite 053, Wallschester",Aetna Health,(808)811-2600x30835,2024-05-29
P_00393,Brandon Pitts,2008-10-05,18,Male,O-,5626715312,"0688 Ryan Coves Suite 768, New Jason",Medicaid,544.901.3480x87354,2023-10-15
P_00394,Thomas Doyle,1953-10-05,73,Male,B-,226.703.3591x01570,"4920 Braun Prairie, South Katelyn",UnitedHealthcare,001-399-669-9648x997,2023-04-13
P_00395,Rachel Riley,1959-10-06,67,Female,O+,+1-593-425-9140x8499,"23426 Elliott Centers, Deantown",UnitedHealthcare,+1-472-561-7607,2023-08-13
P_00396,Terri Ramsey,1988-10-05,38,Female,A+,893.359.5382x80405,"996 Johnson Unions, South Brittany",Cigna,(382)564-1869x656,2024-01-03
P_00397,Karen Simmons,1966-10-05,60,Female,O-,+1-523-685-9514x34682,"002 Goodwin Alley Apt. 869, Solomonfurt",Medicaid,701-268-3113,2023-07-12
P_00398,Andrea Rose,1999-10-06,27,Female,A+,+1-541-949-1507x628,"205 Dana Groves Apt. 777, Peterton",Medicaid,001-972-966-2925x081,2023-08-27
P_00399,Thomas Hendrix,1990-10-05,36,Male,B+,001-391-540-6884,"73125 Espinoza Extension, West Ruth",Humana,(217)881-7032x1192,2023-05-14
P_00400,Nicole Young,1975-10-06,51,Female,AB-,652.677.8956x13371,"029 Williams Way Suite 480, South Joshuaton",Blue Cross Blue Shield,473.941.6781,2023-05-26
P_00401,Jonathan Palmer,1965-10-05,61,Male,B+,(310)521-7982,"629 Navarro Overpass Suite 363, North Melanie",Aetna Health,(285)960-5397,2023-12-11
P_00402,Leah Ball,1965-10-05,61,Female,AB-,(261)877-0673x68205,"22355 Christopher Lock, Alexismouth",Aetna Health,+1-471-346-9218,2023-06-28
P_00403,Brenda Bradley DVM,1984-10-05,42,Female,o+,001-290-489-8436x99848,"50938 Proctor Rapid, Williamport",Humana,+1-924-295-9881x1457,2023-07-01
P_00404,Jeremy Kelly,1950-10-05,76,Male,A-,(438)267-6738,"6191 Simpson Place Suite 682, Wagnerberg",Medicare,(258)893-7085,2024-09-18
P_00405,Michael Sparks,1985/10/05 00:00:00,41,Male,A-,(204)305-6695x790,"8255 King Pine, Murrayfurt",Humana,625.894.2328,2023-11-24
P_00406,Daniel Shepard,1983-10-06,43,Male,A-,+1-491-756-2415,"56292 Shah Forges Apt. 589, Curtishaven",Cigna,886-755-0784,2023-03-11
P_00407,Erica Freeman,1969-10-05,57,Female,o-,+1-944-430-3491x89117,"85934 Christopher Lakes, South Kyle",Medicare,947-315-5313x25936,2023-06-20
P_00408,Jessica York,1957-10-05,69,  Female  ,B-,7094421410,"9819 Hoffman Rapids Apt. 704, Davidhaven",Aetna Health,885.962.2586x60598,2024-08-14
P_00409,Douglas Huffman,1989-10-05,37,Male,A-,(875)785-4859,"942 Kevin Ridges Apt. 165, East Sarahtown",Blue Cross Blue Shield,5024453931,2023-11-23
P_00410,Samantha Esparza,1998-10-05,28,Female,A-,,"214 Mitchell Pike Suite 699, Thomasbury",UnitedHealthcare,(377)546-2025x82543,2023-03-18
P_00411,Carrie Daniels,1947-10-06,79,Female,O+,,"0183 Baker Estate, Lake Angela",Aetna Health,(908)927-6817x225,2023-06-18
P_00412,Nicole Cox,1954-10-05,72,Female,AB+,+1-947-826-2905x2918,"160 Jennifer Crest, Thompsonmouth",Cigna,+1-533-873-9920x52229,2024-02-24
P_00413,Tina Oconnor,1999-10-06,27,Female,o-,591-743-8823x25539,"6177 Robinson Valley Suite 430, Joseview",Aetna Health,001-279-412-7997,2024-08-08
P_00414,Jessica Martin,2007-10-06,19,  Female  ,O-,539-478-7137x52988,"12560 Glen Cape, Kathleenfort",Aetna Health,+1-478-588-9753x585,2024-11-08
P_00415,James Brown,1972-10-05,54,Male,A-,001-303-704-4361x99517,"91029 Kimberly Stream, Elizabethland",UnitedHealthcare,337-548-3093x0967,2023-03-25
P_00416,Kathryn Franklin,1983-10-06,43,Female,B+,326-902-2132,"2019 Darren Light Suite 122, North Christinaton",UnitedHealthcare,525.887.3393x049,2024-10-19
P_00417,Daniel Smith,1996-10-05,30,Male,B-,(374)681-2421,"682 Heath Ports, Tinaberg",Humana,+1-546-720-9355x610,2024-03-26
P_00418,Michael Crawford,1956-10-05,70,Male,AB-,7137712436,"4230 David Summit Apt. 027, South Davidburgh",Humana,838.274.0299x0716,2024-11-14
P_00419,Beverly Heath,1984-10-05,42,Female,O+,715.854.2034x03010,,Medicaid,,2023-03-04
P_00420,Randy Robles,1961-10-05,65,Male,A+,410.830.6831x76417,"081 West Drive, Port Jennifermouth",Medicaid,001-907-513-8067x130,2023-03-22
P_00421,Wayne Hess,1939-10-06,87,Male,O-,858-447-4362x1300,"857 Warner Ranch Suite 703, New Adamborough",Aetna Health,+1-339-562-7466x62159,2023-05-31
P_00422,Michael Alvarez,2003-10-06,23,Male,O+,2043666145,"79771 Johnson Summit, Brendaside",Aetna Health,001-281-694-9053x15204,2024/03/09 00:00:00
P_00423,Kyle Crawford,1977-10-05,49,Male,O+,(698)373-1379x7166,,Medicaid,362-638-9949x91970,2023-03-10
P_00424,Jessica Travis,1971-10-06,55,Female,O+,,"81359 Lester Creek Apt. 708, Sarahhaven",Blue Cross Blue Shield,3189644822,2023-01-13
P_00425,Sophia Boyd,1973-10-05,53,Female,A-,001-239-878-5708x2004,"7123 Elliott Hills Suite 112, Craigshire",Humana,629-268-8276x970,2023-04-13
P_00426,Dave Wilson,1949-10-05,77,Male,O-,596-415-6078,"8835 Gomez Tunnel Suite 962, Daniellechester",Medicaid,001-949-666-8349x604,2023-09-28
P_00427,Jill Hernandez,1990-10-05,36,Female,O+,516-622-5936x48820,"839 Nicole Dam Suite 672, Guzmanland",Blue Cross Blue Shield,(509)811-4131x93592,2024-09-25
P_00428,Cindy Cortez,1961-10-05,65,Female,AB+,3528304588,"025 Christensen Park Apt. 419, South Louiston",UnitedHealthcare,944.309.6617,2023-02-20
P_00429,Beth Green,10/05/1985,41,Female,A-,+1-498-308-8067,"74681 Mary Road Apt. 664, Jensenside",Humana,,2024-05-18
P_00430,Dean Edwards,1946-10-05,80,Male,O+,+1-701-319-2920x75360,"1603 Clark Island, South Theresa",Medicaid,+1-221-289-4559x0670,2023-11-25
P_00431,Marisa Turner,1954-10-05,72,Female,AB-,(848)694-2046,,Humana,+1-209-874-5338,02/21/2024
P_00432,Scott Wood,2007-10-06,19,Male,A+,(762)526-5401x6599,"62212 Kelly Track, Pattersonfort",Aetna Health,001-474-662-5916x011,2024-06-02
P_00433,Brett Watson,1954-10-05,72,Male,A+,948.986.0080x17986,"12995 Galvan Bridge, Seanchester",UnitedHealthcare,926-712-1203x843,2023-09-13
P_00434,Haley Chapman,1970-10-05,56,Female,A+,(380)578-5254x8242,"5400 Scott Shoal Suite 475, Port James",Aetna Health,,2024-10-12
P_00435,Stephanie Sanders,1997-10-05,29,Female,AB-,834.427.2038,"5080 Catherine Loaf, Port Bobby",UnitedHealthcare,530-669-3588x24935,2024-04-30
P_00436,Scott Boyer,1961-10-05,65,Male,O+,+1-418-616-7784x8165,"5446 Margaret Fords Suite 179, South Janet",Blue Cross Blue Shield,+1-910-653-9128,2023-04-03
P_00437,Nicolas Lara,1954-10-05,72,Male,B-,001-696-798-8290,"271 Franco Springs Apt. 463, Port Christopherside",UnitedHealthcare,001-564-524-2383x9728,2024-10-24
P_00438,Ashley Daugherty,1995-10-06,31,Female,A+,+1-587-406-2932x8809,"01023 Pamela Brook, Lake Alexamouth",Aetna Health,(661)500-8987x61081,2023-05-16
P_00439,Robert Roberts,1963-10-06,63,Male,O+,001-438-545-3198x0746,,Humana,396-271-5006x66641,2024-10-20
P_00440,Jenna Watson,1971-10-06,55,Female,O+,813-640-7851,"89058 Russell Plaza Apt. 482, Fergusonshire",Medicaid,001-596-826-9708,2024-11-24
P_00441,Kelly Reid,1939-10-06,87,Female,AB+,878-479-1505,"1976 Heather Freeway Apt. 012, Ibarrastad",UnitedHealthcare,789.482.6041x809,2024-01-19
P_00442,Richard Ward,1950-10-05,76,Male,ab+,351.377.7412x74692,"1996 Ryan Fall, East Carrie",UnitedHealthcare,758.691.7045x4218,2024-10-17
P_00443,Sandra Williams,1944-10-05,82,Female,O+,(882)509-2257x09001,"4072 Margaret Harbors Suite 282, Paigeview",Cigna,9015788224,2023-02-28
P_00444,Xavier Jones,1973-10-05,53,Male,O+,+1-350-371-0580,"92711 Lopez Common Apt. 537, Port Ashleyborough",Medicare,,2023-10-30
P_00445,Sandra Valdez,1975/10/06 00:00:00,51,Female,AB-,594.885.4329x87698,"94471 Huff Corners Apt. 734, East Rachelland",Cigna,5454025896,2024-08-08
P_00446,Steven Lewis,1940-10-05,86,Male,AB+,,"3983 Macdonald Plains Apt. 842, Laurenfurt",Humana,+1-846-728-0550x7740,2024-11-18
P_00447,George Miller,2003-10-06,23,  Male  ,AB+,(923)692-0908x5510,"913 Stephanie Courts, Maxwellfurt",Cigna,490-425-4760,2023-04-10
P_00448,Jennifer Oliver,1955-10-06,71,Female,B-,954.712.0122,"02601 Rodriguez Forest Apt. 594, Schultzmouth",UnitedHealthcare,9742071732,2023-12-10
P_00449,Michael Lawrence,1979-10-06,47,Male,AB+,(503)310-0649x340,"5203 Williams Ridge, Calebside",Medicare,791-435-9928x5535,2023-12-06
P_00450,James Johnson,1975-10-06,51,Male,B-,(979)990-0696x80186,"37842 Eileen Port Suite 495, North Aaron",Medicaid,,2024-09-27
P_00451,Carlos Myers,1965-10-05,61,Male,B+,617-784-2902x9233,"00906 Michael Avenue, Dixonbury",Aetna Health,2216166732,2024-02-28
P_00452,George Hester,1942-10-05,84,male,B+,859.688.7592x129,"0336 Laura Square, South Mitchell",Humana,421.547.7092x07115,2024-04-13
P_00453,Krista White,1940-10-05,86,Female,A+,(321)892-1581x89705,"86385 Pierce Common, Ashleymouth",Medicare,001-572-316-8800x537,2023-11-17
P_00454,Jaime Bender,1963-10-06,63,  Female  ,A-,497.228.4540x18227,"83948 Colleen Villages, East Elaine",Aetna Health,(404)314-4743,2023-06-12
P_00455,William Frye,1980-10-05,46,Male,A+,001-293-602-0203,"22775 Heather Cove, West Jennifer",Medicaid,8285165064,2024-05-03
P_00456,William Brown,1960-10-05,66,Male,A+,001-593-477-7569x198,"029 Robert Via, South Kennethton",Cigna,(698)331-0438,2024-06-27
P_00457,James Hernandez,1987-10-06,39,Male,AB+,831-767-0805,"7063 Spears Corner Suite 550, Biancaview",Aetna Health,207-666-3493x3965,2023-04-16
P_00458,Jamie Chavez,1951-10-06,75,Female,AB-,(626)526-1142,"258 Adams Drive Apt. 880, Averyville",Medicare,,2024-04-11
P_00459,Nathan Rivers,1985-10-05,41,Male,O+,572-350-5833x3430,"587 Johnson Stravenue, Mitchellmouth",Blue Cross Blue Shield,001-869-747-5769x45353,2023-07-12
P_00460,Wendy Nelson,1987-10-06,39,Female,B+,,"594 Lisa Ferry, Carlsonmouth",Blue Cross Blue Shield,(496)564-7213x074,2023-01-23
P_00461,Mitchell Archer,1979-10-06,47,Male,A+,826-314-0489x332,"4307 Robinson Trail Suite 310, New Debbieville",Medicaid,,2024-10-17
P_00462,Robyn Barrett,1940-10-05,86,Female,O+,001-226-887-4470x1732,"237 Chavez Ports Suite 656, East Taylor",Medicare,240-705-2781,2023-02-19
P_00463,Joseph Riggs,1967-10-06,59,Male,A+,7029722142,"60943 Kayla Forge, Riceland",UnitedHealthcare,420.231.3695x5286,2023-06-06
P_00464,Charlotte Barber,1974-10-05,52,Female,B+,535.525.9533x2227,"45735 David Manors, Millerstad",Medicare,4768108708,2024-09-29
P_00465,Rachel Martinez,2005-10-05,21,Female,O-,523.460.1071x26158,"6484 Mendoza Islands, Molinaberg",Aetna Health,(633)622-2801,2023-04-27
P_00466,Mrs. Wanda Hodge DDS,1944-10-05,82,Female,AB+,001-222-856-0629x535,"731 Amanda Groves, Suttonfort",Aetna Health,413-207-5384x185,2024-01-02
P_00467,Benjamin Hampton,1968-10-05,58,Male,A+,(760)884-6397,"4705 King Cliffs, Lake Donna",Blue Cross Blue Shield,(316)841-1955x640,2024-05-07
P_00468,Christine Morris,1974-10-05,52,Female,A-,+1-675-420-7020,"01971 Jessica Corners Apt. 413, Port Jennifer",Cigna,+1-367-489-7609x873,2023-06-02
P_00469,Steven Hall,1976-10-05,50,Male,A+,+1-922-876-0759x889,"39431 Crystal Light Suite 430, Hunterville",Blue Cross Blue Shield,(902)819-1505,2023-10-31
P_00470,Douglas Bowman,1977-10-05,49,Male,A-,870-900-2687x6448,"9797 Dyer Corners Suite 365, Vazquezton",Blue Cross Blue Shield,850-606-3553x730,2024-11-24
P_00471,Luis Mccarty,1962-10-05,64,Male,O-,711.995.2963x530,"55128 Steven Spring, South Kevin",Medicaid,859-748-9895,2023-06-24
P_00472,Jason Hamilton,1976-10-05,50,Male,O+,554-543-4414x9169,"9743 Wiley Greens Apt. 882, East Brandon",Medicare,486-329-7398x89413,2023-12-17
P_00473,Dr. Paige Griffin,1962-10-05,64,Female,B+,7215707548,"655 Mcbride Curve Apt. 030, West Joshuachester",Blue Cross Blue Shield,361-529-3900x2512,05/04/2024
P_00474,Joel Garrison,1959-10-06,67,Male,O-,(389)563-5957x086,"5843 Dominguez Locks, Walkerland",Humana,888.450.3423,2023-06-13
P_00475,Patrick Johnson,1948-10-05,78,Male,B+,,"79686 Antonio Turnpike Suite 294, Mullinston",Medicare,(217)674-1743,2024-09-18
P_00476,Fernando Moore,1989-10-05,37,Male,AB-,+1-850-722-8946,"5233 Abigail Drives, North Derek",Blue Cross Blue Shield,(256)591-3303,2023/03/06 00:00:00
P_00477,Jennifer Alexander,1964-10-05,62,Other,  AB-  ,001-716-575-0762x7995,"45301 Renee Street, Lisaburgh",Medicaid,903.342.0284,2023-08-18
P_00478,Rebecca Pacheco,1992-10-05,34,Female,O-,,"754 Rodriguez Turnpike Apt. 406, Daniellebury",UnitedHealthcare,+1-472-772-5812,2024-11-08
P_00479,Robert Richards,1943-10-06,83,  Male  ,B+,001-556-968-4482x373,"12110 Alyssa Passage, East Heidiside",Medicaid,(690)717-0740x39251,2024-09-19
P_00480,Fernando Blackwell,1993-10-05,33,Male,AB-,001-417-412-2276x43387,"4221 Thompson Springs, Ginaview",UnitedHealthcare,001-663-630-8334,2024-05-18
P_00481,Summer Smith,1972/10/05 00:00:00,54,Female,A-,887.789.9504x70205,"537 Scott Squares, South Ronald",Medicare,+1-432-795-6342x77752,2024-02-17
P_00482,Alan Miller,1994-10-05,32,Male,a-,(658)312-9205x9229,"6302 Stewart Shores, Hallbury",Medicare,626.229.4206x615,2024-05-25
P_00483,Juan Davis,2008-10-05,18,Male,A-,513.480.0498,,Humana,+1-315-782-6868x76401,2024-07-16
P_00484,Joshua Price,1976-10-05,50,Male,AB-,720-706-2987x7873,"646 Hampton Crest Suite 234, North Cheryl",UnitedHealthcare,001-462-621-3204x104,2024-11-18
P_00485,Rebecca Rodriguez,1977-10-05,49,Female,AB-,001-678-391-1797x2699,"318 Brian Wells, Hendersontown",Cigna,001-520-300-5328x5386,2024-09-26
P_00486,Mark Nguyen,1989-10-05,37,MALE,AB+,(443)883-8058,"990 Shannon Place, Martinmouth",Medicaid,001-363-732-8389x63376,2023-12-16
P_00487,Sophia Richmond,1992-10-05,34,Female,O+,001-462-467-1368x41013,"92188 Michael Ferry, Mclaughlinland",Blue Cross Blue Shield,,2023-06-18
P_00488,Robert Wright,2000-10-05,26,Male,B-,392-779-7617,"838 Bell Parks Apt. 026, Richardsonfurt",Cigna,+1-962-595-9125,2024-02-07
P_00489,Katie Cunningham,1998-10-05,28,Female,A-,(655)439-4607,"4729 Henderson Hollow, Port Samuelfurt",Humana,608.808.9747x4859,2024-10-10
P_00490,Tiffany Lee,1942-10-05,84,  Female  ,A+,+1-884-316-7347x853,"9804 Stewart Turnpike Apt. 860, Tammieville",Medicaid,2262270664,2023-05-18
P_00491,Cassidy Nichols,1947-10-06,79,Female,B+,758-913-0889x830,"883 Green Walk Apt. 856, North Edward",Cigna,750.500.3056x619,2024-05-09
P_00492,Tracy Howard,2003-10-06,23,Female,  AB-  ,918-249-3784x6790,"726 Anthony Roads, South Nathan",Medicaid,001-810-934-4442x990,2024-11-04
P_00493,Grant Henderson,1938-10-05,88,Male,AB-,(852)940-6221x5599,"6222 Chelsea Isle, East Sarah",UnitedHealthcare,+1-747-504-7476x4845,2023-10-08
P_00494,Gabriel Davis,1978-10-05,48,male,AB-,783.750.7124,,Cigna,527.772.6488,2024-06-08
P_00495,Michelle Morris,1980-10-05,46,Female,B+,922-794-2525x16185,"1050 Michael Rapid, West Shaneport",Cigna,973-353-5247x841,2023-10-25
P_00496,Elizabeth Shaffer,1967-10-06,59,Female,o-,001-573-944-9305,"31836 Morgan Cliff, East Margaret",Medicaid,,2023-04-29
P_00497,Dominique Peters,1980-10-05,46,Female,A-,,"378 Craig Port Apt. 567, West Joshua",Blue Cross Blue Shield,(571)877-6296x9143,2024-03-08
P_00498,Lindsey Scott,1996-10-05,30,Female,B+,(764)950-9999x0010,"083 Martin Squares, New Brookehaven",UnitedHealthcare,742-946-4884x9979,2023-10-01
P_00499,Thomas Watson,1962-10-05,64,Male,A+,001-975-995-8281x90221,"48839 Roach Mountain, West Karenhaven",UnitedHealthcare,345-414-3672x8681,2023-10-30
P_00500,Margaret Clark,1966-10-05,60,Female,O+,256.281.1939x78145,"77905 Hernandez Wall, Middletonshire",Aetna Health,235.715.8807,2023-08-18
P_00501,Michael Smith,1978-10-05,48,Male,o+,001-611-493-9103x8297,"1360 Hannah Islands Apt. 810, Markberg",Medicare,937-336-1587x3662,2024-11-11
P_00502,Gregory Le,1950-10-05,76,Male,AB+,(393)735-3900x5856,"3156 Allen Oval Apt. 551, South Kellyfurt",Aetna Health,+1-890-828-3772x70289,2023-02-25
P_00503,Greg Wright,1972-10-05,54,Male,B-,(281)364-4161,"3584 Clayton Canyon Suite 103, East Tracyborough",Humana,3426763628,2024-10-25
P_00504,Michael Chavez,1955-10-06,71,Male,B+,693.295.3096x90676,"88498 Hubbard Well, Karenstad",Cigna,635-587-2717,2023-03-18
P_00505,Walter Shaffer,1989-10-05,37,male,B+,+1-311-964-0343,"775 Jessica Forest, Campbellfort",Medicaid,804.213.0909x153,2024-07-23
P_00506,Carl Anderson,1970-10-05,56,Male,AB-,920-441-2319x057,"4100 Norris Villages, Coryborough",Medicaid,(645)338-1097,2023-06-08
P_00507,Thomas Thomas,1961-10-05,65,Male,AB-,587-409-8726x496,"1742 Keith Greens, East Robert",Blue Cross Blue Shield,889-300-3468,2024-11-08
P_00508,Daniel Wells,1972/10/05 00:00:00,54,Male,O+,(786)572-0200,"2195 Robert Plains Apt. 057, Jacobstown",Blue Cross Blue Shield,9175325900,2024-06-01
P_00509,Brandon Goodwin,1961-10-05,65,Male,B-,2729211386,"672 David Unions, Leslieview",Humana,001-661-571-9281x7074,2023-12-06
P_00510,William Thomas,1992-10-05,34,Male,B-,244.422.5216,"39412 Brandy Inlet Suite 726, East Emilychester",Cigna,+1-255-413-2761x7948,2024-11-15
P_00511,Gregory Holt,1990-10-05,36,MALE,AB+,001-385-716-0211,"68649 Scott Point, Moodyhaven",Blue Cross Blue Shield,+1-262-537-6008x84474,2023-04-27
P_00512,Matthew Bray,1963-10-06,63,Male,A+,001-319-807-4992,"06983 Franklin Stream Apt. 353, Amberhaven",UnitedHealthcare,(447)408-2139x86546,2024-06-04
P_00513,Alexandra Jones,1958-10-05,68,Other,A+,(537)220-5503,"08863 Manning Lodge, Allenville",Cigna,+1-200-288-9911x416,2023-06-21
P_00514,Savannah Davis,1940-10-05,86,Female,B-,001-923-227-3798,"85481 Castillo Green Suite 300, New Lisashire",Medicaid,343.736.1137x11815,2024-03-10
P_00515,Gary Thomas,1962-10-05,64,Male,AB-,001-542-703-4015,"6607 Brooks Ports, Justinview",Blue Cross Blue Shield,(367)420-1082x4028,07-06-2023
P_00516,Matthew Palmer,1955-10-06,71,Male,B-,+1-640-726-2085x817,"3536 Moore Forges, Wendytown",UnitedHealthcare,7413291828,2024-07-25
P_00517,Michael Mays,1984-10-05,42,Male,A-,+1-425-559-0461x0079,"6600 David Gardens, South Christopher",Medicaid,423-229-6151,2023-11-20
P_00518,Dennis Patel,2008-10-05,18,Male,A-,(407)466-5344x604,"3460 Christy Isle Apt. 057, Lake Kyle",UnitedHealthcare,(443)458-6176,2024-08-22
P_00519,Peter Brady,1989-10-05,37,Male,O-,(872)767-0866,"24197 Phelps Mills Suite 947, Gallegosburgh",Medicare,001-603-950-0618,2023-03-30
P_00520,William Martinez MD,1965-10-05,61,Male,O+,734-804-6682x121,"525 Andrews Extensions Apt. 644, Port Davidfort",Humana,001-738-681-8273x06343,2024-06-30
P_00521,Sean Drake,1986-10-05,40,Male,A+,001-718-384-9680x6640,"21254 Diana Harbors, Port Jessicabury",Medicaid,5169049860,2024-10-25
P_00522,Micheal May,1991-10-06,35,Male,A-,260.303.2031x97899,"0034 Li Garden, Port Hannahville",UnitedHealthcare,,2024-09-02
P_00523,Maria Bruce,1979-10-06,47,Female,B+,+1-478-355-0113x7535,,Aetna Health,001-937-416-1608x819,2024-10-23
P_00524,Christina Larson,2003-10-06,23,Female,A+,001-896-347-7183x75307,"48085 Owens Parkway, North Geoffreyview",Humana,+1-843-723-6221x69069,2023-07-05
P_00525,David Estrada,1991-10-06,35,Male,A-,7674516913,"0164 Paul Avenue, Penningtonborough",Aetna Health,550.484.2431,2024-11-18
P_00526,Scott Gordon,1970-10-05,56,Male,A-,700.541.6910,"15167 Gallagher Station, Wolfefurt",Aetna Health,001-233-395-3481x105,2023-08-29
P_00527,Desiree Jimenez,1968-10-05,58,Female,B+,727-389-6157x385,"177 Aguirre Dale, New Nathan",Medicaid,001-278-915-5426,2023-11-10
P_00528,Nicholas Smith,1997-10-05,29,Male,B-,346-254-6772x0517,"08715 Trujillo Throughway Suite 837, East Connormouth",Cigna,838-202-7414x8572,2023-11-17
P_00529,Carrie Green,1995-10-06,31,Female,O-,001-668-462-7288x40766,"6327 Michele Squares, West Jared",Medicare,+1-867-962-5923,2023-12-06
P_00530,Jennifer Powers,1971-10-06,55,Female,A-,7487869320,"0508 Thomas Ports, Harmonmouth",Humana,+1-976-940-5356x707,2023-06-29
P_00531,Gregory Moore,1956-10-05,70,male,A-,590-838-4227,"3202 Sherry Drive, Garcialand",Cigna,,2023-07-21
P_00532,Debra Tran,1975-10-06,51,Female,B-,001-283-505-2169,"02698 Cody Grove, Lake Raymond",Blue Cross Blue Shield,510.968.0177x0316,2024-08-18
P_00533,Andrew Peterson,1967-10-06,59,Male,B-,4046933267,"9317 Anna Tunnel Suite 638, New Jeffreyshire",Humana,7653402599,2023-06-02
P_00534,Daniel Jacobs,1968-10-05,58,Male,A+,(372)872-8129,"0496 David Meadows, Chavezmouth",Cigna,(672)784-5397,2024-02-11
P_00535,Nathan Wagner,1963-10-06,63,Male,B+,+1-464-206-7560,"192 Gabriel Trail, West Kimberlyport",Aetna Health,590.444.8909,2024-06-10
P_00536,Gregory Lee,1945-10-05,81,Male,O-,720.723.5102,"19354 Hogan Springs Apt. 369, Heatherborough",Aetna Health,+1-233-232-4362x962,2023-02-11
P_00537,Nicole Ryan,2006-10-05,20,female,AB-,+1-831-724-4129x0759,"12376 Charles Mount, Briannaview",Medicare,(510)962-9419,2023-07-31
P_00538,William Davis,1993-10-05,33,Male,AB+,(526)871-3175,"4752 King Cove, Lake Anthony",Humana,+1-761-473-0099x284,2024-10-26
P_00539,Corey Thornton,2000-10-05,26,Male,A-,553-455-0514,"143 Zachary Mills, Lowerymouth",Medicaid,+1-524-679-2542x2188,2024-10-31
P_00540,Megan Graves,1961-10-05,65,Female,AB-,+1-219-820-4877,"693 Nicole Throughway Apt. 998, Gomezstad",Medicare,+1-702-557-8464x085,2023-12-28
P_00541,Joshua Kaufman,1966-10-05,60,Male,B-,767-626-2084x67292,"551 Jackson Estate, East Molly",Blue Cross Blue Shield,,2023-05-23
P_00542,Philip Gilmore,1992-10-05,34,Male,A-,+1-201-222-3414x9929,"2702 Ross Greens Suite 095, Leeland",Cigna,540.403.9101x9335,2023-06-11
P_00543,Elizabeth Ford,1963-10-06,63,Female,O-,493-960-0608,,Aetna Health,001-885-300-9537x234,2024-05-08
P_00544,Jeffery Thomas,2003-10-06,23,Male,B+,613.336.1094,"2316 Hill Viaduct Suite 137, South Terry",Aetna Health,(285)676-0634x9429,2023-02-14
P_00545,Robert Kennedy,1992/10/05 00:00:00,34,Male,B+,418-287-0179x99324,"8374 Ingram Club, Jacksonview",Medicaid,(765)638-6947x902,2023-06-20
P_00546,Jacqueline Perez,1996-10-05,30,Female,A-,001-226-289-0472x38641,"85574 Christopher Stream Suite 359, Port Laurenshire",Aetna Health,001-937-681-4604x76143,2024-11-08
P_00547,Joyce Foster,1994-10-05,32,Female,B+,(318)775-6467x2636,"185 Shawna Drive Suite 729, North Kimberlyport",Medicaid,507-586-0435x66050,2024-02-25
P_00548,Suzanne Vargas,1986-10-05,40,Female,A-,930.367.7306,,Aetna Health,+1-886-553-8590x6739,2024-04-09
P_00549,Robin Horton,1996-10-05,30,Female,O+,001-498-376-0550x492,"48618 Vega Mills Apt. 663, Port Bruce",Humana,462-390-7399,2024-06-19
P_00550,Lacey Herrera,1974-10-05,52,Female,A-,(971)382-6533,"086 Bishop Extension Suite 942, East Jennifershire",Blue Cross Blue Shield,+1-631-735-4901,2024-09-21
P_00551,Lisa Barnes,1973-10-05,53,Female,O+,5692219587,"9824 Anna Passage Suite 302, South Jennyville",Medicaid,(878)606-6431x58901,2023-01-02
P_00552,Kevin Sharp,05-10-1962,64,Male,O-,(981)250-3701,,Humana,726.228.2968x244,2024-03-15
P_00553,Alec Thomas,1966-10-05,60,Male,O-,395.892.7411x68069,"76620 Alyssa Ville, East Colleenmouth",Humana,8264344435,2024-03-11
P_00554,Geoffrey Boyd,1976-10-05,50,  Male  ,B-,201.320.4242x5369,"75302 Hudson Lodge, East Chelseamouth",Blue Cross Blue Shield,7247365240,2024-07-10
P_00555,Pamela Scott,1967-10-06,59,Female,AB-,001-718-975-4036x48821,"85466 Yolanda Crossroad Apt. 606, Romanhaven",Medicare,(449)812-5949x72204,2024-01-20
P_00556,Tyrone Elliott,1973-10-05,53,Male,O+,(806)466-1799,"6999 Brianna Street, East Malik",Medicaid,+1-476-788-7779,2023-09-17
P_00557,Jeffrey Turner,1981-10-05,45,  Male  ,O-,348.720.8493,"839 Eric Crossroad, Smithtown",Aetna Health,644-507-6291,2023-07-28
P_00558,Shelby Simon,1982-10-05,44,Female,O+,001-913-741-0389,"872 Brittany Plains, Newmanfurt",Cigna,522-240-5920x8235,2023-11-11
P_00559,John Simmons,2004-10-05,22,Male,B+,,"75307 Ortiz Pine, Armstrongfort",Blue Cross Blue Shield,(440)743-4741,2023-08-24
P_00560,Angel Lee,1950-10-05,76,Female,A+,+1-795-261-0077x73217,"1920 Heather Village, New Jamesfort",Aetna Health,637.903.4244,2024-09-20
P_00561,Lisa Chan,1958-10-05,68,Female,O+,760.378.6235x1076,"0851 Neal Shoals, Port Amanda",Blue Cross Blue Shield,(214)756-3409x185,2024-04-27
P_00562,Natalie Daniel,2006-10-05,20,Female,O+,357-844-9653,"770 Justin Radial, Port Laurie",Medicaid,001-445-341-8403x982,2023-02-08
P_00563,Allison Clark,1992-10-05,34,Female,O-,(262)403-8588x6407,"2951 Campbell Mews Apt. 335, Andersonton",Blue Cross Blue Shield,897.944.0880,2023-06-29
P_00564,Michelle Jacobs,1977-10-05,49,Female,B-,309.520.1991x8431,"6115 Spencer Points, West Frankfurt",Medicaid,421.419.6047,2023-02-04
P_00565,Courtney Stein,1980-10-05,46,Other,A-,+1-907-374-5447x08231,"1995 Barbara Manor Suite 662, Whitemouth",UnitedHealthcare,001-296-405-3026x184,2023-01-01
P_00566,Robin Solomon,1985-10-05,41,Female,A-,5362860506,"3605 David Pines Apt. 640, North Micheleshire",Blue Cross Blue Shield,4912203025,2023-07-25
P_00567,Gerald Barker,1943-10-06,83,Male,AB+,001-875-297-9531x92600,"5745 Shepherd Roads, North Luis",Aetna Health,001-389-844-5381x1808,2023-12-23
P_00568,Gregory Lewis,1961-10-05,65,Male,A-,256-762-2952x1797,"0361 Pittman Inlet Suite 070, Shaneberg",Medicaid,001-566-202-3515x85015,2023-09-25
P_00569,Crystal Swanson,1950-10-05,76,Female,AB+,967-215-6058,"24413 Brittany Inlet Suite 940, Schmittstad",Cigna,315.879.0571,2024-06-09
P_00570,Natasha Evans,1945-10-05,81,Female,O-,001-969-636-5618x335,"8057 Kelsey Gardens Suite 718, Johntown",Cigna,+1-419-922-0956x7333,2023-12-14
P_00571,Michael Clark,1966-10-05,60,Male,B-,(444)602-8253x2676,"7392 Jennifer Ways, Deniseton",Cigna,(832)509-1401,2023-09-22
P_00572,Rebecca Black,1947-10-06,79,Female,AB+,723-747-1998x2907,"4526 Robin Mills, Samuelland",Aetna Health,583.410.0643,2024-06-12
P_00573,Peter Haney,1969-10-05,57,Male,B+,001-822-877-7733x1680,"707 Jared Lake Apt. 360, Christinaburgh",Medicare,+1-684-224-1074x027,2023-12-17
P_00574,Sheila Kennedy,1985-10-05,41,Female,B-,001-258-526-7625x90620,"85646 Justin Mission Suite 597, North Alexandra",Medicare,699.879.8491,2024-11-30
P_00575,Patrick Oneal,1953-10-05,73,Male,B-,604-893-2664x32239,"12898 Donna Cove, Christinaside",Humana,634-900-1276x22398,2023-07-31
P_00576,Samantha Hickman,1997-10-05,29,Female,O-,(456)478-7188,"8870 Sandoval Vista, Carloshaven",Medicaid,9616349564,2023-03-22
P_00577,Paul Nguyen,1943-10-06,83,Male,AB-,(879)349-6383x09723,"092 Miller Locks, North Corey",Medicare,955-778-6457x86555,2024-05-08
P_00578,Tracy Scott,1983-10-06,43,Female,B+,(240)700-6875x86824,"6545 Eric Glens, Jordanhaven",Blue Cross Blue Shield,001-897-840-2338,2023-08-16
P_00579,Patricia Copeland,1945-10-05,81,Female,O+,501.870.3630x9442,"05089 Anthony Rest, Julieborough",Humana,490-696-1979x797,2023-02-03
P_00580,Brittany Adams,1974-10-05,52,Female,A+,256.994.8045,"6748 Ashley Parks, New John",Cigna,6596802602,2023-11-20
P_00581,Shelby Gates,1984-10-05,42,Female,B+,215.989.2584,"2031 Ortega Mountains, Amandamouth",Medicaid,(295)414-1864x823,2024-09-19
P_00582,Francisco Davidson,1945-10-05,81,Male,  O-  ,(884)619-6233x2605,"6748 Corey Mills, Lake Aaron",Medicare,(629)431-5181x7882,2023-12-18
P_00583,Rodney Underwood,1984-10-05,42,Male,B+,,"237 Shannon Parkway Apt. 223, Sheltonshire",Medicaid,6069548708,2024-02-15
P_00584,Lauren Warner MD,1953-10-05,73,Female,O+,267.955.3981x889,"8159 Luke Rapids, New Biancastad",Humana,296.426.8384x88763,2023-10-04
P_00585,Michael Ross,1973-10-05,53,Male,O-,(739)361-2190,"98861 Lisa Burg, Smithfurt",Aetna Health,(490)810-7923x7298,2023-01-10
P_00586,Steven Walker,1950-10-05,76,Male,A+,001-786-949-7035x067,"335 Vaughn Bridge Suite 731, Port Linda",Medicare,715.455.0570,2023-11-04
P_00587,Joseph Williamson,1979-10-06,47,Male,A-,+1-638-344-4045x88311,"0123 Rosales Flat Suite 871, Courtneyfurt",Medicare,001-689-610-9779x78023,2023-09-18
P_00588,Jose Baker,10/05/1970,56,Male,O+,794.903.6640x1632,"8315 Diaz Squares, New Renee",Blue Cross Blue Shield,+1-727-631-8683x02915,2023-09-21
P_00589,Whitney Perez,1997-10-05,29,Female,B+,(541)865-1854,"73446 Fletcher Loaf Apt. 159, Amyland",Humana,+1-374-391-6170x5022,2024-08-12
P_00590,Kristen Brewer,05-10-1970,56,Female,O+,913-644-7609x4837,"292 Roberts Route, East Kelli",Medicaid,3265509962,2024-04-02
P_00591,Jodi Martinez,1956-10-05,70,Female,AB-,001-266-466-1025x6342,"34998 Charles Fords, Stantonside",Medicare,367.759.0177,2024/10/17 00:00:00
P_00592,Eric Olsen,1996-10-05,30,Male,AB-,344-909-2335,"5642 Li Creek Suite 372, Robinsonshire",Cigna,001-956-995-5922,2023-12-18
P_00593,Shirley Cain,1971-10-06,55,Female,AB-,690-603-8502x5513,"672 Amanda Plain Apt. 904, Fischerbury",Cigna,545-446-1574,2023-10-05
P_00594,Brian Horton,1992-10-05,34,Male,B-,001-478-287-9531,"95437 Curtis Manors Apt. 830, Wayneton",Cigna,787-331-4391,2023-01-24
P_00595,David Hamilton,1979-10-06,47,Male,A-,+1-962-310-7818,"685 Turner Isle, Combschester",Medicare,+1-280-826-9331x5423,2024-02-11
P_00596,Cody Brown,1975-10-06,51,Male,B+,865.850.5224x11420,"15145 Andrew Wall Suite 633, East Derek",Blue Cross Blue Shield,(440)205-3922,2023-03-27
P_00597,Brenda Johnson,1972-10-05,54,Female,B+,+1-590-411-3484x33913,"86132 Jessica Glens Suite 645, East Kevin",Medicaid,,03/29/2024
P_00598,Amy Patrick,1990-10-05,36,Female,O-,(936)577-3498x529,"1526 Watson Isle Apt. 476, West Kristin",Humana,+1-880-796-6414x7533,2023-11-30
P_00599,Shawn Waters,1976-10-05,50,Male,O-,766-553-5389x629,"3679 Kenneth Junction, Millermouth",Cigna,+1-863-583-5434x6858,2024-07-06
P_00600,Allison Glover,1965-10-05,61,Female,B-,(382)749-7939x9816,"811 Prince Passage, Lake Steven",Humana,9304737260,2023-12-22
P_00601,Raymond Hahn,1983-10-06,43,Male,A+,,"46394 Sanders Islands, Maryshire",Medicaid,,09-06-2023
P_00602,Samantha Baker,1971-10-06,55,Female,O-,+1-811-526-6497x19670,"3910 Stephanie Coves, West Kristen",UnitedHealthcare,001-201-363-9949,2024-05-18
P_00603,Crystal Stanton,1969-10-05,57,Female,B-,276.673.4814,"016 Burke Camp, West Reginaland",Medicare,660-449-9100,2023-01-08
P_00604,Andrew Moreno,1991-10-06,35,Male,O+,(561)668-0199x03421,"8420 Luis Club Suite 079, South Maryshire",Aetna Health,,2024-10-23
P_00605,Sherri Patton,1989-10-05,37,female,AB+,394-602-4702,"28745 Regina Square, Port Sarahborough",UnitedHealthcare,(278)957-6463x91381,2024-09-19
P_00606,Wesley Sandoval,1991-10-06,35,Male,AB+,(319)742-3215x4013,"0696 Paul Lodge, Lisamouth",Blue Cross Blue Shield,(652)974-1025,2023-03-12
P_00607,Austin Zimmerman,1968-10-05,58,Male,A+,001-889-694-8856,,Aetna Health,001-784-222-7172x66256,2024-05-18
P_00608,Shane Alvarez,1955-10-06,71,Male,O-,+1-901-344-1306x86240,"66890 Mcneil Unions, South Derekberg",Cigna,4764238115,2023-10-16
P_00609,Juan White,2008-10-05,18,Male,AB+,+1-524-708-4752,"04108 Chavez Unions Apt. 351, East Michaeltown",Humana,001-753-957-2289x20641,2023-08-11
P_00610,Andrew Malone,1938-10-05,88,Male,B+,630.328.0104x19453,"81447 Marsh Heights Apt. 802, Lake Williamside",Blue Cross Blue Shield,+1-330-463-5780x378,2023-12-05
P_00611,Rodney Oliver,1969-10-05,57,Male,AB+,001-774-936-9905x585,"940 Lopez Street Apt. 696, Lake Kennethberg",Humana,998.660.6106x56733,2023-07-05
P_00612,Steven Miller,1957-10-05,69,Male,O-,727-561-3681x49802,"437 Gilbert Estates, Phillipsport",Aetna Health,,2023-09-12
P_00613,Randall Hill,1968-10-05,58,Male,AB+,724.715.5369x158,"9062 Hart Lane Apt. 242, Shannonbury",UnitedHealthcare,001-433-829-5945x23158,2023-08-02
P_00614,Diana Buck,1964-10-05,62,Female,AB+,(496)362-9917,"2922 Kevin Lodge Suite 821, Gabrielleshire",Medicare,(466)793-7063,2024-07-16
P_00615,Tricia Martinez,1959-10-06,67,Other,B-,492.480.4850,"1901 Dawn Forest, Christinefort",Cigna,+1-371-890-0002x956,2023-08-12
P_00616,Ryan Bennett,1955-10-06,71,Male,B-,001-447-518-5594x079,"5323 Suzanne Run, Owensside",Blue Cross Blue Shield,001-714-556-4743x70194,2024-08-21
P_00617,Michael Garcia,1963-10-06,63,Male,a-,477-966-6505,"20928 Lori Rue Suite 780, Bateston",Aetna Health,(223)811-6787,2024-09-02
P_00618,John Patterson,1974/10/05 00:00:00,52,Male,AB-,632-723-7185x92126,"71142 Lee Canyon Apt. 375, New Karen",Cigna,001-823-813-2465,2024-10-02
P_00619,Cameron Mendoza,2004-10-05,22,Male,AB-,+1-341-778-3765,"201 Kimberly Shores, Port Paulstad",Humana,(366)442-6735,2023/08/27 00:00:00
P_00620,Wendy Stewart,1972-10-05,54,Female,AB+,(933)675-6569x764,"24945 Andrew Lodge Apt. 506, New Robert",Blue Cross Blue Shield,(585)712-0627x6729,2024/01/02 00:00:00
P_00621,Louis Silva,1979-10-06,47,Male,B+,844.721.2914,"23477 Justin Key, Sharpmouth",Medicaid,(551)484-0703,2024-05-16
P_00622,Jodi Becker,1985-10-05,41,Female,B+,(333)872-0945,"7063 Mccoy Skyway Apt. 863, North Carlosberg",Blue Cross Blue Shield,(600)584-8426,2024-09-05
P_00623,Paul Henderson,1951-10-06,75,Male,A+,896.208.2896x713,"494 Mcdowell Rapid Apt. 085, Ramirezton",Humana,732-249-5193,2024-07-08
P_00624,Tracy Baxter,1955-10-06,71,Female,B-,215-246-1758,"890 Scott Cliff, West Bryanbury",UnitedHealthcare,,2024-09-26
P_00625,Maria Woods,2006-10-05,20,Female,B+,755.880.3090x168,"1778 Johnson Rest Apt. 271, Merritthaven",Medicaid,001-883-371-6115x866,2024-11-30
P_00626,Laura Serrano,1985-10-05,41,Female,A-,(275)798-3326x1705,"3458 Brianna Manors, Scottberg",Blue Cross Blue Shield,+1-453-653-3998,2023-04-09
P_00627,James Thomas,1988-10-05,38,Male,A+,975.580.1584x668,"02853 Rachel Mountain, South Karen",Medicaid,(698)834-5150x25285,2024-05-12
P_00628,David Lara,1968-10-05,58,Male,AB-,930.989.7207x382,"1184 Luis Square Suite 863, Port Carrietown",Aetna Health,512.210.2423x447,2024-08-27
P_00629,Matthew Allison,1961-10-05,65,Male,A+,001-777-819-6199x716,"6764 Catherine Stream Suite 833, Kimberlytown",UnitedHealthcare,5959224265,2023-03-23
P_00630,Tina White,1947-10-06,79,Female,AB+,,"360 Matthew Turnpike Apt. 150, North Chadberg",Medicaid,(900)580-2658x93475,2023-03-01
P_00631,Donna Mason,2007-10-06,19,Female,A-,857.919.2149,"6386 Farrell Springs, Port Eric",Blue Cross Blue Shield,417.626.6528,2023-08-10
P_00632,Gary Garrison,2001-10-05,25,Male,B+,001-227-824-0002,"46051 Anita Junction, Jaredberg",Medicaid,216.330.3356x3693,2024-11-03
P_00633,Anthony Johnson,1957-10-05,69,Male,O-,3892931878,"028 Matthew Harbors Apt. 589, New Felicia",Cigna,+1-430-243-7661x366,13-08-2024
P_00634,Robert Taylor,1955-10-06,71,MALE,AB-,(968)215-9474,"311 Tiffany Springs Apt. 309, Crawfordborough",Cigna,,2024-07-17
P_00635,Jennifer Boyer,1946-10-05,80,Female,AB-,+1-501-867-6718x7762,,Humana,(292)526-6678,2023-11-19
P_00636,Jennifer Herring,05-10-1984,42,Female,B-,322-489-8907x49935,"9777 Ryan Rapids Suite 640, New Mike",Medicare,001-580-350-1417x1657,2023-11-28
P_00637,Charles Bernard,1976-10-05,50,Male,O+,(265)218-8711x486,"09244 Alexandra Mission Suite 570, Lake Allen",Blue Cross Blue Shield,(393)801-1250,2024-04-08
P_00638,Andrew Hill,1966-10-05,60,Male,B-,001-506-895-2223,"80620 Kimberly Parks, North Shelby",Aetna Health,226-762-4975x374,2023-11-06
P_00639,Rachael Davis,1938-10-05,88,Female,b+,+1-544-769-5674x0687,"5345 Juan Shoal Suite 886, Sarahaven",Blue Cross Blue Shield,848.434.8358,2024-07-20
P_00640,Sandra Lewis,10/06/2007,19,Female,B-,(648)553-2077x5870,"698 Diane Run, Kevinchester",Aetna Health,+1-458-605-0450x509,2024-01-11
P_00641,Carmen Carson,1971-10-06,55,FEMALE,A-,9739429390,"729 Nelson Turnpike, Elizabethtown",Cigna,380.716.2585,2024-08-05
P_00642,Brandi Terry,1968-10-05,58,Female,A-,7455028143,"79433 Oliver Village, Jacobville",Medicaid,723-459-0426,08/13/2024
P_00643,Ruth Hernandez,1990-10-05,36,  Female  ,AB-,(762)651-0857x38385,,UnitedHealthcare,001-570-962-7281x673,2023-02-27
P_00644,Anna Bridges,1957-10-05,69,Female,A+,457-856-2641,"481 Myers Bridge, South Ashleyland",Cigna,+1-663-703-9951x670,2023-08-21
P_00645,Erin Gilbert,1996-10-05,30,Female,AB-,001-582-626-7312,"880 Shaw Vista, Lake Kellyberg",Medicaid,4254936450,2024/07/06 00:00:00
P_00646,Cynthia Sanchez,1975-10-06,51,Other,A-,(375)357-6729,"9044 Paula Pike Apt. 436, Jeffreyland",Aetna Health,8294771150,2024-02-07
P_00647,Brian Nunez,1995-10-06,31,Male,A+,492.365.1732x816,"873 Eric Ramp, South Ashley",Medicaid,757-437-6710,2023-12-11
P_00648,Melanie Freeman,1974-10-05,52,Female,O-,245.299.1530x445,"26838 Peters Bypass, Lake Shelby",Medicaid,,2023-05-14
P_00649,Michelle Harris,1969-10-05,57,Female,B-,(575)441-8236x88101,"10513 Juan Circle Apt. 842, North Corey",Aetna Health,+1-382-853-2083,2024/07/28 00:00:00
P_00650,Nathaniel Walsh,1986-10-05,40,Male,O+,860.238.9173,"894 Patterson Ferry Apt. 005, North Jonathan",Medicare,001-210-770-7163x485,2024/08/12 00:00:00
P_00651,Daniel Smith,1985-10-05,41,Male,AB+,(911)491-9445x456,"5619 Shawn Parks Apt. 377, Lake Karinahaven",Aetna Health,562.263.9561x26678,2024-11-02
P_00652,Johnny Ellis,10/05/1962,64,Male,B-,688.874.0223,"4662 Coleman Stream, North Kenneth",Aetna Health,+1-311-876-1421x52483,2024-03-27
P_00653,Omar Clark DVM,1997-10-05,29,Male,B+,970-246-5689x698,"8830 Joshua Forges, Vegabury",Humana,(731)559-2291x2706,2023-02-25
P_00654,Andrew Baker,1938-10-05,88,Male,A+,,"81796 Melanie Neck, Ericahaven",UnitedHealthcare,+1-784-497-4997x990,2023-11-09
P_00655,Brandy Henry,1979-10-06,47,Female,O-,348-265-6581,"73563 Victoria Flats Apt. 297, Marissamouth",Medicaid,(961)369-4963,2024-06-19
P_00656,Sara Lewis,2004-10-05,22,female,A+,001-999-390-6820x130,"5321 Walker Spurs Apt. 613, South Christinahaven",UnitedHealthcare,749-700-4903x72954,2024-08-19
P_00657,Glenn Fisher,1954-10-05,72,Male,O-,499.481.2743,"1741 Marcus Wells Apt. 476, North Lori",Cigna,(636)701-8639,2024-09-24
P_00658,Roger Cummings,1989-10-05,37,Male,  A-  ,+1-545-231-5630,"685 Debra Meadow Suite 598, Taylorview",Blue Cross Blue Shield,001-808-399-2177x3516,2024-11-06
P_00659,Christine Mccarty,1977-10-05,49,Female,A-,636.470.7217x3402,"241 Lisa Circle, Nunezbury",UnitedHealthcare,(636)654-0181,2024-01-25
P_00660,Elizabeth Stanton,1993-10-05,33,Female,O-,720-324-3509x476,"861 Butler Harbor, New Leahport",Medicaid,547-953-9891,2023-07-23
P_00661,Eric Fields,1990-10-05,36,Male,B+,851-790-8261x1035,"99202 Timothy Station Suite 696, Port Gary",Blue Cross Blue Shield,(233)586-1941x183,2024-05-16
P_00662,Elizabeth Ramirez,1970-10-05,56,Other,AB+,+1-624-506-6283x4633,"3751 Graham Ridge, Jessicahaven",Humana,(254)924-3826x92855,2023-08-30
P_00663,Gina Wall,1948-10-05,78,Female,AB+,001-952-288-9594,"696 Murphy Islands, Port Michellefurt",Aetna Health,404-971-8830x09954,2023-01-31
P_00664,Denise Mitchell,1961-10-05,65,Female,B-,001-996-268-6679x8994,"170 Silva Corner Suite 971, North Tabithaborough",Medicare,847.215.6756x65051,2023-03-31
P_00665,James Bates,1947-10-06,79,Male,B+,292-634-3596x985,"56693 Cooper Cape Apt. 428, Jonesside",Aetna Health,001-225-571-4025,2024-09-11
P_00666,Seth Duarte,1939-10-06,87,Male,B+,(226)848-1638x49368,"8530 Andrew Common, South Andrea",Medicare,(795)819-3048x5277,2023-05-22
P_00667,Anthony Robinson,1942-10-05,84,Male,A-,862-503-6344x43946,"81233 Gonzales Manor, South Jenniferton",Aetna Health,431.874.4577x626,2023-11-22
P_00668,Jenna Medina,1961-10-05,65,Female,O+,001-608-698-9774x759,"8529 Allison Mission, Cobbtown",Medicare,001-837-967-6874x04207,2023-11-23
P_00669,Eric Wallace,1940-10-05,86,Male,B-,241.215.7330,"406 Ross Stream, East Julie",Blue Cross Blue Shield,001-845-838-5653x5232,2023-10-08
P_00670,Lynn Sexton DDS,1975-10-06,51,  Female  ,B-,5046709110,"1199 Bass Common Apt. 815, Lake Suzanne",Medicaid,966-214-4776x186,2024-09-12
P_00671,Joel Silva,1987-10-06,39,Male,O-,(768)229-0525x6599,"2330 Audrey Ferry, Hendersonport",Cigna,4543739862,2024-05-03
P_00672,Henry Robinson,1962-10-05,64,MALE,B-,586-560-4747,"7852 Gibson Way, Mariatown",Blue Cross Blue Shield,959.544.1023,2023-05-21
P_00673,Wendy Medina,1952-10-05,74,female,B-,001-566-247-7413x1351,"8534 Barton Place, West Jasonhaven",Humana,001-685-321-7895x59909,2023-08-16
P_00674,Tricia Spencer,1946-10-05,80,  Female  ,O-,(355)581-6759x2383,"918 Jessica Flat Apt. 463, Davidburgh",Aetna Health,721-495-9730x9121,2024-05-16
P_00675,Cheryl Davis,1963-10-06,63,Female,O+,746-513-3155,"53030 Phillips Mission, Patelville",Medicaid,9968598455,2024-01-25
P_00676,Michael Young,1938-10-05,88,Male,O-,654-718-2991x2699,"64191 Robert Cove, Hendrixfurt",Humana,001-491-800-8224x216,2024-06-17
P_00677,Tammy Hernandez,1972-10-05,54,Female,A+,475-262-6996,"479 Julie Branch, Ashleyberg",Aetna Health,+1-657-722-8703x22007,2023-02-10
P_00678,Nicholas King,1951-10-06,75,Male,O+,787.412.9514,"8028 Smith Light, West Andreaburgh",UnitedHealthcare,(840)765-4747,2023-10-20
P_00679,Kevin Scott,1967/10/06 00:00:00,59,Male,A-,289-385-6643,,Aetna Health,+1-906-622-9011x38604,2024-10-23
P_00680,Jeremy Khan,1988-10-05,38,Male,B-,001-599-403-8035x14895,"1914 Lamb Street Apt. 534, Andersonbury",Medicare,001-551-467-3095,2023-01-26
P_00681,Jennifer Smith,1970-10-05,56,Female,  A-  ,+1-448-486-8656,"822 Jennifer Alley Apt. 832, West Jason",Blue Cross Blue Shield,(888)656-8467x67809,2023-06-17
P_00682,Kristen Castillo,1979-10-06,47,Female,B+,349-959-7521x353,"5928 Hill Station Suite 411, Tarafurt",Medicare,,2024-06-20
P_00683,Emily Saunders,1955-10-06,71,Female,b+,001-564-719-6789x63009,"16301 Johnston Run, East Sandra",Aetna Health,(928)848-3492,2024-08-02
P_00684,Anthony Fuller,2004-10-05,22,Male,O-,001-346-701-8040x33480,"3586 Hatfield Oval, West Markview",UnitedHealthcare,(905)439-2609x67462,2023-11-12
P_00685,Faith Harris,1956-10-05,70,Female,AB+,001-449-791-1928x567,"15538 Michelle Spring, Gibsonmouth",Blue Cross Blue Shield,+1-721-826-2643,2023-01-04
P_00686,Kayla Roberts,1962-10-05,64,Female,O-,(307)989-0751x9919,"5129 Evans Underpass Suite 925, Lake Craig",Aetna Health,998-828-3859x747,2023-01-06
P_00687,Richard Aguilar,1965-10-05,61,Male,A+,6705554943,"771 Heath Union Apt. 209, Katrinaton",Aetna Health,263.341.5359x7710,2024-03-28
P_00688,Gary King,1966-10-05,60,Male,B+,734.794.3148x722,"564 Jeffrey Groves Suite 416, Nancystad",Blue Cross Blue Shield,239.752.3285x558,2023-08-01
P_00689,Kyle Wall,1973-10-05,53,Male,A-,(481)566-0284x136,"470 Smith Cove, Richardshire",Blue Cross Blue Shield,714.279.7341x855,2024-09-09
P_00690,Claire Mcmillan,1973-10-05,53,Female,B+,(960)717-0396x101,"017 Shelby Mount, Autumnfort",Medicare,+1-469-328-5516,2024-09-17
P_00691,Jacob Cochran,1958-10-05,68,Male,O+,889.967.6353,"5896 Tracy Motorway, East Amanda",Humana,241.333.5139,11/27/2023
P_00692,Anthony Mcdonald,2006-10-05,20,  Male  ,AB+,927-349-3663x5796,"030 Robin Spring Apt. 565, South Madison",UnitedHealthcare,825.326.3794x12886,2024-04-27
P_00693,Cameron Anderson,1967-10-06,59,Male,A-,321.942.5261,"9465 Stuart Roads, Nicholasstad",Medicare,001-732-355-4411x818,2024-09-18
P_00694,Tammy Lopez,1984-10-05,42,Other,AB-,5529038819,"418 Atkins Common Suite 622, North Josehaven",Aetna Health,,2024-08-11
P_00695,Susan Smith,1964-10-05,62,Female,B-,2878647709,"1837 Thomas Rapids Suite 076, Barkerland",Cigna,,2023/07/04 00:00:00
P_00696,Jean Andrews,1999-10-06,27,Female,B-,8329645649,"99160 Robbins Spur Apt. 906, Laurashire",Humana,9972034251,2024-10-02
P_00697,Benjamin Boyer,1984-10-05,42,Male,B-,+1-991-236-8296,"2153 Carmen Route Suite 252, Flynnberg",Cigna,(616)290-8875,2024-10-14
P_00698,Sarah Munoz,1986-10-05,40,Female,A+,258.838.4391,"3517 Morgan Glen Suite 935, North Nancyland",Blue Cross Blue Shield,901-228-3319x5589,2024-06-02
P_00699,Gina Chang,1969-10-05,57,Female,B-,+1-971-277-1703x056,"24605 Sylvia Glen Apt. 895, East Shane",UnitedHealthcare,+1-241-287-6776,2023-01-30
P_00700,Courtney Nguyen,1945-10-05,81,FEMALE,O-,+1-897-931-7303x3249,"4510 Daniels Place Apt. 947, Port Dave",Aetna Health,956-705-4270,2023-02-06
P_00701,Michelle Evans,1943-10-06,83,Female,O+,661.711.0797x6475,"7289 Hernandez Loaf Apt. 485, Sherrytown",Cigna,001-439-809-8468x56066,2024-04-18
P_00702,Joseph Huynh,1967-10-06,59,Male,  A+  ,+1-770-997-7779,"399 Thomas Fork, Mcdonaldburgh",Aetna Health,001-471-410-7351x2896,2024-11-25
P_00703,Andrew Fernandez,1998-10-05,28,Male,A+,+1-524-632-3330x2399,"0606 Zimmerman Springs Apt. 695, East Matthew",UnitedHealthcare,+1-765-529-4128,2023-06-02
P_00704,Ruben Johnson,1967-10-06,59,Male,A-,(244)688-5487x5311,"5428 Mario Mills, Wolfport",Humana,(955)807-8688,2024-02-03
P_00705,Christopher Perez,1962-10-05,64,Male,O-,001-722-813-1701,"99287 Moore Path Suite 314, Port Kyle",Aetna Health,(262)591-7964x416,2023-10-06
P_00706,Clayton Hawkins,1983-10-06,43,Male,AB-,9706051028,"120 Erin Street Apt. 175, Michaelview",Humana,664-887-9210,2023-11-06
P_00707,Shelly Flores,1978-10-05,48,Female,B+,001-801-252-6974x4203,"548 James Ports Suite 872, Lake Angela",Aetna Health,(880)960-1457x9232,2023-01-26
P_00708,Patrick Schmidt,1976-10-05,50,Male,A-,419.270.1501x96797,"1920 Melinda Drives, Davidbury",Humana,001-429-370-4937x958,2023-12-02
P_00709,Vincent Welch,1973-10-05,53,Male,A-,(251)916-3971x492,"4142 Hoffman Mountain Apt. 962, Andersonland",Blue Cross Blue Shield,683.612.4977x36772,2024-04-15
P_00710,Eric Soto,1939-10-06,87,Male,A+,649-578-7296x57156,"99034 Danielle Crossroad, Thomaschester",Blue Cross Blue Shield,7009940916,2023-03-31
P_00711,Jennifer Roberts,1992-10-05,34,Female,B-,(266)522-5492,"309 Jennifer Grove Apt. 152, Allenville",UnitedHealthcare,001-372-626-4147x56900,2023-11-16
P_00712,Lisa Walker,1971-10-06,55,Female,AB+,898-947-4229x83596,"53902 Ryan Estates Suite 736, Alexborough",Aetna Health,(999)809-0064,2024-03-27
P_00713,Sara Collins,1960-10-05,66,Female,B-,,"69792 Jessica Mills, Lisaview",Medicaid,001-239-634-3969,2024-07-27
P_00714,Christy Strickland,1997-10-05,29,  Female  ,B+,001-925-528-7835,"133 Sarah Fort, Matthewborough",Blue Cross Blue Shield,9236641224,2023-10-18
P_00715,Kelly Brooks,1961-10-05,65,Male,O-,001-472-503-3505x160,"1071 Valentine Islands, Brownshire",Cigna,404-722-4564x119,2023-02-21
P_00716,Scott Anderson,2007-10-06,-19,Male,O-,780.278.1913,"349 Huynh Cliff Suite 157, Michaelville",Medicaid,(463)328-2463x0616,2024-02-06
P_00717,Shelia Sandoval,1970-10-05,56,Female,A-,001-663-452-0076x150,"9868 Contreras Manor, Murrayland",Humana,833-360-8090x1014,2024-11-17
P_00718,Nicholas Greene,1958-10-05,68,Male,AB+,888.588.1893x0461,"8785 Alison Spur, Sarahton",Cigna,(209)265-6882x672,2024-04-24
P_00719,Christopher Freeman,1994-10-05,32,Male,AB-,7818472373,"78308 Brandon Locks Suite 899, Dakotaview",Medicare,(249)883-6714x674,2024-09-23
P_00720,Jose Butler,06-10-1979,47,Male,A+,(718)757-1164x560,"43180 Clark Drive Apt. 025, Royborough",Blue Cross Blue Shield,977.973.0316,2023-11-29
P_00721,Richard Franco,1970-10-05,56,Male,AB-,654-287-2012,"4550 Wendy Hill, New Victoriaton",Medicaid,+1-699-883-9767x38872,2023-06-24
P_00722,Daniel Harris,1948-10-05,78,Male,A-,001-643-583-0009x14352,"4179 Edwards Groves, Websterberg",Humana,797.835.1896x22527,2023-04-20
P_00723,Carol Wright,1968-10-05,58,Female,b+,(434)705-6771,"589 Margaret Cove, Port Michelle",Medicare,4515666081,2023-09-02
P_00724,John Tran,1954-10-05,72,Male,O+,001-847-790-9863x61527,,Medicaid,373.371.4503,2024-08-28
P_00725,Andre Hernandez,1998-10-05,28,Male,O-,+1-669-914-1939x60610,"911 Jessica Vista, Huberberg",Blue Cross Blue Shield,376-588-3410x3414,2024-11-16
P_00726,Jose Rodriguez,1957-10-05,69,Male,O+,+1-314-905-1325,"4708 Gutierrez Ports, Laurafurt",Blue Cross Blue Shield,714.887.8310x314,2023-06-30
P_00727,John Potts,1941-10-05,85,Male,A+,(275)579-4074,"4499 Smith Forks, New Daniel",Blue Cross Blue Shield,269.841.2641,2024-01-24
P_00728,Carol Blake,1942-10-05,84,FEMALE,B+,353.218.0576x310,"546 Gabriel Fork Suite 064, North Juanport",Cigna,367.994.8698x94848,2024-10-13
P_00729,Matthew Sullivan,1983-10-06,43,Male,B-,500-977-0177,"493 Lisa Camp Suite 811, South Danielchester",Cigna,6043902144,2024-08-14
P_00730,Rhonda Cook,1986-10-05,40,Female,AB-,001-867-743-3384,"39170 Jessica Lake Apt. 004, South Courtney",Blue Cross Blue Shield,(636)819-7731x739,2024-03-21
P_00731,Christopher Hunter,1948-10-05,78,Male,A+,001-823-985-8653x927,"1349 Kylie Track, Loweryfurt",Blue Cross Blue Shield,406.305.5817x357,2023-10-29
P_00732,Bryan Taylor,1957-10-05,69,Male,O+,6698893546,"897 Craig Hill, Michaeltown",Cigna,893.442.7186,2023-02-01
P_00733,Cameron Bass,1979-10-06,47,Male,B+,+1-305-709-2600x0110,"61973 French Trail Apt. 213, North Emilyside",Medicare,,2024-07-12
P_00734,Mary Moreno,1948-10-05,78,Female,B+,473.465.5619x2218,"3186 Martinez Lights, Lake Crystalbury",UnitedHealthcare,8235641693,2024-01-04
P_00735,Lori Garza,1975-10-06,51,Female,O-,(476)440-3239x19325,"1269 Steven Green Suite 225, New Robert",Cigna,344-684-3686x811,2023-05-28
P_00736,Courtney Williams,1974-10-05,52,Female,O+,709-280-5877x155,"278 Hickman Center Apt. 591, North Jennifer",Medicaid,463-572-1626x603,2024-03-01
P_00737,Edward Nichols,1967-10-06,59,Male,B-,9295559997,"395 Farrell Island Suite 192, Jenniferview",Aetna Health,+1-811-917-3670x38625,2024-04-05
P_00738,Ashley Martin,1975-10-06,51,Female,AB+,+1-742-833-0080,"82924 William Fork, Port Daniel",Medicare,488.431.2736x5485,2023-08-31
P_00739,Brandi Brown,1959-10-06,67,Female,AB-,808.542.8741x627,"1295 Rivera Spur Apt. 051, New Dannyport",Blue Cross Blue Shield,001-284-922-6230x036,2024-08-04
P_00740,Cynthia Johnson,1974-10-05,52,Other,AB+,001-383-803-4243x7539,"091 Fletcher Forges, South Marychester",Medicare,+1-668-374-0330x454,2024-06-23
P_00741,Jean Graham,1992-10-05,34,Female,A-,797-300-8445x801,"4296 Zachary Radial Apt. 411, Adamtown",Cigna,+1-496-599-6131x5255,2024-04-28
P_00742,Brandi Mcguire,1966-10-05,60,Female,A+,+1-505-788-3774,"047 Thompson Junctions Apt. 950, North Darrellmouth",Medicare,001-225-558-6277x88826,2023-12-18
P_00743,Jeremy Schmidt,1961-10-05,65,MALE,AB+,9303458809,"42293 Bernard Isle Suite 592, West Jillstad",UnitedHealthcare,001-367-557-7991,2023-12-06
P_00744,William Salinas,1964-10-05,62,Male,O-,704.357.6274,"0895 Buck Camp, West Donnaburgh",Medicaid,(213)536-8960,2024-07-31
P_00745,Jeffrey Goodman,1939-10-06,87,Male,O-,(689)889-9307,"139 Ray Wall, South Daniel",Blue Cross Blue Shield,860-333-8788x52858,2024-10-01
P_00746,Randall Parsons,1982-10-05,44,male,AB+,001-576-930-9007,"994 Edwards Spur Suite 441, South Richardburgh",Blue Cross Blue Shield,001-262-665-4347x5916,2024-09-22
P_00747,Kevin Gillespie,1973-10-05,53,Male,B+,898.759.0799,,UnitedHealthcare,207-230-7177x6135,2024-11-05
P_00748,Kimberly Hughes,1944-10-05,82,Other,B+,(523)838-5403,"85023 Kathy Dam Suite 532, Youngmouth",Medicaid,449-472-4903,2023-12-18
P_00749,Karen Jones,1947-10-06,79,Female,B+,(295)809-3555x57020,"4136 Baker Turnpike, Annefort",Aetna Health,(712)218-9391x2706,2023-09-01
P_00750,Jared Escobar,1952-10-05,74,Male,O-,(828)730-5644,"045 Nguyen Junctions, Brentchester",Medicare,656.507.7789,2023-04-29
P_00751,Breanna Ortiz,1986-10-05,40,female,O-,499.504.6008,"626 Isaiah Spur Apt. 209, Brooksmouth",UnitedHealthcare,+1-206-217-9067x01512,2024-11-30
P_00752,Ryan King,2004-10-05,22,Male,AB-,+1-507-569-7216x218,"192 Logan Ridge, North Aaron",Medicaid,,2024-04-04
P_00753,Diana Gibson,1961-10-05,65,Female,AB+,9544985788,"63228 Susan Expressway, Cherryside",UnitedHealthcare,4446665895,2024-03-18
P_00754,Adam Bradley,1986-10-05,40,Male,B-,001-906-947-2452x573,"7884 Scott Valleys Suite 657, Elliston",Cigna,(212)498-8972x84268,2024-08-21
P_00755,William English,05-10-1970,56,Male,A+,,"688 Laura Club Suite 647, Cynthiaberg",Cigna,698.331.2428x535,2023-07-04
P_00756,Ricky Miller,1977-10-05,49,Male,O-,,"52077 Jenny Centers Suite 404, East Roger",UnitedHealthcare,+1-895-379-6724,2024-06-21
P_00757,Erin Jones,2001-10-05,25,Female,A+,7902070178,"50254 Martin Track, Lake Felicia",Medicaid,(901)602-9759,2023-01-25
P_00758,Michael Valdez,05-10-1965,61,Male,B+,639-465-9744x25269,"1641 Osborne Forest, Carterstad",Medicare,933-879-3766,2023-05-03
P_00759,Patrick Lester,2003-10-06,23,Male,A-,001-808-355-7174x90584,"9908 Jason Viaduct Suite 862, Jessicastad",Cigna,,2023-10-29
P_00760,Emily Dickson,1971-10-06,55,Female,AB-,001-891-711-1085x1846,"13596 Vincent Fords, Port Donnaborough",UnitedHealthcare,+1-448-200-2264x2597,2024-11-14
P_00761,Gary Payne,10/05/1952,74,Male,A+,(698)978-1921,"847 Hughes Hill Apt. 937, South Jenniferview",UnitedHealthcare,+1-772-414-6172x75804,2024-01-27
P_00762,Stephanie Coleman,1968-10-05,58,Female,B+,(798)689-7988x77544,"1340 Samantha Dale Apt. 605, Whitemouth",Cigna,619-634-6389x01248,2023-07-25
P_00763,Dana Higgins,1943-10-06,83,Female,A-,+1-256-811-5686x22307,"480 Faulkner Cove Suite 022, Reidport",Medicare,830.437.2718,2023-08-12
P_00764,Joyce Sawyer,2000-10-05,26,Female,A+,(231)812-1380x78287,,Medicare,(888)825-2128,2023-09-14
P_00765,Thomas Stewart,1960-10-05,66,Male,B+,+1-646-999-8428x828,"2031 Mary Expressway, Davisburgh",Cigna,420.936.6864,2024-11-11
P_00766,Paul Gardner,1998-10-05,28,Male,O+,(868)252-7287,"08778 Mariah Mill, Lake Adrianburgh",Humana,+1-983-934-5573x56232,2024-05-17
P_00767,Randall Brown,1982-10-05,44,Male,AB-,735-985-9730x27322,"2402 Peterson Highway, Boydbury",UnitedHealthcare,001-377-704-1167,2024-05-08
P_00768,Jason Mueller,1940-10-05,86,Male,AB-,667-838-6569x0448,"332 Cindy Cliffs Apt. 489, Michaelmouth",Blue Cross Blue Shield,001-670-406-2394x599,2024-10-24
P_00769,Amanda Gutierrez,1963-10-06,63,Female,  O+  ,+1-289-353-0120x3398,"871 Thomas Fork, West Roger",Cigna,+1-905-681-0801x533,2023-06-30
P_00770,Christina Powell,1948-10-05,78,Female,O-,8277728715,"957 Gomez Park Suite 959, Theresatown",Blue Cross Blue Shield,553-762-9171x48541,2024-10-07
P_00771,Melissa Anderson,1994-10-05,32,Female,B-,+1-452-307-8821x65119,"7445 Brian Ford Apt. 276, Steventown",Medicare,482.540.3532x12440,2023-01-26
P_00772,Mrs. Donna Houston PhD,1963-10-06,63,Female,O-,001-741-921-8052,"900 Buckley Neck Suite 123, West Kevin",Blue Cross Blue Shield,6187911343,2024-05-26
P_00773,Dale Burke,10/05/1950,76,Male,B-,+1-396-327-6861x27342,"29138 Victoria Canyon, West Brittanyport",Humana,+1-302-898-9088,2023-02-13
P_00774,Eric Ward,1992-10-05,34,  Male  ,A-,319.519.9082,"6831 Haley Fort, Ibarrafurt",Blue Cross Blue Shield,,2024-08-16
P_00775,Robert Johnson,1965-10-05,61,Male,B+,832.203.4495,"48765 Margaret Park Suite 525, Hernandezland",Blue Cross Blue Shield,(231)560-3781x1057,2024-09-25
P_00776,Kenneth Gray,1951-10-06,75,Male,B+,001-830-866-7005x99469,"233 Brown Park, Lake Erinhaven",Humana,5095714086,2023-04-10
P_00777,Elizabeth Richard,2006-10-05,20,Female,B-,001-965-787-4488x83923,"722 Gentry Villages, Lake Nathaniel",Blue Cross Blue Shield,445-551-3919x60348,2024-09-01
P_00778,Kimberly Stout,1984-10-05,42,Other,B+,+1-273-269-3238,"364 Diaz Inlet Suite 648, Rojasview",UnitedHealthcare,363-971-2063,2023-05-04
P_00779,Steve Andrews,2002-10-05,24,MALE,B+,660.314.5840x8114,"2814 Jacqueline Cliff Apt. 686, North Kurttown",Humana,761.718.9260,2023-03-06
P_00780,Mark Gray,1964-10-05,62,Male,A+,(342)668-3684x377,"44545 Craig Turnpike, Johnsonbury",Aetna Health,5118962272,2024-03-25
P_00781,John Adams,05-10-1962,64,Male,O-,(217)736-8385,"93409 Richard Lake Apt. 811, South Linda",Blue Cross Blue Shield,,2023-06-11
P_00782,Katelyn Hudson,1973-10-05,53,Female,O+,001-895-714-2954x496,"17562 Cooper Parkway Apt. 016, Lake Victoriaborough",Cigna,547-594-5923x516,2024-08-30
P_00783,Jenny Blankenship,1993-10-05,33,Female,O+,697.710.0170x78129,"1304 Hansen Course Suite 235, Kimside",Aetna Health,337.528.7567,2023-10-05
P_00784,Brenda Mcclure,1964-10-05,62,Female,  A-  ,(247)671-1588x2187,"079 Darren Mall, North Kevinfurt",Cigna,646-411-9830x975,2024-05-26
P_00785,Eric Hull,1969-10-05,57,Male,A-,988.952.3774,"78812 Allen Isle, East Christopherside",Medicaid,8828267990,2023-07-16
P_00786,Alicia Weaver,1963-10-06,63,Female,B-,(438)339-5716x468,"37090 Williams Gardens, Meyerton",UnitedHealthcare,686.469.3207x09834,2024-04-20
P_00787,Melissa Vasquez,1974-10-05,52,Female,B+,887-762-9650x7445,"67654 Kiara Pass Apt. 817, Tyroneshire",Cigna,(800)534-5220x262,2024-04-30
P_00788,Calvin Paul,1990-10-05,36,Male,O-,+1-845-525-7330x90740,"68522 Marshall Summit Suite 512, Jeanborough",Blue Cross Blue Shield,999.800.5366x9332,2024-03-21
P_00789,Wendy Anderson,2005-10-05,21,Female,A-,+1-956-428-3723,"9310 Lisa Stravenue, Summerston",Blue Cross Blue Shield,9892423403,2023-01-30
P_00790,Corey Eaton,1968-10-05,58,Male,AB-,318.483.8456,"780 Marshall Mill Apt. 985, South Stefanieshire",Aetna Health,+1-568-906-4554x42157,2024-03-05
P_00791,Brooke Roberts,10/05/1985,41,Female,O+,532-273-9688x59342,"799 Mcintyre Springs, Lake Jason",Aetna Health,001-750-332-1985x965,2024-02-27
P_00792,Nicholas Anderson,2006-10-05,20,Male,  O-  ,5666686067,"7149 Wright Points Suite 910, New Matthew",Aetna Health,627-562-2155x9637,2024-03-22
P_00793,William Perez,1973-10-05,53,Male,AB+,+1-649-859-4038x955,"5317 William Forge Apt. 021, Lake Dwaynemouth",Aetna Health,466.432.5673,2024-10-09
P_00794,Dan Hull,1975-10-06,51,Male,O-,249.239.1660x191,"866 Julie Fords Apt. 644, Ayalaside",Medicare,001-937-885-9541,2023-10-15
P_00795,Rachel Jensen,1988-10-05,38,Female,B+,3932716458,"7346 Ali Village Suite 473, New Scott",Medicaid,+1-805-728-9056,2023-10-30
P_00796,Anita Lee,1977-10-05,49,Female,B-,+1-547-971-9888,,Medicaid,001-696-546-9243,2024-06-18
P_00797,Kelsey Larson,1993-10-05,33,Female,B-,(912)315-6038,"803 Parrish Manor, Patricktown",Aetna Health,,2024-03-14
P_00798,Cassandra Burnett,1953-10-05,73,Female,A+,3392655868,"1589 Jason Landing, Port Amy",Medicare,001-760-913-8550x029,28-08-2024
P_00799,Joseph Rodriguez,10/06/2007,19,Male,A-,7122457181,"194 Jake Locks Suite 055, New Codyshire",Medicare,396.987.1867,27-06-2024
P_00800,Alexandra Collins,1943-10-06,83,Female,B+,(893)328-5071,"332 Kathryn Harbors, Frankberg",UnitedHealthcare,9947003717,2024-02-21
P_00801,Gregory Moore,1999-10-06,27,Male,O-,548.206.6112x620,"516 Henry Course Apt. 118, Williamsland",Humana,+1-211-423-9933,2024-11-16
P_00802,Kevin Reese,1956-10-05,70,Male,AB-,001-379-220-6231x45968,"196 Tammy Knolls Apt. 521, East Karenborough",Cigna,(308)916-4180x44608,2024-02-20
P_00803,David Brock,1960-10-05,66,Male,AB-,+1-734-269-5449,"95806 Heather Motorway Suite 566, Lake Christine",Medicaid,,2023/03/14 00:00:00
P_00804,Lisa Smith,1969-10-05,57,Female,B-,+1-857-376-2538x476,"01647 Alice Roads Suite 174, Wumouth",Humana,001-302-862-9761,2024-09-19
P_00805,Patricia Fernandez,1961-10-05,65,Female,  AB-  ,(303)849-8246x89670,"2774 Eric Lakes Suite 231, West Earl",Blue Cross Blue Shield,(735)625-6008,2023-02-26
P_00806,Shawn Chavez,1970-10-05,56,Male,A-,550-352-0535,"184 Sellers Brook, Cheyennebury",Medicaid,523-322-1091x2944,2024-01-10
P_00807,Donald Hale,1970-10-05,56,Male,B-,940-987-8343,"402 Sarah Meadow, East Christopher",Humana,499.881.8100x9624,2024-10-26
P_00808,Joel Barton,1970-10-05,56,Male,  A-  ,001-463-555-8774x52634,"254 Adkins Crossroad Suite 351, South Taraside",UnitedHealthcare,001-928-405-0345x53882,2024-03-09
P_00809,Dennis Sanders,1968-10-05,58,Male,AB+,(466)208-2887x45871,"3136 Munoz Cove Suite 262, Lake Dianafort",Medicare,414-843-0106x1445,2023-05-06
P_00810,Harold Murray,1938-10-05,88,Male,o-,533-619-9711x533,"96970 Anthony Cape Apt. 434, Carolfort",Blue Cross Blue Shield,(885)286-1888x178,2023-03-09
P_00811,Zachary Lamb,1984-10-05,42,Male,AB+,(515)999-2794,"82749 Stephanie Fords Apt. 122, East Monica",Blue Cross Blue Shield,948-607-0473x14836,2023-03-20
P_00812,Nathan Crawford,1973-10-05,53,Male,O+,2702366656,"2282 Michelle Falls Apt. 193, Grimesside",Cigna,(578)547-2643,2024-10-04
P_00813,Susan Bowen,1976-10-05,50,Female,A+,(796)592-0666x048,"34435 Lane Points, North Tammyport",UnitedHealthcare,(251)624-2106x37817,2024-03-30
P_00814,Molly Perez,1953-10-05,73,Female,O+,(648)411-6595x5859,"379 Sandra Fords, Leefurt",Medicaid,597-727-6768x77759,2024-06-16
P_00815,Jessica Clark,1965-10-05,61,FEMALE,O-,001-641-474-9195x38088,"2339 Erin Overpass Suite 150, North Charlesbury",Medicare,+1-915-448-0442x364,2024-11-12
P_00816,Dean Richards,1999-10-06,27,male,AB-,2106861647,"7380 Gibson Ports, Murraybury",UnitedHealthcare,(672)509-6102x3726,2023-09-24
P_00817,Amy Hicks,1970-10-05,56,Female,B+,,"0115 Byrd Court Suite 732, Smithshire",Cigna,(985)568-8886x10859,2023-06-20
P_00818,Kathryn Downs,1955-10-06,71,Female,B+,494.933.6447x0263,"6596 Moss Path Suite 669, Loriview",Aetna Health,215.753.4745x024,2024-11-13
P_00819,Jon Burke,2005-10-05,21,Male,B-,6847896539,"75480 Warren Landing, New Jason",Medicaid,001-685-269-3291x3696,2023-09-24
P_00820,Destiny Norman,2007-10-06,19,Female,b+,237.730.4150x6324,"26583 Welch Meadows, East Patricia",Medicaid,(974)664-6603x3273,2024-04-04
P_00821,Linda Patton,1989-10-05,37,Female,O-,001-394-710-1027x607,"4849 Alvarez Roads, Harrisborough",UnitedHealthcare,706.614.4357,2024-05-26
P_00822,Kara Lawrence,1943-10-06,83,Female,AB+,905-226-0270x68756,"81292 Nicole Locks Apt. 391, East Travis",Medicare,959-298-4133x768,2023-12-06
P_00823,Melissa Osborne,1999-10-06,27,Female,O-,8796106510,"0783 Alexander Street, Williamborough",UnitedHealthcare,,2024-08-01
P_00824,Shawn Oliver,2005-10-05,21,Male,A+,628.509.0317x8836,"7859 Vaughan Grove, New Annashire",Medicare,293-303-2075x60526,2024-07-18
P_00825,Caitlin Whitaker,1983-10-06,43,Female,B-,+1-502-799-9663x3092,"4030 Harper Ramp Apt. 540, Lake Steven",Humana,(701)229-5318,2024-09-14
P_00826,Bethany Miller,1975-10-06,51,Female,A-,+1-320-268-2048,"54847 Rose Knolls, Avilafort",Medicaid,+1-773-398-2455x381,2024-04-01
P_00827,Katelyn Heath,1968-10-05,58,Female,AB-,782.464.2951,"7688 Matthew Junction Apt. 308, New Rodneymouth",Medicare,348-776-1504x8849,2024-06-07
P_00828,Jordan Taylor,1979-10-06,47,male,AB-,746-740-3507x695,"5881 William Station, Lake Elijah",UnitedHealthcare,654.377.7745x925,2024-01-17
P_00829,Kayla Hernandez,1999-10-06,27,FEMALE,O+,793-679-7900x7045,"674 Samuel Curve Apt. 956, Wilsonmouth",Humana,(893)650-2767x490,2024-03-30
P_00830,Christopher Parsons,1973-10-05,53,Male,A-,(772)376-5314,"1700 Campbell Lakes, Angelaport",Aetna Health,,2024-02-29
P_00831,Shannon Perry,1944-10-05,82,Female,O+,508.395.0491x08604,"55785 Clayton Stravenue Suite 933, Hawkinston",Blue Cross Blue Shield,001-293-716-0898x88501,2023-03-09
P_00832,Phillip Gonzalez,1984-10-05,42,Male,B+,611-253-2026,"333 Sanchez Radial, East Reneebury",Aetna Health,+1-587-682-1889,2024-07-23
P_00833,Teresa Stone,1969-10-05,57,Female,AB+,001-467-666-3420x83481,"664 Ramirez Stream, Parkertown",Humana,778-332-7966x379,2023-02-13
P_00834,Joshua Wallace,1983-10-06,43,Male,AB+,549-792-4687x1446,"55664 James Harbors, East Courtneyshire",Cigna,001-408-496-4966x68118,2023-01-03
P_00835,Richard Sanchez,1939-10-06,87,male,B-,001-624-268-7220x37337,"138 Vasquez Hollow Suite 783, West Kristinmouth",Blue Cross Blue Shield,001-265-276-5786,2024-03-03
P_00836,Gail Atkinson,1945-10-05,81,Female,AB-,(867)564-4943,"0561 Hayden Knoll, West Lauren",Medicaid,(600)942-1867,2023-03-10
P_00837,Sharon Taylor,1969-10-05,57,Other,A-,751.891.9850,"133 Koch Plaza Suite 081, Vanessaburgh",UnitedHealthcare,(298)676-6327,2024-05-02
P_00838,Christine Davis,1960-10-05,66,Female,B+,(608)791-7005x2291,"496 Montgomery Brooks Suite 270, West Christina",UnitedHealthcare,(311)543-5830x40775,2023-06-16
P_00839,Billy Larson,1976-10-05,50,Male,O+,(521)968-9745,"7320 Sanchez Ridge, South Julian",Cigna,526-566-5602,2023-02-24
P_00840,Sue Faulkner,1971-10-06,55,Female,B+,280-562-4755x52672,"702 Ramsey Creek Apt. 056, Williamsshire",Humana,8579112181,2023-03-20
P_00841,Linda Patrick,1963-10-06,63,Female,AB+,653.793.3054,"5707 Lopez Wall, Lake Allisonton",UnitedHealthcare,(342)264-6855,2023-11-20
P_00842,Andrew Jones,1989-10-05,37,Male,AB+,001-815-748-8051x09334,"63305 Erickson Land, Jameston",UnitedHealthcare,9982416437,2023-05-28
P_00843,Bridget Hartman,1993-10-05,33,Female,B-,5475012592,"78568 Shawn Rapids Suite 505, South Stephaniebury",Humana,001-593-501-0559x169,2023-06-08
P_00844,Angel Chapman,1944-10-05,82,Female,A-,(447)708-9440x6545,"7076 Smith Green, Whitetown",Medicare,885.362.2719x2602,2024-07-18
P_00845,Jeffrey Valencia,1957-10-05,69,Male,AB+,6102936091,"700 Virginia Parks, Estradahaven",Cigna,6589777701,2023-01-18
P_00846,Janice Anderson,1946-10-05,80,Female,AB-,219-956-9646,"59569 Veronica Viaduct Apt. 205, East Michealbury",Aetna Health,001-897-948-9250x0751,2024-09-03
P_00847,Sherry Sharp,1990-10-05,36,Female,AB+,(673)958-1821x77487,"359 Pena Inlet Apt. 835, Munozshire",Aetna Health,312.452.0193x0646,2023-05-26
P_00848,John Ray,1974-10-05,52,Male,O-,001-569-393-3530,"783 Manuel Lock, New Lauren",Humana,001-675-933-5526x2029,2023-04-25
P_00849,Kathy Wilson,1995-10-06,31,Female,A+,+1-926-599-3451,"29317 Dixon Isle, Port Johnview",Medicare,+1-375-405-5777x91743,2024-11-06
P_00850,Daniel Davidson,2005-10-05,21,Male,A-,253.481.1575,"09480 Oscar Squares Suite 756, New Jonathan",Humana,791.768.6708,2024-11-14
P_00851,Kenneth Nelson,1966-10-05,60,Male,AB-,001-594-741-0104x27974,"210 Melissa Union Apt. 889, Carrville",Blue Cross Blue Shield,629.335.7538,2023-07-24
P_00852,Frederick Porter,1952-10-05,74,Male,B-,447.856.0164,"5546 Aaron Fall, Port Jerryview",Medicaid,,2023-12-23
P_00853,Thomas Hull,1942-10-05,84,Male,B-,+1-254-970-0603x981,"63521 Chen Street Apt. 202, West Cynthia",UnitedHealthcare,756.616.8095x6418,2024-06-25
P_00854,Colleen Gonzalez,2003-10-06,23,Female,O-,(950)328-5915x6581,"782 Jane Fall Suite 922, Port Brendaville",UnitedHealthcare,+1-214-329-9948x1414,2023/04/12 00:00:00
P_00855,Kayla Cox,2003-10-06,23,Other,O+,001-269-393-9142x652,"017 Wu Drive, New Rachelport",Aetna Health,001-346-498-8866x594,2023-12-30
P_00856,Todd Greene,1957-10-05,69,Male,A-,367.759.1644,"18011 Bryan Island, East Curtis",Medicaid,(482)834-2840x2246,2023-11-18
P_00857,Angela Sanchez,1963-10-06,63,  Female  ,A-,001-920-825-3423x86707,"2939 Bowman Meadow, Kentport",UnitedHealthcare,4876721075,2024-07-24
P_00858,Amber Allen,1969-10-05,57,Female,O-,,"2654 Samuel Valleys Apt. 927, Goodwinbury",Aetna Health,001-585-823-8182,2023-11-16
P_00859,Tracy Sims,1991-10-06,35,Female,O-,001-378-768-0704x23573,"16992 Debra Island, West Jasmine",Cigna,001-605-807-0775x0884,2023-03-13
P_00860,Gregory Gray,1975-10-06,51,Male,A-,(662)713-8059x51948,"225 Rogers Flat Apt. 059, West Kellyshire",Blue Cross Blue Shield,(535)811-0967x45136,2023-04-18
P_00861,Morgan Smith,1969-10-05,57,Female,B+,904-217-3722x34267,"238 Donald Common, Brownhaven",Blue Cross Blue Shield,+1-793-854-7521x127,15-04-2023
P_00862,Scott Vance,1970-10-05,56,Male,O+,811.449.3310,"65940 Jimmy Place, New Lauriebury",Cigna,001-664-385-1002x182,2024-02-18
P_00863,Alexander Miller,1938-10-05,88,Male,O+,9285461687,"49997 Jason Crossroad, West Jacobport",UnitedHealthcare,,2024-08-30
P_00864,Aaron Smith,1948-10-05,78,Male,O-,913-413-5557x9420,"395 Fischer Square, Andersonland",Blue Cross Blue Shield,961.989.8987x8776,2024-06-07
P_00865,Sean Robinson,1986-10-05,40,Male,A+,471.223.9818x9397,"730 Ward Radial Suite 558, Nobleland",Humana,+1-573-341-8807x9640,2023-05-18
P_00866,Kari Flores,1960-10-05,66,Female,AB-,593-591-8536x20544,"1954 Sherry Forks, Melaniemouth",Aetna Health,6204715378,2024-01-27
P_00867,Stephanie Howard,1957-10-05,69,Female,O-,+1-955-435-4407x8967,"00720 Smith Throughway, Troyland",Humana,,2024-11-07
P_00868,Stephen Cisneros,1971-10-06,55,MALE,AB-,686-667-1864x4262,"49867 Danny Brook Apt. 877, East Johnmouth",Humana,904.643.0732x466,2024-05-31
P_00869,Robert Brown,1959-10-06,67,Male,AB-,404.638.1779,"247 Justin Pines Apt. 130, New Ronaldport",Humana,323.414.5651,2023-05-02
P_00870,Linda Merritt,1996-10-05,30,female,AB+,600.234.3743x2567,"62512 David View Suite 411, New Marytown",Cigna,+1-720-460-7136x9300,2024-07-24
P_00871,Vanessa Parker,1983-10-06,43,Female,A-,(767)835-3842,"61599 Nelson Divide, Connerland",Medicaid,+1-845-453-7582,2024-02-03
P_00872,Mario Brown,1967-10-06,59,Male,B+,549-794-0232,"358 Heather Skyway Suite 288, West Anthonyfort",Medicaid,607-981-9735x44252,2024-04-26
P_00873,Karen Mitchell,1971-10-06,55,Female,AB-,896-249-3046x400,"882 Evans Mews Apt. 755, South Steven",Humana,385.246.0912,2024-01-22
P_00874,Dawn Mcdonald,1975-10-06,51,Female,AB-,(545)439-6016x099,"0792 Farley Lake Apt. 743, Lake Phillipton",Humana,625.603.9439,2023-05-12
P_00875,Joe Berry,1978-10-05,48,  Male  ,AB-,(636)717-9496,,Medicare,+1-827-418-3224x02393,2023-04-10
P_00876,Brian Ortiz,1990-10-05,36,Male,A-,,"05022 Benjamin Trail, Erinmouth",Cigna,001-652-482-7677,2024-10-25
P_00877,Christine Lyons,05-10-1977,49,Female,A+,837.432.7839,,Medicare,+1-548-369-6537x1557,2023-01-21
P_00878,Mrs. April Bradley,1981-10-05,45,Female,AB-,918.573.0950,"7312 Zhang Harbor, Lake Larrymouth",Medicare,2272590826,2024-04-25
P_00879,Kaitlyn Thompson,1957-10-05,69,Female,B-,+1-471-521-8945,"602 Jason Via Suite 998, Shahville",UnitedHealthcare,257.890.3230x888,2023-04-13
P_00880,Stephen Campbell,1982-10-05,44,Male,O+,275-902-4130,"5875 Vega Junction Apt. 959, West Matthewport",Aetna Health,+1-872-736-6946x272,2024-09-21
P_00881,Thomas Roberts,1958-10-05,68,Male,AB+,001-320-943-8450x462,"3493 Rodriguez Tunnel Suite 740, Petersside",Blue Cross Blue Shield,+1-869-985-8574x91106,2024-07-02
P_00882,Veronica Roberts,1969-10-05,57,Female,A-,787-593-9789,"0124 Natasha Creek Suite 459, West Tina",Medicaid,780.347.0407x936,2023-04-05
P_00883,Ryan Brooks,1942-10-05,84,Male,AB-,001-526-792-0327,"25672 Eric Gateway Apt. 085, Kellershire",Humana,(291)253-2425x660,2024-05-01
P_00884,Gavin Henry,1962-10-05,64,Male,AB-,+1-336-590-3034,"3298 Hamilton Plain Suite 997, Velasqueztown",Aetna Health,001-970-260-0746x1433,2023-11-04
P_00885,Rachel Quinn MD,1971-10-06,55,Female,B+,+1-474-343-6871x63876,"7405 Compton Village Suite 618, West Kathleen",Blue Cross Blue Shield,001-974-414-2785x3141,2024-11-18
P_00886,Michelle Parks,10/05/1973,53,Female,O-,(412)323-3998,"007 Jason Dam Apt. 448, Sandrastad",UnitedHealthcare,(577)315-4176x60456,2024-11-07
P_00887,James Fuentes,1947-10-06,79,Male,B-,957-867-7657x6664,"520 Horn Dam, Collinsmouth",UnitedHealthcare,(917)450-4998,2024-10-03
P_00888,Kathryn Ferrell,1972-10-05,54,Female,o+,854.442.2061x850,"386 Johnson Light Suite 246, Harriston",UnitedHealthcare,521.543.0318,2023-11-04
P_00889,Alicia Miller,05-10-1980,46,Female,AB+,784-706-5488,"5245 Ashley Cove Suite 143, Franklinview",Cigna,(378)535-1798x387,2023-10-21
P_00890,Wayne Moses,05-10-2001,25,Male,AB+,+1-463-738-9586x417,,Medicare,001-336-984-2685,2023-01-29
P_00891,Mr. Jeffrey Cunningham,1969-10-05,57,Male,AB+,+1-201-502-7190x952,"12151 Cynthia Knoll Suite 244, Barkerberg",Aetna Health,5167566339,2023-02-07
P_00892,Brittney Lopez,1963-10-06,63,Female,A+,(562)253-8140,"5984 Emily Estate Apt. 248, Jakestad",Cigna,2749509332,2023-06-30
P_00893,Derek Smith,1959-10-06,67,Male,AB+,410.590.7718,"327 Soto Forges Suite 655, Scottland",Humana,927.357.3554x814,2023-03-27
P_00894,James Patterson,1969-10-05,57,Male,B+,239-339-2942x70215,,Aetna Health,373.339.1299x037,2023-04-03
P_00895,Jessica Greene,1944-10-05,-82,Female,AB+,001-855-471-4211,"65910 Jennifer Village, Jakeview",Medicare,364.644.3296,2024-06-18
P_00896,Michael Hooper,1957/10/05 00:00:00,69,MALE,O+,001-900-272-2768x352,"571 Carolyn Forge Apt. 853, North Bradleyton",Humana,7636258677,2023-11-17
P_00897,Juan Martinez,2001-10-05,25,Male,AB+,(584)570-3446,"465 Foley Pines, Shawnaland",Medicare,346-935-1757x35185,2023-06-29
P_00898,Michael Howard,1995-10-06,31,Male,A-,001-559-965-6003,"29648 Walsh Corners Apt. 922, West Christopher",UnitedHealthcare,855-279-5372x376,2024-06-30
P_00899,Dominique Walls,1984-10-05,42,Female,B+,430-329-7081x3722,"352 Stafford Skyway, New Eric",UnitedHealthcare,+1-850-714-9628x407,2023-10-12
P_00900,Anthony Gardner,1993-10-05,33,Male,A+,+1-934-476-7900,"6666 Watts Forges Suite 094, New Ricky",Cigna,(850)485-5925,2024-09-12
P_00901,Rebecca Bennett,1986-10-05,40,Female,A-,001-623-825-7273,"0472 Kimberly Springs, West Dana",Medicaid,(866)410-5149x61806,2024-01-07
P_00902,Kimberly Todd,2001-10-05,25,Female,AB+,001-788-379-2449x4039,"561 Elizabeth Groves Apt. 883, Port Craig",UnitedHealthcare,880.316.9347,2024-02-07
P_00903,Maria Tyler,1976-10-05,50,  Female  ,AB-,477.493.9801,"63185 Anthony Road, East Bethany",Humana,(423)313-3631x409,2023-06-14
P_00904,Angel Sanchez,1952-10-05,74,Male,O+,+1-796-272-0129,"77569 Alan Avenue, Lake Bonnieland",Humana,965.332.4483x438,2024-05-18
P_00905,Angel Mitchell,1957-10-05,69,Female,AB-,446.491.1708x7027,"0093 Michelle Plains, West Courtney",Medicare,001-712-532-1600,25-09-2023
P_00906,Melissa Payne,1970-10-05,56,Female,B+,(452)376-2520,"16795 Martin Summit, East Pamela",Cigna,401.216.7811x6786,2023-02-23
P_00907,Anne Lopez,1994-10-05,32,Female,AB-,(342)967-3022x0994,"04053 Charlene Harbors Apt. 050, Morrismouth",Medicaid,9849852846,2023-07-24
P_00908,Rachael Gordon,1973-10-05,53,  Female  ,O+,(779)570-0830x76440,"0172 Jackson Row Suite 328, New Anthony",Humana,001-283-820-5112x134,2024-10-26
P_00909,Sarah Ferguson,1983-10-06,43,Female,AB+,899-705-0240,"74711 Williams Lock, Ambermouth",Aetna Health,001-268-986-3124,2024-08-30
P_00910,Lindsey Parker,1984-10-05,42,Female,B-,,"7619 Anderson Port Suite 017, New Ericville",Blue Cross Blue Shield,264.651.7702x238,2024-01-22
P_00911,Hannah Hall,1967-10-06,59,Female,O-,482.677.2532x095,"58727 Christine Wells Apt. 357, East Hollyview",Aetna Health,6938986639,2023-08-23
P_00912,Dustin Taylor,2000-10-05,26,Male,AB+,839.983.5652x391,"27353 Melody Alley Suite 201, Colemanbury",Aetna Health,801-542-1563x452,2024-09-24
P_00913,Robert Rice,2006-10-05,20,Male,O-,(523)635-7044x45514,"11175 Preston Greens Suite 957, Garrettland",Humana,+1-388-342-4638x1512,2024-06-22
P_00914,Jason Goodwin DDS,1989-10-05,37,Male,O-,(446)642-9987,"353 Brooks Rue Apt. 530, South Leslieville",Medicare,951-483-4792x305,2023-09-30
P_00915,Natalie Bright,1962-10-05,-64,Female,B-,8814246437,"01460 Fisher Summit Suite 106, Allenmouth",Medicare,391-621-8790x6506,2023-10-17
P_00916,Gregory Smith,2003-10-06,23,Male,O-,225-602-3160,"72898 Mccormick Wall, Lake Dennis",Aetna Health,(408)761-4984,2023-09-26
P_00917,Joel Foster,1965-10-05,61,Male,AB-,(699)478-4200x1414,"0737 John Vista Suite 159, Genemouth",Cigna,001-599-247-5763x7982,2023-01-11
P_00918,Kathryn Andrews,1980-10-05,46,Female,AB+,+1-598-636-7607x41059,"0439 Theresa Junctions, Harmonberg",Blue Cross Blue Shield,858.269.6609x63547,2024-03-09
P_00919,Gabriel Miller,1982-10-05,44,Male,AB-,(410)818-4262,"418 Nancy Curve Suite 594, New Michaelbury",Medicaid,865-735-2437x79507,2023-08-29
P_00920,Erica Kemp,1971-10-06,55,Other,AB-,948.252.5122x5846,"752 Melissa Radial, New Joshua",Aetna Health,+1-265-523-9674x99902,2023-11-06
P_00921,Gina Johnson,1990-10-05,36,FEMALE,UNKNOWN_VAL,6084415912,"575 Mary Plains Suite 139, Brooksbury",Medicare,729-446-1426x20408,2024-05-30
P_00922,Richard Harris,1970-10-05,56,Male,AB-,(711)589-7873x72826,"804 Jennifer Ridge, South Christopherfurt",Blue Cross Blue Shield,3336308544,2023-05-26
P_00923,Matthew Hancock,1962-10-05,64,Male,AB+,2204931378,"93676 Ayers Tunnel, Gibsonchester",Medicaid,776-645-5459x03481,2024-03-16
P_00924,Patricia Bowen,1947-10-06,79,  Female  ,O-,502-569-3955,"923 Jacob Wells, East Michaelland",Humana,885-250-7026x4062,2023-11-20
P_00925,Douglas Rodriguez,1962-10-05,64,Male,B+,+1-614-448-7621x6483,"973 Grant Haven Apt. 695, Hullstad",Blue Cross Blue Shield,(902)335-8937,2024-03-26
P_00926,Joshua Herrera,1988-10-05,38,Male,O-,389.619.9495x16599,"4464 Thomas Views Apt. 041, Geoffreyberg",Blue Cross Blue Shield,001-986-978-5547x0189,2024-04-23
P_00927,Gregory Williams,1964-10-05,62,male,B+,+1-246-270-9367x25028,"177 Maria Park Apt. 460, North Robert",Blue Cross Blue Shield,640.779.9216,2024-05-19
P_00928,Sarah Freeman,1997-10-05,29,Female,AB+,828-832-8678x5150,"5715 Houston Springs, Millerchester",Medicaid,(789)740-9363x64605,2023-06-22
P_00929,Jason Boyer,1944-10-05,82,Male,  A-  ,633-795-6322,"256 Jones Crossroad, East Daniellechester",Aetna Health,001-974-886-9784,2023/07/04 00:00:00
P_00930,Angela Coleman,1993-10-05,33,Other,A-,405.427.0436,"164 Jimmy Crest Apt. 746, North Tonyborough",Medicare,791-798-6370,2024-11-28
P_00931,James Fisher,1957-10-05,69,Male,  O-  ,(523)706-3567,"5694 Katie Pike Suite 104, Port Territon",Humana,427.930.3248,2023-06-07
P_00932,Michael James,1965-10-05,61,Male,A+,001-252-835-6118x8203,"621 Gonzalez Run Apt. 112, South Toddtown",Cigna,966.466.3694,2023-01-06
P_00933,Marie Moore,1994-10-05,32,Female,AB+,298-545-0337x90294,"3531 Eric Glen Suite 275, Hayesville",UnitedHealthcare,001-250-930-5687,19-02-2023
P_00934,Calvin Hodge,1943-10-06,83,Male,AB+,(552)449-4891x8529,"151 Matthews Mills, Gutierrezshire",Aetna Health,,01/26/2024
P_00935,Michael Ballard,2001-10-05,25,Male,O+,(619)554-9029x4849,"577 Boyer Club Apt. 886, Colleentown",UnitedHealthcare,001-709-515-9567x83239,2023-08-02
P_00936,Alexis Wilson,05-10-1945,81,Female,B+,001-941-227-0661x85360,"02033 Sherry Estate Apt. 996, Phelpschester",UnitedHealthcare,572.803.7344,2023-11-14
P_00937,Karen Stevens,2005-10-05,21,Female,O-,890-956-5743,"54673 Charles Glen Apt. 954, Shannonside",UnitedHealthcare,330.458.8681x0253,2024-04-01
P_00938,Dr. Jay Khan,1947-10-06,79,Male,O+,(254)678-0095,"46159 Mack Bridge, North Chadshire",Blue Cross Blue Shield,+1-600-573-8854x67347,2024-09-20
P_00939,Nicole Hall,1970-10-05,56,Female,B+,001-708-894-1319,"83213 Michael Crossroad Suite 251, North Tammyshire",Medicare,+1-403-759-4094x2941,2024-10-25
P_00940,Marc Rodgers,1992-10-05,34,Male,O-,001-903-823-8876,"62895 Patricia Tunnel Suite 039, Pierceside",UnitedHealthcare,544.930.8183x632,2024-04-24
P_00941,Christopher Goodwin,1951-10-06,75,Male,A+,382.707.1548,"31178 Brown Mill, Sullivanmouth",Medicaid,919.728.8920x3028,2024-06-19
P_00942,Derrick Howard,10/05/2006,20,Male,O-,+1-323-403-6067x787,"726 Peterson Mountain Apt. 364, Woodsview",Cigna,001-651-445-3752x574,2024-03-11
P_00943,Frank Cortez DDS,2000-10-05,26,Male,O-,+1-590-518-5111x567,,Aetna Health,001-831-293-4650x2758,2024-05-30
P_00944,Mario Francis,2003-10-06,23,Male,O-,(463)633-8923x495,"0515 Sharp Walk Apt. 638, Port Danielleburgh",Humana,927-616-1862x869,2023-11-01
P_00945,Nathaniel White,1981-10-05,-45,Male,A-,970.438.5478,"193 Laura Drives Apt. 941, Lake Jeffrey",Cigna,606.325.3941x85455,2023-07-11
P_00946,Louis Flores,1977-10-05,49,Male,A-,431.840.0356x30328,"54904 Riley Throughway Suite 571, Claytonhaven",Blue Cross Blue Shield,001-862-413-2508,2023-01-19
P_00947,Jennifer Herrera,1968-10-05,58,Female,O-,(443)747-6088x2309,"89467 Phillip Club Suite 330, Paulville",UnitedHealthcare,626.928.0336x4908,11/04/2024
P_00948,Bobby Davis,1965-10-05,61,Male,B+,843.503.1016,"2284 Hood Inlet Apt. 408, Shawnfurt",Blue Cross Blue Shield,(829)351-1084,11/06/2023
P_00949,Monique Schroeder,1962-10-05,64,female,B-,001-700-526-0469x0174,"624 Jones Burg, Pricefort",Medicare,+1-784-257-3216,2023-07-12
P_00950,Thomas Hill,1947-10-06,79,Male,AB+,389.335.4407,"729 Johnson Gardens, West Danielletown",Humana,(967)714-8533x31714,2024-07-05
P_00951,Nancy Jones,1994-10-05,32,Female,O-,001-382-749-2202,"89521 Salas Plaza, North Teresaburgh",Medicare,(596)625-0507x32491,2023-06-20
P_00952,David Brandt,1962-10-05,64,Male,O+,001-625-602-7496x23838,"376 Scott Ranch, Ericside",Blue Cross Blue Shield,001-558-403-3086x41486,2023-07-26
P_00953,Amber Flores,1940-10-05,86,Other,O-,2507487159,"237 Jackson Circle, South Jonview",Cigna,693.791.1717x4003,2024-03-18
P_00954,Meghan Gordon,1986-10-05,40,Female,O-,,"36604 Baker Drive Apt. 818, East Samuelborough",Aetna Health,825.228.9404x39351,2024-06-09
P_00955,Lawrence Erickson,1975-10-06,51,Male,O+,575.826.6848x0316,"175 Jose Rue Apt. 353, Cruzview",Medicare,(798)539-3039,2024-07-20
P_00956,Chad Wolfe,1983-10-06,43,Male,AB+,(308)385-3298x7340,"974 Good Groves Suite 377, West Kathleenton",Cigna,001-767-981-9456,2024-03-22
P_00957,Crystal Cruz,1983-10-06,43,Female,AB-,001-203-640-5736x89108,"756 Zamora Bypass, Foleyburgh",Medicaid,388-877-1699,2023-08-13
P_00958,Julie Hall,1961-10-05,65,Female,AB-,841.910.4857,"65728 Angela Divide, East Melissaside",Humana,+1-688-352-4991x960,2024-02-04
P_00959,Hannah Kidd,1962-10-05,64,Female,A-,001-755-737-3043x76318,"0716 Scott Station Apt. 440, North Julieview",Cigna,8756602310,2023-10-17
P_00960,Mr. Randy Lawson,1993-10-05,33,Male,O+,(696)482-2885,"44979 Paula Landing Apt. 973, Russellmouth",Medicare,475-787-8371x053,2024-05-18
P_00961,Kevin Flynn,1999-10-06,27,male,AB+,001-577-218-5360x174,"25600 Martinez Courts Suite 677, Dylantown",UnitedHealthcare,812.679.7176x350,01/19/2023
P_00962,Michael Moore,2003-10-06,23,Male,A-,001-490-943-8817x6762,"54316 Autumn Island, Wendyview",Medicaid,225.860.4678x2036,2023-03-07
P_00963,Ashley Mckinney,1967-10-06,59,Female,A+,001-350-426-1340x973,"066 Graham Islands, Dianamouth",Humana,724.521.6943,2023-12-15
P_00964,Theresa Mason,1956-10-05,70,Female,A-,(417)380-5813x80573,"7886 Kelly Village, Dennisville",Cigna,810-970-5570x52950,2024-06-11
P_00965,Debra Davis,1946-10-05,80,  Other  ,  A-  ,001-835-599-8962x58692,"0062 Wade Circles Suite 179, Nealstad",Humana,393-478-4953,2023-04-24
P_00966,Christina Hubbard,1991-10-06,35,Female,AB-,858-301-9762x134,"6152 Carrillo Gateway Apt. 224, Williamshaven",Aetna Health,301-648-1297,2023-05-01
P_00967,Ryan Burke,1968-10-05,58,Male,AB-,+1-243-274-8126x81793,"8899 Mark Shoal, New Davidtown",UnitedHealthcare,734.805.0810,2023-04-12
P_00968,Michelle Peterson DDS,1989-10-05,37,Female,A+,001-669-890-2131x1669,"12467 Parsons Divide, East Janicestad",Aetna Health,001-683-762-0749,2024-03-01
P_00969,Ryan Price,1993-10-05,33,Male,O+,001-820-733-1465,"166 Henry Wall Apt. 304, Melissaport",UnitedHealthcare,289.864.1645,2023-09-30
P_00970,Nathaniel Frederick,1988-10-05,38,Male,O+,432-823-0724x87641,"95574 Stephens Crest, Lake Marcushaven",Medicare,693.440.8354,2023-08-22
P_00971,Kara Moreno,1944-10-05,82,Female,O-,001-888-719-2069,"325 Patrick Mount Suite 223, Ryanland",Aetna Health,(775)734-1839,2024-01-06
P_00972,John Hoffman,1944-10-05,82,Male,O+,001-602-728-0177x1062,"69447 Kimberly Shores, West Cody",Humana,+1-943-291-0323x1866,2023-03-28
P_00973,Jennifer Tucker,1948-10-05,78,Female,B+,001-647-572-0110x4083,"260 Dawn Mission Suite 795, East Michelle",Medicaid,001-742-925-3939x2242,2024-11-07
P_00974,Randy Bryant,1939-10-06,87,male,AB+,357-650-2188x521,"0363 Brandi Locks Suite 884, Port Kristen",Cigna,001-847-559-8358x94770,2023-10-30
P_00975,Cassandra Peterson,1960-10-05,66,Female,B+,(602)854-6167,"781 Lewis Mall Apt. 395, Kimberlymouth",Cigna,001-721-218-5723,2024-06-24
P_00976,Diana Lewis,1954-10-05,72,Female,O-,996.926.3896x5499,"782 Andrew Plaza, North Kristinaville",Cigna,001-942-786-6906x2515,2024-10-01
P_00977,Ashley Camacho,1976-10-05,50,Female,A-,001-409-667-1080x04587,"274 Henderson Squares, New Kenneth",Blue Cross Blue Shield,630.551.7197x25123,2023-07-22
P_00978,David Hall,1969-10-05,57,Male,A-,(775)277-7734x26587,"104 Greene Glens, South Ritaland",Medicaid,+1-828-906-1990x7466,2024-07-07
P_00979,Don Hernandez,1950-10-05,76,Male,AB+,001-517-412-4356x6830,"69525 Patel Stream Suite 735, South Taraland",Aetna Health,001-407-828-3947x6461,13-06-2023
P_00980,Lisa Fowler,1999-10-06,27,Female,AB+,+1-636-531-9627x564,"519 Long Locks, North Bryan",Cigna,(936)221-0516x4078,2023-03-03
P_00981,Ryan Mason,1959-10-06,67,Male,a+,435-937-3965,"598 Alexander Mountains, West Michaelhaven",Medicare,001-390-771-2996,2023-05-08
P_00982,Kimberly Dickson,1963-10-06,63,Female,B-,500.929.3313x2689,"0213 Chang Vista Suite 157, Millerberg",UnitedHealthcare,001-891-784-2519x5617,2024-10-04
P_00983,Lindsay Moore,1965-10-05,61,Female,B-,001-455-428-5870x630,"335 Amy Mill, Garciaborough",Blue Cross Blue Shield,(696)747-2684x746,2023-05-24
P_00984,Jesse Hernandez,1954-10-05,72,Male,B+,831.601.8508x80875,,Cigna,893-678-8663,2024-01-05
P_00985,Erin Boyle,1995-10-06,31,Female,O-,947.474.9633,"628 Christina Club, Aaronborough",Aetna Health,643.287.3450x5219,2024-03-11
P_00986,Madeline King,1970-10-05,56,Female,O+,(360)697-9629,"773 Gray Ports Suite 919, South Karenfort",Humana,001-636-765-3978x8587,2024-08-25
P_00987,Shelby Chavez,1981-10-05,45,  Female  ,O-,319.884.4496,"525 King Neck, Ramirezmouth",Cigna,+1-321-923-8487x7561,2024-03-26
P_00988,Katherine Harrell,1973-10-05,53,Female,B+,+1-232-729-0005,"1736 Pierce Haven Apt. 591, West Kevin",Cigna,,2024-05-11
P_00989,Thomas Hampton,1967-10-06,59,Male,B+,001-865-433-5359x75980,"196 Alicia Points, Gallaghermouth",Medicaid,+1-978-582-7376x3097,04/11/2024
P_00990,Robert Hardy,1941-10-05,85,male,AB+,(666)709-7978x55004,"2962 Gina Brook, Salazarburgh",Blue Cross Blue Shield,001-226-752-7825x463,2023/04/23 00:00:00
P_00991,Michael Rojas,1988-10-05,38,Male,O-,(371)917-7539x87245,"840 Murphy Island, Lake Andrea",Blue Cross Blue Shield,,2024-01-19
P_00992,Jody Wolfe,1988-10-05,38,Female,B-,4513306967,"156 Angela Tunnel, Port Sarahfort",Aetna Health,,2023-11-09
P_00993,Aaron Mercado,1990-10-05,36,Male,AB+,001-539-808-5830x684,"7238 Coleman Shores, Williamsfurt",Medicaid,975.959.5735x4105,2023-02-15
P_00994,Carlos Rowland,1970-10-05,56,MALE,B+,902-458-9881x0855,"7845 Soto Cape, East Keithville",Medicaid,3418507493,2024-09-12
P_00995,Joseph Wilson,1978-10-05,48,Male,O+,001-211-255-6613x40475,"5840 David Neck, South Morganshire",Medicare,+1-206-549-4935x658,2023-11-30
P_00996,Jennifer Hart,1969-10-05,57,Female,AB+,(547)522-4558x1708,"42449 Morales Gateway Apt. 004, Jasonside",Cigna,6482867251,2024-11-17
P_00997,Jamie Rodgers,2006-10-05,20,Female,AB+,3998873170,"813 Jerry Road Suite 691, New Cody",Medicaid,7169454662,2024-10-07
P_00998,Brittney Bailey,2005-10-05,21,Female,A+,(612)976-9876x22957,"0809 Wilson Fort Apt. 157, South Benjaminview",Medicaid,(261)644-7165,2024/09/25 00:00:00
P_00999,Brian Lopez,1963-10-06,63,Male,B+,345-582-9694x541,"049 Poole Dale Apt. 938, South John",Blue Cross Blue Shield,,2023-01-20
P_01000,Christopher Benson,1953/10/05 00:00:00,73,Male,AB-,353.542.5556,"2138 Mcmillan Wall, Melvintown",Medicare,001-754-825-2750,2024-08-16
P_01001,Jonathan Brown,1983-10-06,43,Male,AB-,682-207-2712x633,"937 Jessica Gateway, South Terry",Medicare,733.326.2776x746,2023-07-04
P_01002,Ryan Farmer,1974-10-05,52,Male,AB+,+1-577-349-2944,"7572 Ortiz Green, Lake Markfurt",Humana,+1-967-983-2031x6131,2023-10-20
P_01003,Gloria Turner,1971-10-06,55,Female,AB-,288.333.3151,"4802 Rodney Plain Apt. 193, Stephanieland",Aetna Health,954-539-7815,03/02/2023
P_01004,Brandon Stewart,1979-10-06,47,Male,ab-,806-760-8623,"6026 Lisa Inlet, Arnoldberg",UnitedHealthcare,(251)882-6135,2023-11-24
P_01005,Amy Roberts,05-10-1996,30,Female,B-,357-299-7062,"526 Barnes Landing Apt. 836, Port Peterburgh",Medicare,940-373-7308,2023-09-03
P_01006,Paul Lane,1948-10-05,78,Male,O-,490.892.0056,"0247 Palmer Islands, Hansonside",Medicaid,592.413.2738x15229,2023-10-03
P_01007,Jody Shelton,1989-10-05,37,Female,UNKNOWN_VAL,001-354-801-4938x47543,"9478 Brian Via Apt. 463, Jenkinshaven",UnitedHealthcare,575.955.0458,2023/08/28 00:00:00
P_01008,Alexis Harmon,1981-10-05,45,Female,UNKNOWN_VAL,001-770-299-0317x2113,"33156 Baker Crescent Apt. 146, North Oliviaborough",UnitedHealthcare,552.306.2260,2024-07-22
P_01009,Patrick Anderson MD,1974-10-05,52,Male,B+,531.361.4082,"71719 Stewart Streets, Brandonville",Humana,+1-595-708-1900x567,2023-05-26
P_01010,Jennifer Perez,1969-10-05,57,Female,AB+,+1-451-476-3524x130,"1066 Newton Brooks Apt. 492, West Nicole",Cigna,574.414.9057x175,2023-01-02
P_01011,Kathleen Fleming,1990-10-05,36,Female,O+,+1-375-826-1587x898,"71511 Jonathan Stream, Darrenport",UnitedHealthcare,001-984-654-6731x371,2023-09-14
P_01012,Stephanie Smith,1981-10-05,45,Female,A-,(369)354-5085x70340,"1706 Jamie Wells Apt. 112, Lewisbury",UnitedHealthcare,881-772-0357,06/15/2023
P_01013,Jennifer Smith,1957-10-05,69,Other,O+,491-654-2607,"64342 Horne Station, Port Davidfort",Aetna Health,346-362-4822x30642,2024-07-23
P_01014,Jorge Ross,1939-10-06,87,Male,O-,689.851.5923,,UnitedHealthcare,001-954-211-3713x46310,2024-10-12
P_01015,Joseph Ray,1980-10-05,46,Male,B+,+1-657-960-1883x04154,"3343 Odom Village Suite 369, Johnsonchester",Cigna,252.353.1750x40937,2024-09-05
P_01016,Brian Murphy,1960-10-05,66,Male,O-,(289)774-0952x9055,"281 Griffin Drives Suite 680, Shahburgh",Humana,216-211-9540x6278,2024-11-19
P_01017,Robert Davis,1974-10-05,52,Male,O-,421-479-5928,"12567 Taylor Alley, New Melissa",Cigna,001-561-462-7141x34277,2024-07-05
P_01018,Matthew Hall,1948-10-05,78,Male,A+,542.914.2094x2079,"58719 Thomas Causeway Suite 925, Port Rebecca",Blue Cross Blue Shield,5958587799,2024-01-02
P_01019,Rachel Freeman,1985-10-05,41,Female,AB+,495.372.3816x129,,Cigna,001-402-546-9484x12322,2023-08-15
P_01020,Terrence Grant,1974-10-05,52,Male,O-,385.570.9439,"85878 Timothy Extension Apt. 316, East Nicholas",UnitedHealthcare,3805993715,2023-08-15
P_01021,Jerry Stephens,1968-10-05,58,Male,O+,,"70494 Jackson Ville, Lawrencetown",Blue Cross Blue Shield,670.305.3558x823,2023-08-03
P_01022,Peggy Johnson,2000-10-05,26,Female,B+,+1-629-938-5028,"825 Doyle Forges Suite 156, Craigbury",Blue Cross Blue Shield,807.506.6670,2023-07-18
P_01023,Crystal Garcia,1979-10-06,47,Female,AB+,561-919-5530,"134 Jerry Park, South Alanborough",Aetna Health,493.206.1892x0045,2024-08-06
P_01024,Renee Myers,1965-10-05,61,Female,  O-  ,774-224-6847x325,"2990 Moran Forges Suite 791, North Lisa",Blue Cross Blue Shield,(709)757-8903,2024-11-28
P_01025,William Garcia,1995-10-06,31,Male,O+,+1-668-644-5657x817,"54051 Leblanc Shores, Robertview",UnitedHealthcare,5922016759,2023-11-27
P_01026,Allison Walker,1967/10/06 00:00:00,59,Female,  B-  ,614-605-8067x091,"4840 Alexander Hill Apt. 046, Melindaview",Blue Cross Blue Shield,+1-276-683-4875x256,2024-06-13
P_01027,Juan Jacobs PhD,1976-10-05,50,Male,AB-,(762)357-6013x8079,"121 Gomez Springs, Brianville",Blue Cross Blue Shield,(995)690-4315x071,2023-01-06
P_01028,Jessica Hill,1979-10-06,47,Female,B-,263.410.3231x9767,"6168 Knapp Harbors Suite 964, Kathleenhaven",Aetna Health,+1-924-441-8328x113,2023-03-18
P_01029,Patrick Becker,1974-10-05,52,Male,A+,001-279-229-7591x44894,"5846 Nicole Underpass Apt. 488, Castrofort",Medicaid,001-537-667-6497x37805,2023-01-29
P_01030,Heather Hart,1998-10-05,28,Female,A+,+1-971-862-8974,"6609 Brianna Rapid Apt. 526, Davidshire",Humana,+1-393-217-6970x85675,2023-09-02
P_01031,Sarah Graham,1953-10-05,73,Female,A-,996.370.4477,"57702 Ferrell Summit Apt. 155, Jonathanport",Cigna,8995857525,2024-09-06
P_01032,Travis Adams,1958-10-05,68,Male,A-,001-484-255-5766x3354,,Humana,+1-888-270-8942x66036,2023-02-04
P_01033,Chelsea Marshall,2004-10-05,22,Female,A-,+1-344-882-9435x00796,"77784 Joshua Coves Suite 491, South Jameschester",Blue Cross Blue Shield,001-250-372-5925,2024-09-17
P_01034,Benjamin Simmons,1951-10-06,75,  Male  ,O+,380.579.8230x7008,"490 Jason Trail, Evansburgh",Aetna Health,(392)349-4180x16959,2024-02-16
P_01035,Carrie Boone,1946-10-05,80,Female,AB-,(740)731-1828x79146,"20339 Victoria Rapids, Riggschester",Cigna,+1-494-623-9438x3754,2024-09-27
P_01036,John Mendoza,1967-10-06,59,Male,A-,585-303-0277x2179,"50553 Roger River Apt. 448, Lake Steven",Medicaid,(887)979-3889x4912,04/21/2023
P_01037,John Scott,1966-10-05,60,Male,O-,+1-469-810-4076,"2415 Robinson Shores Apt. 204, West Christown",Cigna,819.712.9433x702,2023-09-20
P_01038,Thomas Carter,1956-10-05,70,Male,O+,(335)750-1935x3110,"6731 Thomas Square Apt. 174, North Rebecca",Medicaid,,2023-03-03
P_01039,John Schultz,1943-10-06,83,  Male  ,AB-,3104149262,"400 Jones Pine, Cookshire",UnitedHealthcare,(360)225-1435x80471,2023-05-31
P_01040,Andrew Turner Jr.,1967-10-06,59,Male,A+,631-919-5960x27693,"660 Scott Parkway Suite 625, Bellview",Medicare,(824)364-0694,2023-05-29
P_01041,Peter Morgan,10/05/1940,86,Male,O-,818-227-7114x881,"019 Lambert Wall Suite 570, South Travis",Cigna,+1-665-404-4414,2023-03-12
P_01042,Tammy Cannon,1950-10-05,76,Female,AB+,001-967-808-8050x1513,"8497 Kelly Glens, South Jessicahaven",Medicare,242-207-6817,2024-08-02
P_01043,Angela Baker,1946-10-05,80,Female,A+,(359)972-3976x61054,"0076 Christopher Village, Baileyville",Cigna,001-780-907-7842x845,2023-02-13
P_01044,Kendra Patterson,1972-10-05,54,Female,AB-,670.366.7219x2283,"09215 Shaun Fall Suite 978, East Roberto",Humana,640.989.1205x994,2023-09-02
P_01045,Raymond Garza,1955-10-06,71,Male,A-,+1-280-512-2562,"08802 Henry Shoals Apt. 162, Lake Desireebury",UnitedHealthcare,,2023-01-07
P_01046,Jessica Gutierrez,05-10-1982,44,Female,AB-,001-765-586-3602,"732 Christine Fall Suite 450, South Christinatown",Blue Cross Blue Shield,+1-278-273-8718x341,2023-07-19
P_01047,Jessica Morris,2008-10-05,18,female,AB-,884-239-3004x6035,"64937 Hanson Avenue Suite 479, Lake Mariamouth",Humana,001-983-804-7027x8902,2023-09-26
P_01048,Ashley Lopez,1991-10-06,35,Female,A+,+1-205-601-9857x54738,"4062 Walter Tunnel, South Frankmouth",Humana,720.252.8515,2023-09-26
P_01049,Gary King,1984-10-05,42,Male,B-,317-588-7505,"418 Michael Course, Curtistown",UnitedHealthcare,001-507-540-4515x699,2023-08-04
P_01050,Brittany Russell,1944-10-05,82,Female,A-,+1-526-289-9473x879,"523 Nicholas Center, Robertchester",Blue Cross Blue Shield,6713241373,2024-09-30
P_01051,Emily Hinton,1956-10-05,70,Female,AB-,693-566-9436,"3145 Watson Manor Apt. 508, Victoriaport",UnitedHealthcare,(431)587-9897x6330,2023-07-16
P_01052,Christopher Summers,1959-10-06,67,Male,AB+,438.783.1960,"270 Smith Tunnel, Johnside",Humana,(966)884-7072x60275,2024-08-24
P_01053,Christina Gordon,1972-10-05,54,Female,O-,(937)238-0882x330,"982 Marshall Causeway, Coxhaven",Aetna Health,001-462-310-9863x678,10/14/2023
P_01054,Kimberly Berry,1968-10-05,58,Female,AB-,2066688127,"2846 Gordon Brooks, Gardnerland",Medicare,+1-379-222-4199x79703,2023-06-21
P_01055,Kim Baker,1973-10-05,53,Female,O-,001-509-585-4487x8904,"5867 Paul Falls Apt. 318, South Jacquelinechester",Medicare,505-999-7430x8780,2024-06-22
P_01056,Tammy Day,1940-10-05,86,Female,B-,937-312-6887x04155,"731 Cardenas Crest, Barnettfurt",Aetna Health,(347)999-4433,2024-08-20
P_01057,Christopher Perez PhD,1983-10-06,43,MALE,O+,(697)866-2084x078,"15774 Waller Dam Apt. 997, Meganmouth",Medicaid,+1-425-254-2458x6672,2023-11-10
P_01058,Christopher Mcgrath MD,1976-10-05,50,Male,A-,+1-940-560-1541x382,"883 Christina Unions Apt. 898, Taylorstad",UnitedHealthcare,,2023-03-28
P_01059,Margaret Williams,1970-10-05,56,Female,AB-,837-214-9262x7350,,Medicare,001-261-349-0910,2024-04-21
P_01060,Henry Wade,1983-10-06,43,Male,O+,645-443-0017x84627,"522 Ortega Plaza, Parksborough",Blue Cross Blue Shield,3732216656,2024-05-24
P_01061,Amy Patel,1972-10-05,54,Female,AB+,+1-661-417-1340x25006,"6434 Farmer Loop, Donaldchester",Humana,+1-750-753-4774x11602,2024-01-03
P_01062,Sara Leach,1992-10-05,34,female,A-,+1-487-255-9875,"155 Suzanne Pines Apt. 301, Mcleanview",Blue Cross Blue Shield,001-430-632-9774x4433,2023/10/11 00:00:00
P_01063,Joyce Patterson,1985-10-05,41,female,AB+,540.647.7246x4972,"067 Andrew Ranch, Hansenport",UnitedHealthcare,(698)429-9316,2023-07-21
P_01064,Kathryn Henderson,1941-10-05,85,Female,A+,359.770.2489x10557,"45651 Victoria Fork Suite 344, Lake Mistytown",Humana,606.731.3959x43578,2024-07-10
P_01065,Natalie Clark,1949-10-05,77,Female,A+,001-312-382-1112x642,"4788 Katrina Roads Suite 070, Melissamouth",Medicare,9958062632,2024-02-18
P_01066,David Douglas,1978-10-05,48,Male,O-,001-232-965-7207x98047,"9877 Martin Run, New Brianna",Cigna,(736)991-8454x41983,2023-08-03
P_01067,Dr. Christian Martin,1985-10-05,41,MALE,O+,(790)416-5159,"7871 Day Street Apt. 331, Andrewsbury",Aetna Health,334-975-6196,2023-07-12
P_01068,Lydia Thomas,1994-10-05,32,FEMALE,B+,7009278649,"51253 Nancy Turnpike, Leetown",UnitedHealthcare,437-469-3287x92746,2023-05-23
P_01069,Jose Carr,1939-10-06,87,Male,O+,931-515-2438x72075,"4494 Brittney Port, Kellermouth",Cigna,+1-796-924-3840x92771,2023-12-14
P_01070,Crystal Fields,1963-10-06,63,female,A+,350.870.5182x51103,"07591 Ramirez Streets Suite 661, Shaffermouth",Aetna Health,+1-760-715-0434x01026,2023-11-30
P_01071,Melissa Murray,1940-10-05,86,Female,O+,(865)773-2977x41050,"233 Cheryl Hills, Hodgesburgh",Medicare,,2024-09-14
P_01072,Richard Morris,1984-10-05,42,Male,O-,001-842-389-0781x62930,"71066 Ray Center Apt. 670, Barbaraview",Cigna,317-697-7963,2024-05-01
P_01073,Andrew Conrad,1973-10-05,53,Male,O-,(208)974-9612x2983,"779 Jonathan Forge Suite 596, Medinachester",Blue Cross Blue Shield,(974)382-3009,2023-07-01
P_01074,David Olsen,1987-10-06,39,Male,A-,001-350-313-3672,"7814 Amanda Place Apt. 464, Lake Johnland",Medicare,(350)594-2315x96378,2023-08-27
P_01075,Matthew Carr,2007-10-06,19,Male,A-,(218)613-6900x479,"449 Brown Key Apt. 519, New Jonathan",Aetna Health,(278)291-1926,2024-02-25
P_01076,Ryan Simmons,1984-10-05,42,Male,B-,+1-906-481-4416x66117,"06708 Matthew Path Suite 824, West Cindyfort",UnitedHealthcare,395.872.4003x0315,2023-07-31
P_01077,Hannah Hansen,1964-10-05,62,Female,AB+,(522)449-4764x19495,"99010 Michelle Valleys Suite 334, East Scott",Medicaid,001-777-708-5942x68239,2024-09-10
P_01078,Michael Scott,1964-10-05,62,Male,B+,,"51398 Mcgrath Valley Apt. 237, Alexanderborough",Medicare,+1-573-617-5252x324,2023-07-26
P_01079,Brendan Harris,1941-10-05,85,Male,O-,(779)265-6280x733,"4558 Yolanda Inlet, New Patricia",Medicare,9784286255,2024-06-22
P_01080,Sean Curry,1981-10-05,45,Male,AB+,2627587360,"226 Katelyn Squares Apt. 675, North Christopherborough",Medicare,(770)834-1477,2024-04-12
P_01081,Joshua Horton,1955-10-06,71,Male,B+,(537)413-7998x70805,"23965 Watts Lakes, Port Deanna",Cigna,001-564-645-1256x22208,2024-03-18
P_01082,Ronald Rhodes,1984-10-05,42,Male,AB+,(399)861-3807,"699 Cassie Greens, Charlesfurt",Cigna,+1-683-482-9216x29860,2023-06-11
P_01083,Jacqueline Simpson,1954-10-05,72,Other,A-,703-863-0569,"0969 Jones Forest, Garyhaven",UnitedHealthcare,+1-399-308-8860,2024-02-26
P_01084,Aaron Garcia,1944-10-05,82,Male,b+,+1-623-660-3680x858,,UnitedHealthcare,001-991-980-4384x309,2023-11-30
P_01085,Patricia Hunt,2002-10-05,24,Female,O-,421-381-8018x747,"12659 Parker Avenue, North David",Medicare,612.417.8170,2024-10-16
P_01086,Sean Snyder,1979-10-06,47,Male,B+,688-381-1859x20630,"2726 Angela Port Apt. 095, North Sarah",UnitedHealthcare,4174925136,2023-01-11
P_01087,Matthew Jones,1994-10-05,32,Male,O-,+1-870-320-9819x40146,"0772 Moore Roads, Michaelshire",Aetna Health,+1-206-335-3335,2024-11-03
P_01088,Michelle Fisher,1993-10-05,33,Female,B+,310-549-4617x30515,"209 Ramos Centers, West Theresa",UnitedHealthcare,541.835.9665x3390,2023-01-19
P_01089,Veronica Blanchard,2005-10-05,21,Female,AB+,(274)633-9195x800,,Aetna Health,865-600-3945x584,2024-11-18
P_01090,Amy Shaw,1973-10-05,53,Female,O-,001-290-823-2016x51988,"175 Stephen Junctions, Lake Bethburgh",Cigna,(577)850-4616x2284,2024-11-22
P_01091,Kimberly Paul,10/05/1965,61,Female,O+,+1-887-720-2048x7103,"7641 Carter Divide, Wilsonshire",Cigna,245.231.4595x508,2024-11-06
P_01092,Lisa Smith,1999-10-06,27,Female,B-,(595)847-3564x27294,"90982 Morris Rue, West Jennaport",UnitedHealthcare,202.436.0741x706,2024-01-22
P_01093,Christopher Morris,1987-10-06,39,Male,B-,213.741.7622,"75401 Wright Mission Apt. 584, New Daniel",Cigna,493.839.6910,2023-01-15
P_01094,William Hamilton,1957-10-05,69,Male,B+,820-664-6467,"562 Nolan Point Suite 501, Johnshire",Blue Cross Blue Shield,001-892-357-0992,2024-11-11
P_01095,Joseph Fuller,1982-10-05,44,Male,B-,,"805 Alyssa Ford, Port Michelleborough",Medicaid,6672308303,2024-10-03
P_01096,Jeffrey Wells,1984-10-05,42,Male,A+,(292)719-1050x7197,"4540 Garza Crescent Suite 387, Ruizside",Medicare,+1-443-815-5676x9597,2024-01-01
P_01097,Jennifer Martin,1969-10-05,57,FEMALE,AB+,832.843.7039x1905,"141 Kyle Brooks Suite 683, New Kimberly",Cigna,468.616.0519x170,2023-03-09
P_01098,Cynthia Curry,1990-10-05,36,Female,A-,543.673.8013x184,"57168 Robert Circles, Lake Yolandamouth",Cigna,,2024-09-05
P_01099,Rebecca Butler,1991-10-06,35,Female,O+,573-911-6885x9266,"88943 Brandon Hills, Thomasville",Cigna,(656)608-8041x8902,2023-04-08
P_01100,Renee Lopez,1940-10-05,86,Other,O-,326.617.3460x87363,"181 Shannon Dale, New Joanna",Blue Cross Blue Shield,604.950.3083x49116,2023-11-22
P_01101,Lauren Swanson,1990-10-05,36,Female,B-,486.981.3372,"155 Donna Ferry, Haleyside",Medicaid,202.513.6716,2024-06-07
P_01102,Eric Sloan,1941-10-05,85,Male,O+,887.660.2874x9072,"50391 Castillo Club, New William",Humana,279.439.8593,2023-05-08
P_01103,Dr. Richard Lucas,2001-10-05,25,Male,B+,514.469.5395x36982,"2486 Michelle Corner, Ryanburgh",Medicare,806.978.0194,2024-05-25
P_01104,Angela Padilla,1953-10-05,73,Other,O-,228-504-4712,"48748 Powell Forest Suite 886, South Saraberg",Cigna,276.806.3951x368,2024-09-04
P_01105,Karen Jones,1971-10-06,55,Female,  O+  ,(698)743-6633x75618,"7777 Hart Spurs, Tamarahaven",Cigna,461.588.3744,2023-02-10
P_01106,Stephen Bennett,1953-10-05,73,Male,B-,924-445-0256x7021,"881 Blake Stream Apt. 376, Port Evan",Medicaid,,2023-12-06
P_01107,Shannon Smith,1939-10-06,87,Female,O+,,"759 White Canyon, South Nathanielstad",Medicaid,(257)748-6328x107,2023-08-16
P_01108,Seth Rogers,1998-10-05,28,male,B-,873-384-1096x00661,"17660 Kelly Square Suite 697, New Christopherborough",Blue Cross Blue Shield,869.275.7554,2024-05-18
P_01109,Cheryl Hampton,2004-10-05,22,Female,  B-  ,(660)853-3882,"0818 Todd Path Apt. 414, East Robertbury",Aetna Health,287-445-1261x9379,2024-07-16
P_01110,Patrick Lawson,1989-10-05,37,  Male  ,B+,6947431213,"9990 Thomas Junctions Suite 687, East Brian",Medicaid,+1-336-557-8371x5104,2023-07-22
P_01111,Jesus Best,1986-10-05,40,Male,O-,395.893.2249x6737,"5791 Anthony Rapids Suite 540, New Janet",Blue Cross Blue Shield,001-644-338-8269x769,2024-10-12
P_01112,Jasmine Tucker,1969-10-05,57,female,O+,001-588-368-9969x08786,"83590 Bishop Spur Suite 447, Jacobton",Humana,725.644.5278x610,2024-03-08
P_01113,Matthew Dunn,2004/10/05 00:00:00,22,Male,A-,507-951-9391x460,,Humana,+1-558-477-7075x0139,2024-01-26
P_01114,James Fry PhD,1967-10-06,59,Male,  O-  ,946.831.7718x6266,"3386 Kylie Crest, North Sheena",UnitedHealthcare,(662)849-8640,2023-06-29
P_01115,Robert Hill,1969-10-05,57,Male,O-,370.453.6443x4954,"762 Rebecca Run, Port Charlesburgh",Aetna Health,893.748.2800x92053,2023-03-15
P_01116,Mackenzie Ross,2004-10-05,22,Female,AB-,(696)290-0192x33152,"57584 Steven Path Suite 127, Olsenshire",Medicare,001-633-633-5694x2018,2024-05-27
P_01117,Jerome Mccarty,1948-10-05,78,Male,AB+,262-595-0641,"417 Elizabeth Route, Richardsonberg",Cigna,246.555.4612,2024-01-18
P_01118,Joshua Mclaughlin,1959-10-06,67,Male,B+,(372)664-4019x89289,"3542 Soto Viaduct, Martinezside",Aetna Health,+1-260-978-1384x75134,2023-05-08
P_01119,Lisa Shaw,1963-10-06,63,Female,AB-,001-350-458-2405x5465,"9061 Claudia Tunnel, Kelseymouth",Cigna,672.853.0315,2024-05-15
P_01120,Vincent Carlson,1969-10-05,57,Male,AB-,342-780-5400x923,"8730 Cohen Prairie, Port Benjaminview",Cigna,+1-432-692-6205x5556,2023-09-06
P_01121,Jacob Hogan,2008-10-05,18,Male,B+,001-778-333-9399x4310,"8782 Erika Port Suite 728, New Sean",UnitedHealthcare,601.889.8659,2024-09-11
P_01122,Mark Simon,1939-10-06,87,  Male  ,A-,345.962.5670x327,"750 Elizabeth Bypass Suite 520, Richardshire",Cigna,6749390648,2023-01-13
P_01123,Mrs. Carol Hernandez DDS,1942-10-05,84,Female,B-,340-373-1971x890,"36729 Jessica River, Sarahchester",Medicare,566-764-7107,2023-03-24
P_01124,Gloria Richardson,1969-10-05,57,Female,O+,001-508-431-3001x618,"2900 Phillips Valley, Walterview",Medicaid,308.860.4283,2024-05-27
P_01125,Christy York,1999-10-06,27,female,AB-,564-947-1060x6067,"892 Jonathan Plains Apt. 007, Port Cathy",Humana,847.798.0117x05647,2024-08-09
P_01126,Jacqueline Avila,05-10-1954,72,Female,A+,390.233.6759x479,"784 Edwards Forge, New Adammouth",Aetna Health,234.930.4982,2024-02-12
P_01127,April Moore,1958-10-05,68,Female,AB+,001-475-754-7539x64163,"72303 Hunter Corners, Solisburgh",Cigna,(333)408-0480x8861,2024-03-03
P_01128,Jonathan Turner,1995-10-06,31,Male,B+,001-330-865-7721x127,"98176 Mccann Land, North Matthew",Medicaid,(673)871-1070x68686,2023-05-18
P_01129,Sandra Garcia DDS,2005-10-05,21,Female,b-,959.646.8953,,UnitedHealthcare,+1-295-716-6032x37014,2023-03-02
P_01130,Vincent Shelton,1995-10-06,31,Male,AB+,+1-915-419-9632x3047,"961 Michael Row Suite 338, Christopherberg",Blue Cross Blue Shield,001-290-762-8815x66030,2024-10-13
P_01131,Mark Lewis,1989-10-05,37,Male,O-,249.936.3568,"347 Kenneth Squares Suite 167, Thomasside",Cigna,843.509.6474x2932,2024-08-22
P_01132,Kelly Johnson,1952-10-05,74,Female,A+,001-629-451-6289x0845,"77331 Matthew Court Apt. 876, Walkertown",Blue Cross Blue Shield,819-874-4765x224,2023-01-08
P_01133,Erin Farmer,1982-10-05,44,Other,ab+,(792)617-5171x35284,"50057 Vega Station Apt. 766, Amandahaven",Medicare,513-783-1276x0783,2024-06-16
P_01134,Kimberly Walsh,1978-10-05,48,Female,AB-,(245)524-8816,"41765 Russell Valley Suite 119, North Destinyport",UnitedHealthcare,+1-273-391-2983x58448,2024-01-15
P_01135,Karen Taylor,1985-10-05,41,Other,AB-,971.656.8539x091,"9408 Diane Burgs Apt. 290, Greenville",Humana,+1-696-758-4029x376,2023-02-28
P_01136,Jason Flores,1990-10-05,36,Male,A-,,"9801 Adam Gateway, North Martinborough",Humana,982.386.8722x030,2023-05-23
P_01137,Shannon Brown,1986-10-05,40,Female,O-,001-369-722-3976x62154,"807 Mary Springs, South Jessica",Medicaid,+1-429-842-8635x834,2024/09/25 00:00:00
P_01138,Kevin Huang,1960-10-05,66,Male,AB-,+1-474-595-5910,"5885 Bruce Drive, West Ricardo",Humana,789.916.1905,2023-11-26
P_01139,Alicia Fields,1964-10-05,62,FEMALE,O+,001-361-849-9094,"520 Steven Tunnel Apt. 454, Port Chadville",Cigna,228.445.8487x4940,2023-08-28
P_01140,Kristen Chan,1945-10-05,81,Female,AB+,,"57529 Mark Viaduct Suite 680, Rogertown",Medicaid,6154812362,2023-04-13
P_01141,Matthew Sutton,1944-10-05,82,Male,O-,800.225.1906x7244,"7248 Washington Mount Suite 308, West Scott",Humana,+1-289-609-1006x34741,2024-05-31
P_01142,Chad Gregory,1939-10-06,87,Male,O-,(530)859-7573,"765 Ward Knolls, Dominichaven",Blue Cross Blue Shield,(885)668-5066x48782,2024-04-23
P_01143,Katrina Rodriguez,1980-10-05,46,Female,A-,7005255464,"7985 Brenda Roads, Keithtown",Blue Cross Blue Shield,714-350-5633x7069,2023-06-24
P_01144,Kelly Garza,1955-10-06,71,Female,AB+,+1-313-587-5955x9422,"241 Boone Mountain, North Aprilville",Aetna Health,001-767-474-3604x890,2023-12-01
P_01145,Wendy Walker,2000-10-05,26,Female,O-,(894)374-9347x68893,"187 Reyes Stream Suite 808, Jaimechester",Blue Cross Blue Shield,+1-252-717-9005x3126,2023-05-20
P_01146,Ryan Evans,1942-10-05,84,Male,AB-,(784)759-5876,"268 Jeremy Park, South Michelle",Medicare,683-759-4123,2024-09-07
P_01147,Carrie Thompson,1943-10-06,83,Female,B-,(980)624-5571x162,"1492 Harris Park, East Jamiemouth",UnitedHealthcare,602-581-0607x634,2024-03-23
P_01148,Meghan Smith,2005-10-05,21,Female,A-,+1-263-435-6416x2987,"15143 Dickerson Court Suite 236, Bradleyport",Medicaid,+1-952-460-2354,2024-08-29
P_01149,Dawn Snow,1950-10-05,76,Female,AB+,001-453-906-1139x0045,"234 William Camp Suite 683, West Michael",Blue Cross Blue Shield,(563)985-9818x284,2024-08-13
P_01150,Rachel Riley,1948-10-05,78,Female,B+,9054573380,"609 Smith Glen Suite 501, Aguirretown",Medicaid,966-455-8990x65869,2023-11-24
P_01151,Christopher White,1969-10-05,57,Male,AB+,930-306-3191x069,"3591 Megan Stravenue, Port Brandon",Humana,(886)312-2328,2024-04-16
P_01152,Mike Anderson,2001-10-05,25,Male,  A+  ,554-422-4922x4302,"01327 Amy Spring, West Eileen",Medicaid,909-879-1353x29561,2023-10-18
P_01153,Douglas Doyle,1998-10-05,28,Male,B-,846.376.4089x77953,"83070 Philip Freeway Suite 027, North Jennifer",Medicare,967-926-1736x29245,2024-08-10
P_01154,Craig Barber,1959-10-06,67,Male,B-,(443)482-1462,"83381 Vincent Islands, Lake Frank",Humana,490-662-7094x01441,2023-12-08
P_01155,Caitlyn Garza,1959-10-06,67,Female,O+,(545)767-0893,"6293 Dawn Mount, Danielborough",UnitedHealthcare,583-238-7895x91905,2023-07-03
P_01156,Patrick Peterson,1990-10-05,36,Male,AB-,259.250.8257x2323,"86186 Shaw Hills Suite 747, Garyville",Humana,983-256-5086x922,2024-11-25
P_01157,Faith Anderson,1974-10-05,52,Female,B-,+1-854-911-0556x24126,"809 Herring Streets Suite 964, Johnsonborough",Cigna,(342)645-3206x54326,2023-10-17
P_01158,Elizabeth Brown DDS,1984-10-05,42,Female,A+,001-537-215-2431x09156,"12252 Hill Mills Suite 787, South Samuelfurt",Humana,342-286-3070x7810,2024-08-17
P_01159,Elizabeth Combs,1965-10-05,61,Female,AB+,280-256-9421x1874,"9100 Jackson Fields Apt. 492, West Ashleyborough",Aetna Health,9642041210,2024-03-28
P_01160,Donald Faulkner,1963-10-06,63,Male,A-,905-750-3158,"6067 Holland Grove, West Alexandrastad",Cigna,956-909-5142,01/10/2023
P_01161,Christopher Cooper,1939-10-06,87,Male,O-,886.411.5111,"43593 Rodriguez Lock Apt. 650, Stephaniefort",Aetna Health,(355)431-0737,2023-02-27
P_01162,Jessica Morris,1989-10-05,37,Female,O+,8842524088,"925 Lisa Lodge Apt. 109, Port Charles",Aetna Health,001-414-900-9981,2024-03-20
P_01163,Ashley Moody,1972-10-05,54,Female,O+,(628)487-4159,"3450 Richard Green Apt. 738, Garrettfurt",Humana,(548)211-0512x92724,2024-09-02
P_01164,Katherine Jimenez,1978-10-05,48,  Female  ,AB-,536.777.8107x08240,"331 Gibson Fall, New Henrybury",Blue Cross Blue Shield,(861)262-0172x95126,2024-10-09
P_01165,Kristina Boyer,1974-10-05,52,Female,B-,001-261-410-8403,"7360 Perez Unions Apt. 399, Bradleyfurt",Blue Cross Blue Shield,001-267-260-5508x005,2024-11-15
P_01166,Andrew Garrett,1957-10-05,69,Male,O+,(650)698-0556,"941 Jose Mall, South Brandontown",UnitedHealthcare,001-329-699-0761x918,2023-07-05
P_01167,Joshua Gutierrez,1970-10-05,56,Male,A+,849.903.2177x49117,"0043 Morgan Ways Apt. 157, Deannaberg",Medicare,(595)208-3860,2024-07-04
P_01168,Kathleen Peters,1967/10/06 00:00:00,59,Female,A-,656.575.3515x347,"0812 Stephen Cape, East Travisland",Humana,6103320823,2024-06-15
P_01169,Jennifer Harper,2002-10-05,24,Female,A+,+1-309-275-7885x166,"4449 Juan Tunnel Suite 616, East Hannah",Medicaid,472.661.0540x260,2024-09-05
P_01170,Jason Le,1994-10-05,32,Male,B+,001-821-689-5688,"97453 Amanda Fall, New Kelly",Blue Cross Blue Shield,261.744.4337x360,2024-08-11
P_01171,Courtney Rojas,1991-10-06,35,Female,AB-,+1-247-463-1834x290,"278 Moore Flats Suite 615, Port Tiffanyburgh",Medicaid,367-260-8960,2023-05-08
P_01172,Stephanie Russo,1984-10-05,42,FEMALE,AB+,797.682.4256x58293,"445 Hannah Ports, Leeborough",Cigna,001-246-469-0814x4986,2023-02-17
P_01173,Jennifer Rivera,1973-10-05,53,Female,ab-,228.931.5307,"048 Black Brooks, West Bryanbury",Medicaid,645.712.9829,2023-11-17
P_01174,Brandon Clark,1991-10-06,35,Male,B-,001-478-281-4742x50743,"500 Romero Mission, Camachomouth",Aetna Health,8059357603,2023-02-15
P_01175,Yolanda Jones,1954-10-05,72,Female,AB-,(447)741-5163,"1482 Delgado Mall Suite 851, Rosemouth",UnitedHealthcare,+1-357-873-0614x60174,2024-09-08
P_01176,Steven Brown,2004-10-05,22,Male,B+,,"6540 Jeffrey Mountains Apt. 451, South Joseph",Medicare,5288265652,2023-09-19
P_01177,Jasmine Gibson,1989-10-05,37,Female,A-,001-745-740-3498x93975,"4220 Kim Isle, Nicolefort",Cigna,(258)639-0187x6927,2023-05-27
P_01178,Kayla Rivera,2000-10-05,26,Female,B+,001-928-571-5834x4302,"4240 Christina Trafficway Suite 804, Robertsonfurt",Medicare,001-498-690-8763x427,2024-01-17
P_01179,John Rodriguez,1985-10-05,41,Male,AB+,387.937.8156x162,"7138 Gonzalez Highway, Lake Danielleborough",Blue Cross Blue Shield,691-866-6162,2024-09-10
P_01180,Kimberly Sharp,1989-10-05,37,Female,AB-,+1-467-662-1822x4792,"8670 Garcia Ville Suite 148, Steveberg",UnitedHealthcare,678-352-3529x80093,2023-12-04
P_01181,Jeremy King,1988-10-05,38,Male,B-,324-771-1558x221,"1907 Ryan Mountains, Hesterborough",Medicare,531-864-5383,2023-04-11
P_01182,Candace Morris,2005-10-05,21,Female,O-,4357332101,"675 Kelly Radial Suite 977, East Codyfort",Blue Cross Blue Shield,2563825832,2023-11-10
P_01183,Robert Robinson,1942-10-05,84,Male,A-,556-836-7988x3686,"449 Anthony Lodge Apt. 267, New Donald",Blue Cross Blue Shield,4603429429,2024-07-18
P_01184,Sandra Adams,2003-10-06,23,Female,O+,535-906-9782x099,,Medicare,+1-801-250-5954x761,2024-11-25
P_01185,Vanessa Hunt,1975-10-06,51,Female,B+,204.300.5468,,Medicare,315-949-5992,06/09/2023
P_01186,Tracy Carlson,1940-10-05,86,Female,o+,+1-409-213-6417x659,"483 Johnson Port Apt. 168, North Katelynmouth",Cigna,+1-936-509-6439x45349,2023-09-13
P_01187,Aaron Silva,1949-10-05,77,Male,O+,4157353053,"248 Michelle Hills Suite 046, Andreamouth",Medicaid,551-769-3240x57411,2024-05-29
P_01188,Annette Smith,1958-10-05,68,Female,A-,891.266.7709x52185,"394 Brittany Bypass Apt. 585, Palmerborough",Cigna,+1-280-737-0377x312,2024-02-21
P_01189,Dr. Jennifer Day,1953-10-05,73,Female,A-,285-730-7487x8134,"0501 John Vista, Joneston",Cigna,6043854123,2023-06-19
P_01190,Molly Mitchell,1945-10-05,81,Female,O+,325-453-9625x56144,"10932 Mathew Radial Suite 176, North Coleport",Cigna,832.640.9652x61216,2023-01-11
P_01191,Sydney Bruce,1964-10-05,62,Female,A-,8019123301,"5673 Jeffrey Stream Apt. 684, West Johnport",Medicare,(222)780-7490x5389,2024-06-11
P_01192,Holly Mendez,1972-10-05,54,Female,B-,001-442-381-6836x2577,"872 Mitchell Crossing, Port Sharonshire",Cigna,357-698-1555,07/01/2024
P_01193,Michelle Tyler,1966-10-05,60,Female,B-,(996)543-5221,"424 Howe Skyway, New Amanda",Aetna Health,+1-220-629-1726x51342,2023-06-22
P_01194,Ryan Black,1962-10-05,64,Male,O+,231-545-6253,"41300 Daniel Circles, Rogerport",Aetna Health,(714)437-7805,2023-02-22
P_01195,Stephanie Church,1989-10-05,37,Female,A-,9269049769,"6964 Bryce Keys, Port Sethchester",UnitedHealthcare,299-267-2763x3968,2024-07-06
P_01196,Susan Gilbert,1983-10-06,43,Female,B-,,"593 Deborah Dam, Port Andrea",UnitedHealthcare,933-216-1669x7446,2024-10-08
P_01197,Ashley Ferrell,1959-10-06,67,Female,A+,001-295-511-1578x723,"55860 Richard Curve Apt. 624, Lauraside",UnitedHealthcare,001-246-793-7147x8750,2024-09-24
P_01198,Joe Jones,1981-10-05,45,  Male  ,B+,484.644.0027x4894,"79366 Krueger Heights Suite 867, North Amandaland",Medicare,(618)727-7347x74967,2023-04-20
P_01199,Julie Young,1974-10-05,52,Female,B+,618.381.5675,"4557 Walsh Burgs, Burketon",Medicare,670.345.5300x1731,2023-03-28
P_01200,Christopher Bell,2005-10-05,21,Male,O-,(612)298-5672,"5251 Harrison Roads Suite 652, Parkerberg",Medicare,001-343-274-2822x02204,2024-11-03
P_01201,Summer Sullivan,1947-10-06,79,Female,A-,826.952.0148x760,"2500 Vickie Crest, Peterborough",Medicare,(805)306-5069,2024-07-03
P_01202,Randy Rogers,1973-10-05,53,  Male  ,B-,+1-684-345-2364,"002 Amanda Lane, Powellton",Blue Cross Blue Shield,806-923-2151x7519,2023-01-06
P_01203,Cassidy Ray,1986-10-05,40,Female,B+,6584653143,"70431 Sarah Mount, East Douglas",Cigna,849.295.8936x742,2023-12-06
P_01204,Patricia Rollins,2002-10-05,24,Female,B+,001-278-773-8801x113,"923 Michael Expressway, East Steven",UnitedHealthcare,604-848-0632x44896,2024-05-15
P_01205,Sarah Howe,1996/10/05 00:00:00,30,Female,B+,001-526-916-5542x793,"14616 Larry Skyway, Jonesberg",Aetna Health,+1-265-444-1904x377,2023-04-21
P_01206,Jennifer Middleton,1982-10-05,44,female,O+,4506356237,"456 Kelly Trace Suite 119, South Lukefurt",Medicaid,001-332-426-7911x1785,2024-11-25
P_01207,Michelle Maldonado,1984-10-05,42,Female,b-,(491)769-4222,"418 Rivera Wall, Levyfurt",Medicaid,576-857-2245,2023-03-26
P_01208,Kathryn Castro,1979-10-06,47,Female,B-,840.383.3783,,Cigna,,2023-04-28
P_01209,Alexis Ruiz,1938-10-05,88,Female,B+,6924803371,"74727 Beth Roads, Lake Rickey",Aetna Health,001-589-849-5427x6293,2023-04-16
P_01210,Shelby Dixon,1987-10-06,39,Other,B+,(340)872-8195,"809 Carol Points, West Andrewborough",Medicare,462.972.4452,2023-10-08
P_01211,David Price,1958-10-05,68,Male,AB+,527.422.2155,"16993 Ashley Mills Suite 511, Morganland",Cigna,(208)762-4951x33966,2024-01-25
P_01212,Franklin Hernandez,1970-10-05,56,Male,A+,001-566-447-1181,"2391 Amanda Locks, Saraton",UnitedHealthcare,001-363-869-8516x76559,2024-06-06
P_01213,Mr. Jeremy Brown Jr.,1952-10-05,74,Male,A+,564.949.9514,"434 Kenneth Cove, Mooreborough",Aetna Health,377-474-4222,2024-03-04
P_01214,Carlos Brewer,1975-10-06,51,Male,AB+,001-397-938-1903x473,"02958 Jessica Islands Apt. 833, South Craig",Medicaid,353-351-3563x4317,2023-08-06
P_01215,James Spears,1952-10-05,74,Male,A-,454.771.5433,"76892 Antonio Plains Apt. 994, Kendraton",Blue Cross Blue Shield,(384)357-1869,2024-01-08
P_01216,Casey Pugh,1980-10-05,46,Female,AB-,+1-893-314-5365x133,"7461 Garcia Views, West Josephbury",Aetna Health,807.736.7127x470,2024-01-06
P_01217,Dr. Christopher Chavez,2000-10-05,26,Male,A-,394.806.9729x67204,"319 Deanna Mills, Edwardsside",Blue Cross Blue Shield,(747)740-1925x5317,2023-04-19
P_01218,Debbie Massey,1946-10-05,80,Female,AB-,(614)738-4039x72675,"9094 Jonathan Knolls Apt. 956, South Erica",UnitedHealthcare,5383552882,2023-03-18
P_01219,Charles Harvey,1972-10-05,54,Male,O+,(978)834-3585x99197,"586 Donald Station, Jeremychester",Medicaid,366.828.7117,2023-02-14
P_01220,Daniel Walsh,1943-10-06,83,Male,A-,+1-755-439-4506x989,"630 Padilla Pike Suite 541, Carpenterport",Medicare,614.691.4215,2024-01-10
P_01221,Veronica Johnson,1944-10-05,82,Female,B+,(776)424-2857x4040,"703 King Mountain Suite 630, Clarkemouth",Medicaid,001-797-351-0906,2024-05-30
P_01222,Douglas Freeman,2000-10-05,26,Male,B-,,"220 Mackenzie Corners, New Anthony",Cigna,(995)401-1474,2024-08-02
P_01223,Anthony Reed,1943-10-06,83,Male,O+,(752)937-8390x497,"6844 Makayla Fort Apt. 338, Nicolechester",Medicaid,219-303-4830x82413,2023-03-18
P_01224,Anthony Stanley,1984-10-05,42,Male,B-,549-503-5934x177,"307 Amy Viaduct Apt. 182, Port Patricktown",Medicaid,(239)423-1867x81108,2023-01-04
P_01225,David Weaver,1961-10-05,65,Male,B-,769.570.2579,"4411 Michael Tunnel Suite 286, New Tina",UnitedHealthcare,001-562-340-2384x920,2024-06-21
P_01226,Gregory Jones,1982-10-05,44,Male,A+,509-709-0395x72869,"106 Perez Forest, South Patrick",Cigna,534-780-2496x68992,2024-06-30
P_01227,Misty Stevenson,1976-10-05,50,Female,B-,6109154448,"74051 Smith Field, East Curtis",Humana,+1-377-259-9025x4983,2023-02-22
P_01228,Mrs. Abigail Hill,1974-10-05,52,Female,AB-,001-703-972-8102x9729,"1263 Brown Centers Suite 963, Lake Andrew",UnitedHealthcare,(425)317-6668,2024-10-09
P_01229,John Butler,1979-10-06,47,Male,AB+,733-845-9582,"2192 Kirk Bypass Suite 414, Diazborough",UnitedHealthcare,001-676-937-8256x48586,2023-05-17
P_01230,Lauren Roach,1960-10-05,66,Female,AB+,877-605-1865x06799,"15905 Morgan Ville Suite 687, West Moniquechester",Aetna Health,269-879-5080x466,2023-08-13
P_01231,Michael Fuentes,1939-10-06,87,Male,O+,(785)204-1627,"92252 Jack Trail, New Alexander",Cigna,001-344-662-7635,2024-08-20
P_01232,Deborah Farrell,1965-10-05,61,Female,B-,+1-715-512-9545x8938,,UnitedHealthcare,+1-395-322-8751x2090,07/31/2023
P_01233,Eric Andrews,1940-10-05,86,Male,B-,,"50459 Reid Cove, Yoderview",Cigna,6057975834,2024-02-09
P_01234,Dominic Davis,1995-10-06,31,Male,B+,001-642-208-4182x865,"725 Johnson Landing Suite 151, New Jamiestad",Aetna Health,,2023-07-05
P_01235,Robert Jackson,1979-10-06,-47,Male,B+,+1-748-436-9559,"0699 Olivia Mall Apt. 569, Carlychester",Humana,5827761002,2023-11-14
P_01236,Matthew Johnson,1996-10-05,30,Male,O-,+1-645-596-9157x349,,Cigna,401.588.1113x3795,2023-03-15
P_01237,Deborah Jackson,1996-10-05,30,Female,O+,870-571-2787,"879 Meagan Stream, East Emilyburgh",Medicare,(608)522-0448,2023-01-13
P_01238,Ashley Henry,1960-10-05,66,Female,B+,001-281-264-9571x04259,"422 Hubbard Parks, Lake Davidbury",Aetna Health,+1-413-777-4340x3057,2024-10-21
P_01239,Margaret Jimenez,1973-10-05,53,Female,A-,435.281.3682,"529 Jensen Plaza, Yvettefurt",Medicaid,(211)467-0062,2023-01-10
P_01240,Samantha Adams,1977-10-05,49,Female,O-,766.245.3629x213,"34496 Johnson Curve, Port Marciaport",Humana,499.245.4949x72547,2024-05-06
P_01241,Danielle Flowers,2003-10-06,23,Female,AB+,(217)656-3949,"1444 Fisher Unions Suite 748, Port Kellymouth",Cigna,(752)288-8646,2023-02-27
P_01242,Leroy Jacobson,06-10-1991,35,Male,O+,831-978-4213x913,"8393 Washington Curve Suite 154, East Jonathan",Aetna Health,(650)938-3412,2023-10-31
P_01243,David Hancock,1976-10-05,50,Male,AB+,220.874.1975x370,,Aetna Health,4858837558,2024-01-30
P_01244,Caitlin Miller,1938/10/05 00:00:00,88,Female,A-,+1-345-310-8858x998,"942 Tyler Station, West Dennis",Aetna Health,+1-606-943-3955x3433,2023-04-26
P_01245,Randy Wallace,1970-10-05,56,Male,A-,+1-304-909-3242x4300,"63324 Adam Path, Hubbardburgh",Blue Cross Blue Shield,947-883-9071x2125,2023-05-02
P_01246,Victoria Williams,1988-10-05,38,Female,B+,919-882-7244x9520,"2831 Sarah Port, Snydershire",Cigna,(616)265-0180x054,2023-07-05
P_01247,John Price,1981-10-05,-45,Male,O-,323-216-2575,"36685 Callahan Garden, Chaneybury",Cigna,+1-847-518-4581,2023-04-17
P_01248,Tammy Rodriguez,1938-10-05,88,Female,B+,001-718-323-6372,"98031 Eric Drives, South Angel",Humana,4677482522,2023-01-03
P_01249,Stacy Long,1985-10-05,41,Female,a-,,"54237 Vanessa Glens Suite 676, East Robert",Medicaid,001-476-417-4790x455,2024-05-04
P_01250,Peter Holt,1995-10-06,31,Male,O+,(696)542-5497x806,"96034 Gaines Forges Apt. 160, West Normanmouth",UnitedHealthcare,499.652.1154,2023-05-11
P_01251,Hannah Rhodes,1969-10-05,57,Female,AB-,737-790-8680x883,"364 Baker Points Suite 597, Greenstad",Aetna Health,001-642-990-4368x2756,2024-02-28
P_01252,Kelsey Brown,1969-10-05,57,Female,B-,001-278-867-2530x815,"945 Daniel Rapids Apt. 246, Jonesshire",Medicare,+1-792-875-2371x002,2024-06-30
P_01253,Angela Miranda,1964-10-05,62,Female,B-,257.305.3209x3613,"6419 Moore Port Suite 103, Snyderhaven",UnitedHealthcare,3693328940,2023-08-13
P_01254,Sandra Wilkerson,1987-10-06,39,Female,A-,001-937-909-7184x67908,"3169 Seth Ridge, South Kyle",Blue Cross Blue Shield,2102069774,2024-04-30
P_01255,Julia Brown,1985-10-05,41,Female,O+,325.266.1806,"70070 Craig Drive Apt. 212, Castroborough",Aetna Health,+1-605-310-1181x693,2023-05-28
P_01256,Janet Ford,1972-10-05,54,Female,B+,+1-587-410-1494x116,"251 Scott Dale, Williamfurt",Medicare,767-621-1702,2023-05-01
P_01257,Rachel Larson,2008-10-05,18,Female,A-,950-724-2182x54805,"24242 Lewis Landing Apt. 317, Karlmouth",Medicare,513.320.2061x3920,2023-04-19
P_01258,Jason Coleman,2003-10-06,23,Male,O+,001-274-248-2287x8073,,Aetna Health,001-696-749-9104x716,2023-09-08
P_01259,William Cordova,1964-10-05,62,Male,AB-,+1-584-646-5771x3715,"8932 Carrillo Drive, Port Taylor",Medicare,(765)648-4274x9464,2023-11-03
P_01260,Colin Blair,2008-10-05,18,Male,B+,001-402-514-3665x9453,"45335 Butler Valleys, East Kim",Medicaid,396.557.5492x03980,2024-10-19
P_01261,Madison Fowler,1969-10-05,57,Female,AB+,391-357-7014,"8162 Chad Gardens, Ethanland",Medicaid,858-576-5091,2024-04-10
P_01262,Jerry Walsh,1986-10-05,40,Male,A-,3572921510,"944 Alexis Dam, Freemanberg",Medicaid,001-406-856-9427x63808,2023-06-10
P_01263,Timothy Savage,1988-10-05,38,Male,B+,963.311.4310x753,"42642 Anthony Lane Suite 614, New Jessica",Humana,001-681-967-4289x5405,2023-02-27
P_01264,Justin Silva,1958-10-05,68,Male,O+,,"5404 David Branch Apt. 499, Wilsonfort",Humana,885.845.3905x798,2024-04-24
P_01265,William Jordan,1975-10-06,51,Male,A-,(733)795-3002,"525 Steele Motorway, Barnettborough",Blue Cross Blue Shield,325-524-5870,2023-07-19
P_01266,Dr. Bruce Wallace Jr.,1997-10-05,29,Male,A-,435.383.6249,"56944 Angela Plaza Suite 171, West Stephanie",Blue Cross Blue Shield,+1-835-489-1054x825,2023-10-16
P_01267,Karen Carr,2002-10-05,24,Female,A+,833-916-1209x928,"77515 Randy Mill Apt. 097, Barryfurt",Aetna Health,(399)812-8568x5944,2023-07-26
P_01268,Kenneth Harris,2000-10-05,26,Male,AB-,001-211-856-8540x26218,"363 Jerry Land, New Markburgh",Blue Cross Blue Shield,(991)565-6130,2024-05-10
P_01269,Jose Kim,1951-10-06,75,Male,O+,+1-948-945-4430x0745,"1465 Walter Court Suite 332, Jeffreybury",Cigna,001-963-205-7578x660,2024-05-27
P_01270,Susan Rogers,1997-10-05,29,Female,A-,866.360.6950x852,"8965 Villarreal Street, East Paul",Medicaid,874-614-1240x439,22-02-2024
P_01271,Daniel Aguilar,1966-10-05,60,Male,B+,001-360-500-1820x87163,"1918 Angelica Walks, New Amandaberg",Cigna,965-801-8175,2023-02-08
P_01272,Ashley Johnson,1994-10-05,32,Female,B+,567.452.2624x91528,"6517 Harris Ford, Port Christinamouth",Humana,593-913-5276x2559,2023-08-26
P_01273,Jacob Davis,1967-10-06,59,Male,B+,325.766.5163x91727,"362 Miranda Fields Suite 135, East Jamesfurt",UnitedHealthcare,6746968757,2023-12-16
P_01274,Ethan Fletcher,1999-10-06,27,Male,B-,+1-321-487-3982,"8877 Underwood Tunnel Suite 031, Carlport",Medicaid,001-665-608-6569x96387,2024-11-30
P_01275,Katherine Perez,10/05/1940,86,Female,B+,825-738-3410,"99766 Fisher Estate Apt. 670, New Jesse",Humana,(377)374-4108x4397,2023-04-10
P_01276,William Brown,1962-10-05,64,Male,AB+,,"20310 Sanders Haven Suite 518, Thomashaven",Aetna Health,997.388.8458x7957,2024-04-10
P_01277,Shane Miller,1986-10-05,40,Male,O-,+1-346-219-0692x395,"78668 Weaver Shore, Dustintown",UnitedHealthcare,626.350.3052,2023-03-14
P_01278,Nicole Williams,1963-10-06,63,Female,O-,965.813.3529x495,"96108 Buchanan Roads, Port Jennifer",Blue Cross Blue Shield,904.853.8687x6129,2023-05-24
P_01279,Brittany Dodson,1977-10-05,49,Female,B+,754.556.1431,"489 Sanchez Circles, Port Traci",Medicare,4086590400,2024-09-26
P_01280,Michael Johnson,1941/10/05 00:00:00,85,Male,O+,(642)937-3313x4241,"976 Megan Trace, Bowersfort",Medicaid,+1-442-392-1017x274,2024-01-18
P_01281,Steven Leach,1994-10-05,32,Male,B-,001-850-379-6313x24049,"519 Myers Orchard Apt. 457, South Leslieside",Cigna,001-968-362-3785x771,2024-10-21
P_01282,Laura Duncan,1990-10-05,36,Female,A-,291.476.7070,"796 Jill Inlet, Isaachaven",Aetna Health,730-603-9878x0646,2023-06-12
P_01283,Brandon Farmer,1996-10-05,30,male,O-,+1-568-449-8749,"92268 Mason Burg, South Michael",Blue Cross Blue Shield,001-678-854-5765x3092,2024-04-22
P_01284,Alicia Wagner,1957-10-05,69,Female,B-,322.425.7504,"6435 Ashley Villages, Mitchellmouth",Medicare,614.992.6622,2024-02-11
P_01285,Aaron Whitney,1950-10-05,76,Male,O-,(780)871-0024,"79399 Salazar Rapids Apt. 393, New James",Blue Cross Blue Shield,487.768.8386,2024-05-12
P_01286,Tyler Clark,2000-10-05,26,Male,B-,001-568-916-5223x5079,"52199 Nicholas Path Suite 960, East Sarah",UnitedHealthcare,(499)850-8672,2024-04-26
P_01287,Jessica Nichols,2007-10-06,19,Female,O-,5769777867,"190 Pearson Mill, Rebeccahaven",Aetna Health,001-293-830-5374,2024-01-06
P_01288,David Hughes,1960-10-05,66,Male,AB+,8337248773,"849 Christina View, Websterland",Cigna,429.640.6357,2024-12-01
P_01289,Samuel Greene,1989-10-05,37,male,O-,(572)768-5007x284,"99986 Lam Squares, Port Heidi",Humana,750-951-4904x873,2023-03-25
P_01290,Courtney Mitchell,1939-10-06,87,Female,A-,936-449-9610x77997,"26461 Villa Freeway, North Dylantown",Medicare,(575)207-6976,2023-07-08
P_01291,Ashley Howard,1998-10-05,28,Female,B+,+1-269-901-6812,,Cigna,645-656-5232x214,2024-03-05
P_01292,Chelsey Solis,1961-10-05,65,Female,B-,001-595-217-6993,"156 Matthews Canyon, Smithchester",Blue Cross Blue Shield,+1-651-206-3611x287,2023-01-11
P_01293,Kathryn Wilson,2004-10-05,22,Female,O-,430.969.9382x145,"89302 Brown Divide Apt. 850, Patrickton",Humana,+1-731-891-2604,2024-04-14
P_01294,Lisa Arnold,1989-10-05,37,Female,O-,+1-644-909-3865,"270 King Mount, Alyssaton",Humana,366-723-0056x09446,2024-06-17
P_01295,Brent Larsen,1940-10-05,86,Male,B-,001-235-706-6566x05059,"765 Medina Ports Apt. 793, New Kyleview",Medicare,372.899.0352,2023-04-10
P_01296,Albert Martinez,1978-10-05,48,Male,B-,(576)447-1424,"19026 Gill Dale, South Shannon",Cigna,+1-581-933-0983x1452,2023-12-23
P_01297,Patricia Smith,2008-10-05,-18,female,A-,,"580 Brandon Lake, Samanthaborough",Cigna,+1-515-775-0154,2023-11-11
P_01298,Ashley Reid,1980-10-05,46,Female,O+,679.849.1488x1514,"99541 Davis Alley Suite 562, Myersside",Medicaid,+1-954-855-3637,2023-12-27
P_01299,Larry Preston,1961-10-05,65,Male,B+,+1-490-423-4423x816,"4849 Alisha Lock Apt. 462, South Jeffery",Medicaid,380-353-3151x31356,2024-01-18
P_01300,Stephanie Martin,1971-10-06,55,Female,A-,347.934.4793x72239,"96822 Boyd Junctions Suite 313, Heatherfort",Blue Cross Blue Shield,808-374-7407x3972,2024-03-23
P_01301,Gregory Peterson,1965-10-05,61,Male,A-,399.206.1834x4251,"5519 Keith Land Apt. 863, Amytown",Cigna,661-670-6491,2024-02-26
P_01302,Zachary Vasquez,1966-10-05,60,MALE,O-,(620)315-6914x616,"3376 Smith River Apt. 341, Huntertown",Medicaid,+1-707-319-5714x514,2024-03-06
P_01303,Shannon Pearson,1945-10-05,81,Female,O-,383-287-3680x72966,"88168 Moreno Walks Suite 230, South Sarahport",Medicare,001-364-245-0300x6045,2023-12-26
P_01304,Sara Mendoza,1970-10-05,56,Female,AB+,400.427.6327,"3695 Jose Fords, Lake Paul",UnitedHealthcare,7594047353,2023-10-02
P_01305,Peter Sandoval,1960-10-05,66,Male,A+,(349)530-5397x345,"964 Robert Roads Suite 009, Mooreview",Aetna Health,3513431641,2024-02-29
P_01306,Jeffrey Barnes,1944-10-05,82,male,B+,001-402-454-2600x628,,Medicaid,494-658-9225x17475,09/06/2024
P_01307,Jimmy Sanders,10/06/1995,31,Male,A+,812-788-9563x83676,"31012 Courtney Gardens Apt. 875, Lake Kimberly",Humana,521-844-8354x574,2024-10-21
P_01308,Wesley Hoffman,1948-10-05,78,Male,AB-,(752)554-3093,"15173 Clarke Manor Apt. 689, Lake Jonathan",Medicaid,357-256-1080,2023-06-27
P_01309,Sabrina Martin,1972-10-05,54,Female,O+,823-595-5121,"28541 Cherry Expressway, Fuentesberg",Humana,(821)944-5371x50451,2023-05-10
P_01310,Jeremiah Pierce,1955-10-06,71,Male,A+,6114591326,"63554 Bishop Canyon, East Jennifer",Medicare,001-393-710-5719x7323,2023-07-28
P_01311,Gina Gibson,2008-10-05,18,Female,A-,+1-876-626-0235,,Medicaid,(679)969-9993x81919,2024-09-24
P_01312,Autumn Young,1956-10-05,70,Female,AB-,+1-819-500-2415x51758,"53327 David Trail Suite 668, Lambside",Aetna Health,(384)631-1621x065,2024-10-11
P_01313,Dawn Murray,1980-10-05,46,Female,O+,+1-265-543-1055x771,"275 Williams Roads, Amymouth",Humana,+1-635-784-3423x149,2024-07-02
P_01314,Ashley Reed,2000-10-05,26,Female,A-,+1-260-662-0981,"999 Logan Union, Julieport",Blue Cross Blue Shield,9506850134,2023-05-28
P_01315,Wesley Watts,1994-10-05,32,Male,B+,464.712.2647,"392 Peterson Rapid Suite 042, Anthonyland",Blue Cross Blue Shield,844.425.3968x527,2023-10-17
P_01316,Brent Holland,1949-10-05,77,Male,O-,222-946-6142,"09790 Craig Knolls, Port Mariamouth",Humana,+1-511-575-3317x025,2023/08/01 00:00:00
P_01317,John Schmidt,1945-10-05,81,Male,o+,7435775872,"72015 John Burg Apt. 325, Johnstonchester",Medicare,574-613-3115x196,2023-03-20
P_01318,Paul Schwartz Jr.,1946-10-05,80,Male,B+,(363)515-4309x90349,"6536 Crawford Fords, Torresborough",Cigna,714-452-2823x25348,2023-07-04
P_01319,Linda Farmer,1970-10-05,56,Female,A+,001-534-596-5775,"19706 Smith Meadows Suite 123, West Juanberg",Aetna Health,947-283-0750x1632,2024-09-20
P_01320,Marilyn Duncan,1992-10-05,34,female,B+,910-452-6963x642,"64543 Tucker Pass, Carrchester",Aetna Health,546.572.6986x3013,2023-01-31
P_01321,Lucas Hoffman,1997-10-05,29,Male,B+,001-382-617-0267x1996,"185 Kyle Mount Suite 616, Port Jasonport",UnitedHealthcare,001-952-760-6822,2023-05-22
P_01322,Andrea Osborne,1983-10-06,43,Female,O-,001-209-766-1592x93257,"9030 Justin Summit, Doyleland",Cigna,,2024-07-18
P_01323,Robert Benson,1948-10-05,78,Male,AB+,(592)507-2230,"823 Barbara River Suite 111, Lake Kathy",Medicare,+1-897-973-8792x787,2023-09-14
P_01324,Samantha Sanchez,10/05/1981,45,Female,O-,3846229665,"486 Stevens Flat Apt. 620, Roseport",Medicare,+1-384-399-1987x20298,2023-07-30
P_01325,Peter Holmes,1952-10-05,74,Male,O+,339.914.1981,"30507 Duncan Junction Apt. 443, South Colin",Medicare,001-329-880-2844,2024-09-29
P_01326,James Lewis,1949-10-05,77,Male,A+,+1-362-540-8851x63238,"57410 Thomas Estate Apt. 659, Davidmouth",Medicaid,,2023-03-07
P_01327,Wendy Wilson,1969-10-05,57,Female,ab-,246-468-4713x2901,,Medicare,(235)335-9682,2024-10-22
P_01328,Vernon Medina,1989-10-05,37,Male,A-,(835)263-1676,"1689 Steven Roads, Monicahaven",Aetna Health,001-371-281-9383x47705,2023-07-10
P_01329,Pamela Moran,1997-10-05,29,Female,AB-,430.680.2821x3114,"430 Wolf Inlet, Bradleyside",Aetna Health,+1-994-825-9634x9001,2023-11-23
P_01330,Nicholas Perez,1950/10/05 00:00:00,76,Male,AB+,550-204-1951x130,"6170 Warner Coves Suite 684, Collinsside",Medicaid,+1-820-898-7284x81818,2024-07-29
P_01331,Courtney Campbell,1972-10-05,54,Female,A-,805-557-2477x213,"09160 Silva Hill Apt. 723, New Anthonymouth",Medicaid,7665863721,2024-09-14
P_01332,Jose Wright,1980-10-05,46,Male,A+,001-804-670-5712x6565,"656 Barnes Court, Stephenville",Humana,712-507-0180,2023-11-24
P_01333,Keith Henry,1983-10-06,43,Male,AB-,001-826-325-5257,"33598 Nichols Ville Suite 186, Port Alejandro",Medicaid,334-222-9978x532,2023-05-08
P_01334,Cynthia Santana,1987-10-06,39,Female,  A+  ,+1-593-909-0400,"8490 Patricia Canyon Suite 650, Port Michael",Medicare,+1-470-990-9590,2024-10-21
P_01335,Kristy Nelson,1999-10-06,27,Female,A+,869.619.9183,"2696 Robert Fields, Mckayfort",UnitedHealthcare,477-852-9694,2024-06-30
P_01336,Heather Nelson,1957-10-05,69,Female,AB+,+1-697-788-1412,"7050 Morgan Junction, West Russellview",UnitedHealthcare,581-388-8678x9501,2024-03-01
P_01337,Christina Murray,1943-10-06,83,Female,O+,541.442.0134x984,"0462 Wells Mews, Port Michael",UnitedHealthcare,523.662.7330x890,2024-05-20
P_01338,Elizabeth Sanders,1940-10-05,86,Female,A-,943.921.0954x96861,"79099 Heather Stravenue, Randychester",Blue Cross Blue Shield,,2023-05-05
P_01339,Tracy Flores,2001-10-05,25,Female,O+,001-762-710-9028x057,"04441 Simmons Ville, Frazierton",Aetna Health,(772)475-6220x217,2023-11-27
P_01340,Kristina Elliott,1949-10-05,77,Other,A+,2539701376,"32489 Mariah Divide, Lake Steven",UnitedHealthcare,656.377.9466x8532,2024-07-04
P_01341,Mrs. Diane Barnes,2007-10-06,19,  Female  ,O+,+1-698-880-7757,"578 Foster Hills Suite 192, Devinshire",UnitedHealthcare,846.782.9851,2023-12-04
P_01342,Michael Henry,1973-10-05,53,Male,B+,551.618.7786,"4877 Turner Lodge, New Sean",Humana,001-210-831-8872x7796,2023-05-10
P_01343,Jonathan Boyd,10/06/1995,31,Male,O-,(474)320-5057x8462,"46518 Mathews Trail Apt. 531, North Kelly",Cigna,838-829-8790,2024-06-24
P_01344,Ashley Fowler,1986-10-05,40,Female,A-,(760)717-0593x96701,"64124 Frye Landing, Ericstad",UnitedHealthcare,001-478-473-5168x320,2023-09-28
P_01345,Julie Martinez,1962-10-05,64,Female,A-,218.200.2149,"5557 Wright Spur Apt. 282, New Carlos",Medicare,(518)736-6949,2023-07-30
P_01346,Martin Warren,1987-10-06,39,Male,A-,(498)973-2975x8456,"370 Jordan Hills, Sweeneyhaven",UnitedHealthcare,659-989-0906x609,2024-01-30
P_01347,Valerie Velasquez,1966-10-05,60,Female,AB+,(964)465-8899,"4631 Jessica Spur Suite 209, South Kevin",Cigna,290.498.1122,2023-11-17
P_01348,Benjamin Rios,1994-10-05,32,Male,AB-,(785)613-6840,"652 Tracy Alley, Jimenezstad",Medicare,990-503-2260,2023-05-14
P_01349,Shane Hicks,1977-10-05,49,Male,AB+,532-467-4846x4310,"85437 Benjamin Orchard, North Julie",Medicare,+1-858-421-9645,2024-02-14
P_01350,Daniel Buck,1971-10-06,55,Male,A-,+1-912-355-8898x39230,"25706 Leach Mount Suite 924, Priscillamouth",Cigna,575-397-1131x5687,2023-05-31
P_01351,Carlos Moore,2005-10-05,21,Male,O-,359-263-9468x4583,"58587 Nicholas Springs, Lake Leah",UnitedHealthcare,(402)571-9264x210,2023-01-30
P_01352,Jeffrey Martin,2000-10-05,26,Male,O+,280.373.6649x70695,"433 Gutierrez Field Suite 021, Port Davidhaven",Medicaid,400.200.8222x0532,2024-03-17
P_01353,David Higgins,1982-10-05,44,Male,O+,(308)698-0466x1710,"247 Prince Ridges Apt. 173, Port Philipmouth",Cigna,4689885760,2024-01-14
P_01354,Craig Coleman,1987-10-06,39,Male,O-,450.924.5063,"524 Donna Meadow, Kimberlymouth",Medicaid,(646)286-6764x69142,2024-08-31
P_01355,Timothy Houston,1965-10-05,61,Male,A+,001-913-574-3784x710,"22583 Timothy Tunnel, Lake Jessica",Blue Cross Blue Shield,934.950.1541,2023-04-24
P_01356,Julia Kidd,2000-10-05,26,Female,O+,(910)500-0591x18624,"348 Justin Crossroad, Wallerfurt",Medicare,915.755.8008,08/20/2023
P_01357,George Murphy,1989-10-05,37,MALE,B-,001-631-683-8237x084,"501 Crystal Corners Apt. 854, New Shelleyburgh",UnitedHealthcare,+1-532-964-5701x773,30-07-2023
P_01358,Austin Henderson,1966-10-05,60,Male,O-,960.554.9712,"082 Martin Rue, Mcdonaldchester",Cigna,001-799-890-6041x86960,2023-04-07
P_01359,Sara Miller,1977-10-05,49,Female,B+,001-582-789-2107x5864,"97533 Gonzalez Greens, New Crystal",Aetna Health,(691)886-1756x86345,2023-11-19
P_01360,Michael Jackson,1956-10-05,70,Male,AB-,2692925583,"8087 Sullivan Gardens, Julieville",Blue Cross Blue Shield,001-908-485-3488x3192,2024-11-13
P_01361,Sarah Patrick,2003-10-06,23,Female,O-,383.840.7932x818,"77110 Justin Extensions Apt. 736, South Larrymouth",Medicaid,001-341-579-1848x00000,2023-01-10
P_01362,Sandra Mcdaniel,05-10-1962,64,Female,AB+,(314)589-0401,,Humana,001-764-556-1846x891,2023-02-16
P_01363,James Murphy,1955-10-06,71,Male,AB-,001-274-570-9148x71929,"265 Martinez Mountains, Stephensland",Medicare,(466)969-9169,2023-04-07
P_01364,Michael Leonard,1979-10-06,47,Male,O-,966.957.4865x97759,"3800 Flores Street Suite 823, Port Thomas",Blue Cross Blue Shield,993.847.4126,2024-05-13
P_01365,Joan Griffin,1950-10-05,76,Female,O-,+1-585-546-0521x7321,"587 Lauren Pass, East Tonyaburgh",Blue Cross Blue Shield,001-555-976-9308,2024-11-10
P_01366,Amanda George,2000-10-05,26,Female,B+,001-619-506-2315,"9197 Orozco Motorway Apt. 848, Freemanville",UnitedHealthcare,001-872-749-8596x343,2024-02-25
P_01367,William Garrison,1972-10-05,54,Male,A-,+1-841-462-6724x089,"13215 Coleman Circle Apt. 918, Wilsonville",Aetna Health,3452999207,2024-03-17
P_01368,Angela Garcia,10/05/1952,74,Female,O-,+1-396-305-0346,"41741 Russell Key Suite 451, East Michele",Medicaid,859-516-4915x66303,2024-11-26
P_01369,Jason Parker,1986-10-05,40,Male,O+,(350)807-4435x2501,"64706 Austin Vista Suite 781, West Caleb",UnitedHealthcare,224-648-6491x53509,2023-12-06
P_01370,Heather Sherman,1975-10-06,51,Female,A-,940.363.9294x65132,"49912 Cannon Tunnel, Tiffanybury",Medicare,847.509.8192x05091,2023-12-18
P_01371,Megan Mcmahon,1981-10-05,45,Female,B+,+1-436-625-9328x65711,"83006 Monica Trace, New Jasonburgh",Medicare,851-267-9177x619,2023-01-09
P_01372,Robert Davis,1971-10-06,55,Male,AB+,,"53562 Ball Stravenue, Tinatown",Blue Cross Blue Shield,001-440-394-1477x16828,2023-06-16
P_01373,Carl Mitchell,1990-10-05,36,Male,O-,+1-221-563-6297,"473 Tasha Estates Apt. 224, Port Ryan",UnitedHealthcare,483.968.1254x145,2024-08-30
P_01374,Joshua Woods,1939-10-06,87,Male,AB-,+1-604-347-4176x434,"7940 Holt Falls, Jayshire",UnitedHealthcare,324.744.8345,2023-02-21
P_01375,Abigail Pierce,1992-10-05,34,Female,B+,001-297-875-4728x157,"50162 Anthony Fields Suite 714, Amyfort",Cigna,(448)549-2615,2023-03-30
P_01376,Paul Dunn,1984-10-05,42,Male,AB-,001-408-408-2078x0988,"252 Adam Squares, Katrinaborough",Aetna Health,+1-254-479-1302x7929,2023-02-02
P_01377,Alison Pope,1957-10-05,69,Female,B+,(527)798-2579,"26032 Kevin Plaza Apt. 770, East Timothyside",Medicaid,671-850-6852,2023-11-06
P_01378,Katrina Lutz,1950-10-05,76,Female,B-,001-359-420-8515,"866 Andrew Ports, Levyport",UnitedHealthcare,001-541-817-1590,2023-05-23
P_01379,Thomas Le,1984-10-05,42,Male,O-,872.659.0125,"3297 Fuller Club, Larryburgh",Medicaid,001-295-999-5719x4770,2023-03-29
P_01380,Kyle Miller DDS,2003-10-06,23,Male,AB-,001-403-553-3635x9217,"51558 Fisher Viaduct Apt. 438, Brownville",Medicaid,754-621-1889,2024-06-23
P_01381,Steven Hanson,1970-10-05,56,Male,A+,001-365-695-1733x6664,"37400 Ashley Centers, Port Danielchester",Humana,782.624.4326,2024/02/25 00:00:00
P_01382,Ms. Morgan Miller,1963-10-06,63,Female,AB-,698.519.7855x17915,"803 Richardson Station Suite 893, West Christinaton",Aetna Health,509.510.0695x69819,2023-11-06
P_01383,William Lee,1991-10-06,35,Male,A+,(779)226-6403x0750,"0810 West Centers Apt. 796, Coreymouth",Medicare,+1-720-586-5374x945,2024-02-07
P_01384,Angela Diaz,1992-10-05,34,Female,A-,001-366-254-9347x8126,"863 Brian Rapid Suite 030, Burtonhaven",UnitedHealthcare,376-323-2558,2023-10-04
P_01385,Michelle Howell,1971-10-06,55,FEMALE,A-,,"2467 Logan Underpass Apt. 042, Charlenechester",Cigna,871-325-4458x47951,2023-12-06
P_01386,Scott Gilbert,1964-10-05,62,Male,O-,840-490-5444,"16538 Velasquez Valleys Apt. 907, Myersfurt",Aetna Health,952.244.2031x5799,2024-06-12
P_01387,Stephanie Bowers,1940-10-05,86,  Female  ,A+,512-845-0778,"0968 Nancy Port, East Stephen",Humana,001-466-823-9352x60177,2023-11-05
P_01388,Jonathan Massey,1993-10-05,33,Male,A-,226.313.5427,"32002 Atkins Spur, North Joshua",Medicaid,001-767-840-7185x3311,2023-01-01
P_01389,Jonathon Morris,1972-10-05,54,  Male  ,A+,(428)375-3184x83364,"96458 Walton Lane Suite 393, East Wandaburgh",Blue Cross Blue Shield,468-380-7018,2024-06-01
P_01390,Rodney Koch,1955-10-06,71,Male,O-,657-241-2512x18833,"9194 Chaney Station, Crystalfort",Humana,(269)562-5367x11712,2024-07-13
P_01391,Holly Mata,2005-10-05,21,female,B-,001-441-475-6592x300,"23716 Collins Forge Apt. 519, Simsburgh",Aetna Health,511-252-9270,26-05-2023
P_01392,John Mccoy,1979-10-06,47,Male,A-,(201)317-3101,"460 Lori Ferry, West Brendafurt",Medicaid,(986)551-0389x53722,2024-05-06
P_01393,Taylor Rojas,1985-10-05,41,Male,O+,2259324488,"657 Bauer Island Suite 395, New Ashley",Aetna Health,363-312-4534x749,2023-04-20
P_01394,Monica Baker,1968-10-05,58,Female,A+,681.982.2234x494,"485 Osborne Turnpike Suite 451, Gregorystad",Cigna,529.391.4260x713,2023-01-12
P_01395,Stephanie Anderson,1949-10-05,77,Female,O-,(346)512-3955x4525,"06773 Sherry Springs Suite 803, West Richard",UnitedHealthcare,(420)375-3919x1938,2024-04-24
P_01396,Nathan Ware,1944-10-05,82,Male,O+,001-250-873-9848x5505,"1146 Steven Parkway, Randallchester",Medicaid,(317)662-7243,2024-05-30
P_01397,Jack Oneill,1988-10-05,38,Male,B+,(814)599-7530x144,,UnitedHealthcare,498-284-8131,07/30/2024
P_01398,Sherri Sanchez,1958-10-05,68,FEMALE,O-,+1-498-293-0922,"417 Russell Tunnel, Williamsfurt",Medicaid,938.928.2667x40009,2024-10-22
P_01399,Michael Carter,1944-10-05,82,Male,AB-,+1-562-259-5901x21355,"53436 Price Prairie, South Bryan",Medicaid,356.644.0314x8221,2024-06-22
P_01400,Erin Moses,1997-10-05,29,Female,  B+  ,001-772-705-5532x168,"26945 Michael Pike Apt. 607, East Tricia",Aetna Health,249.393.9288x66898,2023-01-31
P_01401,Mark Peterson,1945-10-05,81,Male,B-,001-328-854-4305x23614,"707 Tyler Green, North Brandon",Humana,+1-350-229-4079x93977,2024-05-02
P_01402,Katie Willis,1961-10-05,65,Female,O+,(690)354-2487x840,"1408 Freeman Ports Suite 156, East Brittany",Blue Cross Blue Shield,+1-837-590-1688x4047,2024-01-29
P_01403,Richard Holt,2007-10-06,19,Male,AB-,001-447-691-4159,"6774 Ryan Garden, Ramirezchester",Medicaid,001-367-385-6371x6436,2023-03-16
P_01404,Jared Holmes,2008-10-05,18,Male,B-,001-952-641-7168,"256 Joshua Streets Apt. 251, North Melissatown",Aetna Health,(388)231-4914,2024-04-05
P_01405,Natalie Williams,1983-10-06,43,female,O+,874-374-8157,"38021 Jonathan Unions Apt. 470, Lake Tylershire",Humana,(478)757-4364,2023-07-26
P_01406,Megan Shelton,1992-10-05,34,Female,A-,8264915466,"2972 Kristen Trail, Lake Darren",Aetna Health,270.486.3344x53975,2023-01-25
P_01407,Martha Watts,1978-10-05,48,Female,A-,556.898.0284x40278,"684 Rodriguez Wells, Lindseymouth",UnitedHealthcare,+1-804-247-5153x792,2024-02-22
P_01408,Jessica Huang,1964-10-05,62,Female,O-,001-923-482-0002x97806,"5530 Edward Extension Apt. 288, South Cindyborough",Medicaid,383-822-3272x34424,2023-07-14
P_01409,Jose Hawkins,1943-10-06,83,Male,O+,+1-414-689-9482x2332,"1999 Miller Pass Apt. 863, North John",Humana,,2023-03-10
P_01410,John Klein,1956-10-05,70,Male,O-,589-297-4422x597,"4850 Krista Mill, Melanieberg",Aetna Health,001-900-760-8307x7366,2023-11-02
P_01411,Heather Stone,2007-10-06,19,Female,AB+,215.473.3353x8379,"940 Kim Street, Erikamouth",Medicare,(619)227-8120x7962,2023-10-24
P_01412,Rebecca Gomez,1955-10-06,71,Female,B-,,"70117 Little Isle, Gibsonport",Humana,235.910.6744x4998,2023-03-18
P_01413,Michael Freeman,1976-10-05,50,Male,A-,588.503.0249x2300,"87155 Victoria Flat Apt. 038, East Karenview",Medicaid,213.673.1295,2024-09-25
P_01414,Jose Hodge,1961-10-05,65,Male,AB+,001-481-998-7599x7322,"928 Nicole Squares, Clarkshire",Aetna Health,806-520-4678,2023-02-03
P_01415,Patricia Daniels,1998-10-05,28,Female,AB-,(891)694-8670x7698,"9118 Miller Coves Suite 427, West Matthew",Humana,430.518.0872x584,2024-07-14
P_01416,Candace Dennis,1958-10-05,68,Female,A+,(575)321-5272,"434 Jessica Lights, New Eric",UnitedHealthcare,675.897.2777x198,2024-07-31
P_01417,Colin Buckley,1941-10-05,85,Male,b+,(957)340-9683x4869,"462 Annette Track Suite 736, West Johntown",UnitedHealthcare,+1-511-300-0778,2024-07-18
P_01418,Joseph Baird DDS,1975-10-06,51,Male,O-,474.419.8703,"81933 Eugene Well Suite 454, Jessicaport",UnitedHealthcare,001-947-627-8792x44771,2024-10-27
P_01419,Tammy Grant,2001-10-05,25,Female,O+,499.542.0613x769,"1825 Rhonda Plains Suite 879, New Chadhaven",Cigna,721-826-3581,2023-07-20
P_01420,Amanda Choi,1982-10-05,44,Female,O+,(622)551-9335x6284,"282 Johnson Courts Apt. 520, West Johnton",Cigna,001-818-828-1247,2024-01-22
P_01421,Rebecca Owens,1982-10-05,44,Other,AB-,503.917.2940,"37684 Kevin Shoal Apt. 967, New Kellymouth",UnitedHealthcare,592-708-4965,2024-09-22
P_01422,Laura Williams,1985-10-05,41,Female,B-,(984)959-3401x0752,"57502 Matthew Gateway, Lake Ericburgh",Medicare,,2023-04-05
P_01423,Rachael Harrison,1960-10-05,66,Female,A-,723.396.7783x907,"80662 Fischer Road Suite 099, South Jasonberg",Blue Cross Blue Shield,(891)376-4803,2023-09-13
P_01424,Mary Kelly,2004-10-05,22,Female,B-,602-691-9565x058,"492 Amanda Villages, Jenniferton",UnitedHealthcare,001-522-893-5117x486,2023-12-25
P_01425,Timothy Moss,1969-10-05,57,Male,AB+,(784)560-7043x517,"2610 Nguyen Flats, Port Nicolemouth",Medicaid,+1-796-712-6508x89975,2024-11-03
P_01426,John Burke,1949-10-05,77,Male,AB+,988.616.6809x6511,"732 Thomas Mission Suite 457, Paulamouth",UnitedHealthcare,6607855883,2023-08-14
P_01427,Drew Raymond,10/05/1986,40,Male,A-,727.454.1156,"0156 Peter Throughway Apt. 805, South Valerie",Blue Cross Blue Shield,001-320-808-5463,2023-10-01
P_01428,Randy Randolph,1938-10-05,88,Male,B-,(506)564-9323x75583,"149 Debra Knolls, Williamshire",Aetna Health,+1-328-220-6665x34797,2024-05-12
P_01429,Alison Richard,1987-10-06,39,Female,B+,300-903-2666,"864 Benson Squares, South Teresaberg",Blue Cross Blue Shield,476.350.2942x5012,2024-01-17
P_01430,Dakota Harris,1940-10-05,86,  Male  ,a+,592-571-9766x16242,"07017 Webster Hill, Randyside",UnitedHealthcare,,2023-04-27
P_01431,Scott Harris,10/06/1951,75,Male,O+,(833)415-3497,"4103 Bailey Hills, South Joshuachester",Medicare,001-868-298-2397x327,2023-03-28
P_01432,Joseph Dominguez,1977-10-05,49,Male,  B+  ,001-763-455-5012x19914,"59530 Kim Loaf Suite 497, West Latashaport",Cigna,559-991-4521x020,2023-08-18
P_01433,Jodi Wright,1982-10-05,44,Female,A+,001-960-942-1210x0468,"10084 Edwards Extensions Suite 568, Hessburgh",Medicaid,(290)754-4171,2024-07-08
P_01434,Mr. Daniel Dennis,1952-10-05,74,Male,A+,+1-536-790-7064x872,"951 Walter Roads, North Kevin",UnitedHealthcare,700.748.3076x2732,2024-08-28
P_01435,Christopher Kirby,1959-10-06,67,Male,AB+,538-932-6225x0634,"230 Jordan Loop, Rogerstad",Humana,001-903-380-9541x85203,2024-07-20
P_01436,Robert Martinez,1969-10-05,57,Male,O+,2445330509,"96008 Wiley Lodge Suite 865, Adrienneport",Medicare,(925)727-7685,2024-06-15
P_01437,Jessica Tate,1988-10-05,38,Female,A-,742-492-7750x1932,"4942 Kathryn Extensions Apt. 660, Gregghaven",Aetna Health,549-787-1420,2024-11-29
P_01438,Jonathan Dean,1986-10-05,40,Male,AB+,524-804-9386,"17553 Jessica Flats, Robertamouth",Cigna,+1-663-806-5858x2765,2024-09-22
P_01439,Susan Willis,2000-10-05,26,Female,AB-,758-397-3037,"429 Ricky Mountain Suite 190, Edwardsmouth",Humana,(811)855-5107x4981,2023-11-11
P_01440,Brandon Peters,1973-10-05,53,Male,a+,+1-401-871-8729x701,"156 Deborah Green, North Peter",UnitedHealthcare,(711)469-7690x543,2024-03-26
P_01441,Sherri Cobb,05-10-1980,46,Female,A-,001-219-947-1902x3271,"57592 Shawna Garden, Port Tinaport",UnitedHealthcare,899.505.6431x72104,2023-03-01
P_01442,Austin Jones,1991-10-06,35,male,  O-  ,001-767-601-9878x350,"9318 Jeffrey Court Apt. 547, New Bettyborough",Aetna Health,313-850-5407x647,2023-10-10
P_01443,Mark Nelson,1956-10-05,70,Male,A-,(281)931-4539x48072,"584 Nichols Center Apt. 227, Krausetown",Cigna,(418)906-6725,2024-11-02
P_01444,Paul Blair,1944-10-05,82,Male,UNKNOWN_VAL,244-551-9067x7421,"3443 Garcia Springs, Garymouth",Blue Cross Blue Shield,001-654-823-7353x4972,2024-08-16
P_01445,Tracy Combs,1939-10-06,87,Female,A+,+1-832-225-3502x2774,"84713 Eaton Junction, Hobbsfort",Medicaid,001-652-422-1200x4023,2023-12-28
P_01446,Dr. Chelsea Gregory,1974-10-05,52,FEMALE,B-,+1-273-484-5350,"6383 Gray Port, Danielleborough",Aetna Health,(558)669-4919x97851,2023-04-26
P_01447,Ethan Flores,1981-10-05,45,Male,AB+,001-529-367-7375x942,"66633 Lopez Passage Apt. 911, Jordanville",Aetna Health,(682)249-7705x4911,2024-10-19
P_01448,Jessica Day,1985-10-05,41,Female,AB-,765.312.6749x0753,"345 Martin Port, East Kevin",Medicare,+1-656-951-5822x309,2024-02-22
P_01449,Gloria Simmons,1981-10-05,45,Female,A+,(856)912-4983x34414,,Blue Cross Blue Shield,+1-629-908-3116x8674,2023-10-25
P_01450,Jessica Fox,1970-10-05,56,Female,AB-,632.307.1811x694,"9718 Parks Station, West Jeremyshire",Aetna Health,+1-674-705-4191,2024-06-04
P_01451,Bryan Martinez,1966-10-05,60,Male,A-,342.461.4227x4045,"589 Debra Burgs, North Juliastad",Blue Cross Blue Shield,,2023-06-03
P_01452,Norma Small,1967-10-06,59,Female,A-,(585)349-9726,"81086 Ramos Center Suite 295, Georgeborough",Humana,940-864-2823x59848,2024-03-04
P_01453,Mary Medina,1975-10-06,51,Female,AB-,(548)941-2123x49605,"627 Jeremiah Dam, Nelsonborough",UnitedHealthcare,(611)938-8705x7162,2024-06-21
P_01454,Thomas Gordon,1951-10-06,75,Male,AB-,6095646146,"0166 Spencer Trace Suite 778, Jerryberg",Aetna Health,597-453-9303x6199,2023/12/03 00:00:00
P_01455,Alison Mueller,1964-10-05,62,Female,o+,001-261-557-4236x837,"71865 Stephen Lodge Apt. 204, Morganmouth",UnitedHealthcare,(456)463-6363x8139,2024-03-31
P_01456,Christine Brown,2006-10-05,20,Female,B-,921-503-7998x2048,"012 James Trail Suite 937, Ericksonstad",Medicare,,2024-01-06
P_01457,Alexis Mitchell,1956-10-05,70,Female,O+,440.485.0749x1139,"9649 Amy Drive, Hoffmanland",Cigna,880.903.3833,2023-09-08
P_01458,Roy Gonzalez,1981-10-05,45,Male,O+,001-861-340-4761x945,"181 Alexander Squares Suite 292, East Bryan",Medicaid,+1-378-295-8932x010,2023-05-01
P_01459,Crystal Acosta,1940-10-05,86,Female,O-,(674)678-3019,"88344 Hernandez Gateway, Carterview",Blue Cross Blue Shield,+1-541-478-5847x702,2023-07-22
P_01460,Margaret Miller,1952-10-05,74,Female,B+,+1-415-571-9104x397,"02425 Marc Spur Suite 310, Farmerchester",Humana,+1-844-318-7768,2024-04-26
P_01461,Timothy Schultz,1969-10-05,57,Male,O+,329.262.0429x758,,Medicare,406.751.1768,2023-03-16
P_01462,Francisco Hernandez,1969-10-05,57,Male,AB-,280.604.9605x46905,"170 Martinez Causeway Suite 730, Hansenmouth",Medicaid,226-432-2844x13335,2023-10-28
P_01463,Angela Lewis,1975-10-06,51,Female,O+,001-870-402-3358x2350,"1570 Gary Lock Apt. 416, West Jeffreyview",Cigna,749.918.9245,2023-12-30
P_01464,Marilyn Sims,1979-10-06,47,female,B+,001-333-730-4030x5818,"50629 Michael Villages Apt. 994, New Dianaview",Cigna,001-837-733-3129x38655,2024-05-03
P_01465,Amy Moore,1973-10-05,53,FEMALE,O-,(408)905-3847,"32465 Amy Springs Suite 914, Wilsonburgh",Medicare,2142079834,2024-01-14
P_01466,Jill Jones,1973-10-05,53,Female,A-,+1-560-410-8317x34996,"5339 Shields Islands, North Troy",Aetna Health,528-961-2240x00259,2023-10-14
P_01467,Felicia Fernandez,1970-10-05,56,female,O+,+1-635-200-2287,"7842 Michael Road Apt. 264, North Cynthia",UnitedHealthcare,001-628-984-1634,2024-06-21
P_01468,Leslie Lopez,1955-10-06,71,female,B-,+1-296-693-9205x5157,"330 Robinson Road Suite 815, Lake Paul",Medicare,544.233.7314x0290,2023-02-12
P_01469,Brian Mcdaniel,1986-10-05,40,Male,A-,7397111407,"621 Escobar Glen Suite 430, Jasonview",UnitedHealthcare,001-875-350-8238x28881,2023-12-22
P_01470,Joyce Miller,1953-10-05,73,Female,ab+,688-407-3271x46355,"8638 Thompson Fords Apt. 383, Port David",Medicaid,4498432740,2023-10-23
P_01471,Joshua Williamson,1976-10-05,50,Male,b+,758-602-3310x818,"1438 Thomas Oval, Rebeccaton",Blue Cross Blue Shield,001-494-647-1813,2023-04-09
P_01472,Jennifer Stephenson,1943-10-06,83,Female,A+,001-446-713-3547x3370,"6348 Rachel Crescent Suite 771, Lake Shannonview",UnitedHealthcare,001-722-339-6652,2023-01-07
P_01473,Brian Smith,1966-10-05,60,Male,O-,001-227-945-7456x59925,"37364 Nathaniel Fort Suite 121, Phillipton",UnitedHealthcare,400.595.8304x2863,2024-06-17
P_01474,Cassandra Howard,1979-10-06,47,FEMALE,A-,374-874-4936x67352,"340 Rhonda Parkways, Ballardtown",Humana,+1-539-734-9647x935,2024-03-18
P_01475,Carla Garcia,2004-10-05,22,Female,B-,242-362-6718x89267,"1916 Gonzales Ferry, North Jacqueline",Cigna,+1-677-759-4144x7720,2023-12-29
P_01476,Courtney Haley,1985-10-05,41,Female,A-,001-869-279-1627x6243,"00798 Jared Forge Apt. 787, Lake Courtney",Cigna,(939)921-1878x16269,2024-04-09
P_01477,Patrick Wilson,1976-10-05,50,Male,A+,7592734468,"479 Bryant Shores, New Jim",Cigna,+1-861-866-2908x7929,2024-06-17
P_01478,Renee Simmons,1987-10-06,39,Female,AB+,,"5504 Debra Harbor, Lake Jameshaven",Medicare,489.201.1752,2023-08-14
P_01479,Steven Harrison,1962-10-05,64,Male,A-,4777988618,"166 Williams Extension Apt. 280, East Rebecca",Medicaid,(944)766-1651,10/17/2023
P_01480,James Haney,1969-10-05,57,Male,B+,,"69176 Johnston Lakes, Wallaceport",Blue Cross Blue Shield,(273)759-8407,2024-09-17
P_01481,Christopher Mullins,1979-10-06,47,Male,AB-,(664)965-2967,"916 Fernandez Overpass, Lake Danny",Medicare,2012797766,2024-08-20
P_01482,Alexis Wong,1951-10-06,75,Female,O-,764.723.8223,"09412 Bonilla Shoal, Lopezville",Humana,(302)554-0941,2023-10-27
P_01483,James Green,1970-10-05,56,Male,AB+,(555)817-6569,"509 Rick Pass Suite 572, Lake Elizabethborough",Medicare,001-714-630-6143x288,2023-04-09
P_01484,Kyle Aguilar,1985-10-05,41,Male,AB-,5699981892,"44907 Diane Fork, Kingside",Cigna,+1-306-488-7858x039,2023-06-30
P_01485,Julia Boone,1964-10-05,62,Female,O-,+1-605-438-7518x953,"039 Dennis Turnpike Suite 338, Port Anthonyland",Medicaid,,2024-05-10
P_01486,Wayne Pitts,1980-10-05,46,Male,O+,+1-965-386-2334,,Blue Cross Blue Shield,925.514.1561,2024-06-03
P_01487,Christopher Perez,1970-10-05,56,Male,O-,997-692-4761,"53005 Meyer Groves, Port Shanefort",Medicare,540.469.7541,2024-02-26
P_01488,Nathan Smith,1986-10-05,40,Male,A+,+1-415-308-9229x83092,"70450 Deborah Passage, Bonillafort",UnitedHealthcare,(594)630-6287,2023-08-13
P_01489,Charles Wood,1942-10-05,84,Male,A-,997-528-5586,"0278 Gonzalez Stream, Amandamouth",Medicaid,(256)712-8069x55211,2024-07-02
P_01490,Jennifer Rodriguez,1998-10-05,28,FEMALE,a-,(467)385-9713x4112,"2385 Jon River, Floresstad",Humana,850-285-5488x5980,2023-01-22
P_01491,Lauren Dunn,1998-10-05,28,Female,AB-,488.899.9498x44060,"594 Michael Row, North Theresa",Medicaid,799.502.0777x30881,2023-02-20
P_01492,Wayne Robinson,1988-10-05,38,Male,B+,467.770.5297,"412 Matthews Cove, East Nathaniel",UnitedHealthcare,325.888.8404,2023-08-23
P_01493,Donald Taylor,1972-10-05,54,Male,A+,(211)454-4485,"1016 Nicole Park Apt. 377, Hallmouth",Humana,646-207-3720,2023-01-14
P_01494,Christopher Leonard,1948-10-05,78,Male,AB+,604-540-1217x8563,"45501 Carol Glen Apt. 128, Herrerachester",Blue Cross Blue Shield,(277)656-4698x36332,2023-02-13
P_01495,Anna Romero,1980-10-05,46,Female,o+,,"27392 Lloyd Mountain Apt. 146, Erictown",Cigna,582.432.4396x96477,2023-10-06
P_01496,Christopher Hancock,1952-10-05,74,Male,O+,001-229-821-3324,"694 Smith Locks, South Johnny",Blue Cross Blue Shield,(305)569-5826x169,2023-03-20
P_01497,Daniel Malone,05-10-1962,64,Male,O+,+1-912-858-0256x21974,"4042 Rodriguez Drive, Edwardsberg",Aetna Health,(816)804-6430x07247,2023-06-05
P_01498,Mr. Thomas Rowe,1970-10-05,56,Male,O-,913.897.8374,"937 Luna Turnpike Apt. 424, South William",Aetna Health,001-412-687-6128x261,2023-01-24
P_01499,Kevin Delacruz,1965-10-05,61,Male,B-,,"812 Reed Course Apt. 408, Kennedyborough",Medicare,(858)468-4810,2023-10-26
P_01500,Angela Case,1951-10-06,75,Female,O+,(369)738-6512x054,"078 Gilmore Hills, Mirandatown",Blue Cross Blue Shield,869-462-0233,2024-06-30
P_01501,Andre Watson,05-10-1949,77,Male,  A+  ,481.537.8956,"3512 Larry Plains Suite 385, Devinton",Medicare,200-745-1066x60588,2023-04-21
P_01502,Martin Clark,1970-10-05,56,Male,B+,+1-381-358-8322x5702,"660 Lisa Rest Apt. 814, Barrchester",Humana,+1-591-578-1548x36115,2024-10-20
P_01503,Jamie Gill,1989/10/05 00:00:00,37,Female,A-,001-944-693-4743x03426,"6115 Ross Rue Apt. 609, Parkerton",Aetna Health,(878)376-6017x829,2024-05-16
P_01504,Diane Fuller,1962-10-05,64,Female,A+,907.448.0279,"01996 Foster Landing Apt. 174, Denisemouth",Humana,+1-698-684-3868,2024-08-03
P_01505,Michael Johnson,1969-10-05,57,Male,O+,(384)714-5795x5738,"799 Day Pines Apt. 561, Lake Andrew",Humana,+1-532-976-3916x9497,2023-06-04
P_01506,Julie Benson,1954-10-05,72,Female,AB-,(296)847-1817x534,"997 Wilson Unions, Stewartborough",Cigna,,2024-05-15
P_01507,Carla Rowe,1968-10-05,58,Female,A-,633.522.6373x19682,"812 Bradley Mountains Suite 267, West Tammyshire",Blue Cross Blue Shield,647-701-2983,2024-07-22
P_01508,Shawn Reyes,1995-10-06,31,Male,A-,(507)215-0066x5285,"5578 Ferguson Union, Christineberg",Aetna Health,(620)306-5977,2023-01-14
P_01509,Brandy Brown,2002-10-05,24,Female,O-,803.842.0687x21704,"081 Bishop Divide Apt. 167, East Joeview",Aetna Health,(758)336-5998x0166,2024-03-10
P_01510,Jennifer Russell,1984-10-05,42,Other,AB+,(322)508-6102,"509 Greer Rapids, Toddborough",Medicaid,988-614-6082x4740,2024/03/21 00:00:00
P_01511,Eric Mitchell,1961-10-05,65,Male,B-,475-366-6196,"39295 Danny Spring, Patrickland",Humana,9324165808,2023-06-19
P_01512,Karen Johnson,1966-10-05,60,Female,B+,001-651-719-3883x090,"7291 Alec Curve, North Susanstad",Aetna Health,001-905-827-3118,2023-08-04
P_01513,Jason Livingston,1992-10-05,34,Male,O-,(641)328-6503,"95992 Howard Prairie, Lake Nancy",Blue Cross Blue Shield,940-866-1592x220,2024-03-02
P_01514,Diamond Fernandez,2008-10-05,18,FEMALE,AB-,683-582-5591,"17245 Fitzgerald Tunnel, Chrisburgh",Blue Cross Blue Shield,9803861780,2023-04-07
P_01515,Courtney Holmes,2007-10-06,19,Female,B-,773-424-2057x0365,"0727 Carolyn Squares Suite 699, Port Chadmouth",UnitedHealthcare,(913)370-2616,2023-12-25
P_01516,Melissa White,1976-10-05,50,Female,AB+,502.224.1026x2108,"09143 Mary Freeway, Meganmouth",UnitedHealthcare,511.389.2307,2024-03-12
P_01517,Joel Bradley,1971-10-06,55,Male,B+,872.287.7130x42387,"77964 Jennifer Wells, Mclaughlinmouth",Blue Cross Blue Shield,352.953.9913x85413,2024-11-06
P_01518,Debbie Medina,1973-10-05,53,Female,O+,+1-451-795-4423x3440,"1088 Cynthia Cove Suite 108, Hillmouth",UnitedHealthcare,,2023-05-10
P_01519,George Porter,1964-10-05,62,Male,A+,475.638.8176x8353,"110 Laura Drive Apt. 989, Scottport",Humana,(293)916-8151x64919,2024-04-29
P_01520,Devin Ramirez,05-10-2001,25,Male,A+,896-349-2306,"74842 Martin Walks, Bridgesmouth",UnitedHealthcare,293-906-4739,2023-06-18
P_01521,Gerald Valdez,1975-10-06,51,Male,O-,+1-532-543-5951,"69543 John Harbor, Bradleystad",UnitedHealthcare,(216)697-8837x772,2024-03-26
P_01522,Justin Jimenez,1982-10-05,44,Male,O+,888-784-2716,"5539 Abigail Brook Apt. 476, Evansstad",Cigna,001-544-406-6899x425,2024-02-07
P_01523,Jennifer Hall,1985-10-05,41,Female,B-,+1-280-411-8721x3983,"056 West Views, Lake James",Aetna Health,(816)701-8619x13640,2023-03-22
P_01524,Amanda Sheppard,1973-10-05,53,female,AB+,001-618-940-4773x5031,"63228 Gomez Walks Apt. 366, Port Nancybury",Cigna,221-779-2118x28913,2024-05-16
P_01525,Christopher Miller,1961-10-05,65,Male,AB-,7588147960,"30947 Powell Passage, Jessicaborough",Humana,564-558-2954x637,2023-07-02
P_01526,Alexandra Walker,1965-10-05,61,female,B-,4477166234,"012 Brittany Bridge, North Christophershire",Medicare,(720)878-1874x146,2023-08-07
P_01527,Marisa Hayes,1997-10-05,29,Female,A+,704.737.3751x4353,"2228 Ellis Lodge Suite 009, Parkershire",Medicaid,3917261935,2024-01-05
P_01528,Anne Hartman,1949-10-05,77,Female,AB+,(694)800-4896x560,"4956 Rosario Lake Suite 612, West Andre",Blue Cross Blue Shield,752-229-0401,2024-05-29
P_01529,Christopher Higgins,2000-10-05,26,male,A+,520-612-1722x094,"08241 Ford Stream, Clarkville",Medicaid,,2023-09-17
P_01530,Jonathan Browning,1945-10-05,81,Male,B+,001-753-752-5853,"54143 Noble Heights Apt. 872, Joeside",Medicare,,2024-10-09
P_01531,Kathleen Lyons,1978-10-05,48,Female,b+,001-801-555-0880,"454 Smith Islands Apt. 965, South Brandon",Cigna,276-780-9856x835,2024-09-19
P_01532,Joseph Hill,2003-10-06,23,Male,A+,6274554701,"33693 Stephens Hills Apt. 211, West Michaelshire",UnitedHealthcare,804.860.6534x93096,2023-05-03
P_01533,Christina Morrison,1952-10-05,74,Female,A+,(560)855-7739x04554,"31931 Gina Stravenue, New Davidton",UnitedHealthcare,987.373.8007,2023/07/18 00:00:00
P_01534,Melissa Arnold,1955-10-06,71,  Female  ,AB-,706.266.8843x316,"81272 Obrien Cape, Port Robertaton",Medicaid,(943)593-4698x984,2024-08-23
P_01535,Douglas Watkins,1947-10-06,79,Male,B-,772.658.0153,"00323 Francisco Creek Apt. 686, Port Danielbury",Humana,655.455.5051x81761,2024-11-16
P_01536,Jason Phillips,1992-10-05,34,Male,B-,267.270.4110,"649 James Islands, Greenhaven",Cigna,001-556-342-5275,2024-03-30
P_01537,Paul Donovan,1973-10-05,53,Male,AB-,5535725656,"43488 Christina Burg Apt. 024, North Robin",Blue Cross Blue Shield,727-776-0662,2023-01-04
P_01538,John Kennedy V,1998-10-05,28,Male,A-,428-948-4217,"219 Brown Streets Suite 789, East Ryanville",Aetna Health,(416)984-9899x12638,2024-04-19
P_01539,Elizabeth Torres,1970-10-05,56,Female,A+,+1-550-497-3330x9870,"98527 Kelly Mission Apt. 444, Kochport",Aetna Health,(347)749-6591x3110,2023-01-21
P_01540,Carol Jones,1983-10-06,43,Female,B-,+1-881-859-5881x2368,"823 Joel Landing, North Johnshire",Cigna,322-254-9457x03176,2024-11-28
P_01541,Robert Chaney,1975-10-06,51,Male,AB-,+1-632-447-0730x8141,"5745 Frey Trace, Michelleville",Medicare,933.301.6548x765,2023-07-02
P_01542,Jacqueline Elliott,1952-10-05,74,Other,AB+,(265)351-7286x42136,"47222 Rivera Courts Suite 516, Lauraville",Cigna,+1-205-640-0853,2023-07-01
P_01543,Albert Bird,1986-10-05,40,Male,O-,896.719.9097x989,"11870 Stone Club, Sethview",Humana,001-891-867-1656x709,2024-01-08
P_01544,Sandra Nichols,1990-10-05,36,Female,O+,768-920-3852,"15415 Raymond Tunnel Suite 118, North Oscarfort",UnitedHealthcare,+1-673-848-0851,2024-07-04
P_01545,Jodi Ellis,10/05/1938,88,Female,AB+,569-654-0231,"683 Matthews Key, Davisbury",Blue Cross Blue Shield,+1-495-670-0168x4512,2024-07-18
P_01546,Tom Thompson,05-10-1978,48,Male,A-,278.893.0381x47604,"629 Edward Tunnel, Jameschester",Medicaid,(410)998-5327,2023-09-25
P_01547,Rebecca Williams,1973-10-05,53,Female,A+,(775)549-0597x3037,"5088 Adam Locks Apt. 948, Port Scottton",UnitedHealthcare,396-872-9427x919,2024-01-17
P_01548,Seth Lewis,2005-10-05,21,Male,A-,001-498-500-4720x288,"708 Alvarez Wall Apt. 524, West Justin",Aetna Health,502-899-3210,2024-05-01
P_01549,Samuel Montoya,05-10-1973,53,Male,O-,5923542709,"034 Anthony Motorway, West Mackenzieside",Medicaid,+1-830-754-5082x7598,2023/01/23 00:00:00
P_01550,Mrs. Toni Ramirez DDS,1945-10-05,81,Female,AB-,001-646-474-8223x286,"46471 Carter Loaf Suite 884, South Ryanland",Medicare,(445)601-1601,2023-09-16
P_01551,William Bass,1953-10-05,73,Male,O+,816-407-6210,"216 Harrison Street Apt. 206, North Kristen",Humana,709-624-4329,2024-06-03
P_01552,Gregory Graham,2000-10-05,26,Male,AB+,364.929.6172x47273,"0446 Andre Mills, Sarahstad",Medicaid,319.391.6734x2142,2024-06-08
P_01553,Julie Grant,1992-10-05,34,Female,A+,936-264-9290,"394 Steven Vista, Lake Joseph",Blue Cross Blue Shield,670-264-9222x5716,2023-12-08
P_01554,Douglas Mason,1956-10-05,70,Male,O-,001-895-824-1434x564,"718 Mary Dam, South Jaredstad",Blue Cross Blue Shield,859.697.9497x5675,2024-04-14
P_01555,Javier Bennett,1987-10-06,39,Male,B-,549.413.4816x940,"21645 Jacqueline Well Suite 421, Raymondtown",Medicare,7493835900,2023-03-24
P_01556,Tyler Lee,1972-10-05,54,Male,B+,(814)769-0591x837,"790 Manuel Plain, Port Jonathan",UnitedHealthcare,5807750950,2024-01-19
P_01557,Tonya Rodriguez,1983-10-06,43,Female,O+,(540)329-4220x85950,"155 Andrews Vista, Ashleyburgh",Humana,319-371-6655x360,2023-08-06
P_01558,Julie Smith,1979-10-06,47,Female,B+,(880)332-5383,"9179 Madeline Shoal Suite 514, Port Bryanport",Medicare,(587)626-1173x70215,2023-11-22
P_01559,Sharon Cox,1971-10-06,55,female,A-,+1-499-667-3131x2131,"6662 Susan Square, Dudleyland",UnitedHealthcare,739-644-0601x46120,2024-03-10
P_01560,Douglas Villa,1993-10-05,33,Male,B-,,"36941 Bell Parkway, Lake Aaronstad",UnitedHealthcare,(358)425-5483x8686,15-09-2024
P_01561,Yvette Peterson,1967-10-06,59,Female,B-,679.705.0730x90729,"66673 Roberta Forest Suite 286, East Amy",Aetna Health,554.570.1121x435,2024-02-12
P_01562,Christopher Wallace,1987-10-06,39,Male,B+,(882)288-1565,"28744 Marshall Brook Suite 481, East Matthew",Medicare,629.592.4423x50688,2023-04-06
P_01563,David Lloyd,1971-10-06,55,Male,O+,+1-496-606-2638x23919,"874 Tyler Unions Suite 603, Lake Cynthiaside",Aetna Health,(886)659-2799x48129,2024-05-07
P_01564,Susan Stone,1944-10-05,82,Female,AB-,(677)319-5911,"4477 Beth Crest, Michelleton",Cigna,001-414-770-8231x9617,2024-04-21
P_01565,Joshua Fleming,1948-10-05,78,Male,B+,744.327.1804x55912,"74475 Christensen Summit, South Matthew",Medicaid,837.404.7023x71250,2023-01-13
P_01566,Tina Smith,10/05/1992,34,Female,O+,358.813.9795,,Medicare,+1-919-998-8552x292,2024-10-31
P_01567,Catherine Mccoy,1969-10-05,57,Female,O-,+1-245-785-5422,"872 Jacob Parkways Suite 733, Ericabury",Medicaid,706.732.3001x719,2023-04-29
P_01568,Karen Jordan,1978-10-05,48,Other,A-,(895)916-6215,"637 Velasquez Center Apt. 036, Sanchezhaven",Humana,(302)868-7175x84053,2024-07-01
P_01569,Gabriel Lopez,1948-10-05,78,Male,AB-,276.717.2746x00341,"703 Davis Corners, Emilyshire",Cigna,945.300.9706x440,03/23/2023
P_01570,Michael Perez,1967-10-06,59,Male,O-,461-215-5524x0278,"8113 Patricia Run, New Michael",UnitedHealthcare,,2024-04-10
P_01571,Patricia Decker,1962-10-05,64,FEMALE,AB-,+1-896-907-1376,"806 Ronnie Junctions, Lake Roberttown",UnitedHealthcare,(211)983-2840x144,2023-02-21
P_01572,Denise Barr,1951-10-06,75,Female,B+,001-835-331-7324,"522 Curtis Common Apt. 341, Natalieville",UnitedHealthcare,(768)492-6583,2023-01-25
P_01573,Joshua Atkinson,1984-10-05,42,Male,A-,001-696-988-5606x9456,"319 Vasquez Shores, Riveraville",UnitedHealthcare,(239)944-9493,2024-10-13
P_01574,Kristen Murphy,1982-10-05,44,Female,B+,244.490.2307x71465,"11837 Conley Cliff Apt. 818, Lake Deborahbury",Cigna,680.711.0470x8444,2023-03-28
P_01575,Crystal Esparza,1947-10-06,79,Other,B-,+1-625-767-2119x51109,"5821 Peterson Corners, Lindaburgh",Humana,+1-900-908-8887x64143,2023-12-20
P_01576,Christopher Wood,1992-10-05,34,Male,a-,(593)414-9354x88107,"1990 Seth Mountains Suite 311, Port Georgemouth",Medicare,001-337-659-3358x515,2024-01-17
P_01577,Andrew Smith,1950-10-05,76,Male,A+,467-323-9798x811,"6059 Mcclain Plain, Mcknightton",Aetna Health,725-637-7696x732,2023-11-06
P_01578,Janet Lam,1958-10-05,68,FEMALE,B-,302.487.3723x8057,"6296 Boyd Trafficway, South Jeremy",Medicaid,(689)604-2685,2024-03-19
P_01579,April Pena,1966-10-05,60,Female,A+,001-368-589-5899x321,"044 Cody Rapids, Wendyport",UnitedHealthcare,001-285-664-5044x624,2023-09-07
P_01580,Peter Banks,1987-10-06,39,Male,A+,263-216-6417,"37904 Baker Crossroad, East Kaitlynton",Medicaid,(360)958-0856x90289,2023-07-10
P_01581,Spencer Shaw,1976/10/05 00:00:00,50,Male,A+,424.420.7530x877,"667 Joshua Island Suite 015, North Allisonside",Humana,949-314-6516x79212,2023-01-06
P_01582,Tina Flores,1980-10-05,46,FEMALE,AB-,(417)218-6709x6837,"4854 Miller Forges, Lake Mark",Blue Cross Blue Shield,296-634-8130,2024-09-05
P_01583,Tonya Henson,1987-10-06,39,female,O-,(256)791-5393,"762 Smith Meadow, Davisland",Medicaid,5614958161,2023-03-07
P_01584,Kimberly Nguyen,1966-10-05,60,Female,A+,(561)945-0181x87850,"361 Matthew Haven Apt. 618, East Larrymouth",UnitedHealthcare,001-221-821-9338x730,02-05-2024
P_01585,David Moore,1998-10-05,28,Male,B+,697.795.7377x56410,"72594 James Lights, Breannaland",Cigna,430.798.4552,2024-05-25
P_01586,Tina Howell,1969-10-05,57,Female,O-,722-785-1413x632,"33330 Patterson Valley Apt. 111, South Donald",Medicaid,767.490.8213,2024-08-08
P_01587,Brittany Cervantes,1989-10-05,37,Female,O-,918-590-9830,"09138 Crystal Rest, Shorttown",Cigna,(308)628-9681,2023-10-26
P_01588,Phillip Livingston,1973-10-05,53,Male,O+,+1-986-928-3588x0588,"076 Carroll Fall Suite 464, Ericborough",Medicare,+1-459-286-4840x9270,2024-10-01
P_01589,Terry Scott,1971-10-06,55,Male,B+,(924)889-8014,"3915 Kelly Pass, Butlerhaven",Medicare,001-914-503-4845x4536,2023-08-29
P_01590,Carrie Butler,1989-10-05,37,Female,B+,745.870.8117,,Humana,240-822-3596,2023-04-24
P_01591,Kelly Dickerson,1963-10-06,63,Female,O+,(829)250-9443,"848 Cortez Circles Apt. 745, Adkinsmouth",Medicaid,(282)563-6900x8973,2023-12-27
P_01592,Tracy Graves,1963-10-06,63,Female,AB-,001-207-774-6743x34097,"0133 Lisa Trail Suite 317, Lake Tommy",Medicaid,,2024-11-11
P_01593,Nichole Richard,1953-10-05,73,Female,AB+,(763)923-1078,"846 Tammy Landing Suite 201, New Roberthaven",Humana,(372)663-4018,2024-05-21
P_01594,Rita Gonzales,1988-10-05,38,FEMALE,AB-,618-418-2715x131,"6343 Reynolds Landing, Grossside",Humana,001-986-383-5473x745,2023-01-04
P_01595,Melissa Sparks,1939-10-06,87,Female,O+,(274)979-3198,"33678 Gabriela Stream, West Michaelburgh",Medicare,373.699.7704,2024-01-28
P_01596,Gabrielle Yu,1965-10-05,61,Female,A-,+1-761-236-4323,"28775 Dunlap Stravenue Suite 004, North Linda",Medicaid,+1-899-879-8857x60196,2023-05-22
P_01597,Laura Carson,1990-10-05,36,Female,A-,001-227-983-6079,"79833 Nichole Coves, South Natasha",UnitedHealthcare,608-631-9526x467,2024-08-05
P_01598,Jennifer Mcclure,1979-10-06,47,Female,B+,001-222-750-5467x8848,,Medicare,424-638-8013x7249,2024-06-07
P_01599,Richard Bauer,1997-10-05,29,Male,AB+,(496)257-3853x7512,"15980 Cruz Fall Apt. 247, East Garyland",Blue Cross Blue Shield,237.880.0684,2023-07-24
P_01600,Yvonne Armstrong,1966-10-05,60,Female,B-,485.255.0793,"822 Adams Turnpike, East Benjaminfurt",Humana,508-855-7041,2024-12-01
P_01601,Rhonda Keith,2003-10-06,23,FEMALE,B+,415-711-8222x413,"02323 Jennifer Terrace, East Ashleyberg",Aetna Health,,2024-09-10
P_01602,Rachael Morton,1974-10-05,52,Female,O-,461-301-9953,"9784 Lisa Walks, Port Kellybury",Humana,+1-851-594-1997x9817,2024-11-29
P_01603,Brian Briggs,1947-10-06,79,Male,A+,001-211-654-3167x0141,"64562 Crystal Ridges, Lake Gregory",Medicare,736.852.9397x2520,2024-07-04
P_01604,Melissa Marshall,1977-10-05,49,Female,A+,001-516-271-2794x401,"725 John Summit Apt. 497, South Elizabethtown",UnitedHealthcare,(486)788-7861x9202,2024-02-12
P_01605,Derrick Thomas,1961-10-05,65,Male,A-,001-616-368-4501x56225,"0459 Jasmine Plaza, West Rachelton",Blue Cross Blue Shield,364-797-1729x12698,2024-03-26
P_01606,Courtney Best,05-10-1942,84,  Female  ,AB-,(533)584-3092x697,"20852 Dawn Locks, Matthewhaven",Medicare,7347405856,2023-04-25
P_01607,Robert Burgess,1953-10-05,73,Male,AB-,001-739-650-4449x209,"4912 Charles Courts Suite 949, Rebeccaberg",Cigna,(683)429-9587,2023-08-04
P_01608,Tonya Mccullough,1961-10-05,65,Female,AB-,,"3882 Alexander Stravenue, Jennifershire",UnitedHealthcare,001-325-812-1189x46231,2023-09-08
P_01609,James Poole PhD,1963-10-06,63,Male,A+,(736)830-0433x5901,"75569 Atkinson Greens Suite 735, Lake William",Humana,,2024-08-04
P_01610,Stephanie Morales,2004-10-05,22,Female,AB+,3639365586,"06967 Greene Ridges, West Patricia",UnitedHealthcare,+1-762-834-4369x2851,2024-01-15
P_01611,Kelsey Kidd,1965-10-05,61,Female,B+,+1-347-274-1733x360,"676 Michael Haven Suite 035, South Emilystad",Cigna,298-706-1846x4876,2024-03-26
P_01612,Stephanie Torres,1951-10-06,75,Female,A+,8364324286,"1921 Walker Loaf, Tinachester",Humana,839.706.0727x723,2023-09-21
P_01613,Jason Bender,1971-10-06,55,Male,O+,366.457.1640x226,"9457 Joseph Greens, South Russellside",Medicare,001-326-514-8109x957,2023-09-23
P_01614,Mark Smith,1965-10-05,61,Male,AB-,7335156670,,Medicare,(224)998-9569x1103,2024-05-28
P_01615,Kelsey Lewis,1973-10-05,53,Female,A+,001-504-204-4161x661,"54853 Davis Valleys Apt. 480, West Meganfort",Cigna,998-375-8402x493,2024-05-10
P_01616,Joshua George,1985-10-05,41,Male,A-,(279)735-4445,"01995 Randy Trafficway Suite 578, Port Kenneth",Cigna,001-566-936-3051x2816,2023-06-03
P_01617,Jessica Koch,1968-10-05,58,Female,B-,933.238.5683x695,"50343 Wanda Meadow, New Gregory",Cigna,001-256-721-3433x5712,2024-10-15
P_01618,Lisa Wilkins,1985-10-05,41,Female,A-,986.406.8289,"24564 Gilmore Fort Apt. 076, South Anthonyshire",UnitedHealthcare,(708)996-7443x5934,2023-04-12
P_01619,Jason Chambers,1943-10-06,83,Male,B-,(563)336-0610x132,"03672 Gordon Mill, North Amy",Aetna Health,(790)235-0342x06289,2023-02-27
P_01620,Dorothy Raymond,1964-10-05,62,  Female  ,b-,911-768-8392x11436,"34667 Randolph Locks Apt. 930, Lake Tracyfort",Cigna,7382774643,28-10-2024
P_01621,Samuel Watson,1988-10-05,38,Male,B-,904.645.5428x358,"09438 Michael Haven, Wilkinsonshire",Cigna,+1-948-798-3018x6080,2023-10-12
P_01622,Todd Cooke,1961/10/05 00:00:00,65,Male,B-,698.456.7600,"98396 Carter Views Suite 338, Lake Michaelchester",Medicaid,947.216.7804,2023-03-04
P_01623,Michael Park,1943-10-06,83,Male,A-,252-992-5824x914,"9218 Connor Station Apt. 587, Mirandafurt",Aetna Health,+1-346-918-4165x714,2023-02-22
P_01624,Megan Hines,1968-10-05,58,Female,B-,001-410-756-6326x24630,"653 Castillo Lights Suite 673, Robersontown",Medicaid,321.712.4586,2023-04-13
P_01625,Karen Lane,1966-10-05,60,Female,O-,844.418.5199x68327,"237 Anthony Ramp, Smithburgh",Humana,939.480.4732,04/25/2023
P_01626,Cheryl Browning,1963-10-06,63,OTHER,AB+,758.311.6259x6971,"7771 Harris Spurs, Christinaborough",Humana,409.562.7861x18919,2024-04-12
P_01627,Diana Carrillo,1971-10-06,55,Female,AB+,,"4085 Moore Alley, Cherylstad",Cigna,+1-849-828-7675x6753,12/03/2023
P_01628,Angela Montes,1986-10-05,40,Female,AB+,+1-639-224-1337x3326,"444 Katrina Drive, New Kennethmouth",Cigna,959.891.9215,2023-10-09
P_01629,Dawn Hill,1963-10-06,63,Female,O-,229.861.2052x87001,"6521 Monica Knoll, Hernandezport",Medicare,776.629.2066,2023-11-23
P_01630,Jennifer Day,1974-10-05,52,Female,O-,+1-767-903-7070x1095,"88257 Watts Mount Apt. 171, Melissafurt",UnitedHealthcare,+1-711-378-1887x581,2023-04-07
P_01631,Steven Taylor,1954-10-05,72,Male,AB+,+1-337-784-0871x957,"10004 Mann Cliff Suite 065, Blackshire",UnitedHealthcare,8035708614,2023-08-26
P_01632,Anthony Tyler,1983-10-06,43,Male,B+,642.937.8376x231,"26056 Whitney Crossroad, Hughesburgh",UnitedHealthcare,662.901.3421,2024-09-16
P_01633,Amanda Bush,1948-10-05,78,Female,B+,762.581.1803x19688,"135 Emily Gateway Suite 478, West Mark",UnitedHealthcare,+1-419-587-8133x917,2023-06-11
P_01634,Juan Moore,1941-10-05,85,Male,AB+,001-639-627-5413x87055,"4755 Ian Creek, South Valerie",Medicare,+1-907-302-4991x410,2023-10-03
P_01635,Kristen Palmer,1985-10-05,41,Female,AB-,(475)936-0045x45794,"73732 Sweeney Spurs Suite 372, Larryshire",Medicare,212.226.9514x3692,2023-12-29
P_01636,Paula Esparza,1948-10-05,78,Female,O+,001-785-534-0297x089,"64013 Adams Ports Suite 782, Copelandfort",Blue Cross Blue Shield,(292)646-1059x9318,2023-01-06
P_01637,Ricardo Lynch,1956-10-05,70,Male,B-,2508515949,"56270 Jones Shoals, Benjaminville",Aetna Health,619.953.7281x7740,2023-10-08
P_01638,Heidi Lewis,2000-10-05,26,Female,AB-,+1-515-845-1643x39828,"09741 Arnold Dam Suite 571, Morrowborough",Medicaid,7756578616,2024-03-13
P_01639,Rebecca Houston,1972-10-05,54,Female,A-,4932220646,"672 Robert Corner Suite 102, New Richard",Blue Cross Blue Shield,001-380-426-4928x0315,2024-03-26
P_01640,Jeffrey Day,1945-10-05,81,Male,A+,317.472.9257x83636,"53252 Williams Cliff, New Danielleburgh",Humana,407.438.8801,2024-08-30
P_01641,Deborah Gonzalez,1961-10-05,65,Other,O+,001-265-221-0107x45205,"97158 William Landing, North Teresaland",Blue Cross Blue Shield,204-412-2501x12875,2023-10-14
P_01642,Robert Lee,1990-10-05,36,Male,AB+,,"1910 Wood Hollow, West Patrickside",Blue Cross Blue Shield,717.356.1095x83483,2024-01-14
P_01643,Julie Liu,1988-10-05,38,  Female  ,B+,(224)379-9052x33475,"356 Samantha Lane Suite 058, Williamland",Medicaid,985-957-7170,2024-02-28
P_01644,Jeffery Prince,1999-10-06,27,Male,AB+,(271)506-1042,"3538 Rice Walks, West Cindymouth",Medicaid,+1-200-278-6169,2023-09-09
P_01645,Emily Green,1992-10-05,34,Female,AB-,655.607.4814x443,"926 Thompson Trail Apt. 951, Lake Madisonside",Humana,434.994.1552,2023-03-11
P_01646,Wyatt Chavez,1963-10-06,63,  Male  ,O-,258.399.6160,"13787 Lauren Plains, Barrettmouth",Aetna Health,+1-689-229-3090x77258,2023-08-08
P_01647,Anthony Davidson,1970-10-05,56,Male,A+,,"528 Gonzalez Route Suite 070, Nicoleshire",Aetna Health,5249161772,2023-09-23
P_01648,Jessica Perez,1980-10-05,46,Female,A+,001-705-333-0192,"7048 Yang Island Apt. 231, Port Shannon",Medicaid,001-244-971-5650x37150,2024-05-13
P_01649,Kayla Vance,1947-10-06,79,Female,AB-,(368)720-1202,"2076 Armstrong Station, Edwardsmouth",Humana,886-997-2500,2024-05-31
P_01650,Grace Kramer,1983-10-06,43,Female,A-,394.992.3151x108,"35719 Brittany Flat, Colemanville",Medicaid,365.988.1883x7606,2023-03-10
P_01651,Tiffany Peterson,1944-10-05,82,Female,O-,9754849391,"0834 Parker Harbor Apt. 288, Gwendolynmouth",Medicaid,001-791-808-7717,2023-03-31
P_01652,Michael Edwards,1978-10-05,48,MALE,B+,001-403-281-8683,"3865 Hall Alley, North Davidfurt",Cigna,+1-392-589-7224x976,2023-10-11
P_01653,Kimberly Wells,1973-10-05,53,Female,O+,+1-360-313-1098x62453,,Blue Cross Blue Shield,(965)684-0429x103,2024-04-09
P_01654,Jerry Coleman,1971-10-06,55,male,B-,(667)312-1249x876,"7213 Heather Road Apt. 396, Port Brittany",UnitedHealthcare,001-902-382-9767x220,2024-02-04
P_01655,Maria Lewis,1971-10-06,55,Female,B-,(403)936-6894x949,"7744 Lopez Highway, Shannonshire",Humana,454-396-8472x76041,2023-12-01
P_01656,Brian Davis,1938-10-05,88,Male,B+,001-894-544-2839,"7004 Brenda Shoals, Tanyaview",Aetna Health,812.400.7316x8080,2023-06-06
P_01657,Danielle Walters,1974-10-05,52,Female,AB-,376.975.3299x9839,"905 Pugh Prairie Suite 824, Mckenzieville",Blue Cross Blue Shield,288-803-4670,2023-02-10
P_01658,Jay Lewis,1970-10-05,56,Male,O+,373-781-0637x072,"226 Reginald Inlet, West Julianport",UnitedHealthcare,+1-385-990-1752x400,2023-07-26
P_01659,Alexander Vargas,1954-10-05,72,Male,O-,957.281.4127,"533 Harper Dale, Port Brenda",Blue Cross Blue Shield,+1-912-638-1187x400,2023-01-28
P_01660,Charles Martin,1990-10-05,36,Male,B-,001-643-623-7603x5672,"7222 Mitchell Neck, New Michelle",Aetna Health,+1-733-843-2603x2227,2024-04-02
P_01661,Marie Glass,1996-10-05,30,Female,A-,(383)444-1730x981,"241 Carol Fork Suite 975, East William",Aetna Health,432.509.3974x98009,2023-06-29
P_01662,Jeffrey Richardson,1989-10-05,37,Male,B-,645-454-9444,"72683 Laura Ford Suite 833, Nunezstad",Blue Cross Blue Shield,001-873-778-5139x311,2023-11-21
P_01663,Charles Lowery,1968-10-05,58,Male,O+,956-396-7570x571,"183 Kristina Fork Apt. 562, Matthewville",Humana,358.541.0341,2024-04-12
P_01664,Samantha Taylor,1984-10-05,42,Female,  O+  ,+1-822-801-7382x26068,"07099 Roman Plains Suite 399, Edwardschester",Humana,+1-319-229-9591,2023-11-14
P_01665,Taylor Torres,1964-10-05,62,Female,A+,+1-838-635-0932x7532,"20130 Hood Tunnel Apt. 323, Mcintyreland",UnitedHealthcare,886-664-1151,02/04/2024
P_01666,Reginald Short,1998-10-05,28,Male,B+,(259)223-9659x78269,"47032 Robert Summit, Port Allisonside",Aetna Health,539-313-4973x1053,2023/01/10 00:00:00
P_01667,Lisa Smith,1975-10-06,51,Female,AB+,001-942-482-3616x0109,"821 Meghan Viaduct, North Connorstad",UnitedHealthcare,001-210-960-9784x97042,2023-08-03
P_01668,Tiffany Bass,1995-10-06,31,female,B+,(463)410-0945x3194,"5327 Jonathan Wall, Roweburgh",UnitedHealthcare,+1-650-676-2332x7509,2024-06-15
P_01669,Thomas Robertson,1973-10-05,53,Male,AB-,374-893-6016,"630 Gonzalez Estates Apt. 575, Alyssafurt",Humana,391.270.1389,2023-11-10
P_01670,Frank Alexander,1960-10-05,66,Male,O-,622.433.5862x34223,"4101 Fields Union, East Patricia",Blue Cross Blue Shield,(366)957-7606x125,2023-12-06
P_01671,Elizabeth Martinez,1969-10-05,57,Female,B+,+1-243-598-8939,"9646 Arroyo Branch, Port Maria",Aetna Health,+1-987-848-5117x66124,2024-09-04
P_01672,William Nguyen,2005-10-05,21,Male,O-,001-297-466-4692x659,"7469 Holder Plains, West Jennifer",Medicare,876-534-4782x00137,2023-03-09
P_01673,Stephanie Moore,1977-10-05,49,Female,A+,001-781-437-2420x4653,"705 Taylor Underpass, Gibsonside",UnitedHealthcare,500.220.3043,2024-09-09
P_01674,Karla Cunningham,1993-10-05,33,Female,A-,6012215323,"5062 Martinez Crossing Apt. 631, Justinside",Medicare,2668764629,2024-11-03
P_01675,Jennifer Miller,1993-10-05,33,Female,B+,(454)573-7042x1415,"8700 Ashley Junctions Suite 506, Port Matthew",Aetna Health,263.838.1235x4336,2023-08-13
P_01676,Daniel Rowland,1979-10-06,47,Male,B-,8208707373,"16976 Shane Rest, West Peggychester",UnitedHealthcare,6055593199,2024-09-21
P_01677,Debra Mckinney MD,1979-10-06,47,Female,AB+,+1-461-459-0287x9826,"5741 Ball Roads Apt. 890, Reyesbury",Humana,(534)809-1616x93133,2024-04-18
P_01678,Erica Hogan,1969-10-05,57,Female,A+,,"4946 Krystal Wells, Lake William",Cigna,+1-215-991-5674,16-08-2024
P_01679,Kevin Duncan,1954-10-05,72,MALE,A+,,"48971 Alvarez Lodge, Baileyfurt",Humana,600-802-1979x76470,2023-01-15
P_01680,Angela Peterson,2001-10-05,25,Female,AB-,724-366-2569,"1628 Gregory Coves, Haroldberg",Aetna Health,,2024-05-07
P_01681,Derek Bennett,1972-10-05,54,Male,AB+,480-302-7291x71411,,Cigna,(431)734-9460x7818,2024-07-12
P_01682,Timothy Rodriguez,1950-10-05,76,Male,O-,001-338-352-2293,"31154 Roth Prairie Suite 049, North Krystal",Humana,001-620-760-5395x432,2023-07-10
P_01683,Angela Anderson,1965-10-05,61,Female,AB+,+1-693-387-8843x107,"764 Scott Avenue Apt. 920, New Annafort",Blue Cross Blue Shield,2693832924,2023-12-17
P_01684,Christopher Hicks,1960/10/05 00:00:00,66,Male,o-,3169807328,"077 Charles Village Apt. 665, Lake Matthewstad",Humana,(434)900-2671x617,2023-05-10
P_01685,David Bishop,1989-10-05,37,Male,O+,001-854-331-6118,"218 Ray Port Apt. 004, Catherineburgh",Medicaid,001-846-389-7616,2023-12-22
P_01686,Jacob Johnson,1977-10-05,49,Male,B-,8108920737,"7195 Olson Port Apt. 341, New Robert",Humana,517-767-3727x25906,2024-06-07
P_01687,Colleen Moore,1964-10-05,62,Female,A+,451-400-9991,"613 Collin Field Suite 807, Parrishland",Humana,9917204593,2023-06-05
P_01688,Thomas Perez,1967-10-06,59,male,B+,+1-245-235-4681x96623,"3637 Mendoza Terrace, New Chadland",Blue Cross Blue Shield,001-380-677-8336x826,2024-06-27
P_01689,Michelle Sanders,1980-10-05,46,Female,O+,001-955-675-3100x26689,"5714 Gregory Landing, Davidville",Humana,+1-865-839-7944x74015,2023-06-05
P_01690,Shannon Frost,1986-10-05,40,  Other  ,O-,(472)654-5283,"30891 Fernando Summit, Jamesmouth",Medicare,350-610-2394,2024-06-18
P_01691,Megan Lawrence,1998-10-05,28,Female,AB+,3944017749,"49511 Brittany Meadow, Johnsonburgh",Aetna Health,891-416-9934x7877,2023-09-15
P_01692,Kaitlyn Reese,2006-10-05,20,Female,  B-  ,(479)930-7217x8219,,Medicare,545.376.3587,2024-05-07
P_01693,Sheila Diaz,1969-10-05,57,Female,A-,001-392-558-6745x6443,"156 James Parkway, East Natalie",Aetna Health,+1-429-604-6084x67407,2023-09-12
P_01694,Kelsey Camacho,2000-10-05,26,Female,B+,9182799971,"152 Hayes Coves Apt. 527, Jacquelinemouth",Aetna Health,+1-536-813-2040x6322,2024-08-22
P_01695,Katie Davis,1952-10-05,74,FEMALE,AB+,001-897-899-1113x073,"671 Lawrence Meadows, Warrenfurt",Medicaid,(466)871-4168,2023-01-12
P_01696,Jack Vasquez,1965-10-05,61,Male,A-,3737212712,"709 Webster Mount, North Laura",Medicaid,334.999.2842x6786,2024-11-07
P_01697,Douglas Nguyen,1950-10-05,76,Male,ab+,+1-951-520-6126,"14498 Webb Squares Suite 892, Petersville",Blue Cross Blue Shield,001-525-898-3399x1979,2023-02-11
P_01698,Susan Adams,1955-10-06,71,Female,B-,351-412-6109,"7565 Catherine Union, South Ronald",Medicaid,+1-373-626-4266x7730,2024-05-13
P_01699,Robert Peterson,1941-10-05,85,Male,O-,(879)443-4071,"6478 Boyd Burgs Suite 641, North Jeanette",Humana,(766)802-9729x4513,2024-01-07
P_01700,Leslie Jones,1995-10-06,31,Female,AB+,580-868-1065x950,"262 Thomas Brooks, Wendyport",UnitedHealthcare,822.460.2784,2023-10-14
P_01701,Anthony Santana,1939-10-06,87,Male,A-,337.259.4587x02307,,Cigna,001-608-674-1550x7576,2024-01-01
P_01702,Lori Glenn,1987-10-06,39,Female,A-,001-421-648-1964,"3654 Miller Club, Williamsburgh",Humana,001-422-665-6799x266,2024-03-20
P_01703,Diana Robbins,1982-10-05,44,Female,O+,001-817-381-4808x9658,"9211 Loretta Light Suite 574, East Rebeccahaven",Blue Cross Blue Shield,367.504.4471x8694,2024-06-15
P_01704,Anthony Johnson,1940-10-05,86,Male,B-,3866283557,"0931 Jessica Squares, East Matthewshire",UnitedHealthcare,735-832-4126x66206,2024-08-12
P_01705,Olivia Hodges,1969-10-05,57,Female,O-,001-390-728-8541x11120,"61554 Steven Spurs, Lambertland",Humana,+1-241-204-5288x7646,2023-12-22
P_01706,Darlene Hanson,1994-10-05,32,Female,O+,426-305-1854x64137,"23144 Bautista Mall, Gordonburgh",Cigna,+1-755-948-5997x526,2024-02-13
P_01707,Anthony Jenkins,2008-10-05,18,Male,O+,444.532.9081x16096,"613 Davis Turnpike Apt. 003, Scottshire",Humana,+1-721-920-9698x60077,2023-12-03
P_01708,Ivan Hartman,1979-10-06,47,Male,B-,962-739-4764x69145,"519 Brenda Ranch, West Nicholasborough",UnitedHealthcare,(766)525-1031,2024-11-30
P_01709,John Johnson,1975-10-06,51,Male,B+,802.946.7769,"4108 Tonya Road, North Terryberg",Aetna Health,001-796-372-2485,2024-10-12
P_01710,Lynn Johnson,1962-10-05,64,Female,B+,243.549.1710,"0583 Tamara Rue Suite 943, Mitchellstad",Humana,4638685399,2024-02-15
P_01711,Jamie Aguilar,1977-10-05,49,Female,B-,+1-834-611-5256x41650,"305 Brown Stream, Hudsonstad",UnitedHealthcare,748-826-8272,2024-07-05
P_01712,Victoria Wright,1961-10-05,65,Female,B+,,"367 Daniel Orchard Suite 211, Davidshire",Humana,+1-726-793-6099x7073,2023-11-17
P_01713,Anna Salinas,1971-10-06,55,Female,AB-,,"6745 Steven Stravenue Suite 096, Wendyberg",Humana,(363)685-1603x121,2023-12-12
P_01714,Oscar Weaver,2003-10-06,23,Male,AB+,345-740-3274,"4225 Carroll Well Apt. 719, Lake Albert",Humana,641-714-8629x7832,2024-08-18
P_01715,Brian Martin,1973-10-05,53,Male,  A-  ,001-516-860-4009,"17215 Amanda Greens Suite 440, North Louisbury",Cigna,+1-612-622-6492x3272,2023-03-19
P_01716,Mark Howard,1971-10-06,55,Male,B+,7384934764,"53774 Eric Loop, Brownport",Medicare,+1-443-851-4546,2024-06-29
P_01717,Grant Gordon,1964-10-05,62,Male,B-,(555)688-5991x890,"4499 Floyd Point Suite 391, Port Michelleland",Medicare,308.932.1216,2023-03-26
P_01718,Herbert Davis,1967-10-06,59,Male,B-,001-573-310-2983,"5281 Victoria Mills, Laurieside",Humana,+1-287-610-5484,2023-10-08
P_01719,Shane Stokes,1987-10-06,39,Male,AB+,7085666581,"2233 Paul Trail, Berryview",Aetna Health,001-746-259-2054,2023-08-10
P_01720,Christy Richardson,1945-10-05,81,Female,B-,+1-716-429-0772x692,"09966 Shannon Dale, Kristinafort",Medicare,7124008407,2024-02-29
P_01721,Karen Shelton,1977-10-05,49,female,O+,659.293.1785x87873,"86767 Odonnell Springs Apt. 737, Gilesberg",Cigna,+1-603-867-1999,2024-08-12
P_01722,Roger Davis,1949-10-05,77,Male,AB-,957.282.2394,"0626 Claudia Springs, South Larry",Aetna Health,,2023-09-27
P_01723,Darren Robertson,1958-10-05,68,Male,B-,001-808-698-8093x2079,"817 Tapia Knoll Apt. 539, Lake Ianstad",Humana,425-900-3089x73760,2023-05-18
P_01724,Mrs. Tiffany Ali,1957-10-05,69,Female,AB-,521.458.3630,"674 Susan Lights Apt. 489, East Philip",Blue Cross Blue Shield,001-281-875-0609x4718,2024-06-03
P_01725,Maria Reed,1970-10-05,56,Female,B-,519.214.2967,"6863 Phillips Villages Apt. 078, East Shannonview",Medicare,+1-317-865-5898x823,2024-07-21
P_01726,Karen Carter,1962-10-05,64,female,O+,541-585-6233,"7290 Jimmy Dam, Darleneton",Blue Cross Blue Shield,,2024-03-24
P_01727,Christina Mendez,1967-10-06,59,Female,O-,(405)870-8392,"030 Wagner Terrace, Lake Tyler",Humana,+1-364-429-4612x5798,2023-02-28
P_01728,Rachael Wilson,2004-10-05,22,  Female  ,A+,(203)408-9925x63114,"3080 Brown Mount, Jonesfort",Cigna,+1-612-789-3323,2023-10-10
P_01729,Mary Chang,1956-10-05,70,Female,AB+,617.478.1621,"5657 Tim Drive Apt. 416, Port Lawrence",Medicaid,+1-621-742-1061x14106,2023-08-09
P_01730,Kathy Smith,1942-10-05,84,Female,B+,+1-794-512-4451x61946,"92387 Linda Falls Apt. 236, Gonzalestown",Humana,+1-589-753-4251x701,2024-06-04
P_01731,Scott Gregory,1950-10-05,76,Male,AB-,555-252-4899,"30161 Kyle Throughway Apt. 121, South David",Medicaid,001-606-810-2967,2024-09-16
P_01732,Linda Gonzales,2005-10-05,21,Female,B-,5346931639,"5749 Amber Mill, Valeriefort",Aetna Health,877-615-5648,2024-02-28
P_01733,Brittany Green,1973/10/05 00:00:00,53,Female,AB-,(596)431-8158x9960,"43092 Moore Via Suite 824, North Lindastad",Blue Cross Blue Shield,(917)538-1018,2024-05-21
P_01734,Melissa White,1938-10-05,88,Female,O+,215.525.8999x6739,"9728 Sierra Trail, Dawnside",Cigna,507-634-3190x857,2024-02-01
P_01735,Wayne Sherman,1993-10-05,33,Male,O+,267.758.9701x54227,"7200 Neal Mall Apt. 896, Jeffreybury",UnitedHealthcare,+1-320-418-7767,2023-11-15
P_01736,Kenneth Glass,1989-10-05,37,Male,A-,511-853-0912x707,"06272 Bernard Harbors Suite 099, Ruizstad",UnitedHealthcare,4718623925,2023-08-21
P_01737,Michael Diaz,1978-10-05,48,Male,A+,001-875-776-8112x005,"3040 Yates Harbors Apt. 938, Mooremouth",Cigna,6754933592,2024-09-12
P_01738,Elijah Spencer,1960-10-05,66,MALE,AB-,(232)889-0171,"8118 Boyd Radial, New Jason",Medicare,+1-654-234-5712x84038,2024-06-25
P_01739,Kristen Moreno,1963-10-06,63,Female,B-,5494193187,"351 Williams Mall, East Maureen",Cigna,940-959-3898x3333,2023-03-13
P_01740,Mary Nguyen,1954-10-05,72,Female,b+,205.782.9989x59814,"55674 Turner Vista Apt. 730, South Johnport",Medicaid,304.487.0428x048,2023-04-10
P_01741,Stephanie Nelson,1973-10-05,53,Female,O-,(533)277-9938x04701,"6049 Brenda Courts, Larsonmouth",Blue Cross Blue Shield,2574973108,2023-07-01
P_01742,Andrea Perez,1957-10-05,69,Female,A-,(422)355-7841x90322,"88691 Hamilton Burgs, Smithport",UnitedHealthcare,795-672-4168,2023-11-16
P_01743,Robert Barber,1955-10-06,71,Male,B+,001-581-605-3405,"9230 Kayla Mountains Apt. 456, Charlesbury",Medicaid,001-507-826-7453,2024-05-24
P_01744,Monica Watkins,1961-10-05,65,Female,A-,478-902-7152,,Cigna,001-283-558-1781x05245,2024-02-03
P_01745,Teresa Nichols,1989-10-05,37,Female,O-,(642)611-3579x614,"57997 Walker Junctions, East Todd",Aetna Health,+1-511-207-4655x065,2023-09-03
P_01746,Theresa Smith,1959-10-06,67,Female,A-,(686)952-3204x20422,"2848 Williams Club, South Timothy",Humana,750-489-3200x8587,2024-05-06
P_01747,Laura Moore,1989-10-05,37,Female,O+,,"583 Vasquez Row Suite 862, New Joyburgh",Humana,299.979.3483x294,2024-06-23
P_01748,Jennifer Weber,1980-10-05,46,Female,AB+,975-701-7754,"16815 Lee Meadow, Jessicachester",Cigna,+1-301-920-0390,2024-04-03
P_01749,Megan Ramos,1995-10-06,31,FEMALE,AB-,495-344-0888x85037,"41808 Grant Radial, Smithport",Medicaid,(520)687-3843x22156,2023-01-25
P_01750,Vickie Keith,1969-10-05,57,Female,A+,568.425.2381x5474,"7553 Michael Mews Suite 413, South Danielleview",Medicaid,432-597-9202x221,2023-10-22
P_01751,Jodi Douglas,10/06/1951,75,Female,AB-,+1-732-428-8897x02600,"1084 Natasha Valleys, Juarezfort",Cigna,675.432.3863x7736,07-08-2024
P_01752,Joshua Marquez,1959-10-06,67,Male,A+,+1-572-228-0436x91742,"191 Ashley Plain Apt. 745, Jacquelinemouth",Humana,001-853-670-0410x23362,2024-01-30
P_01753,Barry Ibarra,1944-10-05,82,Male,A+,(577)803-8931,"036 Hayes Manors Suite 293, New Anthonyton",Aetna Health,685-954-0574,2024-06-04
P_01754,Shirley Huang,1973-10-05,53,Female,O-,971-474-7490,,Aetna Health,(720)472-6693x1858,2023-03-16
P_01755,Marilyn Bentley,1990/10/05 00:00:00,36,Female,A+,(425)639-5639x48742,"490 Lauren Divide, Fischershire",Aetna Health,001-626-734-4483x04105,2023-04-30
P_01756,Tyler Moreno,1988-10-05,38,Male,B+,(801)293-7728x6756,"45710 Garcia Passage Apt. 655, East Ronaldfort",Medicaid,(423)214-6420,2024-02-16
P_01757,Jennifer Mayo,1952-10-05,74,Female,AB+,001-566-675-8134,"7623 Mccarthy Port Suite 637, Wilsontown",Aetna Health,259-877-6740x495,2024-03-08
P_01758,Thomas George,1984-10-05,42,Male,B-,(919)311-5565x292,,Humana,001-550-327-8626,2024-02-28
P_01759,Brandon Stewart,1966-10-05,60,Male,O-,4392785141,"90677 Nancy Plains, Gregorybury",Aetna Health,547.661.1558x497,2024-02-09
P_01760,Joseph Jones,2001-10-05,25,Male,AB-,8529124076,"198 Hodges Light Suite 533, South Jeremy",Aetna Health,207-947-6031,2024-05-15
P_01761,Connor Richardson,1980-10-05,46,Male,AB+,996.741.4412,"880 Stephen Dam Apt. 993, Frankstad",Blue Cross Blue Shield,820-998-7554,2024-07-03
P_01762,Amy Mitchell,1954-10-05,72,Female,B-,(687)301-2808x703,"3861 Christopher Pines, North Dale",Aetna Health,252.878.0056,2024-07-22
P_01763,Justin Keller,1992-10-05,34,Male,O+,819-262-8419x4474,"9232 Kelli Flat Suite 768, Jamesbury",Aetna Health,956.824.1951,2023-08-23
P_01764,Joshua Aguilar,1978-10-05,48,Male,B+,(978)869-8568,"379 Reyes Pike Apt. 859, Kimberg",Medicare,263-348-7864,2024-09-22
P_01765,Tanya Santos,1944-10-05,82,Female,  AB-  ,742.964.1022x05835,"835 Nicholas Extensions, Sanchezside",Blue Cross Blue Shield,(776)206-7062,2023-07-13
P_01766,Bobby Santiago,1952-10-05,74,Male,A+,001-892-561-1980x9560,"23673 Horton Spur, Jenniferton",Medicare,497-931-1120,25-12-2023
P_01767,Ashley Allen,1996-10-05,30,Female,AB-,474-919-9389,"40958 Sanchez Highway, Richardsbury",Cigna,(866)524-2996,2023-07-08
P_01768,Sheena West,1994-10-05,32,Female,AB+,(466)233-8912,"37060 Charles Circles, Caldwellbury",Medicaid,(612)939-3381x8945,2023-09-09
P_01769,Brad Casey,2003-10-06,23,Male,A+,523-485-8972x50671,"370 Nicole Cove, West Sarah",Medicaid,543-490-1533x9583,2023-03-08
P_01770,Jessica Williams,1979-10-06,47,  Female  ,B-,+1-601-728-1848x936,"00679 Denise Flats, Rickyton",Blue Cross Blue Shield,(906)456-1217x4726,2023-05-27
P_01771,Samuel Jarvis,1959-10-06,67,Male,B-,+1-887-872-7538,"073 Lucas Crossroad Apt. 808, North Ray",Humana,+1-782-837-9953x420,2024-08-03
P_01772,Allison Bryant,2007-10-06,19,Female,O+,(526)275-6529x805,"1004 Crosby Brooks, Danieltown",UnitedHealthcare,499-850-0987,2024-05-02
P_01773,Jason Cole,1961-10-05,65,Male,O-,(575)920-5935x41572,"47425 Claudia Prairie Suite 974, Freyland",Medicare,001-284-565-6316,2024-09-19
P_01774,Kristina Spencer,1983-10-06,43,Female,B+,001-948-497-8941,"52882 Erika Pines Apt. 314, Lake Monique",Medicare,2256200298,2023-10-21
P_01775,Jennifer Neal,1973-10-05,53,Female,B+,9872825346,"850 Jones Cliff Apt. 121, Frostside",Blue Cross Blue Shield,+1-488-516-2666x98742,2024-03-18
P_01776,Scott Mora,1943-10-06,83,Male,AB-,344.346.1179x54957,"49441 Randolph Lights Apt. 451, North Robin",Aetna Health,321.781.6704,2024-02-16
P_01777,Brian Hays,1961-10-05,65,Male,O+,626.207.6851x6406,"8445 Jennifer Dale, South Kimberly",Medicare,(894)828-9811,2024-04-08
P_01778,Drew Brennan,1985-10-05,41,Male,B-,324.583.2595x7485,"5993 Jonathan Turnpike, Port Teresa",Cigna,+1-881-987-1694,2024-06-26
P_01779,Jessica Tanner,1939-10-06,87,Female,O+,+1-929-924-7680x725,"131 Reese Manor Apt. 676, North Jay",UnitedHealthcare,(706)729-4944x72724,2024-01-08
P_01780,Jean Matthews,1969-10-05,57,Female,AB+,+1-575-511-9489,"3996 Tonya Inlet, Travisstad",Humana,+1-399-677-1944x59596,09-07-2024
P_01781,Lisa Mathews,1990-10-05,36,Female,O+,741.484.1264x053,"27697 Heather Circle, Kristenburgh",Aetna Health,886-345-3261,2023-06-10
P_01782,Robert Armstrong,1990-10-05,36,Male,B+,294.752.2791,"7006 Hayden Unions Apt. 296, North Lisa",Cigna,001-963-336-4097x6282,2024-11-14
P_01783,Christopher Mcguire,1996-10-05,30,Male,B+,+1-926-431-0968,"0774 Susan Mall Apt. 043, Port April",Humana,(977)631-7742,2023-11-21
P_01784,Kimberly Hansen,1966-10-05,60,Female,A-,(842)775-8140,,Humana,+1-648-787-5340x732,2024-10-05
P_01785,Joshua Craig,1960-10-05,66,Male,A-,422.481.7108,"403 Jonathan Square, Ellisbury",UnitedHealthcare,767.683.5884,2023-02-24
P_01786,Megan Ortiz,1956-10-05,70,Female,AB-,+1-681-938-2311x9676,"833 Gray Gateway Apt. 822, Smithfurt",Medicaid,+1-297-977-7308x42985,2023-11-11
P_01787,Andrew Taylor,1961-10-05,65,Male,A-,(881)304-6363x20154,"49122 Rhodes Field, Lake Brittanyville",Humana,+1-494-292-6511x8580,2023-06-29
P_01788,Christy Nguyen,1991-10-06,35,Female,O+,001-621-580-9612x49201,"973 Kelsey Pike Apt. 657, South Nicole",Aetna Health,201.765.8456x32454,2023-05-02
P_01789,April Murphy,1965-10-05,61,Female,B-,815.440.9852x17729,"234 Castillo Plains, Josephland",Blue Cross Blue Shield,+1-273-327-4307x66740,2023-10-15
P_01790,Michelle Klein,1957-10-05,69,Female,O-,366.499.5359x607,"84765 Natalie Trafficway Suite 622, Kathleenville",Medicare,+1-303-288-1437,2023-05-19
P_01791,Michelle Stewart,1963-10-06,63,FEMALE,B+,,"78066 Wallace Hollow, New Belindaborough",Medicare,,2024-01-07
P_01792,Kimberly Willis,1983/10/06 00:00:00,43,Other,AB-,455.996.5727,"841 Wyatt Light, Port Kristin",Blue Cross Blue Shield,880.326.7094,2023-12-14
P_01793,Joel Webb,1966-10-05,60,Male,B-,001-464-518-1460x4991,"22802 Burke Pass Apt. 134, Hernandezton",Cigna,001-367-838-6675,2023-06-03
P_01794,Jeremy Hughes,1986-10-05,40,Male,O+,503.992.7499x143,"53083 Margaret Trace Apt. 146, Hullstad",Aetna Health,518-488-8270,21-05-2024
P_01795,Carolyn Bowen,1971-10-06,55,Female,A+,+1-813-860-4374x557,"408 Ashley Curve, Riverahaven",Medicare,982-277-5947x922,2024-06-16
P_01796,Kevin Scott,1973-10-05,53,Male,O+,(575)795-7963x3711,"0871 Edwards Pines, South Brandonmouth",UnitedHealthcare,(513)652-4281x6945,2023-11-10
P_01797,Edward Reid,1964-10-05,62,Male,A+,+1-272-344-7539x8792,"292 Tammie Ridge Apt. 599, Fergusonmouth",Aetna Health,8667011655,2023-03-24
P_01798,Hannah Sloan,1979-10-06,47,Female,O+,855.858.1800,"6772 Jacob Mews, North Amandaview",Medicare,001-538-800-6399x3782,2023-07-24
P_01799,Trevor Smith,10/05/1965,61,Male,O+,+1-897-787-2191x63091,"8004 White Islands, West Thomas",Medicare,+1-700-793-5871x70200,2023-12-10
P_01800,Jacob Delgado,1970-10-05,56,Male,A-,687-489-0052,"55433 Lynch Spur, East Deanna",Medicare,524-230-2583,2024-05-15
P_01801,Mark Allen,1950-10-05,76,Male,B+,(976)590-4744,"811 Mary Mills, Port Jessicaside",Humana,966.678.4533x4335,2023-04-27
P_01802,Amanda Jones,1987-10-06,39,Female,B-,580-933-6136,"60503 Susan Landing Apt. 163, Hawkinsport",Humana,(273)462-5303x426,2023-06-07
P_01803,Cynthia Middleton,1974-10-05,52,Female,A-,(299)227-2870x2294,"1102 Catherine Vista Suite 099, Bellmouth",Aetna Health,+1-995-364-5981,2023-12-16
P_01804,Stacy Walker,1950/10/05 00:00:00,76,Female,A+,001-628-544-2213,,Cigna,4292309587,2023-04-19
P_01805,Randy Kelly,2004-10-05,22,Male,B-,8022556931,"231 Allen Neck Suite 437, North Michael",Aetna Health,(596)427-6300x976,2023-04-04
P_01806,Jimmy Sanchez,1979-10-06,47,Male,B-,267.548.8139x142,"6941 Wright Villages Suite 013, Haleport",Cigna,(695)433-7189,2024-06-26
P_01807,Diane Conner,1964-10-05,62,Female,A+,001-388-456-3802x852,"41648 Fletcher Wall, Michaelfurt",Medicare,787-203-2187x039,2024-11-23
P_01808,Joshua Dillon,2003-10-06,23,Male,B-,+1-484-323-5940,"806 Jeremy Road Suite 362, West Gina",Cigna,(326)955-6157x72355,2023-07-22
P_01809,Diana Barker,2005-10-05,21,Female,B-,979-527-0599x4461,"60684 Jimenez Springs Apt. 674, New Joyburgh",Aetna Health,(202)487-0071x1064,2023-11-26
P_01810,Brianna Kelly,1980-10-05,46,Female,AB+,001-686-899-8008x81484,"1124 Tamara Rapid Suite 069, East Kristinburgh",Aetna Health,001-417-529-5218x6678,2024-02-27
P_01811,Matthew Russell,1962-10-05,64,Male,  AB+  ,767-765-9486x37878,"18972 Baldwin Crescent Suite 063, South Crystal",UnitedHealthcare,847.326.7326x813,2024-06-27
P_01812,Mary Gilbert,1975-10-06,51,Female,O+,(740)876-2028x2074,"413 Joshua Rapid, Lake Davidland",Blue Cross Blue Shield,514-621-5825x4514,2023-03-03
P_01813,Taylor Reed,1994-10-05,32,Female,AB-,2865992051,"159 Walton River Apt. 834, Edwinbury",Cigna,(827)606-0771x497,2024-08-25
P_01814,James Austin,1971-10-06,55,Male,AB+,403.324.2234x1779,"0052 Edwards Road, Smithtown",Humana,627-217-2098,2024-05-06
P_01815,Reginald Day,1985-10-05,41,Male,AB-,001-943-315-2119,,Medicare,+1-550-845-6960x6285,2023-06-24
P_01816,Peter Keller MD,1950-10-05,76,Male,O-,692-581-8711x3635,"31127 Samuel Turnpike, Lukefort",Medicare,539.990.4979x10303,2024-02-17
P_01817,Ashley Jones,1988-10-05,38,Female,AB-,550.229.7670x64409,"7614 Patrick Streets Apt. 600, Justinside",Medicare,(635)374-0885x17444,2023-01-26
P_01818,Pamela Arias,1984-10-05,42,Female,B+,(558)923-5526,"80617 Williamson Passage, West Melissaborough",Medicaid,+1-710-206-3105,2024-11-08
P_01819,Jamie Scott,1987-10-06,39,Male,B-,+1-448-368-7169x07338,"200 Darryl Rapids, North Gina",Blue Cross Blue Shield,+1-550-598-9479,2023-06-03
P_01820,Thomas Scott,1951-10-06,75,Male,B-,(490)561-0960x3382,"35375 Shelton Dale, Holtmouth",Medicare,+1-825-701-8872x069,2024-07-16
P_01821,Ronald Alexander,1969-10-05,57,Male,A-,(977)488-7130x8483,"66329 Simmons Port, Gomezport",Blue Cross Blue Shield,393.667.0619x75003,2024-11-12
P_01822,Dawn Golden,1979/10/06 00:00:00,47,Female,O-,+1-701-553-1500,"348 Delgado Point Suite 255, Jonesland",Humana,001-978-343-7601x8325,2023-08-29
P_01823,Mr. Henry Estrada,1960-10-05,66,Male,AB+,652.446.9360,"904 Casey Garden Suite 898, Lake Julieport",Cigna,424.745.7434,2024/10/08 00:00:00
P_01824,Mark Moore,1995-10-06,31,Male,AB-,(486)395-2938,"2868 Taylor Springs, North Jadebury",Humana,490-413-2570x44148,2023-10-16
P_01825,Daniel Holden,2004-10-05,22,Male,B-,(959)558-8855,"742 Smith Knolls, Bradleyfurt",Aetna Health,(759)791-4353,2024-04-02
P_01826,Sara Marshall,1972-10-05,54,Female,AB-,(507)903-6798,"3015 Thomas Orchard, South Justin",Medicaid,+1-211-784-4878,2024-05-02
P_01827,Ashlee Atkinson,10/05/1956,70,Female,B-,909-500-2558x7825,"02203 Malone Gardens, Kevinstad",Cigna,+1-233-540-1647x8506,2024-10-09
P_01828,Andrea Herrera,1962-10-05,64,Female,  AB-  ,(385)510-2146x548,"06152 Heath Common, South Timothyhaven",Medicaid,001-779-250-4700x622,2024-04-26
P_01829,Jocelyn Snyder,10/06/1963,63,Female,  O-  ,+1-817-248-9092x393,"470 Kaufman Terrace Apt. 660, Trevorfurt",Medicaid,427-339-8311x25982,2023-03-25
P_01830,Linda Cole,1948-10-05,78,Female,AB-,8168244451,"70340 Obrien Pike, Jeffreymouth",Humana,001-802-774-3939x191,2023-10-10
P_01831,Kevin Hardin,1972-10-05,54,Male,O-,7628095279,"2509 James Shores, Port Stephanie",Medicaid,(606)782-2053,2023-12-02
P_01832,Kristi Clark,1971-10-06,55,Female,B-,001-878-857-5232,"38211 Thompson Track, Lauraton",Humana,+1-425-851-3099x96294,2023-11-18
P_01833,Lisa Gallagher,2002-10-05,24,Female,B-,7707345621,"74216 Breanna Knolls Suite 594, Lake Ashleytown",Medicaid,454-690-6547x829,2023-03-04
P_01834,Lucas Mills,1986-10-05,40,Male,B-,(261)818-7007x49890,"020 Danny Land, Mcculloughmouth",Aetna Health,,2023-01-12
P_01835,Joseph Woodard,1975-10-06,51,Male,O-,001-915-959-3989,"142 Pennington Parkway Apt. 742, North Evan",Humana,001-437-336-0014x52323,2024-03-07
P_01836,Casey Whitehead,1965-10-05,61,Male,AB-,,"6090 Jennifer Creek Suite 903, East Tina",Blue Cross Blue Shield,993.560.5720,2024-08-31
P_01837,Isaiah Chambers,1971-10-06,55,Male,B+,001-567-262-3865x826,"618 Jacob Turnpike, New Samuel",UnitedHealthcare,001-942-763-4054,2024-04-09
P_01838,Gary Todd,06-10-1975,51,Male,O+,(298)332-2991x8128,"7019 Mary Mountain, South Brittanyfurt",Medicaid,685.687.6612x1774,2024-01-13
P_01839,Ryan Ward,1980-10-05,46,Male,A+,337-259-8248x1328,"95584 Stewart Field, Gabrielview",Cigna,6718491310,2023-07-02
P_01840,Jacob Jimenez,1999-10-06,27,Male,B+,4452645431,"265 Eric Radial, Shannonshire",Medicare,001-726-333-7009,2024-06-07
P_01841,Ronald Obrien,2006-10-05,20,Male,B-,622-427-6158,"118 Steele Falls Apt. 318, Williamland",Blue Cross Blue Shield,001-932-397-5703x409,06/19/2024
P_01842,Shannon Davis,1985-10-05,41,Female,A+,+1-354-936-2748,,Medicaid,+1-851-492-6175,2023-03-13
P_01843,Michelle Martin,1963-10-06,63,Female,B-,+1-300-339-1610x281,"0404 Stephens Shoals, Hallport",Medicare,305.821.7020x73970,2024-07-15
P_01844,Tracy Henderson,1989-10-05,37,Female,A+,001-858-910-7719,,Blue Cross Blue Shield,524-850-4988x645,2023-02-27
P_01845,Virginia Carter,1983-10-06,43,Female,B+,526-352-7667,"2541 Gallegos Forest Apt. 112, Farleyville",Medicaid,+1-768-850-6345,2023-08-27
P_01846,Leslie Sellers,1969-10-05,57,Female,AB+,504-656-8826,"2359 Alyssa Pike, Smithtown",Medicare,425-313-6272x58618,2023-01-20
P_01847,David Fletcher,1980-10-05,46,Male,A+,387-842-6154x712,"5733 Tiffany Burg, Davisbury",Aetna Health,(489)552-9748x02335,2023-03-11
P_01848,Kellie King,1981-10-05,45,Female,AB-,(396)838-3846x074,"5561 Latoya Meadow, Port Emilyfort",Medicaid,+1-551-504-2425x8465,2023-03-24
P_01849,Rebecca Woods,1972-10-05,54,FEMALE,AB+,668.953.8499x408,"79728 Christine Dam Suite 714, North Stacyport",UnitedHealthcare,,2024-10-04
P_01850,Brittany Blackwell,06-10-1991,35,Female,AB+,(216)442-0118,"8521 Debra Creek Suite 946, East John",UnitedHealthcare,279-384-2769,2023-07-26
P_01851,Alexander Bennett,05-10-1985,41,Male,A+,+1-805-733-7019x3639,"3646 Ashley Station, West Larrymouth",Medicare,(419)709-2671,2024-10-28
P_01852,Ryan Hill,1992-10-05,34,Male,a-,276-908-3073x5460,"407 Black Trace Suite 449, West Laura",Cigna,001-633-848-8695,2023/02/12 00:00:00
P_01853,Abigail Thompson,1963-10-06,63,Female,B-,9977646531,"627 Anderson Forge Apt. 412, West Lorraine",Medicaid,870.737.5269,2023-11-02
P_01854,Crystal Harper,1968-10-05,58,Female,AB+,(891)839-4689x3327,"3984 Kristin Mount, Port Kimberly",Aetna Health,812-557-4815x32460,2023-08-24
P_01855,Ashley Warren,1990-10-05,36,Female,B-,255.942.0609x93960,"350 Garcia Oval Suite 238, North Stephen",Medicare,813-348-6579,2023-07-05
P_01856,Charlotte Taylor,1946-10-05,80,Female,O-,501-373-2815x954,"6740 Michelle Heights, West Johnside",Medicare,841-219-5873,2024-09-08
P_01857,Jason Huffman,1939-10-06,87,Male,a-,940.451.3005,"532 Cherry Crescent, East Jeffrey",Blue Cross Blue Shield,367-916-2996,2023-09-12
P_01858,Eric Maddox,1960-10-05,66,Male,O+,442-633-5215x6023,,Cigna,001-997-897-8087x841,2023/01/01 00:00:00
P_01859,Mrs. Marie Walker PhD,1989-10-05,37,Other,AB-,969.439.4995,"03521 Kevin Court, Port Lorichester",Blue Cross Blue Shield,413.589.3313x86349,2023-07-15
P_01860,Melissa Holt,1984-10-05,42,Female,AB+,(949)837-1041,"510 Debra Turnpike, South Joshuaton",Aetna Health,001-840-239-7621x1880,2023-02-05
P_01861,Sarah Gordon,2000-10-05,26,Female,A+,414-282-1991,"44185 Chad Mall Suite 415, New Cheyennefort",Medicare,001-556-381-1343x1532,2024-10-13
P_01862,Crystal Anderson,1974-10-05,52,Female,AB+,001-482-623-5963x4726,"93916 Mcclain Expressway Suite 730, Milesview",UnitedHealthcare,6362480025,2024-04-11
P_01863,Derrick Salas,2008-10-05,18,Male,O+,+1-367-465-1727x7532,"655 Carter Coves, Brendatown",Cigna,2155903824,2023-06-06
P_01864,Christopher Yu,1990-10-05,36,Male,A+,834.836.4456x63090,"049 Smith Lock Suite 446, Carlmouth",Medicaid,579-623-0028,2024-04-21
P_01865,Matthew Buck,1974-10-05,52,Male,AB+,245-550-7429x828,"440 Alejandro Alley Suite 689, Wellston",Blue Cross Blue Shield,364.896.4422,2024-05-05
P_01866,Sandra Mills,1972-10-05,54,Other,A+,(686)797-9793,"57223 Leslie Trail Suite 057, Amymouth",Humana,358.410.0154x475,2023-01-02
P_01867,Jacob Young,1945-10-05,81,Male,a-,+1-998-848-0020x32870,"8322 Ortega Rapid, Port Michealstad",Medicaid,732.622.2326x017,2023-02-18
P_01868,Lisa Luna,1962-10-05,64,Female,UNKNOWN_VAL,583.220.9912x42348,"84567 Samuel Keys Suite 302, Lake Julie",Cigna,484-377-1467x3390,2024-01-18
P_01869,Jeremy Rodriguez,1973-10-05,53,Male,O+,,"41881 Oneill Mission Suite 515, East Colinfurt",UnitedHealthcare,859-582-1941x517,2023-12-22
P_01870,Anita Valdez,1994-10-05,32,Female,  O-  ,7855403032,"5995 Carla Falls Apt. 560, Lake Robertport",Cigna,(809)922-5973,2024-11-19
P_01871,Jill Shannon,1991-10-06,35,Female,AB-,406-401-1303,"235 Walker Spurs, Leview",UnitedHealthcare,536-456-0267x41216,2023-09-17
P_01872,Lauren Reyes,1943-10-06,83,Female,AB-,(523)897-2484,"960 Aguilar Prairie, North Michaelville",Medicaid,(707)310-8165x359,2023-06-18
P_01873,Maria Harris,1970-10-05,56,Female,B+,(409)628-3534,"15280 Jessica Mall Suite 861, Seanmouth",Humana,001-493-824-6964,2023-06-13
P_01874,Kelsey Santos,2002-10-05,24,Female,a+,001-568-201-2669,"4764 Jodi River, Kurtside",Medicaid,(481)883-2551,2024-03-05
P_01875,Veronica Levy,1952-10-05,74,Female,B-,378-527-2972,"086 Smith Curve Suite 316, Meganville",Cigna,001-924-304-0341x760,2024-11-11
P_01876,Kathryn Castillo,1974-10-05,52,Female,O+,+1-838-864-0470x420,"8635 Wright Squares Apt. 226, Davidbury",Medicaid,+1-354-831-8705x09822,2024-01-18
P_01877,Nathaniel Stout,1966/10/05 00:00:00,-60,  Male  ,O-,622.540.8407,"1623 Luke Throughway, New Victor",Aetna Health,402-391-3322x7603,2023-04-19
P_01878,William Frost,1944-10-05,82,Male,A-,880-864-3855x12998,"80583 Christina Lock, Port Donnafurt",Cigna,750.577.3188,2024-05-22
P_01879,Julia Allen,1987-10-06,39,Female,A-,(794)209-5332x433,"844 Jeffery Path Apt. 254, Adkinsburgh",Humana,480.866.4485x6786,2023-08-03
P_01880,Jonathan Espinoza,1990-10-05,36,Male,A-,227-801-1836,,Blue Cross Blue Shield,+1-314-523-8614x5094,2023-08-01
P_01881,Justin Moore,1947-10-06,79,Male,AB+,(281)640-1011x905,"281 Torres Island Apt. 810, Gravesmouth",UnitedHealthcare,(719)472-6344x556,2024-11-08
P_01882,Jennifer Taylor,1985-10-05,41,Female,A+,001-358-845-9722x0501,"26849 Alvarez Wells, Hamiltonville",Cigna,,2024-08-26
P_01883,Heather Osborne,1990-10-05,36,Female,O+,+1-443-719-3667x116,"2293 Jackson Ports, New Thomasshire",Humana,375.593.7275,2023-09-19
P_01884,Sharon Murphy,1974-10-05,52,Female,O-,001-762-607-1389x4778,"9453 Joshua Cove, East Nichole",Blue Cross Blue Shield,662-985-0696x7206,2024/09/27 00:00:00
P_01885,Michael Wood,1968-10-05,58,Male,B-,7379501605,,Cigna,857.768.5642,2024-07-10
P_01886,Richard Bond,1983-10-06,43,Male,AB+,+1-890-995-4717x7416,"489 Wilson Junction Apt. 600, West Justinborough",Medicaid,(283)551-0067x076,2024-04-25
P_01887,Michael Blake,1994-10-05,32,Male,A+,(430)307-3415x274,"133 Chelsea Hill, Port Sharon",Medicaid,6183087537,2024-12-01
P_01888,Christopher Butler,1967-10-06,59,Male,A+,6264745861,"2488 Shaw Shores, Port Eugeneside",UnitedHealthcare,(753)565-5220,2024-08-01
P_01889,Dustin Mills,2005/10/05 00:00:00,21,Male,B+,302.751.5716,"7239 Kathleen Heights Suite 185, South Chadland",Blue Cross Blue Shield,683.951.4635,2024-04-07
P_01890,Kimberly Herrera,1999-10-06,27,Female,A-,001-885-947-6206x9348,"0219 Myers Crest, Wilcoxborough",Aetna Health,(364)617-2255,2023-06-08
P_01891,Rhonda Romero,1983/10/06 00:00:00,43,Female,O+,3182299909,"26390 Elizabeth Walks, New Brandimouth",Blue Cross Blue Shield,001-239-948-8340x3906,10/31/2024
P_01892,Sara Abbott,1950-10-05,76,Female,B-,+1-272-797-0345,"024 Knox Skyway, Courtneyborough",Cigna,+1-674-422-5779x830,08/20/2024
P_01893,Frank Romero,1994-10-05,32,Male,A+,832.413.0193,"7235 Garcia Ranch, Jamesville",Medicare,575-362-9788x2355,2023-05-23
P_01894,Taylor Davidson,1985-10-05,41,Female,AB-,+1-544-646-9048x8356,"68801 Ellis Centers Suite 965, Bernardstad",Cigna,2029356414,2024-06-21
P_01895,Sara Chase,1991-10-06,35,Female,O+,305-543-5137,,Blue Cross Blue Shield,+1-885-299-1928x92176,2024-03-22
P_01896,Crystal Schmidt,1989-10-05,37,Female,B-,347.886.2646,"0186 Matthew Freeway, Tinatown",Aetna Health,+1-678-961-1407x6703,15-02-2024
P_01897,Jonathan Foster,1973-10-05,53,Male,AB-,274.964.6225,"6219 Sherri Plains Apt. 593, North Philipview",Medicaid,001-970-771-9925,2024-11-11
P_01898,Jimmy King,2000-10-05,26,Male,A+,001-303-242-8756x731,"6602 Salazar Springs, South Charles",Aetna Health,609-385-6910x393,2024-02-28
P_01899,David Collins,1971-10-06,55,Male,A+,339-331-7422x16598,"791 Paul Spring Suite 895, Port Melanie",Medicaid,392.980.6396x824,2024-02-05
P_01900,Mark Lynn,1989-10-05,37,Male,B+,+1-671-531-1582x508,"211 Cody Plains Apt. 882, West Michaelmouth",UnitedHealthcare,7546332125,2024-06-27
P_01901,Thomas Hill,2001-10-05,25,Male,B-,001-639-222-0781x050,"7233 Richards Landing, Lake Shellymouth",Blue Cross Blue Shield,885.915.3435,2024-05-01
P_01902,Kevin Jones,1967-10-06,59,Male,B+,209-346-1745x5637,"51300 Lopez Camp Suite 129, South Leah",Humana,+1-536-918-1579x77642,2023-03-14
P_01903,Kathryn Johnson,1962-10-05,64,Female,B-,,"012 Gary Avenue Apt. 112, Christinaview",Cigna,358-322-1215,2023-03-16
P_01904,Joshua Roth,1949-10-05,77,Male,O+,001-898-395-0665x935,"08145 Patricia Valleys Suite 068, Port Christopher",Blue Cross Blue Shield,001-644-970-7495x2249,2023-09-26
P_01905,Daryl Martinez,1998-10-05,28,Male,B-,9072694165,"2950 Sanchez Wall, Kennethchester",Cigna,385.830.4456x759,2024-01-18
P_01906,Brandy Turner,1944-10-05,82,Female,  B+  ,001-333-850-8511x2748,"9852 Matthew Shores, Smithshire",Aetna Health,001-793-821-9746,2024-10-23
P_01907,Mark Hernandez,1986-10-05,40,Male,A-,(390)228-7619x76813,,Cigna,+1-700-631-9085x7882,2023-02-01
P_01908,Clinton Hunt,1978-10-05,48,Male,AB-,,"116 Gabrielle Mill Apt. 732, Nathanfort",UnitedHealthcare,001-379-474-8408x52286,2024-02-07
P_01909,Jennifer Carey,1951-10-06,75,  Female  ,O+,8659768299,,Humana,928-487-8925x986,2024-04-26
P_01910,Bryan Obrien,1965-10-05,61,Male,AB-,415-771-7626x9672,"5551 Jordan Lake Apt. 143, New Sandystad",Blue Cross Blue Shield,221.789.3153,2024-08-10
P_01911,Nathan James,1967-10-06,59,Male,AB+,(348)933-8806x719,"51869 Mcgee Shores Suite 671, Riosberg",UnitedHealthcare,609-775-8613x9347,2023-03-06
P_01912,Amanda Williams,1981-10-05,45,Female,B-,618-550-0603x0798,"48615 Flores Pass Suite 934, Lake Jonathanfurt",UnitedHealthcare,,2023-11-28
P_01913,Ralph Miller,1962-10-05,64,male,O+,418-326-0606,"764 Porter Trail Suite 742, West Antonioton",Cigna,+1-800-401-8260,2024-02-26
P_01914,Bruce Gilbert,1956-10-05,70,Male,AB-,2686870909,"26634 Morales Junction, Lake Colleenton",Cigna,001-579-742-5922x021,2023-10-30
P_01915,Allison Hoover,1954-10-05,72,Female,A-,235-393-2561x837,"7441 Herman Manors Apt. 145, Erinhaven",Cigna,001-447-816-9361x756,2024-08-18
P_01916,Pamela Koch,1972-10-05,54,Female,B+,215-350-1457x004,"37591 Dana Pine Suite 131, New Matthew",Cigna,601.460.1619x959,2024-10-10
P_01917,Danielle Walton,10/05/1972,54,Female,O-,(737)609-4206x599,"80995 Diamond Path Apt. 154, Lopeztown",Medicaid,739.577.2518x83389,2023-10-05
P_01918,Laurie Miller,1998-10-05,28,Female,O+,5267398649,"9970 Morgan Island Suite 538, East John",Blue Cross Blue Shield,001-440-891-7089x5743,2023-05-08
P_01919,Brittany Moore,1952-10-05,74,Female,AB+,,"46929 James Road, Newtonborough",Medicaid,658-372-3636x285,2024-04-10
P_01920,Margaret Bridges,1959-10-06,67,Other,A-,658.773.8688x0507,"52471 Adkins Valleys, Lake Benjaminborough",Medicare,4038527517,2024-10-05
P_01921,Douglas Torres,1995-10-06,31,Male,A+,+1-678-736-0029,"828 Kenneth Lodge Apt. 727, North Angelaville",Blue Cross Blue Shield,588.872.1728,2023-05-06
P_01922,Lisa Henderson,1974-10-05,52,Female,O+,+1-584-348-7949,,Aetna Health,+1-256-493-2874x34205,2023-05-11
P_01923,Robert Guerra,2007-10-06,19,Male,AB+,(408)834-5037x350,"2617 Miller Vista, Christopherside",UnitedHealthcare,+1-422-587-0021x3613,2023-04-25
P_01924,Cindy Becker,1972-10-05,54,Female,AB-,001-874-845-1227x607,"6442 Robin Camp, Burnsbury",Humana,+1-759-392-3312x8998,2024-08-07
P_01925,Patrick Moss,1975-10-06,51,Male,  O+  ,,"8946 Thornton Inlet Suite 550, Shannonland",Aetna Health,001-743-242-5482,2023-08-14
P_01926,Holly Potter,1991-10-06,35,Other,AB+,,"42542 Kathleen Points Apt. 326, East Ashleyport",Humana,001-380-957-9687x33520,2024-09-20
P_01927,Brandon Williams,1953-10-05,73,Male,B+,+1-376-730-2866x535,"172 Joseph Locks Apt. 385, Davidstad",Aetna Health,209-234-6673,2023-08-15
P_01928,Matthew Rice,1986-10-05,40,Male,O+,(372)374-6001,"6311 Jessica Pass Suite 855, Parkborough",Medicare,+1-838-612-4014x766,2023-11-12
P_01929,Jeffrey Clayton,1987-10-06,39,Male,O+,+1-210-614-5297x173,"113 Rich Avenue, North Dana",Humana,001-961-473-5599x7177,2024-03-30
P_01930,Jessica Madden,1990-10-05,36,FEMALE,AB-,7166259534,"728 Warren Ranch Apt. 725, Tinachester",UnitedHealthcare,368-698-3750,2024-11-20
P_01931,Beth Nunez,1983-10-06,43,Female,AB-,(870)336-4657,"2723 Cabrera Inlet, West Kevin",Aetna Health,580.715.2607x4869,2024-03-28
P_01932,Kelly Hudson,1962-10-05,64,Female,B-,001-684-779-1665x9144,"23124 Kathryn View, South Joseph",Aetna Health,+1-558-991-5965x45827,2023-06-22
P_01933,Allison Wilson,1985-10-05,41,Female,O+,293.294.2418x50489,"67087 Krause Grove Apt. 828, Port Jason",Medicaid,4094273385,2023-10-25
P_01934,Johnny Petersen,1990-10-05,36,Male,A+,001-967-521-8257x157,,Medicare,339-768-2298x336,2023-03-08
P_01935,Karen Vaughan,1969-10-05,57,Female,A-,300.730.5644,"974 Diane Plains Suite 583, Port Colton",Medicare,+1-439-202-1573,2024-04-01
P_01936,Daniel Jenkins,1985-10-05,41,Male,B+,562-328-7947,"98204 Richard Circles, East Roy",Aetna Health,,2023-09-24
P_01937,Jason Moore,1954/10/05 00:00:00,72,Male,B-,(830)826-6980x32739,"90913 Pineda Cliff Apt. 839, Lake Scottfurt",Blue Cross Blue Shield,435.608.2204x7301,2024-01-26
P_01938,Alexander Griffin,1966-10-05,60,Male,AB+,382.241.8335x67207,"7342 Thompson Wells, North Zachary",Medicare,(880)490-1517x489,2023-09-14
P_01939,Zachary Herrera,1986-10-05,40,Male,AB+,(473)264-3894x15235,"016 Richardson Coves, Chadview",Aetna Health,672.834.3666x4798,2023-07-10
P_01940,Rebecca Smith,1972-10-05,54,  Female  ,B+,450.946.8015,"0960 Benjamin Views Suite 856, Port Sabrina",UnitedHealthcare,001-996-832-2991x945,2024-08-09
P_01941,Tracy Robinson,1983-10-06,43,Female,A-,299.871.2363,"377 Randy Ridges, Kaneton",Blue Cross Blue Shield,+1-718-771-6699x3410,2023-07-20
P_01942,Pamela Martin,1962-10-05,64,Female,AB-,(974)320-7842,"137 Gilmore Locks Suite 867, West Mariachester",Cigna,989-236-1759x088,2024-04-18
P_01943,Christopher Rodriguez,1988-10-05,38,Male,B+,382.281.6025x33441,"01392 Robert Roads, East Samantha",Humana,+1-537-509-9726x332,2023-01-09
P_01944,Anthony Randall,1962-10-05,64,Male,B+,(232)285-2124,"24174 Williams Locks Suite 988, West Shawn",Blue Cross Blue Shield,(790)229-0276x99904,2023-02-28
P_01945,Kristin Smith,1988-10-05,38,Female,AB+,+1-526-992-7829x7253,"3740 Julie Lights Suite 908, Robertborough",Medicare,(506)459-3124,2024/09/15 00:00:00
P_01946,Mr. James Case,2001-10-05,25,Male,A+,001-845-373-4854x13236,"52308 Carla Mountain Apt. 349, Masontown",Blue Cross Blue Shield,252-942-0526x738,2023-09-12
P_01947,Misty Wright,1975-10-06,51,Female,O+,+1-487-863-9540x0220,"869 Garcia Neck Apt. 570, South James",Medicaid,2383200003,2024-05-16
P_01948,Kristin Williams,1969-10-05,57,female,AB-,(382)710-3887,"1789 Ronald Heights, Port Christianfurt",Humana,(942)295-5538,2024-10-24
P_01949,Tiffany Davis,1944-10-05,82,Female,O-,+1-942-720-5832x83715,"9632 Anthony Highway Suite 604, Whiteview",Aetna Health,842.220.9001x43101,2023-06-20
P_01950,Nicholas Mclaughlin,1941-10-05,85,Male,O+,204.730.2419x350,"33574 Michael Plaza Apt. 342, West Christopherview",Medicare,739.790.5379x991,2023-11-02
P_01951,Brittany Baldwin,1986-10-05,40,Female,B-,(884)418-1628x2613,"41917 Jacqueline Ports Suite 932, Natalieview",Medicare,001-205-854-6321x8270,2023-07-23
P_01952,Vanessa Paul,1942-10-05,84,Female,AB+,(968)861-0844,"779 Cohen Estate, Jimenezport",Medicare,733.298.9852,2023-05-24
P_01953,Mary Holt,1953-10-05,73,Female,O-,,"35214 Stanley Junction, South Josephland",Cigna,+1-426-821-9731x457,2023-09-16
P_01954,Elizabeth Morris,1961-10-05,65,Female,B-,,"525 Fowler Plains Suite 150, Markland",Aetna Health,9803306154,2024-03-01
P_01955,Emma Medina,1986-10-05,40,Female,O+,4379131194,"03666 Ryan Drive, Harveyside",Blue Cross Blue Shield,759-745-6069,2024-01-31
P_01956,Michelle Carroll,1962-10-05,64,Female,O-,252-342-7509,"153 Scott Trail Apt. 162, North Valerie",Blue Cross Blue Shield,500.745.2082,2023-02-11
P_01957,Ronald Gray,1951-10-06,75,Male,A-,+1-588-831-1496,"8444 Diane Drive Apt. 917, South Dylanberg",Aetna Health,+1-517-289-4260x3200,2023-06-19
P_01958,Shelley Cook,1975-10-06,51,Female,A+,(359)342-8398,"05970 Jacob Green, Pattyborough",Medicare,(402)556-7322x9171,2024-10-07
P_01959,Anthony Woodard,06-10-1963,63,Male,AB-,,"06656 Andrew Burg, East Williamfort",Blue Cross Blue Shield,656-576-1342x82334,2024-09-28
P_01960,Melissa Wells,1946-10-05,80,Female,A+,327-820-5139x5414,"112 Thomas Vista, Mayfurt",Cigna,(532)968-6251,2024-03-19
P_01961,Kara Riddle,1964-10-05,62,Female,O+,+1-205-555-9084x831,"6943 Robyn Haven Apt. 097, Shawberg",UnitedHealthcare,788.389.0122x699,2023-06-07
P_01962,Lisa Kirk,1979-10-06,47,Female,B-,(929)344-2052x03065,"753 Tina Wells, Williamside",Blue Cross Blue Shield,001-401-736-0494x74214,2023-05-26
P_01963,Michael Rojas,1996-10-05,30,Male,B+,(971)889-8045,"96258 Gill Route, South Ginaville",Aetna Health,569.399.5905x3044,2023-11-07
P_01964,Leonard Evans,1947-10-06,79,Male,  AB+  ,2639959070,"73397 Mark Crescent Apt. 909, Lake Jason",Aetna Health,386-683-9859,2023-06-05
P_01965,Lisa Grimes,1989-10-05,37,Female,B-,(963)591-8900x9180,"89514 Christina Square, West Rachel",Medicare,860.271.7754x50756,2024-05-09
P_01966,John Peck,2003-10-06,23,Male,AB-,001-900-913-8859,"139 Caleb Oval, Lake Markport",Medicaid,(469)861-4797x9389,2024-11-16
P_01967,Kelly Perez,1968-10-05,58,Female,AB-,652.795.4005,"42143 Haley Manor, Baileyside",Cigna,001-499-340-3640,2024-07-15
P_01968,Katherine Rivas,1973-10-05,53,Female,AB+,+1-533-726-2100,"2915 Garcia Shores Apt. 198, South Holly",Humana,808.317.2607,2024-08-26
P_01969,Carl Williams,1987-10-06,39,MALE,AB+,615-668-2072x799,"89892 Coleman Trafficway, Port Katelyn",Medicare,+1-767-940-8656x0022,2023-10-06
P_01970,Edwin Shannon,1951-10-06,75,Male,B+,955.934.1760,"9936 Sara Knolls Apt. 098, Nicholasbury",Medicaid,377-274-1546x3344,2023-09-21
P_01971,Juan Esparza,1953-10-05,73,Male,B+,001-614-239-4207,,Blue Cross Blue Shield,292-868-0750,2023-09-12
P_01972,Kayla Orozco,1970-10-05,56,Female,AB+,388.906.9733x82878,"52881 Stafford Court, South Caitlin",Blue Cross Blue Shield,+1-228-671-0023x977,2024-03-05
P_01973,Daniel Kelly,1945-10-05,81,Male,AB-,001-351-263-8883x28997,"5498 Darrell Throughway Apt. 981, Kimtown",Blue Cross Blue Shield,001-689-589-1128x1471,2024-11-09
P_01974,Elizabeth Johnson,1995-10-06,31,Other,AB-,254-203-3596,"55309 Hutchinson Stream Suite 718, Richardschester",UnitedHealthcare,+1-230-617-7626,2024-04-29
P_01975,Brianna Moran,1945-10-05,81,Female,O+,245.837.9569x6826,,Medicaid,500-637-6600x28550,2024-05-18
P_01976,Paula Miller,1984-10-05,42,Female,AB-,(389)273-1736x72310,"9751 Anthony Expressway Apt. 730, South Jamesport",Aetna Health,311.705.0272x57726,2024-09-17
P_01977,Ellen Sanchez,1998-10-05,28,Female,A+,(412)473-5858x2434,"576 Dorothy Forest, Jacksonshire",Aetna Health,761-735-0248,2023-03-26
P_01978,Christopher Hatfield,1958-10-05,68,Male,A+,470.288.0635x72989,"1372 Christina Fall Suite 164, North Courtney",Blue Cross Blue Shield,+1-458-200-6841x160,2024-10-25
P_01979,Natasha Brown,1988-10-05,38,Female,AB-,(912)658-4723,,Cigna,001-278-713-7421x4157,2024-01-11
P_01980,Barbara Avila,1990-10-05,36,Other,A-,(605)998-9926x1104,"149 Gonzalez Bridge Suite 013, Frederickville",Blue Cross Blue Shield,+1-945-475-4523x558,2023-02-09
P_01981,Emily Smith,1954-10-05,72,Female,O-,(424)411-0871x540,,Blue Cross Blue Shield,759-295-7263x485,2024-02-05
P_01982,Danielle Floyd,1941-10-05,85,Female,AB+,+1-472-796-7828x661,"0620 Davies Forges, Darinberg",Aetna Health,801.530.1132,2023-03-15
P_01983,Joshua Ortiz,10/05/2006,20,Male,B-,596-366-8673x4815,"19043 Johnson Island, Duncanview",Cigna,001-836-944-4694x42110,2024-06-11
P_01984,Lisa Williams,1969-10-05,57,Female,AB-,(230)632-6151x871,"446 Wolf Unions, Perezshire",Medicaid,+1-692-928-4014,29-04-2024
P_01985,Melissa Herman,1938-10-05,88,Female,B-,473-958-0541x63189,"06921 Lopez Shoal Apt. 050, Oconnellfort",Humana,001-548-517-9890x330,2024-03-04
P_01986,Paula Ortega,1980-10-05,46,Female,A+,001-681-730-1217x0994,"81341 Jack Ranch Apt. 616, Port Jennifermouth",Blue Cross Blue Shield,861.906.7076,2023-06-02
P_01987,Cody Mann DDS,2007-10-06,19,Male,A-,(771)977-3268,"52894 Robert Shore, Salinasland",UnitedHealthcare,655.325.6767x87905,2024-04-04
P_01988,Jay Curry,1979-10-06,47,male,A-,(891)815-3405x2426,"8699 Brent Mountain Apt. 816, West Dannybury",Cigna,396.240.4970x3834,2024-05-08
P_01989,Sheri Jones,1951-10-06,75,Female,A+,(277)401-8307x849,"6094 Samantha Burg Apt. 302, East Ashley",UnitedHealthcare,+1-635-940-3571x3384,2023-08-03
P_01990,Julie Jones,2003-10-06,23,Female,AB+,696-857-3515,"660 Padilla Mews, Adamsland",Medicare,(743)646-8348,2023-02-02
P_01991,Glenda Parks,1968-10-05,58,Female,AB-,898.200.5832x6973,"01798 Lori Course Apt. 959, South Angela",Medicare,632.785.9683,2024-02-12
P_01992,Jessica Terry,1977-10-05,49,Female,B+,,,Blue Cross Blue Shield,(904)388-2526,2023-11-19
P_01993,Robert Mason,1969-10-05,57,Male,B+,958-369-4094,"917 Rachel Parks, Barnesstad",Aetna Health,858-706-1870x013,2023-12-09
P_01994,Cody Brown,1952-10-05,74,Male,A+,957.469.1364,"856 Thompson Courts Apt. 289, Jaredmouth",Cigna,814-530-1942x673,2023-07-04
P_01995,Gabriel Brock,1979-10-06,47,Male,B-,253-610-4308,"10025 Kenneth Landing Suite 769, South Danielbury",Aetna Health,(695)918-4691x728,2023-01-03
P_01996,Charles Rodriguez,1939-10-06,87,Male,O+,+1-527-524-1987x833,"5597 Jones Knolls, Davidberg",Medicaid,2222796177,2024-06-01
P_01997,Carolyn Williams,1963-10-06,63,Female,O-,(551)372-9488x983,"896 Michael Bypass, Devonmouth",Blue Cross Blue Shield,+1-264-706-0564x3290,2024-08-28
P_01998,Robert Jones,1975-10-06,51,  Male  ,O+,427.750.6362x2982,"3865 Clarence Flat, Anitahaven",Medicare,001-442-209-4184x446,2023-03-06
P_01999,Robert Parker,1976-10-05,50,Male,A+,001-279-472-7313x9211,"074 Allison Junctions, Flowerston",Humana,921.565.1556,2023-09-29
P_02000,Jeffrey Jones,1980-10-05,46,Male,B-,627.878.7659x732,"7050 Heather Court, West Alex",Blue Cross Blue Shield,001-758-436-8251x70245,2023-09-29
P_02001,Jesse Scott,1977-10-05,49,MALE,A-,001-534-943-2228,"30273 David Burgs, Kevinport",Humana,,2024-03-16
P_02002,Kathryn Hardy,1943-10-06,83,Female,AB+,+1-928-917-2724x334,"048 Mitchell View, Cooleyberg",Humana,+1-782-855-9948x4827,2023-01-17
P_02003,Kurt Vasquez,1966-10-05,60,Male,A-,001-794-313-0087x10623,"318 Emily Greens Suite 649, Meganfurt",Humana,001-765-366-0207x624,2024-07-19
P_02004,Mrs. Amy Russell DVM,1969-10-05,57,Female,b-,(673)348-5794,"426 Lowe Prairie Suite 370, Thomasstad",Blue Cross Blue Shield,294-415-8744x915,2023-07-01
P_02005,Nicholas Murphy,1989-10-05,37,Male,B+,001-285-389-7681x1655,"087 Jacobs Crest Suite 748, North Kevinhaven",Cigna,+1-269-508-0267x82249,2024-05-06
P_02006,Richard Porter,1965-10-05,61,Male,O+,+1-378-747-5228x155,"49937 Brittany Island Apt. 043, North Richardport",Aetna Health,(663)875-9972,2024-03-01
P_02007,Susan Hicks,1985-10-05,41,Female,A-,476-305-0575x99753,"405 Mason Ville, Robertstad",Blue Cross Blue Shield,(791)589-3580,2024-07-09
P_02008,Janice Gardner,1960-10-05,66,Female,AB+,+1-505-642-6024x42117,"74368 Weaver Bypass Suite 013, Donburgh",Aetna Health,355.204.4057,2023-03-09
P_02009,Matthew Reynolds,2005-10-05,21,Male,A-,3804201104,"860 Harper Lock Apt. 225, New Garytown",Medicare,319-988-5526,2024-07-01
P_02010,Richard Taylor,1949-10-05,77,Male,B-,9268125927,"0271 Kimberly Turnpike, North Brandonview",Medicaid,001-352-554-0035,2023-12-28
P_02011,Emily Cruz,1941-10-05,85,other,B+,894-378-9792x6911,"466 Santiago Forge Apt. 663, New Amymouth",Aetna Health,476.882.4584x85166,2023-03-30
P_02012,Jessica Morris,1967-10-06,59,Other,AB-,001-584-552-4054x168,"2147 Diana Union, Port Jamesmouth",Blue Cross Blue Shield,3554440274,2024-05-05
P_02013,Brittney Smith,1998-10-05,28,Female,O+,001-358-592-0790x4266,"763 Garrett Pike Suite 285, New Vanessa",Aetna Health,703.812.0132x79685,2024-06-08
P_02014,Brooke Singh,10/05/1966,60,Female,A-,278.500.2810x5939,"4167 Frederick Corner, Arianaton",Cigna,483.340.1077x250,2024-08-23
P_02015,Kevin Frederick,1965-10-05,61,Male,ab-,001-430-360-8438,"3941 William Trafficway, Thomasview",Aetna Health,(593)831-7561,2024-04-13
P_02016,Scott Wilson MD,2007-10-06,19,Male,  AB-  ,(795)954-9178x0885,"41625 Daniel Meadow Suite 023, Hallborough",Cigna,8452741298,2023-12-30
P_02017,Michael Wells,1960-10-05,66,Male,A-,001-205-442-5317,"7217 Barber Plains Suite 826, Albertborough",Medicaid,423-754-8366,2024-04-19
P_02018,Jamie Rodriguez,1963-10-06,63,Female,AB-,723.795.3021,"23931 Harper Shore Apt. 051, Bobbyfort",Blue Cross Blue Shield,001-372-928-1089,2024-04-29
P_02019,Kelly Hansen,1978-10-05,48,Female,O+,5004388911,"60960 Jeremy Harbor, Hensleyburgh",UnitedHealthcare,(890)272-8079x3446,2023-11-16
P_02020,Ashley Moore,1959-10-06,67,Female,B+,893-279-8044,"9194 Jason River, North Gregory",Cigna,704.299.7805,2024-11-11
P_02021,Tammy Ramirez,1977-10-05,49,Other,AB-,4113167051,"5353 Hodges Hill, Lake John",Blue Cross Blue Shield,(837)655-8491x282,2024-02-26
P_02022,Latoya Adams,1986-10-05,40,  Other  ,AB-,559.561.8946x58547,"61279 Kenneth Lane, New Melissa",Aetna Health,550-471-6892,2023-01-27
P_02023,Bruce Tucker,1973-10-05,53,Male,A-,946-275-3015,"7014 Madeline Way Apt. 276, Valdezshire",UnitedHealthcare,582-444-0428,2023-04-13
P_02024,Victoria Williams,1998-10-05,28,Female,A-,,"331 Eric Mall, North Nicole",Aetna Health,+1-974-414-0551x6297,2023-08-06
P_02025,Jennifer Chambers,1943-10-06,83,Female,AB+,001-469-234-9617x46487,"952 Victor Mountains Apt. 464, Lake Melissa",Medicaid,,2023-03-23
P_02026,Brian Robbins,1948-10-05,78,Male,O+,(974)531-2182x72596,"753 Timothy Points Suite 164, Smallmouth",Blue Cross Blue Shield,001-860-391-5754x1579,2023-02-11
P_02027,Nicole Hansen,1998-10-05,28,Female,A+,(834)428-2097,"53422 Jeffrey Row, Lake Angela",Blue Cross Blue Shield,+1-879-273-2598,2023-04-07
P_02028,Richard Kidd,1990-10-05,36,Male,B-,001-494-275-8598x93443,"409 Diaz Mill, Vargasville",Blue Cross Blue Shield,415.548.9495x0536,2023-04-20
P_02029,Alexis Cabrera,10/05/1940,86,Female,A+,+1-726-837-4068,"5215 Hobbs Heights Suite 665, Robertborough",Medicare,+1-889-897-9307x004,2023-04-17
P_02030,Michelle Cameron,2002-10-05,24,Female,O+,001-252-826-1247x13052,,Blue Cross Blue Shield,391.802.1140x91558,2024-11-29
P_02031,Cheyenne Robinson,1942-10-05,84,  Female  ,B-,+1-997-904-9835x632,"61932 Peterson Dam, Taylorside",Blue Cross Blue Shield,752.664.3797x9752,07/12/2023
P_02032,Todd Davis,1987-10-06,39,Male,B+,+1-616-684-9598x263,"053 Diaz Tunnel Suite 990, Cassiemouth",Medicare,001-411-841-0108x987,2024-06-24
P_02033,Alicia Macdonald,1976-10-05,50,Female,A-,371-537-3926x6695,,Cigna,449-876-7400,2024-09-23
P_02034,Nicholas Perry,1965-10-05,61,Male,B-,9734198504,"6612 Katherine Hills Apt. 828, Dennisberg",Cigna,640.364.7088x704,2023-04-28
P_02035,Mary Olson,2000-10-05,26,  Female  ,B-,502.475.8794,"0009 Santiago Loaf, Carlatown",Aetna Health,654.554.2233x6069,2024-10-18
P_02036,Jeremy Richards,1972-10-05,54,  Male  ,B-,(293)721-5299x59617,"188 Ryan Rapids Apt. 941, West Pamela",UnitedHealthcare,624.563.3034x5840,2024-12-01
P_02037,Laura Phillips,05-10-1981,45,Female,A+,+1-866-364-7054x7199,"069 Castillo Center, Martineztown",Medicare,001-280-828-7852x7244,2023-04-24
P_02038,Cheryl Watson,2005-10-05,21,Female,AB-,001-517-317-1188x221,"36132 Andrew Track Apt. 959, Sarahaven",UnitedHealthcare,+1-974-995-0334x6705,2024-10-25
P_02039,Meagan Rodriguez,05-10-1965,61,Female,B+,602-826-9562x0948,"802 Lauren Port, Jamesfort",Aetna Health,(911)783-1851,2024-03-30
P_02040,Andrew Sheppard,1939-10-06,87,Male,O-,+1-372-404-8681x8204,"0698 Gregory Valleys, Jacquelineview",UnitedHealthcare,,2024-11-09
P_02041,Jason Barnes,1990-10-05,36,Male,A+,253-992-1811x24648,"0773 Becky Freeway, East Henry",Cigna,(610)321-5234,2023-06-12
P_02042,Michael Rodriguez,1982-10-05,44,Male,  AB+  ,322.757.1779,"4197 Perez Burg, South Alexander",Aetna Health,914.898.7037x8445,10/22/2023
P_02043,Tyler Hamilton,1945-10-05,81,Male,O-,514.413.1929,"394 Maxwell Place, Port Kristinaton",UnitedHealthcare,(806)271-5663x685,2024-06-26
P_02044,Amanda Mccoy,05-10-1980,46,Female,O+,+1-797-934-8290x450,"66305 Hernandez Knolls, Hernandezborough",UnitedHealthcare,309.814.4288x4583,2023-10-10
P_02045,Linda Wolf,1946-10-05,80,Female,O-,,"5328 Margaret Hollow, Lindseyhaven",Medicare,5259769985,2023-01-18
P_02046,Brian Johnson,1940-10-05,86,Male,AB-,+1-766-741-7288x551,"453 Reed Fords, Garyport",Medicaid,(611)310-5597x94223,2023-04-23
P_02047,Elizabeth Gutierrez,1952-10-05,74,Female,O+,(789)889-3651,"456 Jeremy Lodge Suite 197, New Jessica",Blue Cross Blue Shield,(341)476-5707x7949,06/12/2024
P_02048,Connor Richardson,1981-10-05,45,Male,B-,366.437.0216x98709,"7173 Jason Mountains Suite 130, Lake Theresa",Humana,351-933-2690,2023-10-17
P_02049,Cheryl Fisher,1942-10-05,84,Female,O-,362.474.2086x0021,"64479 Grimes Plain Apt. 489, East James",Medicaid,774-484-8741,2024-06-26
P_02050,Richard Davis,1950-10-05,76,Male,AB-,575-848-8061x7473,"471 Rebecca Harbors Suite 647, West Michael",Blue Cross Blue Shield,001-465-755-6059x2338,2024-07-21
P_02051,Tanner Silva,1973-10-05,53,Male,AB+,706.283.1292,"1359 Vincent Cape, Marshallstad",Medicaid,252-258-6217,2024-03-11
P_02052,Tammy Hunter,1939-10-06,87,Female,AB-,429.991.1118,"58273 Juarez Rapids Suite 598, Lake Brian",Blue Cross Blue Shield,(982)545-5031x630,2024-09-08
P_02053,Kirk Matthews,1954-10-05,72,Male,AB-,475-412-2537x69848,,UnitedHealthcare,001-507-557-6449x3229,2023-11-29
P_02054,Thomas Petersen,1978-10-05,48,Male,A+,(232)889-3104,"0637 Chris Shore Apt. 661, Catherineside",Cigna,(824)996-3825,2023-08-22
P_02055,Kyle Miller,1989-10-05,37,Male,O+,254-313-3081x51130,"589 Daniel Union, Lindabury",Medicaid,824-594-1561x3546,2023-02-14
P_02056,Jeremy Olsen,1989-10-05,37,Male,B-,256.656.1911x294,"27241 Gomez Drive, Gonzalezside",Aetna Health,474-954-9856,2023-05-19
P_02057,John Hayes,1997-10-05,29,Male,AB+,883.721.8673x372,"837 Michelle Circle Suite 516, Michaelland",Cigna,317-982-7335x02142,2024-08-24
P_02058,Lisa Boyd,1976-10-05,50,Female,A-,+1-682-637-2242x823,"071 Tina Stream, North Eric",Humana,230-707-2324x84444,2023-08-31
P_02059,Matthew West,1966-10-05,60,Male,AB+,488-770-5548x0057,"449 Brian Ports, Port James",Medicaid,001-821-353-2823x3201,2023-09-04
P_02060,Nicole Brooks MD,1963-10-06,63,Female,  B-  ,556-609-8078x7211,"040 Lorraine Expressway Suite 493, Lake Melissaton",Humana,001-538-929-5536x3157,2024-05-16
P_02061,Travis Peters,1995-10-06,31,  Male  ,AB+,+1-557-872-6033,"3599 Kristen Mill, East Jeffreyville",Blue Cross Blue Shield,450.481.0535x216,08/19/2024
P_02062,Jennifer Anderson,1949-10-05,77,Female,A+,(311)598-6447,"1812 Jackie Squares, Blakefurt",Cigna,3626536138,2024-07-23
P_02063,Joseph Clayton,1966-10-05,60,Male,B+,977.811.0909x3320,,Aetna Health,+1-816-891-5820x91003,2023-07-17
P_02064,Garrett Herrera,1954-10-05,72,Male,O-,+1-382-773-3779x9793,"5748 Hunt Pike, Amberfort",Blue Cross Blue Shield,001-532-657-4433x872,2023-07-22
P_02065,Peter Thomas,1994-10-05,32,Male,AB+,499.311.9686,"75964 Curry Bypass, Crawfordmouth",Humana,+1-223-284-2818x26954,2023-07-29
P_02066,Patrick Hurst,1958-10-05,68,Male,A+,680.812.1924,"02973 Willis Road, Port Tracy",Aetna Health,803-639-2132x8390,2023-06-12
P_02067,William Brady,1967-10-06,59,Male,B+,256-539-3513,"201 Michelle Field Apt. 342, New Audrey",Aetna Health,618-824-3256x50948,2024-03-06
P_02068,Edward Humphrey,1988-10-05,38,Male,AB-,001-355-769-9033x65453,"3479 Wood Hill Apt. 273, East Lisa",Medicare,+1-396-904-3206x112,2023-06-20
P_02069,Debra Lewis,10/05/1966,60,Female,O+,001-465-608-4337,"749 Christina Mill, South Robert",Aetna Health,+1-617-516-4207,2023-08-09
P_02070,Ethan Jones MD,1970-10-05,56,Male,AB+,978.942.5108x1658,"96747 Peterson Forge, South Dylanmouth",Medicare,+1-670-266-9995x515,2023-01-21
P_02071,Tammy Arnold,1958-10-05,68,Female,B+,(862)247-5366,"946 Heather Valleys, Loganstad",Blue Cross Blue Shield,417-355-9583,2023-04-29
P_02072,Mrs. Leslie Ward,1943-10-06,83,Female,O+,,"644 Thomas Track, Laneside",Cigna,776.988.3849x16971,2023-04-26
P_02073,Jennifer Haynes,1967-10-06,59,Female,B-,(789)348-0633,"64778 Autumn Ford Suite 766, South Stephenton",Blue Cross Blue Shield,+1-602-731-9390x2001,2023-08-26
P_02074,Samantha Reynolds,1943-10-06,83,  Female  ,A-,444-600-9037x2247,"3056 Blackburn Shoals, West Debbieton",UnitedHealthcare,+1-423-600-6799,2023-09-05
P_02075,Kerry Rivera,1982-10-05,44,Male,B+,256-342-2608x17597,,Blue Cross Blue Shield,(415)284-8882x581,2024-07-16
P_02076,Mary Lopez,1995-10-06,31,Female,A-,225.881.1416x895,"3132 Davis Landing Apt. 974, New Peter",Medicaid,271.990.2336x8287,2023-08-14
P_02077,Mallory Parker,1981-10-05,45,  Female  ,AB-,(205)829-1775,"277 Lawrence Via, Lauraborough",Medicare,612-540-9860,2024-10-11
P_02078,Kerri Elliott,2003-10-06,23,Female,A+,304.811.8535x6423,"19634 Fleming Common Apt. 875, Johnsonside",Humana,(638)512-4057x92682,2023-01-12
P_02079,Felicia Sanders,1955-10-06,71,Female,A-,(914)603-5195x7300,"2483 Weaver Shoals Apt. 145, South Kylebury",Cigna,349.556.9240,2024-10-14
P_02080,Tracy Vazquez,10/06/1983,43,Female,A+,+1-486-446-8480x852,"743 Jeffrey Well Apt. 982, Caitlynmouth",Humana,+1-951-614-0684x0006,2024-07-05
P_02081,Timothy Davis,1979-10-06,47,Male,ab+,+1-712-701-1162x820,"1990 Brandi Shoal Suite 097, West Cherylburgh",Humana,905-761-2199,2024-11-19
P_02082,Heidi King,1973-10-05,53,Female,O-,+1-307-488-3599x44725,"08655 Brandi Bridge, Johnsonport",UnitedHealthcare,605.684.7163,2023-06-01
P_02083,Ashley Hall,1993-10-05,33,Female,A+,(912)240-3601x2782,"6024 David Lodge, Port Heather",UnitedHealthcare,001-868-487-9552x99100,2023-10-23
P_02084,Zachary Coleman,1983-10-06,43,Male,A+,(570)683-2387x82508,"17047 Mitchell Bridge, Port Debra",Blue Cross Blue Shield,460-660-3261,2023/01/27 00:00:00
P_02085,Danny Cole,1976-10-05,50,Male,AB+,995-268-8968x2734,"46259 Richards Port Suite 862, West Marymouth",Medicaid,5677282360,2023-12-16
P_02086,Connor Clark,2004-10-05,22,Male,AB+,499-986-2770,"928 John Cove Apt. 197, East Johnchester",Medicaid,+1-655-833-5174x9646,2024-02-27
P_02087,Natalie Mitchell,2001-10-05,25,Female,UNKNOWN_VAL,443-695-1617,"3947 Thomas Fields, East Jeremyborough",Cigna,(714)534-5648x6711,2023-11-14
P_02088,Mike Frye,1964-10-05,62,Male,B-,001-203-934-1604x629,"501 Taylor Island, Darleneburgh",Medicare,(635)540-5701x3632,2023-02-24
P_02089,Lori Yang,1949-10-05,77,female,B+,001-457-715-9669x914,"6161 Jones Falls, Sawyerview",Aetna Health,311.585.6306x9066,2023-01-18
P_02090,Brian Anderson,1959-10-06,67,MALE,A-,001-788-374-6683,"23461 Bailey Lock Apt. 393, New Benjaminchester",Medicaid,,2024-02-06
P_02091,Terry Howard,1975-10-06,51,Female,B+,001-261-468-9149,"03082 Robinson Meadow, Lake Victoria",Medicaid,467-456-9654x20958,2023-09-22
P_02092,Stacy Smith,1961-10-05,65,Female,B-,+1-744-665-6701x6299,"5849 Paige Highway, South Aliciafurt",Medicaid,,2024-01-23
P_02093,Joseph Gordon,2006-10-05,20,Male,O+,(644)490-0915,"84323 Thomas Parkway, Robertsstad",Medicaid,440.710.7490,2023-03-09
P_02094,Cheryl Keller,1973-10-05,53,Female,AB+,001-672-880-4667,"325 Nicholas Union Suite 427, North Isabelmouth",Medicare,001-823-798-5879x8066,2024-11-16
P_02095,Derek Hart,1953-10-05,73,Male,O+,(230)234-6867x304,"536 Carson Mews, Gonzalezburgh",Aetna Health,+1-326-687-6128x844,2023-05-14
P_02096,Crystal Hall,2005-10-05,21,Female,AB+,9287690887,"735 Mueller Highway Suite 342, Sarahstad",Cigna,846.720.6652x7359,2023-02-11
P_02097,Joseph Hicks,1949-10-05,77,Male,B-,001-201-976-9666x71563,"257 Mcdonald Lights Suite 800, East Shaneville",Cigna,772.965.1255,2023-02-13
P_02098,Brenda Brooks,1997-10-05,29,Female,A+,(234)802-1199,"69779 Scott Motorway Suite 492, Port Michaelborough",Cigna,382-873-6921,2023-07-16
P_02099,Karen Singh,1983-10-06,43,Female,A+,210.486.6947x938,"278 Jennifer Pine, Emilyfort",Humana,001-386-890-3004x51297,2023-10-14
P_02100,Judy Price,1979-10-06,47,Female,AB+,,"78451 Scott Squares Apt. 053, West Katherine",UnitedHealthcare,+1-287-878-9415x67978,27-05-2024
P_02101,John Martinez,2004-10-05,22,Male,A+,001-399-967-2334x617,"02037 Green Crossing Suite 747, South Annaborough",Humana,986.384.8786x38246,2023-12-15
P_02102,Joseph Cannon,1987-10-06,39,Male,AB+,431-327-7315,"043 Bowman Streets Apt. 915, Lake Paulport",Medicaid,912-385-8913x08981,2023-12-30
P_02103,Sarah Miles,1976-10-05,50,Female,A-,+1-687-324-8343x067,"1239 Stephanie Station Suite 968, Huntfort",Blue Cross Blue Shield,(743)472-4367,2023-08-16
P_02104,Molly Flynn,1966/10/05 00:00:00,60,Female,B-,(237)710-8973x35613,"7195 Michael Fords, Lake Tamaramouth",Aetna Health,621.587.1634x578,2023-05-07
P_02105,Robert Christensen,1965-10-05,61,Male,AB-,913-553-1234x6929,"12471 Mary Villages Apt. 038, Lake Maria",Aetna Health,611.729.7974,2023-05-18
P_02106,Samantha Fields,1969-10-05,57,Female,O-,(996)562-4282x37663,"06671 Cynthia Square, Schmidtside",Humana,001-643-438-3645,2023-03-27
P_02107,Lynn Ward,1946-10-05,80,Female,A+,,"968 Christine Inlet, Carlashire",Blue Cross Blue Shield,772-415-5632x525,2024-02-21
P_02108,Susan Sandoval,1960-10-05,66,Female,AB-,2239814049,"33125 Frank Squares, New Patrickview",Humana,993.765.9455x70172,01/31/2023
P_02109,Renee Gross,1956-10-05,70,Female,B-,674.257.3641x49286,"101 Brandy Causeway, Lake Emily",Cigna,207-496-3669,2024-06-20
P_02110,Anna Burch,1968-10-05,58,Female,A-,+1-432-282-1252x855,"813 Stanton Plaza, East April",Cigna,(885)557-8679,2023-09-28
P_02111,Christopher Hall,1975-10-06,51,MALE,ab-,,"415 Stephen Knolls, Lake Sarah",Aetna Health,001-433-257-0191x6509,2024-02-06
P_02112,Melissa Villa,2007-10-06,19,Female,AB+,252-370-1274,"676 Taylor Rapid, Kevinfort",Blue Cross Blue Shield,(771)292-2478x22132,2023-05-07
P_02113,Jared Becker,1986-10-05,40,Male,A+,001-327-406-5366,"23792 Joseph Village, East Frankhaven",Medicaid,458.674.7441,2024-05-03
P_02114,Danielle Green,2004-10-05,22,female,B+,001-288-433-5115x827,"528 Elliott Extensions Apt. 446, Lake Samantha",Blue Cross Blue Shield,(311)919-4701,2023-06-11
P_02115,Matthew Young,1983-10-06,43,Male,A+,001-863-419-0107,"8556 Rodriguez Forge, North Ryanport",Cigna,402.812.0663,2023-03-20
P_02116,Cynthia Watson,1988-10-05,38,Female,A+,894.583.2864x64126,"9683 Alice Fort, North Timothy",Humana,736.749.3354x6817,2023-02-13
P_02117,Lisa Peters,1987-10-06,39,  Female  ,A-,+1-280-966-8660x9685,"6386 Jeremy Place Suite 101, Duncanstad",Blue Cross Blue Shield,+1-704-895-6603,2023-02-17
P_02118,Stacy Frazier,1960-10-05,66,Female,A+,,"95146 Collins Centers, East Steven",Medicaid,(919)604-2446x2416,2023-07-17
P_02119,Desiree Flynn,1948-10-05,78,Female,A+,+1-458-339-6048x318,"148 Johnson Manors, Port Annashire",Medicare,001-463-644-0608,01-04-2023
P_02120,Kevin Brock,1980-10-05,46,Male,B+,+1-422-497-8309x9179,"989 Julie Passage, Kristinastad",Humana,,2023-08-06
P_02121,Anna Nichols,1986-10-05,40,Female,B+,001-996-724-7665x90534,"4510 Crystal Knolls Suite 555, Matthewchester",Medicare,(332)817-9140,2024-03-16
P_02122,Michelle Griffith,1983-10-06,43,Female,B+,961-470-2972,"94554 Ray Mountains, South Christopher",Medicaid,(744)983-9417,2024-07-28
P_02123,Anthony Austin,1982-10-05,44,Male,AB+,,"2342 Wendy Drive, New Cheryl",Medicaid,665-484-6637x68287,2023-02-11
P_02124,Ernest Salazar,1946-10-05,80,Male,O-,273.659.1815,"6627 Amy Curve Suite 886, West Elizabeth",Humana,001-722-516-9337,2023-12-17
P_02125,Bradley Harris,1991-10-06,35,Male,AB-,(399)653-7688x2409,"29547 John Roads, Port Michelle",Medicaid,001-426-349-9289,2023-02-17
P_02126,Phyllis Harvey,1990-10-05,36,Female,A+,(898)367-3921x121,,Medicaid,(307)650-4612x247,2023-01-19
P_02127,James Harris,1997-10-05,29,MALE,B+,+1-364-950-6761x461,"9693 Daniel Ridge Apt. 973, Ericborough",Blue Cross Blue Shield,001-667-441-3045x0474,2023-10-24
P_02128,Samantha Lee,1986-10-05,40,Female,O+,873.790.0713,"061 Martin Key, Catherinechester",Humana,001-544-771-0792,2024-09-04
P_02129,Erica Williams,1977-10-05,49,Female,O-,(454)457-0278,"7622 Gwendolyn Extensions, East Patriciaton",Blue Cross Blue Shield,001-584-961-7592x659,2024-07-19
P_02130,Jorge Solis,1943-10-06,83,Male,B-,,"81463 Webster Plains Apt. 805, Garzachester",Aetna Health,339.828.2981,2024-08-16
P_02131,Michelle Schmidt,1998-10-05,28,Female,  B-  ,001-811-880-3865x030,"557 Davis Green Apt. 381, Christinatown",Aetna Health,(566)932-2581x6022,2024-05-27
P_02132,Lauren Perkins,1989-10-05,37,Female,O+,(805)949-5222x498,"20585 Kristi Mountains Suite 130, Lake Todd",Medicare,429.472.9140,2023-05-25
P_02133,Jordan Ryan,1969-10-05,57,Male,O+,363-555-0666x5407,"57113 Michelle Run Apt. 356, Martinmouth",Cigna,783.421.6844x565,2024-07-25
P_02134,Annette Gonzalez,1947-10-06,79,Female,B+,4572371940,"27771 Brian Meadow Suite 608, Port Theresa",Cigna,+1-582-419-2726x57552,2023-02-01
P_02135,Johnny Harris,1967-10-06,59,Male,AB-,+1-302-829-3084x8511,,Cigna,(678)618-3252,2023-08-14
P_02136,Sheryl Reed,1967-10-06,59,Female,AB+,717.826.8215,"192 Charles Green Suite 417, Lake Michaelport",Humana,001-539-661-8907x83152,2024-07-28
P_02137,Sandra Leon,1947-10-06,79,Other,O+,+1-772-569-9519x13205,"8580 Mills Throughway Suite 642, Lake James",UnitedHealthcare,001-239-209-1472,2023-05-01
P_02138,Amanda Miller,1982-10-05,44,Female,B+,(573)278-2105x673,"5256 Smith Summit Suite 343, Johnfurt",Medicare,602-667-1534x55740,2024-01-03
P_02139,Christopher Miller,1989-10-05,37,Male,A-,2836790879,"865 Ellis Plaza, Meganport",Humana,+1-388-700-1253x90532,2024-01-23
P_02140,Linda Reyes,1945-10-05,81,  Female  ,B+,(704)402-4517x19494,"153 Wayne Loop, North Tiffanyton",Humana,(928)722-7534x958,2023-04-11
P_02141,Sean Espinoza,1967-10-06,59,Male,B-,+1-943-363-2250x32467,,Humana,001-677-578-4265x9798,2023-05-04
P_02142,Casey Jones,1984-10-05,42,Female,AB+,511-942-3081,"0346 Sharon Way, South Zacharytown",Cigna,(836)373-9636,2023-11-15
P_02143,Juan Harmon,1975-10-06,51,MALE,O+,4174453883,"740 William Drive, North Richard",Medicaid,230-435-9018x181,2023-08-18
P_02144,Mark Bailey,1996-10-05,30,Male,O+,(853)981-2044,"593 Horton Locks Suite 455, Port Carlos",Medicaid,308.559.5448x63487,2023-02-26
P_02145,Gary Pratt,2002-10-05,24,Male,A+,(308)210-9984x5276,"2743 Miller Pine, Davidview",Blue Cross Blue Shield,550.848.1485,2024-09-18
P_02146,Craig Dunn,1967-10-06,59,Male,A-,001-424-793-4737,"3063 Cox Station Suite 190, South Jimmyport",Humana,(458)779-7726,2023-10-13
P_02147,Katherine Moore,1947-10-06,79,Female,O-,001-478-624-8918,"3724 Benjamin Centers Apt. 996, Erictown",Cigna,407.971.8815x8582,2024-10-06
P_02148,Christine Sanders,1973-10-05,53,Female,AB+,959-516-5434x96709,"911 Linda Course, North Danielton",Blue Cross Blue Shield,738-905-2063,08/14/2023
P_02149,Thomas Wright,1983-10-06,43,Male,O-,904-689-0217x720,"2276 Wright Circles Apt. 722, Port Kara",Aetna Health,751.598.2870x485,2023-06-16
P_02150,Jonathan Bright,1962-10-05,64,Male,A+,(961)996-9716,"1184 Sanders Ramp Suite 494, Manningland",Medicaid,(717)910-2763x0901,2024-09-02
P_02151,Alexandra Howard,1962-10-05,64,Female,  A+  ,919.613.4375,"6654 Bruce Rapids Suite 664, Susanton",Aetna Health,407.231.8144x210,2024-04-30
P_02152,Amanda Madden,2006-10-05,20,Female,AB+,567-744-3619,"582 Smith Pike, Angelaside",Blue Cross Blue Shield,001-438-613-5246,2024-06-20
P_02153,Stephanie Lopez,1987-10-06,39,Female,AB-,+1-377-202-5383x69779,"208 Armstrong Parkways, Port Crystal",UnitedHealthcare,474-791-4559,2023-05-16
P_02154,Elizabeth Smith,2003-10-06,23,Female,O-,+1-511-995-2361,"3424 Bass Trafficway Apt. 253, Fergusonside",Blue Cross Blue Shield,(943)231-1459x39207,2024-07-11
P_02155,Christina Diaz,1961-10-05,65,Female,A+,+1-640-763-5160x9841,"303 Brown Manors Suite 512, East Chadhaven",Medicare,907-466-7390x490,2023-03-22
P_02156,Cheyenne Ponce,1987-10-06,39,Other,  AB-  ,560-863-0258,"240 Hahn Wells Apt. 834, Oconnellland",Aetna Health,974-995-3876,2024-06-09
P_02157,Eric Clark,1942-10-05,84,Male,B-,225-247-5608,"376 Henry Crossing Suite 198, Lake Brianberg",Medicare,907-485-3733x50206,21-01-2024
P_02158,Meagan Harrington,1976-10-05,50,Female,B+,581.846.9676x714,"878 Mccarthy Trail Apt. 812, Nicholasfort",Humana,(802)349-1246x90259,28-09-2023
P_02159,Elizabeth Smith,1990-10-05,36,Other,A-,548.590.9013x0287,"067 Kyle Well, Simston",Medicare,312.686.9132,2023-02-14
P_02160,Nicholas Farrell,1975-10-06,51,Male,a-,(928)243-8632x221,"75780 Webb Port Suite 126, Davidhaven",Medicare,297.305.3268x667,2024-11-29
P_02161,Tammy Hughes,1956-10-05,70,Female,B+,381-647-6222,"119 Anderson Turnpike Suite 533, South Lisamouth",Aetna Health,001-439-954-4755x68254,2024-05-26
P_02162,Kari Gillespie,1962-10-05,64,Female,B+,+1-255-316-8770,"456 Mcmillan Path Apt. 356, Rojasville",Blue Cross Blue Shield,656-440-5873,2024-05-18
P_02163,Christopher Mcconnell,2002-10-05,24,  Male  ,O-,+1-561-281-7314,"206 Angela Meadow, East Johnmouth",Humana,237-238-8724,2024-07-13
P_02164,Elizabeth Allen,1947-10-06,79,Female,B-,305-304-9113x808,"9724 Rachel Glens, East Elizabeth",Blue Cross Blue Shield,(554)688-5101x02113,2023-08-26
P_02165,Jerry Brown,1939-10-06,87,Male,  B-  ,(666)932-7593,"3559 Ryan Mission Suite 323, Simmonsport",Medicaid,(997)742-2441,2024-02-23
P_02166,Yolanda Mckay,1945/10/05 00:00:00,81,Female,O+,001-596-777-5362x1027,"79024 Callahan Lodge, Singletontown",Medicare,001-377-602-1474x550,08/25/2024
P_02167,Mark Taylor,2005-10-05,21,Male,O+,579-393-1845x754,"67836 Horn Manors Apt. 696, Andrewsberg",Medicaid,001-586-330-8253x90054,2024-05-23
P_02168,Rodney Wallace,1977-10-05,49,Male,B+,2408492224,,Blue Cross Blue Shield,9032313758,2023-01-03
P_02169,James Alexander,1988-10-05,38,Male,O+,(483)813-1297x855,"939 Mayo Well Apt. 395, Josephport",Cigna,2543162558,2024-11-21
P_02170,Kathleen Lyons MD,1963-10-06,63,Female,AB+,572.788.7360x5110,"8399 Anderson Parkway, North Anthonyshire",Medicare,(731)580-0986x33166,2024-04-03
P_02171,Mr. Steven Williams,1974-10-05,52,Male,B+,9385006195,"92441 John Place, East Gerald",UnitedHealthcare,771-955-1515x2854,2023-06-28
P_02172,Ann Mata,1941-10-05,85,Female,AB+,(690)921-3868x61183,"71290 Moore Brook Apt. 746, New Allisonchester",Aetna Health,443-337-3090x0906,2024-07-24
P_02173,Courtney Williams,1981-10-05,45,Female,B+,904-806-3314,"00916 Giles Club Apt. 585, North April",Aetna Health,(274)563-1945x23621,2024-07-13
P_02174,Angela Price,1959-10-06,67,Female,O+,943-884-4126x32623,"5962 Harris Land, West Laura",Cigna,,2023-08-24
P_02175,Henry Dennis,2000-10-05,26,Male,A-,+1-692-554-4951x7642,"3848 Barnes Avenue, Lake Samanthaview",Cigna,+1-327-506-9087,2024-09-12
P_02176,Lucas Moore,1970-10-05,56,Male,A+,558.802.0820x64602,"8601 Cardenas Pike Apt. 439, Port Chelsea",Cigna,+1-281-686-9675,2024-06-03
P_02177,William Chen,1989-10-05,37,Male,O+,407.472.0780,"398 Beth Ridge Suite 377, Seanfurt",Medicare,+1-630-845-1058x378,2024-07-11
P_02178,Travis Baxter,2002-10-05,24,Male,O+,925-918-8689x0550,"99509 Amanda Highway Apt. 502, Mackberg",Humana,279.305.9730x77781,2024-09-22
P_02179,Jacqueline Peterson,1974-10-05,52,Female,O-,510-403-1699x621,"165 Jonathon Curve, Jasonview",Medicare,(592)584-0645,2024-04-17
P_02180,Wanda Martin,1962-10-05,64,Female,B+,479-794-1973x5718,"23195 Eric Square, Josephhaven",Humana,289.870.8746x740,2024-03-22
P_02181,Debra Stewart,2004-10-05,22,Female,AB-,001-463-610-8232x11150,"114 Robert Knolls Suite 578, Sharonport",Cigna,(874)973-5587x857,2023-02-09
P_02182,Jasmine Solis,1992-10-05,34,Female,AB-,544.377.9873,"757 Wright Run, Mariaborough",Blue Cross Blue Shield,407.847.1314x396,10/02/2024
P_02183,Mary Fox,06-10-1939,87,Female,O+,001-927-693-0750x47570,"1745 Connor Views, Lake Victoriastad",Medicare,001-693-918-5719x75164,2024-01-05
P_02184,Shane Payne,1998-10-05,28,Male,AB+,743-697-6210x8974,"84813 Rodriguez Rest, West Tracyville",Medicaid,667.330.8562x62392,2024-11-20
P_02185,Brandon Lamb,1950-10-05,76,Male,O+,+1-601-374-9713x64125,"81648 Holt Mountains Apt. 978, Edwardsmouth",Medicare,001-938-252-5274,2023-10-02
P_02186,Douglas James MD,1949-10-05,77,Male,B-,+1-273-877-1578x7293,"981 Andre Wells, New Gary",Cigna,(435)353-2587x88702,2024-09-18
P_02187,Madeline Baker,1942-10-05,84,Female,B-,664-516-1669x459,"4139 Hannah Spur, Jordanberg",Humana,(489)874-3476,2024-02-05
P_02188,Steven Malone,1942-10-05,84,Male,AB+,813.896.0838x921,"241 Watson Mountains, New Sharon",Blue Cross Blue Shield,+1-468-805-6106x21756,2023-12-15
P_02189,Charles Walker,1967-10-06,59,Male,AB-,+1-933-912-4676,"9889 Kristin Shores, Jennaborough",Medicare,348.451.5969x81322,2024-05-09
P_02190,Heather Lee,10/05/1948,78,Female,B-,+1-229-790-3253x61443,"8952 Olson Tunnel, Port Kelly",UnitedHealthcare,466-850-4638x2823,2023-08-15
P_02191,Amanda Gray,1981-10-05,45,Female,A-,915.627.1776,"2035 Vaughn Circle Suite 469, Stephensstad",Medicaid,(900)847-9626x257,2023-08-17
P_02192,Jamie Hawkins,1960-10-05,66,Female,O+,001-368-298-1928,"76821 Foster Ville Suite 886, East Georgechester",Humana,547.314.1136,2024-05-16
P_02193,Jill White,1985-10-05,41,Female,AB+,,"5065 Justin Village, Mariafort",Humana,355-226-6664x15570,2024-05-14
P_02194,Jimmy Lawson,1987-10-06,39,Male,A-,001-245-717-4388x18040,"94453 Denise Valleys Apt. 784, West Christopherfurt",Humana,(417)359-6313x64396,2024-09-30
P_02195,Timothy Gray,1968-10-05,58,Male,AB-,3396327275,"45478 Ronald Pines, Maldonadostad",Medicaid,(608)462-0766,18-02-2023
P_02196,Jeremy Smith,2001-10-05,25,Male,AB+,8184894757,"081 Allen Lock, East Adamchester",Blue Cross Blue Shield,(986)786-0440,2024-01-08
P_02197,Jerry Carey,1986-10-05,40,Male,B-,(318)751-6886x20437,"1088 Stephanie Terrace, Douglasstad",Cigna,256.690.7823x944,2023-12-02
P_02198,Christy Smith,1954-10-05,72,Female,A-,517.698.5753x946,"52082 Lin Pass, Lake Sheilashire",Aetna Health,+1-925-416-2816,2024-05-02
P_02199,Jeremy Acevedo,1995-10-06,31,Male,B+,(241)900-1283x4492,"08370 Matthew Fords, Snydershire",Cigna,001-685-219-6528x445,2024-09-27
P_02200,Michael Allison,2005-10-05,21,Male,O+,676.389.7990x3238,"00159 Carlson Fords Suite 419, East Samantha",Medicaid,+1-889-893-6595x523,2023/12/29 00:00:00
P_02201,Micheal Meza,1964-10-05,62,Male,B+,971.457.8993x703,"17882 Emily Summit Apt. 448, Brennanport",Humana,269.432.5726x044,2024-07-28
P_02202,Brittany Banks,1993-10-05,33,Female,ab-,503.690.9880x25352,"1244 Webb Parks Apt. 685, Stewartstad",Medicare,001-605-828-4304x4342,2024-06-10
P_02203,Ian Moore,1973-10-05,53,Male,AB-,794.680.5331,"8262 French Port, Kristenside",Humana,+1-938-852-1495x79576,2024-03-14
P_02204,Christopher Berger,1963-10-06,63,Male,B+,240-511-4320x5488,"17887 Phillips Summit Suite 056, New Susan",Aetna Health,(607)448-5298x6755,2023-10-14
P_02205,Joshua Horn,1979-10-06,47,Male,AB-,,"58939 Thompson Ports Suite 237, Curtisland",Cigna,+1-912-813-9511x67374,2024-11-16
P_02206,Christopher Fuller,1950-10-05,76,Male,B+,(502)615-4423,"8437 Smith Row Suite 806, Lake Jessica",UnitedHealthcare,+1-522-275-1589x552,2024-09-20
P_02207,Michael Madden,1989-10-05,37,Male,A+,342-246-9637,"1249 Price Plain Apt. 911, Port Donaldland",Blue Cross Blue Shield,001-374-926-9411,2023-12-07
P_02208,Christine King,1988-10-05,38,Female,B-,(960)338-0901x31718,"63134 Obrien Coves, East Janicehaven",Blue Cross Blue Shield,+1-371-771-8560x67148,2023-08-24
P_02209,Michael White,1957-10-05,69,Male,A+,001-410-373-5583x106,"891 Campos Hills, West Ashleyfurt",UnitedHealthcare,565.308.8290,2023-11-21
P_02210,Mr. Adam Pratt,1983-10-06,43,Male,B+,7918666650,"5553 Evelyn Ridges, West Erichaven",Cigna,(765)685-1379x727,2024-10-10
P_02211,Kelly Miller,1951-10-06,75,Female,O+,402.934.5999,"6216 Ferguson Knoll Suite 760, Williamside",Medicaid,+1-417-363-9029x640,2024-06-21
P_02212,William Wood,1938-10-05,88,Male,O-,+1-306-945-9963,"879 James Key, New Samueltown",Cigna,001-358-660-5055,2023-08-16
P_02213,Kenneth Becker,1969-10-05,57,male,B+,(225)315-7538,"849 Kendra Pines Apt. 041, Port Melissamouth",UnitedHealthcare,+1-529-536-2584x040,2023-05-13
P_02214,Christine Phelps,1987-10-06,39,Female,A-,(460)580-8287,"5665 Lowe Manors Apt. 026, Port Kathryn",Cigna,001-695-380-0048x91685,2023-06-27
P_02215,Gregory Oneal,2004-10-05,22,Male,A+,916-539-9319,"86893 Snyder Square, West Loristad",Cigna,001-719-895-2903x069,2024-09-13
P_02216,Melissa Greene,1981-10-05,45,Female,B-,714-651-8736x5158,"5920 Rachel Way, East Kellyside",Medicare,(402)246-3383,2023-01-09
P_02217,Mark Fleming,1973-10-05,53,Male,B+,939-741-1737x17845,"285 Coffey Fields Apt. 116, Shaneshire",Humana,(210)253-6074x3398,2024-04-19
P_02218,Anthony Rowe,1993-10-05,33,Male,B+,001-431-359-9988x7046,"336 Brandon Skyway Apt. 606, Christopherfurt",UnitedHealthcare,513.357.6311x97921,04/11/2024
P_02219,Amanda Herrera,1970-10-05,56,Female,AB+,653-951-8786x3858,"267 Jefferson Forge Suite 588, Lake Matthewborough",Medicare,(955)875-9748,2024-01-07
P_02220,Steven Torres,1942-10-05,84,Male,A-,(402)544-5890,,Medicaid,001-268-367-1491x6968,2023-11-30
P_02221,Matthew Hawkins,1961-10-05,65,Male,B+,310-911-8425x26405,"921 Crystal Lakes Suite 214, Hernandezton",Cigna,+1-975-491-7766x400,2023-04-15
P_02222,Tina Bush,1994-10-05,32,Female,B-,(758)957-2828,"15785 Williams Inlet, Dunnport",Medicare,001-998-975-0942x16921,2024-04-13
P_02223,Jodi Morrison,1966-10-05,60,Female,A+,617.659.3006x1778,"1703 James Stream Suite 339, North Martinview",UnitedHealthcare,601.431.3487,2023-07-10
P_02224,Dr. Dominic Silva DDS,1942-10-05,84,Male,O+,652.241.4398,"48807 Adams Parkway, North Cherylmouth",Aetna Health,(637)386-2825x09942,2024-09-21
P_02225,Christopher Carey,1969-10-05,57,Male,AB+,001-699-291-4300,"88698 Alexander Ports Suite 186, Lauriefurt",Aetna Health,240-235-4406,2024-08-22
P_02226,Christy Kelly,1953-10-05,73,Female,B-,001-597-748-6971x21069,"3978 Courtney Corner Apt. 708, West Michael",Humana,807.711.0252,2023-11-29
P_02227,Daniel West,1943/10/06 00:00:00,83,Male,O-,+1-634-817-2050x46578,"627 James Dale Suite 013, South Maxwell",Cigna,533.597.8503x752,2023-10-01
P_02228,Robert Whitaker,1979-10-06,47,Male,  A+  ,599-520-8675x019,"3659 Kari Forges Apt. 763, Samuelhaven",Medicaid,(514)323-7048x551,2024-02-07
P_02229,Tracy Johns,05-10-1962,64,Female,A-,,"502 Mckenzie Skyway Apt. 011, New Curtismouth",Aetna Health,4523858930,2024-05-25
P_02230,Laura Cohen,1981-10-05,45,Female,O-,577.998.0874x56347,"830 Ashley Throughway, South Jasonside",Blue Cross Blue Shield,(416)902-2274x2178,2023-07-11
P_02231,Benjamin Brown,1970-10-05,56,Male,O-,(501)283-2551x213,"93346 Gerald Ways, Donaldtown",Cigna,6179425914,2024-09-02
P_02232,Curtis Walker,1938-10-05,88,Male,B-,767.807.6280,"2440 Jimenez Track, Rushville",Aetna Health,8029757898,2023-12-01
P_02233,Joshua Carney,1939-10-06,87,Male,AB-,864-890-2483,"67630 Martin Plains Suite 275, Reidville",Medicare,+1-829-213-1338,2023-04-11
P_02234,Christopher Blackwell,2007-10-06,19,Male,O-,562-422-2544x6396,"9197 Kane Lock Apt. 302, Vanessamouth",Medicaid,001-898-944-9679x48471,2023-02-15
P_02235,James Beck,1944-10-05,82,Male,B-,001-385-764-8309x88908,"64033 Santos Springs Apt. 640, Jacquelineshire",Cigna,851-249-5722x81605,2024-03-24
P_02236,Janet Miller,1997-10-05,29,Female,A+,(397)478-1976x73148,"9560 Lambert Brook Apt. 065, West Shaunberg",Humana,4248190536,2024-10-14
P_02237,Rachel Wright,1952-10-05,74,Female,A-,369-205-3625x66548,"170 Schmidt Crossroad, North Tarachester",Humana,739-296-0675x247,2023-08-30
P_02238,Marie Thompson,1989-10-05,37,Female,A-,725.688.7132x287,"890 Nathan Mountain, Caseyhaven",Blue Cross Blue Shield,(594)330-5044,2023-06-16
P_02239,Cheryl Rojas,1955-10-06,71,Female,A+,9082657879,"57429 Mcpherson Drive Apt. 596, Bergerside",Blue Cross Blue Shield,(592)973-0739,2024-08-23
P_02240,William Clark,1968-10-05,58,  Male  ,B-,+1-256-275-8499,"9937 West Port Apt. 708, Michealland",Blue Cross Blue Shield,(365)904-3448x4661,2024-06-07
P_02241,Brandon Hernandez,1974-10-05,52,Male,  A-  ,4242829813,"725 Rogers Falls, Mayermouth",Aetna Health,848-731-5229x30117,2024-05-26
P_02242,Edwin Poole,1965-10-05,61,Male,A-,001-285-349-1248x6680,"3143 Murray Skyway Apt. 438, Lake Alexis",Humana,446-235-8521x1017,2023-04-29
P_02243,Amanda Cameron,1994-10-05,32,Female,A-,429.675.3335x6573,"12884 Lopez Terrace Suite 933, Victorburgh",Blue Cross Blue Shield,(397)807-2790x87333,2023-04-28
P_02244,Michael Brown,05-10-2005,21,Male,A+,+1-338-586-5589,"6652 April Mount Suite 339, Hoffmanchester",Medicare,9108256982,2023-07-05
P_02245,Laura Charles,1970-10-05,56,Female,B-,001-614-268-9896x32775,"5083 Frost Harbor Apt. 362, Marcusport",Aetna Health,379-428-9709x268,2024-06-25
P_02246,Brett Fernandez,2002-10-05,24,Male,A+,+1-985-833-9295,"95256 Brian Pines Apt. 000, Lake Amy",Cigna,307-241-2600,2024-01-25
P_02247,Charles Williams,1939-10-06,87,Male,ab+,+1-629-294-4746x22696,"3863 William Ways Apt. 455, Kaylafort",Aetna Health,9603780540,2024-06-17
P_02248,Kevin Mills,1960-10-05,66,MALE,B+,+1-979-501-1762x158,"5033 Mitchell Fords, Garymouth",UnitedHealthcare,522.308.1274,2024-11-30
P_02249,Amy Smith,1950-10-05,76,Female,O+,001-911-928-4017x23446,"68908 Victoria Lodge Apt. 542, New Hector",Aetna Health,396-398-8049,2023-06-03
P_02250,Samantha Santos,2008-10-05,18,Other,AB-,659-619-7707,"478 Christopher Mountain, New Latasha",Cigna,245-450-5642,2024-01-11
P_02251,Javier Hull,1958-10-05,68,Male,B-,(485)695-2529,"090 Hernandez Roads, Amandaport",Cigna,929.991.3780,2024-11-01
P_02252,Denise Rodriguez,1963-10-06,63,Female,B-,263-732-7884x593,"9987 Moreno Island, West Tracy",Medicare,(649)225-9876,2023-01-18
P_02253,Amanda Miles,1988-10-05,38,Female,AB-,001-664-469-0164,"701 Jones Ways, Cameronton",Medicare,001-951-877-5786x12358,2024-01-03
P_02254,James Williams,1978-10-05,48,Male,A-,,"8630 Brown Roads, Port Elizabeth",Cigna,001-316-888-9780x3323,2023-01-28
P_02255,Timothy Ferguson,1945-10-05,81,Male,B+,691-870-5803x071,"09958 Jackson Hill, Port Christopherland",Medicare,001-339-673-0310x51968,2024-03-08
P_02256,Jessica Silva,2001-10-05,25,Female,O-,001-410-676-4326x314,"224 Boyer Ports, Danielstad",Cigna,984.710.2409,2024-09-05
P_02257,Nathan Johnson,2006-10-05,20,Male,AB+,(965)643-1130x9637,"194 Stephanie Pass, Davidton",Medicaid,433-900-6230x5047,2023-08-22
P_02258,Elizabeth Reed,1952-10-05,74,Female,A+,001-534-765-2674x998,"917 House Mountain, Sullivanchester",Aetna Health,(959)637-7245,2023-06-12
P_02259,Bruce Mcbride,1999-10-06,27,  Male  ,  O+  ,696.260.8604,"514 Escobar Mount, South Amy",Medicare,001-394-856-1891x3493,2024-09-22
P_02260,Jacob Terry,1969-10-05,57,Male,AB-,+1-531-909-3888x2956,"67898 Sarah Prairie Suite 223, West Davidville",UnitedHealthcare,625-234-0444,2024-01-15
P_02261,Stephen Todd,1955-10-06,71,Male,A-,712-859-6679,"39353 Chad Forge, Rangelborough",Aetna Health,995.997.5778,09/15/2023
P_02262,James Jackson,2000-10-05,26,Male,A-,001-265-214-9241x00969,"81366 Austin Lights Suite 102, North Christophermouth",Humana,251-388-9347x731,2024/07/22 00:00:00
P_02263,Amanda Williams,1992-10-05,34,Female,  A-  ,808.359.7370,"5551 Mcintyre Forges, East Debbie",Medicare,(265)609-8017x05694,2024-02-27
P_02264,Renee Ingram,1963-10-06,63,Female,A+,371-743-5120x045,"843 Rivera Parkways, Jenniferfurt",Medicaid,+1-974-643-0278x911,2024/03/09 00:00:00
P_02265,Jeffrey Sims,1978-10-05,48,Male,A+,412-705-4048x34576,"32146 Sophia Mountains Apt. 843, New Melissa",Humana,+1-678-647-6505x4767,2023-04-20
P_02266,Cindy Sanchez,1964-10-05,62,Female,O+,667.282.3627x84237,"171 Cox Shoal Apt. 228, South Daniel",Medicare,414.920.0287x34036,2023-07-20
P_02267,James Riley,1975-10-06,51,Male,A+,(624)729-3267,"082 Byrd Burg, Baileyhaven",Humana,001-817-231-1601x2403,2023-12-07
P_02268,Aimee Thomas,1967-10-06,59,Female,B+,315.275.8498x75528,"99389 Perez Landing, East Clayton",Blue Cross Blue Shield,558.762.6850,2023-07-24
P_02269,Alexa Campbell,1990-10-05,36,Female,AB-,286-201-0163x290,"219 Rebekah Loaf Apt. 733, East Michealfurt",Medicare,442-606-2140,2023-12-24
P_02270,Matthew Hoover,1979-10-06,47,Male,A+,001-434-421-7115,"28415 Steve Lane, Jenniferstad",UnitedHealthcare,001-925-732-4254,2023-01-31
P_02271,Kaitlyn Thompson,1963-10-06,63,Female,O-,001-729-489-6187,"170 Renee Curve, Leonardstad",UnitedHealthcare,(524)631-6720,2023-06-10
P_02272,Wayne Miller,1947/10/06 00:00:00,79,Male,A-,6862226591,"9425 Melissa Isle Suite 297, Nathanbury",Medicaid,784.319.6219,2023-03-22
P_02273,Mark Simon,1938-10-05,88,Male,AB+,688.946.9753,,Medicare,,2023-01-20
P_02274,Barbara Vang,06-10-1951,75,Female,A-,964.554.0560x201,"565 Danielle Vista, West Kimberlybury",Humana,905.234.6503x24030,2024-10-03
P_02275,Andrew Mason,1968-10-05,58,Male,AB+,+1-754-823-4898x37638,"973 Peterson Overpass, Kington",Blue Cross Blue Shield,310-884-3990,2024-04-23
P_02276,Lori Wright,1965-10-05,61,Female,A-,775.614.6002x53009,"44991 Chandler Station, Aaronmouth",Humana,549.250.3544x925,2024-07-10
P_02277,Joseph Rosales,1981-10-05,45,Male,B+,001-513-955-1264x008,"9868 Philip Lodge Suite 430, Colehaven",Blue Cross Blue Shield,350.927.8736x2184,2023-03-09
P_02278,Scott Cook,2000-10-05,-26,Male,O-,448.491.1661x73474,"914 Corey Well, Lake Ashleyton",Medicare,810.320.2349x2509,2024-08-26
P_02279,Darren Smith,1965-10-05,61,Male,O-,662.289.8189x99328,"8269 Tammy Springs, East Laura",Cigna,519-510-0225x916,2023-07-23
P_02280,Trevor Rogers,1969-10-05,57,Male,O+,001-542-310-5589x1198,"05270 Johnny Stream, New Danaport",Blue Cross Blue Shield,001-804-638-0755x40555,2023-10-27
P_02281,Charles Mitchell,1951-10-06,75,Male,AB+,(407)623-1341x916,"357 Robinson Circles Suite 808, North Tammyfurt",Aetna Health,(533)232-9619,05/11/2024
P_02282,Amanda Austin,1977-10-05,49,Female,AB+,(647)339-5800x8174,"0723 Victoria Stravenue, Richardchester",Medicaid,(598)719-9788,2023-08-04
P_02283,Randy Lee,2005-10-05,21,MALE,O+,+1-517-265-0360x2919,"127 Carolyn Club Apt. 984, Laurachester",Humana,224-888-2652x34304,2023-09-28
P_02284,Bethany Gross,2004-10-05,22,Female,B+,(495)669-1035,"4479 Montoya Cliffs, Traceytown",Blue Cross Blue Shield,320-883-8921,2024-04-16
P_02285,Derek Smith,1975-10-06,51,Male,AB+,465-541-8384,"17619 Robinson Creek Suite 111, Port Christineport",Blue Cross Blue Shield,+1-698-299-0567x98586,2024-11-06
P_02286,Jeanette Medina,1978-10-05,48,Female,O-,001-504-521-1633x40166,"93373 Jones Ports, Joseside",Aetna Health,001-798-535-8744,2024-09-21
P_02287,Brenda Duran,10/05/1968,58,Female,AB+,259.216.4897x0464,"491 John Causeway, Stevenburgh",Cigna,(621)563-1577x6157,2024-07-04
P_02288,Maria Rasmussen,1958-10-05,68,Female,AB+,,"347 Christopher Ridge Apt. 791, Port Nicolefurt",Medicaid,+1-874-528-9066x904,2024-02-13
P_02289,Jessica Clark,1963-10-06,63,Female,UNKNOWN_VAL,849-279-6977x157,,Medicaid,001-353-834-3659x4702,2023-12-31
P_02290,David Rivera,1946-10-05,80,Male,A+,001-856-779-9714,"9452 Luis Causeway Apt. 367, Lake Ashleyberg",UnitedHealthcare,(973)455-8797,2024-07-06
P_02291,Jose Jensen,1990-10-05,36,Male,B+,625.269.3746x863,"3728 Fox Port Apt. 134, East Heidifurt",Humana,3735771506,2024-11-13
P_02292,Anthony Reyes,1984-10-05,42,Male,A-,590-202-8807x338,"47941 Farley Drives Apt. 652, Port Chloe",Aetna Health,457.757.4458,2024-02-17
P_02293,Jody Adams,1939-10-06,87,Female,O+,677.720.4393,"39519 Myers Plain, Millsmouth",Medicaid,001-813-895-0385x433,2023-10-04
P_02294,Sarah Kaufman,1968-10-05,58,Female,O-,001-419-732-0966x7216,"578 Clark Mount Suite 850, New Dianaland",Cigna,8573265284,2024-11-17
P_02295,James Turner,1986-10-05,40,Male,A-,001-810-951-0656,"226 Kelly Skyway, East Madison",Humana,(299)731-5230,2023-05-01
P_02296,Jessica Jenkins,1995-10-06,31,Female,B+,(323)843-1946x574,"846 Joseph Forges Apt. 435, Smithview",Medicare,314-462-5954,2024-07-19
P_02297,Alexander Oconnell,1961-10-05,65,Male,O+,893-905-5340x094,"041 Kevin Motorway Suite 339, Emilystad",UnitedHealthcare,+1-674-860-6780x8312,2023-08-18
P_02298,Mary Gonzalez,1961-10-05,65,Female,O+,3727299552,"31488 Mccoy Lakes Suite 968, Tanyaborough",Aetna Health,+1-292-788-8756,2024-11-05
P_02299,Michael Morrison,1941-10-05,85,Male,o+,(802)983-5287,"6731 Mccoy Plains Suite 171, Laurenfurt",Medicare,+1-351-799-0765,2024-10-17
P_02300,Charles Gates,1952-10-05,74,Male,O-,850.983.6860,"9641 Lisa Lakes Apt. 700, Carlsonberg",Medicaid,992-890-2450,2024-03-15
P_02301,Joseph Nelson,1999-10-06,27,Male,O+,001-998-615-9517,"0219 Lara Extension, South Samanthaview",Aetna Health,832.934.8634x15213,2024-07-28
P_02302,Brandon Alexander,1942-10-05,84,Male,B+,544-685-9071,"8458 Davis Via Apt. 484, Port Kimberly",Blue Cross Blue Shield,+1-389-733-0449,2024-10-07
P_02303,Ashley Franco,1981-10-05,45,Female,B-,286.273.9796,"078 Kelly Prairie Apt. 332, Gonzalezburgh",Medicaid,+1-251-777-6983x67139,2024-02-14
P_02304,Anthony Nguyen,1956-10-05,70,Male,O-,(340)712-8273,"12588 Williams Islands Suite 024, Jenniferberg",Medicaid,6982148185,2024-02-09
P_02305,Michael Williams,1941-10-05,85,Male,B-,001-598-751-6850x529,"07372 Allison Pass Apt. 257, Pedromouth",Humana,+1-544-680-6344x6802,2023-04-02
P_02306,Alison Jenkins,1981-10-05,45,Female,B+,+1-772-260-1880x3814,"78248 Kenneth Highway Suite 111, Waltonview",Humana,001-864-694-8970,2024-09-06
P_02307,Erica Brooks,1979-10-06,47,Female,A+,3007807350,"8429 Stephanie Points, Foxshire",UnitedHealthcare,4902907170,2024-05-01
P_02308,Nicholas Johnson,1987-10-06,39,Male,AB-,+1-513-932-7809x11914,"56719 Jacobs Run Suite 568, North Jessica",Humana,9697088403,2024-06-07
P_02309,Heidi Hudson,1949-10-05,77,Female,O-,(923)454-6795x3837,"4057 Rose Lights Apt. 288, Michaelberg",Aetna Health,001-380-402-4614,2023-10-13
P_02310,Gerald Hansen,1989-10-05,37,Male,B-,984-495-1105x596,"418 Price Tunnel Suite 321, Jacksonshire",Cigna,(265)972-4443,2024-10-27
P_02311,Douglas White,1986-10-05,40,Male,O-,795-204-7947x6441,"585 Drew Wells Suite 252, Lovechester",Cigna,+1-744-942-4987x963,2023-03-06
P_02312,Janet Garcia,1967-10-06,59,Female,A+,,"72095 Salas Key, Port Michaelstad",Medicaid,+1-821-949-7421x0664,2024-08-31
P_02313,Jessica Foster,1960-10-05,66,Female,B+,760.469.4202x225,"416 Elliott Mission, Timothyview",Blue Cross Blue Shield,2183076813,2024-04-17
P_02314,Stephanie Smith,1989-10-05,37,Female,AB-,961-649-4923x61167,"3133 Love Court Apt. 702, Taylorbury",Medicaid,259-473-2868x71775,2023-04-18
P_02315,Debra Lee,1976-10-05,50,Female,B-,001-412-506-1559,"752 Selena Way Suite 655, Lake Leslieville",Cigna,001-727-754-1067,2023-09-29
P_02316,Paul Farmer,1979-10-06,47,Male,AB+,862-258-0419x111,"125 Adams Lake, West Courtneyport",Cigna,226-620-4714x8908,2024-06-02
P_02317,Elizabeth Bryant,1985-10-05,41,Female,A+,,"9238 Kathy Camp, Alexanderstad",Blue Cross Blue Shield,+1-202-789-4683,2023-11-18
P_02318,Samantha Patel,1973-10-05,53,  Female  ,O-,809-686-6819x8648,"5935 Sarah Pike Suite 712, Lake Ericburgh",UnitedHealthcare,,2023-03-01
P_02319,Michael Jones,1948-10-05,78,Male,A-,+1-722-571-9670x310,"80982 Nancy Ways Apt. 377, Jeffreyberg",Medicare,647.694.3315x21664,2023-02-15
P_02320,Nancy Little,1984-10-05,42,Female,O+,+1-442-717-8783x00575,"8364 Angela Rapids Suite 681, Port Ryanbury",Aetna Health,5077218265,2024-09-02
P_02321,Darren Martin,1947-10-06,79,Male,AB+,910.688.6429x43214,"549 Wilson Ridge, Newtonhaven",UnitedHealthcare,576.798.7960x8709,2024-10-25
P_02322,Christopher Stein,1975-10-06,51,Male,AB+,(493)517-7077,"966 Rodriguez Ferry, East Danielshire",Humana,857-331-4305,2023-02-20
P_02323,Stephen Johnson,1986-10-05,40,Male,O+,+1-303-451-8386x04008,"283 Madison Point, North Richardstad",Medicare,(342)445-8197x2396,2023-02-18
P_02324,Mary Anderson,1961-10-05,65,Female,A+,001-626-616-7336x6053,"49054 Jeffrey Ford Suite 153, Stephaniemouth",UnitedHealthcare,+1-353-794-5592x815,2024-03-17
P_02325,Mr. Willie James,1960-10-05,66,Male,AB-,(731)693-3665x203,"28054 Barbara Courts Apt. 225, Rodneytown",Medicare,5108145478,2023-11-15
P_02326,Dr. Julia Romero,1967-10-06,59,FEMALE,B-,,"9124 Smith Street, North Danielle",Aetna Health,302-614-0991x492,2023-11-12
P_02327,Jessica Johnson,1978-10-05,48,Female,AB-,291-854-0224,"04886 Jared Extension Apt. 026, New Steven",UnitedHealthcare,3072349538,09/06/2023
P_02328,Dana Chase,1956-10-05,70,Female,AB-,(811)350-6475x66139,,Cigna,306-314-8546x008,2023-07-08
P_02329,Jennifer Stewart,1974-10-05,52,Female,B-,820.677.2615,"314 Sullivan Stravenue, Kathleenbury",Blue Cross Blue Shield,+1-683-648-6301,2024-09-10
P_02330,Michael Holden,1979-10-06,47,Male,B+,7256284312,"30352 Hayes Route, New Andrew",UnitedHealthcare,001-367-528-2524x42331,2023-07-11
P_02331,Stephanie Clark,1978-10-05,48,Female,O-,(617)769-7970,"05979 Santiago Ville, Larryburgh",UnitedHealthcare,001-573-405-8163x081,2024-05-04
P_02332,Bruce Armstrong,1963-10-06,63,Male,A-,726.376.8798x760,"797 Vincent Divide, Laurachester",Aetna Health,,2024-02-04
P_02333,Ruth Price,1979-10-06,47,Female,AB+,7173829268,"1965 Bates Point Apt. 691, Kempborough",Medicaid,340-541-5354,2024-05-30
P_02334,Christopher Blankenship,1992-10-05,34,Male,O-,001-689-620-0582x09357,"146 Frazier Cape, Singhport",Medicaid,358-304-6572,2024-07-03
P_02335,Robert Hernandez,1968-10-05,58,Male,A-,001-784-335-9790x356,"9986 Trevor Park, Karentown",Aetna Health,210.759.5325,2024-07-26
P_02336,Dennis Taylor,1960-10-05,66,Male,O+,626.896.6824x947,"9769 John Run, Allisonview",Humana,6352262120,2023-10-07
P_02337,Eric Allen,1940-10-05,86,Male,a-,400-231-5391,"80637 Walker Junction Suite 904, Christopherburgh",Aetna Health,+1-231-813-7183x483,2023-03-19
P_02338,John Johns,1987-10-06,39,Male,O+,326-677-0794,"248 Christopher Harbor, Patelton",UnitedHealthcare,801-780-7949x800,2024-05-05
P_02339,Danny King,1996-10-05,30,Male,B+,395.576.5139x6013,"07032 Murray Motorway, Port Dwayneberg",UnitedHealthcare,563-794-8418x4986,2024-07-21
P_02340,Kim Chung,2000-10-05,26,Female,B-,(801)846-8977x353,"9617 Hunter Mountains Suite 591, North Shannonburgh",Medicaid,,2024-11-18
P_02341,Paul Contreras,1949-10-05,77,Male,O+,001-959-846-7385x221,"5807 Caroline Wall Apt. 645, Reeveston",UnitedHealthcare,(246)729-5668,2023-10-02
P_02342,Yvette Mccoy,1970-10-05,56,Female,B-,772-559-4877x6126,"0002 Linda Views, Woodschester",Humana,7514713644,2023-12-13
P_02343,David Knight,2006-10-05,20,MALE,O-,798.851.2461x2559,"18314 Melissa Lights, East Michaelside",Cigna,873.239.1848,2024-04-03
P_02344,Andrea Murphy,1948-10-05,78,Female,B+,2482548743,"089 Jonathon Street, Ramirezfurt",Medicare,224-994-1827x543,2023-09-06
P_02345,Ashley Soto,1972-10-05,54,Female,O-,447.515.7499x647,"1176 Joseph Bridge Apt. 794, West Briannahaven",UnitedHealthcare,+1-761-511-7247x89146,2023-06-23
P_02346,Tabitha Miller,1959-10-06,67,Female,O+,+1-724-700-1202x989,"172 Woods Spurs Apt. 129, West Bradley",Aetna Health,321.617.4560x267,03/10/2023
P_02347,Chase Bowen,1970-10-05,56,Male,B-,+1-663-517-8648x971,"0098 Hayes Alley Apt. 013, North James",UnitedHealthcare,001-290-325-7510x81939,2023-02-03
P_02348,Eric Johnson,1982-10-05,44,Male,B-,(726)695-9519x7539,"9094 Matthew Lights Apt. 195, East Matthewshire",UnitedHealthcare,,08/23/2023
P_02349,Peggy Figueroa,1938-10-05,88,Female,O+,527.365.1140x2007,"5267 Powell Meadow, New Rebecca",Medicare,871-404-3410,2023-04-17
P_02350,Michael Porter,1944-10-05,82,Male,B+,+1-423-617-6114x788,"156 Anderson Hill Apt. 969, Sarahville",UnitedHealthcare,(711)761-3148x971,11-03-2024
P_02351,Dennis White,1939-10-06,87,Male,A+,9138718932,"2685 Alexander Trace Suite 401, Jennafurt",Humana,(444)969-0246x66450,2023-09-25
P_02352,Jonathan Perez,1943-10-06,83,Male,B-,294-972-3524,"631 Thomas Circles, Charleshaven",Medicare,(521)424-3908x1597,2023-03-09
P_02353,Justin Neal,1975-10-06,51,Male,A-,+1-631-791-5942x9689,"99872 Smith Coves Suite 097, Derekside",Aetna Health,613-729-0971x37388,2024-11-16
P_02354,Cheryl Stokes,1967-10-06,59,Female,O+,535-684-9727x791,"94832 Jones Neck Suite 456, Mullinsport",Medicaid,(485)276-7863x4058,2024-07-05
P_02355,Robert Rosales,1956-10-05,70,MALE,AB-,604.968.3227x359,"5534 Daniel Ports, Espinozaview",Medicare,999.707.3707x434,2024-09-05
P_02356,Amanda Brady,1977-10-05,49,  Female  ,AB+,001-680-496-5590,"685 Nicole Meadows, West Travis",Medicare,(508)897-9188,2024-04-05
P_02357,Elizabeth Lambert,1958-10-05,68,Female,O+,+1-439-682-1611x995,"781 Amanda Centers, Port Anthonystad",Cigna,271.542.2769,2024-09-04
P_02358,Jeanne Roman,1956-10-05,70,Female,O-,433-827-8855x749,"7730 James Meadow, East Curtisstad",Aetna Health,4872551739,2024-07-24
P_02359,Emily Boyer,1942-10-05,84,Other,UNKNOWN_VAL,+1-377-318-8874x94423,"0731 Jane Spring, Bellchester",Blue Cross Blue Shield,001-883-526-7045x6987,2023-06-04
P_02360,Joseph Wilkinson,1955-10-06,71,Male,B+,947-222-3030x85938,"7680 Lisa Flats Suite 723, North Derek",Medicaid,680.681.0888x703,2024-08-03
P_02361,Mark Williams,1975-10-06,51,MALE,A-,001-877-738-3453x6535,"838 Michael Island Apt. 686, Moodyfurt",Blue Cross Blue Shield,(664)206-0093x037,2023-08-06
P_02362,Allen Simon,2005-10-05,21,Male,O+,(539)924-9484x03133,"2842 Miller Road Suite 565, Colonside",Medicare,246.791.8165x46368,2023-01-03
P_02363,Erin Hines,1959-10-06,67,Female,O-,717-506-4952x76165,"266 Thompson Spurs, Chadshire",Cigna,+1-776-321-2663x50570,2024-06-04
P_02364,Ricardo Gordon,1996-10-05,30,Male,O+,766.834.2833x2383,"3711 Margaret Springs, Port Monica",Humana,4605454096,2023-10-30
P_02365,Sandra Brown,1953-10-05,73,  Female  ,B-,434-982-6551,"8195 Garcia Unions, Youngfort",Cigna,2908355297,2023-10-24
P_02366,Bradley Ruiz,1959-10-06,67,Male,B+,333.583.2976x9113,"5894 Michele Pass, New Tonya",Aetna Health,(945)637-6614x18013,2023-10-10
P_02367,Heather Nichols MD,1986-10-05,40,Female,A+,(971)742-2754x10959,"542 Robert Mills Apt. 249, Josephport",Blue Cross Blue Shield,554.520.9860x97848,2024-11-23
P_02368,Melissa Moore,1963-10-06,63,Female,A+,+1-981-912-3629x3828,"731 Leslie Bridge Apt. 574, East Sarah",UnitedHealthcare,001-250-939-7886x304,2024-02-18
P_02369,Kristopher Mason,1985-10-05,41,Male,A+,566.631.8367x46330,"7027 Hawkins Route Suite 704, East Amandaport",Medicare,001-830-969-0355x641,2023-03-18
P_02370,Anthony Smith,1976-10-05,50,Male,O+,001-512-421-8980,"10138 Ann Lodge Apt. 966, New Eduardo",UnitedHealthcare,791-722-6675,2023-04-05
P_02371,Kimberly Kennedy,1999-10-06,27,Other,A+,857.599.8734,"521 Brennan Port, Catherineborough",Humana,+1-769-638-3038,2023-08-19
P_02372,Christopher Andrews,1982-10-05,44,Male,O-,(994)221-1458x561,"189 Eric Canyon Apt. 818, Port Sarahview",Blue Cross Blue Shield,3722948831,2024-08-28
P_02373,Ryan Powers,1949-10-05,77,Male,B-,(273)877-3398x714,"843 Gregory Burgs, East Rebekah",UnitedHealthcare,340-781-3727x7631,2023-07-19
P_02374,Patricia Wright,1969-10-05,57,Female,B+,(551)630-6791x3384,"18476 Sandra Inlet Apt. 629, South William",Medicare,001-554-404-7779,2024-08-01
P_02375,Pamela Wagner,1978-10-05,48,Female,A-,(784)618-8946,"36864 Robert Crescent Apt. 811, Robinsonland",Medicare,5523156278,2024-03-19
P_02376,Darrell Hill,1965-10-05,61,Male,A+,+1-292-364-7696x503,"77309 Peterson Ridge Suite 714, Lake Sarah",UnitedHealthcare,+1-669-617-1591x2046,2024-09-21
P_02377,Carl Baker,1946-10-05,80,Male,O+,697.846.6993,"057 Martin Motorway Apt. 486, North Eileen",Blue Cross Blue Shield,234-333-8132,2024-08-06
P_02378,John Thomas,2001-10-05,25,Male,B+,406-740-3684x06972,"31210 White Lane Suite 272, Bryceton",Medicare,001-896-647-7165x35434,2024-01-03
P_02379,Alan Calhoun,1943-10-06,83,Male,B+,281-987-8177,"29237 Dean Ford Suite 142, Lake Jasmine",Blue Cross Blue Shield,844-432-4086x32831,2024-08-08
P_02380,James Moreno,1985-10-05,41,Male,O-,001-227-808-6502x1360,"317 Fields Dam, Greenhaven",UnitedHealthcare,,2023-05-01
P_02381,Jennifer Navarro,1964-10-05,62,Female,A-,001-204-411-8556x5761,"6909 Nicholas Rapids, Markstad",Blue Cross Blue Shield,+1-863-335-2526x15982,2024-01-30
P_02382,Timothy May,1963-10-06,63,Male,O+,(325)806-6803x60265,"3732 Lindsey Falls, North Aaronview",Aetna Health,566.294.5926x8087,2023-10-15
P_02383,Kenneth Berry,1995-10-06,31,Male,A-,423-736-3145x46152,"1967 Burns Meadow Apt. 648, Port Joshuaville",Medicare,001-800-506-2182x35863,2024-05-03
P_02384,Joshua Tran,1964-10-05,62,Male,B+,714.489.0449,"6457 Doris Vista Apt. 691, Paulahaven",Blue Cross Blue Shield,+1-704-805-4127x33450,2024-01-11
P_02385,Isaac Calhoun,1985-10-05,41,Male,B+,+1-884-276-2362x2882,"35796 Burke Streets Suite 356, Patriciaville",Blue Cross Blue Shield,894.975.9434,2023-02-16
P_02386,Kristina Day,1962-10-05,64,Female,A+,915.427.3300x627,"13569 Guerra Oval Apt. 267, South Matthew",Cigna,533.414.0749x0068,2023-01-01
P_02387,Andrew Thompson,1989-10-05,37,Male,A+,423-209-0861,"306 Long Vista Apt. 353, Ricestad",Medicare,001-830-624-1865x723,2023-12-17
P_02388,Christina Ramsey,1987-10-06,39,Other,B+,(275)609-9197x5554,"6390 Vaughn Keys Apt. 952, Leeton",Medicaid,534-220-7577x661,2024-04-26
P_02389,Shannon Pearson,1998-10-05,28,Female,B+,695-467-7318,"7893 Patrick Spring, New Andrew",Aetna Health,254-238-1285x82943,02-04-2023
P_02390,Eric Fletcher,05-10-2000,26,Male,AB-,(303)554-2585x9580,"4473 Castillo Road, Penahaven",Blue Cross Blue Shield,001-865-831-2855x27993,2024-03-05
P_02391,Elizabeth Holland,1949-10-05,77,Female,A+,+1-901-903-1748x7041,"07818 Patrick Radial Suite 338, West Donnabury",Blue Cross Blue Shield,997-933-5115x52415,2024-10-18
P_02392,Margaret Weaver,1970-10-05,56,Female,A-,001-553-309-2266x582,"9328 Morgan Rapids Apt. 805, Lake Jamie",Humana,001-685-812-2295x9356,2024-04-19
P_02393,Sandra Hamilton,2006-10-05,20,female,B-,841-704-8868,"46847 William Locks Apt. 081, Lake Frances",Humana,896-573-9712,2023-02-14
P_02394,Michael White,1994-10-05,32,Male,A-,201.740.8507,,Humana,001-588-353-3961,2023-02-14
P_02395,John Simon,1995-10-06,31,Male,A-,001-983-267-9612x07959,"14181 Perez Trace, Norriston",Medicaid,574-603-9722,2024-05-10
P_02396,Mary Bradshaw,1964-10-05,62,Female,B+,343-680-0729x23657,"564 Eric Villages Apt. 421, Hernandezview",Humana,001-701-548-6127x1390,2023-08-21
P_02397,Jessica Kim,1969-10-05,57,Female,O+,613.853.8990x9695,"92405 Sara Mills Apt. 656, North Williemouth",UnitedHealthcare,001-240-374-9911x5539,2023-08-07
P_02398,Marcus Lin,1952-10-05,74,male,A-,464.735.0701,"508 Reilly Loaf, North Pamelaville",Medicaid,001-665-404-9398x0504,2023-04-29
P_02399,Kelly Werner,1976-10-05,50,Female,A-,(803)762-6533,"3694 Aaron Mission Suite 425, Gabrielport",Aetna Health,001-793-824-1568x8072,2023-11-15
P_02400,Katherine Gardner,2006-10-05,20,Female,O+,+1-550-318-0510x511,"0411 Wagner Crossroad Apt. 825, Stevenmouth",Aetna Health,8292807195,2023-12-27
P_02401,William Hicks,1989-10-05,37,MALE,B-,(262)255-8136x661,"45955 Clinton Dam Apt. 155, Maldonadoville",UnitedHealthcare,+1-844-304-5684x77562,2024-01-04
P_02402,Misty Brewer,1984-10-05,42,Other,  O+  ,001-927-710-6976,"831 Brian Village Apt. 234, Port Jacob",Blue Cross Blue Shield,(245)211-8659x8176,2023-10-07
P_02403,Diane Decker,1972-10-05,54,Female,B-,(213)803-0356x22135,"2095 Powell Springs Apt. 213, North Kaitlyn",Medicaid,315.519.5933x725,15-09-2023
P_02404,Kimberly Cherry,1988-10-05,38,Female,AB+,599.775.4682,"12573 Nancy Camp Suite 339, Port Elainechester",Medicare,892-566-5093x73001,2024-10-07
P_02405,Wanda Wells,1982-10-05,44,Female,  AB+  ,(320)310-3283,"39747 Tamara Unions, Ryanport",Cigna,(594)671-3072x06102,2024-04-01
P_02406,Mark Mcguire,1970-10-05,56,Male,O+,,"110 Matthew Overpass Apt. 612, South Mary",Aetna Health,+1-461-542-4586x41458,12/27/2023
P_02407,Sheri Medina,1973-10-05,53,Female,ab-,528-673-3307x7375,"7464 Edward Bridge Suite 541, North Eric",Blue Cross Blue Shield,(883)259-4610,2024-07-07
P_02408,Wendy Wilson,1983-10-06,43,Female,A-,903-336-7691x235,"33167 Woodard Trace, South Gregoryfort",Aetna Health,5983679514,2023-01-29
P_02409,Travis Duke,1946-10-05,80,Male,A+,001-285-957-7544x816,"2156 Lee Meadow, South Brooke",Aetna Health,(249)430-4064x871,2024-02-02
P_02410,Aaron Salazar,1938-10-05,88,  Male  ,B+,+1-596-841-1774x49401,"0759 Craig Burgs, Lake Janetland",Aetna Health,(283)470-2562,2024-11-29
P_02411,Joshua Hall,1984-10-05,42,Male,AB+,(662)304-3895x005,"65871 Brandon Center, East Dylanborough",Cigna,(871)832-0904,2023-08-28
P_02412,Stephen Taylor,1960-10-05,66,Male,O-,(831)915-6971x7162,"45674 Harrell Camp, South David",UnitedHealthcare,+1-358-561-8613x47176,2024-11-13
P_02413,Stephanie Kelley,1997-10-05,29,Female,A+,+1-567-944-9597,"265 Meredith Neck Suite 391, South Carlaborough",Blue Cross Blue Shield,001-888-583-4025x862,2024-03-03
P_02414,Kelli James,1954-10-05,72,Female,AB-,(973)921-0873,"44356 Robertson Orchard Suite 062, Andrewston",Humana,479-664-3887x33462,2023-07-07
P_02415,Douglas Martinez,1983-10-06,43,Male,O-,422.631.3040x051,"350 Lawson Flat Suite 403, Erikton",Blue Cross Blue Shield,820.536.1362,2024-03-24
P_02416,David Mcmillan,1972-10-05,54,Male,AB-,324-581-2008x954,"62289 Andres Knoll Apt. 009, Lake Carolinefort",Cigna,(357)394-1050x3197,2024-07-17
P_02417,Jesus Smith,1975-10-06,51,Male,O+,982.823.8554x7684,"0634 Mcdonald Prairie Suite 442, Bakerfort",UnitedHealthcare,(664)344-1061x9208,09-03-2023
P_02418,Charles Johnson,1986-10-05,40,Male,AB+,001-638-876-7384x291,"23918 Kevin Lakes, Lake Robinton",UnitedHealthcare,001-365-834-0292x6673,2024-08-15
P_02419,Sabrina Reed,10/05/1990,36,Female,AB+,937-444-3197x5423,"87052 Gomez Shoals, North Michaelhaven",Blue Cross Blue Shield,307.291.4813x982,2024-06-02
P_02420,Kayla Williams,1971-10-06,55,Female,AB-,315-693-8509x818,"964 Lewis Street Suite 159, Crossbury",Medicaid,734.334.1182,2023-04-07
P_02421,Rachel Fitzpatrick,1949-10-05,77,Female,AB-,(640)922-9483x0220,"743 Lee Keys, Abbottberg",Aetna Health,331-984-1807,2023-09-07
P_02422,Amber Peters MD,10/06/2007,19,Female,A+,(798)354-1732x342,"617 Day Manor, Calvinborough",Cigna,+1-794-426-2061x9434,2024-02-22
P_02423,Howard Malone,1947-10-06,79,Male,O+,608.554.1244x788,"50735 Mark Fall, Kyleview",Cigna,+1-829-257-9786x128,2024-07-14
P_02424,Dawn Newton,1959-10-06,67,Other,AB+,+1-825-562-4677x5166,"17211 Martin Hollow, Georgechester",Cigna,,2023-09-05
P_02425,Meghan Cruz,1961-10-05,65,FEMALE,AB+,001-526-708-9558x83710,"453 Crawford Port Suite 341, Collinsview",Medicaid,915.292.9121x3588,2024-08-06
P_02426,Daniel Houston,1997-10-05,29,Male,B+,2808468990,"7334 Willis Springs Suite 071, Murphyburgh",UnitedHealthcare,476-793-8950x2005,2024-05-17
P_02427,Troy Moore,1972-10-05,54,Male,B-,+1-624-258-6134x7615,"28801 Allen Crossing, West Michael",Medicare,+1-580-567-7224,2023-01-12
P_02428,James Stewart,1998-10-05,28,Male,AB+,522-931-0125x1283,"790 Jason Estate, West Crystal",Aetna Health,393.616.6324x180,2023-04-19
P_02429,Ricardo Lowe,1939-10-06,87,Male,B-,+1-441-252-3588,"24387 Christopher Locks, North Justin",UnitedHealthcare,(578)549-1929,2023-06-03
P_02430,Patricia Aguilar,1998-10-05,28,Female,O+,659-935-5062x9420,"30112 Logan Harbors Suite 984, South Pamela",Humana,+1-585-971-0127,2023-02-02
P_02431,Jennifer Murphy,1972-10-05,54,  Female  ,O+,267-988-5051,"31508 Wendy Estates, Jacksonshire",Medicaid,441.427.8222x3423,2024-07-07
P_02432,Andrew Hurley,1956-10-05,70,Male,O+,501.926.8213x342,"362 James Radial Apt. 700, Colemanview",Medicare,597.624.2279,04/30/2023
P_02433,Brooke Dean,1941-10-05,85,Female,AB-,552.827.7588x8714,"93479 Brown Crossroad Suite 044, Baxterchester",Medicare,894-383-6792x08945,2023-10-16
P_02434,Michael Meadows,1961/10/05 00:00:00,65,Male,B+,357.591.8826x6170,"53004 Kelly Estate Apt. 978, New Andrew",Blue Cross Blue Shield,535-794-8271x68213,2024-07-10
P_02435,James Gonzalez,1942-10-05,84,Male,A+,684-798-3413,"81775 Kelly Forges Suite 479, Karenmouth",Aetna Health,,2023-11-16
P_02436,David Hill,1955-10-06,71,Male,AB-,001-738-628-8259x978,"5041 Kelley Oval Apt. 480, Williamsfurt",Medicaid,492.244.9392x318,2023-05-25
P_02437,Sarah Williams,1946-10-05,80,  Female  ,B+,(684)908-9409x4347,"782 Dixon Manors Apt. 458, North Gabrielle",Blue Cross Blue Shield,2915714727,2023-01-26
P_02438,Lisa Lawrence,1949-10-05,77,Female,A+,998-935-3362x296,"63793 Jenna Rue Suite 549, West Stephanieside",Aetna Health,658-562-3913x9677,2023-08-20
P_02439,Sarah Garcia,2002-10-05,24,Female,B+,+1-546-771-7016x4527,"901 Jamie Station, Lake Paul",Blue Cross Blue Shield,,2024-09-14
P_02440,Teresa Sawyer,1944-10-05,82,Female,O-,(420)403-4994x115,"4084 Andrew Stravenue Suite 724, Lake Jefferymouth",Cigna,001-746-358-7874x768,2024-06-18
P_02441,Samantha Thomas,2008-10-05,18,Female,O+,+1-463-527-3112,"416 Stephen Loop, Smithchester",Aetna Health,529.356.7584,2023-04-19
P_02442,Katherine Campbell,1970-10-05,56,Female,O-,(627)814-1722x2830,"288 Clark Road Apt. 814, Thompsonport",Cigna,+1-402-816-4667x1934,2024-08-25
P_02443,Kim Anderson,1993-10-05,33,Female,A+,+1-722-994-3227x11523,"8180 Laura Land, Kaylamouth",Humana,727.899.1404x18690,2024-07-23
P_02444,Kathryn Phillips,1972-10-05,54,Female,A-,6458525265,"7926 John Squares, Alishatown",Medicaid,001-969-763-0956,2024-09-10
P_02445,Mary Ramos,1944-10-05,82,Female,AB+,(847)489-1339x0074,"110 Lin Mall Apt. 587, Cruzborough",UnitedHealthcare,561-998-6405,2024-05-06
P_02446,William Holt,1999-10-06,27,male,O-,251-806-1252,"7993 Roth Crossing, North Holly",Aetna Health,888-251-4579x5605,2024-06-10
P_02447,Julie Waller,1990-10-05,36,Female,B-,318-482-4205,"322 Richard Creek Suite 173, Mullinsville",Aetna Health,542-614-0209x2102,2023-10-29
P_02448,Mrs. Melissa Cohen,1990-10-05,36,Other,B-,(357)475-4372x954,"211 Lauren Square Suite 973, Moralesview",Cigna,4808043865,2024-05-13
P_02449,Dustin Pierce,1964-10-05,62,Male,AB-,,"956 Winters Junctions Suite 663, North Hannah",Medicaid,+1-802-954-3731,2023-03-09
P_02450,Kathryn Edwards,2002/10/05 00:00:00,24,Female,B+,346-246-0625,,Blue Cross Blue Shield,889-873-0123x1995,2024-10-04
P_02451,Laura Larson,1971-10-06,55,Female,B+,(836)706-4962x197,"081 Michael Crest Apt. 339, Alvarezfort",Cigna,3947168406,2023-08-13
P_02452,Connor Coleman,1970-10-05,56,  Male  ,B-,(861)790-6283x600,"68031 Gould Wells, Lake Miranda",Blue Cross Blue Shield,(492)261-2640x407,2023-04-16
P_02453,Corey Sanchez,1982-10-05,44,  Male  ,O+,306-579-2642x07121,"27083 Sosa Creek Suite 348, Davisborough",Aetna Health,708-439-7571x3495,2023-02-18
P_02454,Steven Travis,1980-10-05,46,Male,O-,565.600.7449x1422,"90574 Kimberly River Apt. 215, Michelleton",Medicare,001-287-741-8261,2024-09-01
P_02455,Jason Franco,1994-10-05,32,Male,A-,+1-714-888-7106,"1465 Erin Ways, Youngmouth",Cigna,571.681.3061x2126,2024-07-04
P_02456,Melissa Carrillo,2008-10-05,18,Female,A-,001-666-700-5874,"10290 Richard Parkway, Adamfort",Medicare,919-383-8773x1879,2024-11-30
P_02457,Sandra Lopez,1999-10-06,27,Female,B-,885.482.1062x612,"89260 Margaret Village Suite 249, Wilkinsberg",Blue Cross Blue Shield,595-380-6953x0203,2023-06-12
P_02458,Elizabeth Hall,1943-10-06,83,Female,O+,585.703.7970,"157 Rodriguez Green Apt. 444, Danafort",Aetna Health,(800)467-7330x6655,2023-03-10
P_02459,Jamie Lopez,1954-10-05,72,Female,A+,564-703-2487,,UnitedHealthcare,001-714-987-3146x01047,2024-03-05
P_02460,Cheyenne Yates,1949-10-05,77,Female,O+,+1-730-417-1106x5838,"2828 Kramer Junctions Suite 512, Lake Joseph",Medicare,+1-648-687-0934x674,2024-03-03
P_02461,Jeffrey Smith,1984-10-05,42,Male,O+,263.666.2057,"8771 Jacob Mountain, South Darylville",UnitedHealthcare,(788)881-3990x1785,2023-06-06
P_02462,Jesus Johnson,1990-10-05,36,Male,A+,712.608.1332x412,"13348 Ingram Field Suite 819, New Amandamouth",Medicare,(574)996-7194x71250,2023-09-18
P_02463,Amanda Rodriguez,1984-10-05,42,Female,O+,465-637-7546,"1632 Bailey Loop, Wallacestad",UnitedHealthcare,+1-372-898-5407x14991,2023-07-13
P_02464,Jackson Hernandez,1986-10-05,40,Male,B+,+1-938-323-1410x468,"1220 Patterson Mission Apt. 555, Petersonview",Medicare,+1-867-665-5056x05723,2024-04-09
P_02465,Eric Allen,2004-10-05,22,MALE,o+,+1-729-307-6714x623,"822 Joseph Plains, Kristyside",Cigna,395-727-7113,2023-05-31
P_02466,Joann Olson,1950-10-05,76,Female,AB+,+1-423-955-1353,"235 Elizabeth Ramp Suite 038, New Kaylafort",Cigna,+1-778-451-4538,2024-07-22
P_02467,Kendra Pratt,1944-10-05,82,Female,A+,570-798-6367x943,"642 Jeremy Hollow Suite 908, South Haroldstad",Medicaid,603.797.2781x96236,2024-10-13
P_02468,Sharon Davis,1993-10-05,33,FEMALE,B+,,"6027 Guzman Harbors, Josephberg",Cigna,(833)779-8053x081,2024-09-29
P_02469,Terri Kelley,2001-10-05,25,Female,O+,(530)274-4598,"22063 Brown Shore Apt. 592, New Davidfort",UnitedHealthcare,252.857.4641x5748,2024-09-07
P_02470,Angela Love,1950-10-05,76,Female,  AB+  ,995.393.5361x03874,"4569 Mariah Wall Apt. 053, North Stephanie",Medicare,800-779-6589x1497,2023-05-18
P_02471,Justin Klein,2003-10-06,23,Male,B-,249.693.8379x7857,"79770 Kenneth Drive Suite 276, Brandimouth",UnitedHealthcare,541.407.4430,2024-06-28
P_02472,Ms. Monica Johnson DVM,1977-10-05,49,Female,AB-,541.886.4223x59605,"8975 Marsh Expressway, Aprilmouth",Humana,626-534-2672,2023-03-22
P_02473,Matthew Johnson,1983-10-06,43,Male,O-,(286)363-1892,"4014 Curtis Dam Suite 030, Lake Raymondview",Humana,(741)873-1358x0994,2023-10-01
P_02474,Christopher Donovan,1964-10-05,62,Male,O-,(281)811-0414x5174,"635 Christopher Stream Apt. 190, Nancystad",Medicare,993.313.8955,2024-05-26
P_02475,Matthew Dominguez,1979-10-06,47,Male,B-,565.553.2327,"180 Matthew Cape Apt. 266, Donaldburgh",Medicare,(848)713-1224x3049,2023-07-24
P_02476,Megan Soto,1981-10-05,45,Female,O+,+1-713-422-0710x84256,"815 Maria Stravenue Apt. 929, Port Gerald",Humana,326-648-4764x173,2024-08-31
P_02477,Anthony Weber,2006-10-05,20,Male,AB-,+1-578-634-6188x4524,"43680 Tracy Centers Apt. 879, Mullinston",Blue Cross Blue Shield,608-853-2175x751,2023-07-01
P_02478,Destiny Smith,1961-10-05,65,Female,AB+,(482)731-4576x1102,"4648 Villarreal Corners, Port Julie",Medicaid,(769)871-7932,2024-09-25
P_02479,Christopher Roy,1955-10-06,71,Male,AB-,+1-357-301-6394x3665,"274 Harris Rapids, Robertsfurt",Medicaid,(715)727-3818,2024-09-02
P_02480,Geoffrey Collins,1996-10-05,30,Male,AB+,417.952.6142x207,"72207 Michael Glen, North Kristen",Aetna Health,(763)349-6070,2023-09-03
P_02481,Edward Miller,1963-10-06,63,Male,O+,303-815-5383,"3908 Brandon Estates, East Scott",Blue Cross Blue Shield,001-979-364-4391x20923,2023-05-02
P_02482,Anthony Diaz,1965-10-05,61,Male,B+,807.219.9931x96407,"0043 Fletcher Path, Willisview",Medicare,932-570-4391,2024-08-20
P_02483,Chelsea Clark,1950-10-05,76,Female,A+,,"5635 Hernandez Forest Apt. 236, New Timothy",Medicare,,2023-08-07
P_02484,Natasha Dougherty,1987-10-06,39,Female,A+,260.617.9434x337,"2931 Sabrina Parkway, Grantmouth",Medicaid,620-542-5634,2024-11-28
P_02485,Catherine Padilla,1949-10-05,77,Female,A-,(490)990-7939x69068,"76259 White Coves, Carolinefurt",UnitedHealthcare,942-751-9486,2023-05-26
P_02486,James Bowen,1983-10-06,43,Male,AB+,+1-536-533-3193,"466 Nicole Stravenue, South Rebecca",Cigna,001-328-820-1550x67520,2023-06-10
P_02487,Matthew Wilson,1944-10-05,82,Male,O-,465-444-9986x9065,"04381 Davis Circles Suite 556, Robertsstad",Blue Cross Blue Shield,772.600.8050x8045,2023-09-23
P_02488,Gabriela Lewis,1940-10-05,86,Female,A+,589-898-3224x28497,"1601 Taylor Inlet Suite 098, Jonathonshire",Cigna,957-495-6195,2024-10-25
P_02489,Michael Ingram,1950-10-05,76,Male,O-,789.540.2667x6543,"3343 Nicholas Rue, South Ricky",Medicare,+1-415-208-8500,2023-06-01
P_02490,Jeremy Gomez,1988-10-05,38,Male,B-,+1-828-907-2735,"80588 Bradley Isle Apt. 309, Lake Joeland",Medicare,001-528-937-9000x2736,2023-11-28
P_02491,Tara Peterson,1971-10-06,55,Female,AB-,+1-794-641-4372,"192 Makayla Port Apt. 850, South Sandra",Humana,001-594-806-0678x3703,2023-02-17
P_02492,Johnny Perry,2004-10-05,22,Male,A+,212.923.7392x203,"57026 Williams Vista Apt. 298, South Angelaland",Blue Cross Blue Shield,(416)804-9018,2024-01-12
P_02493,Amy Hall,1945-10-05,81,Female,A-,+1-391-556-8343x471,"139 Delacruz Rest Apt. 746, South Edwinberg",UnitedHealthcare,(688)937-1571x40692,2023-07-02
P_02494,Charles Morgan,1939-10-06,87,Male,  A+  ,835.595.7244x937,"310 Little Meadows, West Theresashire",Medicaid,976-954-9417,2023-07-19
P_02495,Brenda Garcia,1938-10-05,88,Female,A-,986-647-0260x16804,"9468 Michael Terrace, Perezview",Medicare,953-905-3863,2023-08-11
P_02496,Claire Reese,2003-10-06,23,Female,AB-,,"869 Wade Run, South Johnathan",Cigna,001-425-652-8400x353,2024-01-23
P_02497,Erica Ortiz,2004-10-05,22,Female,B+,+1-933-551-6607,,Medicaid,(409)423-2677,2023-01-28
P_02498,Jennifer Jimenez,1993-10-05,-33,Female,AB-,323.329.0756,"7744 Cruz Rapids Suite 190, South Charleneland",Humana,2982309245,2024-01-18
P_02499,Jennifer Washington,2002-10-05,24,Female,O-,+1-208-493-6162x2270,"66953 Walker Road Suite 064, Johnsonland",Aetna Health,(751)566-0728x986,2024-10-17
P_02500,Kevin Ware,1967-10-06,59,Male,O-,(764)916-5076x56738,"71452 Kyle Via Suite 910, Lake Marcusborough",Cigna,001-304-900-4441,2023-01-02
P_02501,Justin Cooper,2001-10-05,25,Male,AB-,+1-437-500-6586,"9206 Amanda Neck, Richardsfort",Blue Cross Blue Shield,(490)406-4384,2024-03-09
P_02502,Robert Hall,1974-10-05,52,Male,B+,763-488-8870,"8373 Baker Path Suite 691, Kimberlymouth",Medicare,942-855-5992x85338,04/15/2024
P_02503,Steve Brooks,1944-10-05,82,  Male  ,A-,(740)583-4158,"6055 Scott Passage, Port Tina",Blue Cross Blue Shield,959-750-7162,2023-07-24
P_02504,Debra Duncan,1993-10-05,33,Female,B-,(878)995-8429x524,"9619 Maria Fields, West Brandonbury",Medicaid,850.542.5853,2024-10-22
P_02505,Barbara Montgomery PhD,1991-10-06,35,Female,O+,,"935 Curtis Shoal, Jocelynburgh",Cigna,+1-627-578-2368x131,2024-05-19
P_02506,Aaron Jackson,1952-10-05,74,Male,O-,293-897-6848x4900,"322 Carpenter Ridges, Port Molly",Humana,445-766-2528,2024-05-04
P_02507,Jane Francis,1954-10-05,72,Other,B+,001-953-701-9384x4047,"2566 Amy Island, West Victoria",Aetna Health,001-502-216-7380x47677,2023-08-10
P_02508,Christine Leon,2003-10-06,23,Female,AB+,440-739-0103x4902,"061 Chase Crossroad Apt. 530, East Robert",UnitedHealthcare,001-383-428-9166,2023-04-19
P_02509,Matthew Pacheco,1939-10-06,87,Male,B+,482-749-3283,"4445 Carpenter Land Apt. 541, Lake Jameschester",Aetna Health,688.679.6611x301,2024-08-02
P_02510,Ashley Williams,1997-10-05,29,Other,AB-,+1-868-390-6376,"8906 Carpenter Motorway Apt. 013, North Matthewmouth",Aetna Health,769-894-3918,2024-09-24
P_02511,Nina Evans,1980-10-05,46,Female,O-,+1-947-758-6218,"065 Smith Drive Apt. 458, Ericfort",Humana,001-313-505-9761x80155,2024-10-12
P_02512,Steven Garcia,2001-10-05,25,Male,O-,615.903.3777,"7389 Ramsey Branch Apt. 320, Fosterbury",UnitedHealthcare,677-412-2804,2023-02-26
P_02513,Stephen James,1972-10-05,54,Male,  AB+  ,5726998955,"5683 Holloway Falls Apt. 778, West Nichole",Humana,233-333-6248x900,19-11-2023
P_02514,Allen Mcconnell,2005-10-05,21,Male,O+,+1-476-214-7332,"339 Keller Harbors Apt. 034, Wendystad",Aetna Health,2144530730,2024-11-06
P_02515,Robert Smith,1944/10/05 00:00:00,82,Male,O-,+1-477-237-6555x04462,"9995 Moran Gardens, Lake Haroldshire",Cigna,001-512-402-8021,2024-11-10
P_02516,Donald Smith,1974-10-05,52,Male,AB-,001-316-762-8927x9308,"0786 Kristin Gateway Apt. 858, Andrewton",UnitedHealthcare,976-492-0990,2024-05-02
P_02517,Jimmy Nolan,1973-10-05,53,Male,AB+,8905852594,"896 Graham Lane, Port Keith",Blue Cross Blue Shield,741.734.9992,2024-01-13
P_02518,Henry Duncan,1981-10-05,45,Male,A-,(589)621-6722,"87957 Roger Garden, Edwardsshire",Medicaid,332-946-6896x76136,03/14/2024
P_02519,Pamela Knight,1981-10-05,45,female,B+,(554)203-5687x42912,"11301 Kelsey Turnpike Suite 500, South Crystalshire",Blue Cross Blue Shield,(625)466-4187,2024-07-14
P_02520,Micheal Sparks,1993-10-05,33,Male,B+,+1-280-864-0685,"49597 Black Expressway Apt. 247, North Sandrachester",Cigna,(677)520-8079,2023-06-22
P_02521,Jaclyn Odom,1966-10-05,60,Female,A-,806-666-1281,"20963 Stephens Viaduct, Hannashire",Aetna Health,(512)295-9160,2023-05-20
P_02522,Carol Morgan,1989-10-05,37,Female,O+,(357)741-9229,"6191 Rose Isle, Port Sean",Medicare,662-632-6100x27031,2024-03-16
P_02523,Hailey Mccarthy,1981-10-05,45,Female,O-,9112090053,"172 Rebecca Trail Apt. 229, Port Tracy",Aetna Health,(712)920-7073x19717,2024-08-02
P_02524,Jose Gonzales,1945-10-05,81,Male,B+,(675)966-3763x7335,"401 Michael Station, North Stephaniemouth",Aetna Health,(488)261-5553x51359,2023-08-25
P_02525,Jennifer Wheeler,1939-10-06,87,Female,O-,001-889-896-8427x584,"44962 Steve Mountains, Villarrealhaven",Cigna,001-670-557-0810x913,2024-04-16
P_02526,Briana Barnes,1953-10-05,73,Female,  AB+  ,631-421-8851x8216,"09098 Powers Plain, Flynnmouth",Aetna Health,(280)399-5781,2023-08-01
P_02527,David Wood,1940-10-05,86,Male,A+,9483476973,"7990 Mitchell Squares Apt. 350, New David",Medicaid,+1-993-502-3929x1496,2023-12-03
P_02528,Troy Williams,1998-10-05,28,Male,A-,2097621594,"919 Gray Ports Apt. 865, South Austinside",UnitedHealthcare,,2023-06-12
P_02529,Heather Hanson,1945-10-05,81,Other,O-,+1-461-636-5705x9482,"350 Ricky Radial Apt. 933, Garciashire",Humana,7728667162,2023-10-06
P_02530,Shane Adkins,1999-10-06,27,Male,  O-  ,681.265.7458x0282,"101 James Mountain, East Rachelfurt",Medicare,001-419-315-7265,2023-05-24
P_02531,Jeffrey Vega,1939-10-06,87,Male,O-,(643)294-3568,"5861 Calderon Glen, West Anita",Medicaid,,2024-05-23
P_02532,Jason Jackson,1976-10-05,50,Male,AB-,712.810.2074x3210,"71645 Roberts Court, Port Stephanie",Medicare,473-484-1750,2023-07-26
P_02533,Joshua Ortega,2007-10-06,19,MALE,AB-,469-452-3593,"032 Brown Burgs, Martinville",Cigna,(218)478-5427,2024-02-21
P_02534,Stephanie Calderon,1972-10-05,54,Other,O+,457-246-3990x43316,"8527 Wright Summit Apt. 613, Maryburgh",Medicaid,001-671-733-9745x021,2024-01-31
P_02535,Ann Bradley,2003-10-06,23,Female,AB-,397-686-6439x1326,"0925 Stafford Alley Apt. 451, New Cody",Aetna Health,+1-958-670-9526x362,2024-10-12
P_02536,Erica Edwards,1996-10-05,30,Female,A+,001-563-750-2998,"0874 Jenkins Islands Apt. 868, Lake Amy",Aetna Health,532-547-6114x343,2024-01-15
P_02537,Jason Carroll,1974-10-05,52,MALE,B-,+1-744-446-8717x49095,"1796 Harris Circles, Bowmanshire",Medicare,617-878-6496,2024-04-18
P_02538,Kelly Palmer,1974-10-05,52,Female,AB-,001-249-421-4758x5704,"3690 Jennifer Union Suite 525, South Davidshire",Medicaid,540-917-9559x89834,2024-06-21
P_02539,Dustin Jones,05-10-1985,41,Male,AB-,(928)635-9633x003,"2714 Stevens Burgs, Smithton",Humana,958-512-8704,2024-03-21
P_02540,Melissa York,1961/10/05 00:00:00,65,Female,A-,001-842-263-6326x1847,"371 Curtis Forges Suite 384, East Scottville",Humana,6638815180,2023-11-11
P_02541,Karen Estrada,1974-10-05,52,Female,B-,400.821.0058x0998,"6568 Michelle Drive, Alexanderside",Humana,+1-553-667-1765,2024-09-09
P_02542,Kelly Diaz,1986-10-05,40,Female,O+,+1-514-318-0471x8830,"12747 Donna Highway, Lake Carriehaven",UnitedHealthcare,967-806-2154x46479,2024-08-11
P_02543,Evan Welch,1939-10-06,87,Male,B-,686.762.5028,"185 Xavier Shoal, West John",Blue Cross Blue Shield,+1-631-314-1009x57829,2024-07-28
P_02544,Sarah Rocha,1969-10-05,57,Female,B-,001-799-776-5304x82721,"96801 Robert Drive, New Robertamouth",Medicaid,806-449-2207x355,2024-05-03
P_02545,Michael Booker,1963-10-06,63,Male,B+,001-649-645-1319,"071 Allen Brook Apt. 156, North Jamieshire",Blue Cross Blue Shield,001-947-865-9845,2023-10-04
P_02546,Michele Williams,1976-10-05,50,Female,A-,520-668-1069x61387,"7110 Kaitlyn Forks, Samuelton",Humana,572-990-2388x139,2023-03-04
P_02547,Zachary Stephens,1978-10-05,48,Male,AB+,+1-376-632-2108,"93069 Gardner Turnpike Suite 214, Paulport",Cigna,(927)471-4254x6330,2024-06-15
P_02548,Christy Jones,1945-10-05,81,Female,B+,001-656-496-6146x9561,"0533 Jennifer Fords Apt. 009, New Richard",Blue Cross Blue Shield,357-344-3428,2023-05-16
P_02549,Sherri Underwood,1990-10-05,36,Female,O+,001-929-382-0107x228,,Blue Cross Blue Shield,6252353965,2024-03-19
P_02550,John Patel,1966-10-05,60,Male,AB-,660-374-1688x11346,"3893 Teresa Valley Suite 500, Rickyland",Blue Cross Blue Shield,588-901-9394x349,2023-01-29
P_02551,David King,1974-10-05,52,Male,O+,591.759.3675,"4575 Jade Stream Apt. 133, Bradyfurt",Humana,2203415583,2024-04-17
P_02552,Savannah Terry,1982-10-05,44,Female,O-,(246)831-2128x33109,"512 Maldonado Ridge, New Gregoryland",Blue Cross Blue Shield,290.600.9132x53112,2023-12-05
P_02553,Michael Wilkerson,1958-10-05,68,Male,A-,700.531.8513x250,"46585 Cox Burg, Port Justin",UnitedHealthcare,001-260-241-1037x4086,2024-09-16
P_02554,Ryan Martinez,1982-10-05,44,Male,B-,(464)797-8443x7610,"5287 Joseph Path Apt. 341, Tommyshire",Blue Cross Blue Shield,992-391-2684,2023-12-02
P_02555,Katherine Jones,1961-10-05,65,female,AB+,2796851921,"969 Crystal Valleys, South Ryanborough",Aetna Health,231-475-2303x526,2023-02-19
P_02556,Donald Jordan,1955-10-06,71,Male,B-,(463)657-3462x3216,"753 Nancy Point, Antoniobury",Aetna Health,+1-642-335-0333x656,2023-05-19
P_02557,Sonya Cruz,1983-10-06,43,Female,A+,(830)392-7078,"087 Carrie Falls, Kirstenshire",UnitedHealthcare,001-590-463-9677,2023-08-01
P_02558,Courtney Villa,1968-10-05,58,Female,O+,(351)912-6833,"01719 Mary Lodge Suite 174, Maryside",Humana,4999741649,2024-05-31
P_02559,Glenn Cooper,1975-10-06,51,MALE,B+,319.442.6021,"785 Barry Club Suite 780, Harrismouth",Medicaid,(923)481-2778x4016,2024-10-28
P_02560,Jillian Medina,1942-10-05,84,Female,A-,(913)866-2628x7344,"98211 Cory Ville, Bridgettown",Cigna,+1-312-660-2532x48405,2023-06-06
P_02561,Alexander David,1993-10-05,33,Male,A+,(965)806-4823,,UnitedHealthcare,211-668-6698,2023-09-27
P_02562,Sarah Bauer,2002-10-05,24,Female,AB-,001-916-980-4050x922,"663 Gomez Route, North Albert",Blue Cross Blue Shield,570-531-9416x444,2024-07-03
P_02563,Gabriel Holloway,1962-10-05,64,Male,AB-,524-967-0845x0437,"256 Corey Station, Terryport",Aetna Health,+1-253-318-2467,2023-10-15
P_02564,Kristina Hall,1994-10-05,32,Female,B+,(243)921-8126x415,"7576 Marissa Fall Apt. 135, West Eugene",Medicaid,001-482-769-6195,2023-05-17
P_02565,Taylor Alexander,2001-10-05,25,Female,A-,713.662.2767x92790,"31794 Hernandez Valleys, Lake Ricky",Aetna Health,669.605.0731,2024-02-15
P_02566,Charles Carter,2002-10-05,24,Male,O-,263-595-2466x3216,"073 Davidson Wells, Coryborough",Medicare,327.644.9750,2023-07-22
P_02567,Charlotte Mays,1964-10-05,62,Female,AB-,688-509-7901,"57400 Samantha Drives Suite 330, Port Chaseburgh",Humana,001-288-209-2882,2024-03-14
P_02568,Erin Daniels,2008-10-05,18,Female,AB-,(491)487-5946x2613,"8280 Noah Court, Allentown",Humana,5276134625,2024-05-04
P_02569,Jeffrey Rivera,1998-10-05,28,Male,A+,(504)510-2680,"769 Williams Points, Jacksonbury",Blue Cross Blue Shield,695.517.8801,2024-10-19
P_02570,Carrie Watts,1972-10-05,54,Female,B+,(488)719-8264,"2448 Lee Roads, Ruizville",Aetna Health,365-710-0180x35672,2023-09-22
P_02571,Alexander Shannon,1938-10-05,88,Male,AB+,001-983-852-7561x713,"77041 Nancy Locks Apt. 487, New Catherineborough",Medicare,(372)456-3700x825,2023-05-15
P_02572,Rebecca Adkins,2006-10-05,20,Female,B+,,"3362 Justin Road Suite 289, Colemantown",UnitedHealthcare,(247)953-2557x3824,2023-06-16
P_02573,Melissa Robles,1976-10-05,50,Female,AB+,828-599-8855x05920,"0679 Anthony Dale, Sarahfort",Cigna,+1-287-532-1628x230,2024-02-28
P_02574,Lisa Grant,1957-10-05,69,Female,O-,842-819-2364,"45894 Wright Drive Suite 357, Shawnville",UnitedHealthcare,,2024-05-02
P_02575,Michelle Lucas,1941-10-05,85,Female,B+,756.865.7262,"5859 Stokes Shore, Philipton",UnitedHealthcare,510.685.7880x04598,2024-09-07
P_02576,Linda Kirby,1970-10-05,56,Female,O-,464.643.2907x658,"898 Valenzuela Turnpike Suite 985, Kaitlynstad",Aetna Health,6677814464,2024-07-03
P_02577,Kurt Baker,1973-10-05,53,Male,AB-,+1-859-910-6153x4336,"288 Tanya Causeway, Villarrealland",Medicaid,6848824179,2023-03-07
P_02578,Jacqueline Gallegos,1978-10-05,48,Female,AB+,,"51327 Vincent Views, West Erica",Cigna,466-722-3088x6158,2024-02-08
P_02579,Brandon Lopez,1956-10-05,70,Male,B-,+1-559-375-2357x965,"170 Wells Rue Suite 409, South Nicole",Medicare,001-702-842-0119x702,2024-05-12
P_02580,Jamie Williams,2006-10-05,20,Other,A-,001-838-963-6057x4707,"10051 Christopher Shores, South Jennifer",Medicaid,(713)786-7293x83586,30-03-2023
P_02581,Austin Nicholson,1975-10-06,51,Male,A+,948.555.0563x53067,"10734 Brittany Tunnel Suite 411, Wilkinsville",Cigna,493.786.3085,2024-07-20
P_02582,Manuel Thomas,1959-10-06,67,Male,A+,612.328.1618x23329,"0078 Rodriguez Throughway Apt. 577, Austinview",Humana,319-405-0783,2024-05-11
P_02583,Caroline Sharp,2001-10-05,25,  Female  ,AB-,001-566-387-2936,"680 Debra Villages Apt. 052, East William",Aetna Health,(941)825-6374,2024-09-26
P_02584,Jeffrey Jones,1961-10-05,65,Male,O-,607-308-7371x1617,"2700 Romero Walks, East Justin",Medicare,+1-297-416-2834x75480,26-06-2023
P_02585,Derrick Reynolds,1972-10-05,54,Male,AB+,426.508.8601x6072,"89520 Kara Roads Suite 900, Lake Wandaside",Aetna Health,410.591.2676x181,2023-06-17
P_02586,Alexis Harris,1989-10-05,37,Female,AB+,001-639-381-0357,"15770 Perez Alley, Lake Christineside",Medicaid,629.213.1031x6309,2023-11-25
P_02587,Christine Navarro,1972-10-05,54,Female,B-,001-693-664-5885x693,"8858 Barnett Square, Port David",Aetna Health,,02-01-2023
P_02588,Kyle Carroll,1946-10-05,80,Male,O-,501-923-6166x033,"588 Davis View, Robertmouth",Medicaid,712.234.1577,2023-01-19
P_02589,David York,1998-10-05,28,Male,AB-,+1-441-369-9307x7123,"5092 Anthony Parkways, Mayborough",Medicaid,522.977.0155x9005,2023-06-20
P_02590,Annette Johnson,1978-10-05,48,Female,AB-,001-681-467-7208x096,"67296 Jeffrey Lights Apt. 953, West Cassandra",Aetna Health,506.379.4673,2024-09-18
P_02591,Sean Little,1971-10-06,55,Male,B-,+1-484-866-1339,"918 Jessica Walks, Jacobview",Aetna Health,+1-825-845-2524x161,2023-07-06
P_02592,Jonathan White,1998-10-05,28,Male,B+,695.317.4518,"67334 Callahan Manor, South Angelica",Aetna Health,+1-592-465-4952x7971,24-05-2024
P_02593,Dale Jones,1981-10-05,45,Male,A-,310.333.7336,"3169 Jennifer Union, East Brenda",Aetna Health,+1-783-425-5011,2024-02-13
P_02594,Robert Levy,1965-10-05,61,Male,AB+,+1-838-625-3077x60132,"14906 Joseph Mountain, East Sarah",Blue Cross Blue Shield,767.305.3610,2023-06-11
P_02595,Mackenzie Davis,1985-10-05,41,Female,AB-,749.307.2825,"9061 Contreras Freeway Apt. 996, East Jeremymouth",Humana,(453)439-7190,2023-06-05
P_02596,Cindy Lopez,1969-10-05,57,Female,B+,884-560-0603x008,"9992 Jensen Greens Apt. 898, New Nathanfurt",Humana,8914894420,2023-06-07
P_02597,Isaiah Diaz,1999-10-06,27,Male,AB+,+1-419-830-5675x147,"904 Jackson Bridge Suite 688, Williamville",Medicaid,001-503-731-7180,2024-01-22
P_02598,Robert Mccall,1965-10-05,61,Male,A-,(945)546-5339x91603,"25117 Patricia Flat, Snyderfort",Aetna Health,001-712-749-2085x554,2023-04-10
P_02599,Angela Davis,1991-10-06,35,Female,B-,+1-475-343-8709x83783,"93738 John Trafficway, South David",Cigna,727.590.3322,2024-08-10
P_02600,Thomas Phillips,2003-10-06,23,  Male  ,B+,400-589-1458,"860 Evans Summit, South Timothy",Humana,(494)772-1412x702,2023-06-05
P_02601,Rebecca Burch,1964-10-05,62,  Female  ,B+,+1-828-765-5902x7671,"489 Theodore Divide, Keystad",Humana,(418)381-4313x328,2023-04-26
P_02602,Wayne Jones,1969-10-05,57,Male,A+,310.973.0555x4139,"6421 Chelsea Trail, Donaldview",Blue Cross Blue Shield,(588)482-2707x343,2024-02-16
P_02603,Ryan Case,1970-10-05,56,Male,AB+,,"4491 Morrow Expressway, New Brian",Humana,(214)858-6247x574,2023-03-01
P_02604,Jason Reyes,2004-10-05,22,Male,O-,001-977-456-4346x820,"04346 Howard Underpass Suite 004, South Jonathan",Medicare,001-286-613-3708,2024-02-02
P_02605,Shannon Nelson,1972-10-05,54,Female,AB+,(806)873-6324x203,"48201 Brewer Isle Suite 628, Sandrafort",Humana,001-377-838-1341x6427,2024-02-02
P_02606,Thomas Mendoza,1971-10-06,55,MALE,B+,493-928-4438,"968 Charles Mountains Suite 827, Vazquezside",Blue Cross Blue Shield,001-710-814-9820x22507,2023-05-13
P_02607,Robert Schmidt,1947-10-06,79,Male,B+,(616)363-4255x439,"52873 Christopher Valley Suite 682, East Justinborough",Blue Cross Blue Shield,,2023-07-03
P_02608,Charles Martin,1979/10/06 00:00:00,47,Male,B-,+1-600-831-9102x65421,"1647 Laura Junction Apt. 938, Glennport",Humana,4082879174,2024-09-18
P_02609,Cassie Nguyen,1945-10-05,81,Female,A-,001-236-838-0310x6213,"29063 Gill Squares Apt. 136, Port Michael",Blue Cross Blue Shield,576.442.6493x9071,04-08-2024
P_02610,Sabrina Lowe,1993-10-05,33,Female,AB+,653.635.7361x0508,"8443 Davis Point, Mcdanielbury",Medicaid,+1-385-785-1299x06500,2024-02-21
P_02611,Larry Hawkins,1965-10-05,61,Male,A+,(488)766-0956,"499 Ross Wells, Lewisburgh",Blue Cross Blue Shield,938-505-8037x6650,2023/07/23 00:00:00
P_02612,Susan King,05-10-1976,50,Female,A+,383.448.3037,"845 Swanson Cliffs Apt. 742, East Elizabethside",Blue Cross Blue Shield,(581)408-8438,2023-06-22
P_02613,Lori Carrillo,1972-10-05,54,Female,B-,001-932-813-1910x752,,Humana,(517)726-0821,2023/07/18 00:00:00
P_02614,Christopher Knapp,2005-10-05,21,Male,B-,001-323-910-7846x6956,"232 Clark Point, Lake Thomas",Medicaid,001-297-841-3973x177,2023-07-03
P_02615,Jessica Torres,1970-10-05,56,FEMALE,B+,+1-604-585-8452x11294,"0062 Dana Square Suite 488, New Andrewfurt",Cigna,3768045650,2024-03-03
P_02616,Terry Fitzpatrick,1968-10-05,58,Male,O-,001-657-731-9684x7081,"237 William Trafficway, Port Michelle",Humana,553.325.6589,2024-03-18
P_02617,Christine Aguirre,1995-10-06,31,Other,B-,001-201-291-3468,"9155 Meyers Tunnel, Brownchester",Humana,561.651.8193x3104,2024-07-23
P_02618,James Harvey,1961-10-05,65,Male,O-,816.338.1288,"809 Kevin Rapid Suite 457, Kaylashire",Medicare,+1-794-673-8802,2023-07-28
P_02619,Alicia Butler,2006-10-05,20,Female,  O+  ,+1-619-477-5556x779,"9090 Andrews Rue, Johnton",Aetna Health,(465)555-1971x718,2024-10-08
P_02620,Mrs. Mckenzie Williams,1983-10-06,43,FEMALE,A-,+1-415-427-7870,"854 Rachael Oval Suite 234, Lake Donaldberg",Blue Cross Blue Shield,981-998-9240,2023-11-09
P_02621,Vincent Nunez,1973-10-05,53,Male,B-,+1-663-864-5895,"60890 Hogan Mountains Apt. 422, Port Jefferyville",Cigna,001-655-309-0230x750,2023-06-10
P_02622,Joshua Hernandez,1943-10-06,83,Male,B+,5408899753,"896 Steele Estates Apt. 490, South Madelineborough",Medicare,(435)447-0408x0639,2023-08-18
P_02623,Cody Baxter,1968-10-05,58,Male,O-,(646)221-2999x44507,"965 Timothy Manor, Port Davidville",Medicare,530-302-8306x6862,2023-01-21
P_02624,Julia Herrera,1989-10-05,37,Female,B+,508.882.4141,"045 Simmons Via Apt. 738, South Tracyport",Blue Cross Blue Shield,642.676.8551x4612,2024-10-06
P_02625,Heather Smith,1940-10-05,86,Female,B+,(382)716-1352x64259,"39748 Amanda Station Suite 700, Austinhaven",Medicare,934-451-7929x687,2023-09-11
P_02626,Joshua Cisneros,1946-10-05,80,Male,O+,244.537.6627x72864,"34926 Kristin Divide, West Laura",Medicaid,788-832-4526,2023-04-24
P_02627,Kelsey Johnson,1972-10-05,54,Female,B+,+1-776-747-4946,"06985 Cochran Walks, New Darin",Cigna,784-749-2336,2023-12-25
P_02628,Andrew Rodriguez,1962-10-05,64,Male,O+,(934)513-0167x250,"83651 Chandler Drive, Port Megan",Medicaid,970.470.3369x22494,2024-01-21
P_02629,Nicole Reyes,1941-10-05,85,Female,B+,,"28093 Diaz Corner Suite 105, Martinview",UnitedHealthcare,(490)874-3389,2024-08-11
P_02630,Janet Stuart,1971-10-06,55,Female,B+,293-699-2015,"15068 Manning Points, Lake Latoya",UnitedHealthcare,+1-314-895-1294x2266,2024-08-02
P_02631,Jennifer Smith,1966-10-05,60,Female,O-,+1-492-982-6550x9348,"467 Pamela Way, South Edward",Cigna,+1-274-840-1216x106,2024-10-05
P_02632,Joshua Becker,1942-10-05,84,MALE,O-,240.769.4221x81341,"88123 Lopez Trail Suite 527, Jonesfurt",Aetna Health,+1-550-687-2800x8839,2023-01-24
P_02633,Mary Carter,1995-10-06,31,Female,O+,829.399.2335x3643,"322 Ortiz Hill, South Alyssa",Medicare,671.764.0612,2024-03-24
P_02634,Hayden Finley,1943-10-06,83,Male,O-,375.475.2515x656,"81073 Ronnie Field, East Carol",UnitedHealthcare,(322)346-2718,2024-04-13
P_02635,Sean Hogan,1941-10-05,85,Male,A-,917.291.7079x5368,"889 Marshall Rapids, Burchfurt",Medicaid,750.256.7539x5274,2023/10/19 00:00:00
P_02636,Daniel Peterson,1944-10-05,82,Male,B-,(843)584-5711,"039 King Vista Apt. 249, East Lisa",UnitedHealthcare,690.382.1127x293,2023-04-26
P_02637,Janet Hernandez,1982-10-05,44,Female,A-,(902)380-4306x63817,"31451 Ronald Manor Suite 967, Lake Jeremystad",Medicare,(529)628-9237x1060,2024-08-18
P_02638,Shane Stewart,1999-10-06,27,Male,B+,291.980.7320,"8846 Johnson Corners, West Janice",Cigna,768-676-0947x42306,2023-10-24
P_02639,Michael Gutierrez,1978-10-05,48,Male,A+,001-696-409-7952x5521,"512 Lynch Canyon Suite 109, Martinview",Aetna Health,473-662-8053,2023-06-25
P_02640,Amanda Roberts,1988-10-05,38,  Female  ,A+,+1-907-257-1968x6176,"91324 Jimenez Lodge Suite 817, Vincentmouth",Blue Cross Blue Shield,354-487-9253x141,2023-10-24
P_02641,Joan Grant,1943-10-06,83,female,B-,695-386-7237x811,"51840 Galvan Fords, Kimberlyton",Blue Cross Blue Shield,+1-787-786-8786x8953,2024-01-03
P_02642,Katherine Hurley,1967-10-06,59,Female,AB-,593-839-3093x67607,"403 Sutton Valley, West Richard",Medicare,+1-816-927-3083x120,2024-11-12
P_02643,Deborah Anderson,1962-10-05,64,Female,O-,526.819.4112,"8345 Todd Way, Mooreview",UnitedHealthcare,+1-333-665-3339x02965,2024-09-25
P_02644,William Perez,1947/10/06 00:00:00,79,Male,O-,762.816.9585,"033 Hunt Lodge, Matthewburgh",Humana,400-957-3573x795,2023-08-31
P_02645,Julie Rogers,1997-10-05,29,Female,O+,,"5760 April Lodge Suite 826, Charlestown",Humana,+1-658-993-5093x9711,2023-02-17
P_02646,Joel Fowler,1989-10-05,37,Male,AB-,945.642.7722x14443,"1625 Ford Cove Apt. 993, New Christine",Medicare,001-681-949-5292,2023-07-28
P_02647,Jennifer David,05-10-1952,74,Female,AB+,001-241-876-8415x1700,"268 Reed Pass Suite 410, Lake Jenniferfort",Medicare,(922)816-6548,2023-07-16
P_02648,Lori Peterson,1944-10-05,82,Female,O-,+1-415-996-6849,"562 Luke Hills, Johnsonstad",Aetna Health,001-283-852-5789,2023-01-20
P_02649,Rhonda Cook,1995-10-06,31,Female,O+,001-858-821-4308,"1742 Armstrong Prairie, West Monica",UnitedHealthcare,+1-386-627-8629x158,2024-10-08
P_02650,Elizabeth Briggs,1952-10-05,74,Female,AB+,374.242.7513,"10071 Robinson Forks, North Jameschester",Aetna Health,977.211.3320x428,2023-11-07
P_02651,Jasmin Rios,1968-10-05,58,Female,O+,(433)826-6205x2562,"53972 Robert Course Suite 916, Perryberg",Humana,+1-455-402-9406,2024-03-08
P_02652,Terry Johnson,1988-10-05,38,Male,AB-,925-714-9746x349,"3749 Hobbs Crossroad, Jacobmouth",Medicaid,(808)884-7071x17633,2023-05-10
P_02653,Mary Brown,1977-10-05,49,Female,B+,459-747-2841,"3001 Richard Wells Suite 600, Williamport",Humana,(551)460-9117x949,2024-03-11
P_02654,Michele Chavez,1989-10-05,37,Female,  AB+  ,759-655-4717,"19788 Christopher Prairie Apt. 904, East Victor",Medicare,(919)578-7282x1747,2023-08-09
P_02655,Daniel Ramos MD,1968-10-05,58,Male,AB+,979-361-6766,"1871 Brandon Mills Apt. 758, Murphymouth",Cigna,001-561-690-2279,2024-02-03
P_02656,John Blankenship,1966-10-05,60,Male,B-,585.918.8513x63621,"311 Mendoza Flat Suite 556, South Ashley",Medicaid,479-844-0333x670,2023-12-01
P_02657,Dale Gates,1945-10-05,81,Male,AB-,(910)235-2331x9072,"33894 John Flat, Jonesland",Aetna Health,+1-301-796-2260,2023-05-21
P_02658,Steve Bautista,2005-10-05,21,Male,B+,,"49859 Stephen Walks, East Jared",Blue Cross Blue Shield,668.832.6886x219,2023-09-13
P_02659,Austin Price,1976-10-05,50,Male,O-,808-725-7269x67745,"33563 Arnold Mills Suite 233, Vargasmouth",Medicare,001-417-845-0335x7177,2024-10-17
P_02660,Vanessa Davis,1963-10-06,63,Female,AB-,562-920-5615x9980,"30393 Clinton Drive Suite 431, Guzmanstad",Medicaid,+1-282-452-2299x11840,2024-07-12
P_02661,Charles Snyder,1965-10-05,61,Male,AB+,646.448.1868,"3799 Christensen Freeway Apt. 528, Nancychester",Aetna Health,(468)565-1890x247,2023-06-25
P_02662,Susan Holmes,1997-10-05,29,Other,AB-,376.593.9980x682,"5170 Michael Skyway, North Stephanie",Medicare,693-378-0850x7900,2023-04-29
P_02663,Cathy Thomas,1997-10-05,29,Female,A+,396-293-8102,"1858 Kristin Summit, South Carrie",UnitedHealthcare,+1-958-446-7842,2023/12/11 00:00:00
P_02664,Jerry Morrison,1981-10-05,45,Male,B-,925.507.5320x81593,"13357 Lucas Isle Apt. 652, Lake Matthewbury",Humana,001-905-204-5804,2023-11-11
P_02665,Shane Weaver,05-10-1949,77,Male,AB+,001-730-359-9755,"28698 Laura Canyon, West Kelly",Blue Cross Blue Shield,3037150780,2023-11-01
P_02666,Jared Gallagher,1989-10-05,37,Male,AB+,313-618-4803x282,"7810 Durham Plains, Elizabethmouth",UnitedHealthcare,768-831-0846,2024-08-07
P_02667,Mark White,1970-10-05,56,Male,B-,(545)745-4191,"4227 Richard Plaza Apt. 284, West Ashley",Blue Cross Blue Shield,+1-485-810-1771x1467,2024-07-01
P_02668,Tanya Ruiz,1958-10-05,68,Female,B-,772.218.7735,"936 Reynolds Ridge Suite 017, Tinashire",Humana,(766)322-3462x9791,2023-03-12
P_02669,Deborah Johnson,1976-10-05,50,Female,B+,001-817-378-8600x9391,"610 Robbins Ramp Suite 441, Knightborough",Humana,+1-981-629-0421x40801,2023-02-08
P_02670,Roger Fox,1970-10-05,56,Male,AB+,661.228.1327,"04637 Ellis Fields Suite 357, Smithview",Humana,5155035394,2024-05-01
P_02671,Tony Farmer,1973-10-05,53,Male,O-,294-995-6378,"1598 Beck Trail Suite 317, Katherineport",Cigna,362.812.2866x516,2023-11-17
P_02672,Anita Davidson,1984-10-05,42,Female,O-,001-330-263-6030x482,"68991 Crystal View, Gomezmouth",Humana,001-306-703-2099,2023-12-02
P_02673,Bobby Johnston,10/05/1974,52,Male,O-,464-460-9238x55328,"4141 Ashley Streets Suite 669, Kristinatown",Aetna Health,541.484.3606x43809,2023-04-20
P_02674,Erik Ward,1962-10-05,64,Male,O+,,"098 Fuentes Dale Suite 894, Kathymouth",Aetna Health,531-690-5599x81885,2024-05-05
P_02675,Nathaniel Hart,1958-10-05,68,Male,O+,(890)807-2749x591,"841 Curtis Hills, Dianaton",Aetna Health,+1-274-205-2257x25913,2023-08-18
P_02676,Sandra Clark,1940-10-05,86,  Other  ,AB-,001-775-529-9455x827,"2371 Steven Island, New Jillianbury",Blue Cross Blue Shield,(895)384-1635x96795,2023-09-26
P_02677,Amanda Smith,2008-10-05,18,Female,O-,2229848793,"377 Kelley Crescent Apt. 324, Fritzland",Aetna Health,535.765.8608x822,2024-09-01
P_02678,Jennifer Osborn,1953-10-05,73,Female,B+,001-325-877-3475,"972 Rachael Parks, New Jeffreyborough",Blue Cross Blue Shield,228-809-8769x17497,2024-12-01
P_02679,Shannon Floyd,1966-10-05,60,Female,B+,396.212.4220x392,"614 Yvonne Crossing, Rossshire",Cigna,652-276-3096x500,2023-10-25
P_02680,Jessica Bell,1944-10-05,82,Female,O-,379-678-2294,"1231 Zimmerman Green, Port Jennifertown",Medicaid,789.277.3126,2023-11-01
P_02681,Theresa Murphy,1943-10-06,83,Female,O-,3633122555,"63172 Duffy Bridge Suite 551, Beverlyfort",UnitedHealthcare,386.536.2026,2024-01-15
P_02682,Sharon Alvarez,1956-10-05,70,FEMALE,a+,+1-525-928-3187x0450,,Aetna Health,(296)850-3820x52700,2023-04-24
P_02683,Melissa Young,1968-10-05,58,Female,a-,(894)388-2595x19110,"59307 Heather Coves, Thompsonhaven",Humana,757.474.4830x75584,2024-07-05
P_02684,Barbara Arnold,2004-10-05,22,Female,O-,9429515870,"235 Keith Cape, Lake Courtney",Blue Cross Blue Shield,(211)592-0453x157,2024-09-15
P_02685,David Blackwell,1950-10-05,76,Male,AB+,001-700-646-4567x897,"0303 Brandt Station Apt. 766, New Shannon",UnitedHealthcare,299-684-3206x89479,2024/06/25 00:00:00
P_02686,Tiffany Nichols,1978-10-05,48,Female,O+,373.674.5912x0210,"8757 Quinn Prairie, East David",Medicaid,7849416864,2023-06-13
P_02687,Veronica James,1973-10-05,53,Female,AB-,(672)891-5548x72892,"75679 Shea Park Suite 088, Port Joseph",Humana,(316)357-0083,2023-08-03
P_02688,Patrick White,1957-10-05,69,Male,O-,(623)417-5513,"7699 Browning Trafficway Suite 070, Mcmillanshire",Humana,964.307.8299x366,2024-08-14
P_02689,Emily Howell,1971-10-06,55,  Female  ,B+,(802)864-1872x389,"59206 Jackson Turnpike Apt. 180, Lake Jessicafurt",Humana,(580)696-4860x39322,2023-01-24
P_02690,Jesse Jackson,2005-10-05,21,Male,O+,890.283.4708x042,,Medicare,(882)311-0231x0380,2023-11-20
P_02691,Javier Richards,2002-10-05,24,male,A+,436.740.2208,"100 Robert Stream Apt. 126, Frenchmouth",Humana,+1-436-924-8784x8561,03-11-2024
P_02692,Lauren Davis,1979-10-06,47,Female,A+,(506)463-5542x0117,"6119 Barbara Pass, New Darren",Cigna,342.231.5306,2023-05-10
P_02693,Mark Gonzalez,1953-10-05,73,Male,B+,(531)720-1487,"6259 Madden Harbors Apt. 151, Waltersport",Humana,001-535-762-8251x540,2023-03-23
P_02694,Andrew Martinez,1940-10-05,86,Male,O+,+1-651-964-9876x7468,"2514 Burke Streets, New Charlesport",Blue Cross Blue Shield,+1-588-824-2110x70288,2023-12-24
P_02695,Lauren Price,1950-10-05,76,Female,A-,436.645.4950,"48186 Cook Row, Lake Ralphstad",Blue Cross Blue Shield,304-612-2774,2023-04-14
P_02696,Aaron Martin,1985-10-05,41,  Male  ,A-,310-781-1192,"00919 Reed Manors, Josefurt",UnitedHealthcare,001-883-944-7897x1277,2024-04-17
P_02697,Ana Johnson,1948-10-05,78,Female,A-,(678)885-3768x36168,"07693 Ford Island, Julietown",Aetna Health,001-697-823-6587,2023-05-24
P_02698,Jared Watkins,1982-10-05,44,Male,B-,240.482.2410,"36005 Hunter Path, Lake Leah",Humana,+1-250-927-4094,2023-09-09
P_02699,Ellen Christensen,10/06/1979,47,Other,O+,(859)608-8825x0660,"8268 James Wall Suite 941, Wuview",Blue Cross Blue Shield,653-393-4589x14337,2023-11-26
P_02700,Holly Griffin,1971-10-06,55,Female,O+,412.626.4787x48763,"474 Jennifer Points, South Tamara",Humana,(731)701-2343x54249,2023-03-30
P_02701,Jared Brewer,1966-10-05,60,Male,A-,369-846-8339x7131,"58816 Reed Plains, New Kennethton",Blue Cross Blue Shield,810.985.5540x7434,2024-01-01
P_02702,Justin Williamson,1948-10-05,78,Male,B+,(334)316-2762x2679,"1898 Tamara Course Apt. 741, Lake Sabrinaport",Humana,,2024-09-20
P_02703,Joshua Cabrera,1972-10-05,54,Male,B+,8902108163,"2493 Michael Causeway, East Walterland",Medicaid,(786)925-1013x215,2024-04-12
P_02704,Tiffany Anderson,1978-10-05,48,Female,AB+,590.970.7145x8223,"90950 Paula Springs, Cabreraville",Aetna Health,+1-201-559-5591x98597,12/18/2023
P_02705,Bryan Schneider,1989-10-05,37,Male,A+,001-340-582-9594x6064,"5521 Watson Valleys, South Tina",Blue Cross Blue Shield,736-397-1984,2024-11-30
P_02706,Denise Davis,1985-10-05,41,Female,O+,5638368839,"44615 Hays Lane, South Jessica",Humana,(777)402-5381,2024-10-12
P_02707,Laura Coleman,2000-10-05,26,Female,A+,247.546.1275x05036,"23017 Ward Crossing Apt. 807, Martinberg",Aetna Health,422-676-4251,2024-11-16
P_02708,Jeremy Sanchez,1993-10-05,33,Male,B+,3419312246,"696 Davis Village Suite 035, Willisfurt",Humana,354-662-2885,2024-03-05
P_02709,Ronald Benton,1974-10-05,52,Male,A-,(392)775-6571,"901 James Keys Apt. 678, Hillburgh",Medicaid,959.913.5678,2024-11-23
P_02710,Tony Anderson,1954-10-05,72,Male,A+,+1-873-507-1574x269,"5361 Leslie Fields Apt. 015, Nicolefurt",Medicare,641.455.5123,2024-08-12
P_02711,Regina Moody,1938-10-05,88,female,A+,001-264-728-9216x516,"4150 Crosby Fork, Robinburgh",Medicaid,+1-475-282-9304,2024-11-06
P_02712,Susan Miller,1943-10-06,83,Female,O-,214.521.0653,"9596 Danielle Track, Keithfort",Humana,+1-605-758-9351x67500,2023-10-12
P_02713,Stacy Gray,2000-10-05,26,Female,AB-,(448)773-4324x9238,"000 Ortiz Lodge, Millerview",Medicaid,678-396-3206x77150,2023-08-31
P_02714,Brandy Obrien,1994-10-05,32,FEMALE,A+,(725)253-9831,"7631 Anthony Falls, Martinhaven",Cigna,(773)375-6846x962,09/30/2023
P_02715,Amy Newman,1943-10-06,83,  Female  ,AB+,5244051624,"95932 Ashley View Suite 660, Lake Jessica",Humana,001-979-902-3149x951,2023-04-19
P_02716,Melissa Gillespie,1971-10-06,55,Female,O-,302.431.6283x2983,"8520 Chad Mountain, Trujillotown",Aetna Health,458.608.5997x3588,2024-06-19
P_02717,Matthew Graham,1968-10-05,58,Male,B-,001-429-481-3940x5357,"4236 Diaz Tunnel Apt. 552, Lake Evelynview",Aetna Health,001-719-479-7576x0110,2024-06-08
P_02718,Barry Moss,1986-10-05,40,Male,A+,265-394-0216x1437,"6952 Weber Forest, South Robertfurt",Medicaid,841.248.3157x8152,2023-09-15
P_02719,Erik Lynch,1957-10-05,69,Male,O+,6388910794,"596 Kevin Overpass Suite 814, Ingramshire",Blue Cross Blue Shield,+1-502-433-0521x7958,2023-12-24
P_02720,Julie Camacho,2003-10-06,23,Female,A+,248.321.2570x265,"8638 Warren Well Apt. 980, Marshallshire",UnitedHealthcare,(448)419-6684,2023-09-28
P_02721,Pamela Weiss,1955-10-06,71,Female,A+,(735)963-0975,"3806 Sean Ford, North Lisashire",Cigna,433.524.8236x88312,2023-08-27
P_02722,Adam Green,1997-10-05,29,Male,A+,8838447448,"292 Hale Overpass, Lake Jamesview",Cigna,581.848.4423x42238,2023-10-14
P_02723,Antonio Smith,1979-10-06,47,Male,AB+,(890)642-6050x57251,"3146 Kelli Parks Apt. 656, East Anthony",UnitedHealthcare,974.252.0914,2024-08-01
P_02724,Haley Wolf,2001-10-05,25,Female,AB+,+1-639-620-9227x172,"32359 Seth Circles, Johnsonstad",Blue Cross Blue Shield,430.505.5630,2024-09-28
P_02725,Rodney Haynes,1963-10-06,63,Male,O-,209-892-9010x59678,"2918 Terry Fords, Ericberg",Aetna Health,3379703295,2024-04-21
P_02726,Micheal Estrada,1986-10-05,40,Male,A-,375.795.7704x832,"23739 Gregory Wall Suite 626, South Nicolefurt",Medicare,001-431-506-8154x44445,2023-07-07
P_02727,Lori Macdonald,1978-10-05,48,Female,B-,(883)718-9712x5165,"4409 Kristi Branch, Port Jeremyburgh",Aetna Health,001-670-689-3007x142,2023-09-29
P_02728,Matthew Hull,1943/10/06 00:00:00,83,Male,AB+,477-604-5865,"0260 Adrian Pine Apt. 133, Thomasside",Medicare,674-983-4918x8747,2023-02-22
P_02729,Kenneth Graham,1984-10-05,42,Male,B+,913.329.0898x415,"2411 Kristen Landing, Port William",Medicaid,,2023-02-21
P_02730,Krista Carter,1996-10-05,30,  Female  ,a+,2933801266,,Medicaid,(309)205-4243,2023-06-05
P_02731,Tina Baker,1978-10-05,48,Female,A-,327-280-9728,"2032 Clark Mews, West Kim",Medicaid,362.399.0394,29-02-2024
P_02732,Christopher Andrews,1969-10-05,57,Male,O-,(740)672-0515x85331,"446 James Camp, North Brandonhaven",Medicaid,808.568.9903,2023-01-11
P_02733,Joe Mcknight,1975-10-06,51,Male,A+,001-561-962-2359x36629,"80208 Beltran Fall Suite 456, Steveville",Blue Cross Blue Shield,001-972-778-0272x4198,2023-05-20
P_02734,Paula Strong,1994-10-05,32,Female,B+,967-334-2142x67748,"057 Allen Stream, Amyview",Aetna Health,405.758.1863,2023-02-05
P_02735,James Bell,1943-10-06,83,Male,O-,,"8420 Gregory Rue, East Ronniemouth",Blue Cross Blue Shield,597.692.7023x7295,2024-08-02
P_02736,Daniel Hurley,1996-10-05,30,Male,AB+,(620)747-6394,"82618 Wells Lodge Suite 927, West Ashley",Cigna,349.986.0177x55622,2023-09-17
P_02737,Jessica Baker,1995-10-06,31,Female,A-,388-605-0583,"18941 Bradley Parks Suite 811, Walkertown",Medicare,366.699.3617x327,2023-06-21
P_02738,Rachel Clark,1983-10-06,43,Other,B+,687-832-5145,"0764 Jeffrey Mountains, New Cathyport",Humana,+1-597-707-0454x821,2023-02-25
P_02739,Douglas Vaughan,1951-10-06,75,Male,B+,759.793.5384x9612,"922 Heather Locks Apt. 287, North Rodneymouth",Blue Cross Blue Shield,+1-498-539-1350x8323,2023-05-15
P_02740,Kevin Blair,1996-10-05,30,Male,A-,+1-261-807-4644x3992,"04865 Nichols River, Stephenfort",Aetna Health,655.507.1810x2550,2024-08-24
P_02741,Donna Hooper,1971-10-06,55,Female,O-,327.855.5670x709,"0846 Charlene Trail, Randallstad",Aetna Health,+1-509-748-3013,2024-04-01
P_02742,Amanda Byrd,1975-10-06,51,Female,  AB-  ,211-883-2410x2464,"9890 Mcintosh Rest, Lake Donaldland",UnitedHealthcare,390-824-4136,2024-03-06
P_02743,Sharon Mills,1961-10-05,65,Female,AB+,372.307.8324x8356,"173 Deborah Mountain Apt. 918, New Tracey",Cigna,+1-933-926-8763,2023-03-22
P_02744,Jennifer Doyle,1990-10-05,36,Female,  AB-  ,(917)792-8604x7732,"820 Brown Mountain, Marytown",Medicaid,580-698-7079x19158,2023-12-20
P_02745,David Edwards,1991-10-06,35,Male,A-,(277)452-1082x19143,"967 Lori Court, South Brandonshire",UnitedHealthcare,726-589-7539,2023-04-19
P_02746,Sophia Jackson,06-10-1991,35,  Female  ,O+,808.765.8271x3367,"491 Benson Route, Port Christiemouth",Humana,+1-977-781-4658x973,2024-03-16
P_02747,Jimmy Huff,1943-10-06,83,Male,O+,682.881.9759x9230,"886 Barbara Course Apt. 487, Lake Christyfort",Humana,001-320-468-8147x9843,2023-09-19
P_02748,Tiffany Castillo,1980-10-05,46,Other,A+,886.388.0812,"9007 Clements Path, Danielton",Medicaid,675-416-7683,2024-01-24
P_02749,Jamie Gilbert,1986-10-05,40,Female,O-,001-403-259-1101x415,"829 Robert Mills, South Pattyland",Humana,604.840.4887,2024-06-07
P_02750,Brent Smith,10/05/1966,60,Male,B+,999-812-3767x72705,"2054 Stephen Tunnel Suite 690, Avilafort",Blue Cross Blue Shield,001-464-305-9044x08336,2024-05-17
P_02751,Megan Ortiz,1986-10-05,40,Female,B-,+1-664-541-6220x3468,"7716 Jose Burgs Suite 735, Josephview",Medicare,,06/25/2024
P_02752,Adriana Bradley,1950-10-05,76,  Female  ,O+,001-703-318-8135,"390 Jennifer Extension, Pamelaburgh",UnitedHealthcare,764.944.9476x61425,2023-10-13
P_02753,Whitney Turner,1994-10-05,32,Female,O+,6974512417,"0920 Bryan Corners Suite 228, Zoeberg",UnitedHealthcare,271-652-7636x6870,2024-08-10
P_02754,Joshua Cain,1973-10-05,53,Male,B+,+1-447-420-7695x368,"987 Kristen Ville, Rollinsfort",Aetna Health,7364758813,2023-01-10
P_02755,Megan Bell,1956-10-05,70,Female,A+,2767595590,"849 Smith Mountains, Lake Jeffreyport",Aetna Health,7524941914,2024-01-03
P_02756,Allen Ryan,2002-10-05,24,Male,AB+,(806)480-8636,,Cigna,(269)387-3526x909,2024-06-15
P_02757,Manuel Walters,1996-10-05,30,Male,A-,(548)541-1994x756,"332 Michael Ridges Apt. 071, South Edwardchester",Blue Cross Blue Shield,656-529-2122x106,2023-01-05
P_02758,Terry Montes,2000-10-05,26,Male,B+,001-962-570-4648x78278,"658 Jason Lane Apt. 062, Gibsonhaven",Humana,+1-428-538-8129x856,2023-04-05
P_02759,Angela Watson,1988-10-05,38,Female,O-,(395)802-2679x69917,"9487 Christopher Islands Suite 738, Andersonfort",Cigna,535-776-5939x6218,2024-04-12
P_02760,Timothy Horn,1943-10-06,83,Male,A-,001-449-516-1612x6681,"5764 Danielle Roads, New Gerald",Humana,(579)838-5735x9405,2023-12-11
P_02761,Hunter Wilson,1984-10-05,42,Male,  AB+  ,6616163894,"02493 Schwartz Trail, Garciaside",Cigna,001-482-227-5326x261,02/11/2023
P_02762,Jessica Williams,1957-10-05,69,Female,A-,001-676-847-6722x4548,"08483 Emily Course Apt. 214, Lake Jaime",Blue Cross Blue Shield,653-675-0219x032,2023-09-08
P_02763,Sara Hall,1992-10-05,34,Female,AB-,+1-224-857-7833x7937,"298 Bentley Haven, Collierburgh",Cigna,611-432-0815,2024-09-10
P_02764,Paul Smith,10/05/1956,70,MALE,A+,996-784-6873,"68143 Valdez Glen Suite 401, Brandonberg",Aetna Health,243-526-3509x26369,2023-11-13
P_02765,Joshua Williams,10/05/2000,26,Male,B-,576.430.3271x843,"0708 Smith Heights Apt. 976, East Jonathanville",UnitedHealthcare,+1-517-238-6355x63155,2024-01-07
P_02766,Penny Cruz,1984-10-05,42,Female,AB+,001-907-367-2809x50483,"290 Young Grove, Dillonland",UnitedHealthcare,639-642-5775x1382,2024-08-11
P_02767,Christopher Cooley,1977-10-05,49,Male,B+,354-962-6657x540,"94403 Edward Brooks, Vanessastad",UnitedHealthcare,+1-542-414-1067x943,2023-02-24
P_02768,Courtney Burton,1938-10-05,88,Female,B+,001-406-652-3211x32304,"149 Shawn Park Apt. 339, New Brenda",Aetna Health,001-753-658-1619x2036,2023-04-04
P_02769,Veronica Melendez,1941-10-05,85,Female,B+,(328)591-1626x117,"33168 Wilson Crest, Harrismouth",Medicare,854-292-7651,2023-10-23
P_02770,Alyssa Palmer,1967-10-06,59,Female,AB-,001-469-274-4625x653,"435 Smith Mill, Lisaport",Aetna Health,917-388-0071x9210,2023-03-13
P_02771,Marc Hines,1963-10-06,63,Male,B+,001-282-838-6042x0190,"473 Dougherty Circle Suite 164, Port Williamshire",Aetna Health,574.431.5772x38521,2023-07-17
P_02772,Amanda Powell,1983-10-06,43,Female,B+,(599)247-5937x7757,"621 Natasha Orchard Suite 167, South Jennifer",Medicaid,724.882.7210,2023-06-13
P_02773,Amber Anderson,1967-10-06,59,Female,AB-,001-701-555-5015x538,"934 Sandoval Inlet, Contrerasfurt",UnitedHealthcare,+1-234-217-2191x58792,2023-03-13
P_02774,Roberto Mason,2008-10-05,18,Male,B+,(664)519-4197,"271 Charles Mountains Apt. 459, Port Chloeberg",Aetna Health,,2023-02-02
P_02775,Stephen Zimmerman,2007-10-06,19,Male,B-,+1-869-910-8511x97664,"96140 Kevin Light, West Scottport",Medicaid,001-436-471-5283x26426,2023-03-29
P_02776,Jason Smith,2004-10-05,22,Male,B+,+1-314-217-6256x320,"094 Dyer Light, Priceshire",Medicaid,(596)967-1496,2023-06-29
P_02777,Tracy Rivera,1995-10-06,31,Female,AB-,,"633 Carrie Squares Apt. 026, Patricialand",Blue Cross Blue Shield,+1-709-890-5589,2024-11-01
P_02778,Rhonda Howard,1947-10-06,79,Female,AB+,(438)872-1477x008,"000 Robert Shores, Kingview",UnitedHealthcare,(982)912-2797x65301,2023-08-18
P_02779,Tasha Harper,1975-10-06,51,Other,O+,+1-234-457-4652x3208,"1333 Julie Land Suite 610, Michellemouth",Aetna Health,,2023-05-28
P_02780,Joshua Mcgee,1999-10-06,27,Male,A+,742.245.9056x416,"1437 Robertson Field Apt. 254, Jeremytown",UnitedHealthcare,6692466670,2023-04-01
P_02781,Dr. Jordan Campos DDS,1940-10-05,86,Female,B+,(489)226-5895x1725,"66191 Drew Parkways, Stronghaven",UnitedHealthcare,+1-426-343-0237,2023-11-13
P_02782,Victoria Gross,2001-10-05,25,female,B+,427-533-6472,"39282 Keith Islands Apt. 876, Port Johnshire",UnitedHealthcare,748-490-2423,2024-02-24
P_02783,Jamie Berry,1956-10-05,70,Female,O+,,"730 George Forks Apt. 178, Judithland",Medicare,001-582-860-4859x13130,2024-11-15
P_02784,Lindsay Chavez,1969-10-05,57,Female,O+,001-979-910-6203x64600,"56448 Day Mission Suite 886, East Ashleymouth",Aetna Health,+1-606-945-4660x964,2024-02-01
P_02785,Dr. Vanessa Brooks,1941-10-05,85,Female,O-,(200)797-7537x38935,"648 Anthony Fords Suite 863, Johnsland",Medicaid,6056796483,2024-02-23
P_02786,Nicole Stephenson,1966-10-05,60,Female,A+,837.966.6991,"43976 Lisa Freeway, Grantland",Cigna,+1-911-750-2381x8446,2023-03-24
P_02787,Darlene Johnson,1985-10-05,41,Female,AB+,301-612-8507x969,"0492 Bennett Oval Apt. 413, South Nicole",Medicaid,001-680-614-3555x095,2023-04-22
P_02788,Laura Rogers,1986-10-05,40,Female,AB+,+1-459-486-4924x4983,"4664 Stewart Square, East Jenniferstad",Blue Cross Blue Shield,001-741-740-5759,2023-10-06
P_02789,Stephen Rodriguez,1969-10-05,57,Male,AB-,528-701-5115,"0384 Conner Mountains, Denisemouth",Humana,,2023-04-24
P_02790,Omar Taylor,1971-10-06,55,Male,AB+,001-909-357-5022,"6093 Shawn Gateway Apt. 864, Millsfurt",Medicaid,(797)712-8405,2023-12-31
P_02791,Brittany Anderson,1969-10-05,57,Female,A-,001-572-597-0278x6491,"614 Everett Stravenue, Greenville",Humana,358-899-2540x26427,2023-10-17
P_02792,Ashley Valenzuela,1965-10-05,61,Female,a-,(237)433-6860x204,"34579 Roach Plains Suite 199, New Lindaville",Medicaid,301-745-0616,2023-07-20
P_02793,Clinton Erickson,1960-10-05,66,Male,B-,696-406-1449,"27754 Chandler Viaduct, New Barbaramouth",UnitedHealthcare,352.427.4164x71992,2024-03-15
P_02794,Andrea Leonard,1944-10-05,82,Female,AB+,,"1557 Hall Underpass, Bakerberg",Medicaid,937-391-1569,2023-03-08
P_02795,Timothy Johnson MD,1982-10-05,44,Male,A-,001-640-876-6979x17837,"80367 James Canyon Suite 915, Nicholastown",Humana,(901)954-8272x20069,2023-01-19
P_02796,Douglas Lin,2005-10-05,21,Male,AB+,+1-990-708-6467x5280,"01429 Hudson Pines Suite 793, West David",Blue Cross Blue Shield,+1-713-891-4054,2024-01-15
P_02797,Christopher Clarke,2003-10-06,23,Male,O+,+1-440-918-9805x388,"61185 Monroe Park, Vargasmouth",Blue Cross Blue Shield,524-417-9843,2024-02-16
P_02798,Patricia Turner,1973-10-05,53,female,O+,692-424-5064,"416 Bernard Extension, North Philipfort",Blue Cross Blue Shield,802-520-9924x60762,2024-10-19
P_02799,Jerry Bradley,1959-10-06,67,Male,O-,(556)512-8539,"32008 Bobby Street, Amytown",Medicaid,,2023-07-26
P_02800,Joseph Mcdonald,2007-10-06,19,  Male  ,O-,(247)327-5819,"8500 Charles Point Apt. 773, South Justintown",Humana,001-275-556-3400,2023-01-14
P_02801,Stephanie Baker,1974-10-05,52,Female,O-,744.589.4731x97887,"568 Jermaine Club, Lake Krystalfort",Humana,(576)239-5321x151,2023-04-12
P_02802,Sara Torres,1957-10-05,69,Female,B+,(764)399-8959x56287,"42866 Cheryl Squares Apt. 029, Travisberg",Humana,+1-735-953-3605x369,2024-02-02
P_02803,Veronica Andrade,1941-10-05,85,Female,AB+,602.338.5451,"7922 Rodney Alley, New Brandonton",Blue Cross Blue Shield,3376730871,2023-02-22
P_02804,Stephanie Ward,1946-10-05,80,Female,A+,883.497.4695,"5582 Benjamin Field, Johnview",Cigna,+1-530-224-3909,2023/12/03 00:00:00
P_02805,Maria Thomas,1989-10-05,37,Female,A-,,"0774 Taylor Burgs, Josephview",Blue Cross Blue Shield,9373103795,2023-12-12
P_02806,Carol Hernandez,1973-10-05,53,Female,A+,435.934.5811x6657,"106 Bentley Port, Christinamouth",Medicare,223-666-2374,2024-03-30
P_02807,James Holland,1941-10-05,85,Male,O+,775-371-5877x00693,"1268 Carl Road Apt. 239, Davidburgh",Blue Cross Blue Shield,001-383-753-1855x775,2023-08-21
P_02808,Daniel Yates,1967-10-06,59,Male,B+,+1-724-284-3580x72317,"12809 Olson Forges Suite 205, Lake Travishaven",Aetna Health,426-537-3023x55337,2024-09-22
P_02809,Jonathan Ewing,1966-10-05,60,Male,O-,(498)841-5091,"33739 Aaron Mews, North Jonathantown",Humana,830-244-5762x3232,2024-01-29
P_02810,Jeremy Shea,1982-10-05,44,Male,O+,6804945025,"461 Flores Row Apt. 741, East Alanville",Medicaid,+1-835-599-2271x59576,2023-08-21
P_02811,Erin Hopkins,2005-10-05,21,Female,AB-,+1-903-362-4089x62302,"10082 Joshua Burg Apt. 591, New April",Humana,001-738-844-5149x318,2023-10-21
P_02812,Mikayla Galvan,1997-10-05,29,Female,AB+,+1-771-624-4433x828,"262 Jones Plains Apt. 961, New Michaelburgh",Aetna Health,777-603-0544,2023-06-23
P_02813,Donna Brooks,1948-10-05,78,Other,A-,(458)214-4542,"0401 Courtney Trace, Carriefort",Medicare,(222)645-6878x1054,2023-06-16
P_02814,Lauren Burton,1969-10-05,57,FEMALE,O-,001-928-239-2853,"5077 Tracy Prairie, Port Annville",UnitedHealthcare,9914176263,2024-01-27
P_02815,Amanda Lowe,1980-10-05,46,Female,AB-,+1-619-440-9368x513,"49294 Frey Union Suite 399, Justinfort",Blue Cross Blue Shield,804.681.0905x65463,2024-03-29
P_02816,Lindsey Manning,1981-10-05,45,Female,B+,(945)954-3671x07701,"81234 Nunez Light, Annaland",Blue Cross Blue Shield,(838)971-9727,2024-01-09
P_02817,Pamela Maxwell,10/05/1957,69,Female,O+,523-515-6119,"463 Brown Spring Apt. 446, Kathrynville",Blue Cross Blue Shield,001-480-381-5643,2023-11-02
P_02818,Clifford Clark,1983-10-06,43,Male,AB+,8912906774,"075 Blankenship Crossing, East Zacharyshire",Humana,,2024-01-08
P_02819,Sandra Morris,1962-10-05,64,Female,B-,(881)859-5769x62586,"049 Moody Lights, New Cynthiaton",Medicaid,220.753.0649,2023-04-26
P_02820,Nicholas Berry,1967-10-06,59,Male,AB+,648-900-8302,"6113 Terri Path Apt. 336, South Scottshire",Blue Cross Blue Shield,2074117758,2023-08-14
P_02821,Michelle Nichols,1958-10-05,68,Female,A+,334.329.0380x69513,"6931 Arthur Coves, North Garyfurt",Aetna Health,999.835.7017x6319,2023/11/20 00:00:00
P_02822,Kelly Cochran,1985-10-05,41,Female,O+,001-206-801-7429,"814 Davis Island, Langstad",Cigna,649-208-7801x588,2024-01-09
P_02823,Dawn Hunter,1984-10-05,42,Female,B-,001-691-725-0375,"8080 Martin Shores, Matthewland",UnitedHealthcare,890-534-7947x764,2024-09-21
P_02824,Sherry Hernandez,1989-10-05,37,Female,AB+,745.517.7630x4931,"41233 Thomas Forest, South Connie",Medicare,(585)551-5306,2023-05-02
P_02825,Karen Allen,1963-10-06,63,Female,A-,580-693-3281,,UnitedHealthcare,001-887-257-7774x4620,2024-08-22
P_02826,Andrew Miller,1987-10-06,39,Male,A-,3997585091,"27603 Kelley Mission, Port Lindsayview",Medicare,224.957.1267x728,2023-04-24
P_02827,Timothy Williams,1993-10-05,33,Male,O-,+1-601-454-6680x797,"3961 Richard Plaza Suite 780, Adrianfort",Medicaid,(845)689-7419,2024-08-29
P_02828,John Freeman,2005-10-05,21,Male,O-,+1-542-266-1099x583,"398 Donna Prairie Apt. 717, Cindyshire",Aetna Health,001-827-811-4793x4423,2024-10-16
P_02829,Michael Cardenas,2001-10-05,25,Male,AB-,+1-694-323-2361x78961,"6644 Joyce Route Suite 075, East Daniel",Humana,(909)532-0656x702,2023-10-27
P_02830,Jonathan Ross,1963-10-06,63,Male,O-,949-298-1291,"906 Warner Roads, Frankburgh",Blue Cross Blue Shield,206.321.9871x6102,2023/02/07 00:00:00
P_02831,Francisco Solomon,1959-10-06,67,Male,O+,+1-305-714-9922x89214,"415 Daniel Mount Suite 705, New Jacquelinechester",Humana,617-450-4658x4751,2024-04-19
P_02832,Brenda Gillespie,1965-10-05,61,Female,O-,(499)807-5616,,Cigna,(358)223-2385x160,10/18/2024
P_02833,Cynthia Park,1987-10-06,39,Female,B+,676-466-4163,"97811 Howard Station, Williamton",Medicare,,2023-08-22
P_02834,Cheryl Brooks,1974-10-05,52,Female,B+,993-467-7763x985,"60561 Wilson Ridges Apt. 341, North Beverlychester",Medicare,001-829-592-8425x087,2023-11-29
P_02835,Renee Schneider,1988-10-05,38,Female,O+,+1-610-333-8928x079,"02451 Timothy Ranch Apt. 169, Gilmoreview",Aetna Health,+1-462-679-8877x90918,2024-02-08
P_02836,Kenneth Johnson MD,1944-10-05,82,Male,O+,001-753-936-3301x996,"6746 Johnson Courts, Thompsonchester",UnitedHealthcare,248-415-2138,2023-02-16
P_02837,Sean Jones,1940-10-05,86,Male,O-,(609)742-2150x574,"09861 Tiffany Plaza Apt. 254, West Stephenfort",Blue Cross Blue Shield,+1-490-955-4960x15598,2024-11-30
P_02838,Andrew Copeland,1943-10-06,83,Male,b+,+1-787-743-3356,"884 Reed Land Suite 132, Cardenasport",UnitedHealthcare,+1-343-752-9230x561,2024-02-15
P_02839,Briana Livingston,1987-10-06,39,Female,A+,738.220.2640x765,"858 Jackson Branch, North Adamburgh",Medicare,741.743.2353,2024-05-31
P_02840,Heidi Rodriguez,1944/10/05 00:00:00,82,Other,B-,820-233-8337x9084,"675 Irwin Terrace, Villarrealchester",Aetna Health,001-341-358-6765,2024-06-19
P_02841,Mark Jones,1949-10-05,77,Male,A+,+1-612-798-7169,"4812 Campbell Dam Apt. 208, Hayesstad",Cigna,662-496-9347x2150,2023-09-23
P_02842,Gregory Church,10/05/1966,60,Male,A-,001-909-273-5200x06333,"79013 Christina Point, Lisaton",UnitedHealthcare,752-305-6187x418,2024-08-14
P_02843,Heather Porter,1984-10-05,42,Female,AB-,(284)673-3750x9871,"832 George Mountain, Stevemouth",Medicare,001-320-433-4828x991,2024-11-29
P_02844,Lori Ford,1964/10/05 00:00:00,62,female,AB-,(624)660-1930,"094 Taylor Drive Suite 361, Troyside",UnitedHealthcare,528-638-8830x1543,2024/04/19 00:00:00
P_02845,Ernest Torres,1969-10-05,57,Male,AB+,752-392-7863x211,"393 Jordan Trafficway, Lake Timothy",Aetna Health,001-645-737-4834x483,2023-01-29
P_02846,Kyle Walters Jr.,1972-10-05,-54,Male,B-,603-787-3072x1026,"7550 Nolan Meadow, Johnview",Aetna Health,834-467-4880x2225,2023-05-14
P_02847,Jeanne Turner,1955-10-06,71,Female,A-,(586)524-9826x7753,"034 Myers Park, Lake Coryport",Humana,(746)847-4000,2023-05-31
P_02848,Brian Mitchell,1968-10-05,58,Male,A-,787-407-0788x9608,"29623 Bowman Centers, North Joseburgh",Medicare,688.550.6509,2024-05-16
P_02849,Janice Hardy,1959-10-06,67,female,AB-,5486693572,"646 Sarah Turnpike Suite 785, North Jefferyfurt",Blue Cross Blue Shield,001-566-326-0933,2023-06-11
P_02850,James Morton,1986-10-05,40,Male,AB-,(937)478-7461,"497 Herring Highway, Lake Cynthia",Aetna Health,682.536.5675,2024-07-20
P_02851,Alice Fleming,2005-10-05,21,female,B+,(585)245-1297x7248,"5975 Lewis Harbors, East Christopherburgh",Aetna Health,001-891-940-3722x914,2024-08-21
P_02852,Jessica Romero,1947-10-06,79,Female,A+,(334)569-3289x828,"336 Hernandez Passage Apt. 847, Kellytown",Blue Cross Blue Shield,572-363-7027,2024-08-05
P_02853,Steven Rodriguez,1988-10-05,38,Male,A+,649.759.6624x324,"7616 Susan Center Apt. 152, Port Bethanyberg",Humana,456-371-0681x508,2023-03-21
P_02854,Richard Smith,1960-10-05,66,Male,b-,6918604447,"82808 Anthony Meadows, Lake Nicholas",Medicare,(699)629-5039x82002,2023-03-24
P_02855,Richard Allen,2007-10-06,19,Male,B-,(504)871-3243,"4769 Shannon Terrace, Williamsview",Aetna Health,001-925-261-2047x1769,2023-02-03
P_02856,Paul Bishop,2003-10-06,23,Male,B-,454-302-3723x972,"94289 Wilcox Extensions, Tapiaside",Humana,952-928-8204,2023-10-14
P_02857,Kathryn Martinez,2005-10-05,21,Female,O+,(984)865-8410x6922,"99119 Amber Pike Apt. 371, Smithfort",Aetna Health,001-830-351-1496x0783,2023-10-13
P_02858,Emily Morris,1953-10-05,73,Female,AB-,982.314.1274x925,"305 Michelle Grove Suite 566, Conradbury",UnitedHealthcare,+1-941-397-7031x272,2023-02-03
P_02859,Jennifer Tucker,1961-10-05,65,Female,AB-,(217)987-1258x010,"5667 Hicks Terrace, Katrinabury",Blue Cross Blue Shield,+1-411-359-5767,2024-09-19
P_02860,Ashley Patterson,2001-10-05,25,Other,O-,6658098712,,Aetna Health,+1-363-606-2743x29220,2023-06-11
P_02861,Christine Flowers,1955-10-06,71,Female,B-,612-954-3644x48912,"02092 Cantrell Glens Suite 601, North Kevinchester",UnitedHealthcare,,2023-05-01
P_02862,Richard Villarreal,1942-10-05,84,Male,O+,+1-916-852-0090x490,"0426 Petersen Neck Apt. 568, South Ralphtown",Cigna,6217864236,2023-03-02
P_02863,Christopher Kelly,1983-10-06,43,Male,B+,822-965-0630x441,"494 Robinson Lake, Lake Mark",Medicaid,+1-210-836-9162x8875,2023-06-25
P_02864,Megan Williams,1972-10-05,54,Female,AB-,(998)759-2329,"91069 Baker Lodge, Barbaramouth",Blue Cross Blue Shield,331.359.6832x4082,2024-09-30
P_02865,Frank Diaz,1944-10-05,82,Male,A+,001-594-474-2881x00639,"27760 Jason Throughway, Lake Christopher",Medicare,859.245.1134x360,2024-03-21
P_02866,Michael Martinez,1947-10-06,79,Male,A+,731-843-7632,"72592 Simmons Knoll, East Natashaland",Cigna,510-430-0767x20007,2023-01-23
P_02867,David Nelson,1962-10-05,64,Male,A-,001-403-909-5124x741,"436 Garrett Fall Suite 999, Matthewside",UnitedHealthcare,873.276.9895,2023-06-19
P_02868,Christopher Jimenez,1962-10-05,64,Male,A+,3107042202,"65443 Ritter Ports Apt. 965, New Samuel",Medicaid,(842)323-4174x39711,2023-10-14
P_02869,Paul Evans,1988-10-05,38,Male,B+,593.714.3439,"2630 Michael Villages, Carpentertown",Blue Cross Blue Shield,001-990-859-6903x71390,2023-07-17
P_02870,Kimberly Garcia,2003-10-06,23,Female,AB-,001-236-811-1369x793,"015 Merritt Isle, Torresside",UnitedHealthcare,001-376-974-8854x4213,2024-01-19
P_02871,Steven Boyd,1953-10-05,73,Male,A+,(736)264-5776x230,"51000 Alexander Via, West Jamie",Aetna Health,(581)539-6331x776,2023-10-18
P_02872,Lori Goodman,1943-10-06,83,Female,B-,246-483-8819,"4830 White Via Apt. 739, Lake Gerald",Medicaid,3653177924,2023-10-19
P_02873,Ryan Pruitt,2002-10-05,24,Male,B-,001-638-748-6817x4791,"2031 Tina Springs, Jenniferbury",Medicare,(981)688-0176x471,2023-06-16
P_02874,George Andrews,2003-10-06,23,Male,B-,449-487-3555,"74253 Justin Roads, East Samantha",Blue Cross Blue Shield,(206)790-6860,04-07-2024
P_02875,Marcus Roman,1952-10-05,74,Male,A+,+1-401-386-2028x41854,"872 Montgomery Ranch, South Philip",Medicare,726.849.4088x369,2023-04-03
P_02876,Kara Rodriguez,1978-10-05,48,Female,B+,241-718-9565x930,"338 May Garden, Perezborough",Blue Cross Blue Shield,881-641-6764x507,2024-09-18
P_02877,Jordan Alexander,1988-10-05,38,Female,AB+,347.314.2272x449,"2308 Michelle Gateway, Wilkinsonport",Medicaid,(375)673-9540x92705,2023-03-19
P_02878,Nathan Wang,1958-10-05,68,Male,AB+,261-932-4906,"024 Erin Islands, Scottside",Cigna,+1-450-563-1586x2853,2024-01-29
P_02879,Teresa Miller,1981-10-05,45,Female,B+,001-416-444-6776,"65421 Paige Estates Suite 333, East Melanieburgh",Medicare,542-354-6629x997,2023-04-11
P_02880,James Russell,1994-10-05,32,Male,O+,+1-922-645-8604x8857,"884 Stacy Crescent, Port Bradleyburgh",Aetna Health,001-459-489-5679,2024-01-17
P_02881,Melissa Richards,1977-10-05,49,Female,O+,9867600540,"2796 Daniel Plains Suite 922, East Anthony",UnitedHealthcare,929-925-7789x8276,2024-11-14
P_02882,Jerome Lutz,1961-10-05,65,Male,O-,7687174063,"5241 Garcia Row, South Samuelton",Humana,391-336-1856x20186,2024-09-27
P_02883,Emma Francis,1975-10-06,51,female,AB+,(272)462-6596x1635,"31422 Michael Place, Lake Elizabethland",UnitedHealthcare,296-709-1447x853,2024-11-06
P_02884,Manuel Ramirez,2004-10-05,22,Male,B-,001-513-832-8348x4109,"482 David Plain, Robertview",Humana,(434)426-2570x346,2023-04-19
P_02885,Elizabeth Brooks,1998-10-05,28,Female,B+,312.611.3693,"7349 Adam Junctions, West Jacob",Blue Cross Blue Shield,529.697.2679,2023-08-03
P_02886,Jennifer Miller,1939-10-06,87,Female,O-,+1-259-831-0022x98396,"181 Jeffrey Falls Apt. 449, Lake Stephanie",Medicaid,724-891-9846x3637,2024-06-13
P_02887,Ryan Santos,1973-10-05,53,Male,AB+,(813)662-1178,"4772 Yu Station, Courtneyberg",Humana,+1-273-363-7923,2023-05-10
P_02888,Jodi Gardner,05-10-1974,52,Female,AB-,(682)822-5342x364,"113 Susan Islands, East Tammyborough",Cigna,(812)948-5990x273,2023-09-18
P_02889,Jonathan Johnson,1991-10-06,35,Male,O-,+1-469-442-0680,,Medicare,+1-791-938-8532x08884,2023-01-08
P_02890,Dustin Brown,1984-10-05,42,Male,B-,705.400.6862x737,"906 Jones Run, Burnsshire",Aetna Health,+1-975-640-5319x4096,2024-08-11
P_02891,Matthew Diaz,1981/10/05 00:00:00,45,Male,A+,268.424.3431,"309 Malik Mews, Mannville",Aetna Health,544.738.6073x0316,2023-04-08
P_02892,Brian Shaw,1964-10-05,62,Male,AB-,001-961-584-8332,"8300 Morales Via, East Micheal",Cigna,+1-272-324-3839x88924,2024-03-19
P_02893,Patrick Powell,1963-10-06,63,Male,B+,+1-314-953-0996x543,"05776 Pineda Bypass Apt. 073, Julietown",Humana,8746012366,2024-06-27
P_02894,Timothy Moore,1938-10-05,88,Male,B+,682-806-3661x71878,"99043 Mckinney Mills Apt. 061, Cameronfurt",Blue Cross Blue Shield,+1-398-578-6367x0724,2023-05-19
P_02895,Chelsea Bates,1992-10-05,34,Female,AB-,+1-453-576-0775x5622,"2779 Malone Underpass Suite 887, South Juanport",UnitedHealthcare,+1-813-920-2375x587,2024-08-21
P_02896,Brian Griffin,1940-10-05,86,Male,O+,(819)482-1983,"5768 Erin Unions, Port Seth",Aetna Health,361.718.2105x978,2024-01-18
P_02897,Stacy Mckenzie,1955-10-06,71,Female,B+,001-725-653-4616x9500,,UnitedHealthcare,(736)617-2967x1784,2023-01-09
P_02898,Luke Mccarthy,1988-10-05,38,Male,AB+,644-677-2433x5448,"90287 Moore Skyway, Kruegerbury",Aetna Health,(298)529-4298x97134,2024-07-19
P_02899,Renee Lopez,10/06/1955,71,Female,A-,+1-378-629-8427x557,"02992 Hart Garden Suite 696, Annside",UnitedHealthcare,(413)993-0272x860,2023-09-09
P_02900,Jon Williams,1975-10-06,51,Male,B+,763-399-9891x6190,"37974 Andrew Cape, Jeffreyhaven",Humana,001-791-920-0908x837,2024-11-01
P_02901,Monica Gonzalez,1990-10-05,36,Female,AB-,+1-937-917-7501x3963,"8650 Walker Forge, Wilsonview",Humana,6723524082,2023-09-26
P_02902,Kyle Davis,2007-10-06,19,Male,AB+,335-933-8447x41384,"1184 Erica Unions Suite 738, West Allison",Cigna,353.620.9007x197,2023-03-10
P_02903,Tammy Herrera,05-10-1964,62,Female,A-,001-950-577-3490x25062,"68540 Downs Glen Suite 455, South James",Medicaid,932.828.9412,2023-02-21
P_02904,Jake Chen,1970-10-05,56,Male,AB+,847-448-8470x82177,"715 Elizabeth Run, Port Jacobfort",Humana,310.370.9571x4628,2023-07-01
P_02905,Rebecca Arnold,1989-10-05,37,female,O+,+1-696-519-2085x01026,"6508 Brady Motorway, Jimenezhaven",Blue Cross Blue Shield,845-401-7075x93494,2023-01-06
P_02906,Jeremy Sullivan MD,1968-10-05,58,Male,O+,(918)630-7936x512,"446 Heather Lakes Suite 635, Floresside",Blue Cross Blue Shield,(943)505-2096,2023-11-25
P_02907,Sandra Brock,1962-10-05,64,Female,O+,788.862.1115,"3444 Bryant Square, Port James",UnitedHealthcare,530.752.2252x3481,2024-03-22
P_02908,Thomas Jenkins,1938-10-05,88,Male,AB-,001-482-263-2820x7067,"78161 Ellen Spur, Lake Chelseaport",Aetna Health,+1-437-402-9521,2023-01-11
P_02909,Sharon Obrien,1988-10-05,38,Female,B+,001-614-965-5826x6299,"13282 Nancy Ranch, West Andrew",Humana,001-285-614-3164x91344,2024-03-31
P_02910,Jamie Scott,1954-10-05,72,Female,A-,001-786-498-6676x344,"857 Davis Street, West Shane",Blue Cross Blue Shield,871.539.1590x76294,2023-07-22
P_02911,Jerome Hernandez,1958-10-05,68,Male,B-,(529)226-4986,"067 Deborah Prairie Apt. 119, East Jennifermouth",Cigna,939-992-4830x2108,2023-11-03
P_02912,Dennis Nichols,1952-10-05,74,Male,B-,(359)566-3338x746,"15842 Jenkins Ways, Edgarbury",Medicare,+1-231-315-9247,2023-10-22
P_02913,Joseph Haynes,1939-10-06,87,Male,O+,+1-972-985-4789x4109,"713 Jessica Station, Riosfurt",Humana,(479)981-2675x99882,2024-06-19
P_02914,Angela Reynolds,1984-10-05,42,Female,B+,+1-308-377-6865x48662,"826 Kelly Rapid Apt. 594, North Brittanyton",Medicaid,537.577.5579x93968,2023-09-15
P_02915,Matthew Vargas,1947-10-06,79,male,AB-,353.929.6109,"337 Holly Stravenue Apt. 082, Barnesview",Blue Cross Blue Shield,,2024-04-29
P_02916,Charlene Carr,1960-10-05,66,Female,B-,(232)596-1251,"7086 Jocelyn Rapid, South Debramouth",Aetna Health,719.785.8866x154,2024-05-21
P_02917,Emily Hinton,1959-10-06,-67,Female,O-,950-517-6578x49699,"728 Wall Way Suite 464, Lake Karen",UnitedHealthcare,318.894.0567x6477,2023-10-21
P_02918,Mr. Dave Santana,1958-10-05,68,Male,AB-,759.746.7562,"752 Palmer Harbor, Lopezfurt",Medicare,335-334-7137x915,06/22/2023
P_02919,James Bell,1944-10-05,82,Male,A+,,,Aetna Health,981-717-9172x0292,08/09/2024
P_02920,Jason Martinez,1977-10-05,49,Male,B+,(803)689-5207x812,"57051 Manuel Mountain, East Mary",Medicare,001-293-872-9070x5810,2023-08-19
P_02921,Billy Kelley,1975-10-06,51,Male,O+,(590)233-2023x786,"2117 Bush Grove, Judymouth",Cigna,709-280-7152x410,2023-06-27
P_02922,Jessica Nelson,1960-10-05,66,Female,B-,001-710-475-0920x68607,"6200 Laurie Gardens Suite 680, South Katelyn",Medicaid,,2023-01-04
P_02923,Joseph Zamora,1961-10-05,65,Male,O+,001-463-376-6886x3911,"477 Martin Centers Suite 747, East Jackberg",Cigna,(444)887-6964x76836,2023-10-02
P_02924,Paula Miller,1970-10-05,56,Female,B-,001-241-424-6765x35893,"404 Megan Plaza Suite 207, Williamsmouth",Medicare,436.626.7455x36318,2023-02-03
P_02925,Brandy Cooper,05-10-1989,37,Female,O+,001-480-755-2611x43397,"90606 Chambers Square Apt. 582, Perezview",Cigna,3095551509,2023-11-09
P_02926,Brian Daniels,1972-10-05,54,Male,B-,7816380546,,Medicare,(849)550-1853x8737,2024-06-19
P_02927,Kathleen Hunt,2007-10-06,19,Female,AB-,235.527.9409x709,"75434 Wright Mount Apt. 779, Amyside",Medicare,937.326.1946,2024-04-07
P_02928,Pamela Bennett,2000-10-05,26,Female,O+,370.473.1506,"089 Johnathan Drive, Serranomouth",Medicaid,+1-511-373-7123,2024-02-02
P_02929,Adriana Brown,1951-10-06,75,Female,A+,(919)990-5053x6642,"215 Michele Prairie Suite 721, Williamshaven",Blue Cross Blue Shield,4215181354,2023-03-31
P_02930,Robert Griffith,2004-10-05,22,Male,AB+,5196642598,"7563 Forbes Highway, South Adrienneview",UnitedHealthcare,(834)754-5651x46829,2023-04-23
P_02931,Joseph Steele,1940-10-05,86,Male,AB+,,"0864 Glenn Throughway, Ashleyfort",Aetna Health,6653085985,2024-07-29
P_02932,Dennis Morris,1997-10-05,29,Male,B-,331.382.4383x4542,"4681 Collier Extensions Suite 339, Lake Dennismouth",Medicare,385.925.3124x011,2023-02-07
P_02933,Douglas Orr,1969-10-05,57,Male,O-,829.627.6189x3775,"31299 Laura Mission, Robertmouth",Cigna,316.437.9140,2023-08-05
P_02934,Mrs. Diana Garcia,1960-10-05,66,Female,A-,001-346-379-5563x135,"36420 Santos Underpass, West Bradley",Medicaid,(449)776-4773x1171,2024-04-27
P_02935,Maria Rodriguez,1988-10-05,38,Female,AB+,399-888-9768,"431 William Mission, North Kristen",Humana,571.550.0921x1019,2024-05-01
P_02936,Maria Lopez,1975-10-06,51,Female,  AB-  ,689.967.1425,"967 Brown Points, Medinaville",Aetna Health,+1-610-773-7996x4912,2024-10-24
P_02937,Patrick Sullivan MD,1970-10-05,56,Male,B-,+1-828-562-8795,"399 Matthew Walks, East Charlesville",Medicaid,692-324-2998x1194,2023-02-17
P_02938,Sara Hunt,1939-10-06,87,Female,O-,,"68924 Murphy Lodge Suite 889, Matthewhaven",Medicare,634.322.5320,2024-06-11
P_02939,Jordan Bird,1950/10/05 00:00:00,76,Male,A+,6529490439,"868 Bell Parkway, Normanburgh",Humana,001-298-201-4813x72932,2024-10-14
P_02940,John Garcia,1956-10-05,70,Male,O+,587.603.1398x167,"1804 Holmes Village, Davidhaven",Humana,001-865-220-8358x19222,2024-04-11
P_02941,Zachary Lozano,1962-10-05,64,Male,O+,+1-640-456-0686,"8923 Kristin Island, Longchester",Aetna Health,843-914-1819x5896,2024-03-29
P_02942,Meghan Ramirez,1977-10-05,49,Female,A+,567.572.6829,"40655 Lamb Overpass Apt. 769, New Gregoryberg",Medicare,001-595-942-8098,2023-06-16
P_02943,Kelly Morgan,2002-10-05,24,Female,A-,(650)392-2306x360,"9200 Perez Knoll Suite 392, Jeffreychester",Cigna,+1-539-622-8628x8585,2024-06-05
P_02944,Edwin Hunt,1991-10-06,35,Male,AB-,913-652-9664x146,"81568 Huff Islands, West Wendy",Humana,914-839-9729x356,2023-06-07
P_02945,Denise Harris,1963-10-06,63,Female,A+,+1-571-541-7907x34862,"40610 Michelle Stravenue Apt. 177, Huffchester",Medicaid,+1-556-744-7939x706,2024-04-13
P_02946,Nicholas Williams,1962-10-05,64,Male,AB+,+1-240-941-5365x9049,"4251 Wilson Highway, Owensfort",Aetna Health,001-929-396-1313,2023-06-25
P_02947,Keith Wilson,1964-10-05,62,Male,A-,2754624275,"870 Aaron Island Apt. 793, Robertchester",Cigna,712-921-6533x6309,2024-11-11
P_02948,Dawn Mooney,1939-10-06,87,Female,A-,,"210 Vargas Branch, East Deanna",UnitedHealthcare,289-900-5625x612,2024/09/07 00:00:00
P_02949,Corey Lang,1941-10-05,85,Male,O+,374-806-5756,"22715 Shaw Crescent Apt. 302, East Dylan",Medicaid,(392)478-8191x155,2024-04-05
P_02950,Anthony Lawrence,1950-10-05,76,Male,AB-,+1-717-415-6795x173,,UnitedHealthcare,(873)862-6171x93151,2024-03-25
P_02951,Jasmine Miller,1971-10-06,55,FEMALE,AB+,536.779.7274,"31906 Joshua Alley, Joelmouth",Cigna,281.678.3727,2024-06-08
P_02952,Brenda Banks,2001-10-05,25,Female,A-,201-849-3800,"65708 Rodriguez Fields Suite 105, East Allisonberg",Medicare,801-995-1589x194,25-11-2024
P_02953,Ricky Brown,1969-10-05,57,Male,O+,878.995.2527,"06543 Thompson Track, Thomasview",Cigna,,2023-01-06
P_02954,Jessica Olson,2000-10-05,26,Female,A+,+1-950-935-8155x35458,"44979 Knapp Rue, East Michael",Blue Cross Blue Shield,+1-455-732-9089x66901,2024-10-22
P_02955,Tina Smith,1952-10-05,74,Female,B+,(945)974-6558x867,"349 Bradley Mount Apt. 490, Heatherport",Humana,001-835-602-2809,2024-08-17
P_02956,Jennifer Young,1992-10-05,34,Female,A-,937.279.3548x930,"049 Gerald Creek, Lake Alexandria",Medicare,489-457-8316x979,2024-04-04
P_02957,Randy Morgan,1976-10-05,50,Male,A+,(858)422-8064x20433,"49406 Michael Branch, Lake Natashaside",Aetna Health,(387)420-3214x3555,2023-11-02
P_02958,Melissa Coleman,2008-10-05,18,Female,  A-  ,926.332.5032x5072,"846 Middleton Flats, Port Amanda",Medicare,8254626237,2024-10-17
P_02959,Megan Whitaker,2003-10-06,23,Female,AB+,,"832 Powers Green Apt. 443, North Kurtborough",Humana,+1-576-236-4764,2024-02-29
P_02960,Emily Sims,1950-10-05,76,Female,A+,(592)933-3641x909,"05010 Sellers Courts, New Rachael",Medicare,+1-951-469-7816x864,2023-01-31
P_02961,Kimberly Ellis,1967-10-06,59,Female,B+,(622)431-5687,"81283 Lori Greens, Lesliefurt",Cigna,001-942-358-2264,2023-12-14
P_02962,Aaron Mcknight,1994-10-05,32,Male,A-,614.321.7181x520,,Cigna,8687257533,2024-07-06
P_02963,Joseph Bradley,1955-10-06,71,Male,A+,(862)519-0114x2747,"0249 Heather Turnpike Apt. 828, Port Amyfort",Medicaid,443-704-9156x087,2024-02-20
P_02964,Ian Whitney,05-10-1982,44,Male,B+,341-404-5242x784,"545 Jane Street Suite 292, Wallaceshire",Medicare,+1-954-420-2594x955,2023-05-03
P_02965,Steven Howard,1980-10-05,46,Male,O+,6974532424,"962 Owens Parks, West Renee",Cigna,(841)831-5986,2023-08-12
P_02966,Jessica Jones,1950-10-05,76,Female,O-,001-666-437-3288x86258,"34244 Eugene Ports, Port Stephenport",Blue Cross Blue Shield,601-747-2222x4930,2024-11-27
P_02967,Joshua Garcia,1951-10-06,75,Male,B+,650-849-7813,"572 Mills Mill, East Cindy",Cigna,279-242-0163x15991,2024-11-04
P_02968,Connie Duarte,1997-10-05,29,Female,B+,967-652-8977,"00747 Paul Grove Suite 034, West Davidport",Aetna Health,799.739.5619x677,2023-04-03
P_02969,Darlene Rivera,1994-10-05,32,Female,O+,339.909.1433,"57022 Kim Ferry Suite 434, Smithchester",Humana,947.916.9568x601,2023-09-30
P_02970,Aaron Snow,1966-10-05,60,Male,AB+,242.415.6739x8526,"07462 Nicolas Branch, Rodriguezberg",Aetna Health,421-446-6518x822,2024-04-04
P_02971,Henry Espinoza,1985-10-05,41,Male,O+,(696)204-9522x54170,"23752 Charles Junctions Apt. 192, Lake Benjaminside",UnitedHealthcare,226-758-1719x7798,2023-12-27
P_02972,Amber Leblanc,1974/10/05 00:00:00,52,Female,AB+,700.241.1956,"2674 Macdonald Causeway Apt. 416, Thorntonberg",Cigna,4176076017,2024-03-26
P_02973,Amanda Jackson DDS,1948-10-05,78,Female,B+,(263)307-1346x825,"66772 Nathaniel Trail Apt. 802, South Paulmouth",Blue Cross Blue Shield,(511)676-5463x0448,2023-10-06
P_02974,Robert Jones,1964-10-05,62,Male,AB-,+1-254-589-0881x55780,"2804 Watson Point, Bautistatown",UnitedHealthcare,+1-840-452-2246x288,2024-05-25
P_02975,James Benjamin,1954-10-05,72,Male,O+,949.608.6013,"701 Alisha Prairie, Rodrigueztown",Medicare,619.769.1408x436,2023-08-25
P_02976,Jerry Robinson,1941-10-05,85,Male,A-,(598)318-7417,"4398 Linda Canyon, Lake Larryview",Aetna Health,6974310114,2024-02-22
P_02977,Patricia Silva,1942-10-05,84,Female,B+,630-339-3353,"74113 Abigail Grove, Lake Jennifer",Cigna,+1-864-420-0952x96920,2024-11-13
P_02978,John Allen,1973-10-05,53,Male,  O+  ,+1-713-740-4854,"257 Thomas Locks, North Vickieview",Medicaid,(321)644-5696x9159,2023-07-08
P_02979,Elizabeth Lamb,1990-10-05,36,Female,O+,(486)779-5006,"2531 Cameron Forks Apt. 996, Jamesfort",Aetna Health,+1-681-728-1690,2024-04-09
P_02980,Jade Lawson,1970-10-05,56,Female,B+,(608)681-8467,"841 Timothy Plaza Suite 089, Schmidtfurt",Medicaid,001-266-863-2066x5956,2024-08-27
P_02981,Candace Monroe,1950-10-05,76,Female,O+,283.863.5599,"969 Nicholas Course Apt. 017, East Matthewfurt",Medicaid,(607)628-7575x4830,2024-05-03
P_02982,Kristopher Chung,1964-10-05,62,Male,O+,515-614-2562x1909,"61744 Anita Extensions Suite 613, Lake Shawnmouth",Blue Cross Blue Shield,7902800600,2023-07-11
P_02983,Charlene Reynolds,1972-10-05,54,Female,AB+,733-213-2255x706,"094 Collins Rapids Apt. 644, New Patricia",Medicaid,303.336.1925,2023-02-20
P_02984,Sharon Baker,1970-10-05,56,Other,A-,416.629.4823,"83639 Justin Well, Ashleybury",Aetna Health,+1-693-249-2588x701,2023-07-14
P_02985,David Park,2004-10-05,22,Male,A+,001-880-897-1317x47914,"71946 Sean Flats, Port Lori",Cigna,+1-687-696-6491x260,2023-03-10
P_02986,Catherine Cooper,1956-10-05,70,Female,AB+,001-744-270-2887,,Cigna,(608)648-0198x589,2023-03-10
P_02987,William Franklin,1975-10-06,51,Male,AB+,259.862.2854,"263 Cisneros Run Suite 273, Jamesview",Blue Cross Blue Shield,825.256.0302x0805,2024-07-31
P_02988,Kelly Harris,1967-10-06,59,Female,O-,617.244.4491x2850,"188 Justin Crossing Suite 861, Patrickbury",Aetna Health,001-444-425-4060x437,2023-06-05
P_02989,Sarah Haney,1981-10-05,45,Female,O+,917.721.9305x906,"6673 Villarreal Square, New Jenniferton",UnitedHealthcare,8479794169,2023-12-02
P_02990,Joshua Schaefer,06-10-1939,87,Male,A+,(574)899-7679x76814,"63333 Jones Plains Apt. 091, Jessicaside",UnitedHealthcare,+1-296-459-8711x8400,2023-05-19
P_02991,Ethan Garcia,1990-10-05,36,Male,O-,001-887-730-8558x46528,"8419 Cook Track, Jennamouth",Medicare,(901)335-3080,2023-08-26
P_02992,Dana Rivas,1963-10-06,63,  Female  ,O+,469-426-9620x120,"15055 Aguilar Ford Suite 420, Chavezbury",Aetna Health,001-351-627-6128x63516,2023-09-25
P_02993,Henry Ortiz,1962-10-05,64,Male,B+,729-762-8355x5553,"697 Martin Gateway, Port Heather",Blue Cross Blue Shield,618-818-3470x0253,2024-01-14
P_02994,Nicholas Randolph,1983-10-06,43,Male,O+,(496)608-9538x772,"840 Brown Parkway, North Nicholashaven",Medicare,261.650.7258x9774,2023-01-03
P_02995,Kevin Henderson,1967-10-06,59,male,AB+,+1-547-203-1181,"451 Fleming Forest, Lake Patricialand",Humana,(686)792-8761,2024-05-06
P_02996,Lindsay Bautista,1972-10-05,54,Female,ab-,+1-850-242-4617x8826,"9763 Simon Lodge, Mooreborough",Aetna Health,747.284.3272x6701,2023/05/04 00:00:00
P_02997,Miranda Gonzalez,1972-10-05,54,Female,A-,(754)988-3591x59630,"35055 Alexis Bypass Apt. 005, Ritaborough",Blue Cross Blue Shield,001-603-605-2326x356,2023-11-20
P_02998,Corey Powell Jr.,2007-10-06,19,Male,AB-,395-414-1848,"12755 Richardson Stream Suite 937, Bartlettton",Blue Cross Blue Shield,(666)512-9879x8799,2023-06-23
P_02999,Heather Benjamin,1942-10-05,84,Female,B+,001-799-395-5796,"468 Maria Branch Suite 674, Taylorland",Cigna,+1-619-833-8318x348,2023-07-03
P_03000,Vicki Little,1966-10-05,60,Female,O-,001-788-981-5037x858,"454 Craig Lakes, Rasmussenchester",Aetna Health,(442)227-4176,2023-03-14
P_03001,Andrea Key,1983-10-06,43,Female,AB+,(405)678-5422,"0134 Russell Spurs, East Devin",UnitedHealthcare,(552)204-1387x7950,2023-07-08
P_03002,Sharon Banks,1994-10-05,32,Female,A+,405-709-4977,"029 Christina Path Apt. 320, Stephanieport",Medicare,891-302-7489x75243,2023-10-05
P_03003,Lisa Hamilton,1956-10-05,70,Other,UNKNOWN_VAL,+1-590-269-6831,"627 Sarah Estate Apt. 301, Thompsonfort",Cigna,+1-739-443-4212x0625,2023-11-19
P_03004,Alex Deleon,1958-10-05,68,Male,O-,+1-722-671-0905,"914 Jacob Mountains Apt. 742, Hansonville",Cigna,,2024-09-14
P_03005,Michael Cook,1943-10-06,83,Male,  B-  ,(661)780-2158x390,"789 Sheri Shore, North Katherine",Cigna,3248487411,2024-01-01
P_03006,Kevin Ballard,1977-10-05,49,Male,B-,(624)232-6543x467,"42872 Daniel Underpass, South Cameron",UnitedHealthcare,(238)347-6999,2023-10-02
P_03007,Katelyn Cole,1962-10-05,64,Female,AB-,824.435.2348,"3474 April Lake Apt. 636, Port Patrickhaven",UnitedHealthcare,782.905.3226,2023/12/29 00:00:00
P_03008,Steven Yu,1979-10-06,47,Male,O+,6794648733,"389 Miller Prairie, Erichaven",Cigna,602.368.6557x0917,2024-04-07
P_03009,James Roberts,1997-10-05,29,Male,O-,9457038724,"892 Paul Turnpike Apt. 532, Brianport",Humana,,02/12/2024
P_03010,Sarah Finley,1993-10-05,33,FEMALE,A+,001-272-567-8870x6707,"66274 Perry Keys, Carterland",Cigna,+1-710-920-8613x8333,2023-09-09
P_03011,Rebecca Brooks,1999-10-06,27,Other,B-,603.237.2578,"63800 Emily Corner, South Brian",Medicaid,6794819001,2023-10-10
P_03012,Tammy Wright,1958-10-05,68,Female,O+,(734)908-9197x45918,"482 Johnathan Grove Suite 123, West Nicolemouth",Medicare,(505)809-1422,2023-01-25
P_03013,Ashley Barrera,1978-10-05,48,Female,O+,464.435.1536,"52082 Pineda Turnpike, North Joshuabury",Cigna,001-409-747-8451x9844,2024-01-16
P_03014,Debra Thomas,1964-10-05,62,Female,B+,558.814.9117x1599,"6366 Kristine Plaza Suite 340, North Angela",Medicare,+1-437-363-5023x7178,2024-06-30
P_03015,Gregory Clark,1988-10-05,38,Male,O+,345-632-1580,"02969 Shaw Fall, Smithton",Cigna,(620)513-3577x5016,2024-01-27
P_03016,Kevin Andrews,1977-10-05,49,Male,A+,001-526-385-2343x0087,"072 Landry Trail, Everettbury",Aetna Health,(602)799-7167x144,2024-03-03
P_03017,Melissa Ward,1971-10-06,-55,FEMALE,O+,+1-856-917-0564x06828,"62635 Brown Villages, North Ashley",Medicare,001-464-667-8874x224,2024-06-03
P_03018,Hayley Walker,1964-10-05,62,  Female  ,A+,866.997.8118x75081,"513 Gregory Tunnel Suite 395, Port Jay",Cigna,(512)791-9981,2023-02-13
P_03019,Tracy Wood,2005-10-05,21,  Female  ,AB+,560-576-4717,"68515 Robert Ways, North David",Humana,791-221-0447x683,2024-10-06
P_03020,Erin Brown DVM,1974-10-05,52,Female,O+,234.927.1050,"1356 Tracy Hill, West Donna",Blue Cross Blue Shield,863-725-4043,2023-05-29
P_03021,Martin Wright,1967-10-06,59,Male,B+,901.350.2434x067,"3811 Todd Mountains Suite 209, West Christopherside",Humana,001-265-623-6963,2024-07-28
P_03022,Connie Wright,1996-10-05,30,Female,A+,+1-858-334-0756,"137 Young Way, Williamsborough",UnitedHealthcare,929-728-6149x291,2024-08-31
P_03023,Travis Lane,1939-10-06,87,Male,B-,001-961-285-0288,"73636 Thomas Stream, Rachelport",Medicaid,(896)603-3140x94403,2023-05-31
P_03024,Christopher Phillips,1975-10-06,51,Male,AB+,+1-756-239-0752,"7765 Smith Forks, South Robert",UnitedHealthcare,538-244-2621x54385,2023-10-07
P_03025,Kathy Shaw,1959-10-06,67,Female,B+,511.970.2339x2185,"07427 Gina Shores, New Theresa",Cigna,5964807593,2024-11-26
P_03026,Catherine Cook,1989-10-05,37,Female,AB-,+1-538-668-2760x93980,"05736 Riggs Mountains Apt. 502, Walkerberg",Cigna,(243)709-4581,2023-03-17
P_03027,Sheila Kelly,1947-10-06,79,Female,O+,(653)994-7881,"993 Hansen Vista Apt. 762, Baxterton",Aetna Health,001-276-649-3972x39027,2024-05-12
P_03028,Shane Erickson,1972-10-05,54,Male,A+,,"49558 Michelle Port Apt. 927, North Stephanie",UnitedHealthcare,+1-345-878-4930x942,2024-08-13
P_03029,Cory Diaz,2001-10-05,25,Male,b+,+1-839-790-0081x1977,"1974 Mckenzie Estates, Davidshire",UnitedHealthcare,,2024-07-01
P_03030,Rhonda Salas,1993-10-05,33,Female,A+,+1-912-584-5373x2637,"03544 Gay Park Suite 554, South Andre",UnitedHealthcare,001-354-659-5961,2024-02-02
P_03031,Seth Weber,1984-10-05,42,Male,A+,+1-795-800-6000x2258,"6032 Henry Island Suite 452, Estradahaven",UnitedHealthcare,(349)884-3488,2023-09-02
P_03032,Sabrina Brown,1944-10-05,82,Female,O+,234.551.3025x626,"399 Humphrey Green Apt. 972, Chapmanchester",UnitedHealthcare,+1-249-853-3005,03/31/2023
P_03033,Brittany Parrish,2008-10-05,18,Female,A-,(835)593-2277x7757,"018 Summers Spurs Apt. 296, East Rachaelmouth",Aetna Health,999.764.0063x355,2023-08-10
P_03034,David Castro,1964-10-05,62,Male,A+,749-991-2610x2548,"27185 Hannah Pine Suite 195, Cherryville",Medicaid,001-441-547-9453x431,2023-05-27
P_03035,Patricia Maddox,1985-10-05,41,Female,O-,451-675-1359,"120 Cantrell Burg Suite 917, Gregoryview",Cigna,379.565.5584x71336,2024-04-16
P_03036,Melissa Hood,1962-10-05,64,Female,A+,715-957-6306,"26198 Randy Fort, Princeshire",Blue Cross Blue Shield,426.492.8072,2023-07-11
P_03037,Mark Baxter,1956-10-05,70,Male,O-,001-248-694-4053x536,"6739 Perez Mission Suite 644, Port Carlborough",UnitedHealthcare,+1-473-369-1175x574,2024-04-19
P_03038,Madeline Maxwell,1952-10-05,74,Female,A+,5682640356,"3924 Buck Landing Apt. 538, Hurstborough",UnitedHealthcare,2633153921,2024-08-27
P_03039,Julia Sparks,1979-10-06,47,Female,B-,001-879-515-7488x2593,"052 Benjamin Mills, East James",Medicaid,913-928-9943x37962,2023-10-20
P_03040,Carolyn Espinoza,1967-10-06,-59,Female,O+,+1-872-232-3216x7877,"07454 Kelly Port, Melissaville",UnitedHealthcare,001-274-363-7290x992,2023-05-04
P_03041,Kathy Cooley,1951/10/06 00:00:00,75,Female,O+,(561)205-6628,,Medicare,+1-625-428-2151x83104,2023-10-17
P_03042,Walter Gomez,1941-10-05,85,Male,O-,214.584.0759,"6721 Pamela Place Suite 901, Donovanville",Medicaid,638-359-7158x6984,2024-01-15
P_03043,Alex Harris,1990-10-05,36,Male,O+,+1-480-599-3758x855,"361 Douglas Harbors Apt. 990, South Ian",Blue Cross Blue Shield,(710)731-1399,2023-01-13
P_03044,Raymond Gutierrez,1973-10-05,53,Male,AB+,001-925-550-8727x39416,"12292 Janet Knolls, Bellmouth",Medicare,(221)859-7838x555,2023-02-01
P_03045,Robert Ramos,2004-10-05,22,Male,A-,(294)411-3939x3813,"74932 Andres Garden, Christopherside",UnitedHealthcare,922-289-1191x220,2023-07-21
P_03046,Tammy Clark,1985-10-05,41,Female,A-,436.246.2576x9322,"0224 Bailey Drive Suite 813, West Nicholas",Medicare,948.268.4549x8384,2023-07-23
P_03047,Heather Taylor,1940-10-05,86,Female,A-,357.731.3354x927,"36193 Daniels Cliffs, Kimberlyview",UnitedHealthcare,+1-491-423-4335x7961,2024-03-09
P_03048,Zachary Jones,1990-10-05,36,Male,B+,001-245-934-0482x26155,"128 Herman Gateway Suite 321, Thomasland",UnitedHealthcare,(321)969-9833x60843,2023-03-05
P_03049,David Reyes,1972-10-05,54,Male,AB+,420-529-6179x27371,"304 Charles Cliffs, East Dana",Blue Cross Blue Shield,001-718-354-6837,2023-11-11
P_03050,Mary Ruiz,1986-10-05,40,Female,O-,818.431.6407x448,"12680 Rodriguez Fork Suite 550, Gomezland",Medicaid,+1-960-243-6253x28325,2024-11-27
P_03051,Robyn Spence,2007-10-06,19,Female,O+,001-923-485-9916,"5629 Timothy Crossing Apt. 131, Kevinhaven",Medicare,001-304-526-3481x421,2023-03-23
P_03052,Danny Burke,1964-10-05,62,Male,A-,001-361-491-2898x91964,"03389 Erin Canyon, Williamshaven",Medicaid,352.633.1408x2901,2024-03-15
P_03053,Matthew Hughes,1961-10-05,65,Male,O-,448-819-7599x38516,"1122 Garcia Terrace, Nicholasmouth",Medicare,478.333.5280x46575,2024-05-21
P_03054,Melinda Bryan,1970-10-05,56,Other,O-,+1-273-884-1319x752,"701 Robin Tunnel Suite 889, Meganton",Humana,001-208-914-6365x5895,2023-07-10
P_03055,Jasmine Lewis,1964-10-05,62,Female,A-,593.663.3344x38543,"235 Monroe Mall Apt. 543, Kathleenton",Medicaid,001-306-282-4059x125,2023-09-08
P_03056,Anthony Anderson,1988-10-05,38,Male,b-,+1-352-744-0079x79912,"2151 Lopez Haven, Richardfurt",Humana,(377)448-4350,2024-05-15
P_03057,Jessica Nielsen DDS,1964-10-05,62,Female,B+,+1-310-586-8067x93289,"306 Jeffrey Heights Apt. 668, Erinfurt",Aetna Health,(720)982-0985,2023-08-06
P_03058,Pamela Wagner,1996-10-05,30,Female,AB-,001-496-404-5672,"978 Duffy Falls Suite 800, Lake Charlesmouth",Aetna Health,680-223-6615,2024-07-28
P_03059,Jennifer Arias,1977-10-05,49,Female,AB+,7135124797,"5829 Schultz Mall, Port Stephanieburgh",Aetna Health,001-794-605-8321x5284,2024-08-30
P_03060,Michael Reyes,1961-10-05,65,Male,AB-,(812)501-6339x359,"8126 Stephen Inlet Apt. 074, Andrewton",Cigna,411-390-4828x57044,2023-06-13
P_03061,Shelia Cuevas,1973-10-05,53,Female,AB+,218-345-0605x30003,"522 Phillips Stravenue Suite 255, West Jeremyfurt",Cigna,(271)236-5676x666,2023/01/23 00:00:00
P_03062,Lisa Hughes,2008-10-05,18,Female,AB+,001-393-818-4680x46464,"7262 Thomas Haven, Lake Jackbury",Aetna Health,6423497791,2023-06-29
P_03063,Anna Williamson,2002-10-05,24,Female,A+,+1-370-278-2102,"8589 Christopher Crossing, South Courtney",Humana,001-444-830-0520x292,2024-08-28
P_03064,Nicole Rojas,1950-10-05,76,Female,AB-,+1-911-566-9218,"138 Ronald Crossing, Johnstad",Aetna Health,001-652-313-9625x5814,2023-12-03
P_03065,Emily King,1990-10-05,36,Female,A-,(288)726-9283,"1293 Davis Keys, Melissaport",Aetna Health,2513292391,2024-08-05
P_03066,Rachael Baird,1991-10-06,35,Female,B-,(803)716-0488x647,"95278 Barbara Alley Apt. 886, South Jackfurt",Aetna Health,+1-248-625-0725,2024-02-07
P_03067,Penny Navarro,1947-10-06,79,Female,O-,271-971-7707x48172,"120 Bryan Villages, Port Mariahberg",Medicare,+1-758-274-7033,2023-06-04
P_03068,Whitney Hanson,1954-10-05,72,Female,A+,396.592.8499x73463,"36363 Michael Heights Suite 130, Lawsonfurt",Medicare,(465)424-6510x9920,2024-02-29
P_03069,Scott Sloan,1996-10-05,30,male,AB-,958-478-6503x24496,"772 Patrick Mountains Suite 275, Josephside",Blue Cross Blue Shield,(492)747-6842x880,2024-03-29
P_03070,Nicholas Hall,1984-10-05,42,Male,ab+,(329)649-5914,"3377 Lee Views, Port James",Aetna Health,270.640.3801,2023-11-17
P_03071,Cindy Richards,1964-10-05,62,Female,B+,,"763 Lee Throughway Suite 251, Russelltown",Medicare,(642)492-7322x06278,2023-11-01
P_03072,Jessica Hanson,1940-10-05,86,Female,AB-,(690)509-0193,"767 Crawford Springs Suite 394, Melissaton",Medicaid,248-338-0736x2289,2024-04-29
P_03073,Elizabeth King,2003-10-06,23,Female,O+,529.286.2120,"0056 Lee Track, East Alison",Humana,001-422-521-6291x0410,2024-08-05
P_03074,Nicholas Walker,1990-10-05,36,  Male  ,AB-,(268)508-7305x382,"9946 Courtney Trail, Clarkborough",Cigna,001-336-259-2398x182,2024-02-19
P_03075,Edward Williams,10/05/1952,74,Male,O-,9204942584,"7247 Andrea Oval, Vaughnside",UnitedHealthcare,(721)740-3809x17635,2023-03-14
P_03076,Teresa Green,1968-10-05,58,Female,B-,001-367-441-4571,"87702 William Avenue Apt. 364, Mcleantown",Medicaid,317.415.0028x0573,2023-04-17
P_03077,Gabrielle Christian,1966-10-05,60,Female,AB+,001-682-484-7121x97424,"570 Jeffrey Walk, Robertton",Medicaid,303-885-1837,2024-09-04
P_03078,Melinda Chen,1975-10-06,51,Female,A+,(644)634-7494x15673,"7332 Perez Divide, East Shawnview",Humana,+1-484-814-6946,2023-11-19
P_03079,Melissa Ross,1981-10-05,45,Female,O+,(489)443-8203,"43581 Murphy Crossroad Suite 927, East Christina",UnitedHealthcare,(872)644-6004x0458,2024-03-02
P_03080,Lindsey Miller,1953-10-05,73,Female,A-,803.374.9015x0621,"5163 Kimberly Mountains, West Pamela",Aetna Health,(525)836-4207,2023-09-21
P_03081,Kayla Morris,1964-10-05,-62,Female,A-,(397)884-8363x00059,"9696 Thomas Stravenue, North Scottberg",Cigna,+1-251-357-6435x54764,2024-06-30
P_03082,Jeffrey Clarke,1966-10-05,60,Male,  A+  ,+1-323-345-1343,"01818 Kristen Shoal Suite 910, Smithbury",Blue Cross Blue Shield,385.244.3875x2611,2023-12-14
P_03083,Justin Obrien,1988-10-05,38,  Male  ,B-,,"01825 Sheila Lane, Justinview",Humana,285-677-8392,2023-06-17
P_03084,Kyle Wilson,1951-10-06,75,Male,B+,270-442-2578x815,"16201 Wu Prairie, Camachomouth",UnitedHealthcare,534-847-5619x53172,2023-11-04
P_03085,Rebecca Cummings,1968-10-05,58,Female,B+,565-838-9203x928,"0481 Berg Viaduct, North Benjamin",Aetna Health,+1-857-559-7527,2023-03-07
P_03086,Paul Hawkins MD,1967-10-06,59,Male,AB+,+1-603-927-6744,"271 Elizabeth Fords Apt. 379, Lake Markport",Blue Cross Blue Shield,991.615.8908,2024-05-09
P_03087,Valerie Patterson DVM,1975-10-06,51,Female,AB+,+1-434-456-0317x13760,"40564 Summers Shore, East John",Medicaid,649.795.5378x31021,2023-07-24
P_03088,Kimberly Cox,1971-10-06,55,Female,AB+,+1-435-420-4623x3064,"5484 Terry Roads, Hansonhaven",Medicare,,2024-08-11
P_03089,Molly Lam,1965-10-05,61,FEMALE,O+,290.400.7748,"835 Rodriguez Plains, East Douglas",Aetna Health,(722)624-0463x147,2024-03-30
P_03090,Scott Crosby,1941-10-05,85,MALE,O+,211.917.6021x7060,"95841 Baker Summit Suite 816, Tonyton",Humana,(512)652-4178x4504,03/31/2024
P_03091,Benjamin Sexton,2005-10-05,21,Male,O+,001-416-773-2444,"596 Miller Ville, New Juanmouth",Medicare,228-744-6106,2023-05-25
P_03092,Bethany Brown,1990-10-05,36,Female,O+,(298)751-2468x4737,"3132 Stephanie Mall, Lake Williamville",UnitedHealthcare,390-812-0874,2023-11-23
P_03093,Joshua Gonzalez,1944/10/05 00:00:00,82,Male,AB-,+1-812-519-8201,"9020 Matthew Via Suite 379, West Donaldfurt",Medicare,+1-677-801-7931,2023-11-27
P_03094,Christopher Bryant,1973-10-05,53,Male,A+,545.763.7883x9646,"790 Jeremy Forest Apt. 900, Elizabethchester",Medicare,001-265-354-0067,2023-10-09
P_03095,Michelle Archer,1944-10-05,82,Female,B+,001-769-866-4852,"39119 Fisher Road Suite 599, Mcdanielburgh",UnitedHealthcare,001-452-292-0183x627,2024-02-29
P_03096,Bradley Watkins,1985-10-05,41,Male,B+,(274)425-5902x483,"35368 Stephanie Pike, Cynthiaview",Aetna Health,001-324-845-5127x4861,2023-09-19
P_03097,Rose Jones,2000-10-05,26,Female,O-,266.541.0360,"4841 Stewart Point, New Amyport",UnitedHealthcare,001-974-251-7698x48570,06/08/2024
P_03098,Karen Carlson,1988-10-05,38,Female,O+,(270)930-8449,"85092 Ramsey Streets Suite 633, Roberthaven",Blue Cross Blue Shield,001-939-735-4523x5654,02/21/2024
P_03099,Lauren Leach,1950-10-05,76,Female,O-,001-478-848-8436x973,"6892 Baker Port Apt. 577, West Christopher",Blue Cross Blue Shield,+1-946-654-2473x041,2023-02-12
P_03100,Tina Keith,1959-10-06,67,Female,AB+,001-956-968-1780x3999,"6380 Davis Harbor Apt. 014, Kathleenview",Aetna Health,001-399-331-8968x302,2023-11-02
P_03101,Denise Schwartz,2002-10-05,24,Female,AB-,(367)247-1796x07050,"25973 Hamilton Mountains, Matthewstad",Cigna,(471)609-2732x4804,2023-02-16
P_03102,Janice Newman,1982-10-05,44,Female,AB+,001-343-545-7746x381,"55474 Rivera Camp, Lake Stephanie",Cigna,(948)518-2039,2024-09-15
P_03103,Sharon Smith,1971-10-06,55,Female,A-,001-754-235-2792x996,"44751 Sanchez Brooks, Port Susanborough",Humana,+1-678-443-2235,2024-08-20
P_03104,Alexandra Romero,1942-10-05,84,Female,AB-,6823938702,"13063 Mallory Falls Apt. 541, West Monicaberg",Aetna Health,848.779.0068x22904,2023-05-19
P_03105,Keith Patterson,1986-10-05,40,Male,A+,+1-309-308-4562,"6121 Baker Bridge, Kellytown",UnitedHealthcare,413-715-6091x318,2024-09-16
P_03106,Erin Miller,1976-10-05,50,FEMALE,O-,3344998519,"821 Smith Overpass, Waterstown",UnitedHealthcare,424.352.6988,2024-01-22
P_03107,Tammy Richardson,1966-10-05,60,female,AB+,823-777-3296x4135,"43527 Daniel Track, Arroyoland",Cigna,001-904-952-3656,2024-10-16
P_03108,Lee Green,1942-10-05,84,Male,O+,647-633-6635x7209,"94922 May Common Suite 111, South Phillip",Blue Cross Blue Shield,001-423-590-3490x5410,2024-07-15
P_03109,Jasmine Joyce,1979-10-06,47,Female,A+,+1-908-358-5551,"3955 Seth Light Apt. 294, Adkinsburgh",Humana,(895)253-2845x7293,2024-10-28
P_03110,Jacob Ray,1970-10-05,56,Male,AB+,+1-769-893-3685,"2053 Justin Plaza, Castanedaborough",Medicaid,001-738-739-8350,2023-05-24
P_03111,Mark Clark,2008-10-05,18,Male,O-,+1-933-302-7394x96855,"643 Lindsey Stravenue, Lake Monicatown",Cigna,834.331.4395,2023-08-21
P_03112,Lisa Norton,1983-10-06,43,Female,A-,934.352.6221x0631,"548 Hamilton Drive Suite 447, Solismouth",Cigna,001-647-556-7269x68900,2024-01-07
P_03113,Renee Washington,1967-10-06,59,Female,B-,597-337-8140x380,"8444 King Square Suite 913, Thomasstad",Blue Cross Blue Shield,001-764-361-4046x6045,2024-06-19
P_03114,Kathy Levine,1956-10-05,70,Female,O+,896-710-3697x7682,"29286 Jesse Circles Apt. 436, Port Alison",Cigna,(549)731-6370x7495,2023-11-24
P_03115,Timothy Davis,1971-10-06,55,male,B-,752-640-6993x11766,"52288 Lynn Mill Suite 443, East Natalieton",Aetna Health,,2023-06-12
P_03116,Ryan Rollins,1990-10-05,36,Male,AB+,624.827.0117x1359,,Aetna Health,4354586255,2024-07-15
P_03117,James Lozano,1984-10-05,42,Male,O-,001-864-897-8596x39067,,Aetna Health,451-723-4426x30082,2024-06-12
P_03118,Sarah Tanner,1955-10-06,71,Female,A-,3758040731,"47158 Jasmine Meadows, Conradshire",UnitedHealthcare,9002237385,2023-08-07
P_03119,Michael Humphrey,1967-10-06,59,Male,B+,001-712-989-1246x39888,"8237 Stacey Square, Lake Paulside",Medicare,662-511-1567,2024-05-27
P_03120,Erin Murphy,1977-10-05,49,Female,A+,001-381-814-6365x119,"714 John Meadow Suite 062, Scotttown",Medicare,(666)881-0314,2024-09-29
P_03121,Hannah Jenkins,1973-10-05,53,Female,A-,001-500-442-2583x68314,"8305 Hunt Lodge, North John",Medicare,732.363.1965x73323,2023-08-14
P_03122,Jason Green,1956-10-05,70,Male,A+,748.987.9614x0208,"834 Rice Square, South Sharon",Blue Cross Blue Shield,001-918-457-6777x441,2023-08-22
P_03123,Lisa Rogers,1952-10-05,74,Female,O-,704.474.7124x8344,"95357 John Road, South Alyssaburgh",Blue Cross Blue Shield,7755844421,2024-07-09
P_03124,Robert Cook,1946-10-05,80,Male,AB+,352-249-9630x556,"9762 Gutierrez Courts, Lisaton",Blue Cross Blue Shield,(224)845-6283x738,2024-08-17
P_03125,Laura Garcia MD,1984-10-05,42,Female,A+,(344)497-0634x639,"058 Brittany Neck, North Michelle",Humana,436-750-3504x969,2024-08-30
P_03126,Michelle Reynolds,1972-10-05,54,Female,AB-,558-207-3754x76038,"6653 Christopher Stravenue Apt. 292, Kimberlyberg",Medicare,8817213153,2023-12-28
P_03127,Kimberly Jensen,1982-10-05,44,Female,O+,001-604-351-2101,"9085 Lowery Streets Apt. 790, Cassandraborough",Aetna Health,001-579-812-3100x396,2024-09-15
P_03128,Audrey Ramirez,1967-10-06,59,Female,O+,+1-434-516-6755x3633,"85662 Hardy Park Apt. 519, East Juan",Aetna Health,463.223.8509x9964,2024-07-17
P_03129,Jacob Harris,1956-10-05,70,Male,B+,(297)525-9333x8168,"7903 Bradley Forks Suite 203, West Cody",Aetna Health,257.882.0278,2024-05-05
P_03130,Megan Hall,1996-10-05,30,Female,A+,001-778-375-7723,"7466 Warren Loop Apt. 170, Mezaton",Cigna,001-693-660-4611x0217,2024-10-08
P_03131,Sergio Leach,1943-10-06,83,Male,O+,+1-759-440-5123x033,"14550 James Parkways Suite 824, Alexafurt",Humana,200-314-1858x7157,2024/07/13 00:00:00
P_03132,Barbara Martinez,1956-10-05,70,Female,O-,001-483-508-2772,"135 Gonzalez Ferry, Stephanieshire",Blue Cross Blue Shield,001-369-657-5304x8004,2023-01-28
P_03133,Samuel Castillo,1996-10-05,30,Male,  B+  ,5107901609,"527 Cox Circle, Jamesville",Aetna Health,288-846-7276x0022,2023-05-02
P_03134,Laura Lane,1973-10-05,53,Female,B-,(942)956-2842,"775 Hughes Rue Apt. 461, Smithside",Aetna Health,743-451-1587x91627,2024-02-01
P_03135,Abigail Moore,1964-10-05,62,Female,O-,+1-558-445-2149x76726,"99701 Mark Grove Apt. 627, North Daniel",Blue Cross Blue Shield,001-788-603-4018x55297,2024-03-23
P_03136,Michael Williams,1979-10-06,47,Male,O+,+1-275-988-3763x0851,"3145 Matthews Lakes, Benjaminmouth",Humana,925-379-3885,2023-12-02
P_03137,Andrew Blair,1953-10-05,73,Male,O-,(936)670-3796x34737,"506 Christensen Plain, South Stephaniefurt",Blue Cross Blue Shield,+1-788-719-8088x451,2023-07-15
P_03138,Tiffany Baker,1957-10-05,69,Female,B-,,"912 Anne Mountains Suite 941, West Donna",Blue Cross Blue Shield,651-456-8191,2024-11-04
P_03139,Darren Herrera,1998-10-05,28,Male,A+,+1-944-485-8868x63303,"82032 Katherine Spring, Jonesport",UnitedHealthcare,(587)274-8816,2023-11-22
P_03140,Brianna Murray,1974-10-05,52,Female,B-,499.355.8541,"61687 Horn Glens, South Michele",Medicaid,001-618-949-4568,2024-09-09
P_03141,Nicholas Montgomery,1979-10-06,47,Male,B-,443-892-1860x43245,"054 Michael Station Apt. 501, Port Jasmineburgh",Blue Cross Blue Shield,592.582.5125x1728,2023-11-15
P_03142,Kimberly Hammond,1951-10-06,75,Female,A-,(948)371-5161,"397 Lawrence Forest Apt. 563, Hernandezmouth",Humana,659-723-9813x65904,2023-02-22
P_03143,Michael Gardner,1940/10/05 00:00:00,86,Male,O-,+1-955-422-5618x079,"8984 Kevin Overpass Suite 726, Port Amandaberg",Blue Cross Blue Shield,+1-820-313-7029x7785,2023-02-20
P_03144,Carrie Cook,1948-10-05,78,Female,a+,(204)582-2879,"7919 Miller Port, Richardhaven",Medicaid,(875)336-2108x8705,2024-06-30
P_03145,Matthew Richards,10/05/1962,64,Male,B+,634.276.2395x9493,"68434 Fowler Lock Suite 288, Davisville",Aetna Health,+1-662-566-1686,2024-07-04
P_03146,Amanda Glass,1978-10-05,48,Female,AB+,(942)333-3675x379,"62907 Harris Viaduct Suite 221, Watersside",Medicare,+1-694-227-7956x35466,2024-03-12
P_03147,Emily Anderson,1993-10-05,33,Female,O+,001-279-424-5749x492,,Cigna,674-570-0462,2023-08-26
P_03148,Melinda Simpson,1995-10-06,31,Female,AB-,579.839.1272x9983,"6739 Castro Point, Rochamouth",Medicare,001-700-791-8256x12829,2023-08-12
P_03149,Christian Marquez,1968-10-05,58,  Male  ,O-,(799)806-7371x9754,"7093 Brian Curve Apt. 718, West John",UnitedHealthcare,258-499-4797x836,2023-05-02
P_03150,Ryan Bennett,1961-10-05,65,  Male  ,O-,5629010466,"650 Conner Vista, Coryville",Aetna Health,,2024-11-16
P_03151,Teresa Keller,1943-10-06,83,Female,B+,282-320-2752x377,"789 Kemp Parkway, Chandlerberg",Medicaid,220-757-3790,2023-08-02
P_03152,Caleb Khan,1949/10/05 00:00:00,77,Male,B+,5899370465,"4748 Shane Centers, Freemanmouth",Humana,638-234-7983x80056,2024-11-08
P_03153,Robert Lynch,2001-10-05,25,Male,AB-,001-327-879-9019x2976,"6345 James Glens Apt. 579, Howardfurt",Cigna,7789132877,2024-01-17
P_03154,Cody Rodriguez,1982/10/05 00:00:00,-44,Male,O-,566-804-5096x466,"1863 Walter Forks Apt. 138, Johnsonfort",Aetna Health,+1-844-937-6626x989,2024-02-03
P_03155,Christopher Sullivan,1948-10-05,78,Male,  A-  ,8484858686,"121 Phyllis Causeway Suite 544, Josefort",UnitedHealthcare,940-483-6843,2023-09-18
P_03156,Kristin Jones,1997-10-05,29,Female,A-,693-350-2414x763,"826 Kimberly Plain, West Joseberg",Medicare,3622592148,2024-10-04
P_03157,Amber Green DDS,2006-10-05,20,Female,A-,828.775.3189,"54819 Leslie Via Apt. 808, Lake Carlview",Medicaid,(651)953-2442,2023-06-15
P_03158,Mary Becker,2005-10-05,21,Female,A-,(256)392-6987,"404 Nancy Valleys, Port Cynthia",Aetna Health,7435521356,2023-10-21
P_03159,Jennifer Morgan,1971-10-06,55,Female,AB+,(839)378-8356,"17825 Gregory Ranch Suite 135, West Ericafort",Humana,001-640-383-0811x132,03/01/2023
P_03160,Leon Roberts,1945-10-05,81,Male,B+,392-317-5594x205,"416 Benjamin Meadows Apt. 561, Davishaven",Medicaid,001-317-794-2109,2023-10-22
P_03161,Nicole Hamilton,1969-10-05,57,Other,A+,302-319-4676x986,"40804 James Lake Suite 423, North Danielle",Humana,743-424-3073,2023-09-05
P_03162,Diamond King,1984-10-05,42,Female,O+,553-307-8300,"9103 Jones Points Apt. 436, Wilsonport",Cigna,+1-613-805-6117x2391,2023-01-31
P_03163,Matthew Williams,1989-10-05,37,Male,O+,357-349-4176,"4077 Jones Inlet Suite 933, East Bethborough",Medicare,(217)951-7524,2024-04-08
P_03164,Margaret Thomas,1995-10-06,31,Female,B-,(409)754-9006x57912,"446 Marvin Hills, New Ryan",UnitedHealthcare,(458)808-5778,2023-11-17
P_03165,Richard Anderson,2003-10-06,23,Male,B-,(795)280-2139,"8765 Adrian Flat, Jessicamouth",UnitedHealthcare,001-555-917-2303x0180,2023-05-12
P_03166,Sherry Wallace,1974-10-05,52,Female,O+,999-346-6466,"011 Benitez Underpass, Port Johnville",Medicare,+1-526-303-7827x560,2024-03-09
P_03167,Lisa Martin,1997-10-05,29,Female,AB-,262.882.5497x9171,"1304 Keller Orchard Apt. 666, West April",Aetna Health,793.403.7535,2024-04-08
P_03168,Jeremy Pittman,1999-10-06,27,Male,B+,2933692694,"1433 Chad Corners, New Davidfort",Aetna Health,203-900-0018,2023-10-28
P_03169,Margaret Murphy,05-10-2001,25,Female,AB-,001-980-851-2088x1907,"85055 Keller Parkways, New Christopherhaven",Medicare,(622)832-9467x6687,2023-11-08
P_03170,Miss Melinda Gamble,1948-10-05,78,Female,B-,405-272-3748x531,"334 John Street, New Gabriella",Medicare,+1-331-277-1379x498,2023-04-23
P_03171,Cynthia Montes,1972-10-05,54,Female,O+,(338)448-6089,"60030 Daniel Passage Suite 439, New Jeremytown",Medicaid,(372)455-4814x8100,2024-01-01
P_03172,Susan Garcia,1966-10-05,60,Female,O+,001-480-329-9804x29456,"6243 Singleton Harbors, Angelabury",Humana,546-711-2789x5675,2024-05-12
P_03173,Brian Vargas Jr.,1974-10-05,52,Male,AB-,408.216.0034x74649,"0597 Michelle Parkways, Ambertown",Blue Cross Blue Shield,,2023-01-27
P_03174,Christina Thomas,1979-10-06,47,Female,AB+,(939)610-9992,"104 Ortiz Centers Suite 466, Harrishaven",Humana,+1-619-712-6220,2023-08-02
P_03175,Hannah Mcgrath,1952-10-05,74,Female,B+,544-519-0865x6574,"069 Daniel Crest, Johnhaven",Medicaid,9612184710,2024-02-13
P_03176,Elizabeth Paul,1987-10-06,39,Female,  A-  ,503.374.3275,"71537 Kevin Path Suite 427, Lake Nicholasmouth",UnitedHealthcare,508-765-4715,2023-09-04
P_03177,Jason Hart,1997-10-05,29,Male,B-,631.466.1741,"4712 Douglas Roads Apt. 662, North Sabrinashire",Aetna Health,380-891-9335,2024-05-08
P_03178,Johnny Hernandez,1974-10-05,52,Male,O-,882-418-8304x317,"6126 Latoya Corner, South Sheila",Medicaid,001-573-917-9334x950,2024-08-25
P_03179,David Graham,1956-10-05,70,Male,AB-,490-514-8452x16612,"8786 Edwin Circle, Wilsonland",UnitedHealthcare,316.942.2069,2023-01-09
P_03180,Alison Harris,1983-10-06,43,Female,A+,507-596-3858x389,"1875 Morgan Forge, Marthafort",Cigna,540-217-3107,2023-04-08
P_03181,Pam Dawson,1992-10-05,34,Female,O-,(492)499-2440x16741,"864 Chelsea Ramp Suite 251, Campbellburgh",Aetna Health,5479634557,2023-04-13
P_03182,Mrs. Melanie Mendoza MD,2006-10-05,20,Female,AB+,6562896672,"93796 Eaton Lodge Suite 121, East Sheila",Aetna Health,001-597-609-8870,2023-04-05
P_03183,Kelly Orr,1995-10-06,31,Female,A+,511.296.9594x1327,"61147 Michael Junction, Matthewview",Medicare,2843181070,2023-04-17
P_03184,Catherine Morales,1991-10-06,35,Female,  AB-  ,534.743.1211x5686,"158 Ryan Meadow, South Alan",Medicare,277.634.8221x467,2024-09-21
P_03185,Mallory Powers,1946-10-05,80,Female,A+,708-548-5778x263,"2407 Diane Lodge, South Heatherstad",Aetna Health,001-572-888-8597,2024-02-21
P_03186,David Howard,1995-10-06,31,Male,AB+,282-572-1252x770,"16225 Kristen Fords, East Saraview",Aetna Health,(979)449-4242x258,2023-03-15
P_03187,Jeffrey Stewart,2002-10-05,24,Male,O+,3867084925,"2384 Daniel Flats, North Robert",Humana,7823756813,2023-07-19
P_03188,Allison Salazar,1950-10-05,76,Female,B+,3774890570,"88179 Green Throughway Apt. 085, West Joycemouth",Aetna Health,3152028357,2023-01-20
P_03189,Jeremy Mendoza,1979-10-06,47,Male,O+,(527)728-9987,"977 Gibson Overpass, West Annatown",Medicare,+1-527-832-3923x94630,2023-06-07
P_03190,Natasha Wheeler,1989-10-05,37,Female,A+,6817647860,"53024 Gary Falls Suite 817, Traceyfort",Blue Cross Blue Shield,555-338-3390x8877,2024-08-25
P_03191,Cody Trujillo,1984-10-05,42,Male,B+,+1-204-924-9743x077,"5994 Susan Forge, Sarashire",Humana,+1-500-786-1151x64520,2024-06-15
P_03192,Lynn Clements,1959-10-06,67,Female,B+,598.450.2110x9099,"6340 Mary Centers, Johnsonport",Aetna Health,663.425.2809,2023-08-26
P_03193,Curtis Roberson,2003-10-06,23,Male,A+,(977)962-7076,"68487 Jonathan Plaza Suite 034, Eduardoview",Humana,240-631-3453,2023-01-29
P_03194,Jeremy Braun,1989-10-05,37,Male,A-,+1-533-777-6747x6727,"71840 Martin Meadows, Lake Melissaburgh",Aetna Health,348-861-4652x121,2023-11-11
P_03195,Gabriela Gonzales,2001-10-05,25,Female,A-,(542)578-6916,"5268 John Glen Suite 219, North Robert",Humana,770.493.0876,2024-01-23
P_03196,Elizabeth Gay,1988-10-05,38,Female,AB-,(700)215-2646x51498,"348 Rodriguez Island, West Juanside",Aetna Health,660.720.7602x19313,2024-02-26
P_03197,Colleen Garcia,1986-10-05,40,Female,O+,7749080936,"6456 Anderson Mall, Port Alexanderport",Humana,3864453881,2023-11-02
P_03198,Justin Stephens,1971-10-06,55,male,B+,(636)322-9977x678,"602 Christina Lodge, East Carrieville",Cigna,(311)364-2818,2024-03-15
P_03199,John Nixon,1942-10-05,84,Male,O-,248.833.2693x31514,"848 Ryan Heights Suite 440, Maryshire",Cigna,247.478.2220x1127,2023-09-11
P_03200,Elizabeth Ellis,1980-10-05,46,Female,AB-,706-869-7481,"0374 Walter Knolls Suite 197, Port Jacob",Aetna Health,+1-743-826-1859x36344,2024-08-09
P_03201,Brian Marsh,1977-10-05,49,Male,B+,9602907486,"672 Meredith Lane, Port Christinemouth",Medicare,001-910-684-5789x040,2023-04-05
P_03202,Alexander Jenkins,1962-10-05,64,Male,O+,+1-556-587-3640x95914,"49737 Sexton Points, Lake David",Aetna Health,766.556.7779x2028,2023-03-09
P_03203,Evelyn Martinez,1972-10-05,54,Female,O+,+1-994-940-1070x4051,"018 Steven Road, Sarahside",UnitedHealthcare,001-479-578-2297x12030,2024-09-26
P_03204,Nancy Smith,1986-10-05,40,Female,AB-,677.958.7411x230,"667 Barnett Ridge Apt. 295, Benjaminchester",Aetna Health,+1-928-430-4151,2024-02-19
P_03205,Joseph Wagner,1952-10-05,74,Male,AB-,(278)849-2143,"493 Jackson Club Suite 518, Port Darleneberg",Cigna,001-256-262-8374,2024-02-08
P_03206,Eric Bryant DDS,1972-10-05,54,Male,AB-,+1-206-568-0242x428,"67970 Daniel Ridges Apt. 685, Lisaside",Cigna,001-967-312-6792x70439,2024-02-22
P_03207,Carol Ochoa,1954/10/05 00:00:00,72,Female,B+,273-810-1383x5242,,UnitedHealthcare,485.760.9519x7382,2024-02-02
P_03208,Elizabeth Sutton,2005-10-05,21,Female,O+,628.669.9993,"27920 Turner Islands, East Jacobville",Aetna Health,777-735-4571x539,2024-04-13
P_03209,Michael Rodriguez,1976-10-05,50,Male,AB-,001-206-730-7228,"223 Jennifer Camp Apt. 545, Dannyborough",Medicaid,001-400-465-1181x1033,2024-11-06
P_03210,Curtis Alexander,1995-10-06,31,Male,B+,001-433-643-1321x62936,,UnitedHealthcare,561-482-7857,2023-04-14
P_03211,Kelsey Frank,1965-10-05,61,Female,A-,001-784-253-8120,"4002 Anne Bridge, North Barry",Medicare,001-281-600-6345,2024-07-13
P_03212,Eric Jackson,1962-10-05,64,Male,O+,+1-623-625-5562,"5844 Moreno Fall, Lake Jeffreyton",Humana,392.302.4821,2024-05-27
P_03213,Antonio Massey,1972-10-05,54,Male,O-,6473049636,"91504 Hawkins Station Apt. 765, West Kyle",Humana,+1-936-539-1805x3749,2023-01-30
P_03214,Kathleen Klein,2002-10-05,24,Female,A+,001-616-957-2731x14936,"467 Cynthia Stravenue Suite 612, Amandaville",Blue Cross Blue Shield,437-734-1816,2023-06-20
P_03215,Megan Meyers,1947-10-06,79,Female,A+,+1-830-390-9974x8336,"5165 Snow Crossroad, East Carlshire",Medicaid,+1-834-855-6486x77238,2024/07/21 00:00:00
P_03216,Jacob Gomez,05-10-1964,62,Male,A-,(729)797-0128,"619 Hannah Locks, East Jerry",UnitedHealthcare,499.850.8989x8235,2023-05-01
P_03217,Juan King,1942-10-05,84,Male,AB-,8194387946,"834 David Fords Suite 077, South John",Cigna,936.658.2375x4730,2024-03-28
P_03218,Nicholas Carter,1942-10-05,84,Male,AB+,(495)477-8591,"39942 Rodriguez View Suite 114, West Jesustown",UnitedHealthcare,3514793520,10/10/2024
P_03219,Daniel Vazquez,1961-10-05,65,Male,AB+,285.548.9528x622,"040 Kevin Drives Apt. 267, South Shaneberg",Blue Cross Blue Shield,4915259651,2024-04-16
P_03220,John Gonzalez,1984-10-05,42,Male,A-,293.897.5107x838,"94661 Martinez Lock, East Ernestborough",Aetna Health,483-978-9046,2024-11-11
P_03221,Philip Harrell,1961-10-05,65,Male,O+,001-832-320-4007x184,"973 Shea Manors Suite 329, New Sara",Medicare,810.752.6061x0472,2024-08-03
P_03222,Bryan Owen,1984-10-05,42,Male,A-,927.970.5662,"8754 Eileen River, West Deborahfurt",Blue Cross Blue Shield,(533)466-3095x30796,2023-12-03
P_03223,William Frye,1984-10-05,42,Male,O+,616-949-1859x8806,"0490 Pamela Landing, Port Laura",Humana,7797376976,2024-08-07
P_03224,Stephanie Martinez,1966-10-05,60,Female,A-,296-869-9987,"063 Crosby Station, Michellefort",Aetna Health,864.604.7580,2023-02-04
P_03225,Bryan Blair,1987-10-06,39,Male,O-,001-390-732-3743x370,"26264 Robert Run Apt. 494, Davidland",Cigna,(945)901-9227x0043,2024-11-12
P_03226,Reginald Vazquez,1943-10-06,83,Male,AB+,+1-347-743-7626x8957,"526 Kaylee Fords, Lake Benjaminhaven",Blue Cross Blue Shield,794-645-2241x439,2023-10-16
P_03227,Andrew Murphy,1962-10-05,64,Male,AB+,478-584-5921,"418 Jordan Forks, North Anthonyshire",Medicaid,(483)480-9142x3743,2023-08-10
P_03228,Tracie Payne,1960-10-05,66,Female,A-,924.872.1450x6174,"38808 William Cliff Apt. 366, Port Johnfurt",Humana,001-782-587-8379,2024-08-15
P_03229,Kristen Brown,1962-10-05,64,Female,A+,219.634.2205,,Aetna Health,(592)732-1453,2023-06-15
P_03230,Marcus Mendez,1947-10-06,79,Male,A+,957.327.7634,"603 Larry Manors Apt. 735, New Jessica",Cigna,916-639-5425x092,2023-05-02
P_03231,David Osborne,2006-10-05,20,Male,B-,7632970818,"802 Adrienne Landing Apt. 573, West Lisa",UnitedHealthcare,981-880-9376x976,2023-10-26
P_03232,Wendy Bell,1976-10-05,50,Female,A+,291-761-6294,"98677 Ryan Mills, Stephanietown",Aetna Health,436-740-1616,2023-09-25
P_03233,Carol Gill,1998-10-05,28,Female,A-,786-710-9300x4717,"1150 Erika Junctions, Paulhaven",Medicare,238-811-0053x511,2024-05-04
P_03234,Steven Baldwin,1987-10-06,39,Male,O-,(875)498-7795x88530,"722 Williams Haven, Port Bradley",Blue Cross Blue Shield,(360)348-3806,2023-03-23
P_03235,Michelle Lewis,1978-10-05,48,Female,A-,001-863-812-5886x8331,"9097 Laura Springs, Ashleyview",Medicaid,001-444-427-0968x968,2023-05-19
P_03236,Kathleen Lewis,1960-10-05,66,Female,A+,527-691-5662,"90613 Robert Meadow, Antoniomouth",Aetna Health,(961)682-2863,2023-11-07
P_03237,Eric Hicks,1992-10-05,34,male,O-,(626)239-4691x7909,,Humana,+1-933-237-4019x3786,2023-04-05
P_03238,Megan Russell,1945-10-05,81,Female,b-,361-712-7406x15947,"753 Hammond Trace Suite 741, West Jamesview",Medicare,+1-615-433-7550,2023-03-18
P_03239,Judy Garrison,1967-10-06,59,Female,B-,(399)459-8949x00930,,Medicaid,720-214-9755x736,2023-10-29
P_03240,Melissa Tran,10/05/2006,20,Female,A-,+1-598-648-3870,"1347 Heather Islands Apt. 986, East Brettfort",Cigna,673-870-2405x3315,2024-10-14
P_03241,Mario Walker,1942-10-05,84,Male,b+,(741)823-7635x29365,"942 Patrick Drive Apt. 973, Lake Travis",Blue Cross Blue Shield,382-551-4341x63350,2023-06-23
P_03242,Jeffery Sharp,1997-10-05,29,Male,AB-,001-405-935-7369x687,"5848 Bright Mall Apt. 129, Oliverport",Aetna Health,625.458.8440,2023-09-01
P_03243,Patrick Li,1969-10-05,57,Male,A-,844.283.8717,"9935 Roger Course, North Lisa",Medicare,311.618.5514x632,2024-11-08
P_03244,Daniel Sullivan,1986-10-05,40,Male,O-,430-955-7826,"879 Miller Forks Apt. 562, West Robinfort",Cigna,474-299-2560x37514,2023-11-27
P_03245,Tim Richardson,1999-10-06,27,Male,A-,001-867-639-8526,"46980 Roger Point, Justinview",Cigna,001-535-888-5980x712,2024-01-08
P_03246,Laura Allison,1967-10-06,59,Female,AB-,213.333.4932x29060,"9546 Kristen Extension Apt. 136, North Ashleyside",Medicare,+1-200-541-4999x07786,2023-10-10
P_03247,Kenneth Castro,1971-10-06,55,Male,A+,776.213.6791,"14310 Rivera Forges, Thomasmouth",Blue Cross Blue Shield,487-555-8582x598,2024-09-04
P_03248,Jerry Garcia,1966-10-05,60,Male,AB-,001-802-303-8288,"2165 Jones Manor, Port Amanda",Cigna,001-309-556-7404x2443,2023-12-15
P_03249,Jordan Bauer,1949-10-05,77,Female,B+,+1-951-631-2100x0820,"77621 Oneill Landing Apt. 747, Thomasstad",Medicare,497-373-5225,2023-10-31
P_03250,Benjamin Mueller,1983-10-06,43,Male,AB-,400.955.1641,"34688 Pamela Fords, Williamsonburgh",Blue Cross Blue Shield,001-229-906-5571,2024-10-31
P_03251,Jeffrey Wheeler,1962-10-05,64,MALE,AB+,+1-615-249-3174x8968,"64005 Mccullough Rapids Suite 031, New Ryanland",Humana,001-972-857-2836x949,2024-11-10
P_03252,Gina Greer,2000-10-05,26,Female,O+,903-447-3758x3683,"2511 Katherine Springs, Lake Yolandashire",Humana,905-672-4187,2024-01-23
P_03253,Paula Figueroa,1975-10-06,51,Female,A+,597-771-3448,"834 Mcgrath Burgs, North Erikaside",Cigna,(924)805-1649,2023-04-16
P_03254,Carrie Blackburn,06-10-1995,31,Other,A-,772.725.4079,"175 Ferguson Pike Suite 799, East Cherylville",Medicare,958-724-2122,2023-10-06
P_03255,Geoffrey Watkins,1973-10-05,53,Male,A-,615.639.7929,"37747 Elizabeth Loop, West Natalieland",Blue Cross Blue Shield,(537)211-3454x4807,2023-06-22
P_03256,Andrew Fox,1997-10-05,29,Male,B+,(357)305-3563x2525,"65018 Julia Islands Suite 007, Johnville",Aetna Health,001-330-436-9189x15958,2023-08-23
P_03257,Jordan Rivera,2003-10-06,23,Male,B+,,"015 Alicia Gardens Apt. 160, New Carlberg",Medicaid,+1-585-400-0074x65468,2023-10-12
P_03258,Glenn Church,05-10-1966,60,Male,A-,001-709-865-7509x6916,"43675 Casey Isle Apt. 960, South Gabrielland",Blue Cross Blue Shield,436.823.7359x190,2023-02-02
P_03259,Joseph Ryan,1941-10-05,85,Male,A-,+1-866-928-4670x8029,"26257 Bright Views Apt. 651, Port Ericastad",Cigna,001-397-750-0344x581,2023-08-22
P_03260,David Mueller,1972-10-05,54,Male,o-,859.860.2959x465,"33507 Rogers Summit, Blakechester",Aetna Health,450-262-5565,2023-11-18
P_03261,Erin Arnold,1965-10-05,61,Female,O+,001-729-991-7626x24019,"24404 Mann Prairie Suite 723, Sparksview",UnitedHealthcare,806-227-6904,2023-01-08
P_03262,Lisa Peterson,1980-10-05,46,Female,A+,(777)251-3991x05030,"691 Grant Fall, Lake Davidhaven",Medicaid,+1-347-850-7933,2024-05-16
P_03263,Jason Rodriguez,1994-10-05,32,Male,A-,001-970-293-0666x8457,"162 Davidson Shoals, Lake Steven",Blue Cross Blue Shield,747-729-3266x084,2024-07-07
P_03264,Ricky Hardy,1951-10-06,75,Male,A-,232-805-4670x387,"857 Faulkner Turnpike, Haileytown",Medicaid,515.863.9660,2023-12-04
P_03265,Michelle Olson,1956-10-05,70,Female,A-,+1-542-450-7129x3667,"45901 Kayla Rapids Apt. 476, Port Stephanie",Cigna,001-979-400-7392,2024-06-06
P_03266,Jeremy Oconnell,1986-10-05,40,Male,B+,6872417261,"905 Michael Port Suite 945, Jeremyport",Medicaid,(967)786-3120x48976,2024-04-10
P_03267,Danielle Bradford,1974-10-05,52,Female,B-,001-503-278-4411x611,"5121 Lee Row Suite 970, West Krista",Blue Cross Blue Shield,(701)535-3452x9497,2024-07-22
P_03268,Danielle Mckinney,1963-10-06,63,Female,A+,380.229.2776,"60497 Bridges Trafficway, Jillfurt",Cigna,(665)537-1087x424,2024-07-26
P_03269,Walter Mann DDS,1942-10-05,84,Male,B-,+1-757-516-9452x88210,"166 Megan Circles, North Jameshaven",Humana,(225)386-5068,2024-11-14
P_03270,Leah Cook,1953-10-05,73,Female,A+,001-811-510-1758x462,,UnitedHealthcare,640-301-9271x164,2024-02-17
P_03271,Angela Castillo,1949-10-05,77,Female,AB+,001-273-985-2926x0561,"291 Jeremy Throughway Suite 506, East Markside",Cigna,+1-210-266-9917,2024-01-17
P_03272,Shelly Martin,2008-10-05,18,Female,O+,001-519-777-2945x08936,"273 Tammy Trace, West Christina",Medicaid,+1-397-234-2858,2023-01-01
P_03273,Ashley Mclaughlin,1949-10-05,77,Female,O+,596.428.9380x430,"2148 Jessica Village Apt. 951, Morganfurt",Blue Cross Blue Shield,902.322.4394,2024-06-16
P_03274,Jonathan Nichols,1989-10-05,37,Male,B-,(595)814-1410,"988 Daniel Park, North Tiffanyfort",Medicare,+1-268-941-5369x445,2024-03-06
P_03275,Donald Hamilton,2000-10-05,26,Male,O+,5922551461,"608 Hays Fork, Alexanderborough",Blue Cross Blue Shield,(697)375-0793x568,2023-11-22
P_03276,Melissa Fitzgerald,2001-10-05,25,Female,A+,+1-772-665-2343x992,"317 Williams Field Apt. 262, North Colleen",Aetna Health,(306)792-4279x1925,2024-08-24
P_03277,George Gilmore,1965-10-05,61,Male,O+,+1-228-815-5572,"073 Thomas Island, West Tyler",Medicaid,(385)312-9940,2023-07-19
P_03278,Dylan Wallace,1980-10-05,46,Male,O-,943-342-5601x5296,"27310 David Parks, Micheleville",Humana,+1-646-988-3536,2023-11-05
P_03279,David Johnson,1963-10-06,63,Male,B+,001-226-785-9267x913,"9756 Garcia Mills Suite 152, Port Krystal",UnitedHealthcare,(804)215-8175,2024-11-22
P_03280,Joseph Campbell,2003-10-06,23,Male,O-,(463)812-8506x24382,"3266 Hill Villages, Port Josephhaven",Cigna,344-583-5345x407,2023-02-02
P_03281,Laura Jones,1986-10-05,40,Female,AB-,,"9976 Jill Dam Apt. 046, South Elizabethchester",Medicaid,(585)384-2551x8931,2024-02-12
P_03282,Tabitha Stanley,1951-10-06,75,Female,O+,717-683-3706x611,"31838 Kevin Lake, Kellitown",Aetna Health,+1-312-484-8787x758,2024-08-21
P_03283,Benjamin Porter,1993-10-05,33,Male,O-,777.415.4110,"7291 Robert Forge Suite 235, South Robert",Blue Cross Blue Shield,001-941-823-9783x298,2023-10-12
P_03284,Maria Harrington,10/05/1972,54,Female,AB+,(875)959-4672,"85707 Chavez Shores Apt. 772, Joshuaburgh",UnitedHealthcare,918-690-6584x181,2024-09-27
P_03285,Whitney Deleon,1976-10-05,50,Female,B+,923-394-4532x428,"52882 Dickerson Villages Apt. 106, Lake Nancymouth",Medicaid,6364534027,2024-07-04
P_03286,Lisa Cox,1996-10-05,30,Female,O+,(525)822-1828x200,"879 Davis Garden, Jeremyfurt",Aetna Health,(503)776-9176x872,2023-05-24
P_03287,Angela Martin,1973-10-05,53,Female,B+,(301)941-0898x162,"938 Alice Drive, South Joseph",Blue Cross Blue Shield,233.607.0052,2023-06-10
P_03288,Joanne Moore,1969-10-05,57,Female,AB-,(393)610-2857x38643,"836 Miranda Parks, East Daniel",Cigna,(388)763-9278,2023-07-01
P_03289,Jeffrey Andrews,1981-10-05,45,Male,A+,,"206 Craig Stravenue Suite 493, Kyleshire",Medicare,+1-536-336-1979x0837,2023-08-03
P_03290,Jason Black,1949-10-05,77,Male,B-,7348599886,"4995 Joshua Brooks Suite 977, East Sarahton",Medicaid,+1-823-734-6842x720,2023-08-09
P_03291,Jeremy Roth,1975-10-06,51,Male,B+,711-865-4074,"816 Timothy Loop, East Michael",Blue Cross Blue Shield,(819)888-4798x1207,2024-01-02
P_03292,Marcus Gomez,1995-10-06,31,Male,B-,(417)948-1969,"566 Villa Radial, Wilkinsonland",Aetna Health,(376)946-8519,2024-08-13
P_03293,Stephanie Wallace,1972-10-05,54,female,A+,+1-560-978-1413x572,"8797 Tammy Road, Hernandezview",Blue Cross Blue Shield,,2023-03-28
P_03294,Donald James,1964-10-05,62,Male,B+,2662093494,"7927 Jay Overpass, Butlerborough",Aetna Health,816.914.1903,2024-03-16
P_03295,Thomas Williams,1964-10-05,62,Male,AB-,(793)395-5332,"13650 Randall Causeway Apt. 506, New Patrick",UnitedHealthcare,961-491-5121x0008,2024-05-19
P_03296,Tracy Roman,1964-10-05,62,Female,B+,+1-897-233-1669x984,"1849 Case Point Suite 835, South Brianna",Aetna Health,(835)255-4512,2024-09-28
P_03297,Anthony Rangel,1963-10-06,63,Male,B-,(659)430-9184x34429,"3338 Nash Drive, Jenningsstad",Blue Cross Blue Shield,265.259.1858x77436,2023-08-11
P_03298,Angela Clark,1965-10-05,61,Female,  AB+  ,+1-795-647-8836,"649 Rivera Park Suite 657, Port Jennifer",UnitedHealthcare,393-295-6799x714,01-07-2024
P_03299,Robert Rose,1951-10-06,75,Male,A-,612.657.2348x661,"81471 Jackson Ranch Suite 943, Port James",Medicaid,+1-690-485-7257,2024-03-30
P_03300,Cassandra Rice,1970-10-05,56,female,O-,(782)528-3124x2901,"3934 Powell Shore, North Christie",Medicare,675-277-8513x113,2023-04-17
P_03301,William Mueller,05-10-1984,42,Male,O-,219-877-1680,"12012 Graves Camp Suite 506, North Dawnfurt",Cigna,561-527-0584x15548,2023-12-19
P_03302,Teresa Ross,1960-10-05,66,Female,AB-,001-584-705-0469x44357,"1689 Reyes Oval Apt. 828, East Alexander",Medicare,904-863-6058x86562,2023-06-13
P_03303,Scott Li,1991-10-06,35,Male,B+,615.721.1507x32497,"5265 Hunter Burg, East Lisa",Aetna Health,(968)257-5849,10/01/2024
P_03304,Debra Mckinney,1974-10-05,52,  Female  ,o-,652.795.8977,"85330 Amanda Plaza Suite 958, Masonstad",Blue Cross Blue Shield,001-884-972-3009,2024-07-14
P_03305,Ryan Arias,1962-10-05,64,Male,B+,+1-569-510-2744x06503,"1453 Pamela Turnpike Apt. 714, Jacobfurt",Aetna Health,840.827.8681x26490,2023-07-29
P_03306,Tracy Wolfe,1968-10-05,58,Male,B+,523-442-7773x37922,"28545 Martin Pike Apt. 721, South Davidville",Medicare,+1-295-494-9690x930,2024-08-22
P_03307,Michael Joseph,1971-10-06,55,Male,O-,2992794990,"9309 Kyle Gardens Apt. 632, West Elizabeth",Blue Cross Blue Shield,001-981-317-0813x2815,2024-02-29
P_03308,Brian Stevenson,1962-10-05,64,Male,A+,(934)528-5161x2699,"7696 Yvonne Via, Atkinsonmouth",Cigna,001-334-906-6816x4848,2023-07-17
P_03309,Holly Stewart,1950-10-05,76,Female,B+,001-325-420-8759x39102,,Humana,(467)302-3957x546,2023-09-09
P_03310,Clayton Roberts,1979-10-06,47,Male,O+,+1-635-290-4044,"39694 James Center, West Katherinemouth",Medicare,877.576.1499x71651,2023-09-23
P_03311,Rachel Rojas,1968-10-05,58,Female,B-,655-430-9468x00400,"120 Maureen Walks Suite 865, Austinborough",Humana,445-736-5516x6556,2023-04-16
P_03312,Heather Wade,1993-10-05,33,Female,B+,677.362.6854x058,"04651 Kristi Street Apt. 772, Brianport",Blue Cross Blue Shield,598-873-5911x46000,2023-12-16
P_03313,Barbara Smith,10/06/1963,63,Female,AB-,001-837-741-4062x112,"057 Schultz Branch, Comptonland",Aetna Health,727.971.7242x8192,2023-02-01
P_03314,Melissa Gray,1984-10-05,42,Female,AB-,5896131837,"327 Martinez Ways, Bankston",Blue Cross Blue Shield,001-996-638-7457x1074,2023-08-14
P_03315,Patrick Kim,1983-10-06,43,Male,B-,596.476.6727x3266,"77347 Medina Court, South Jack",Medicare,761.271.0656x7484,2023-12-20
P_03316,Amy Cooper,1950-10-05,76,Female,O+,(280)874-8911x02368,"99761 Alexander Shore Apt. 562, Christopherton",UnitedHealthcare,9526104506,2024-01-31
P_03317,Robert Savage,1967-10-06,59,  Male  ,AB+,442.294.5729x275,"1006 Margaret Islands, West Kevin",Cigna,(573)971-0528,2023-06-13
P_03318,James Mccullough,1977-10-05,49,Male,A+,001-669-941-7021x655,"5528 Mccoy Flats, Port Phillip",Medicare,541.684.7066,2024-10-02
P_03319,Denise Reed,1981-10-05,45,Female,B+,(438)604-0707x93695,"1131 Love Cliff, Michelleside",Humana,,2023-12-08
P_03320,Samantha Campbell,1956-10-05,70,Female,B+,+1-494-281-8352x67800,"29015 Brandi Spur Apt. 374, Brettton",Medicaid,+1-421-751-2725,2024-03-03
P_03321,Donna Fisher,2001-10-05,25,Female,B-,438.445.5905,"76442 Sherman Isle Suite 910, West Amanda",UnitedHealthcare,(331)350-6266x63826,2024/03/27 00:00:00
P_03322,Thomas Potter,2000-10-05,26,Male,AB-,001-321-478-6311x301,"32206 Susan Well Suite 372, West Reneeport",Blue Cross Blue Shield,,2023-04-23
P_03323,George Jacobs,1988-10-05,38,Male,  A+  ,(905)911-3731x77015,"827 Corey Street, Michelleshire",UnitedHealthcare,(708)398-6159,05/20/2024
P_03324,Michael Robbins,1964-10-05,62,Male,AB+,381-364-3588,"8027 Andersen Greens Suite 882, Lake Savannahshire",Cigna,5786329994,2023-05-21
P_03325,Jenny Morgan,1983-10-06,43,Female,A-,982-937-2713x27147,,UnitedHealthcare,796-612-8178x597,2024-09-17
P_03326,Dennis Barker,1956/10/05 00:00:00,70,Male,B+,8927918645,"52682 Edward Point Suite 309, South Michaelfort",Cigna,(822)743-1476x6709,2023-07-17
P_03327,John Kelley,1966-10-05,60,Male,O+,558.267.7297,"4917 Tracey Ridges Suite 185, Elizabethmouth",Medicare,669-611-8832x3754,2023-11-21
P_03328,Evan Ortiz,1996-10-05,30,MALE,B-,(975)432-7258x795,"5222 Reid Mountain, Williammouth",Cigna,001-489-744-2664,2023-07-21
P_03329,Ronnie Nelson,1977-10-05,49,Male,B+,(641)539-4896x882,"06375 Walker Plains Suite 382, Angelaburgh",Humana,(319)468-7489x7573,2023-01-05
P_03330,Chloe Ramirez,1959-10-06,67,Female,AB+,+1-337-274-9490x68492,"597 Young Fort, South Stephanie",Aetna Health,+1-753-757-6882,2024-11-23
P_03331,Jesse George,1977-10-05,49,Male,O-,(477)993-0760x295,"20161 Maria Prairie Apt. 715, Kyleland",Cigna,(489)256-6767,2023-08-06
P_03332,Catherine Brooks,1996-10-05,30,Female,O-,+1-296-770-1624x376,"44693 Roger Points, Greenestad",Cigna,001-475-743-6040x637,2024-07-07
P_03333,Elizabeth Gentry,2006-10-05,20,Female,AB+,001-412-855-3612x318,"6835 Elizabeth Gardens, Johnsonside",Medicaid,733-844-8815x6870,2023-12-10
P_03334,Jillian Frazier,1999-10-06,27,Other,O+,276-697-3713,"04208 Martinez Expressway Suite 081, Zacharyborough",UnitedHealthcare,(413)997-4151x778,2024-07-29
P_03335,Michael Armstrong,2007-10-06,19,Male,  A-  ,+1-672-838-2198x3769,"52544 Brian Fall, Holmesfort",Medicaid,907.548.3249,2024-09-28
P_03336,Ryan Jimenez,1940-10-05,86,Male,AB-,001-538-997-0235x659,"519 John Throughway Suite 556, Port Kimberlyberg",UnitedHealthcare,+1-854-213-9841,2023-01-01
P_03337,Melissa Moore,1949-10-05,77,Female,A+,+1-912-675-0547x8038,"95706 Megan Hills, Lake Sabrinafurt",Medicaid,+1-313-319-1150x252,2024-06-27
P_03338,Robert Roberts,1967-10-06,59,Male,A-,,,Blue Cross Blue Shield,626-866-6195x2802,2023/02/06 00:00:00
P_03339,George Benson,1999-10-06,27,Male,AB-,+1-485-566-1469x9444,"536 Hopkins Lodge Suite 408, Kyliemouth",Blue Cross Blue Shield,856-952-0084x68888,2024-02-20
P_03340,Matthew Choi,1970-10-05,56,Male,B-,2809823834,"124 Sanchez Gardens Apt. 319, South Judy",Medicare,974-635-8157,2024-11-01
P_03341,Frederick Wilkerson,1970-10-05,56,Male,A+,001-919-894-5769x1115,"50138 Jesse Causeway, Huffchester",Blue Cross Blue Shield,(345)592-8473,2023-07-21
P_03342,Michael Schultz,1982-10-05,44,Male,O-,961-740-7867x2670,"10541 Jennifer Branch Suite 903, Peterton",Medicaid,772-794-0012x54386,2024-04-03
P_03343,Katherine Benjamin,2000-10-05,26,Female,A-,9976743264,"5300 Nguyen Locks, Eatonberg",Medicare,001-874-862-4125x304,2024/04/18 00:00:00
P_03344,Anne Barker,1967-10-06,59,female,O+,001-757-643-1000x2883,"297 Lee Mountain, Millerborough",Blue Cross Blue Shield,(248)276-6817,2024-05-10
P_03345,Tamara Ramirez,1985-10-05,41,Other,A-,+1-707-274-6347x16662,"622 Alan Orchard Suite 375, East Christopherfurt",Blue Cross Blue Shield,,2024-06-13
P_03346,Sonya Williams,1977-10-05,49,Female,B-,001-380-243-9557x120,"74833 Belinda Bypass, Batesfurt",Cigna,001-718-895-4931x81106,2024-08-16
P_03347,Jasmine Nash,1969/10/05 00:00:00,57,Female,A+,(535)852-5529x069,,UnitedHealthcare,+1-254-916-0842x041,2023-02-12
P_03348,Victoria Chandler,1987-10-06,39,  Female  ,AB-,(759)886-5417,"8558 Hughes Well, New Joyce",Medicare,785.592.0438,2024-10-21
P_03349,Jared Castillo,1964-10-05,62,Male,B-,,"03210 Reid Wells Apt. 009, Lake Colefort",Aetna Health,+1-215-603-5977x78106,2023-09-10
P_03350,Timothy Reyes,1988-10-05,38,Male,O-,(617)419-3400x2923,"322 Reeves Plains Apt. 876, South Tiffanyport",Humana,(570)215-8899x259,2024-11-06
P_03351,Monica Crawford,1993-10-05,33,female,AB+,346.514.2247x746,"09776 Brown Mountains, Dominiqueton",Medicare,(582)419-1051,2023-12-05
P_03352,Lindsay Pearson,1941-10-05,85,Female,B-,851-377-2408x7676,"6357 Johns Drives, Lake Phillipberg",Blue Cross Blue Shield,+1-745-480-9753x1426,2023-01-05
P_03353,William Hernandez,1978-10-05,48,Male,O+,(410)996-8367x881,"4316 Perez Manor Apt. 390, Dorothychester",Medicare,(456)900-8610x52920,2024-04-18
P_03354,Kathryn Vega,1978-10-05,48,Female,A+,293.971.5125x105,"4919 Johnson Motorway, East Brandon",Aetna Health,+1-498-622-8359x4997,2023-03-13
P_03355,Nicholas Johnson,1988-10-05,38,Male,B-,435.269.8172x07718,"5348 Hernandez Manors, West Juliechester",Blue Cross Blue Shield,+1-560-216-9103,2023-11-04
P_03356,Hannah Kane,1954-10-05,72,Female,O-,001-993-478-1696,"210 Torres Stravenue, Danielfurt",Aetna Health,254.843.6194,2023-01-08
P_03357,Amber Curry,1968-10-05,58,Female,O-,492-817-0988x65863,"6628 Michelle Greens Suite 052, Alvaradoburgh",Medicare,+1-721-625-3311x796,2023-06-20
P_03358,Mr. Raymond Flores MD,1994-10-05,32,Male,AB-,(690)837-3148x0073,"8285 Matthew Knolls Suite 318, Fischerchester",Aetna Health,835.922.5046,2024-05-28
P_03359,John Jimenez,1993-10-05,33,Male,O-,+1-533-244-7572,"7692 Tony Drives Suite 675, East Dawnbury",Blue Cross Blue Shield,001-562-585-7078x524,2024-09-09
P_03360,Adam Robinson,06-10-1975,51,Male,AB+,+1-756-611-3025x915,"012 Samuel Lakes, Alexanderborough",Cigna,(907)487-3903x789,2023-10-13
P_03361,Michelle Tanner,1939-10-06,87,Female,O-,882.428.3219x766,"74228 Andrew Groves Suite 632, Leeborough",Humana,(626)391-5854x40977,2023-12-24
P_03362,Marilyn Fisher,1941-10-05,85,Female,O-,,"1204 Simmons Row Apt. 050, Cannonton",Blue Cross Blue Shield,(402)925-2433,2024-03-13
P_03363,John Adams,1985-10-05,41,male,O-,686-333-9123,"21915 Matthew Ways Suite 015, West Timothy",Medicare,+1-543-585-6180x617,02/13/2024
P_03364,Nancy Hendrix,1966-10-05,60,Female,B-,(670)897-5412x23039,"6345 Roach Plaza, Hernandezland",Aetna Health,830-652-4407,2024-01-22
P_03365,Kenneth Logan,1999-10-06,27,Male,AB+,001-928-701-5564x614,"459 Crystal Ramp Suite 829, New Dawnport",Aetna Health,+1-885-300-9367x130,2024-01-11
P_03366,Jamie Rodriguez MD,1996-10-05,30,Female,B+,+1-566-643-6289x48402,"33242 Rivera Stravenue, Davisberg",Aetna Health,,2024-04-14
P_03367,Christina Scott,1981-10-05,45,Female,O-,001-421-356-6979x7501,"91598 Hays Court, Darleneton",Blue Cross Blue Shield,001-790-444-2557x251,2024-09-30
P_03368,Thomas Lopez,1971-10-06,55,Male,A-,+1-772-468-0410x017,"0505 Wilson Terrace, North Lindseystad",UnitedHealthcare,(228)225-8628,2024-03-07
P_03369,Mark Martinez,1993-10-05,33,Male,A-,256-462-8717,"979 James Hollow, Aprilmouth",Blue Cross Blue Shield,881.857.7472x3992,2023-12-03
P_03370,Jessica Mcdonald,1984-10-05,42,Female,B+,9185929266,"264 Giles Avenue, East Phillip",Medicare,+1-294-285-1433x55233,2023-02-01
P_03371,Melissa Martinez,1982-10-05,44,Female,AB-,9657733703,"28389 Steven Estates Suite 184, Port Kevinfurt",Medicaid,883-482-6816x066,2023-09-25
P_03372,Kayla Hudson,1977-10-05,49,Female,  B-  ,782-541-4831x03129,"9645 Perez Park, New Tanya",UnitedHealthcare,(605)997-1675x3947,2023-10-23
P_03373,Susan Phillips,1993-10-05,33,Female,O-,599-834-2345x93141,"166 Anna Forest, Andersonville",Medicaid,001-960-618-8193,2023-10-18
P_03374,Barbara Brown,1977-10-05,49,Female,O+,8932030606,"77904 Rodriguez Fords, East Victoriachester",Humana,477.592.0175x0385,2024-06-01
P_03375,Melanie Cox,1953-10-05,73,Female,A-,(353)575-8708x45196,"72590 Nicholas Flat, Jenniferside",Medicare,785-561-0789,2023-01-24
P_03376,Yvonne Molina,1977-10-05,49,Female,B+,(698)748-2946x375,"5175 Scott Common Suite 909, North Kendrashire",UnitedHealthcare,+1-221-362-9806x148,2023-05-30
P_03377,Mary Gonzalez,1952-10-05,74,Female,  O-  ,441.573.7091,"358 Patricia Roads Apt. 455, Josephport",Cigna,(377)249-2231x3915,2024-08-29
P_03378,Kaitlyn Jennings,1959-10-06,67,Female,A+,001-538-549-2137,"317 Owen Ridge, Lake Michael",Medicaid,701.654.5841x2736,2024-11-22
P_03379,Julie Wolfe,1980-10-05,46,Female,AB-,001-265-778-1682,"62058 Dan Stream Apt. 138, Pereztown",Blue Cross Blue Shield,(751)324-7853x72492,2024-01-22
P_03380,Katherine Goodman,1982-10-05,44,FEMALE,A-,6912236163,"1761 Melissa Greens Suite 990, Christinehaven",Medicare,495.545.4163,2023-05-27
P_03381,Cathy Tucker,1975-10-06,51,Other,UNKNOWN_VAL,(548)994-5581x7896,"28752 Linda Via Apt. 196, Robertville",Medicare,855-870-2141,2023-07-22
P_03382,Hannah Hoffman,1938-10-05,88,Female,A-,998.279.4568,"5332 Cory Mount Apt. 440, Port Jason",Blue Cross Blue Shield,+1-939-321-3592,2023-07-25
P_03383,Jeanette Allen,2007-10-06,19,Female,A-,716-908-9709,"295 Rosario Valleys, Chandlerhaven",Medicaid,2058146424,2024-09-01
P_03384,Rachel Kelley,1960-10-05,66,Female,A+,6105001531,"03928 Stephanie Ports Apt. 916, Lake Michael",Aetna Health,+1-475-676-0242x82303,2023-11-14
P_03385,John Phillips,1972-10-05,54,Male,B+,001-522-563-3931x20897,"8051 Anderson Junctions Suite 051, Valeriefurt",Medicaid,+1-311-929-3295x5972,2023-10-13
P_03386,Terri Robinson,2007/10/06 00:00:00,19,Female,O-,(839)881-5168x997,"9850 James Cove, Valerieview",Medicare,713.416.8752x866,2023-09-26
P_03387,Denise Mayer,1989-10-05,37,Female,A+,(432)488-1572,"41787 Dominguez Spring Suite 095, Joshuashire",Medicaid,755.253.0759x277,2024-06-30
P_03388,Joseph Hurst,1973-10-05,53,Male,AB+,001-315-382-1445,,Humana,716.428.4689x155,2024-06-16
P_03389,Laura Diaz,1952-10-05,74,Female,B-,9558276701,"150 Velez Vista, Carriebury",Blue Cross Blue Shield,+1-849-696-5756x570,2023-01-04
P_03390,Lori Mclaughlin,1970-10-05,56,Female,B-,001-892-220-1223x37366,"949 Kristina Parkway Apt. 480, Sarahtown",Blue Cross Blue Shield,(263)730-9019x33381,2023-08-06
P_03391,Susan Becker,1961-10-05,65,Female,B+,+1-225-568-1315,"334 Dean Terrace Suite 724, Lake Christopherchester",Blue Cross Blue Shield,(656)643-3760x7473,2024-09-25
P_03392,Amber Williamson,1991-10-06,35,Female,O-,001-287-472-9552x5487,"644 Brian Mount, Port Tammyport",Medicare,875-202-3309x0857,2024-03-08
P_03393,Tom Elliott,1980-10-05,46,Male,A-,+1-984-819-7364,"29773 Brent Wells Apt. 570, Sherriborough",Medicaid,416.632.4492x4438,2024-05-12
P_03394,Kristy Freeman,1969-10-05,57,Female,B-,626-789-3378x913,"27209 Summer Orchard, North Ronaldhaven",Medicare,901.409.2741,2024-07-09
P_03395,Daniel Christian,1944-10-05,82,Male,A-,+1-257-450-9486x690,"12711 Laura Pines, Pamelaville",Cigna,+1-958-672-4573x0351,2024-11-13
P_03396,David Williams,1996-10-05,30,Male,B+,365-449-0923,"05266 Wade Via, Ortizshire",Aetna Health,205.404.5856x9203,2024-02-16
P_03397,Kevin Johnson,1969-10-05,57,Male,B-,+1-872-958-7826,"32554 King Mountain Suite 909, Rileyton",Medicare,(391)547-8251x999,2024-06-11
P_03398,Nancy Hines,10/05/1996,30,Female,A+,001-674-371-6538x08590,"7369 Villarreal Pike Apt. 186, Lake Emilyville",Medicare,485.920.4772,2024-07-17
P_03399,Natalie Murray,1953-10-05,73,Female,B+,(622)345-5839x9856,"39264 Ralph Place, Archerview",UnitedHealthcare,(639)289-9143,2024-08-02
P_03400,George Cook,1968-10-05,58,Male,O-,001-715-665-8438x84105,"767 Cantrell Knolls, East Susanton",Medicare,(845)562-2592,2024-03-20
P_03401,Lisa Miller,1954-10-05,72,Female,A+,813-245-1807x61779,,UnitedHealthcare,001-249-324-6596x4560,2024/01/14 00:00:00
P_03402,Hunter Rodriguez,1938/10/05 00:00:00,88,Male,O-,960-407-9066x99695,"33491 Neal Plain Suite 388, New Wendy",Blue Cross Blue Shield,521.841.6885x88376,2023-10-25
P_03403,Christopher Vazquez,1968-10-05,58,Male,B+,531-372-1311x07701,"34248 Kim Circle, Lake Crystal",Medicaid,724.752.2368x69005,2024-08-08
P_03404,Christina Mendoza,1949-10-05,77,Female,A-,+1-448-396-9930x568,"081 Ferrell Station Suite 810, South Juliemouth",Cigna,+1-822-929-7373,2024-07-01
P_03405,Cynthia Waters,1977-10-05,49,Female,AB-,(951)522-5066x8445,"4213 Olson Neck Apt. 183, Sandersfurt",Humana,(509)268-3901x4706,02/27/2023
P_03406,Amanda Barber,2007-10-06,19,Female,B+,943.953.9482x466,"297 Forbes Crest, Lake Michael",Medicaid,(243)495-8709x981,2023-10-04
P_03407,Sarah Martinez,1982-10-05,44,Other,B-,001-909-245-5172x353,"5253 Alexandria Highway Suite 398, Jenniferview",Cigna,282.745.2507,2024-04-19
P_03408,Lee Thompson,2008-10-05,18,Male,B+,+1-981-522-1552,"19569 Matthew Stream Suite 918, Elizabethhaven",UnitedHealthcare,(527)804-5849x286,2023-05-07
P_03409,Eric Williams,1989-10-05,37,Male,AB+,458.938.9904x866,"7860 Amanda Overpass, Baileyport",Aetna Health,(337)677-9376,2024-10-02
P_03410,Katrina Doyle,10/05/1965,61,Other,B+,001-333-750-4242x48351,"4952 Kevin Overpass Suite 585, North Maryland",Aetna Health,840.706.1826,2023-06-02
P_03411,Jennifer Ball,1954-10-05,72,Female,O+,9756106285,"9504 Eric Trafficway Apt. 602, Port James",Aetna Health,423-262-3067x53546,2024-10-11
P_03412,Cynthia Becker,1963-10-06,63,Female,AB+,001-701-966-6969,"9791 Laurie Stravenue Apt. 510, Nicholasberg",Humana,(542)393-2594x551,2023-01-21
P_03413,Thomas Ryan,1969-10-05,57,Male,O-,(873)329-6251x086,"20967 Briggs Drives, Lake Andrew",UnitedHealthcare,999-940-8979x774,2023-05-23
P_03414,Susan Smith,1983-10-06,43,Female,  AB-  ,(713)716-8183x26699,"499 Johnson Field Suite 537, Lake Duane",Medicare,784-658-6394,2023-01-26
P_03415,Laura Maldonado,1978-10-05,48,Female,  AB-  ,(886)767-6879x749,"765 Barr Pine Apt. 519, Martinezburgh",Medicare,538-653-5005x4496,2024-11-10
P_03416,Diane Avery,1975-10-06,51,Female,AB-,2975663025,"866 Barbara Common Apt. 147, East Jenna",Cigna,+1-581-818-2634,2024-05-19
P_03417,David Gutierrez,1986-10-05,40,Male,O+,,"00158 Haynes Pike, Rebeccamouth",Medicaid,001-762-996-9068,2023-03-09
P_03418,Samuel Mcbride,1980-10-05,46,Male,AB+,+1-415-746-3293,"6079 Sean Trail Suite 597, Patrickbury",Medicaid,236.282.8501,2024-06-10
P_03419,Sarah Hill,1971-10-06,55,Female,AB-,614-218-9117x8238,"19335 Martinez Overpass Apt. 536, Lake Mary",Cigna,+1-984-692-5221x040,2023-08-23
P_03420,Albert Powell,1955-10-06,71,Male,O+,2049005297,"587 Norton Forks Suite 677, West Jennifershire",Humana,001-580-298-3689x2097,2024-05-21
P_03421,Kaitlin Scott,1999-10-06,27,Female,O-,958-603-3557x3732,"6120 Jason Centers Suite 467, Brianburgh",UnitedHealthcare,880.933.4549x16425,2024-11-09
P_03422,Jeffrey Miller,1944-10-05,82,Male,O+,(283)463-0604x150,"35056 Chris Course Apt. 608, Port Mariaberg",Humana,(727)530-1667x3822,2023-10-25
P_03423,Heather Thomas,1987-10-06,39,Female,O+,+1-540-958-4047,"76036 Boyd Creek, North Amytown",Medicaid,505.780.2392,2023-09-07
P_03424,Alan Flores,1977/10/05 00:00:00,49,Male,A+,(482)555-9189x85399,"771 Green Skyway, Riveraland",UnitedHealthcare,572.610.1395,2023-11-09
P_03425,Jonathan Gray,1981-10-05,45,Male,A+,001-620-429-0842x913,"40658 Torres Views Suite 008, East Margaret",Blue Cross Blue Shield,633.431.0025x7817,19-04-2024
P_03426,Victoria Roberts,1955-10-06,71,Female,A+,(532)833-6349x52234,"285 Willis Spurs Suite 725, Lake Kristen",Cigna,+1-342-266-9248x1821,2024/09/09 00:00:00
P_03427,Daniel Burton,1945-10-05,81,Male,AB-,(297)308-8203x782,"12590 Allison Bypass Suite 636, Youngtown",Cigna,001-478-227-3492x111,2024-08-27
P_03428,John Rivera,2008-10-05,18,Male,AB-,443.928.1308x807,"473 Martin Coves, Cummingschester",Blue Cross Blue Shield,526-591-7866,2023-05-22
P_03429,Gary Thompson,1965-10-05,61,Male,AB-,(643)924-9193,"780 Jackson Point Suite 850, Shannonton",Blue Cross Blue Shield,383.809.6263x9784,2024-10-13
P_03430,Jennifer Garrison,1982-10-05,44,Female,B+,+1-890-488-3941x1981,"034 Barbara Green Apt. 437, West Victoriaside",Medicare,826-378-0404x1022,2023-08-21
P_03431,Sara Benitez,1965-10-05,61,Female,O-,001-973-414-4736x09652,"08076 Young Locks Suite 481, Lewisborough",Medicaid,(993)918-5512x114,2023-08-27
P_03432,Lori Lopez,1998-10-05,28,Female,A+,(875)542-2815x288,"833 Marvin Curve, Salazarbury",UnitedHealthcare,643.737.6903x8660,2023-09-02
P_03433,Chris Benson,1955-10-06,71,Male,O+,(640)943-1780x2093,"0956 Robinson Extensions Suite 535, Lake Dennisview",Humana,001-930-683-1640x940,2023-09-28
P_03434,Tracey Frazier,05-10-1976,50,Female,O-,791-335-9345x641,"3794 Gonzales Rue, East Morgan",Aetna Health,,2023-02-22
P_03435,Mark Miles,1967-10-06,59,Male,A-,976.543.0706x11702,"465 Diaz Well, Port Roberta",UnitedHealthcare,682-865-5397,2023-12-23
P_03436,Brandon Michael,1941-10-05,85,Male,B-,001-421-531-7530x161,"07508 Brown Knoll Suite 128, New Andrea",UnitedHealthcare,685-681-2483,2024-10-02
P_03437,Adam House,1939-10-06,87,Male,AB-,(703)659-9650x850,"958 Collins Rapid Suite 811, Romerotown",UnitedHealthcare,247.816.4666x6301,2023-11-08
P_03438,Justin Martin,2001-10-05,25,Male,B+,(754)656-9388,"0142 Cabrera Summit Suite 492, Lake Brian",Medicaid,855.655.9757,2024-03-03
P_03439,Chase Mendoza,1984-10-05,42,Male,B+,,"578 Holmes Union Suite 025, Lynntown",Humana,+1-629-401-6852x9919,2023-09-14
P_03440,Summer Santos,1980-10-05,46,Female,B+,882.330.1737x5314,"77778 Crystal Heights, South Jessica",Humana,+1-836-954-6183x6376,2024-03-09
P_03441,Connor James,1995-10-06,31,Male,AB+,+1-751-266-2662x351,"460 Elizabeth Flats Apt. 871, Theresastad",Medicaid,+1-516-950-7778x1623,2024-03-10
P_03442,Gabriel Bailey,1982-10-05,44,Male,A+,001-462-985-9634x38207,"5227 David Lodge Apt. 389, Davidhaven",Medicare,278.959.0012x526,2023-06-13
P_03443,Jamie Smith,1989-10-05,37,Female,AB-,001-377-810-2011x9349,,Blue Cross Blue Shield,887.760.7370,2023-08-29
P_03444,Sharon Morgan,1979-10-06,47,Female,B+,281.238.6129x991,"986 Smith Curve Apt. 513, Benjaminton",Humana,830.719.9896x1125,2023-02-03
P_03445,Todd Evans,1965-10-05,61,Male,A-,217-739-5266,,Aetna Health,250-355-7795,2024-03-27
P_03446,Charlene Lawrence,1953-10-05,73,Female,A+,402.674.7441x8164,"2192 Wiggins Stravenue, Francesville",UnitedHealthcare,569-280-3032x113,2024-06-27
P_03447,Christopher Malone,1962-10-05,64,Male,B+,(877)688-1519x11780,"9688 Derek Inlet Apt. 461, Lake Joshuaview",UnitedHealthcare,819-867-8332x618,2024-10-27
P_03448,Christopher Osborn,2001-10-05,25,Male,B+,(410)840-3068x281,,Humana,339-343-8522x073,2024-11-26
P_03449,Tiffany Pierce,2001-10-05,25,Female,O-,+1-901-965-9843,"2230 Stephanie Flat, East Brandon",Medicare,+1-611-912-8873,2024-01-06
P_03450,Michael Gutierrez,1994-10-05,32,Male,A+,(893)740-0093x609,"3342 Alyssa Centers, Port Angelaview",Cigna,+1-850-377-8602x489,2023-12-06
P_03451,Vickie Hardin MD,1954-10-05,72,Female,B-,254-302-7407x981,"492 Victoria Gardens, Jonesmouth",Cigna,(756)433-3871x801,2024-06-17
P_03452,Regina Ray,1987-10-06,39,Female,B+,548.320.2083x0774,"5753 Madison Plains, New Kristin",Cigna,675-437-7631,2023-03-28
P_03453,Michael Bell,1974-10-05,52,Male,B+,(558)630-9226x1213,"24955 Quinn Cliffs, Williamsbury",Cigna,(961)921-2766,2023/11/25 00:00:00
P_03454,Sandra Lee,1961-10-05,65,Female,AB-,,"853 Rogers Mall, Port Brandyfurt",Humana,001-946-454-9627x318,2024-02-04
P_03455,Brendan Martin,1954-10-05,72,Male,O+,001-737-309-7446x6269,"5813 Hopkins Glens Suite 856, New Diane",Aetna Health,(962)315-0573x380,2024-06-05
P_03456,James Pratt,1975-10-06,51,Male,A-,767.778.4431,"748 Morgan Station Apt. 036, North Anthony",Medicaid,(350)370-5835x76493,2024-09-25
P_03457,Anthony Green DVM,1942/10/05 00:00:00,84,Male,O-,545-979-2844,"67881 Howe Turnpike, West Scott",Medicare,(283)432-7448x771,2023-11-26
P_03458,Angela Montoya,1989/10/05 00:00:00,37,Female,O-,421-533-3751x8793,"2021 Kaitlyn Views, South Davidshire",Medicare,442.949.7318x21214,2024-08-01
P_03459,Kristin Miller,1983-10-06,43,Female,A-,832.973.5861x8196,"294 Janet Passage, New Jennifer",UnitedHealthcare,506-435-0264x57948,2024-09-01
P_03460,Emily Guerrero,1990-10-05,36,Female,B+,638.252.5553x44902,"2392 Ramos Villages Apt. 203, Garymouth",Blue Cross Blue Shield,856-885-2301,2023-01-11
P_03461,Adam Juarez,1965-10-05,61,Male,O-,565.316.8256,"9734 Megan Summit Suite 138, Lake Terrence",Medicaid,+1-571-887-3108,2024-06-17
P_03462,Justin Graham,1972-10-05,54,Male,AB-,+1-967-692-0670,"10109 Mcdonald Underpass Apt. 914, New Robert",Medicaid,864.623.8717,2023-02-26
P_03463,Grace Mcbride,1996-10-05,30,Female,AB+,(727)323-0840,"087 Stephanie Valley, Lake Mark",Blue Cross Blue Shield,+1-735-955-4464x664,2024/10/26 00:00:00
P_03464,Matthew Day,1969-10-05,57,Male,A-,6529057728,"3678 Amanda Port Suite 060, Tonyamouth",Medicaid,591-703-5962x1550,2024-11-26
P_03465,Eric Holmes,1963-10-06,63,male,B-,001-339-744-2708x02147,"953 Miller Manors, Davisfurt",Humana,(510)580-3682x155,2023-04-09
P_03466,Joy Thompson,1991-10-06,35,Female,AB-,001-598-291-6950x003,"32435 Whitehead Prairie, Samuelburgh",Blue Cross Blue Shield,+1-594-505-7488x96633,2023-02-19
P_03467,Justin Fox,2001-10-05,25,Male,B+,001-638-494-0859x30926,"609 Madeline Hills Suite 873, Cassiestad",Blue Cross Blue Shield,947-661-8041,2024-07-12
P_03468,Marissa Hardin,1967-10-06,59,Female,B+,001-602-828-9514x1040,"21063 Sandoval Overpass, Williamsonchester",Blue Cross Blue Shield,721.936.3862x6991,2024-01-06
P_03469,Timothy Fernandez,1972-10-05,54,Male,A-,376-267-4077x811,"63225 Bridges Rapids Suite 503, Ericberg",Cigna,(258)573-5208,2024-11-19
P_03470,Rhonda Barrett,1987-10-06,39,Female,A-,881-868-5430x857,"939 Jennifer Tunnel Apt. 976, Lake Stanley",Cigna,937-993-2719x67262,2024-08-01
P_03471,Sabrina Duran,1964-10-05,62,Female,AB+,766-769-9994x517,"356 Michelle Fields, North William",Cigna,+1-772-290-9372x876,2024-04-22
P_03472,Reginald Melton,1993-10-05,33,Male,A-,001-688-531-5523x2838,"54040 Jeremy Park Apt. 166, Sanchezville",UnitedHealthcare,,2023-01-24
P_03473,John Padilla,1945-10-05,81,MALE,B-,+1-429-398-5472x3430,"32095 Barnes Manor Apt. 090, Harveyfurt",UnitedHealthcare,611.336.4195x5628,2024-04-12
P_03474,Tasha Jackson,1960-10-05,66,Female,AB-,001-717-462-7478x21947,"91001 Tami Ramp, Ruizberg",Blue Cross Blue Shield,523.788.2911x346,2024-11-18
P_03475,Jessica Wood,1968-10-05,58,Female,A-,3054645362,"3115 Gregory Ranch, Middletonton",Medicaid,995.352.9641,2023-03-24
P_03476,Brandon Morales,1978-10-05,48,  Male  ,O-,3834253133,"3152 Michelle Road, Jenniferton",Aetna Health,+1-291-526-2514,2024-01-08
P_03477,Bryan Elliott,1948-10-05,78,  Male  ,O+,001-271-382-7021x25840,"258 Barbara Landing, Lake Theresamouth",Medicare,4038827874,2024-09-06
P_03478,Kathleen Mcpherson,1968-10-05,58,Female,O+,001-754-584-8728x14538,"182 William Roads, Mooreberg",Humana,+1-473-469-2122,2023-04-30
P_03479,Dustin Williams,1969-10-05,57,Male,O+,701-666-3929,"20324 Randall Field, Michaelborough",Humana,719.611.7675x25467,2024-02-15
P_03480,Timothy Campbell,1963/10/06 00:00:00,63,Male,O-,(754)386-4775,"77699 Amy Mountains, South Charleston",Aetna Health,(215)209-3048,2023-01-26
P_03481,Jeffrey Padilla,1943-10-06,83,Male,AB+,379-927-9760,"11492 Alvarado Lodge, Salinasport",Humana,+1-478-864-6943,2024-06-21
P_03482,Nancy Ballard,1988-10-05,38,Female,UNKNOWN_VAL,5224939847,"56838 Anthony Springs Suite 678, Sophiaport",Cigna,001-566-515-5715x848,2024-11-02
P_03483,Richard Hayes,1951-10-06,75,Male,O+,,"12708 Ryan Lodge Suite 658, Hernandezburgh",Aetna Health,818-599-0887x5674,2024-01-26
P_03484,Brian Gomez,2002-10-05,24,Male,A-,001-499-201-6642x343,"8598 Kevin Parkway Apt. 148, Port Johnville",Cigna,(645)343-6731x6142,2024/04/13 00:00:00
P_03485,Thomas Brown,1999-10-06,27,Male,B-,001-713-673-2423x380,"367 Fuller Harbor Suite 508, Staceyhaven",Blue Cross Blue Shield,(958)964-3826x447,2023-07-10
P_03486,Anthony Cortez,1982-10-05,44,Male,A+,(641)766-5712x63860,"760 Allen Well Suite 389, Rodneystad",Humana,+1-902-556-8734x99377,2024-03-01
P_03487,Alan Shaw,1970-10-05,56,Male,O-,277.646.8945,"162 Paula Ranch Suite 281, Jacksonstad",Blue Cross Blue Shield,306-619-5614,2024-08-01
P_03488,Zachary Rios,1943-10-06,83,Male,AB+,7422433881,"77872 Lawrence Underpass, Lake Dawnland",Medicaid,+1-614-605-3368x91507,2023-08-25
P_03489,Mr. Jimmy Fox,1941-10-05,85,Male,B-,+1-427-203-8765,"47076 Armstrong Crest, Sarahton",Cigna,303.555.3208,2023-08-22
P_03490,Maria Hudson,1942-10-05,84,Female,A-,(357)726-8700,"2046 Julie Pike, South Taraberg",Cigna,9275511054,2023-05-29
P_03491,Brian Jenkins,1983-10-06,43,Male,A-,(670)402-8893x6037,"83184 Louis Tunnel, South Richard",Blue Cross Blue Shield,+1-811-676-2340x8263,2024-09-04
P_03492,Caleb Hendricks,10/05/2000,26,Male,O-,(514)635-7243,"00455 Elizabeth Street, New Ronaldshire",Aetna Health,001-323-242-7348,2023-04-07
P_03493,William Rogers,1973-10-05,53,Male,A-,001-665-222-9244x50519,"25366 Webb Highway, Janicebury",Medicaid,(485)654-5697,2024-06-15
P_03494,Jennifer Garcia,1942-10-05,84,Female,O-,001-292-543-7069x35702,"522 Michael Mission Suite 732, Frenchborough",UnitedHealthcare,+1-509-675-7901x91821,2024-02-15
P_03495,Marvin Johnson,1966-10-05,60,Male,AB+,476.483.4987x2537,"635 Sharp Bypass Apt. 160, Larsonberg",Medicaid,(405)472-6303,2024-08-13
P_03496,Brandon Jones,1981-10-05,45,Male,A-,759.853.2331x725,"8178 Brad Mill Apt. 527, North Saraborough",Blue Cross Blue Shield,+1-475-778-1071,2023-05-19
P_03497,Brian Jackson,1947-10-06,79,Male,A-,439-859-0749,"1574 Conley Forest, Barrymouth",Medicaid,001-988-861-9052x1748,2024-03-03
P_03498,Robert Cherry,1980-10-05,46,Male,AB-,8936217122,"393 Booth Drive Apt. 766, New Susan",Medicare,3547040675,2024-05-19
P_03499,Mrs. Allison Little,10/05/1954,72,  Female  ,AB-,001-309-257-6232,"712 Harry Knoll Suite 730, Anthonychester",Humana,221.381.0697x0809,2023-06-22
P_03500,Nathan Griffin,1962-10-05,64,Male,AB+,235.229.0156x2993,"0517 Gregory Gateway, North Jermainestad",Medicaid,(708)248-4493x0874,2024-02-29
P_01651,Tiffany Peterson,1944-10-05,82,Female,O-,9754849391,"0834 Parker Harbor Apt. 288, Gwendolynmouth",Medicaid,001-791-808-7717,31-03-2023
P_02457,Sandra Lopez,1999-10-06,27,Female,B-,885.482.1062x612,"89260 Margaret Village Suite 249, Wilkinsberg",Blue Cross Blue Shield,595-380-6953x0203,2023-06-12
P_02233,Joshua Carney,1939-10-06,87,Male,AB-,864-890-2483,"67630 Martin Plains Suite 275, Reidville",Medicare,+1-829-213-1338,2023-04-11
P_01946,Mr. James Case,2001-10-05,25,Male,A+,001-845-373-4854x13236,"52308 Carla Mountain Apt. 349, Masontown",Blue Cross Blue Shield,252-942-0526x738,2023-09-12
P_00310,Brandy Hurley,1965-10-05,61,Female,O+,2148843991,"72362 Myers Fields, Port Michael",Blue Cross Blue Shield,442.661.9237,2023-12-06
P_02342,Yvette Mccoy,1970-10-05,56,Female,B-,772-559-4877x6126,"0002 Linda Views, Woodschester",Humana,7514713644,2023-12-13
P_01667,Lisa Smith,1975-10-06,51,Female,AB+,001-942-482-3616x0109,"821 Meghan Viaduct, North Connorstad",UnitedHealthcare,001-210-960-9784x97042,2023-08-03
P_01682,Timothy Rodriguez,1950-10-05,76,Male,O-,001-338-352-2293,"31154 Roth Prairie Suite 049, North Krystal",Humana,001-620-760-5395x432,2023-07-10
P_01188,Annette Smith,1958-10-05,68,Female,A-,891.266.7709x52185,"394 Brittany Bypass Apt. 585, Palmerborough",Cigna,+1-280-737-0377x312,2024-02-21
P_00326,Jason Butler,1969-10-05,57,Male,O-,001-577-567-5556x2833,"957 Brooks Inlet, South Donald",Medicare,787-449-6033,2024-05-21
P_01648,Jessica Perez,05-10-1980,46,Female,  A+  ,,"7048 Yang Island Apt. 231, Port Shannon",Medicaid,001-244-971-5650x37150,2024-05-13
P_02821,Michelle Nichols,1958-10-05,68,Female,A+,334.329.0380x69513,"6931 Arthur Coves, North Garyfurt",Aetna Health,999.835.7017x6319,2023-11-20
P_03176,Elizabeth Paul,1987-10-06,39,Female,A-,503.374.3275,"71537 Kevin Path Suite 427, Lake Nicholasmouth",UnitedHealthcare,508-765-4715,2023-09-04
P_00788,Calvin Paul,1990-10-05,36,Male,O-,+1-845-525-7330x90740,"68522 Marshall Summit Suite 512, Jeanborough",Blue Cross Blue Shield,999.800.5366x9332,2024-03-21
P_00558,Shelby Simon,1982-10-05,44,Female,O+,001-913-741-0389,"872 Brittany Plains, Newmanfurt",Cigna,522-240-5920x8235,2023-11-11
P_00756,Ricky Miller,1977-10-05,49,Male,O-,+1-219-884-8087x017,"52077 Jenny Centers Suite 404, East Roger",UnitedHealthcare,+1-895-379-6724,2024-06-21
P_00943,Frank Cortez DDS,2000-10-05,26,Male,O-,+1-590-518-5111x567,"57646 Kaiser Run Suite 068, New Amyhaven",Aetna Health,001-831-293-4650x2758,2024-05-30
P_01460,Margaret Miller,1952-10-05,74,Female,B+,+1-415-571-9104x397,"02425 Marc Spur Suite 310, Farmerchester",Humana,+1-844-318-7768,2024-04-26
P_03335,Michael Armstrong,2007-10-06,19,Male,A-,+1-672-838-2198x3769,"52544 Brian Fall, Holmesfort",Medicaid,907.548.3249,2024-09-28
P_02561,Alexander David,1993-10-05,33,Male,A+,(965)806-4823,"357 Ricky Corner, East Becky",UnitedHealthcare,211-668-6698,2023-09-27
P_00185,Emily Garrett,1947-10-06,79,Female,O+,307-960-9543,"0583 Kimberly River, Duranmouth",UnitedHealthcare,001-211-900-6512,2024-03-26
P_01972,Kayla Orozco,1970-10-05,56,Female,AB+,388.906.9733x82878,"52881 Stafford Court, South Caitlin",Blue Cross Blue Shield,+1-228-671-0023x977,2024-03-05
P_00315,Denise Simpson,2006-10-05,20,Female,B+,001-933-937-3204x309,"893 Lopez Path Suite 964, Lindaview",Cigna,(355)935-8512x53892,2023-12-18
P_01502,Martin Clark,1970-10-05,56,Male,B+,+1-381-358-8322x5702,"660 Lisa Rest Apt. 814, Barrchester",Humana,+1-591-578-1548x36115,2024-10-20
P_01095,Joseph Fuller,1982-10-05,44,Male,B-,001-714-338-2552x03286,"805 Alyssa Ford, Port Michelleborough",Medicaid,6672308303,03-10-2024
P_01337,Christina Murray,1943-10-06,83,Female,O+,541.442.0134x984,"0462 Wells Mews, Port Michael",UnitedHealthcare,523.662.7330x890,2024-05-20
P_00694,Tammy Lopez,1984-10-05,42,Other,AB-,5529038819,"418 Atkins Common Suite 622, North Josehaven",Aetna Health,933.454.0112,2024-08-11
P_00347,Dana Riggs,1990-10-05,36,Other,O+,2544873961,"718 Steven Square, Solisside",Cigna,+1-704-891-8727x4204,2023-05-04
P_01615,Kelsey Lewis,1973-10-05,53,Female,A+,001-504-204-4161x661,"54853 Davis Valleys Apt. 480, West Meganfort",Cigna,,2024-05-10
P_03490,Maria Hudson,1942-10-05,84,Female,A-,(357)726-8700,"2046 Julie Pike, South Taraberg",Cigna,9275511054,2023-05-29
P_03188,Allison Salazar,1950-10-05,76,Female,B+,3774890570,"88179 Green Throughway Apt. 085, West Joycemouth",Aetna Health,3152028357,2023-01-20
P_01922,Lisa Henderson,1974-10-05,52,Female,O+,+1-584-348-7949,"32206 Joshua Station Apt. 727, Jayhaven",Aetna Health,+1-256-493-2874x34205,2023-05-11
P_02351,Dennis White,1939-10-06,87,Male,A+,9138718932,"2685 Alexander Trace Suite 401, Jennafurt",Humana,(444)969-0246x66450,2023-09-25
P_00890,Wayne Moses,2001-10-05,25,  Male  ,AB+,+1-463-738-9586x417,"19991 Anderson Wall Suite 947, Padillaburgh",Medicare,001-336-984-2685,2023-01-29
P_03298,Angela Clark,1965-10-05,61,Female,AB+,+1-795-647-8836,"649 Rivera Park Suite 657, Port Jennifer",UnitedHealthcare,393-295-6799x714,2024-07-01
P_03078,Melinda Chen,1975-10-06,51,Female,A+,(644)634-7494x15673,"7332 Perez Divide, East Shawnview",Humana,+1-484-814-6946,2023-11-19
P_00171,Laura Bass,1976-10-05,50,Female,B-,6502166799,"7899 Hall Circle Apt. 695, West Patriciachester",Medicare,917.595.7602x4375,2024-02-10
P_00180,Ashley Garcia,1972-10-05,54,Female,AB-,(442)224-1246,"00461 Thomas Islands Suite 610, East Karen",Aetna Health,001-737-988-6140,2024-08-18
P_00613,Randall Hill,1968-10-05,58,Male,AB+,724.715.5369x158,"9062 Hart Lane Apt. 242, Shannonbury",UnitedHealthcare,001-433-829-5945x23158,2023-08-02
P_02241,Brandon Hernandez,1974-10-05,52,Male,A-,4242829813,"725 Rogers Falls, Mayermouth",Aetna Health,848-731-5229x30117,2024-05-26
P_01552,Gregory Graham,2000-10-05,26,Male,AB+,364.929.6172x47273,"0446 Andre Mills, Sarahstad",Medicaid,319.391.6734x2142,2024-06-08
P_03064,Nicole Rojas,1950-10-05,76,Female,AB-,+1-911-566-9218,"138 Ronald Crossing, Johnstad",Aetna Health,001-652-313-9625x5814,2023-12-03
P_00840,Sue Faulkner,1971-10-06,55,Female,B+,280-562-4755x52672,"702 Ramsey Creek Apt. 056, Williamsshire",Humana,8579112181,2023-03-20
P_02091,Terry Howard,1975-10-06,51,Female,B+,001-261-468-9149,"03082 Robinson Meadow, Lake Victoria",Medicaid,467-456-9654x20958,2023-09-22
P_02072,Mrs. Leslie Ward,1943-10-06,83,Female,O+,(646)629-5672x30855,,Cigna,776.988.3849x16971,2023-04-26
P_00027,Paula Diaz,1986-10-05,40,Female,B-,(790)892-7557x1928,"431 Jill Parks Suite 814, Janeborough",UnitedHealthcare,+1-747-331-2172x715,2024-06-16
P_01923,Robert Guerra,2007-10-06,19,Male,AB+,(408)834-5037x350,"2617 Miller Vista, Christopherside",UnitedHealthcare,+1-422-587-0021x3613,2023-04-25
P_01860,Melissa Holt,1984-10-05,42,Female,AB+,(949)837-1041,"510 Debra Turnpike, South Joshuaton",Aetna Health,001-840-239-7621x1880,2023-02-05
P_00681,Jennifer Smith,1970-10-05,56,Female,A-,+1-448-486-8656,"822 Jennifer Alley Apt. 832, West Jason",Blue Cross Blue Shield,(888)656-8467x67809,2023-06-17
P_00033,Brian Butler,1953-10-05,73,Male,B-,809-474-9930x9728,"91307 Barnes Loop, South Warren",Medicare,+1-470-928-3857x865,2023-05-31
P_00071,Ashlee Mitchell,1957-10-05,69,Female,AB+,+1-256-446-7997,"2996 Randy Isle Apt. 074, Andrewport",Cigna,547-913-2475x4691,2023-08-01
P_00323,Andrew Mendoza,1969-10-05,57,MALE,B+,730-962-1136,"9083 Jenny Cape, East Matthewview",Medicare,(357)530-6624,2024-08-11
